text,rating
kulu kulu,5
baik,5
bisa neg mention,1
mudah mudah rezeki biaya hidup,5
bagus,5
ananias simon malakabu,5
ok,5
aneh buka kolom jaring,1
i cant register always try again,2
terima nama abdul yasmin sorot dunia,5
google payments privacy notice last modified november the google privacy policy describes how we treat personal information when you use google products and services if you are under the age of you can find additional resources the google teen privacy guide google payments is offered google account holders and your use of it is subject the google privacy policy addition this privacy notice describes google privacy practices that are specific google payments,5
bagus neg,1
moga slalu sukses canggih,3
kurang iklan,5
excelent,5
tolong ajariysaya alam terimakasih,5
mantap,5
keren,5
moga sukses capai,5
bisa neg minggu semenjak habis post portofolio mari periksa aman cepat fakta mohon bantu,2
curi potong saldo dana,1
kotak black screen ganti sandi ulang,1
muas,5
linkedln depan koneksi whatsapp mudah obrol cari kerja beri kerjatingkatkan fitur depan guna bagusbaiksemoga bagus amin sukses depan maju,5
mantap,5
masak saji makan makan tamu,5
bagus manfaat,5
good,3
bagus,4
susah lag parah mohon baik,1
bantu guna,5
,5
platform konsep aman tolol tau bisa kena batas permanen bikin verifikasi persona dipake nama paksa biar data pribadi gitu verifikasi nunggu loading abad hadap captcha tolol,1
bahasa indonesia andi mijriana gula merah,5
akurasi cari kerja top,5
oke,5
pamer posisi curhat,1
bagus,5
tolong bantu tutup hapus loading fungsi neg maksud tolong bantu hapus linkendin susah langsung hapus susah terimakasih,2
notifikasi nonaktif mari laku periksa aman cepat banget jam muncul neg bener,4
good suka,5
amazing,5
verifikasi susah warga negara indonesia milik neg passport ktpsim verifikasi warga indonesia,2
mantab,4
bagus warna tampil sederhana tarik info guna nal gabung tim tim hebat negeri tambah komentar tombol terjemah bahasa mudah erti bahasa mohon maaf terima,5
bantu,5
cocok samping,5
manusia,5
bagus,5
okbos,5
keren media anotasi ai,5
susah buffering jaring bagus,1
baguss,5
good job,5
repot paksa masuk linkedintapi respon cepatbikin neg susah habis,2
bantu koneksi bisnis,5
terlalu neg manfaat ntah paham guna repot terkadang suka melihatlihat kerja banyak loker palsu putus hapus terimakasih,3
usefull,5
manfaat tambah wawas alam,5
cari kerja,5
bantu informasi kerja cari,5
busuk cokmau verifikasi email susah banget,1
loading mulu jaring lancar tungguin sejan kelar neg kelar,1
ribet tolol gagal blokir banyak atur bagus,1
p z,4
lumayan,5
okay,5
periksa cepat ulang ulang lodingnya jelas neg,1
ari rahayu,5
loginnya susah sumpah bikin emosi masukin nomor hp nomor bisa neg pakai ganti nomor hp sampe kali bisa neg pecahin teka teki pilih bilang kosong pilih emang gila bikin badmood,1
kreeen abiss,5
jarang buka kena batas verif ribet kali verif buka neg,1
logout tutup,3
aplikasi bagus banget samping uang jajan pokok rekomen banget kerja samping ajar uang jajan tambah,5
bagus,5
akses data pribadi hapus bug masuk,1
gabisa upload,1
linkedinsangat bantu cari loker,5
sanggat guna,5
jelek banget dah verifikasi identitas error persona aneh aneh suspend salah neg sumpah aneh banget dah kadang loading sampe abad dah periksa,1
bveaqis,2
assalamualaikum,5
x hack negeri verifikasi hubung nomor handphone email verifikasi,4
duit tarik dana,1
good goosss continue teransfaran for below alias zaini muhammad zaini,5
good apps,5
,5
uang ambil,1
aman pas mereset sandi bisa neg ganti salah koneksi,1
lowong uptodate,3
moga informasi akurat manfaat penguna,5
dpt neg kerja satt,1
pake ktp curi data online neg langsung hibernasi emang paksa guna aktif tolol nggak nyampe,1
ok,5
audah,5
teases mee get the chance iw,5
tolong baik bug aplikasi banget bug benerbener bisa neg gunain,2
mudah luas relasi,5
worst,1
bisa neg hp ku,1
senang sambung dunia profesional dunia update tahu dunia kerja,5
alhamdulillaah baarakallahu fiikum,5
bantu koneksi bisnis lancar,5
taiii anjimm gw pulihin di neg gubris gubris minggu,1
gabisa masuk pas captcha gambar kali kali ulang,3
suka bug tayang profil naik neg like konten naik neg refresh muncul update neg update neg cari loker suka naik neg konten bagus aplikasi,1
bisa neg masuk verifikasi,1
best,5
nyaa uji sabar udahh kali besok huftt capee nyoo lamaa,4
,5
flexing pacar cari kerja susah banget sebel apasih jt kerja,1
good,5
busett dah cok daftar susah muter dikemananan niat sih neg bug gin difiks neg pdhl ngeluh tau susah nyari kerja diindo tambah gin mulu nambah stress harap mulu ama ginian mulu kuar lingkar setan,1
mohon baik apply sesuai atur apply mohon direset baru mohon kembali setting cari kerja,3
tot,1
susah banget verifikasi bug aneh mudah akses masuk,1
gatau hack gimana nomer hp ubah gabisa,1
dah tibatiba nonaktif gitu muter muter mulu,4
lampir perihal dfhaljkl,4
daftar ada neg kecewa bagi ilmu rekan profesi tambah wawas terima,5
,5
jelek bug,1
daftar ngk maaf mulu maaf salah silah gw gitu mulu,1
uang k info chat alamatkehiduan guys,5
,5
the so slow verify fasr security it aint work at all when i forget my my password,1
daftar gabisa,1
waaaaoow asyik,5
bisa neg hasil postingan kolom cari tolong baca komen tolong baik bikin susah,1
profesional bangun sadar mahasiswa kreatif produktif,5
guna neg bisa neg daftar cs website ig lempar lempar bad layan bad bad,1
tbtb bayar otomatis rb,1
like,5
cari kerja mudah mudah manfaat,5
jlek nonaktif ape,1
semangat,5
mantap,5
bisa neg buka,2
cerita bagus,5
guna,5
verifikasi chaptha diupang maksud benerin lahh sulit,1
jelek banget susah kyk babi,1
buruk susah sulit periksa aman cepat sesuai neg tulis cepat lamban koneksi internet memori lancar ada neg kendala internal perangkat internal error coba bagai perangkat hasil ada neg ubah aju repoke playstore kecewa,1
bulan bisa neg masuk baik,3
good hubung profesional,5
bagus,5
bantu job seeker,5
linkedln sya bagus,3
stuppid,1
bantu karir,5
bisa neg verifikasi boot jelas neg,1
bakrie contruction site manger medco coridor,5
masuk bisa neg sampe periksa cepat bener neg,1
ok,5
mangkin aneh,5
mantap,1
diupdate masalah,1
oke bantu,5
bagus bantu tambah aktifitas hasil,5
iklan youtube,1
koneksi dg rekan,3
mentokkkkkk,1
ae angel e ampun,1
urg,3
periksa aman cepat gimana si aneh banget,1
tolong kembali uang tarik otomatis dana nila sengaja neg pencet fitur langganannua mohon kembali uang karna butuh,1
gilak cari uang halal jgn nipu,1
bisa neg connect duolingo,1
moga manfaat,5
my account got restricted,1
tolong baik bisa neg masuk ganti hp masuk bisa neg,1
full,5
bug update,3
the application is very good it keeps updating but the bugs are never fixed so whats the point of updating continuously,1
top,5
bisa neg masuk tunggu aman gitu,1
susah,1
ipandi,5
takut,1
bantu,5
cantum nama muhammad isro noor masuk neg usaha fakta,1
bantu dengab adanaya,5
periksa aman cepat lambat,1
amazing have more excited story,5
masuk susah data bobol bagaikana linkeln,3
senang koneksi profesional cari kerja kecewa postingan kait kerja kena shadow banning teman batas minggu harap baik ada neg alami jadi,4
bantu skali,5
bisa neg masuk tolong baik,1
aneh bisa neg lg,3
stres bikin bisa neg email nomor smaa salah nama bikin ilang tolong bijak,1
tahu neg guna,1
,4
errorrrr muluu oyyy,1
bantu dunia profesional personal branding,5
email mohon buka,5
faedah neg langgan mahal,1
mantao,5
is truly one of the best platforms for professional networking and career opportunities it makes job searching so much easier and more effective even across countries and continents a great tool for connecting professionals worldwide,5
loadingnya kali jam hasil cape nunggu sumpah,1
oke,5
bom dapet kerja,5
ribet verifikasi id dah tetep gabisa kocak,1
mualai sulit,1
daftar ko bisa neg,3
guud,5
,5
kurang boros kuota,4
its ok,4
i deleted because i was forced verify it which costs money,1
cost consultants consulting quantity surveyors,3
oke mantul,5
untung,5
bisa neg upload foto profil ganti gaes bisa neg upload foto alas neg gimana tuh,1
tolong bantu,5
super apps trully linked your circle network koneksi and silaturahmi best ever had and showing off on search engine as valid legitimate apps,5
hilang fitur baru video reel loadingnya,5
periksa aman,1
bagus sharing lowong kerja,5
susah,1
gabisa loginpadahal jaring aman gada kendala,1
gagal verivikasi ktp cahaya gambar,1
bantu pennggalaman,5
opsional,5
sampah lamar hiredtoday pas ujungujungnya langsung aada tulis dapat neg temu halaman asli mah sampah bangett mending hapus playstore guna neg jugaa auto uninstal busuk,1
belibet susah,1
bantu usaha,5
aj sulit bisa neg kacau bugg,1
verifikasi data lambat responsif neg lambat,1
ajar kembang komunitas positif,5
iklan ganggu,5
cari kerja dgn tampil easy interface,5
jos jisht,5
mari laku perisa cepat cepat apa jam gua nunggu muter muter loading programer auth verifikasi ganti gua,1
bagus informasi butuh cuman kurang jg susup tipu posting job seejers jerat korban depan harap tolong bs filter tipu rugi cari kerja negara australia tipu tawar kpd gani tggi uang nilai sedikit neg dgn alas buat visa kerja tolong perlu neg terima kas,5
alam kesalahn sistem salah tsbt kalian neg akibat bisa neg,1
periksa aman cepat,1
mudah cari,5
beneran ntar neg hoax gw klo bener gw kerja gw,3
cant and cant receive verification code mobile number maybe bankrupt,1
kren muas,5
hidup harap,3
tolol kah brp kali dw ulang ttp bisa neg periksa aman pake kuota sinyal bagus baik jelas neg banget aplikasi,1
thn pas thn buka susah loding banget,1
jelas neg banget cok verifikasi pake ktp bisa neg tolong baik,1
oc,5
yha,5
bisa neg cari kerja postingan kolom cari muncul angka total postingan muncul neg postingan mohon baik,1
bantu info kini,5
menu tampil postingan error bisa neg tampil postingan kalang,3
bisa neg filter postingan apply kerja mudah banget,3
fitur hasil search postingan muncul neg search kunci jakarta hasil postingan ada neg muncul,1
bagus,3
all information is good and very useful,5
bisa neg verifikasi pas masuk verifikasi gmail eror bulakbalik,4
perinci percaya,4
ulang karna hp restart pas gilir verifikasi persona kirim minta cek kala gitu tolong baik gimana edit minta verifikasi diperiksaditerima coba masuk suruh foto id tp pas foto kirim minta sampe csnya cari ada neg bikin lapor dr webnya karna bisa neg bikin lapor,1
sampah ribet,1
robot jebak topeng purapura,1
gjls gabisa ngestuck periksa aman cepat,1
manfaat cari relasi,5
kagak untung pas download posisi kerja donlot ken dpt peluang kerja tp isi post loker bodong email kagak da respon isi flexing jabat ngeluh update status nongol wallujung kerja belah,1
ajar,4
jujur bantu,5
temcamsct,1
mudah mudah kerja,5
dah pas pake email teka teki pilih visualsuara bener ulang teka teki mentok situ mohon baik,1
pindah pas masukin google knp layar putih ku tunggu tolong maksud,1
bisa neg karna tolak akses trus,1
tolong tingkat,5
aman data buruk bobol asing masang verifikasi langkah lagi neg pakai ampas hati hati pakai mending pakai jobseeker,1
akun sulit,1
bikin x ganti email ganti nama ganti foto bakal neg ujung verifikasi data verifikasi id ktpsim hasil ujung zooooonkkk buang,1
jelas neg curi data pribadi sajah hati hati kena hack retas fi batas permanen detai data identitas pribadi batas kecewa parah curi data identitas guna tutup guna selesai neg tolong jual data,1
ribet ulang masuk neg mentok tulil,1
bikin sampe x kena restricted gatau mana verif identitas gabisa nyusahin connectionnya hilang gitu,1
rasa neg langgan dana tarik tolong solusi refund,1
,5
,5
guna neg,1
nice platform sosial media for job search,5
kudu selesain captcapas jawab bener ulang lagidungu emang,1
ajar,5
batasidan ganti nama setor identitas resmi bahaya nihh,1
sesuai data mas blok usaha gagal kecewa salah info,1
periksa aman cepat nge stuck situ gimana mw cari loker situ,1
kau judol data,1
umur th cari loker soper pribadi,5
poko bintang,5
alam bidang interior kerja plapon,5
mahal harga upgrade premium dr harga jtkita cari loker buat neg buang duit,5
good aplication,5
super,5
tolong balikin uang duit dana tibamelakukan bayar uang makan keluarga tolong kembali,1
bantu jembatan,5
informasi lengkap,5
mantep,4
tulis mari periksa aman cepat haya henti situ tampil neg apaapa bisa neg ada solusi plis tolong respon fatal bangay suruh upload dokumen maish nghk tahun lohj,1
buruk tibatiba batas proses daftar baru sulit,1
bisa neg,1
bagus luas cari lapang pekerjan,5
manfaat bantu,5
susah verifikasi nonaktif konfirmasi neg guna,1
bisa neg mendownload,5
excellent,5
error terusss diupdate ttp bisa neg buka tolong team bantu,1
good aplication,5
bantu banget cari kerja sesuai sklill alam dabest linkedln,5
good nice,5
gimana kena ban,1
this application is very important for me it helps me a lot looking for a job basically stars for this application,5
rumah tanga,2
premium mahal banget posisi cari kerja jta umrumk cuman jtaan,2
rekomended,5
nice application for find relation or a jobs,5
verifikasi ribet banget ktp chip sim pilih bilang cuma neg paspor gilir ktp sim scan paspor fungsi scan pake nfc benarbenar buruk,1
allah uang tarik otomatis dana nila sengaja neg pencet fitur langgan nyasaya mohon kembali uang sayasaya butuh,1
the best,5
tangguh alas jelas neg laku neg langgar sedikit kode verifikasi identitas dapat neg kirim alas minta pertanggungjawaban milik customer service customer service guna neg abai pesan kirim,1
the best,5
alimanten,4
mantap,3
good application,5
bantu,5
rampok iklas neg uang bayar sekolah anak curi izin neg pernah neg laku langgan tibatiba potong saldo ridho neg iklas neg dunia akherat,1
top,5
bisa neg auto email google suruh masuk bisa neg,1
ngotak neg harga langgan atas juta,2
bantu jobseeker,5
keep it up,4
,1
sistem aman linkin bahaya hack otp kirim email akses,1
aplikasih bahaya,5
mantab,5
verivikasi kyc bisa neg akses haduh haduh ribet urus ngirim form bisa neg tembus tau neg gimna bingung kirim pesan gmail tanggap payah siasia verivikasi wajah ktp batas pikir kyc batas percaya kata ribet urus,1
pernah neg bantu,1
ngak install ud kali kali tp kena bug,1
jelek bisa neg sinyal bagus,1
asa download kagak dah,1
mudah mudah cepat terima,5
eror,1
politik bela masarakat,5
tips batal p njaman uatas hubung live chat wao alas batal siap data ktp ikut langkahlangkah batal instruksi cs jam,5
aplikasi keren banget hubung dunia batas neg,5
bagus koneksi rang guna cepat internetnya provider indonesia nggak kencang internet buka halaman satu internet kencang susah klo gitu kita,5
bug di neg fix,1
guna neg sistem eror mau neg daftar pokok guna neg smaa,1
bisa neg berkalikali verifikasi ngapangapain neg batas,1
udha berikn capca bnar salah,1
wartawan milik alam media cetak siar digital,5
un,1
very smart,5
apa neg apain nonaktif hadeh kocak,1
jarang pake device sulit reset sandi ujungujungnya verifikasi identitas,4
jelek perangkat hilang bisa neg akuj,4
okey,5
pakai internet mudah cepat,4
jelas neg salah sandi bener verifikasi sampe pake ktp salah gabisa gembel,1
moga apl bagus depan,5
lot banget malam,1
admin proses bayar kita neg tanggung pernah neg mesan bayar saldo langsung ludas potong,1
sistem mohon baik kena bug verifikasi kali salah sistem bisa neg mohon tingkat sistem baca tolong like komenan up baca,1
bantu,5
bagus bantu cari kerja tolong lulus sma,5
knp nonaktif bikin laku neg langgar apa tolong kembali,1
buruk milik batass masuk neg akal,1
flexibel,5
keren maju smart,5
senang informasi manfaat,5
banyak eror pdhl email tp tulis daftar kirim undang connect orng tp masuk neg klo ku empat,1
fleksible,5
bagus tunjang kerja pasti ngelinked inkan dg profesional,5
gimana nge refund beli langgan saldo sedot tolong kembali saldo,5
baik kali tau neg sebab,1
baik atur tempat alatalat tulis pisah bentuk tulis corp good luck repair,3
good,5
gajelass ngisi data maaf salah linkedlntyd minimal benerin apl kaya gin lulus play store,1
titid problem tutup aplikasi,1
kampung,5
parik mebantu hubung,4
sangatsangat ngebug bisa neg,1
security checks sulit guna,2
good job,5
gagal upload pea,1
dongo pas verifikasi bot neg pas pas ada neg beda tolong,3
nice,5
baik,5
lolaaabug parah baik mudah komplen,1
basam,5
batal premium bayar otomatis potong saldo pemberitahuan neg refund uang lanjur potong mohon info,1
tolong verivikasi looo laku tentu macem neg platform kenal ribet neg iya janganjangan kau tipu verifikasi data,1
dpt neg ap,1
susah cari kerja,1
bagus nyari info,4
alam ikut praktek kerja lapang salah pkspabrik kelapa sawit mekanik tyre salah tambang,5
,5
bagus ada neg kendala,5
bisa neg,1
lolos lolos seleksi alam lop,3
usaha swasta wajib data legal,1
tani,5
kerja marketing,5
susah,1
daftar suruh ngisi nomor hp ngisi kode verifikasi eh kode kirim kirim ganti nomor tetep kirim neg pindah sms telfon tetep ada neg tolong bantu gimana bulan nunggu kode verifikasi dapet kali kali daftar tetep ajaa ada neg satu kode verifikasi masuk,1
tolong banget bisa neg masukmasuk berharihari pencet tombol verify with persona muncul notif tulis youve already submitted a request gitugitu sampe ganti presiden laku kirim data masalah help website resmi ngedm x tindak tolong selesai bener terimakasih,1
ribet verifikasi stcuk masuk kode otp bikin simple ribet pasti verifikasi jalan,1
nonaktif urgent buka,1
sengaja neg langgan saldo potong aju refund google harap refund saldo butuh uang bantu kerja boss,1
errornya,1
dhau hare foto ne hau hakfodak x hau hanoin kal avo nana haluhan los ami no familia nebe uluk luta mos ba avo nana nia poltika atu lori timor ba ukun ann tiu nando ho naran konhesido c lori tas mane chefe no cf ba organizasaun colimlau fzthau hnia maun alin sira nebe sira oz oraganizasaun colimau mak hanesan armando alias kipar tiu mantos alias sakunar no tiu martinu no sira seluk tan nebe hau temin iha nee nia oin quaze hanesan ho avo xanana deit dala barak ema,4
bagus responsif,5
lumayan,5
ngapa neg linkedln nonaktif ganggu aktivitas,1
buruk aman aman guna buka appnya terang data ikutin alur verifikasi persona gagal upload ulang kali hapus kesal butuh bisa neg baik guna hapus ada neg,1
baikbaik,5
pabrik kelapa sawit,5
ari fikri,2
dibatasin mulu,1
mudah hubung personal profesi,5
suruh tekan email kirim ada neg apa sulit,3
ok ok,4
loading very speed up,5
bantu cari lowong kerja buat cv mula,5
proses pulih responsif neg coba hubung platform x ada neg responsif verifikasi data ada neg maju stuck bulan masuk neg akal kelas organisasi lambat proses adu guna cepat tanggap responsif pulih rubah nilai,1
jelas neg blokir mulu nyusahin verif kode kirim neg kirim nyusahin doang ngebantu neg,1
jelas neg tolol apl ribet banget pas bikin profile,1
daftar ribet verifikasi nomor telepon gagal,1
persona bisa neg verif bisa neg submit,1
manfaat,5
ada neg cs dikit dikit batas et dah capek banget gua nunggu buang,1
tolong balikin duit ada neg info biaya potonganmya rb ambil tau potong kek gin bakal neg pake taiii balikin duit cepetttt hati hati pake duit dana habis ambil,1
eror daftar susah trus bisa neg,2
bisa neg tutup nonaktif bisa neg ubah password mohon aplikasi sempurna,1
salah mulu anj,1
bosen kena batas susah gabisa kayak batas ribet ku hapus,1
sukses sukses linkedln,4
tolong baik hrus verifikasi kode dr emailno telp tidk hrs suru klik notifikasi pd sudh krn tuju otomatis device trims,2
bisa neg verifikasi identitas ktp indonesia ktp dokumen resmi keluar perintah paspor sulit negara indonesia bilang masuk neg daftar harap guna hapus,1
bagus,5
android icon hilang,1
ingat neg,1
hp suruh konfirmasi hp hp ganti neg hp blas edan aplikasi,1
biaya langgan mahal,1
im truly grateful for thanks this i was able connect with the right people and land my current job its more than just a professional networkits a place full of opportunities and support for career growth,5
uda isi data besok nonaktif suruh selfie foto ktp tp beku fix scam jual beli data transaksi ilegal,1
tolong donk baik tp sesi ubah sandi bisa neg tolong baik,2
senang,5
knp disurh mulu padahl mlh bisa neg alas dibtasipusing allah kaya gitu mulu,1
woi reset password sulit tinggal kirim via email susah si notif muncul neg woii,1
hello i hope that the very high level of privacy for each user is further improved by the way it works if we block the user account it will automatically block every linked search engine and even all emails on the device i really need it please improve it immediately thanks,4
tibatiba force close buka tolong baik,3
manfaat,5
baik sistem block pilih,1
jelass neg gimana jelas neg data masukin foto ktp selesai eh masukin suruh verifikasi ktp sampe bisa neg verivikasi sampe terang kirim minta sila sampe terus,1
mohon baik di neg batas,5
payah loading,1
tolong update tolong fasilitas lapor tindak,3
pt big,5
gw blokir gw lupa uda gw gbs skrng uda kerja dah lupa blokir gara inti ulang susah,1
persona kali coba tetep nggak,1
good jobs,5
bisa neg buka,1
mula,4
hubung profesi beda bagi alam tahu,5
sumber data bagus,5
tolong refund komfirmasi,1
gabisa masuk gmail satu kirim code masuk neg verifikasi tulis kirim,1
buruk verifikasi langkahterus nonaktif minta neg kode email kait alhasil kena hack,1
connection ada neg notif,1
ok good jobs,5
tolong baik bug verifikasi persona reset password bisa neg notifikasi dinonaktifkanakun batas tunggu minggu verifikasi persona diacc neg kirim national id driving license pusat bantu ada neg kabar cs temu neg indonesia alami tanggap neg turun percaya user aman mudah,1
luarbiasa,5
mudah jalin koneksi milik minat kerja,5
bs neg masuk mainteka teki bs neg masuk tolong,1
bail,5
pintar bantu pekejaan,5
busuk pasu kode sesuai autentikasi terang sesuai neg ampe block payah guna neg,1
batas batas verifikasi bisa neg,1
mahasiswa kedapetan tugas fakultas kemaren apa neg masuk bisa neg senior ku gimana susah susah loh buat nyari temen koneksi khianat usaha,3
henti authencator bisa neg masuk,1
bibit kelapa sawit lc tanam sawit,4
hai tolong kembali dana dana potong dana coba kembali dana bisa neg tolong kembali pernah neg langgan,1
tibatiba langgan bisa neg refund hubung costumer service tahu neg mana uang,1
kali nonaktif selesai masukin data besok bisa neg tolong baik,1
bisa neg verifikasi mohon bantu,1
bisa neg hp untung laptop,1
moga manfaat guna,4
tolong kembali dana sayatolong bantu kkkarna memakainyadan neg dana potong otomotifsaya izin neg transaksi,1
daftar bikin susah jaring stabil isi data sesuai masuk suruh maksud,1
pakai hp reset tp sulit masuk persona tetep verifikasi email nomer hp dilakuin bisa neg masuk,1
mau neg sebenrnya hak cuman ada neg opsi ada neg jele banget sistem manusiawisaya neg dah cuman masalah mimin tll buatbuat mudah tolong jgn lambat kerja tll,1
pas daftar tulis maaf salah silah,1
jls neg verifikasi cepat pdhl,1
kenapaaplikasi linked bisa neg dibukasaya kevewa denganpelayanan datrilinked,1
,5
bagus bantu cari kerja,5
bagus cari kerja moga berkah kerja kawan cari kerja,5
taik ad transaksi otomatis ad neg langgan saldo dana langsung hilang,1
error tibatiba nonaktif berkalikali masalah,1
gabisa masuk pas nyoba verif persona tpi gabisa,1
bisa neg stupid,1
gatau alas bisa neg buka suruh ulang pas pesan batas gabisa buka tolong,3
bangun relasi luas,5
alam baik kenal kerja,5
moga berkah,4
nyari kerja non aktif apas,2
sambung koneksi pending tolong optimal,1
bagus manfaat,5
cobasemoga bagus,4
parah banget neg scan wajah ktp pas tetep bisa neg mohon data pakai terima,1
good inspiratif,5
mantap bro,5
sulit,1
hello i would like ask for a response from i am requesting assistance regarding my account i have contacted you via email facebook and x but there has been no response,5
sanget bantu cari kerja,5
bravo,5
tolong baik bug minggu beres isi data dipake buka aplikasi akun gabisa buka alas nonaktif batas verifikasi identitas persona proses sampe akun isi persona tulis edit alhamdulillah akun,5
salah,1
bisa neg buka lapor ntah mana,1
tutup tolong konfirmasi,3
ngestuck captcha,1
di neg download ko tagih kirain ngerasa aneh pernah neg langgan pas baca ulas parah,1
tingkat bagus,5
bisa neg masukmasuk,1
tolong jgn tbtb batas hari bikin besok gt,1
kocakkk bangett nonaktifkanpadahal laku neg apapunkocak asli hadehhhhhh,1
kena hack tanggal agustus penting kena hack mudah laku verifikasi data ktp sim proses mesti nunggu dipake linkedin neg data,1
bagus,5
moga manfaat,5
barusan ubah nama foto alam instansi didik lainpadahal pertemanandm milik sayabug jelek privacy aplikasi dibenerin tolong,2
jalin mitra kerja buka peluang bisnis usaha share informasi komunitas benua,5
guna ges cari lowong kerja bray the best pkoknya linkedln hehe,5
mantap sesuai,5
proven and fluent for professional at its community,5
payah bisa neg daftar verifikasi capchat mulu hasil rekomended neg ni,1
rusak ulang bisa neg kecewa,1
bisa neg tolong dibenerin henti verifikasi kode captcha ulang kali bisa neg,1
bagus is,5
rasa neg coba gratis kemarin bayar tahu neg mohon dikembalikn karna ada neg niat langgan premium tks,1
ada neg dapetnya iklan kerja neg,1
allah tolong kembali uang tarik otomatis dana nila sengaja neg pencet langgan tolong kembali uang butuh,1
bagus,5
bagus portofolio,5
banyak verifikasi,1
log out dr perangkat konfirmasi neg pas ribet ngirim kode konfirmasi akhir nomor tp punya neg nomor dg akhir email passwordnya pake kirim nomor rumit,1
jujur alam dengana sungguh aneh mana verifikasi becus neg remind account jelek kendala buruk buat account,1
validitas data percaya,4
great,5
moga kerja platform,5
platform bonafid,5
jelas neg nomor aktif bisa neg pake nomor tetep bisa neg jelas neg banget,1
ban alas neg,1
fitur bagus,5
bisa neg bikin error mulu,1
cari relasi,5
,5
kadang lambat loding buka ganggu jaring eror aman manfaat,5
pro,5
bisa neg akses muncul notifikasi kode pin email aman neg,1
tolong kembali uang dana sedot nila juta ovo telusur transaksi linked tolong iktikad baik kembali,1
mantap,5
ajh gagal verifikasi data suruh gilir klik tombol layar putih ajh diclose gagal salah kocakk,1
jujur kecewa uang dana hilang fitur langgan rasa neg langgan tibatiba saldo hilang dana ribu aju kembali dana respon tolong kembali uang jujur kecewa,1
tolong refund langgan rasa neg langgan,1
relasi,5
istimewa,5
kecewa linkedln dikit dikit muncul langgan chat guna premium langgan chat tolong semua neg bayar,1
pintar loh ka sunguh an masuk neg akal nyata kecangihan internasional gin ka organisasi gitu serius loh nyata koq hilang nyata kaka binggung koq ketemu organisasi cangih tanya koneksi cangih eh hebat gitu,5
bismillahirrahmanirrahim kerja,5
baik percaya,5
assalamualaikum selamat siang mohon kembali uang lupa me non aktif beli langgan rb tolong kembali uang milik neg uang uang tahan,3
tayi,1
keren,5
bisa neg buka,3
error nggak,1
nice and full of knowledge,5
bad gabisa kocak,1
your system is incredibly frustrating for users all three of my accounts from the first the third have been restricted and im having great difficulty logging into my own account its illogical have an account restricted just one day after creating it and youre forcing me complete persona verification ive already done it but i still cant and i desperately need access for work,1
apas gabisa anj bikin gabisa,1
alami rusa,2
bikin hari kena nonaktif ada neg curiga alas neg sangan buruk,1
tolong verivikasi tambahin kartu identitas semua neg paspor tolong banget tolong verifikasi susah,5
batas laku neg langgar apa,1
suruh verifikasi dowload handphone pesan lol your network will be back soon weve notified our operations staff that you are having a problem reaching well get you reconnected soon kendala ada neg haha,2
nyoba masuk tpi lanjutberikutnya bisa neg jaring bagus masalah neg,1
buka coba informasi nonaktif pernah neg langgar tentu laku coba web coba system identifikasi persona buruk proses indentifikasi seolaholah kartu id negara deteksi neg persona alam buruk guna bas kerja umur hidup,1
coba langgan gratis tbtb potong otomatis langgan premium aju refund terima email sesuai neg tentu mohon bantu,1
halo tim linked aju keluh kait potong saldo rp google play langgan premium pernah neg tuju sadar jarang,3
periksa ribet,1
bisa neg masuk,1
mantap moga hasil,5
bisa neg,1
oke,3
uang tarik rb langgan langgan neg mohon bantu uang nominal lumayan,1
daftar ngak tolong,1
now we have entered the era of ai agi and ai asi i hope linkedln continues improve and increase its capabilities become a super ai a super ai that can do anything that exceeds humans an ai that can improve and repair itself an ai that can analyze and structure documents accurately and detail make training on itself or the output that will be produced an ai that can be fully integrated into the entire system an ai that can be fully integrated into humanoid robots,5
bisa neg masuk bisa neg daftar milih verifikasi bisa neg masuk aneh banget,1
,5
tunggu sebentar,5
bug,1
bisa neg aksesketika aju keluh respon lambat minggu,1
mau neg buka,1
bantu cuma neg dar informasi kerja wawas kaya disiplin ilmu bidang tekun,5
susah,1
moga informasi,5
bisa neg henti verifikasi identitas persona kirim minta sila minggu kembang tolong bantu hubung dukung bisa neg ayo lahhhh,1
its a very helpfull,5
bisa neg isi kode verifikasi halaman x gtu btw,1
bisa neg buka masukin data eh bisa neg livechat ada neg email ada neg ada neg urus,1
,5
manajemen ngak peduli penggunanyasaya pc dibandsaya aju aktif bulan ngak kasih solusiya mohon maaf hapus silah hapus yangk ush batas silah hapus,1
captcha baik verifikasi selesai suruh ngulang puluh kali masuk neg,1
bantu,5
ah susah,1
bagus bantu,5
manfaat cari lowong kerja negeri,5
thank you for giving me the opportunity participate good luck the team and the project,5
llinkedln bagus jaring kolega teman informasi kait kembang usaha indonesia reach,5
konek ban diangggap bot,1
gabisa masuukkkkk,1
bisa neg akun usaha bisa neg email sandi pernah neg ganti device bisa neg solusi admin update bagus bobrok,1
salah stp daftar,1
rusak,1
jelek eror lot guna neg guna neg,1
mantap boss q,5
lingked id pernah neg beli apa kemarin potong saldo dana tahu neg kembali saldo dana di neg respon mohon kawan kawan bantu viralkan biar banyak neg korban,1
cacat susah perangkat mobile,1
hp install ulang setel pabrik sangkut bisa neg hp,5
bagus tarik aplikasi,5
ok tank you,5
sulit daftar,1
application that used extend knowledge and networking,5
bagus,5
is good,5
good,4
kena disabled x ngapa neg suruh scan id ktp bisa neg detect apa pas nyoba disabled akun kocak,1
aneh linked makan memori update buka,1
ulang masuk dalam google arah manual email passwordpun ttp hasil pdhl sesuai kode verifikasi,1
good,5
tambah menu arsip foto video,5
haduh eror mulu uda versi baru,3
lumayan,5
,5
senang nambah wawas,5
membantuterima,5
bantu jalin kerjasama,5
susah,1
sempurna,5
susah,1
rusak applikasinya,1
aneh bisa neg konek anjir,1
nala gabisa masuk gabisa follow gabisa cari,1
masuk ribet donglod ngabisin data ngak guna,1
bisa neg tolong tangan,2
mantap informatif raja,4
masyaallah terima bantu informasi moga bantu antara moga diri manajemen karyawannya sihat jasmani rohani rezeqynya cukup aamiiiin,5
moga kerja apps,4
manfaat dunia,5
koncet minus ngisi captcha bener respon kode valid neg isi koncet minus mending stop ajh aplikasi,1
okeee sekaliiii,5
suka,5
,5
cok nyoba suruh pilih gambar gada bener,1
developer mohon guna android pakai kompatibel pikir hp pakai android indonesia moga copy lihat,5
bisa neg berulangkali coba tp msh bisa neg,1
apresiasi dengan neg loginnya nonaktif sebab neg itu kena nonaktif buat neg onar halhal langgar atur seta tibatiba nonaktif sebab neg tolong nonaktif pingin aplikasi user nyaman aman,1
alhamdulillahterbaik,5
,5
aneh saldo tibatiba hilang ada neg notifikasi apa sedot,1
i got locked out of my account and can not contact support please help me regain access,1
bisa neg,1
ngak daftar ngak ikut langkah suruh capta ngak ngotak bikin emosi,1
ribet,1
amazing,5
kesini ancurrrr,1
masuk ulang verif,1
is the best,5
hello please take action repair your application i cant very very poor application,1
susah,1
cacat hp ku kena reset pas ulang suruh acc perangkat perangkat hp ku gada opsi cacat banget sistem,1
manfaat,5
jelas neg verifikasi bolak nama kali,1
jelas neg verifikasi wajah ktp kek daftar daftar masuk,1
mantap abis,5
nyusahin banget freak,1
keren banget,5
erti,1
nyoba periksa aman respons kode nocaptcha valid neg isi pdhl bnr anggap salah mulu,1
,5
bisa neg verifikasi email penuh neg verifikasi gagal error tolong baik,1
jelas neg kaya masak relog hp lockout rekomendasi neg cari kerja,1
bikin besok nonaktif solusi kahhh kali kayak gin porto hilang gara tibatiba gitu nonaktif,2
bisa neg akses tahun bisa neg buka verifikasi pakai persona kali lapor error benarbenar kecewa,1
burik download karna cuman penuhmemori,1
aplikasi bagus cmn tombol lamarapply kerja eror,4
nice application,5
mantap manfaat,5
informatif bantu cari lowong kerja tahu dunia kerja,5
smpai kerja but i like aplikasi,5
halo kemarin lupa matiin langgan premium business uang ambil terusin langgan butuh banget uang refundnya gimana mohon bantu banget uang refund langsung email masuk bilang sesuai neg tentu gimana tolong bantu,1
kbanyakan kesalahn,1
good and professional aplication,5
bantu thanks,5
anjmau dipersulitapalagi nyari kerja,1
bantu lg cari lowong kerja,5
buruk guna isi data tekateki terang salah sampe metode suara tetep anggap salah,1
dampak positip dlm hidup,5
great,5
lihat fiturnya,4
mantap,5
masuk pernah neg pakai notif kode angka masuk masuk,3
linked is the best platform,5
batas verifikasi id ni pernah neg dipake,1
good job,5
capca muluu uda ulang terusss,1
apl susah email pasword otomatis masuk neg,1
ribet taikk suruh masuk kek pinjol,1
aplikasi bantu bisa neg henti tahap verifikasi identitas sungguh aneh ada neg call center hubung website logika hubung call center kendala bisa neg proses verifikasi tolong baik sistem verifikasi lanjur langgan premium,1
badbadbad very bad,1
muas,5
masalah bisa neg,1
bagus koneksi,5
hadehh,1
bagus bermnfaat informasi putar dunia kerja,5
biar rating bicara,1
keren tolong free trial premieum,5
bagus suka pakai kenal dunia karir miripmirip sosial media blh memposting aktivitas alam harga capai blh lowong kerja buka terima,5
beware for user user i got hacked and can not change my password when trying reset my password the otp is sent by anson notif not from itself weak security compromising user information and professional connection how the hell when i request for otp it come from third party ansontech,1
bagus value hadap hrd verifikasi wajib id passport susah guna milik neg passport,3
aneh tampil verifikasi email password,1
tolong baik cari loker ribet verivikasi robot gitu nge stuck,1
bisa neg register tolong baik,5
bisa neg nomer hp ganti ntah nomer sandi salah ken upgrade aman ngerusak,1
jelas neg susah bgd verifikasi sudah neg,1
moga dalam koneksi linkedln,5
busuk daftar doang ko silah kocak,1
macet jelas neg salah ada neg terang tau neg salah,1
bantu,5
,5
sulit pakai bolakbalik out aplikasi verifikasi mulu tolong baik,1
mantap,4
great,5
apresiasi ada manfaat guna alami kendala kait tibatiba dapat neg akses bangun profil lengkap dalam mohon sistem verifikasi tingkat andal bantu masuk perangkat otomatis neg out kali guna neg,3
gjlas ni ngestuck caotcha selesai neg,1
neng banget untung,5
aneh kali verifikasi error mulu,1
aplikasi jelas neg bisa neg nomor masalah nomor hp ku cantum mana ajah hadeh canggih,1
amazing,5
nyaman pakai anggota info bobot,5
tibatiba blokir verifikasi identitas unggah foto ktp sim paspor unggah gagal,1
terimakasih,5
account has been restricted for a long time no response whatsoever my account has been restricted and can not be verified at the moment please help me resolve this issue,1
bisa neg daftar alamat email password sinyal bagus bagus,1
nice,5
tampil buruk futuristik neg,3
bisa neg,1
jelek ngapa neg ilang tibatiba kocak,1
papa download guna neg jelekkk,1
buruk x stuck verifikasi aman laku neg apaapa tibatiba hilang tolong baik proses verifikasi harus paspor milik neg paspor tolong timbang lihat alami,1
buruk nge stuck gilir verifikasi data sesuai neg data sesuai buat,1
emng jelas neg bisa neg bisa neg,1
capchanya jelek banget cok bisa neg isi,1
plis saldo sedot gara gara langgan plis bantuin,4
guna,5
dunia bisnis cari loker manfaat aktivitas manusia penting,5
mantap,5
bulan bisa neg nonaktif kembali bisa neg kali verivikasi captcha verivikasi data install ulang hapus cache coba bisa neg buruk ada neg customer service langsung cobacoba nonaktif nonaktif,1
daftat tangguh nonaktif gabisa buka kocak,1
bak,5
bagus indeed glint jobstreet hatihati guna akun batas salah kamu neg sebab tutup hilang,1
,5
,5
wehhh kirim no hp daftar no hp gw lngsung sebar alhasil spam telponn gimana iniii bahaya banget,1
kerja terimakasih,5
manfaat,5
simpel guna,5
recomended for job seeker,5
mantap,5
bikin bs neg,1
suka platform linkedln hebat bnyak share alam dunia kerja bagi inspirasi linkedln temu teman,5
uang ambil premium neg pake neg,1
haloooo minggu stuck periksa aman bolakbalik mulu bener pilih gambar,1
moga bagus,4
mantapppp,5
teman teman masalah silah dm twitter help ikut instruksi responsif hari milik akses,5
sippp bos,5
salah,1
,4
hurang hiring hurang hiring direspon kagakk,1
kendala re karna reset smartphone hubung perangkat kait device,1
bhsy,5
sulit daftar sulit gimana,1
mari laku periksa aman cepat guna tolol gimana tolol,1
thank you for sharing great opportunity,5
gabisa pakai putus asa bikin telah pas terang butuh verifikasi terus gabisa masuk masuk stuck verifikasi gapernah bikin tolong baik karna komplain,1
gabisa buka stuck,1
tolol nonaktif aktif foto pegang ktp data luh pinjol kah,1
main game ulang kek,1
ribet timbang masuk doang smua org byk cmn ngurusin syarat kek gtu apl sial,1
dukung online,5
jelek,2
great place share and socialize,5
ngirim cv apa mana pernah neg nyangkut lamar not recomended ordal,1
sosmed bagus elegance,5
bikin muter muter ribet gitu pas hasil error,1
bagus cari kerja,5
tks trrhubung kolega n family,4
update siih updatenya jelek bnget siih,1
normal,5
stuck verifikasi aman kode pesan pernah neg developer tolong baik kecewa,1
coba,5
bisa neg masuk bisa neg daftar bug pas halaman teka teki captcha,1
stuck bisa neg verifikasi berulangkali bisa neg job project hancur gara gara,1
minggu bisa neg buka eror sistem gimana,3
jelas neg buka bisa neg nunggu loading bisa neg pakai wifi lancar pas banyak tulis maaf salah silah emang gila developer jelas neg,1
x batas alas unjung verifikasi data verifikasi batas mutu neg,1
nice all,5
baru mao neg,5
ternak bebek telur lokasi metro lampung tambah relasi yh hubung usaha turunanya,5
gagal mulu capta,1
burukkkk gabisa pake no hp susah guna,1
terima layan customer developer linked dengar keluh baik bug alami terima layan puas layan pikir neg bisa neg,5
okey terimakasih aktifasi,5
bisa neg masuk kode captcha isi gua isi,1
lot,1
thank you for your services i can again my account due restriction by month behind your teams very responsive,5
bagus mudah cari loker,5
guna neg,1
tolong bulan bisa neg alas verifikasi aman verifikasi mengupload identitas suruh tunggu jam bulan tindak lanjut,1
bisa neg,1
alami,2
makasih dukung salam sahabat,5
gila susah ampun verifikasi,1
tibatiba terlogout stuck halaman mari laku periksa aman cepat captcha bisa neg verifikasi persona ada neg jelas tolong cepat baik,1
mantap informasi akurat,5
jejaringnya luas bnyk manfaat,5
knp bisa neg ku cmn muterr masihh tetep bisaa neg bln lebihh,1
hhhhhmmm posting bisa neg update parah,1
gabisa stuck halaman mari laku periksa aman cepat situ situ mulu refresh tetep,1
busukkk bisa neg,1
jujur ribet loker pernah neg lolos aneh,1
jelek gabisa periksa aman kelar neg kelar reset suruh periksa aman gitu,1
kerja neg,1
sign up buffering malam buffering,1
hati hati langgan premium walletnya teratut saldo potong otomatis pemberitahuan neg tuju bisa neg kembali saldo,1
gabisa banget proses mari periksa aman cepat,2
stuck periksa aman cepat bisa neg masuk bug baik,1
jelek bisa neg stuck mari periksa aman mulu bisa neg,2
koneksi profesional penjuru dunia,5
mentok periksa aman nyoba diweb macem macem browser jg tolong fix problem,1
bantu,5
berbulanbulan bisa neg buka loading force close stuck layar update hapus cache uninstall install ulang berkalikali ada neg ubah mohon baik cepat ganggu aktivitas cari kerja profesional peluang notifikasi lewat bisa neg akses kecewa platform,1
bikin account kali tetep suka nge stuck verifikasi di neg apain malas pakai,1
masalah periksa aman cepat gaa cepat cepat ulang kali hasil buang buang,2
pakai ponsel alami rusa dapat neg akses masuk ponsel dapat neg masuk konfirmasi ponsel rusak,4
great,5
bpkibu hormat unduh daftar eror tolak dapat bantu perihal dapat solusi hasil daftar terima,1
buruk gimana tolong minggu bisa neg buka stuck periksa aman minggu nyoba mutar smpe tolong baik,1
linkedln daftar mutermuter aman kali gitu stuck aman ajaa tolong baik,1
keren,5
loadinh instal,1
muter susah daftar ribet sistem jelas neg kode muncul neg,1
ngelamar puluh usaha gada tuh satu ngerespon lowong pajang gada isi,1
saldo potong rb ada neg konfirmasi emang tolol,1
pilih,5
tololudah ikut prosedur msak bisa neg,1
juni bisa neg stuck periksa aman,3
,5
bantu info loker,5
why cant i download this,1
relasi rejeki,5
loading,1
bisa neg email kena batas ada neg notifikasi aju verifikasi ktp nunggu pakai email bisa neg verifikasi lebaran kucing bakal neg muncul halaman sabar makin neg bagus buruk,1
laku periksa aman cepat sampe dah tahun selesai neg selesai,1
bisa neg buka linked parah,1
error mulu sii,1
tolong developer baik metode lupa password stuck periksa aman cepat cuman fitur premium dipromosiin dn harga ngotak neg gilir kek gin ngaret,1
downloadmau periksa aman cepat ulang kali tetep,1
,5
manfaat interaksi,5
susah masuk hapus aplikasi bos,1
gw gabisa akses stuck loading kck,1
fungsi neg buruk,1
burik,1
verifikasi sulit nomor bisa neg beli kartu gabisa,1
nice,5
muter muter periksa aman minggu,1
bagusservisnya,5
puas,5
coba,1
error buka suruh stack periksa cepat,1
perlu neg ba bi bu ngasih rating alas mari periksa cepat ujungujungnya halaman temu neg baik naik ratingnya,1
great job,5
why cant i again even though i have entered the password and the correct address always ends the security department quickly this doesnt make sense please quickly fix it immediately,1
lolaaa aplikasi,1
verifikasi akun masalah paspor bisa neg ktp tolong baik ktp harus neg paspor terimakasih,1
ancur periksa bot,1
eror jelas neg susah bikin akun eror mulu aneh kali kali,1
buruk pdhl update regist pas stuck periksa aman bantu email di neg respons gj sii ngalamin kayak,1
gimana daftar susah periksa kemaanan,1
bisa neg bikin lekk,1
bagus jaring teman,5
bisa neg install masuk web msh nyaman aman pc mobile web stlh install mlh gbs sm skli tolong baik sesal download apknya,1
sosial media kelasse lulus sarjana lulus lulus guru,5
bisa neg loding,1
bug stak periksa tolol,1
knp laku periksa aman buka baik,1
can not,1
jelas neg daftar susah banget niat neg bikin kaya,1
tolong baik profesional cari kerja tolong baik loading,1
bisa neg stuck,1
bagus akurat percaya maaf terjemah indonesia gitu biar gampang baca perlu neg terjemahkin terima,4
bisa neg,1
bagus tambah network,5
bisa neg bukak daftar,1
lot,1
algoritma alami tahan afiliat neg denga ai jaring milik emosional manusia terima,5
buruk,1
loadingnya lamaaa,1
sumpah bingung banget si nyoba ngebug mulu ni kecewa,1
gabisa buka,1
kont bisa neg masuk,1
kwkw downloadpas pas aman dah muter muter mulu recommended neg,1
sempat,5
ribet bet anj kayak neg jobstreet,1
banyak error,1
susah bisa neg loginapk berat masuk,1
bug daftarini doang bisa neg,1
tolong tambah fitur kirim file dm smartphone mudah punya neg laptop komputer,4
bisa neg bug yaampun,2
,1
bisa neg masuk,1
bantu aqu bintang,3
manfaat,5
bisa neg instal,4
maling uang,1
woiii hilang stuck periksa aman gimana developer ayo baik kembali,1
payah bisa neg,1
error ko muncul bawa hp bisa neg buka bug bikin kacaw muterrr doang,1
lelet,3
apasih kagak melulu,1
kesini parah dasar perintah kagak percaya linkein ngaco kaya jobfair cuman lipur hati doang cuman omon i can not upload my new cv pdf even the get update still the botton doesnt work i can not renew my pdf cv many times and also i can not renew my profile your please fix this problems thank you,1
bisa neg stuck verifikasi bot,1
bagus,5
bisa neg banget loading sampe bikin plisss bantu bisa neg laptop hp,2
batas alas neg aneh kecewa verifikasi identitas kemdian batas buruk,1
bug hp vivo terclose detik,1
lelet aman aman susah banget macem,1
gabisa sinyal bagus,2
upload kartu identitas persona verifikasi data kunjung neg masuk sungguh sayang,1
lot,3
good jobb,5
mohon baik bagi mari periksa aman cepat nungguin cuman muter gabisa,1
gbsa andal daftar gbsa loading doang ribet bgtt,1
buruk pakai aj susah bgd ampun ada neg maintenance developer very very bad,1
gerat,5
sulit buffering periksa cepat kunjung neg selesai,2
,1
greats,5
trash many members have made reports but has not responded useless apps like this are better removed from the playstore,1
gabisa baik gabisa gmna heran,1
jelek banget nyaaa ihhhh nge stuck proses lupa password,1
bisa neg masuk daftar,5
nggak nggak,1
bisa neg aura,1
kaya banyak stuck halaman periksa cepat,1
periksa cepat bla bla bla bla gerak,1
payah tahan alas neg lapor customer support bantu neg,1
muter email notif masuk trus gilir linked muter pakek data wifi tungguin menit aj gx masuk aneeh bug ny,1
bantu informasi bagus,5
,5
sign inmendaftar loadingnya jaring internet stabil,1
temporarily restricted unknown device dr hplaptop coba verifikasi id sesuai proses gagal sesuai tolong solusi,1
bagus bantu,5
bs neg jaring bagus,2
verifikasi aman pernah neg masuk tunggu tetep masuk neg aneh,1
payah bisa neg buka periksa cepat bisa neg masuk,1
periksa bot,1
gjls stuck periksa aman kocakkk,1
percaya,5
masuk ruwet,1
nomor telepon dapat neg eror nomor telepon sangkut pls reset nomor telepon,1
tengkiyu,5
stuck halaman periksa cepat bantu lindung bot tolong baik bantu,1
bisa neg koneksi oke,1
gara gara uang dana ambil prabayar google play otomatis admin bantu refund beli otomatis hilang uang tara kerja minggu,1
okelahhh hp inter gabisa,5
okey,4
bagus manfaat suka,5
top markotop,5
muak pliss gbs stuck periksa aman cepat doang,1
linked ganti nama disalahgunakan gimna dah ketat verfikasi tetep bajak aneh,1
gabisa daftar gagal terusss gatau fungsi,1
bagussss,5
i have complained on facebook email and x but the response is very slow why is there a help feature for complaints if it takes a long time handle user problems,1
bisa neg buka kecewa,1
anjir muter muter periksa aman cepat pdhl jaring lancar dahh ulang ttp ada neg hasil bikin napamending pou jir kwwk,1
susah,1
bisa neg ora,1
stuck verifikasi aman nomer kode dikirimkirim neg mohon baik,1
idiot ngebug jelas neg,1
terbanth tetima,5
developer gimana bisa neg tolong baik,1
bantu,5
stuck security chec loading,1
mantap good job,5
kocak ni ribet susah daftar stuck aman cepat muter selesai neg selesai gimana perbaikin donggggg nyusahin,1
parah stuck periksa aman tolong baik sulit,1
informasi lowong kerja,1
gabisa akses gua daftar gabisa dr huh,1
biar bicara,5
linkedl manfaat,5
tolong acc penggembalian dana potong otomotis karna jarang pakek aplikasi,1
tahu peluang,5
bom pengalamantpi masalh kerja insaallah,5
muanteb,5
rekomendasi neg upload postingan teks error salah ketik tekan huruf huruf ketik rekomendasi bangun image personal branding,5
halo developer dapat neg akses delay falam periksa aman pernah neg tembus,3
pas stuck perikasa keamanaan cepat,4
cari kerja,5
nge stuck periksa aman berkalikali stuck situ koneksi aman,1
bagus manfaat,5
bagus fiturnya lengkap informasi,5
rihet eror,1
very good,5
real,5
bisa neg loading masuk tulis mari laku periksa aman cepat butuh bantu bapak admin,3
uang,5
minder,1
mohon internasional indonesia baca pesan mohon mohon baik bug macam stuck mari laku periksa aman cepat please baik beda hasil hormat christopper,1
bingung,1
baikterinsfirasi mula cari lowong kerja baru dasar spesialisasi loker,5
bisa neg upgrade premium tampil,1
bisa neg,1
gbisa,1
stak periksa cepat bisa neg,1
moga depan,5
bisa neg eror,1
bisa neg gagal,1
gabisa,1
hadeh rusak rusak,1
error ada neg manfaat,1
up date baca informasi,5
gagal,1
guna neg ngestack mulu mending ban playstore,1
stuck pemerikasaan banget jam,1
ngecoba stuck aman jaring bagus hapus instal tetep gitu,1
emng kocak ni bisa neg dipake,1
jelas neg uda kyc mas gagalin,1
mohon baca pesan lapor bisa neg stuck dalam mari laku periksa aman cepat tahu neg bug macam mohon baik golong masalah dapat neg mohon baik,1
susah,1
bisa neg nge stuck periksa jam nggak,1
my worst experience using was when i took the initiative increase security through factor authentication but then a few days later my account was unilaterally suspended by,1
jelekkkkkkk parah eror mulu gajelasss,1
okeee,5
coba,5
susah bngt neg ew,1
wonderfull,5
tolong baik gabisa device loading bagi periksa nyoba lain ttp gabisa,1
bagus bisa neg lamar kerja,5
daftar pake no telp nomer telfon spam pakenya kode sms kode sms ada neg nomer spam,1
bantu hubung relasi teman teman tulis bagus teman tambah ilmu utama informasi lowker update teman teman,5
appsnya jelek email korban tp hapus gatau sebab pas sibuk kau tampil aman cepat tp bisa neg aneh,1
error mulu dah ribet banget muncul neg muncul,1
system aman verifikasi buruk muas neg,1
searching with hastag keywords is no longer possible is it,3
kecewa tgl april langgan kurang saldo gopay bisa neg beli waktu sama hapus lupa non aktif langgan tgl mei saudara kirim saldo gopay saldo potong otomatis terima neg karna guna neg aju kembali dana,1
bisa neg,1
tolol,1
pas loadingnya,1
bisa neg,2
bisa neg woi guna kagak bet dah,1
lumayan bagus,5
guna banget,5
very good,5
buruk susah,1
gabisa,1
bisa neg bikin stuck periksa aman,1
bisa neg,1
daftar masuk bisa neg cari sebab gogle cari tetep bisa neg,2
update bisa neg hasil postingan mudah cari kerja tolong kembali hasil cari postingan tolong beritahu setel salah,2
bagus,5
mantab aplikasi,5
tau neg susah masuk atur ulang password bisa neg pesan muncul periksa aman rusak hancur labil tolong kembali,1
jelashampir neg bulan batas,1
topbgt,5
bisa neg mari laku periksa cepat bnget abis tuh muncul halaman sedia neg,1
kembali dana potong tahu neg langgan potong tahu neg,1
tarik,5
gila susah banget loginnya,1
opo iki su ora kenek,1
anggap bagus,5
susah masuk aman muter,3
super,5
gimana stuk periksa aman cepat,1
gabisa buka mentok periksa aman cepat,1
stuck periksa cepat,1
proses verifikasi aman selesai,1
mesin cari memposting muncul neg kunci eror postingan bisa neg alas ada neg postingan upgrade mohon baik,1
tolol,1
search bandung postingan hasil ada neg,3
tolong baik fitur search fitur search filter baru tampil postingan baru filter neg kunci contoh cari postingan kunci ternate filter baru postingan baru abai kunci ternate begini neg tolong kembali mudah cari postingan tolong baik,1
lot njiinggg,1
leader,5
email notifikasi muak lamalama kirim notifikasi usah neg sering nofitikasinya condong pemberitahuan langgan premium penting neg,2
periksa cepat ganggu bisa neg mohon baik,1
loading periksa aman cepat download x,1
jelek bisa neg verifikasi mutermuter jelas neg,1
daftar bisa neg verifikasi keman muter,1
gabisa searching postingan,1
isi ribet,1
ok,2
cari loker sulit kode otp muncul neg munculuninstal,1
nambah wawas kenal mudah cari kerja magang mahasiswa teman langsung hrd chat an comment bagus,5
good platform,5
saya neg alami out bisa neg masuk alamat email password stuck periksa cepat walopun uninstall reinstall ulas perhati neg admin ada neg baik,1
beneran ada neg baik keluh susah loh kecewa,1
kocak ni ngestuck mulu aman,1
bantu,5
bisa neg stuck periksa aman,1
bagus,5
susah banget verifikasi suka eror mulu,2
best,5
muter jelas neg kagak masuk,1
goid,5
keren,4
very very very laging when security verificationeven though my internet connection is stable,1
apply lamar ribet hiredtoday susah pakai aplikasi,1
bisa neg daftar,2
errorlogin buang waktuu,1
bantu,4
masuk loading mulu ditungguin kelar neg kelar internet lancar kocak,1
bisa neg daftar,1
tolol susah bener stuck periksa robot,1
kode otp gamasuk masuk disms,1
bisa neg masuk,1
bisa neg nomer telpon bisa neg,1
tolong gimana bisa neg buka doang logout pas buka hrs lodingnya banget lgi tolong linkedln baik lgi,2
good kendalah data rusak jln cek,5
tolong baik gabisa developer baik biar mudah,1
error proses,1
keren membanru,5
bisa neg batas jelas neg,1
linked bantu masuk caterpillar,5
nice projecto,4
helpful relational joyful get brightul future,5
saldo dana potong kembali dana karna rasa neg beli paket langgan premium,1
stuck pas periksa aman cepat tolong baik,1
cant on google mail and cant reset password on pc its always error and buffering couldnt connect,1
buruk diupdatean bisa neg stuck bagi mari laku periksa aman cepat loh baik neg diupdate baik bug baik bug baik ngaruh neg bisa neg hadeuh umpan kayak gin pada neg dibales developer emang aneh,1
bantu informasi seoetaran lowong tambang,4
mantap,5
jelass neg hasil daftar dibukak neg tb tb batas suruh verivikasi persona selesai verifikasi suruh nunggu maksimal x jam ud tunggu sampe gabisa dibukak jelas neg,1
good,5
loading mulu cuman,1
goof,5
tolol susah ge,1
bayar baru bisa neg masuk,1
moga sukses,5
stuck verifikasi bot neg,1
dapat neg mendownload,5
baik kerja,5
tolong admin jobs balik uang langgan sayakarena inidan ambil ada neg tahu,5
bisa neg loginapk busuk,1
powerful and useful apps,5
apps kualitas dr sosmed mana bangun jaring,5
rusakdidownload bisa neg dipakesama keluh,1
suka,5
stuk verifikasi bot hadehhhh,1
gagal masuk verifikasi captcha keluar neg tunggu dri bgini blum baik,1
this apps good for everyone know each other,5
stuck laku periksa cepat bisa neg tolong baik butuh kerja hapus data ulang kali loading,1
halo kena restricted kali kirim email balas dm twitter tanggap milik akses cepat menganggu,2
buruk bikin susah banget,1
bisa neg tolong baik,1
ni si susahlogin susah stuck mari laku periksa aman cepat developer tolong baik niat pakai mudah susah haduh,1
bantu masuk data masuk,1
nggak masuk aplikasiperbaiki aplikasi,1
sumpah stuck periksa bot kesel,3
aplikasihnya bagus,5
sulit edit profil,1
buruk gampang rawan batas banyak atur,1
terima kerja ordal ngapain bikin loker hapus aplikasi guna neg,1
suka bantu stuk mari laku periksa aman nunggu loading kelar neg kelar bisa neg masuk mohon solusi terimakasih,5
hp instal ulang susah masuk loading periksa aman cepat selesai neg selesai,1
mohon solusi admin lempar ulang stuck periksa aman cepat kali,1
loding,3
bagus cari informasi dn interaksi sosial dgn eksrkutif,5
bantu cari kerja,5
registrasi banget periksa daftar kuota sinyal bagus tlong baik depan,1
bisa neg upload foto profil,2
aman sopir,5
verification cepat jelas neg,1
why my account restricted,1
daftar doang anjibg,1
gabisa bikin stuck periksa aman tolong baik,1
ngestuck periksa aman cepat cepat apa tolol platform mobilepc tolong baik harus kasih fitur cs biar ngadu kayak aplikasi gaada,1
ribet susah,1
good connected good advisory big join team work thank you so much linkedln,5
bisa neg daftarlogin,1
is good,5
susah be,1
bisa neg stuck aman sistem gimana yaaa tolongg cs respontif baik sistem aplikasi rugi,1
good,4
oke,5
bisa neg masuk verifikasi id bisa neg aju,1
sanggat bantu,5
informatif,5
good bantu,5
skrg ku bikn kodeny kirim neg trus akhirny pke nomor temenku bentar selesai profil dh berputarputar lgi katany periksa cepat periksa cepat apany periksa cepat slama berputarputar aj trus buka browser kek gtu jg aj apk neg browser neg katany bkal dibaikin ntu harap bug hilang loh buat x install uninstall,1
stuck proses periksa aman cepat,1
gabisa muter doang,1
jelas neg verifikasi mulu gnti email masuk lgi gtu lgi,1
eror mulu ajing bisa neg asu,1
daftar web gagal loading mulu,1
baik full information,5
banyak iklan klik apply muncul dapat neg temu halaman silah kata snack hadiah isi mulu gabisa bikin jalan lancar manfaat mending hapus dah karna banyak iklan bikin user sulit lamar kerja,1
rusak daftar isi ada neg panggil kerja panggil kasi,1
bisa neg muter,1
bug bisa neg masuk aplikasi,2
jelek stuck mari laku periksa aman cepat gimana developer keluh user pernah neg balas,1
bisa neg upload file menu ubah alam kerja,5
good uplication,5
aneh daftar gabisa,1
mohon baik bug lampir sertifikasi ada neg tanda simpan,4
jelas neg nyuruh verifikasi cepat ehh tunggu loading banget,1
oh hellnah banget buset verifikasi,1
versi hp bisa neg kecewa,3
ni bs neg buka periksa selesai neg ber update hapus cache tlg bantu ni admin,1
excellence,5
error periksa cepat sampe setaon kelar neg kelar nyesal,1
,4
nggak banget gabisa sulit recaptchanya jam jam pdhl koneksi udhlah nomor valid neg pdhl nomor bnyk valid neg pdhl nomor aktif ampun dehh,1
manfaat baik cerdas,5
sulit perangkat mudah perangkat butuh verifikasi hack profil linked,1
stuck bisa neg,1
awesome,5
batas laku neg langgar apa hasil hilang stuck periksa cepat tolong,1
expand network and business development,5
masuk stack periksa aman tunggu,1
bisa neg ngestuck cek aman,1
periksa aman fungsi neg,1
linkedln sya bisa neg registrasi stuck bagi periksa,1
ngestuck halaman laku periksa aman cepat,1
bagus lumayan,5
download lai ribet,1
periksa cepat mohon tingkat,1
bsa neg,1
terimakasih profesional,5
sampe nyari kerja pernah neg tuh sapet satu pusing mnding gua hapus,1
oke,5
kecewa,1
loading neg tolong bantu,1
daftar stuck periksa aman cepat berkalikali masuk muncul tulis halaman web sedia neg gimana susah banget daftar,1
moga manfaat guna,5
semangat,5
plis pakai email hari bisa neg sumpah bikin kesel bangett,1
bikin loading mulu malas aahh ribet,1
informasi erti,3
i tried with my gmail account but it always gets stuck at verification and it keeps repeating its so annoying,1
error tiga verifikasi email,1
good job,5
bisa neg stuck periksa cepat coba kali,1
tolong bikin kenapaa muterrr pake laptop web tetep bisa neg padhal sinyal oke storage jug lega tp tetep miter kek gitu,3
bisa neg,1
susah banget muter periksa aman jaring bagus muter,1
tolong baik download daftar ngestuck halaman baik,1
pas ulang loading berjamjam ulang bisa neg,1
bagus,4
bisa neg periksa aman cepat,1
update bisa neg tolong baik tugas bisa neg bisa neg,1
daftar susah layak,1
bisa neg buka,1
likedln is profesional platform,5
berputarputar halaman periksa aman tunggu ada neg ubah web tolong baik verifikasi halaman gerak neg,1
sngt bantu trus kmbangkan,5
jebak periksa aman cepat tolong kerja iya gagal dapet kerja gegara susah si diweb jebak periksa aman cepat,1
bisa neg tulis eror,1
stuck halaman periksa aman cepat kali kali hasil neg lapor website pas selesai isi bisa neg kirim tolong baik fitur periksa keman cepat buruk ganggu dapat neg tolong baik bug macam menganggu,1
dipeasulit stak mari laku periksa aman cepat hadehhhh,1
stuck,1
platform baik cari relasi bisnis cuan,5
mantul,5
keren worth it,5
bisa neg periksa aku jalan neg stuck,2
bantu cari kerja,4
bisa neg masukapakah bug lenkedln,2
my account getting permament restriction without any information before using your personal account and email without consent,1
eror diupdate bisa neg diinstalmana isi temen bos internasional bisnis usaha usaha internasional dunia tolong kembali biar diinstal bisnis semulaterimakasih,1
guna lara cari loker,5
hai kelola limkedln mohon maaf keluh daftar lot eh error stuck situ gmail tolong benerin kontolll neg,1
tolong baik verifikasi aman menganggu keti,3
bisa neg masuk fungsi neg isi data lengkap verifikasi email ada neg fungsi buruk,1
sempurna nyari kerja premium bayar anggur atuh mending bayar sesuai kantong anggur jaman skrng kn hr pasang iklan loker up date status sesuai qulifikasi suruh dm dm kn premium premium langgan alias bayar tolong baik gratis byr byr anggota premium sesuai kantong pencaker trimakasih,1
halo tibatiba logout bisa neg sandi nomor hp ubah tanggung neg email nyangkut bisa neg developer gimana guna retas tanggung jawab bisa neg hapus,1
bug toror,1
aplikaai jelek mari laku periksa cepat lambat gimana jelas neg,1
guna neg bisa neg,1
bisa neg akuntolong bantu solusi,1
bolak ttep bisa neg daftar terima neg kode bobrok auto lngsung nol klo,1
napa skrg bikin susah bet disuru masukin nomer tpi kode verifikasi nongol neg pas mo nyoba masukin nomer lagi bisa neg so weird againn page mari laku periksa aman cepat cepatnyaaa jam tungguin kelar neg monyet,1
good,5
i wrote and the draft feature didnt work my articles gone,1
linked susah banget,1
aneh apps ganti device bisa neg device keluh banyak stuck halaman periksa aman,1
verifikasi aman susah banget isi sesuai data,1
bagus,4
linkedln keren bantu mmperluas jaring jalin bisnis,5
baik bintang krn nnti pas sulit masalah turunin lg ratingnya,4
membnatu cari kerja thank you very much linkedln,5
heran logout akses bisa neg tulis hindar serang bot kunjung neg selesai,1
bantu cari kerja,5
susah mohon baik,3
bodongsaya rasa neg instal buka langgan premiumsaya rugi dgn kembali dana,1
mantap linkedn,5
nyoba,4
gabisa,1
banget jing,2
jalan neg stuck mari laku periksa aman cepat,1
stuck halaman periksa cepat,1
media kaya knowledge,5
susah masuk,1
ok,4
keliru sistem koneksi kes nepotisme,3
bantu m cari kerja,5
bingung lamar,4
good job,5
kali bisa neg daftar susah,1
bisa neg minggu,1
aneh gabisa sampe kesel,1
susah baik jaring oke,1
masuk google loadingnya,1
periksa aman cepat,1
your network will be back soon weve notified our operations staff that you are having a problem reaching well get you reconnected soon you can leave this window open and well automatically take you back your home page a few minutes we apologize for the interruption user infinix zero gandroid,1
verifikasi chapta error mulu stuck kgk,1
salah daftar kali pake wifi,1
bisa neg linkedln iya verifikasi bln pliss solusinyaa,2
bisa neg ininge stuck periksa keamanantolong segeran diperbaikidibantu dongg,2
konyol bisa neg dibukatiba logout sendirikacau,1
muter muter doank periksa aman admin tolong baik bisa neg,1
bisa neg akses proses periksa ama buah neg hasil apa tunggu jam hasil nihil,1
aplikasi instal neg vivo mau neg buka langsung close aplikasi,1
good information,5
bisa neg verivikasi lamaaaaaa,1
mantappp,5
coba daftar ganti hp gabisa stuck periksa aman tunggu tahun gabakal kelar mohon bug fix,1
aneh si gua gabisa akses batas gua pke email beda besok logout gabisa tolong diperbaikin org neg ngomong,1
susah tolong lh tod,1
jelas neg susah banget,1
banyak update sampe kali,2
bisa neg daftar ampas,1
stuck,1
banned,1
bantu kembang tahu kembang teknologi bidang kerja jalan teman relasi hubung kerja,5
bisa neg baru,2
good,5
productive,5
sulit periksa cepat bisa neg masuk masuk email password email verifikasi wajah ktp bisa neg email bantu neg konfirmasi perangkat pakai perangkat sulit hapus aplikasi rugi bisa neg akses,1
the best,5
baik,5
bantu,5
load stuck,1
maaf pas ngisi profil didik cuman universitasgelar bidang studi lulus smk bingung ngisi gimana ubah bisa neg nama universitas ganti nama smk mungkin neg baik temen kaya gitu ngeluh ko gin emang universitas gutu mohon maaf bantu terimakasih,1
senang,5
stak verifikasi aman dh nungguin hari stak situ,2
bet gabisa masuk error mulu,1
iya,5
moga manfaat cari kerja sukses,4
stuck menu laku periksa aman,1
periksa aman cepat jam buruk,1
susah indar problem mas,1
ngak guna menuhin storage,1
manfaat networking karier,5
bisa neg masuk scam,1
bisa neg buka linked,1
tipu langgan premium biaya jt gila neg guna neg,1
dapat neg pdhl email password bener aneh linkedln skrg gegara hp flash krna banyak virus eh sekali ulang bisa neg,1
mantap peluang,5
bikin rugi download mala nggak buka niat bantu rugi,1
parah ngapangapain neg tibatiba out kacau,1
stuck halaman periksa aman cepat kali kali hasil neg tolong baik fitur periksa keman cepat buruk ganggu dapat neg tolong baik bug macam bug bisa neg email,1
nice apps,5
connect me with many good educated profesional people world wide this is a good online communication tool,3
erti neg layan,5
imformatif,5
simple clean and fast,5
gimana daftar gabisa periksa aman,2
sign hasil neg skrg,1
bisa neg stuck mari laku periksa cepat server eror knapa lihat lihat org menhalami ada neg solusi,1
bagus inovasi,5
informasi manfaat tingkat softskill,5
tau ceo mbah google muda ganteng gitu tau beda pandang rem galak sepak bola david beckham gitu oh nyambung ceo google dgn chrome dunia sadar alhamdulillah jelajah mana tau,5
bisa neg linked keren,1
informasi saji akurat,4
pas periksa aman cepat mutar bisa neg,1
bisa neg tunggu eror tolong bantu,1
dawg sakit hati liat prestasi,5
tolong baik stuck,1
say daftar sinyal,1
mari laku periksa aman cepat,1
bantu oleh koneksi kerja,5
anjeng,1
good application,5
bisa neg daftar,2
bisa neg mulu verifikasi loading login neg kaya gitu duhh pake apps pake web ajaa bisa neg kebukaa tolong solusinyaa,1
,5
mudah,5
,1
daftar selesai isi password trouble stuck loading wkwk,1
tolong baik stuck periksa cepat bisa neg,2
mari laku periksa aman cepat cepat ngestuck situ yaampun sampe verifikasi identitas pake muka ktp tetep gabisaaa kacau tolong baik saya neg alami,1
bisa neg masuk periksa keamana cepat masuk anehhhh,1
profesional kualitas dipertanggunghawabkan,5
good job,4
jelas neg banget bisa neg sinyal bagus,1
bisa neg gabung stuck mari laku periksa cepat bisa neg payah,1
kerensangat bantu butuh kerja,5
stuck periksa nggaada solusi apl,1
bagus profesional,5
bisa neg cape dah,1
email hack,1
gj download stuck periksa aman,1
connecting people people,5
nggak pakai,5
susah banget loginnya tolong baik,1
bisa neg periksa aman web bisa neg masuk,1
gaje,1
guna,5
periksa aman cepat loadingnya banget kuota sinyal bagus,1
jawa dari neg sabang maroke,3
buka diapk beranda muat feed web enak kyny semenjak diupdate gin eror mulu,1
trimakasih,5
susah banget si,1
aneh sulit mutermuter sampe kiamat nggak susah susah,1
mohon baik bugnya masang foto sampul foto galeri bisa neg,3
daftar bisa neg loker linkidn solusi gimana,1
hubung grup family pribadi lengkap muas,5
guna rana tambah insights,5
bisa neg masuk stuck mari laku periksa aman cepat,1
loginn sulit,1
good networking platform,5
mantap gais,5
stuck mari laku periksa aman cepat website nyambung akun pake website,5
bagus bantu,5
susah banget masuk tolong berbaikin kuota wifi sinyal bagus buffting banget bisa neg akses,1
good,5
jelas neg bulan gabisa,1
bisa neg periksa aman kunjung neg selesai loading page minggu dapat neg,1
bener periksa aman jam gila,1
gagal menycapay impi putus asa usaha kerja keras hasil muas strategi dalambisnis menycapay impi,5
saldo habis kuras sapa milik neg langgan apa,1
moga bantu,5
boskuh tolong bisa neg stuck loading,1
tolong google auth logout stuck mari laku periksa aman cepat,1
fitur linkedln,5
susah buka,1
joz gandoz kotoz kotoz mak nyoz,5
ok,3
puas,4
good job,5
good help human being get knowledge and opportunity for his job career path,5
good,5
hapus dri playstore daftar bisa neg,1
sampah bikin fitur ngerugiin user ngeluh stuck periksa aman cepat rasa neg masalah,1
stuck bisa neg gimana,1
knp bisa neg ngestuck periksa cepat kyk tolong solusi kyk,1
i cant at all stuck at security check only loading although my internet connection is fine,1
baik tingkat kualitas baik,5
bisa neg instal aplikasi semenjak hp direset ulang,5
sekala,5
curiga sistem sensitif dapat neg akses data hilang dapat neg cari google,2
x stuck mari laku periksa aman cepat stuck sampe jam ada neg solusi aku stuck solusi bikin edit profil ribet tolong baik cepat,1
jelas neg banget stuck periksa cepat,1
very helpful,5
linkedln mohon baik bug apkweb guna akses informasi lancar,1
ada neg alam,5
masuk aplikasi susah sistem periksa bisa neg ganti sandi verifikasi pakai ktp tetep bisa neg,1
,5
bagus cari lowong kerja lamar,5
stuck,1
terimakasih layan satset cepat mana tampil merespon neg cepat,1
kalah,1
bantu,4
full of insights and create a chance make more networking colleagues across the world,5
gabisa mmks,1
susah banget,1
bagus,5
susah masuk,1
bisa neg periksa aman mulu kelar neg,1
susah kode verifikasi kirim neg email,1
wahhh bagus senang temu,5
moga buah hasil manis,5
ruang gabung dunia bisnis,5
kecewa gimana aduh aduh,1
very good,5
susah muter,1
bisa neg daftar bisa neg mohon bantu,2
semangat cari kerja cuman live streaming cuan yuk,5
nyoba kali ngestuck periksa aman cepat tolong baik aplikasi,1
top,5
mari laku periksa aman cepat stuck tolong baik,1
bisa neg bagi verifikasi aman muter,2
bohong,5
good apl,5
muter muter periksa aman selesai neg selesai,1
infoemasi lengkap akurat,4
the best apps not only find jobs but also the best apps create and fine people arround the world so with we can always stay connected love it so much but please make lite version apps,5
guna bisa neg akses tolong baik,1
bisa neg pake email bisa neg ake no hp bisa neg,1
koneksi cepat lengkap jaring anggauta luas,5
,5
je,3
proses periksa banget dah,1
very good thank you,5
halo tolong respon stuck periksa aman bisa neg harap respon temu solusi terimakasih,1
loadingnya banget kali tetep uninstall install internet lancar,1
jelek bisa neg baca gin mari laku periksa aman cepat nunggu menit bisa neg masuk kecewa,1
tolol bisa neg stuck verifikasi selesai neg loading,1
susah stuck mari laku periksa aman cepat,1
bisa neg gagal,1
profesional bantu cari kerja beri kerja cari rekrut kerja,5
jalan lancar tolong knapa gabisa buka,2
bisa neg periksa aman proses terus bisa neg lanjut tahap daftar,2
developer tolong baik daftar eror,1
lelet loading mulu kode muncul neg muncul kena langkah aman salah linkdln,1
bisa neg akunselalu gagal coba google jenis verifikasi verifikasi pernah neg muncul eror stuck periksa aman cepatastaga bikin kode kirim neg no captcha muncul neg munculini developer tolong baik tolong baik captcha,1
bisa neg henti periksa aman cepat,1
download lagitidak simpan hp,2
nilai gin susah gabung masuk perf nohp bisa neg,3
susah tp pas ngecek hilang verivikasi tetep gagal,1
bagus,5
lowong kerja dunia,5
bikin bisa neg salah taju neg,3
baguss,5
applikasi,5
susah loading periksa aman cepat,1
bisa neg google,1
keren dlt info,5
dapat neg diinstall hp hp hp compatible neg diinstall semua neg bs pake hp bagus doank,1
tolong cek sistem kemarin update profesi lokasi bisa neg berberpa kek gin bisa neg edit baik,4
mentok mari laku periksa aman cepat,1
senang tambah teman nwtworkinb,5
best of the best,5
bisa neg gac,2
gimana si nyusahin boleh neg pake no hp trus masukin kode masuk neg mau,2
download scam akses bank google daftarkansaya kena moga ada neg korban,1
susah loginnya baru dongg mudah loginnya,1
bagus,5
sayang perangkat kompatible neg,5
jelas neg susah mending pindah cari kerja sampah stuck periksa aman mulu kali aman neg,1
loading stuck verivikasi cepat user keluh yaang tolong baik,1
aneh,1
susah masuk gimana solusi,5
i cant because it always gets stuck on the quick security check page,1
heran susah banget tolong baik aplikasi,1
aneh liat liat perkejaan suruh mari periksa cepat tolong benerin sistem,1
im sorry i would like request a refund my dana account because i did not intend subscribe the premium service yesterday i tried the free onemonth premium trial and suddenly my balance was deducted automatically unfortunately the deducted balance was actually intended for my tuition payment which was sent by my parents i kindly ask for your help i have already canceled the premium subscription on my account i sincerely ask for your assistance even though i under,1
stuck server rusak,1
lot kagak buka,1
stuck periksa aman,1
main,4
kecewa update aman baru logout ulang verifikasi aman stuck loading page,1
bisa neg registrasi periksa aman error,1
coolest,5
tolong baik bisa neg masuk kemarin bikin bisa neg kirim kode no sms terima neg sms tolong baik,1
ko kocak banget un istal ajah ngirimin notif email ganggu doang nyampah nyampahin email gw,1
susah guna,1
good,5
banyak ganggu dari cuman daftar ganggu fitur langgan premium ganggu apa kelas bisa neg fiks,1
bantu neg disibilitas tunarungu,1
sulit karna periksa aman,1
bisa neg msuk,1
berkat meta josssssbermanfaat dunia,5
huftt nunggu jam jam gabisa stuk periksa aman,1
sampah bisa neg,1
its so complicated i just change my device but i cant sign coz need conform from old device and im not have it for old device,1
well pokonamah iye beh biang,5
bisa neg buka stuck periksa aman,1
bisa neg daftar bisa neg,1
fitur mari laku periksa aman cepat fungsi neg masala memuatngestuck jam jam hari bulan kelarselesai neg mohon silah baik,1
bisa neg digunain bisa neg mending uninstall,1
cacat loading tunggu gagal,1
izin numpang suka,5
stuck mari laku periksa cepat,1
bisa neg arah gmail ada neg konfirmasi masuk susah akses jaring bagus galat,1
gimana hasih loading periksa aman cepat hedeh kalok ada neg baik gimana masuk,1
eror mulu si web muter error data lancar,1
bantu neg bisa neg error aman tolong develover butuh kerja tolong mudah sistem bikin bisa neg dua,1
susah kek gin ada neg niat baik jelas neg mending hapus play store,1
bisa neg bikin,1
aplikasi gimana gabisa masukgagal muluwoy benerin gw butuh doang apply cv,5
simple sasar,4
really help me find job connect with people especially hr and make my personal branding more stands out,5
mencobadunia,4
bisa neg daftar no bisa neg pakai kode otp ke neg kirim kirim apa sulit,1
lumayan susah,2
keren,5
trimakasi gabung,5
gw bisa neg bikin jir pas nyampe periksa aman cepat not responding yak,1
buruk stuck periksa dri di neg bener benerin,1
update terus tetep bisa neg adu email ada neg hasil,1
verifikasi lupa pasword banget loadingnya stuck cepat aman gada hasil anying,1
alam guna baik,5
bisa neg masuk email facebook nomor telepon henti periksa aman tolong baik,1
percaya manfaat,5
bener neg bikin ae susah ampun,1
bikin upload sertif trus pas nyoba bisa neg kali kali gabisa nama bisa neg temu salah,1
bisa neg gimanaa bisa neg,1
jelas neg mari laku periksa aman cepat stuck,1
bisa neg masuk bikin muncul verifikasi cepat muter muter,2
gabisa buka paniks,5
manfaat,5
bisa neg masuk,1
aduh parah nggk masuk muter nggak pakai email pakai fb no hp tetep nggak,1
good information,5
susah banget aahahh,2
bisa neg error,1
layan customer service membantutidak neg balas bisa neg masuk ribet sulit mohon baik,1
bisa neg loading mari laku periksa aman cepat buka neg knpa bsa bgtu,1
gbsa stuck periksa aman,1
since yesterday i havent been able the mobile or web after clicking the button using email or logging via gmail always responds with lets do a quick security check and then just keeps loading and gets stuck there is there any solution,3
medsos fair neg,1
cari kerja bagus gratis batas,5
bisa neg alas verifikasi cepat stuck loading trus tolong cepat baik repot,1
stuck mari lakulan periksa aman cepat ampe jam tunggu kagak masuk masuk auto uninstall,1
jelas neg mao aj bikin ribet,2
stuck laku periksa aman cepat tolong baik developer gimana,1
bisa neg eror mohon bantu,1
periksa aman cepat ngak cepat ngak,1
sempurnah,5
applikasi manfaat kerja profesional saran kurang chanel chanel ada neg hubung dunia kerja,5
mendownload bisa neg reload trus tolong bantu developer,3
maksa update,1
membentu,5
info loker update,4
senang,5
tulis mari laku periksa aman cepat semenjak pasang authenticator aman ekstra hack stuck tulis tolong baik email,1
guna bantu,5
mau neg dapat neg lancar,1
bisa neg bisa neg buka apps tunggu tetep bisa neg,1
tolong tibatiba masuk gabisa stuck verifikasi aman,2
tolong admin baik problem bug account verifikasi aman,1
pas masuk bnget,1
gods luck,5
bisa neg daftar recomend neg jgn download nnti bug,1
parah susah stresss kelas kek gin parah bikin kali kaya gin,1
i cant even though i havent forgotten my password but why cant i my account even though my account already has many connections please developer fix it again,1
pas ganti hp gabisa bisa neg,1
performing account deactivation without any clear reason,1
stuck periksa aman cepat bisa neg tolong bantu,1
milik pengqlaman swrupa ngestuck laman bisa neg masuk,1
my account always get restricted even though i dont even do a thing i cant even open my appsaccount but always get restricted already contacted banding etc still no way out im tired of this,1
mula mudah allah mudah paham platform saksi allah kepada mohon tolong tunjuk aamiin,4
manfaat social kerja,5
tarik,5
bisa neg aihh,1
maaf tolong perhati info loker palsukemaren adek temen kena tipu info loker hasil,2
server burik,1
bisa neg buka sekaliini rusak kah,1
lowong terbit kadaluarsa sulit lamar,1
bodo tbtb pas stuck periksa aman tolong developer applikasinya dibetulin acuh applikasi,1
terimaksih sudh mebantu,5
susah loginsetiap ping jaring down jaring bagus,2
bagus,5
platform profesional guna bangun jaring cari kerja ikut tren industri fiturfiturnya mudah guna hubung rekan kerja usaha peluang karier profil baru langsung personal branding efektif cocok kembang profesional hubung dunia kerja,5
bisa neg selesai periksa aman cepat bisa neg tolong solusi,1
recommended,5
verifikasi force close,3
bisa neg kirim neg kode verifikasi buruk,1
ada neg fungsi handphone hapus,1
tim dev tidur kah update gada benerin bug loginnya tim be qa gmna update kali stuck bugnya production nahan tangan biar beri neg b,1
,5
bisa neg posting preferensi kerja open work koneksi,4
naah page error,1
usaha google jadi neg coba tekan tuju gabung dapat neg akun karna website temu neg blocked by csp sia sia tunggu loading mohon periksa aplikasi karna salah coding,1
nice,5
asli jelas neg kyk oper oper gin pas mo apknya tulis kirim notifikasi perangkat ketuk konfirmasi pas email gua buka suruh ikut langkah langkah apknya ada neg tombol situ aneh bat,2
ribet banget ngelamar kerja usaha mandang lulus s ato minim ada neg beda belah niat neg cari kerja lulus smk pandang belah mata syarat penting neg banget cuih lamar kerja mana hasil balas cman yayasan bodong alias kang tipu tipu doang dah hapus aplikasi guna neg banget cuih,1
nggak,1
susah,1
x download bisa neg user mentok periksa cepat,1
guna,5
enak bnget,5
force close tibatiba dives dukung,3
bisa neg,2
bisa neg pdahal kouta sinyal full,1
error susah fungsi neg dg kecewa,1
kayak banyak keluh masuk akun stuck henti page laku periksa aman cepat tolong solusi akun tolong teman ilang linkedinnya,1
tolong baik bisa neg verifikasi banget,1
suka bantu informasi butuh,5
mantap cepat kerja,5
s angat bagus,5
good,5
smart,5
bisa neg,1
guna neg registrasi error buangbuang,1
asa fungsi neg,2
gajelassss erorr,1
update bisa neg mohon baik terima,1
terimakasih aplikasi moga manfaat,5
very good for conection and karier,5
rusak bisa neg gausah download,1
aplikasi bagus,5
awesome,5
biss neg,5
heran daftar sampe periksa muter mulu sinyal bagus download,1
valid tarik,5
bantu dunia kerja,5
siiip,5
manfaat ketimbang sosmed,5
bisa neg stuck periksa aman cepat,2
susah masuk ganti handphone ganti sandi email,2
terimakasih linkedln wadah informasi lowong kerja,5
knapa muter periksa cepat,1
bagus milik koneksi cari kerja,5
good keep improve,3
kualitas neg,1
bisa neg logindaftar muter verifikasi aman,1
error bisa neg masuk stuck periksa aman cepat,1
mas mba maaff kih sedurunge sing bener bae dau wing baharu kien ws jaluk baharu maning iyaa dongdak kuota reangee,3
ngestuck verifikasi aman loading renti neg,3
uda bbrp nyoba daftar boro daftar banget masuk neg sampe kesel,1
masalah gabung pake gmail google bisa neg reset sandi dah hari ada neg ubah henti periksa cepat jaring dah ubah pake wifi data ayo respon,1
tarik info kerja kerja ikut linkdln,5
lowong kerja indonesia seleksi kandidat seleksi dewa hujan dewa petir dewa matahari aneh,2
emang enak buka hp biar tawar kerja,5
responsif apliaksi,1
error block by csp mulupadahal dipaketiba error,1
,5
susah x tolong respon,1
br download moga bagus,4
tolong baik bug bug ngestuck loading periksa aman cepat tolong baik bug english please fix the bug bug when i want back but it gets stuck the loading section because of the fast security check please fix the bug,1
periksa aman cepat lamaa bbi,1
there were many twists and turns that i encountered when i started building a account but because i never gave up on anything i managed find it easy work i hardly ever even look for a job myself now thankyou the place build branding and find the worlds top jobs,5
goood nice,5
bantu cari kerja bangun relasi informatif manfaat,5
bisa neg sepi wajar bentar gulung tikar,1
informatif bantu,5
periksa aman cepat ada neg maju,1
bagus point,4
dana sedot autodebit dana coba premium gratis tp niat neg langgan tau batal dana potong mohon kembali dana dana lebaran mohon bijak nyaa non aktif premium,1
manfaat keren semangat tim sukses,5
mw bisa neg,2
payah instal update,1
bantu peluang kerja paruh,5
lupa sandi alih aman cepat butuh loh kerja kerja kerja buka neg sekali buka lupa password haha buruk tangan lambatmakaisj,1
stuck halaman kece ama spek hp mumpuni rekomended neg bug,1
sengaja neg panjang premium tolong kembali dana batal langgan,1
great application,5
top banget,5
good loker,5
saldo dana potong jt dapat neg manfaat apa kembang mohon kembali saldo ambil,1
bisa neg masuk daftar pake google bisa neg fb bisa neg hadeeeeeeeeehh bikin emosi,1
stuck halaman periksa aman doang,1
eror stuck mari laku periksa cepat hubung cs pas lagiii,1
recommended application for both recruiter and job seeker,5
manfaat,5
service cup sealer tasik dukung aplikasi,5
mantul the best no word word,5
sulit moga cepat baik,1
good applied,5
bagus cari kerja email spam banget blokir lapor spam email ttp masuk email tenggelam bawahhh,1
pernah neg masuk apknya muter doang guna neg,1
susah ladang mulu gmn,1
up date info,5
alhamdulillah kali kerja jaring bantu banget terimakasih,5
tolong aj download koq ngebag periksa cepat aj terus,1
mantab informasi guna,5
bisa neg periksa aman cepat lamaa bangett,1
bantu usaha cari kerja moga kerja aamiin,5
bisnis lancar,5
bisa neg digunakanstuck periksa cepat,1
jelas neg out trus verifikasi aman loadingnya kelar neg kelar mumet pala gw,1
i can not into my account why tulis periksa aman kuota oke gabisa wee,1
mudah angkses,5
good,5
stuck halaman verfikasi lot,1
aman buruk,1
alam bnyak brpindah kerja butuh kepeluan anak berat hidup cari nafkah,5
referensi bantu,5
bagus networking upgrade tahu,5
manfaat,5
uda ngisi data profil lengkap sampe neg masuk akun ilang langsung suruh ulang laku periksa ama cepat dlakuin lot alhasil gabisa tolong baik aplikas,1
kerja keras,5
daftar linkedln satuoun dpt panggil,3
mantaaapp,5
bagus,5
like,4
dar informasi susah daftar pilih gambarpilih gambar kodok poaisinya normalkalo susah silah kunjung website daftar,1
bisa neg pakai ko jelek,1
stuck periksa aman cepat problem,1
mudah cari pe erjaan,5
good jobs,5
highly reccomended for employee employer job seeker head hunter procurement sales hr etc many things i can get ie job vacancy information general information etc,5
susah akses masuk pake email fb loading payah,1
bantu informasi n interaksi dgn teman teman,5
perfect,5
terima,5
use indeed bro cant sign up this for a long time,1
beranda masalah mana beranda tampil neg informasi apa pemberitahuan reset install ulang,2
cant make new account,1
periksa cepat tunggu jam muter muter nyalahin internet internet lancar banget,1
susah banget doang astaga,4
nggak cuman loading doang,1
ayo team linkedinsegera baik frustasi,1
bagus bantu,5
tolong lindedln fitur hemat data boros neg paket data,1
,5
tolong baik buka via google ngebug error,1
balikin uang potong premium gimana parah dana potong jt rupiah,1
bajak x hari tau lapor ada neg tindak hack kecewa,1
bisa neg masukcaptcha periksa aman cepat muncul neg,1
tibatiba ambil alih alam kerja hapus nama guna ganti indikasi rekruiter palsu tolong bantu,1
woi admin susah kali loginnya verifikasi aman muncul lha solusi gimana,1
always got restricetd,1
dgn email loading aman kunjung neg selesai,1
tau fungsi,2
jelek bisa neg relogin proses,1
user daftar bisa neg download kali bisa neg masuk,1
bug jelas neg,1
linkedln smua muda hubung dunia,5
bisa neg likendin laku periksa cepat ganti tetep kayak gitu tolong baik,1
seruuu,5
ribet gbisa dftar gabisaa,1
,4
a funtastic,5
muas post video hasilin duit rajin upload,5
ganguan susah,1
loding banget,1
,5
memmbantu cari info loker,5
stuck periksa aman cepat,1
ngw stuck periksa aman pdahal jaring bagus,1
baik sistem aplikasi bobrok banget stuck mari laku periksa uda ganti jaring tetep tembus neg,1
stuck halaman periksa aman cepat kali kali hasil neg lapor website pas selesai isi bisa neg kirim tolong baik fitur periksa keman cepat buruk ganggu dapat neg tolong baik bug macam,1
bisa neg lagistuck mari laku periksa aman cepat,1
mau neg masuk,2
susah connect rewelmint passwordkyak njolong diatmgevaarlijk zeg ben jij lkdin edan ben jij,3
butuh buffering bisa neg,1
cepet lahh weh benerinnn buffering mulu minggu,1
bantu kembang karier,5
jelas neg aplikasi bisa neg mentok aman mutermuter mulu hadehhh,1
very helpful power and new jobs,5
nice,3
jelek bisa neg,1
jelass neg bloon,1
periksa aman cepat eror bisa neg,1
ko bisa neg mari laku periksa aman cepat aneh,1
gabisa stuck layar utama,1
manfaat bagi multi disiplin orkestrasi tahu dunia,5
,5
mau neg,1
halo alam sukarela bahasa sertifikasi didik sma harga proyek tolong bantu terima,3
susah masuk,1
susah,1
fitur mari periksa cepat mohon baik stuck pasuk fitur,1
more than million people use it it will be great,5
bagus aplikasi batu,4
out stuck halaman mari laku periksa cepat muter muter error ganti wifi cepat error tolong baik bagus aplikasi kerja harus neg lamar hr tolong baik terimakasih,1
bisa neg,3
good,5
paksa usaha tentu usaha tentu rusa negeri,1
bantu cari kerja,5
good,5
hello linked knp hlmn linked menyngknan neg lembran,5
periksa aman gua dwonlod anjir,2
bisa neg instal,1
susah banget,1
kecewa habisa stuck situ situ,1
henti,5
buruk daftar fb email google tetep bisa neg nunggu ubah tetep ngestak sana ngarahin web mohon baik fungsi,3
bagus,4
guna neg,1
guna linkedln update bisa neg mohon developer baik linkedln,1
rusak bisa neg tulis mari laku periksa cepat loading banget tunggu muter mulu,1
baik,5
kenpa ngebug tolong baik,2
kecewa dl usee dg follower k ambil alih org bisa neg pdhl verifikasi langkah eh bikin rintis th skrg bisa neg buka dukung neg perangkat suruh hubung developer gmn,1
loker sopir b,4
periksa aman cepat bisa neg tolong apknya baik,1
alam bagus terima,5
alam buruk developer ajar,1
goodluck,5
senang,5
sampah bisa neg,1
daptar pakai ktp eh bisa neg masuk pripikasi ktp bisa neg masuk guna neg data dlm di neg salah,2
kali instal uninstall bisa neg gabung jaring jaring baikbaik tolong baik,2
allah sumpah jelas neg linked tbtb ngambil uang sumpahhhhh,1
bagus cari kerja,5
smoga manfaat pasti,5
kali kali susah masuk,3
woy gbisa gmn,1
susah,1
sengaja neg bayar premium google play mohon kembali uang,1
sumpah susah bnget masuk aku mau neg masuk tau neg aneh,1
bisa neg,1
informasi positif,4
pernah neg baik halaman stuck periksa aman cepat tunggu sampe loading tolong perhati susah andal,1
moga gw dapet kerja jir cape nganggur,5
okeh,5
,5
reset password gagal page not found,1
gbsa daftar akunstuk periksa,1
susah banget nge loading sampe tinggal solat kelar neg proses gin neg,1
lowong kerja gagal mulu mode hp tolong benerin biar posting loker hpmobile,3
daftar besok bisa neg henti status mari laku periksa cepat bisa neg,2
,5
erti mohon bantu bimbing kk,5
mantap sesuai harapa,5
bisa neg buka,1
bagus,5
logout pas akun ilang hanya neg teman alami sulit sulit ramah neg,1
manfaat informatif banyak aspekterimakasih,5
parah gag,1
gabisa,1
awesome,5
moga,5
kecewa langgan neg premium saldo dana ambil nominal rp coba aju claim dana refund tolak,1
guna,5
ok,5
bisa neg,1
buruk periksa aman baik neg cepat atas mbps muat captcha,1
bantu bisa neg,3
i got a lot of informations about how teach structure well,5
mari laku periksa aman cepat tolong baik servernya,1
bantu cari kerjaloker mudah lamar,5
good for looking job around the world,5
professional aplication,5
baik,5
laku periksa cepat maksud hapus buka neg linkedn out aneh banget,1
susah loading periksa,1
terverikasi ok,5
every thing is ok,5
trimakasih buat perlu cari kerja jawa doa moga cepat kerja anggur manfaat guna manusia manusia,5
sulit sulit daftar,1
bantu cari kerja,5
info diberioan bantu,5
sulit mohon awat,1
worth have and utilize this application on my daily basis very helpful connect with executive people,5
ok,3
gimana cerita bisa neg verifikasi captcha gagal mutermuter mari laku periksa aman cepat di neg browser pc,1
good idea,5
lelet banget,2
gagal teruspadahal koneksi bagus,1
baik aman buruk ambil alih konten ganti ada neg notifikasi apa akses ganti password aktif verifikasi langkah bisa neg fitur mari laku periksa aman cepat loading tolong baik,1
platform hubung profesional alam newbie bsa alam komunikasi bisnis sosial,5
too many ads annoying,1
dapat neg coba ubah neg halaman periksa aman cepat selesai neg loading,1
linkedinku dadak logout periksa aman loading lama sampah,1
akunlinkediin ku mudah kena hack tolong baik algoritmanya terimakasih,1
manfaat cari kerja,5
gabisa masuk gajelass verifikasi ampe poto sim ktp gabisa gajelass ppek,1
ok,5
m nt p,5
manfaat bisnis,5
skli,5
cant keep reloading,1
good apps,5
susah daftar linked,5
mendapt alam,1
informasi dunia kerja,5
bisa neg masuk periksa aman cepat mohon baik,1
ribet jelas neg gampang ngari kerja glints simpel ubah glint,1
susah anjj,1
tolong kembali uang uang setor,1
mohon muat loker kadaluwarsa neg,5
dapat neg masuk ngestuck,1
bagus inovatif,5
bantu cari kerja,5
baik,5
mohon bantu tibatiba bisa neg buka,1
mohon dana kembali langgan sepengatahuan neg k,1
elegan,5
bagus,5
download bufferingnya lewat,1
usefull,5
kereen,5
durasi buang sabar butuh,1
masuk daftar susah muter jelas neg pake jaring wifi,1
bisa neg masuk stuck pemerikasaan aman,1
inibertemu profesional bidang,5
smpe x bisa neg tolong baik malem bisa neg pagi bisa neg siang bisa neg,1
verifikasi belibet libet wak sodorin verifikasi profile fitur verifikasi jelek,1
nyoba,3
bisa neg masuk tau neg,1
download gabisaaaa,1
puas,5
bosok,1
loginnya susah betuul pas tau besok logout bisa neg,2
susah kece aman loading,1
daftar berkalikali bisa neg aneh,1
very good apps,5
kali ku ban sendiriii bikin cuman muncul mari laku periksa cepat tolong gimana atas,2
mari laku periksa cepat what the hell with that words,1
banget proses,1
mantap bantu,5
kayak emg sengaja mo bikin anggur banget gw kmarin mo sibuk aman trus gagal the best lorang bubar ni,1
rusak developer bisa neg tau fix,1
goood,5
bagus,5
mantap baik,5
bisa neg muter muter,1
verifikasi captcha nunggu sampe jam jam gabisa masuk gagal ngulang gitu captcha ggda muter muter tulis mari laku periksa aman cepat,1
applikasi sampah bisa neg,1
tolong tindaklanjuti bisa neg,1
kerja bawah pimpin presiden,5
susah cumak muter,1
kali ban tambah skrng tulis mari periksa cepat maksud tunggu jam gabisa pas selesai halaman sedia neg sistem dibenerin masalah mulu dah,1
mantap lowkernya,5
susah banget daftar,1
bisa neg teman scan foto diri foto ktp teman padahal neg,1
daftar susah,1
loading bisa neg masuk,1
jelek aplikasi minggu gabisa periksa aman cepat masuk neg aneh komplain tp gaada tindak gimana woi butuh kerja,1
linked gmail profilenya kosong lama neg hapus permanen kemarin linked gmail jalan lancar ada neg tibatiba bisa neg masuk mari laku periksa aman cepat henti situ mohon cerah developer terima,1
terima hadir,5
krn kerja bln tiarap rumah,3
susah,2
permisi aju protes contact support beri neg respon bantu kena resticted alas jelas neg laku neg aktivitas larang respon bantu kembali tolong contact support,1
akun tibatiba hilang jelas neg banget kemarin habis kena hackkocak,1
,4
susah loading lelet,1
susah loginnyaaa,1
susah tolong periksa aman,1
bisa neg buka baharu jaring bagus,1
periksa aman,1
gabisa bikin email ttp loading doang,1
buka verifikasi banget harap loh,2
mulu verifikasi aman jam bisa neg,1
ok good,5
i already took a photo using my passport for identification but it requires an epassport for scanning not all countries have epassports dumb,1
very good,5
muter doank bisa neg masuk dr hr,2
periksa aman cepat bisa neg masuk masuk dah,1
jejaring bagus,5
lupa password bisa neg loading,1
bantu ok,5
erorr,1
tolong kembali uang rupiah maksud neg langgan potong otomasi butuh uang mohon bantu,1
not working on my device,1
hp bisa neg instal tulis kompatibel neg teruss,2
daftar susah,1
ok sgt bantu,4
allah tahu neg dana potong google play tahu neg langgan ada solusi aju kembali dana,3
woy linkedln ayo beffering mulu baik,1
fungsi neg mesti sulit kece aman pengunaan,1
bisa neg stuck periksa aman cepat apa bisaa neg tolong baik,1
bagus info,5
bantu terimaskasih linkedln,5
imfo bantu,5
benarbenar guna a puas neg b cukup neg puas c puas puas pilih muas puas,5
bisa neg menginstal via hp android pake iphone gabisa,1
keluh guna rating,1
ampas gabisa buka,1
lot gabisa buka muncul tulis laku verifikasi cepat tpi loading mulu,1
eror gimana update reset ganti mas bisa neg buka,1
keren cari partnership bisnis,4
stuck periksa aman captcha muncul neg silah dibenerin webnya captcha block by csp,1
bisa neg buka,3
buffring ulas,1
buffering,1
tolong susah benget guna tibatiba keluar stuck mari laku periksa aman cepat pakai email bisa neg sampek verifikasi ktp,1
jelek tibatiba bisa neg tolong baik aplikasi butuh fresh graduate butuh info loker please admin,1
uang tepotong dana pernah neg langgan tolong kembalikkan uang sya pernah neg dar,1
sulit instal daftar,2
saldo dana potong rp langgan neg jahat banget,1
bikin tp pas masuk bisa neg buffering,1
loginnya butuh eventtttt,1
stuck verifikasi cepat loading masuk neg apps browser pakai hp pakai tab pakai laptop bisa neg service center hubungin mana pulak,1
bisa neg muncul tulis mari laku periksa cepat tunggu sekian buffering muncul halaman sedia neg liat review protes desember sampe ada neg baik,1
,4
bisa neg masuk,1
error mulu dah mudah sulit,1
woy eror woy bisa neg bug woyyyyy,1
stuck tampil verifikasi aman hp laptop solusi,1
bisa neg masuk,1
ribet lapor pernah neg,1
tolong bantu basa neg sandi pin mereset ulang pin da sandi bisa neg muncul bug error tampil tunggu mohon bantu giat tinggal up,1
suka baguss pas post error loading,2
tolong perbaikanny pliss,1
keren,5
bantu cari kerja,5
mantab bantu,5
daftar kali bisa neg karna tetus buffering mari laku periksa aman cepat coba cari informasi internet hasil nihil,1
saldo dana tibatiba tarik rp rasa neg langgan mohon bantu kembali dana guna neg layan,1
gagal solusi mohon bantu,1
bisa neg ngelag periksa cepat,1
bug stuck security check,1
bisnis online kenal,5
cacat bisa neg guna neg buffering periksa aman di neg baik cacat,1
bisa neg eror mohon baik,1
informasi lowong kerja akurat muas recommend,5
poor aplication i have lost my job because my account was blocked suddenly without any logical reason very disappointing,2
kompatibel neg perangkat,1
errorr gbisa daftar mari laku periksa aman apacb,1
aneh bisa neg buffering periksa aman aneh konyol,1
lot bgtvsetelah baru periksa aman bisa neg buka pdhl koneksi stabil,1
serba bayar kirim pesan musti premium bayar mahal banget,1
guna pas bisa neg tulis mari laku periksa aman cepat buffering,1
faster and detail,5
periksa aman cepat bisa neg halaman web deteksi neg,1
mantapsemoga depa,5
susah daftarsudah isi nomor isi kode error isi nomor pas isi kode error kode di neg kirimkirimentah mau,1
bisa neg stuck tulis periksa aman cepattolong atas,3
bagus cari kerja,5
penuh alam,5
oke banget,5
cacat,1
bisa neg mereset password,1
fungsi neg sm menyebarluaskan data pribadi bantu neg,1
bantu cari referensi kerja,5
jelas neg gimana buka tulis mari laku periksa aman cepat mulu heran dah,1
susah banget loading masuk unlimited,1
jelas neg,1
fungsi apl,3
contoh ulas bahasa inggris tingkat daya tarik ulas profesional highly recommended nama consistently delivers highquality work and demonstrates exceptional expertise bidang ahli ive had the pleasure of working with nama on several projects their attention detail creativity and professionalism are truly impressive nama is an outstanding professional with a deep understanding of industribidang thei,5
henti langgan sulit proses,1
bisa neg buffering teruss,1
bisa neg,1
daptar koq susah banget nunggu verifikasi aman,2
mohon info bisa neg buka,4
bantu dunia kerja,5
baik,5
mudah indormasi kerja,5
muter bisa neg,1
bisa neg didownload,2
kena hack ambil alih sesuai data ubah kenal neg nggak komplain bilang nggak langgar tentu mentok verifikasi akun kena tangguh kena sangsi tolong admin ringan,1
turut puas terima,5
why when i open the appwebsite i always get stuck on quick security verification i have tried uninstalling and installing the and i have tried clearing the cache but it is still the same,1
dapat neg loading tulis mari laku periksa aman cepat,1
referensi,5
tarik,5
bantu,3
harga neg privasi sebar data informasi gampang lolos,1
masuk gimana woy gw periksa aman cepat lamaa banget gabisa gabisa,1
lancar situs,5
informatif,5
nice,5
update januari bisa neg henti mari laku periksa cepat mah nama guna neg update sampah,1
daftar error mulu mentok dibuffering periksa aman cepat tolong baik,1
,1
jelas neg susah banget ngeblank muter mulu,1
good,1
bisa neg dibukaakses email penuh pemberitahuan akan aktif interaksi,2
biaya premium lewat mahal,3
bantu,5
kirimkn dl,4
langgan neg knp tarik,1
linkedln bisa neg hp laptop keteranganya mari laku periksa aman cepat ganggu jam tunggu harap linkedln atas baik salah terimakasih,1
stuck periksa aman cepat,1
so far so good,5
maaf kk gabisa download butuh banget cari kerja,2
lot force close,1
peluang bisnis mana juang,5
gimana daftar januari ngelengkapi profile akun index google minggu kerang pas cek akun ada neg pas gabisa tulis mari laku periksa cepat tunggu reload webnya eror halaman sedia neg gapernah device satu ko kena verifikasi gitu,1
tutup bisa neg,1
senang tahu dapat,5
bisa neg payah,1
bisa neg nomer telepon,1
download,5
bantu cari kerja cari karyawan kompeten,5
bisa neg buka muncul mari aman cepat ujung error,1
daftar sulit proses banget periksa aman cepat ini makan menit sinyal aman lancar,1
bagus kalang profesional,5
bantu,5
bantu,5
gagal daftar hasil logout masuk muter muter mulu bisa neg masuk,1
tolong kali kali coba bisa neg milik milik koneksi mudah neg dapat bajak ubah nama coba bisa neg verifikasi ktp merespon neg coba buffering periksa aman mohon baik,1
bantu proses cari kerja informasi kerja,5
gimana buffering mulu laptop jg susah error baik sistem platform gin,1
linkind bantu temu job sesuai fengan talenta,5
nugguin verifikasi aman trusss,1
periksa aman,1
tahu,5
suka neg initolong hapus aplikasi hp,1
,5
bisa neg masuk minggu halaman web sedia neg,2
bisa neg buka,2
gabisa developer buru baik bug update,1
bisa neg masuk gabisa bikin,1
,4
,3
ok,5
suka,5
mantap,5
mantap,5
helpful,5
bisa neg download,5
bantu,5
ok mantap,5
buffering mulu jirr download,1
cv,5
mantap euyyy,5
susah loginnnnn,1
bisa neg masuk erorr,1
gabisa mulu,1
ayo berekpresi,5
payah susaj,1
alhamdulillah neng banget cari kerja mudah panggil doa alda puasa panggil kerja langsung terima kerja aaaminn,5
teman percaya gabung mantap,3
tolong kembali uang potong otomatis gopay saya neg pasu pin,1
im sorry but this is broken,1
tolong baik menu registrasi bisa neg daftar error periksa,1
grow professional network and carrier opportunity,5
loginnya susah tolong baik,1
masuk angin bisa neg,1
loading tibatiba logout masuk logout tolong baik bug sistem,1
tarik dunia informasi komunikasi bidang universal service bantu kerja,5
bantu cari peluang kerja kembang enterpreneur,5
bisa neg,1
loadingnya stuck pas daftar,1
stuck on loading for,1
nggak masuk aplikasi,1
bantu informasi ilmu tahu peluang karir bisnis,5
tolong iklan suka muncul dmana bosan,1
muncul mari laku periksa cepat cepat mata kau puqiiii,1
rekomendasi cari kerja,5
oke,4
keren banget my soulmate butuh kerja gabung,5
error kah bisa neg yak periksa aman cepat mulu tulis ujung tulis website error kocak dah,1
mohon maaf susah kali dn jeda ttp bisa neg mohon bantuanya terima,2
bagus mudah cari lowong kerja online,5
cacad tololl anehh muter terus,1
susah periksa aman stuck,1
masyallah,5
mantaaap,5
bisa neg donlot,1
gabisa daftar,1
bagus ok,5
bisa neg,1
warrr,5
ok suda,4
bagus aplikasi suka lamalama suka biasa,5
nilai,5
i m welder,4
sangatt guna,5
tutor donggg masuk neg dh,1
verifikasi ribet,1
produk,5
stuck periksa cepat,1
bisa neg muter mulu koneksi stabil,1
mantaf,5
moga bantu sukses impi capai bawa orang tua umroh amin moga semuah gru jaya sukses sllu,5
ni,5
kotor bisa neg bantu jual iklan publikasi kerja usaha apl miskin negara miskin,5
jelas neg stuck periksa aman terus,1
dear developer kelola alami kendala bulan bantu hubung terimakasih,4
bisa neg,2
bisa neg,1
mantup,5
like,5
pas daftar hambat periksa aman cepat,1
kaasih neg mending kasih neg gagal sign up teruss guna neg,1
wonderful make easy my task and always supporting thanks noted we can discuss everythink about business and management from new relations,5
gabisa repost postingan,2
tolong bisa neg email baik tolong aplikasi,1
mentok buffering periksa cepat sinyal mulu jls neg tolong maintenance,1
daftar tp bisa neg kecewa rekomendasi bagus,1
mau neg pdhl buka trus suruh verifikasi identitas selfifoto ktp tpi bisa neg baca pdhl foto tolong bantu solusi gimana nnti klo bantu bintang kasih,2
masak kuali,5
keren apic orangorang hubung beda status untung belah profesional,5
kena hack verifikasi kali bisa neg buka hacker beli premium bisa neg bayar telah kena hack bagus,1
knp,2
pernah neg dpt kerja dsni wkwkw,2
buffering mulu,1
dpt bnyk info kerja good job,5
rindu,5
knapa bisa neg masuk eror masuk,4
nyepam banget email,2
gabisa masuk periksa cepat buffering,1
niat nggak niat neg hapus butuh nggak dipake,1
bisa neg daftar stuck periksa aman,1
bisa neg registrasi,1
tolong bisa neg buka loading ada neg tanda ata hanya neg loading mohon turun tangan bantu terpaksaa,3
verifikasi ngerti neg indonesia mau,1
woi gabisa anjer napa ngestuck periksa aman cepat tolong solusi apa biar gua kerja susah,2
keren habis,5
ok,1
nice,4
bagusjadi informasi lowong kerja,5
bisa neg log golgel gimana,5
selamat sore moga lancar sukses,5
bisa neg loginbuat periksa cepat tolong diperbaikin,1
mantab,5
bisa neg bikin gimana gagal mulu lot,1
saran cari informasi kerja hubung rekan kerja,5
jejaring lingkung positif vibes org dgn semangat juang usaha penuh dedikasi ajar etc,5
bisa neg,1
bagus,5
bisa neg daftar stuck verifikasi,1
keren banget,5
susah bener gimana nihhh tolong error urgent nihh yaampun baik errorudh bolak hasil tetep error terusss,1
informasi guna kembang ahli profesi peluang kerja,5
verikasi masalah bisa neg masuk,1
bantu dunia usaha kerja tambah jaring tahu,5
bisa neg daftar tulis halaman web sedia neg jaring bagus,1
linkedln saya neg bisa neg masuklogin mode buffering terus tulis mari laku periksa cepat solusi coba dr laptop bisa neg verifikasi hape jadi status blocked by csp,1
bantu informasi lowong kerja,5
apalikasi dukung karir kerja,5
susah banget gabisa,1
tolol gamau dongo,1
mudah koneksi sharing manfaat,5
,1
,5
suka linked mudah paham mengibur content tarik mantap,5
luarbiasa member luarbiasaselamat kiprah capai baik,5
paok dajjal tolol guna neg suruh msk no hp ad neg sms pakm,1
ab or bosun,5
donlod mudahn dpet kerja yag ccok,5
puas,5
admin kena hack ganti email gimana tanggung tutup takut aneh,3
good,5
tolong baik ngelag bisa neg,1
mohon maaf banget susah mentok periksa aman cepat mohon baik,1
bisa neg daftar je neg,1
tolong ganti handphone tulis mari periksa cepat tunggu neterrblockedbycsp gakbisa,1
ajar reset hp logout susah loginnya,5
bantu cari networking kerja bisnis teman,5
stupid job platform,1
bantu,4
aneh banget isi data data diri ntah experience study about profil kena restriced aju banding kemarin ktp verif wajah pagi email restriced acc remove pas masuk muter muter tulis mari laku periksa aman cepat gitu sampe,1
business premium mahal banget jtbulan,3
need improvement,4
margono presiden republik indonesia,5
terimakasih,5
jos,5
ok mantap,3
out eror install ulang,1
kenap tidk mendownload aneh,1
driver,5
update iya registrasibikin susah banget server masalah kah developer ngelakuin registrasi ujung ujung bisa neg make no hplewat google facebookganti device hp laptop tetep bisa neg mohon developer update registrasi mudah,1
nama edit bisa neg ubah dapat neg huruf s susah banget jugaa wkkw periksa aman lamaa selesai neg selesai,1
alhamdulillah koneksi,5
terima,5
bug baik,5
nggk,1
bisa neg pake hp,1
sangatt informasi tarik baik,5
rumahtangga panggil menjadinseorabgnpemimpin partainpolitikkristen nasionalis kristen dot majumembangun bangsa mensejahterakanbangsa seta cerdas bangsa jauh korupsi daribangsa contoh dgn keringatsendiri spt sosok kakek sayaprofjmpanggabean punyaasset jual tinggal ygtidak tinggal kristus,5
mantap,5
error nyasp tau masuk,5
downolad tarik rp duit tarik otomatis ada neg tuju beli aplikasi rugi tolong bantu kembali uang ambil,1
bisa ambil dahgimana ni data data gua gimana dalamnyajelek banget aman nyasampe gua bisa neg masuk,1
good aplicaton,5
download gabisa kek eror gitu tolong baik terimakasih,2
mulai eh sistem periksa lot banget,1
eerr vc kencing manis,2
knapa sya bisa neg install lagimohon bantu,3
harus ganti perangkat kompatible,3
says pas re install bisa neg error butuh banget pake tetep error tolong baik,1
ganti perangkat ulang suruh buka tekan gimana tekan web bener bener aneh email bales neg kek gin boleh neg solusi,2
cargobandara jasa kirim cargo via udara kirim paket pelosok daerah indonesia jasa kirim via udara murah solusi percaya layan cargobandara layan kirim express seluruh indonesia,5
bisa neg sign sinyal cek,1
stak periksa aman cepat pasu sesuai perintah stak,2
percaya,5
halo admin complain kait daftar kali tunggu menit bisa neg masuk kendala server jaring bagus ada neg laging baik kali pulih,1
sunguh luarbiasa,5
bantu proses,5
mudah periksa,4
apa daftar susah banget error mulu nyoba daftar pake email no telfon sampe fb bisa neg web tolong profesional mudah bikin ribet,1
rusak gabisa buka periksa mulu kontoool,1
kayak facebook,5
baru tetep bisa neg buka,1
nggak loading sinyal klo kode prefikasi nggk masuk,1
ampun,1
susah banget,1
susah eror,1
nggak masuk accountcuma stuck loading,1
assalamualaikum aamiin aamiin aamiin aamiin aamiin allah swt firman qs albaqarah ayat,5
kemaren sampe gabisa error masuk neg,1
bug,1
this good,5
versi close refresh tolong baik,2
loadingnya eror diinstall ulang gitu gitu,1
back close selesai cari klik profil,1
force close google pixel a,2
error cari mesin cari keluar halaman wall bisa neg searching apa error,1
,5
force close,4
aplikasi error bisa neg,1
nge bug,5
fix the bug not running on android version,1
the best,5
why open profile become crash and close the page,2
premium mahal worth neg it,1
lq f,5
habis update,1
tibatiba bisa neg cek profil koneksi profil buka pesan bisa neg otomatis beranda update ada neg menu baru google store out berkalikali uninstall install emang gangguang,1
tolong baru sistem verifikasi banget developer baru sistem operasi,1
hari close force knpa,1
gabisa allah jelas neg kmrin skrg gabisa,1
profesional jalan hubung bisnisthanks,5
sangattttt kecewa susahhhhh bagus,1
great job hunter community application,5
aada bugnya tolong bantu baik tbtb henti,1
bisa neg,1
great,5
update android bisa neg cari profil profile tsb lgsg force close,1
bajak bisa neg loginsampah hapus team,1
tolong developer android ver update android mo ganti basq,1
bisa neg error diupdate proses verifikasi gagal masukin password error,1
kasi aplikasi,5
susah eror pas verifikasi,2
cant make a new account since weeks ago,1
suka,5
bisa neg digunain tau neg knp gj nyari kerja shrsnya mudah sulit heuuuh,1
tunggu melakua pmeriksaaan cepat asli lot ak sampek daftar hap leptop tp hasil tetep gimanamau,1
rockybali,5
gagal putar putar jelas neg,1
error,1
buka pesan langsung halaman utama susah,1
aplikasi bagus kerja hasil apply cv,5
chat di neg akses eror,1
cant cant create a new one bad,1
,1
support neg android buka linked auto tutup halaman profil,1
tolong bikin muter doang,1
tahu,5
mantap,5
ajar ilmu penulispenulis ahli bidang masingmasing thx,5
instal kemarin coba,3
force close vivo android,1
dapat neg stuck security verifikasi baik,1
mantap pooolzipp,5
pas besok akun tuh stuck periksa aman cek hp kakak ada neg alias ilang bikin bisa neg,1
ni bisa neg buka verifikasi cepat sampe minggu lkebuka,1
ssya mengunakan,5
server lot pas verifikasi parah,1
bisa neg periksa aman jalan neg,1
hai suka sedia lowong kerja saran tolong lowong lebih minggu hapus otomatis terima neg lamar,5
sungguh bagus manfaat smua,4
bisa neg henti loading periksa aman cepat tolong baik,1
tutup,2
kontollll,3
bisa neg perintah melakuksn periksa cepat lambat bisa neg,1
dapet kerja jels neg,1
kirim foto kirim sms nomor bkin,5
good platform,5
networking bisnis konsisten sempat bisnis komunitas masuk konten posting luar bisnis ingat ingat geming neg baik keluar blokir moga innovatif,5
good aps,5
suka neg,1
bisa neg loginpemeriksaan aman banget berjalanpadahal neg sinyalkuota oke,1
ribet,1
linkedln platform baik masyarakat bantu dapat informasi baru,5
ampas force close hp high ampas,1
force close masuk menu profil profil vivo v pro android,1
terimakasih memberitahu,5
memfalitasi curi data rugi,1
verifikasi gabisa pake ktp pake paspor semua neg org pake paspor persona rd party tolong benahin ganti sumsub susah,1
,4
please quickly fix the security verification bug that is so annoying,1
banget beku kali ban mulu,1
tlg proses kn trimakasih,5
tolong baik buka utama buka profil install uninstall hapus cache call center hubung ada neg solusi cepat,1
the verification menu not all countries use nfcpowered identity cards this feature needs be on the feet again,3
situs cari kerja bagus,5
dapat neg masuk loading stuck din periksa aman cepat,2
masuk neg,1
banyak notif penting neg,1
kompatibel neg asus zenfone,5
x bikin pernah neg sekali jam bisa neg laku minta verifikasi persona tpi hasil data konfirmasi neg sungguh sulit,1
susah,1
bagus imfo lowong muda tinggal klik nama usaha,4
klik profile notifikasi kunjungin profil usaha teruss hapus cache uninstall intall tetep bisa neg tetep ngebug,1
i got many knowledge here,5
bagus kerja teman,5
bugsaya bisa neg,1
r r t,3
bisa neg mendownload,3
bisa neg diupdate,1
gblk ampun hadeh,2
alam kerja cleaning service,5
force close jelas neg,1
moga muas,1
ampas bener servernyamau daftar mentok periksa aman internet bagus,1
mudah,5
yes okay,5
buka konten profil buka inbox langsung tutul beranda fix thissss,1
hack,1
bisa neg baru bisa neg loading,1
bagus informasi,5
top lambat,5
pokok mantap update info lowong kerja rekan rekan,5
kompatibel neg perangkat,1
henti update,3
,1
tolong dk loding,1
ada neg pilih sesuai profesi ttng asisten mahasiswa pdhl ngetik homecare awat lansia tp muncul neg,2
bisaa neg buka nyaa,4
applikasi bantu cari kerja,5
daftar logout pas gabisa mutertrs,2
oke bangetbsays suka,5
very good luck and thankyou so much,1
nggak dapet akses,1
muter tolong baik,1
parah close,1
layan publik bidang olah raga,3
puas,5
bantu lowong kerja,5
bagus,5
loading setannnn,1
mudah terpecaya,5
perangkat bs neg,2
,1
gabisa daftar,1
bagus fiturnyq,5
bisa neg stuck periksa aman cepat,1
ayu lembayung,5
jelas neg bisa neg download auto hapus,1
,5
why always force close iqoo,2
hi linkedln,5
suka otomatis,5
crash akses profil member,1
gabung dunia maya,5
mantap,5
force close mulu,1
suka byak bantu,5
jos,5
tolong team bug versi baru buka at ulas profil langsung android device iqoo tolong baik bug,2
ribet susah parahh,1
mantap gengsi,5
bagus,2
nomor sebar woi pesan nomor ponsel linked anj,3
x bikin pas bagus bagus kena hack jadiin ujungujung verifikasi trus ajuin bilang langgar trus gampang bobol nggk make,1
coba moga manfaat,5
puas,3
bisa neg buka,1
mantap maasyaa alloh tabaarokalloh perlu neg ragu,5
tolong tim hambat stuck loading periksa aman cepat tunggu gaada ubah tolong solusi,3
mantaps,5
gud job,5
bantu cari kerja,5
bantu networking cari kerja fitur rekomendasi akurat,5
spam,1
lot sulit pulih tutup,1
lemoot verifikasinyaaaa,2
bantu mengupgrade kembang cv tambah relasi praktis,5
sbenernya aplikasi neg lowong kerja cocok iklan brand loker pernah neg tanggap pakai,1
bagus loker,5
bisa neg verifikasi bener ktp,1
ok google,5
mantap,5
crash menu profile langsung tolong bantuanya,5
kek gin verifikasi uda sulit tebak gambar pdahal verifikasi next time baik persulitt,1
susah banget bikin akun,3
platform profesional baik bangun jaring temu peluang karier pamer ahli fitur lowong kerja personal branding learning alat esensial kembang karier antarmuka intuitif komunitas dukung jadi pilih utama profesional,5
masuk verivikasi capca sulit,1
bagus koneksi rekan lainthanks sukses,5
layan buruk bisa neg masuk muncul verifikasi captcha ulang ulang,1
pt reka mulia konstruksi direktur pt bahtera bahagia direktur teknik direktur operasional general manager pt perdana karya direktur teknik,5
niceee,5
taekkkkkganti hp sj gag bs lgsistem mana bosokkkkksy hilang,1
masuk kali akses batas verifikasi pakai ktp bsa neg masuk tolong mudah verifikasi pakai ktp bsa neg masuk,1
tolol guna neg,1
tolong tim audit hapus ulang kali kunci sandi ulang kali eror jaring internet cepat stabil ulang kali hapus ngk terus kali coba kali ngk kunci sandi hapus habis update coba ulang kali ngk jaring internet stabil cepat ngk kunci sandi hapus linkedln tolong bantu hapus linkedln,1
applications serving jobs and connects people,5
bagus produktif,5
moga apks lancar dikteal,5
mutu neg,1
bisa neg uninstal,1
bantu cari kerja guna mudah,5
i like,5
est,4
doang sulit banget,3
pokoke berghuna,5
bisa neg kode captcha valid neg sesuai instruksi,1
halo linkedln bangga terima,4
tolong sulit uda nyoba kali pake verifikasi persona sim sampe ktp bisa neg kamera bisa neg fokus kali pake scanner si neg tolong ni dipake msib,1
cari kerja dapat neg mulu tolong baik guna cari kerja banyak s,1
sarana sosmed guna,5
keren,5
mudah cari kerja,5
baik terimakasih,5
forceclose profil color os tolong fix bugnya,1
force close lihat profil,1
pho pho kung kung bun khiet sen ku yuen amsiong,5
has genuinely transformed how i approach my career its not just a platform but a space connect learn and grow professionally from insightful posts opportunities i wouldnt have discovered otherwise its become an essential part of my daily routine highly recommended,5
verifikasi gambar sesuai ngulang sampe kali tolong baik mudah,1
cinta ff,5
guna jalin koneksi teman rekruiter update kait informasi lowong kerja guna teman koneksi,5
saldo sedot,1
ohh,4
,4
tolong baik sistem batas pake kerja hambat kerja verifikasi gagal,1
mantabs,5
masuk aplikasi ngelag,1
one beauty,5
networking kerja bagus notifikasi membludak baik notifikasi menggangu,3
aplikasi bagus bisa neg verifikasi puzzle tulis kode salah valid neg mohon baik,2
qqx tet,4
best information,5
,5
force close update oke akses website aplikasi mohon baik aplikasi terima,1
mantap bantu,5
nonaktif gitu pas verif gagal verif bat rekomen dh nyusahin org,1
suka jarang buka good,5
most recommended apps for self development,5
impresive all good stuf for the expanding properous for future,5
lamar kerja mudah,5
iuh,4
moga personal bantu kerja sukses,5
always force close,1
cant search job filter by location,2
cant open my own profile or people profile it looks like the forcing close my iqoo phone please fix it and ill change my rate thankyou,3
sesuai,5
batas banget pake identitas paksa tugas sekolah batas gimana verifikasi sulit gampang batas,1
good jobb,5
verifikasi mutermuter jelas neg,1
gabisa pdhl ribet berkalikali verifikasi kode verifikasi masuk neg sms telpon ribet sumpah,1
bisa neg ubah email,1
i just created an account and it was hacked i cant my account this is very broken,1
nice experience and benefit using,5
buruk banget boro boro cari kerja gagal,1
valid and reliable news steady,5
okeehh,5
tau neg gunain,1
mantapp,5
premium lowong setingandan hrd bot,1
daftar susah susah,1
satoriansyahputrosadiono pasang amplikasi inlinkiathsaya reting,5
lambat kirim pesan,4
alam,5
bug anjg,1
good info,5
bagus informasi kerja tahu,5
numero uno,5
bantu kerja cari kerja perusahaaan,5
okok,5
ff,4
the best,4
alhamdulillah manfaat jalin hubung profesional sukses salam,5
bantu dunia loker an cuman kelas elit aplikasi karna kualifikasi kaleng neg tawar,5
alam kerja divisi marketing citybank lippo karawaci,1
bagus bantu,5
narita inar,5
jelas neg banget ganti sandi karna sandi salah nomer email aktif eh salah bisa neg kemaren verifikasi mulu,1
albeth anak neg semut selesai,5
verifikasi berulangulang bisa neg masuk gara verifikasi,5
impressive,5
biasabuat aman data cerita ku kemarin kena hack panik maintakut neg salah respon admin alhamdulillah ku terimakasih,5
masuk ribet verifikasi pilih gambar bikin esmosi bisa neg masuk,1
ooojolk,2
masuk susah banget,1
the future i hope join and become part of the exxas family,5
there is a bug that i cant open my profile,3
good moga bnyak memmbantu job seeker,5
ketemu jawara industri,5
masuk sandi salah pdahal sandi trus katasandi salah trus jelas neg,1
aktip,5
bantu,5
cari kerja mudah,5
liat,3
its cool,5
tambah relasi,5
aman buruk berulangkali hack profile rubah rubah inbok rekan bisnis kecewa,1
bagos,5
linked well,5
jujur khir searching ngaco nyari loker indo mlah parah kya neg tolong baik,3
force close,2
rugi uang dana hilang bayar langgan inipadahal tau neg pernah neg langgan ada neg pemberitahuan notifikasi inimain ambil langsung sajatanpa memasukin pin dana rugi hadap,1
media transformasi didik,5
suka,5
jelas neg beli premium besok kena sesi bisa neg bukak verifikasi muka ktp pas daftar ada neg verifikasi muka sma ktp moga data kenapa neg,1
ok pis,4
ulang susah bikin emosi teka teki gilir nebak teka teki bener pdhal salah ribet kaya neg,1
very usefull,5
download iring kembang zaman moga informasi tahu,5
thank you,5
,5
komplain linkedln dana ambil tahu neg refaund kembali dana,1
the best aplication for professional,5
hasil kotak cari sesuai neg cari buruk ada neg,1
bisnis,5
android force close unjung profil,1
kacauu gabisa buka profil forced close,1
best for new job,5
kamis kemarin fungsi filter cari ngaco sesuai neg muncul beritainfo guna indialuar negri tau neg hack kelas neg loh receh bentuk aplikasi notabene user professional baik untuk mesin cari search filter sesuai cari cepat pleasee,1
mas bro aryo ijin yu yaudah i,5
bagus tingkat kualitaspengembangan interaksi digital,5
bagus peluang kembang terimakasih,5
tolong team cari filter jenis kerja tambah kota muncul negara lokasi sesuai indonesia kota iklan negara tolong baik,1
simple communicative fast responde and easy be used,5
masuk verifikasi jelas neg,1
bagus tingkat depan,5
overall bagus,4
selamat malam saldo dr dana tarik otomatis tolong uang kembali,1
semenjak update filter ngaco,1
baik media sosial profesional,5
blnjd lbih praktis,5
bagusss,5
aplikasi aneh banget sulit akses daftar,1
i personally go with you everything will be fine for you,5
awesome,5
oke,1
bagus linkedln generasi rasi muda terus banyak loker syarat loker khusus bg anak anak muda men mahasiswasiswi kesem patang bg tamat sma nggak ber laku nampaknya kembang zaman maju tamat sma bnyk anggur,5
erti neg ngisi,1
blajar mohon bimbing,5
great application,5
burik sampah,1
ranting linkeng,5
repot,3
ribet tampil bingung,1
up for my connection,5
,5
keren,5
lamar kerja,5
,5
tolong keseringen ngeban email akun batas x isi foto lengkap ada neg unsur negatif ada neg unsur plagiat apaapa verifikasi sistem diperbaikinlah,1
hibur,3
tolol susah,1
mntap appnya,5
,5
pernah neg dapet panggilaninterview worthit neg gw hapus,1
aplikasi mudah erti tp biaya pasang iklan mahaldan guna cari kerja cipta neg lapang kerja sulit cari buyerkalau tambah fiturnya jual beli biar seller buyer mudah transaksi,3
bagus istimewa,5
cari lowong kerja luas utama kerja remote pusat kantor luar negeri,5
masuk kerja masuk sekolah banyuwangi selatan mbak,5
pernah neg langgan saldo tarik ribu kembali dasar bongol,1
premium chat,3
bantu share terima lowong kerja tambah knowledge dunia kerja dr disiplin ilmu bidang kerja cakup luas koneksi profesional bidang,5
buruk bodoh x ni solusi dr lupa sabdipun ada neg harap usah neg pake,1
cepat informasi lowong kerja,5
is good,5
force close buka inboxlihat profil update android,1
semangat cari kerja linkedln,5
mudah terima informasi,5
bantu informasi lowker,5
tambah wawas,5
ok,5
nice apps,5
bug unggah media alam foto hitam blank,4
snagat postingan relevan mudah aplikasi,5
,5
oke,5
muas hasil,5
success,5
moga bantu tingkat performa,5
sosial media profesional,5
abad adab adat abadi,5
gada jelas informasi klo lupa password ikut prosedur hasil nihil banyak verifikasi ribet nentod,1
bagus,5
aneh banget gabisa masuk,1
data sandra bisa neg suruh verifikasi perangkat hp riwayat sesi rusak pas dah beli hp suruh verifikasi perangkat lewat neg email telepon simpel,1
alam sakit perceraiyan,5
bagus suka,5
lumayan,4
akses batas verifikasi ulang,1
bagus kredible,5
muas,5
tawar informasi kerja relevan,5
good applikasi,5
ok,4
up,5
okk,5
moga pekwrjaan,5
cari kerja usaha grup update orangorang terbit usaha sukses karier profesional profil profesional bangun brand profesional baru profil profesional langsung sempurna resume kembang jaring profesional hubung hubung orangorang profil profesional,5
kembali uang langgan sulit,1
baguss ok mantab,5
bisa neg capca error,1
install perlu kerja alamat email password sesuai input kode verifikasi verifikasi aman gambaraudio berkalikali bisa neg masuk gimasih,1
program inovasi tingkat pancanomics upgrade kualitas,1
riggingrigger,5
pure inform,5
manfaat,5
bantu perihal sharing alam trouble shoot kerja,5
,1
good referensi,5
great learning,5
jelas neg bet bisa neg apus apus tinggal mlh ke neg uninstal mlh hrs update jelas neg banget,1
i am very frustrated with the verification process why is the only option use a passport and there are no alternative documents i only have an id card ktp and dont have a passport because i have never made one,1
narasi,5
ok goodjob,5
laku ber umur th lebih atas bisa neg umur th anggap neg indonesia ke neg pake loker beda negeri mandang neg gemukpendekumur th sehatkuat hidup pake,2
bisa neg kayak verifikasi persona bug karna bisa neg verifikasi data sesuai bisa neg pakai aplikasi,1
dar es,5
sr welding inspector ndt,4
bisa neg masuk ny ribet masuk applikasi susahudah lamar susah nyari susahdi applikasi ribet masuk,3
poko klo lg nyari kerja gampang ikut grup indonesia mudah,4
sday,1
makasih dukung percaya pegang jasa uang,5
bikin kena batas suruh verifikasi pas kode otp muncul akulaku,1
ngebantu cari kerja keren banget dah apl,5
ribet bikin sandi susah banget gabisa verifikasi data nanggung,1
mantap jos banget,5
tuju,3
bantu,5
jelek loading,1
good apl,5
keren bantu,5
bagus,5
rekomendasi koneksi cari informasi loker bantu,5
bagus cari infonloker,5
verifnya jelas neg,1
baca neg hp ku,3
mantep cari kerja,5
tolong akses masuk dipermudahsaya bikin via email langsung bisa neg masuk kembaliharus verifikasi udahsaya via persona layak neg saran via email masuk ulas karna,5
alhamdulillah,5
guna jaring profesional,5
kosong ban,1
uh,5
jelas neg,1
,5
zidsnzidan,5
terimakasih,5
kek tai,1
manyap,5
luarbiasa,5
manfaat,4
bagus,5
mantap,5
aplikasi jelasdi neg pernahfungsinya neg tau neg apatapi mintak update,1
baik,5
very use full find job around the world thanks,5
laku neg langgar batas verivikasi bisa neg tolong guna dipermudahaplikadi bagus mohon guna mudah,1
kode qr kembali,5
info loker bos,5
oke,5
tarik untung program initetapi menginstal lihat neg hp,4
good and easy share,4
error tanggal oktober,1
someone hack my account but i even could not enter my account or report it please you make an active email report from outside if i could not get into persona verification why i have uploaad my id you know indonesia very loose for the robe data,1
mandi terima buruk hancur tau bukti kirim saldo terima mahju pantang mundur,5
coba moga sukses tambah,3
verifikasi gambar error bisa neg credential sesuai,1
it is very informatif and strike the points,5
well,5
alam mudah cari kerja,5
good job the work,5
good aplication for looking job,5
terimakasih bantu,5
cari kerja,2
manfaat bener buk informasi a lowong kerja pokok is the best,5
hidup bermaknathaks likedin,5
susah kode verifikasi di neg kirim,1
ribet pake banyak iklan,1
,3
wmmmoc,5
hadir tubuh manusia,5
bantu cari loker terimakasih,5
iya bagus,5
tolong kembali duit laku neg bayar item linkedln tp duit potong dana bayar linkedln google play,1
moga job kerja,5
buka ada neg alias hilang email sandi masuk verifikasi,1
bikin verifikasi cacha kerja neg dgn bikin susah,1
,5
bantu kerja terimakasih,5
bantu,4
sanga bantu,5
hilang bisa neg gara gara tibatiba out ngeri data pribadi salah si,1
sinkron guna update karakter loginnya depan sesuai notif manfaat bagus,5
bagus interaksi percaya rekomendasi gabung,5
tolong kembali saldo dana pernah neg langgan konfirmasi neg main potong tolong kembali,5
baguscoba tanggal posting,5
coba nonaktif upload tolong benah butuh,2
kesuspend ada neg aktivitas ilegal recovery pakai ktpsim busuk hati instal kocak,1
knp kunci,4
hack nama vera tau neg perempuan laki ajar pernah neg kyk tp ttp ken masuk padhl pnct tolak masuk tp ttp masuk ganti password tolong tambahin privasi data pake makasih,3
suka,5
ok ok,5
,5
peta barat rawa lele kalideres jakarta barat,5
alam kerja jujur komitmen jalan,5
manfaat,5
baik egm,3
kirim masuk nomor telepon seluler my telkomsel gb terimakasih kunjung,5
bagus no bugs,5
mantap,1
kode muncul neg muncul verifikasi,1
persona ribet,1
qo masalah refresh masuk bs neg,1
koneksi hidup realisasi,5
bagud,5
jelek verifikasi kali gagal,1
bantu,5
proses verifikasi sms kirim newpalapa vodatek binapertiwi yayasan phc,1
rekomendasi banget nyari kerja,5
hewan,5
linkedln recomendasikan cari pekerjaa,5
why my account suddenly restricted temporary,5
selamat pagi dengar pt hme butuh unit alat berat no hubung konfirmasi,5
download anies,4
muas,5
coolapp thanks and keep cool,5
cepat percaya,5
searching for job vacancies via posts latest or relevant via keywords often results irrelevant posts posts from foreigners such as english or indian all posts are also missing even though it used be very helpful job vacancy information via posts disappointing cari lowong kerja postingan baru relevan kunci kali hasil postingan relevan neg postingan asing inggris india,1
kampret,1
mudah cari lowong kerja baru peluang karir versi baru,5
pas cari hasil banyak india sesuai neg keyword cari gafollow negeri,1
very interesting,5
bantu dunia kerja,5
ha ha ha kaliaan igin,4
,5
hi bajak negara amerika serikat hapus data rubah data batas hasil rebut,5
oke gas,5
parah data sandaera bisa neg alas konfirmasi perangkat perangkat satusatunya pakai sabotase data konfirmasi hape reset pabrik wajah,1
mantabb bantu jenjang karir kota,5
pengaruh peluang kerja,5
masya allah tabarakallah,5
just completed my whole profile and its surprisingly fun wish me luck,5
seelah update ngaco,1
susahsudah loginharus verifikasi norom telponsaat kirim nomor terima neg code,5
bantu ajar,5
linked is the best,5
nyari kerja ko daftar bikin bingung pilih mahasiswa pilih posisi kerja tah,2
bagus,3
guna,5
always error when trying easy apply feature please fix i use android,1
gmn aplikasi habis update mulu buka,1
recommended,5
swipe up short video that doesnt work at all,1
,3
ui bingung,5
sulit verifikasi pakai foto kanan kiri ktp,1
mudah muas,5
ngebantu neg cari loker,1
bru coba gabung,4
bisa neg buka error update pdhl,1
daftar erorr,4
uang dana tbtb hilang langsung masuk download pasti uang dana lebih neg rp karna uang otomatis bayar langgan ada neg tuju guna,1
cepat proses,5
guna neg,1
betapa sulit usaha cari uang,4
kereen banget,5
okeee bantu cari relasi,5
,4
bikin pakai gmail lancar jaya ribetnya suruh verifikasi pakai gambar hadap serba salah foto ulang pakai gmail bisa neg batas salah mana robot neg pakai fitur cari kerja uninstall guys cacat,1
aneh pernah neg langgan apa koq dpt notif bayar nunggak gilak x yh auto n hapus,1
mudah segalanyajadikan lagianti ruwet anti gangguanaman kendali oktop one prima,5
,5
okey kerja gabisa pake aju banding respon sampe please balikin akun all kerja sumber,3
jelas neg bisa neg stuck captcha pilih bener,1
keren,5
bos,5
suruh isi opsi industri isi anggap isi tolong baik,5
bantu cari relasi informasi kerja,5
moga kerja remote,5
maaf knp masalah sekalimau up sampul profile tpi sesuai neg formatnyamalah bentuk bulat tolong developer baik device ada neg minimal rang masalah terimakasih,2
sampah ngebug,1
selamat sore jelang malam,5
k trima,5
ook,5
ampun mulu brpa kali heran verifikasi trus jelas neg,1
nice aplication,5
f see tx,4
biniss property bisnis kebun agro,5
baikk,5
star,5
mantab and ok,5
mudah mudah kerja,5
ss,4
nonaktif uda ngulang tetep gtu,1
wellllddoonee,5
god job,5
p,5
mudah cari data,5
over the world,5
aman bisa neg jaga bisa kena hack data bocor tolong tindak lanjut admin,1
tolong baik verifikasi kode captcha masuk aplikasi verifikasi captcha salah error coba puluh kali sulit masuk dalam akun pohon baik terimakasih,4
daftar persulitsaya verifikasi code sms chapcatapi verifikasi ulang bisa neg code verifikasi nomor hp,1
apl bantu,5
best,5
mekanik,5
lowong kerja pakai foto ktp fito sim sajaitu terima,4
bantu bangun jaring,5
uras sabar,1
ok tp bom nyangkut,5
okk,4
jelek,1
tolong pakai uang adminsaya cari duit beri neg duit,5
bagus fitur kerja tingkat karna kerja daerah susah jangkau syarat syarat ikut sperti glints,5
better,5
goodgoodgood,5
cant change password yeah nice trickgot hacked and lost my account,1
xx xcom di neg temu,5
lumayan,4
cek gw tolol,1
alhamdulillah ala kulli hall terima thank you so much linkland indonesia for participated and support our family muslim last month,5
think right all the times,5
,4
moga hasil sukses manfaat amin allah stw,5
kerja keras,5
cba,3
game jelek nyelesain quest bayar,1
jelas neg kamvret,1
unistall,4
ampas anj kali kmu suruh verifikasi ngulang,1
manfaat,5
okke fitur lalin ada neg verifikasi persona via nfc bisa neg ntah settingan hp system persona masalah inti klo verifikasi via email pribadi,5
very gooooooodd,5
bantu temu rekan bisnis,5
eklusive,4
ok mantap,4
okkkeee,5
bantu bangun jaring,5
susah ampun suruh verifikasi hadap bener salah uninstal kagak,1
security aneh suruh pilih gambar arah bilang salah,1
ok,4
hrd tepat,1
,5
ada neg bodongudh pakai,1
oke bantu cari kerja relevan bidang ilmu,5
sorotanwarga blackboy r anak keren,5
,5
susah masuk repot email no hp bener salah kek neg gin kesini hacker dimna sistem aman buruk,1
haloo cari laku muncul berita berita postingan india punya neg teman suka postingan negara india,1
aplikasi bagus buka tahu profesional,5
mantap tenan,5
masukk,5
bagusdan luas milik jaring alam,5
muas,5
logistic usa,5
very bad verification process i remember my password i have my national id and driver license but i cant open my id because they said the photo of id was not clean fire your operator,1
bisa neg gmail layar putih coba kali,1
jossss,5
guna neg pamer jabat ada neg panggil pake interaksi ada neg nawarin kerja lomba pamer posisi kerja tambang ribu daftar harap temu kerja impi ada neg nyangkut,1
batu ajar lebih linkedln,4
terimakasih berkat mudah cari kerja koneksi berkarir sesuai jurus kuliah,5
verifikasi aman cepat nyusahin jelas neg,1
bantu buka wawas luasthank you,5
mohon maaf rating rendah aplikasi retas tingkat aman rendah,1
good apps,5
mantabbb,5
mantul dn keren bangat,5
coba,3
sekian pernah neg bosangood jobs linkedinterima,5
guna neg lupa sandi langsung sulit lgi mending pake glints jobstreet hapus sial cuihhhh,1
okemantap,5
good linkedln,5
x bikin nonaktif beri neg salah,1
,3
good post,5
jaga jaga,5
linkedln bagus intuk bisnis,5
merivikasi mulu no hp pass bener,1
very good apps,5
musik,5
tingkat kualitas kuantitas,5
e,3
keep moving forward,5
muhamad maryontong tinggal cipinang pasar burung kebembem amajing ok,5
no nego,4
suka,5
simple but powerful,5
good for professional worker,5
filibum strit maso franko,5
pinjam uang bayar cicil,5
recommended,5
hp oppoa sinyal lemodparh,5
neon box huruf timbul akrilik huruf timbul stainless senang bagus,5
k eu lggoih f ilo m v xg kiom,5
banyak iklansusah ribet,1
henti langgan karna rugi email,5
informasi,5
jelas neg,1
keren didik paham mah liatliat doang,5
no problems sofar,5
siiiippp,4
akademisi bidang pertaniyan,1
,2
ok,5
nge stuck verifikasi ulang,1
good job,5
best application,5
bantu,5
matt malam salam kenal flores,5
erorr aplikasi bisa neg dipakee gimana bikin,1
oke,5
hubung sahabat bahan dunia cepat,5
nutup sulit,1
ribet kali ganti password kendala hasil verifikasi laman web sedia neg sialaaan,1
lock alas jelas neg developer ngapain sampah,1
sangar muas,5
bagus informatif,5
bagus jajaring komunikasi relasi tambah alam tambah wawas inspirasi bagi bidang,5
asek,5
guna bantu cari kerja knpa dari neg,5
lumayan,5
buruk bisa neg verifikasi kartu id,1
tanks for antara hidup cemerlang,5
buruk kualitas kabil foto id verifikasi,1
profesional lightning f u,5
sahabat,5
bantu tambah tahu relasi,5
manfaat koneksi kalang masyarakat laku bisnis,5
coba,4
mantap,5
ber upaya tingkat aspirasi publik delta au,5
puas rancang maju,5
kaya celek verifikasi ora dadi dadi,1
bantu cari kerja sukses,5
cari kerja,5
,4
kirim cv ribet masuk usaha seperti neg jobstreet glits tinggal klik langsung kirim hrd rekrutmen,1
bantu kerja konektivitas,5
mantap kalang profesional,5
pilih lowong kerja komplit percaya mantap,5
retas bisa neg solusi kah,2
buruk masuk susah bener verivikasi verifikasi jelas neg masuk neg akal,1
info loker,5
,5
hallo bantu hubung no kontak bantu komen,1
rekomendasi cari kerja,5
mantul,5
bagus,4
game,5
percaya,5
subs mahal,2
nama bisa neg verifikasi passport slalu fail,1
kasi,5
sulit aneh,1
keren habis pokok,5
bak,5
hibur,5
kompatibel neg perangkat,1
bagus,5
this good,5
iya sj,4
mnrt pribadi informatif,5
pernah neg kode verifikasi sms,1
bagus,5
gua verifikasi x gagal aneeehhhh,1
bantu neg kerja bagus wadah personal branding,5
pendaftaranverifikasi salah gambar mana pilih salahmohon baik,1
buruk postingan batas alas komunitas profesional bela zionis,1
suruh verifikasi make ktp gagal pas proses ubah sandi verifikasi ktp situs menyalahgunakan data,1
ganti nama qihua zhou alamat email cek noner hp,1
sosial media sifat professional,5
sabgat bagus,5
many jobs i get online im proud of you,5
bagis,5
jahat posting pt,5
hrga operation,5
mantap aplikasi moga upgrade skill,5
mantapp,5
verifikasi pake ktp bisa neg foto banned kali bisa neg garagara verifikasi susah,1
tolong baik verifikasi capcha valid neg tebak gambar kali kali bisa neg centang bisa neg,1
verifnya susah banget,1
google yap,5
sesuai arah info loker untung trouble interviewnya masuk linknya lumayan mudah kecuali tunggu info pemberitahuan,5
ganti perangkat saytidak masuk nomor tlf sandi tp ada neg respon apa klik lanjut tolong baik bug data dam,1
bagus bantu,5
bantu info,3
mudah cari jejaring loker,5
ist good,5
tolong aju refund tannggapi ssya sengaja neg beli,5
lampir perihal dfhjkl,4
kota kabupaten malang raya jatim indonesia,5
sbagai irt,5
apikasi jelass neg bikin ribet,1
top markotop,5
informasi lowong kerja,5
manfaat minat neg utama,5
alhamdulillah syukur ikut giat,5
sampah suruh,1
bisa neg buka ribet ngeri saldo sedot dana,1
not bad,1
gua pakai bagus banget media,5
gbisa periksa aman bisa neg masuk,2
periksa aman ribet sampe putar hp gblk,1
reset sandi susah kode verifikasi muncul neg,1
alam alami dalam bangsa dunia hilang sandar hidup jalan hidup sesuai hendak tuhan cipta alam manusia hendak tuhan maha kuasa wali isi kelola alam semesta turun temu manusiawi adil ber adab sopan santun agama manusia hidup takut mati simbah darah manusia gula kuasa,5
sistem lambat,1
bagus jenjang karir,5
aplikasi rumit verivikasi hapus langsung neg hapus professional,1
iumayan,1
susah bikin,1
linkedln manfaat guna maka moga pakai moga manfaat,5
ups update neg,5
iij,4
keren mudah akses informasi,5
patuh bijak tibatiba tersuspend kerja keras siasia,1
,5
gua kali ilang suruh bisa neg update jelas neg gua bahasa mandarin gua tau neg takut data gua ambil,1
kena verifikasi musti make gambar iya klo langsung bener susah salah mulu knp pake neg verifikasi sms ato wa gampang ngeribetin anjir,1
eror,1
mobile bug,1
langganann jelas neg habis saldo main potong,1
,5
busuk sulit,1
bisa neg verifikasi napa gambar jelas neg milih hadap salah mulu,1
sulit banget masuk,1
ditambahin fitur foto bisa neg ss download kasi korban ss download nipu telegram,2
sampah verivikasi keman bodoh,1
alam linkedln linkedln profesional nyaman informasi proses canggih informasi modern linkedln sempurna alam rekomendasi laplikasi informasi personal,5
tolong hapus data kait hape,1
great,5
medical academic therapist association marketing indonesia,5
bagus mutu,5
banyak verifikasi sulit masuk jgn ribet,1
ada neg angin ada neg hujan batas pernah neg aneh cari kerja verifikasi ribet sistem ui berat nyusahin org,1
lest go join,5
q mu,2
bagus user friendly,5
mantap caur,5
login neg verifikasi masuk password verifikasi email email ada neg masuk email kirim neg,2
cant even how verify my own account,1
thank you by joining many friends from abroad have made many connections for me build business greetings from indonesia sigit nurbayu,5
aneh berkalikali bisa neg sandi user name bener,1
verifikasi jelass neg lollll,1
bantu cari kerja,5
mantap moga developer sehat sll,5
mohon bantu profil ada neg opsi alam alam mau neg muncul profil,3
site manager ofshore fabrication and construction project,5
masuk neg akal verifikasi batas lagi gimana,1
verivikasi pakai neg nomor telfon email tertautjadinya susah masuk suruh nebak gambar hadap gambar apa pilih bener gambar salah bener jawab itutolong baik mudah aksesbukan sulit,1
good hrd rekruitment aplication,5
woi bener napa verifikasi normal neg banget milih bener salah mau neg niat bantu usah neg bikin aneh,1
posting loading penguploadannya ngestuck angka mulu tolong baik,1
mau neg banned mulu ngelanggar neg apa susah,1
superindo oke dlm ragam barang harga santai belanja,5
bismilah bantu cari kerja,5
habet,5
architecture,5
bantu kembang,5
cant add a gmail account,1
ganti foto profil susah gagal laptop hp,2
guna,5
perlu,5
berita gembira,5
atur guna kamera verivikasi baik,1
paksa update tp jelas neg update selesai mutar google play,1
bisa neg nomor kali salah kode ngisi sesuai sana kirim pake kode titik bingung,1
bayar tagih premium saya neg tuju ada neg notifikasi uang dana langsung potong tanpaa tuju bisa neg refund,1
why was my account just created for days and it was immediately restricted i didnt do anything even though ive tried using another email the results are still the same i dont understand why im being temporarily closed access my account even though i didnt do anything please help me,2
update ilmu,5
ferry good,5
gjls susah,1
bisa neg daftar verifikasi tolong baik,1
kembaliin gww gw post neg konten sensitif apa batas gimana pola pikir,1
aseptomi,5
good,5
ngaco loker driver direksi pisah driver dt truk trailer direksimanager beda,1
lancar,5
hapussampa,5
liapammm lupa id samansandi nyabkk,3
pas ngedeteksi bot masalah kece bot tahap empat pencet apa oke salah,3
bug posting guna neg posting kali gara gara ngebug,1
anj,1
bayar,1
good for your saving love of life time come be true byme,4
sekolah gaada,4
apaapaan verifikasi gambar jelas neg akan milik neg verifikasi sulit pakai neg otp google nyuruh registrasi email fungsi pakai gmail bisa neg nyuruh buang gimana recovery password bisa neg kesel banget liat si lindung guna,1
bidang teknik industrikontruksi engenering,5
verifikasi jelas neg bangeettt jelek bangetttt tutup akun susah bangett pokonyaa,1
good job,5
ok sip lumayan curhatan mantan karyawan risgn buku neg asli mohon maaf mussai japang timur,5
mencobadan,5
indriver bantu butuh hari terima,5
good it helping me more informations,5
salah manfaat kerja mengupgrade portfolio,5
perangkat susah verifikasi ribet gambar kambing sapi macem bolak verifikasi gagal pas masukin capta hewan,1
best help you explore your experience,5
buruk gra uang sedot otomatis juta dri dana sayamna uang obat kk,1
aneh banget woi verifikasi bisa neg mulu dah nyuri data,1
bantu nambah relasi,4
make me easy,5
suruh verifikasi gambar jelas neg guna neg kode verifikasi langsung aneh mah hanya neg sulit masuk milik akun sulit nyuruh buang,1
keren,5
heran suka banget out masuk ribet aneh email password bener proses verifikasi ribett,2
bantu cari kerja,4
ip,5
longing for peace purchased peace,3
verif captha jelas neg,1
ribet mo masuk verivikasi manusia udah neg masuk pilih masuk google manusia ribet,1
mantap tingkat fitur,5
bagus bantu,5
tolong bantu masalah pas klik tampil postingan profil muncul bar posting komentar gambar reaksi klik muncul posting komentar gambar muncul kecuali pas klik reaksi muncul neg notif tulis hasil temu neg alami ganggu salah kndala alami mohon bantu segi internet sya bagus lancar buka lancar,4
verifikasi bolak doang ku pakai klik langsung verifikasi hati lupa password emang suka logout,1
jelas neg bisa neg masuk,1
loker gw tbtb batas aneh gw ngelanggar neg atur apa gaada aneh aneh tp batas nyari loker jelas neg,1
so do you think we are not a human dumb verf,1
rasa neg menginstal,1
keren bantu,5
tipu,2
banyak bug kali instal uninstal re install error,1
yan baik,5
t assistant manager btn group pontianak daerah tingkat i kalimantan barat indonesia sayang akan neg terus proses lamar terima tari btn group hormat btn group tandatangan,5
banyak loker bodong mending ngikut usaha krabat gw,1
buruk,1
,5
fin accounting p manajer usaha logistik,5
bantu lamar kerja kerja remote pokok keren,5
susah perkara lupa nulis password bikin kena suspend opsi pakai google bisa neg ganti password proses ribet pakai ktp jalan bisa neg reset password rip universitas bagus tugas sendat,1
vive,5
mendunkung,2
selesai,5
angkyrumondor,5
aplikasih hebat,5
yanto,5
bagus aplikasi informasi lowong kerja cepat,5
usefull,5
ribet ribet ribet,2
browserstaticvtxt,5
palace where i want new job and knowledge,5
informasi keren,5
sulit hp periksa captcha,1
mantap,5
apps pinjol foto selfie dg ktp lama neg salah pinjol,1
aneh susah verivikasi nebak gambar hadap tetep bisa neg nyari kerja sulit ti,1
jozokelanjut bro,5
sabung work achievement,5
ok bagus,5
job connecting,5
sumpah model apan dah gua pernah neg nama beli langgan ngapin ambil saldo dana gua jt adahl gua ernah neg ngelakuin bayar curi uang butuh mohon itikat,1
postinganku,5
ok,4
i like linkedln,5
very nice,5
,5
my profile is taken or deleted but very difficult recover,3
aneh jelas neg verif data tunggu jam acc sampe acc admin urus ramahtidak neg gercep,1
rating,5
verifikasi game guna neg susah banget asli parah,1
butuh cari kerja informasi lowong kerja,5
layan buruk,1
ni kirim lamar pernah neg jelas lamar proses oleh neg usaha,1
gaada niat langgan pencet langgan enggakenapa saldo dana sedot langgan lumayan gede nominal rptolong tolong dibalikinsaya coba kembali proses batal respon haduhh gimana,1
cari relasiberbagi informasi komunikasi,3
mudah,5
sosmed bagus temu profesional dunia kerja,5
ajar bahasa inggris hotel kapal pesiar ajar related hotel and cruise ship lessons assessor lsp ckpni kapal pesiar kapsl niaga hotel holland america line nov april dinibgroom steward hotel restoran jakarta join kapal,5
ajar,5
lowong llo ll lll wkl l kl l ollll lllw,5
bagus bnyk informasi kerja,5
sistem verifikasi aneh transparan neg batas putus akses verifikasi pernah neg hasil ada neg jelas linked manusia robot neg harap layan manusia robot beri neg solusi,1
sulit mereset paswordku aplikasi foto persona bisa neg,1
assalamualaikum selamat siyang salam santun gimana buka toko online tolong bantu,5
ikut beli neg paket bisa neg masuk previkasi adahasil neg,1
coba apl smg untung,4
cewek ubah nama ting r capek tulisa bio cacat ni apss,1
wonderful,4
jelas neg bisa neg,1
sippp see,5
pakai,3
alam abdi,5
bunuh darah dingin sesuai bayar siap sdnjata amunisidan eani piro bayar,5
amazing for improve your knowledge and get your dream jobs,5
mantap,5
gila verifikasi mulu masuk neg menu,1
top,5
logout verifikasi wajah data privasi rekam wajah tuju rekam wajah sisi aman rekam wajah aplikasi neg perban,1
maaf aplikasi rumit,1
nice,4
notif gausah kirim anehh,1
importir brand chandelier baccarat france swarovski rep czech preciosa rep czech furniture giorgetti italy natuzzi italy scavollini italy zanaboni italy cavalli italy,5
top jaring karier luas appsnya bagus tampil oke ada neg bug moga tingkat aplikasi,5
verifikasi rumit,2
blokkk loginnn susah vertifikasi mulu jelas neg nyusahin,1
bagus kembang pribadi aspek dunia usaha,5
,5
aplikasi rumit kes sulit arah web isi data ulang upload ulang pusing,4
puuuucciiiiiiing loch,5
tuju nyata indra didik indonesia penuh amanat uud pasal utama neg amanat uud beri biaya rata satu didik,5
periksa captcha berulangkali bisa neg,3
ganti hp pas ulang email ada neg hubung aneh gabisa loginganti password,1
recomed bantu,3
thank u nice for my branding future job,5
sayah ajar sepakbola,5
alle,1
n zhnznu,4
manfaat,4
buruk ambil data verifikasi muter muter data dah masuk verifikasi gagal ulang x ingat dapat neg nomer pakai guna gunain,1
system cari mudah saransaran guna butuh,5
memudahakan putar informasi lowong kerja bsa tingkat kmbli sllu terupdate,5
retal soud sistem,5
the best bikin minder hahaha keren relasi sumpah bikin minder motivasi mengupgrade,5
account suddenly got temporarily restricted didnt do anything badsuspicious one day i was trying update my information then bam i got horrified when i see the page and must verify heres the worst part needs verify using persona the cant access the camera even though the permission access camera is enabled this happened twice my first account got temporarily restricted the same way the second acc gets with no explanation why that happened yea man,1
tarik bantu,5
banget installnya,2
tibatiba out suruh verifikasi bolakbalik diputerputerin kesel,3
kecewa karna dibatasin linked lamar kerja gimana si tolong baik,1
ramah neg lulus sma derajat,1
oke,2
situs kerha favorit isi info loker jaring koneksi teman hebat bidang kerja korporat,5
cari lowong kerja,5
kiki,5
harud verifikasi gabisa jelas neg banget,1
dreifer,5
lag,3
bad,1
recomended,5
the best iformation for looking the job,5
bagus,5
set asli dah iya force close android,1
reting,5
okey very goods,5
relog mulu semenjak update,1
apa ada neg satu manggil interview minimal pdhl fresh graduate dngn lumayan bnyk alam w minimal interview,2
,5
usefull,5
moga kabar,4
bagus nia hhhhhhh candah jat nia hjjhhh,5
wanita cantik,5
mantap,5
unintal verifikasi susah,1
manfaat timba ilmu insight cari kerja pasti,5
bug bisa neg daftar rekomendasi neg teman teman,1
bantu butuh,3
susah loginnya kode muncul neg nebak gambar pas salah mulu pdhl bener,1
bisa neg verifikasi kali tetep halaman,1
verifikasi berjamjam tau neg salahny bisa neg verifikasi,2
tolong bisa neg salah awal lanjut dapat neg buka layar putih glitch biru solusi,1
bagus memcari lapang kerja muas,5
sehat,5
suka ablikasi tambah wawas,5
jelas neg tb logout,1
manfaat bos tlg,4
download eh bisa neg verifikasi kesel suruh milih gambar gtu ulang kali salah,1
temu hebat ajar beliau temu peluang kerja dr bidang,5
sukses,5
hatihati likedin hack haker urus sesuai prosedur prosedur dapat neg ubah haker hubung likedin email media sosial respons robot otomatis likedin masuk halaman help coba ganti password verifikasi gagal verifikasi tolong direspon,1
izin instal,5
guna neg sial nyari kerja ama maha veloper kumpul jgn asal daftarin google a taut google developer membe informasi memp dana bank salah daftarin saldo dana ambil bikin brengsek cari kerja bikin kya gin ambil duit ijin neg sampe kena jt nama peras,1
ngelag bgtt upload foto bisa neg,1
i dont understand how use the application but terms of external and internal appearance it is very good,3
tolong baik sistem google bisa neg,2
bagus bgtt ni bantu,4
mecahin teka teki susah pdhl ngadep dinosaurus,1
ubah nama steven bisa neg masuk megecewakan,1
koneksi ribet,1
good,4
hilang pakai email verikasi,4
salut,5
bagus update ikut kembang zaman,5
knp bisa neg update,2
jelas neg susah batas gw pernah neg ngapain,1
selamat main baik,5
bravo,5
hubung,5
jelas neg capek bikin setting batas alas neg aju banding tolak aneh,1
nambah ahli bisa neg dikit salah,1
,4
bagus buangt,4
kren,5
butut anying,1
best platform,5
b karate,3
pesan akses batas verifikasi id pakai ktp isi captcha ulang ulang bisa neg pakai gmail facebook bisa neg,3
about years i have been flower arranger,5
oke,5
tibet lamar kerja nyaknp seperti neg jobstreet isi data mudah kirim lamarandi bawa bagai web ulang isi data,1
terimakasih developer,5
sagat,5
i like it,5
sulit masuk bos que,5
jelas neg bantu neg,1
cari lowong kerja bidang layar,4
maksa identitas,1
salam sehat bantu mula ajar terimakasih,5
masuk susah uninstall kesel,1
apas kesel gua masuk puzzle kucing warna putih kodok neg warna putih milih liat atas jam otak atik puzzle sampe dibantuin pacar guaaa sampe nang karna kesell ayo maju bener kasih puzzle teruss muak,2
ban suruh verifikasi identitas gagal verifikasi bisa neg,1
jujur buka erba saputra mt,5
a neg,5
baik info loker,5
mudah melar kerja,5
bantu hubung profesional deal jobseeker banyak formalitas gugur wajib,4
okay,5
jahh no,2
moga sukses,5
verifikasi jls neg,1
knntlllll susah verifikasi,1
apaapa out verivikasi verifikasi gagal upload bisa neg aneh,1
as r,5
try rior,3
huhhhhhh langsung delete gaberguna regristrasi gagal mulu jawabanya pakai aneh,1
apsih nongoll mulu iklan mending iklanin enak pandang minimal rambut benerin keramas biar lepek neg bikin sakit mata detik nongol bikin sakit mata ck,1
iklan,1
najis vrfiksi ny sush lollll,1
butuh akuntan universal,5
lihat ulas sanksi cuy,1
kocak,1
asmara,5
aswu,1
iklan ngganggu gaada tombol exit,1
konten iklan menganggu,1
ok mksh infony,5
bermanraat,5
cari kerja,5
,4
good,5
alam tawangmangu,5
good ideas,5
keras konsisten,5
b i,5
tolong benar verifikasi salah,1
kerja kerja kerja,5
jeelassssmakin neg ngebugmasa suruh verifikasi keamanansudah jelass gambar pilihanya benartetep salah bisa neg masuk,1
bisa neg buka mohon pencerahanya kemaren nggak buka aplikasi sinyal lancar,5
sebel verifikasi domba hadap gagal trus beres gagal,2
mles,1
suka tiap neg beriteraksi banyakmenambah wawas tahu,5
satisfy,5
thn site koordinator qs ptdumez international proyek buat terowongan plta singkarakwest sumatera thn site manager pthutama karya jakarta proyek bangun jalan tol jakarta outer ring roadsec south thn site manager join operation pthk aji satria baraga proyek bangun jalan tol jakarta serpong bsd thn no projectkrismon thn site managerpt hk pembangunanan jalan tol cikampek sadang thn,5
donlod,1
menggangu,1
banner gmn bulet,1
bantu tambah relasi kerja informasi informasi lowong kerja bantu,5
nice,5
iklan ganggu,1
ikan,1
mohonmaaf melupajan tgl raya idul adha mohon ampun allah terima moga lupa neg moga salah mohon ampun allah mohon ampun astaqfirullah adziim mohon ampun allah aamin robbil alamin x,5
contoh rusakjangn instal yh teman cari untung,1
tetiba tagih hapus krn penasaran instal lg,1
sepi,5
daftar susah banget males,1
muak,1
iklan awas,1
bahasa inggris an patok umur perhati neg alam otodidak,1
klik langgan premium harga rupiah gratis pas saldo dana potong otomatis tolong google kembali saldo dana,1
bantu dapat informasi kerja kasi,3
assalamualaikum terima kunjung loker,5
iklan maksa,1
good,5
suka banget informasi baru,5
t,4
masuk email parah,1
error,1
mantap,5
verifikasi sulit pilih gambar ulang ulang,1
guna neg,1
alam maksud,2
uu k,3
senang bahagia,3
tolong,5
mantap keren abis,5
seru,5
iklan,5
tutup susah banget situ nyuruh masuk sandi dimasukin suruh main tebak tolong bantu,1
ok buanget,1
asdff,3
ribet,1
gimana dah bisa neg masuk,1
bagus,5
iklan mutu neg,1
indonesia,5
apl bagus,5
guna cari kerja kotor dg beritaberita politik,5
dtreioooooooooo kkkkkjkkokok,5
iklan susah close,1
inidiajukan pendeletan muncul,1
hilang iklan kali buka muncul iklan di neg instal,1
cepat informasi,5
guna neg,1
ditempatqsinyal rdk bagusperbuatannya towertks,1
cari kerja oh tahun neg,1
daftar bolak isi captcha mulu bikin emosi cari kerja capek duluan bolak ngisi captcha benerin bug,1
haduh habis jam verifikasi gambar bener salah gabisa ganti password,1
masuk susah uda upload data bisa neg ubah profil bolak verifikasi si gambar banteng domba sebal,1
panggil,4
tuju postingan,5
asik usaha,2
beneran sihjgn neg jgn ngabisin kouta doang,5
wahh cari kerja belah bagus freelance kayak,5
babi,1
mengganggukebanyakan iklan,1
notioikasinya numpuk email penuh,1
gelap,1
iklan youtube,1
bs neg nonton langsung,5
bisa neg ikut indonesia hubung umur dah tua he india hetapi muda insyaallah bagus gabung bisnis good,5
vi ijo,5
alhamdulillah,5
jmiki,4
pengalamannyakurang hasil dulusemoga kali hasil,3
tau neg,1
kont,1
ribetttt,1
mantap,5
eh tau,1
iklann,1
bagus sila,5
good,5
iklan mana,1
coba cari kerja masuk dr teman linkedln moga info lowong kerja cepat,5
mantap brow,5
,1
update profile error mulu asuuu,1
butut,5
mati ikelan,5
ok sajslah,4
muhammad ponda prabuadji sukses luncur planet earth,5
bagus bantu,5
sempurna,5
ok mantabbbbb,5
trimakasi,5
abdhamid asyupil pisah,5
iklan ganggu jelek instal isi sombong pamer kerja doang,1
iklan bermuculan bos suka neg ganggu aktivitas,1
batu,5
iklan ganggu,1
p i i,1
tambah wawas dunia kerja tambah relasi,5
apasiii muncul gajelass iklan muluuu,1
ok,5
kontl ae muter mulu bisa neg ngetddd ngwrjain tugas anjlah,1
iklqn musu sat,1
bisnis genius always make our geniusly busines profitables insurables feel goods our eyes minds foreverly,5
beatiful good,5
menggangu,1
tampil rumitkurang tata,3
jelas neg,1
bisa neg donwload,1
sulit kerja panggil tipu semuamemang jaman nyari kerja pakai ijazah s lawan ijazah sma menang ijazah sma ijazah sma dalam ijazah s abai lamar cv langsung buang tong sampah aneh jaman,1
iklan ganggu,1
,5
terima bantu,5
wildan,5
berat kagak loker,1
my,2
payah rubah sandi salah mulu,1
bisa neg buka iklan capek dech,1
syukur sempat alam,5
babi,2
senang bagus hibur,5
amin moga gg layan publik ikhlas mutu,3
bagus batu,4
susah via google,1
,1
sulit verifikasi,1
gx sulit gagal ngikutin arah tetep gagal pake fb gx pake nomor hp gx pake google gx suruh masukin kode gx nerima kode sms apa gimna klo gitu,1
sulit banget loginnya kayak facebook mudah loginnya aman pakai verifikasi manusia gambar hadap atas bnr salah,1
mantap siippp,5
buruk arahin klik kambing arah salah,2
tolol verifikasi mulu ampe habis baterai,2
mayanlah lokercuma sayang susah apply direct,5
ngak buka kalkulator,5
akses fitur verifikasi ktp gagal dak akses,1
kocakk,1
terima kasihsemoga lancar,5
ganti network alula jelek ih kaya kids indonesia,3
laman lambat postingan liat neg postingan stay scroll liat postingan itu acak,3
iklan nyepam,1
bisa neg batas sungguh aneh pernah neg salah langgar atur tetap batas cari kerja lebih neg mohon jelas,1
susah masuk verifikasi bikin pusing,1
bagus susah,5
tolong akses batas tambah verifikasi pake ktp ngapa neg ngapain,2
reset password susah bolak verifikasi kode email,1
good job,2
mudah,5
aneh login neg tibatiba louot masukin eh suruh bikin adeh enak bikin konten ig louot neg gapang verifikasi ribet banget kaya pln mobil,1
bisa neg email gagal klik lamar mudah,1
alam,1
tau kucing mo susah bedul,1
mantap aplikasi,5
apkikasi jelas neg motong saldo sembarang download,1
apl guna neg,1
pengalamakami prediter bisnis proferti bangun projek arjit sooh lettviker gel ti puul door ti kretipitas desa,5
banyak iklanmau susah epektif neg,1
bom hiring,4
mantap,5
good for the carrer path,5
jelek iklan,1
nj iiuj,4
giod,5
aplikasi kurangbanyak bugbanyak spamdan tarik neg efektif,1
duluklw misalkn sesuai skligus,2
susah,1
ajar ngerti neg,5
parah banget daftar besok bisa neg akses akses batas verifikasi dgn foto ktp isi macem data bisa neg akses nyesel si daftar data pribadi sengaja kali akses batas data pribadi curi daftar please pikir kali website cari kerja ribet neg kaya,1
lihat fungsi aplikasi,3
bagus,2
joking,2
linkedln ranting,5
hapus bisa neg,1
,5
kocak payah nebak gambar bener disalahin,1
iklan kandung lgbt,1
pertaniansedang aka alam,5
wajib org usaha jual tuh gopay merchant,5
utii gabepo,5
rasa hasil main,4
susah woi gambar badak benerin,1
ribet iklan mana,1
benci iklanya masuk terusdalam menit,1
the sulu kaurow rektor map data peta view mario samuel sulu van der hall finance indonesia merdeka online streaming,5
nyoba,5
kentu,1
suka neg,5
,5
aktif,5
,3
lumayan mantap,5
bagus manfaat,5
mantep ok,5
klo iklan napa tanda silang susah pencet tau,1
suka,1
verivikasi susah niat ngk,1
bagus bantu oleh informasi sesuai dgn butuh ahli,5
mantaaappp,5
suruh ulang ribet banget tolong jgn sulit,1
omgit was great,5
tahik emg verifikasi jelas neg,1
senang puas edit,5
stresss suruh captcha trss,1
iklan susah bg skip mwemweg,1
koneksi tambah neg padah terima koneksi stuck tambah neg tolong baik,1
ayo ngapain neg tb precaution jelas neg,1
masuk susah verifikasi hasil verifikasi jam cuman verifikasi,1
kontol iklan mulu ganggu sanjingg,1
wonderful,3
platform cari kerja tambah skill relasi,5
bagus mudah saking byk alpkasi ribu tingkat neg bagus donwan instan,5
suka linkkedin,5
capek capek pake out trus gabisa kocak,1
jempool,5
lansia bisa neg kerja suka main gim gim uang bohong iklan maksa hadiah uang limpah klaim tarik ujung bayar sekian dana cukup neg emang instal gem pake neg kuota ninton iklan milik gem duit bangkrut instal gem hapus lag biar menuhi neg simpan hp ku,5
henny teman bisa neg kantong mahesa jenar dapat neg download salah bisa neg download kantong dengar suara pintu tetap menteri download catat download batal konsumen dapat neg mata kepala salah tetap,5
dana hilan,1
hapus ribet banget ulang dialog sampe kali,1
bagus cari kerja,5
tuhan maha,3
nyepam mulu,1
captcha asu emang ngasih aman becus dikit napa nyuruh nyari gambar gambar dobel,1
ada neg pandu filter capai pencil,1
jo the z,1
susah banget gilaa,1
iklan menggangu,1
ribeett,1
sedia informasi rinci,5
still try,4
busuk browser busuk tunggu masuk neg notip mari periksa aman cepat jam tunggu begtu bagus hapus browser hapus,1
suruh bikin paksa ktp smk nunggu biar please biar ada neg verifikasi id umur,2
mudah informasi kerja,5
stuck security check,1
okh,5
top banget,5
suka neg,1
tibatiba logout gagal sandi salah batas blablabla shibal,1
alam operatortrailerlowboy,5
isnt bad,5
kluar hapus bisa neg kali coba mohon baik kluar,2
demo nomor hape mola nol posting,1
gabisa captcha gaje,1
berterimakasih bantu,5
good application,5
hidup juang,5
fiturnya sulit paham ngatur lokasi jambi tetep muncul loker kota,1
kasih neg,4
kerja opsih,5
ada neg guna,1
tidal verifikasi foto id card tida akses ulang kali,1
susah masuk ribet,1
good job,5
this lesson is very goodthank you,5
optimalkam,5
iklan,1
moga amanah,5
yahoo pteza,4
good linkdln,5
susah masuk hebat neg,1
moga pas uda kerja linkedln kayak inspiratif,5
moga betah,3
bantu sayang iklan menggangu,5
muncul parah,1
this is suck,1
account setup minggu buka neg hilang,1
suka,5
membantuu,3
good one,5
neng bague,5
verifikasi susah ampun auto unistal sampah,1
kendala,1
indonesia maju,5
seportip neg,1
coba,4
okey,4
linked yatim dayat dayat ku lapor senko kw senko milik artis bokep tau aku neg lapor masuk penjara kw kariawan senko per utaman film porno,1
verifikasi doang ribet bikin emosi,1
pijlp po,5
iniga install bayar langgan maksud gimana ras gimana tolong,1
maless,1
program bagus,5
bantu luas jaring kerja,5
ok banget,5
tolol,1
bisa neg buka malam,2
acl gamestop,5
,3
iklan,1
guna neg masak nunggu acc edah,5
jual alat tani,4
bad,1
good,5
apl muncul game gw mainin susah bnget skip walopun ad tanda x,1
bikin x logout batas laku neg salah apa coba ikut langkah verifikasi hasil nihil bisa neg tolong devoloperadmin alasanya cepat baik rugi,1
welder operator snd muster tuh delevery asean going,5
oke,5
jelas neg,1
asww,1
bagus cuman jaring ny bagus,3
program an,1
keren,5
masalah mulu klo apply,3
mantap bos,5
niceeeee,4
pusing,5
absolutely useless keep getting banned very often for no reason,1
secure,5
terima kirim informasi lowong kerja bantu bagi keluarga sbelum kerja,5
mantab gampang nyaman fitur fitur mudah difahami pilih bahasa indonesia tarik,5
muas cari kerja,1
very good application,5
jalan bossku is a great company and we will continue yes,5
bantu kenal bisnis,5
knp suka out yaudah susah banget konfirmasi tolong bisa neg masukin,1
verifikasi idsim banget asli kirim proses lelet banget,1
jelas neg banget ada neg badai hujan neg suruh ulang verivikasi aman ulang mulu dah selesai kemabali verifikasi gambar jelas neg gede kayak gin,1
sampahhhhh hilang tolollll,1
luas relasi buka pintu rezeki mudah hubung lamar cari kerja,5
ayaah,5
jabat sbg direktur utama pt nabilla bhara abadi,5
mantap bantu bangun personal branding ranah internasional,5
terbanntu dgn,5
sulit verifikasi,1
bantu,2
bina rumah rumah plumbing servis,5
kecewa kali kali jg verifikasi slalu gagal sandi isi tpi bilang salah ambil foto muka foto ktp,1
ganti email suka error,1
tibatiba bisa neg buka suruh verifikasi persona batas laku neg mohon baik,1
verifikasi pesona mohon baik,1
security pilih hewan hadap rumit sulit proses loginbuat,1
gabisa kocak verif gagal halaman temu neg,1
like,3
batas alas bijak posting ok ok lihat pake neg jg no problem,1
mantab n sukses slalu,5
jelek,1
bingung ajar karna bantu,5
konten baik neg,1
salam salam sehat amin usaha henpon indonesia usaha internasional henpon apa bentuk nama,5
bagus bantu,5
be best,5
tolol masuk susah ampun verifikasi batas,1
puyeng pake ni,1
nungguin code berjamjam enggk,1
b,5
mas coba bener bantu sulit cari kerja,5
mantap usaha singapura,5
human jelas neg banget sumpah,1
opsional,5
akses baik,5
bagus,5
,5
bisa neg kek butuh cepat,1
good,5
ning,5
halo bisa neg masuk kali kali verivikasi bisa neg masuk,1
gaje,1
tolong info langgar cek cek gagal tolong bantu,1
lp,2
nice,5
informasi aktual lowong kerja didik linkedln,5
bantu mudah jalan,5
sosmed profesional,5
bantu cari info lowong kerja,5
isi info kerja,5
guna neg guwa nyari kerja mending dalem dah,1
lumayan aplikasi fitur tampil tawan,3
jus kuntul,1
,1
tres pw email ttep aj sruh verifikasi gj bngst sulit kerja aj smpe hrus msukin id pasport dkk ad neg gni tolong benerin biar sulit guna,1
jelas neg jelasjelas nyari kerja ceri usaha kerja neg kerja akan neg cari kerja,1
recommended profesional worker,5
tolong hp teknis mumpuni tp bsa neg out,1
is the best,3
gunaa neg persulitt pake teka teki jelasss neg nya neg ngebantu nambah beban oranggg,1
aman,5
baik,5
ok moga trending,4
top,5
diupdate bisa neg lamar,1
mode kreator hilang kecewa,1
sulit guna edit bio susah temu menu,1
jooos,5
bagus mudah terimakasih,5
sugoi,5
bug mulu jelasss neg,3
guna sayang hilang alami sulit pulih laku verivikasi persona dg id nasionalktp,5
opsional,1
mantap,5
improve be better,3
aplikaso yng guna ketemu temen kerja,5
enak nich bantu,5
tolong bisa neg verifikasi persona seta upload ktp proses verifikasi gagal dua kena batas mohon bantu kena hack hongkong ada neg hapus batas mohon baik,1
karna info keteranganya detail hubung langsung info,1
bagus banget,5
daftar doang susah ampun,1
sulit ubah data pribadi pusing bingung,1
bisa neg mantul,1
,4
reset sandi susah bet mintain password ganti sandi,1
verifikasi cuk salah muluuuu,1
aneh niat nyari duit haram doang dajjal,1
this is good,5
rantau nanam padi kenekek robot padi teman bahagia kenekek tukang bagunan masak nasi masak sayur nyuci piring nyuci baju serba cerita jalan jalan pusing melliberr janggung padi kibot son ketwawk canda sok sok ramah lingkung hidup ap golong familia bombyliidae genus onthophagus kingdom of the year old good day for me bahagia ikut kuis ega bantu share with you and your friends with me per,5
tolong pake iklan boss oc,5
terimakasih,5
okeokeoke,4
premium bisa neg pake ai bisa neg guna bayar mahal sue banget aplikasi,1
tolong tambah desktop modefullscree guna tablet,4
sampah,1
mudah cari kerja,5
h lo pakai google bisa neg hapus cache data bisa neg buka,3
bantu jitu,5
aneh gabisa,1
applikasi apaapa neg mensupport applikasi maju modern,1
verifikasi susah,1
,1
easy use and very nice,5
weldersmawfcawgmawgtaw,5
suka hang video pendek,1
broken susah,1
versi lawas,3
batas sulit guna,3
semnjaakk linkedln hp jadi neg bug terima,5
x u,5
please hire,5
sampah dadak bisa neg email ama pasword sesuai,1
is more than just a job seeker platform its a dynamic space for professional networking knowledge sharing and industry insights users can join groups and communities related their field engage discussions share expertise and learn from others additionally offers features like publishing articles where users can demonstrate their thought leadership and expertise their respective industries its also a great platform for businesses,5
haloo selamat sore contact person pic cs,4
bissmillah,5
bantu sekaliuntuk referensi karir,5
mantap,5
sampe pake bom panggil gila stress indo indo,1
ribet mending pake jibstreet express gampang,1
mantap,4
hebat,5
bantu cari kerja x kerja lingkung salary kompetitif,5
application keren,4
ok,5
archik,5
tolong ajar marketingnya sopan santung nasabah,1
site manager kerja perintah swasta,4
manfaat beri kerja cari kerjajuga media bagi ilmu anggotathanks,5
refundpengembalian dana sengaja neg beli paket premium dari neg beli layan bayar otomatis tahu neg,1
gatau,4
mantap jak,5
verifikasi check jelas neg,1
iya,5
sungguh manfaat terima,5
error nocaptcha tolong perbaikin,2
bagusss suka moga rakamin x fair yaaa love u kebon,4
lumayan manfaat dpt kerja,5
ruchana kristina golf graha family country club caddie administrasi membership ruchana kristina bekerjas branch manager moncol pool spa jual uang usaha bidang distributor alat kolam renang spa serta instalasi pipa resto msquare lenmarkmall bukit darmo golf marketing manager,5
sistem aman lemahgk tp notifikasi loginganti password email email customer service inikalo ad neg tindak bantu hapus email pelakusaya akan neg rubah rating,1
pernah neg gagal informasi,5
susah verifikasi kirim,1
mohon balikin dana mau neg member premium tibatiba tarik saldo dana member premium nyobain gratis mohon balikin dana,1
msuk ny sulitpdhal bantu,1
susah belit isi data ngisi verifikasi ganti sandi tetep gabisa,1
heiii si suruh ulang pernah neg keluar verifikasi ulang tolong lahh aplnya baik nggak banget tau nggak,1
baik inpo kerja negeri negeri,5
pn,5
sukses,5
baik,4
sepi,1
bagus informasi,3
okeyyyy,3
susah bangett masuk,2
masuk saldo sah tahan,5
bantu kerja thankyouu,5
bisa saldo dana potong tagih buat neg jelas neg balikin saldo,1
hati hati fitur premium gratis pek fitur premium fitur segera tahu batal fitur premium potong tagih premium bulan otomatis potong metode bayar e wallet ada neg konfirmasi sayang akses pusat bantu bijak kembali dana konsumen linked dapat neg akses,2
portal info kerja serta bagi info kerja dlm negri negri serta informasi lengkap data lamar lamar overall is good,5
koneksi massih setabil,3
bagas juliansah,5
update berat sistem ui bagus terkadang buka search koneksi bazel handle hilang terkadang buka profile lelet banget gabisa buka loading mulu parah buka cek cepat koneksi internet stabil,1
proses verifikasi security cek ny sm bantu neg mlh sulit,1
bagus kenal,5
guna neg,1
bagusmemudahkan hubung relasi,5
versi bug verifikasi,3
tahu neg apacara pakai hapus sapa butuh,3
a wauih nh seigiegy,4
gkjls tolol verifikasi nyusahin,1
bantu kerja,5
baguss,5
z i laptop eqtuozy x,5
mantapbuat cari kerja,4
sampah,1
tau neg bodoh,1
kecewa bisa neg ulang sandi opsi ini neg saya neg iya pencet opsi iya pencet opsi tolong baik bug,1
iya,1
easy and simple operate,5
kirim tugas lama neg,5
proses sulit,1
sulit input email sandi bener hp gabisa aneh aplikasi,1
coba,4
verifikasi email doang ribetnya ampun bisa neg loading kena kick,1
medsos bas cari kerja informasi rekomendasi fresh graduate,5
bantu,4
rusak suruh vefikasi gambar gagal mulu tolong baik aplikasi,1
cari kerja arah thats awesome,5
baagus bermqnfaat,5
costumer service ugrade dana,1
informasi loker bagus,5
bagus aplikasi,5
up date moga updaten baru kembang optimal linkein maksimal bantu gun,5
strategis fungsi maximal terimakasih,5
wey plis bisa neg pakai gmaillll,1
ribet akunbaru aj masuk nomor telfon ad terang sesi kadaluarsa lg verifikasi lumayan ribet,1
,4
,5
verifikasi ngaco milih bener tetep salah milih salah bener,1
daftar susah nian,1
tuhan yesus kati amin jesus bless us,5
alhamdulillah nice terimakasih moga berkah,5
fresgreduwet kerja,5
batu caranus,5
fahami,5
bagus,5
suka,5
adu mana hilang masukin gmail kek gtu gmna hancur neg gin update april tpi hilang,1
good indonesia,5
platform profesional ajar baik,5
bisa neg isi komentar,4
jos,5
omk,3
moga mudah proses kastamer,5
hebat,5
habis update crash bisa neg masuk coba kali tetep bisa neg masuk home,1
qaqc cuality control at shipyardlast pt batamec batam at experience year,5
lot,4
no hp mau neg masuk gimana jelas neg kali no hp msih aktif nelpon wa bisa neg daftar sesi valid ntah valid ku uninstall kek ribet,1
job,1
sya bisa neg hubung,1
sumpah rate ku nol susah banget verifikasi ngulang mulu pas akun batas,1
manfaat,4
medsos luas buka peluang kerja kenal tongkrong usaha tampil profil perusahaanini bantu cari kerjasaya rekomendasi,5
bisnis sentuh owner,3
jujur kecewa bobol data pribadi bocor data verifikasi jelas neg nama ubah isabelle bukti bobol bagus sampah,1
gabisa loginnn verifikasi pake gambar tetep gabisa langgan mahal banget tolong yaaa linked ko gabisa eror tah,1
yth tolong hapus profil google search terimakasih,1
mantap,5
platform cocok tingkat branding sbg profesional dunia kerja,5
duit balikin jt potong auto debit langgan neg,1
nice,5
sukses,4
omooi llm,5
bevega cripton harga bos klep oli seal klepxeon thall vega zr tkd scorpio tkd jup z thallxeon thall vega zr tkd scorpio tkd jup z thall perpak kertas blokrduka cita keluarga tinggal duka cita keluarga tinggal inggalkan,2
tani,5
verivikasi susah masak iya kali nyari gambar kodok hadap salah security check ambigu dunk kek dikerjain,3
ajar,5
dunia togel tausebelum masuk aplikasipaling mumet masuk aplikasikarena persainganpelanggan korban,4
profesional,5
,5
keren,5
ikut neg langgan potong mahal rb ikhlas neg banget refund banget,1
like snail,1
klik kerja tibatiba aneh,1
tibatiba ngebug,1
monyet gara gara saldo dana gua potong otomatis pernah neg pencet mesen lumayan juta,1
rawan prabowo gibran ketua sahabat publik harap gabung sahabat bagi informasi,5
sesuai neg harap,1
bisa neg,1
data sebar,1
akses blokir ada neg solusi,1
baik,4
eek bisa neg verifikasi,1
interested,5
ni bagus pakai tugas tugas ppt lainlain,5
bagus bantu mudah hubung beri cari kerja,5
,2
bantu luas jaring profesional bidang ilmu tahu kerja,5
verry nice,5
bagus portofolio,5
jalin koneksi tombol x checklist samping sengaja neg pencet x batal tapu terpemcet tulis saran neg cari blax sengaja neg pencet posisi tombol gabisa cari orang,1
lamar ngak aneh banget minggu gin,1
mantap,3
ftttt i didnt remember whether there was a lot of problems available because its more difficult help either ma ma,1
gabisa masuk stuck puzzle gmna,1
bantu,5
goood,4
rekomendasi neg,1
si gada gambar,1
stress berat gabisa daftar,2
bisa neg,1
ku hack bisa neg masuk verifikasi rumit bisa neg selesaiakan buruk,1
suruh verifikasi pake gambar kali nyoba gambar salah bikin betulah hadap kayak kepala bad,1
nama holili yugo adi putro temu kandung anak holili yugo adi putro gedung btn,5
ku repot awalsusah banget loginmohon baik,2
ribet verifikasi dimna mna sesuai data,1
pake teka tekiudah bener disalahin,1
peonsiun,1
babi sesuai neg harap,1
good thanks for this apps,5
rfr l ur f r b l fr,4
,5
sangatmembantu,5
ok,2
bodong biaya mahal saldo dana gw raibkalian jgn download dana raibkaya tipu,1
trima gabung,5
operator buldoser,5
jelas neg cek scurity ribetin,1
i cant,1
cari kerja bisnis,5
ribet cahpta valid neg bener,1
aplikasi sampah verifikasi sulit valid neg mulu tolong baik,1
i like jobs,5
sampah banget loh kendala proses verif security check yanh gambar kuda jelas neg coba gagal sesuai arah blokkk,1
i have manay new friends here,5
aneh bisa neg daftar kirim neg kirim kode,1
jelek verifikasi id takut salah gunain,1
verification jelas neg,1
di neg buka yg neg anehsekali buka tau tau batas ktp kayak buka pinjol,1
smoga cepat bantu cari kerja,5
ni gua rating burukkk bangetttt susah kaya cpns suruh masukin kode masuk bisa neg emang busuk,1
kren ku erti impormasi bisnis bantu dorong,5
moga bantu,5
buruk ngeselin jobseeker baru profil asisten manajer aneh,1
lapor pajak npwppersonal jangka,5
rampok saldo potong pemberitahuan neg,1
bantu,5
siiip,5
sucks,1
manfaat,5
salah neg ni ratingnya developer useless scam bisa neg verifikasi sulit banget,1
susah masuk ny,3
apkikasi lucu bener arah dah pencet kali ana neg benernyaauto sih jelek,1
batal langgan,1
top,5
bener bikin verifikasi masak milih gambar bener gimana baik guna jgn sulit,1
emang bagus,5
apan,1
fosnxk,5
jobseeker biaya bulan mahal bentuk idr tambah bisa neg liat cek profile jobseeker cari kerja doang biaya lewat mahal,1
kuk mecari kerja gimana gapaham ngelamar kerja mohon bantu terima,5
selamat ratingnya ngasih smoga error,1
sampahh suruh teka teki bilang teka teki biar tau manusia woyy ngotak dikit emang binatang donlod dasar manusia tolol,1
,4
gabisa looping verifikasi,1
ribet banget najis verifikasi,1
cocok,5
tolong developer dengar keluh usernya atas upload ktp verifikasi wajah tetep kena batas,1
api hatur,5
tau narik uang dana rb,1
cant sign very bad playstore,5
verifikasi sulit,1
gua dah verifikasi bolak bisa neg verifikasi email bisa neg tolong baik,1
mohon kembali uang garik google play shopepay laku neg konfirmasi apa kait beli langgan ambil dana shopepay konfirmasi neg milik aju klaim kali lali ada neg mohon bantuanya,1
susah jelas neg banget muter verifikasi doank,2
insyaallah bs bawa berkah amin,5
jelas neg verifikasi susah skli jelas neg jelas neg jelas neg ihhhhh sebel org bener salah salah muluuuu org gambar bener pilih hadap salahhhhhhhhhhhhhh,1
duhaifxxcb kolo,5
mnt stuck at captcha are u serious it has been correct long ago and u wasted my time by doing quick security check again and again,1
bagusu,5
google maps,5
membingunkan,1
the best,5
ajar mu,2
verifikasi sulit,1
building business and support time,5
tu,5
suruh verifikasi tp gabisa lolos alas nocaptcha valid neg apa apa,1
terimakasih informasi bantu proses tentu amin terimakasih,5
jls neg ribet banget susah pernah neg bikin,1
dewasa,5
aa,4
tipu,1
percaya buang buang biaya interview ujung ujung tipu telite iming imingan pt lebay waspadalaaaaaaah,3
sukses,5
alot of importance information,5
tahap coba,1
captcha eror bisa neg payah,1
verivikasinya susah benget,1
mohon tambah bahasatranslate bahasa indonesia,3
guna neg sebagua apa profil provesional apa buang buang tenaga room ada neg lowong kerja dalam room akal akal developer dg mitra kredibel kredibel kerja gabung,1
baru,3
bisa neg pas verifikasi ngulang dapet selamat blablabla bukti manusia,2
coba moga banyat mafaatnya,5
ribet ketat,2
manfaat dunia karir,5
profil liat neg baru,1
guna ubah total guna neg karna susah hilang,1
ngeselin banget verifikasi susah banget,1
is oke,5
ada neg appbaru bikin masuk pake verifikasi ujung bisa neg masukbikin kaya gitu terusgak,1
tau neg amu bisa neg tolong bantu,1
keren manfaat,5
sukses linked,5
benahin tuh bug verifikasi sampah,1
verifikasi suruh teka tekisdh terceklis muat harap tunggu eh verifikasi sampe quota habis muter situ,1
the captcha bug so i cant,1
verifikasi ribet,1
websitenya ngisi kode captcha kali gila gabut banget gabisa,1
man tool,5
layan cap jempol,5
bapuk tolol verif susah,1
susah captcha baik thank you,1
update ribet,1
buka,1
dapat,5
verifikasi sampe mampus bikin sampah banget,1
assalamualaikum kenal fajar kakak tnyk kakak blokir pernah neg aneh,1
very very bantu,5
aman,1
guna neg,1
baru ruwet mudahin neg penguna,1
verifikasi kasih notifikasi respon kode nocaptcha valid neg isi,1
khoirul anm,5
informasi bagus dunia teknologi lowong kerja,4
verifikasi mantap sampe ulang kali,1
verifikasi jelas neg ngisi kali gabisa masuk gimana,1
i found great,5
good,5
aneh ni error sulit gw ken verifikasi susah ampun hadehhhhh,1
,5
bikin pas ribet banget pake gmail pakai tugas praktek sekolah,1
kali bisa neg ngikutin arah,1
susah banyak verifikasi,1
bingung rumit berbelitbelit,1
tolong filter usaha ada neg usaha pialang,5
i like it unlike any other social media platforms means something many not only job seekers and recruiters but also for profesionals who love sharing their valuable world view others see what they saw double thumbs up,5
susah,1
gabisa taiilah,1
lelet,1
haduuhh capek banget verifikasi captcha invalid mulu ngulang bisa neg masuk,1
no coment,5
plattform baik jobseeker and find networking,5
nyari kerja malah neg nambah kerja kali proses cari,1
ganggu iklan,1
bener suruh,1
admin kerja ngapain benerin sistem cuman plonga plongo gw bisa neg cuman karna verifikasi doang minimal tanggap komen biar pasti gaji kerja becus neg,1
tolong guna sampah susah verifikasi jelas neg website nyusahin tolong developer cepat fix banget komentar,1
bagus nal dam bangun relasi profesional cari kerja,5
sulit pernah neg hasil foto id ikut bisa neg,1
bagud,5
its really helpful,5
tingkatakan fitur,4
alhamdulillah dpt network,5
okt,5
mudah cari kerja,5
aplikasi bantu hubung informasi putar info kerja,4
manfaat terimakasih,5
olla,5
security check aneh,1
bantu kembang bisnisthanks,5
dear why is it so hard for just making my official website appear at my official profile i followed all the steps but still has not displayed yet not mention the unease of how we as user should ask for customers support really am disappointed about this please fix this immideately,1
mnuhl,3
cant even with my google account and try wiith my email and password but the captcha is complicated aint nobody got time for for the verfication i am just give up with this nonsense and uninstal this,1
batrai langsung matahari langsung langit cari vpn power bank iso voa daftar dick global tv google royalti incam pribadi go sehat,5
gimana verifikasi eror sekian ada neg tindak,1
suppeee,5
bgmn dpt koin bnyk,5
baik fitur verifikasi pakai ktp persona indonesia support neg,2
,3
maju,3
gabisa security check bener sesuai instruksi aneh,1
ajar,5
upload sertifikasi lisensi salah tahu neg peecuman fitur,1
susah kacau jelek very bad,1
lost verifikasi ulang ulang mohon bantu,4
pake fb email trus kali pakai teka teki masuk neg capek,1
teka teki kayak tai,1
sempurna,4
gimana siii bisa neg verifikasi salah,1
tolong linkedln kenapasih buka suruh gitu ngulang kali lg suruh verifikasi mudah bikin ribet bisa neg buka,1
nyari usaha,3
woy susah bener teka teki gagal trus mending verifikasi robot pakai centang google ajah mudah kena blokir bisa neg laku neg langgar apa verifikasi identitas tetep gagal hasil pakai tolong baik developer,1
based premium respon owner usaha based reguler di neg arti rekomendasi cari kerja,5
verifikasi susah woy ktp hadap salah daftar nomor boleh neg pake nomor cari kerja susah masuk loker susah indonesia emang susah,1
bug notifikasi,1
ok gasgas,5
erorr nggak buka,1
,1
senang bantu banget,5
your capctha is very bad doing it repetitively for like times and can not,1
kena hack bro gimana,1
tolong baca komen bodo dosa sulit tanganin sulit,1
tolol cmn pake tekateki babi ulang bnr ny,1
,1
great and more than job information,5
aneh download cari kerja mlah isi profil kerja,1
kontolll jelas neg babi verifikasi bikin emosi hapus babi,1
vc b,4
guna neg bisa neg,1
mohon baik admin,1
siiiip,2
developer tlg baik idiot bisa neg teka teki salah org neg gagal tks,1
salah verifikasi,1
gw hack asing susah banget,1
biarlh yng ngasih nilai tnggi kali masuk ngk tau bagus yng neg nilai,5
coba,5
tok angel menungso iki menungso verifikasi jawab wes bener harap baik,1
bagus,5
,5
strong together,4
relasi informasi,5
foto ilang jaring koneksi hilang paham neg,1
wawan lswanto,5
gabisa sign pake gmail,1
kena kendala dapat neg masuk verifikasi hari juga neg langgar apa eh kena blokir semenjak ayo developer,1
member terbai menerimadan jujurikhlastidakmencelamenuntuttygtidakterlalu pentingdanmudah maaf,1
bantu,2
gimana nggak verifikasi id foto tetep nggak,2
garagara verifikasi gamasuk akal gabisa sistem verifikasi tolong baik mudah,1
buruk gabisa,1
gimana si verifikasi mulu aneh,1
bantu koneksi profesional,5
security check manusiawi neg,1
cekk,3
oh gosh,5
teka teki nyusahin masuk neg akal bikin program aplikasi,1
jelas neg banget verifikasi mau salahz asw asww,1
linkkedln lengkap,5
tolong verifikasi mudah ngasih verifikasi susah banget,1
verifikasi salah gilir masukin otp sesuai salah terang gagal emang,1
am,1
,2
validitas lengkap,5
goog aplication,5
senang,5
bagus bagus kerja linkedln,5
lembek akses,4
bisa neg,1
makasih,5
bagus,5
security check jelas neg pilih gambar pilih salah mulu jelas neg check bot,1
baguslanjutkan,5
essseesssess,4
hayyyysaya login neg captcha errormohon baik ganggu,1
aplikasi bagus kesini ko bagus neg gabisa terus verifikasi ulang kali masukin kode ngulang sampe bosen jam jam buang,1
helpfull real profesiaonal,5
pake gmail verifikasi teka teki aneh salah pas ganti verifikasi tebak suara muncul tulis verifikasi valid neg pusing sulit,1
tolong bantu modahan tolong rezeki limpah dunia tuhan bantu lindung tolong kurang neg amin amin allah,5
gagal verifikasi gagal,2
kode captcha verifikasi akun ulang sbntr ulang bgituu nggak,3
moga bantu,4
bagut,5
mbuh angel tenan verifikasi ne,1
bisa neg tangguh blokir pake tanggung ni aman ada neg data pribadi,1
bantu,4
bantu jalin relasi kerja,5
banget program searching jobs most exited and valuable butuh tenaga sbb m bambang ongkoyudo drs ktp m bambang oky drsspdkonselor expthn swasta negeri harga gubernur dki jakarta thn harga thn presiden nkri joko widodo jokowi brgabung dgn usaha butuh tenaga cukup salarynya,5
bantu cari pekerjaansemoga kerja aamiin,5
mohon baik sistem verifikasi manusia susah,1
verifikasi jmbt,1
klo liat bagus mk limkedin lg proses sandi no hp stlh tullis blg salah pd no hp smp ulang kali sampr capek mohon simpel ng,3
bisa neg verifikasi gagal mulu,1
,5
bagus dam simple,5
is ok,5
terimakasih sangaembantu,5
robot neg,1
trial,5
lumayan bagus kerja,4
tampil menu pilih menu simple,5
oem f,4
e f,3
putus kongsi,4
gabisa karna banyak syarat jelas neg,1
mantap lancar bisnis lengan cepat hubung tim inviter,5
ribet capca bisa neg ulang susah gimana pdhal dah gilir gad,1
i o,3
verifikasi mudah napagak paspor indonesia susah woipake ktp kek kek gitu,1
kali instal ulang masalah browser edge data hilang bisa neg akses salah baik kembang bisnis jaring aplikasi neg murah interaksi please baik cepat admin,2
di neg instal muncul,1
uji,1
linkedn buka jaring teman profesional,5
main komersil mulu premium gratis bayar mending usah neg tampilin premium gratis,1
inspiratif informatif,5
mudah lamar kerja berita kini mudah,5
bangkrut dapet uang iklan tinggalin gitu,1
pt megalopolis manunggal industrial developmen tugas usaha pegang izin a kawasan industri izin domisili desa izin kawasan industri izin lokasi sippa iplc izin tangkal petir izin instalasi listrik izin stasiun radio izin madam bakar b hotel asuka restoran siuk hotel izin hydran izin instalasi petir izin madam bakar,5
keren,5
dev bagus bintang,5
abal abal,1
bantu jaring profesional,5
nggak bs dah kapaaaaan pngn ngecek nyari lowong baru profil takut msh kerja tmpt pdhl resign,1
sekuriti chek sampe x masuk neg masuk,1
susah verifikasi gambar salah isi,1
susah buka langsung close,2
engk android android v pake web laptop jg instal ulang tpi tetep engk,1
gabisa cokkkk,1
mentok kodok,1
ok banget tambah informasi kerja kenal karakter senior senior,5
citacitanya pencetin gambar kodok smpe mabok,1
tau perintah gagal kurang anggur syarat lowong kalang sekolah untuk neg tengah,1
bisa neg masuk nyusahin alias bikin ribet verifikasi,1
luh,4
quick security check aka capctha error stupid,1
,4
verifikasi security captcha valid neg captcha opsi suara gagal tolong bantu,1
bayar asyiik neg,5
jelek buka ulang captcha muncul bisa neg gabung member,1
verifikasi liat banteng ngadep gimanaa salah mulu woy,1
maaf kakak krn jarang pakai,3
cukuo info,4
susah banget loginnya suruh verifikasi captcha gambar tekan bener baik aplikasi hilang fitur verifikasi captcha,1
thank you,5
bisa neg,1
verifikasi berkalikali bisa neg,5
im,4
help me find job,5
nizeeee,5
tolong verifikasi baik ngisi salah ngulang kali,1
chaptanya,1
rekomended jalin circle teman kualitas best,5
,3
ko stuck captcha deploy ni neg,1
gimana invalid mulu re chaptsanya gabisa masuk,1
oh,1
cah samsung lek,1
help find a job,5
aktipkan,4
q lppoooloo pooooooooolo pooooopopoolooooo ooloppop l lokasi pop indonesia operasi popo eh posisi on lp play polisi pondok gede pl oo oo ku pilih syg po sumber ooo o ooloppop oo loopl ooooooooooooloool,5
susah suruh milih gambar jelas neg,1
fungsi normal terimakasih,5
informasi up date mudah cari kerja tingkat karier baik taraf hidup keep the awesome joblinkedin,5
chapcta errorr,1
suka neg,1
jos pokok,5
emang bener pakai nomor telfon sebar luas pesan wa ngaku nomor risih,1
bisa neg akses suruh verifikasi data dgn tanda kenal verifikasi data pernah neg tuju,1
bisa neg dlond aplikasih domino,5
bagus serta terjemah bahasa indonesia lamar kerja pake bahasa inggris nggak paham setel bahasa indonesia,2
bisa neg daftarpadahal kali intolong bantu,1
bagus informasi manfaat,4
buruk,1
verifikasi tolol susah captca bolak,1
eror verifikasi tpi bilang respons kode captcha bom isi valid neg,1
parah bisa neg suruh verifikasi,1
goood,4
senangdengan,5
mohon baik verif captcha gagal kali kali,1
qnti si tas tas gambar mulu salah mulu glbg buang buang wktu woe bog benerin apl gkberguna,1
bangke,1
susah,1
apl can not be operated after recent update please me know,5
okey banget,2
recapcha masalah,1
quick security check ganggu relasi jamah neg sendat,1
captcha masalah bisa neg masuklogin mohon baik,2
ad neg ul,3
teknisi ac frilen,5
top and the top,5
maaf sampah lebih neg facebook isi hrd nyampah jelas neg aplicant palsu bantu neg dear usaha promote pakai sosmed,1
bagus banget,5
security check kali kedetect neg input captha,1
,1
perna pegawai gudang pt indofood,5
keren tolong captca webnya baik,4
super duper hard many times verification and limited access i have update my identity card but it did not work,1
opsional,4
bantu cari informasi lowong pekerjaandan usaha terkadang langsung hubung harus neg lamar kerja,5
okey,4
bikin susah,1
tutup privasi knp susah,1
temu kerja,5
good job,3
sebenernya dalem bagus tp dalem susah pilih suda tp coba ratus kali gagal mohon cek perihal karna keefesienan terimakasih,3
bangkrut kali ulas lihat keluh bisa neg masalah captcha bulan jawab verifikasi beres neg beres sampe lebaran jerapah jelas neg,1
lapor laku uang,5
verifikasi rechapta ganggu bangetdan validvalid neg rechapta,1
bantu cari kerja tambah relasi,5
respon lambat verifikasi data kotak masuk email ada neg spam ada neg canggih server,1
very helpfull for job seeker as long we can explain what was our job with well thanks,5
sulit masuk menu utama,1
verfikasi gambar error kali kali tolong baik,1
bisa neg alas error ngapain kali pake masuk recaptcha make manusia kali kali kali bisa neg recaptcha invalid,1
call center kredit digital,5
bbm j cf hk jin,5
taii susah kudu verifikasi jelas neg ujung eror boro dapet kerja ruwet,1
mantap info lowong,5
trimakasi,4
gabisa post dokumen sampe ganti ganti device tetep unable post,1
twrima bantu interaksi publik,5
keren kejaan ajar keren sumpah,5
i have problem with my account verification cant be completed after answer true question captcha please solved it,1
usaha import suluruh negara eropa asia customer clearance import under name import,5
bantu bisnis terimakasih aplikasi manfaat,5
bagus bantu,5
bisa neg masuk tebak gambar bukti robot neg kasih teka teki,1
penggunq robot paok anjeng,1
usah neg t,3
susah email password captcha bisa neg,1
ken nonton pilem bokef,5
so best,5
susah,1
applikasi manfaat,5
aplikasi the best,1
suruh verifikasi aman foto ktp ulang kali tulis tolong baik sistem verifikasi buruk,1
verifikasi manusia ngulang bisa neg,1
bagus banget canrik,5
hi devs can you update work experience with options input like less year year etc,4
beliau gunawan dalimarta sangkut pinjam uang bayar bisa neg hubung,5
bergabungsaya,5
ganti hp capcha x eror tolong admin baik bug,1
,3
akurat relevan,4
sanggat bagus,5
this application is suck my account has been hacked make me cant into my account meanwhile make a report i need but how am i suppose if my account was hacked frustating,1
berkalikali security check kode chapta tambah gimana cerita cari kerja sulit gin,1
salah jaring komunitas bidang kerja baik praktisi kembang owner usaha yakin mitra usaha,4
amatsangatberguna,5
gabung bagus mudah cari relasi peluang usaha promosi iklan,5
sampah suruh ngisi security check pas selesai tangguh laku neg salah apa sumpah sampah sampah muka bumi,1
bagus fg personal branding kerja cari regards khulafaur rosyidin digital creator of food quality,5
susah proses verifikasi lot,1
tingkat pervormanya,5
this aplication very good my exprience,4
suka mudah erti,5
mantap,5
buka,5
blokir bisa neg admin mohon bantu,1
moga dapet job,5
bnbollmm,4
teblokir alas neg,1
sulit proses berulangulang uninstall install bisa neg mohon baik,2
bagus,4
eror posting notifikasi komentar tp hilang pas balas gmn ber koneksi klok balas komentar postingan hilang tolong baik,1
mantap aman,5
security verification loop,1
manfaat neg,5
,1
suka nth kerja bagus nambah turun masalah dapat neg buka sungguh ganggu guna banget,1
tolol suru verivikasi gaada beres gambar,1
,1
dukung aktifitas,5
mutermuter masukin verifikasi doang ada neg next page,1
recapta bener anjir emosi ulang menit tetep masuk masuk males buka,1
suka,5
sulit banget daftar mudah,1
aplikasi bagus bantu owner usaha sayang bayar iklan postingan bayar bisa neg bayar digital gopay shopee pay dana,3
x,4
makhsudnya gimana ken pas verifikasi captcha error ikutin instruksi tp ttp error habis menit verifikasi doang,1
c,1
guna cari kerja,5
hidup butuh,5
asswuhhhhb n mb bb mb free ethh desa,1
bantu temu kerja sharingsharing jaring,5
mantap,3
bagus tingkat developer,5
cc e,5
ko bisa neg install,1
jelek suka ngebug chapchanya ulang kali nggk terferivikasi,1
good informatif,4
nyusahin pas security cek jelas neg surah sentuh gambar hadap pas milih gambar mengahadap salah kali x salah mulu,1
manfaat kalang hanya neg praktisi hr cari kerja jangkau,5
repot masuk sndri set jam nggk masuk invalid mulu,1
versi baru ada neg tanggal postingannya jobseeker tau neg loker di neg tulis deadline recruiter,1
ajub,5
security check,1
bergunaaa neg bida neg daftarr gagall,1
terima,5
hapus aplikasi guna neg ribet,1
update,1
bisa neg verifikasi,1
mantapabiz,4
nian ajar dunia,4
buang kuotauntuk daftar suruh pecah teka tekiberulang masak jawabnnya pernah neg benarakhrnya uninstal fix buang kuota,1
dagang,1
gua ulang gua lamaih gua lupa sandi pas gua tekan lupa sandimalah arahin masuk pin kirim ad neg sandi ehh trus suruh ulang gua lupa sandi guagak banget ni,1
linknya bisa neg edit coba berkalikali tetep banget,2
kecewa jelek bubar,1
programmernya captcha error sugesti industri muncul neg berat aplikasi,1
s sxdds sds dad s da xtreet x s sss,3
bantu guna,5
keren dpt relasi tahu bisnis,5
susah,1
tolong baik bisa neg fitur easy apply,1
update lokernya lokernya ada neg kembang loker gtu downlod masuk pake kuota jga bayar update mas jngn monoton kasi cari kerja pake keri,1
tergajelas daftar aplikasi suruh kali kali verifikasi teka teki kali kali tolong bikin coba biar guna pakai mudah,1
kadon teuteubakan teu jelasm,1
buat neg eangsran baned parah bisa neg liat cari not found,1
susah,1
salah masukin capcha walo aplikasi error ato bodoh ulang sampe x error walo no linkin no stupid ribet,1
moga bagus,5
ohhh,5
sampah,1
jelek security check chaptcha belit,1
mudah cari lowong kerja pilih peluang kerja,5
guna barutapi teka teki masuk nyasaya kali gagal terushabis masuk server ajaniat cari kerja sulit teka teki jelas neg kaya gitu,1
smg manfaat,5
bokep,4
senang hubung hebat,5
huuu susah registrasi,1
bisa neg masuk website verifikasi capthca ada neg habis,1
kali dapet security check mulu ni ngirim ktp terima neg profil bener males masuk,1
verifikasi susah,1
bagus bermamfaat,5
daftar,5
suka,5
bagus banget nyari loker bantu banget fresh graduate anak muda indonesia,5
cobah cobah,5
dear developer bagus tolong tambah fitur guna,5
vety good for workers maniac have been money,4
nice good information,4
calon guna pas security check sana error captcha error bilang isi jam masuk tau konfirmasi error uninstall,1
mantap,5
keren banget mudah urus thank you for good a chooice,5
hibur,5
moga bantu,1
posting,5
ok terima,5
kembang fitur lanjut,4
mantap,5
yeyey,2
bsa neg ngpain bsa neg dftr bru bsa neg,1
temu teman tahu neg mana,5
panggil masuk jg inisudah bnyk lamar kerja hasil ny banyak pt tipu,3
excellence,5
puas,1
asli stuck no captcha,1
paragon butuh tanggung km kerja gaji neg keluar neg gaji alsan,1
bagus guna manfaat,5
my account kena hack parah,1
uptodare always,5
ok buanged,5
great informer for job seeker,5
bagus manfaat,5
banget,1
ive it neg on,4
verifikasi susah banget salah mulu,1
recommended cari kerja,5
bagus,5
verifikasi masuk gagal sebal,1
veryfikasi isi suruh milih dog x,1
oklah bantu,4
lh update nyusahin,1
,4
w p,3
verifikasi bisa neg tolong baik,1
sip pokok,4
lancar,5
susah verivikasi ny salah,1
there is loading profil bug connection,4
tolol lapor help twitter email bajak bulan nggak direspon layan customer kalah glints jobstreet mending tutup nggak solusi benerin aman data guna website takut data dipake teroris jual human traficking anak usaha microsoft badut suruh maintenance,1
,5
aplikasi busukk,1
tangky you,5
moga berkah,5
,5
bug captcha bisa neg,1
error tolong baik,3
gj,1
manfaat,5
ribet,1
batas mulu akun gaje pdhl gada ngapainkerjaan hambat kena batas tbtb alas neg aneh,1
aneh banget ada neg halaman ganti profil,1
tolollll begoo verifikasi ribet banget tolol,1
suruh nyelesain captcha bener suruh ulang sampe kali,1
b b h,5
knpa error mulumasuk bisa neg edit bisa neg save,1
sulit kode verifikasi sulit ampun nomor blokir bisa neg pakai kode ampuunnn dahh,1
seh security check,2
smoga bagus,5
registrasi sulitproses verifikasi jalan neg,1
masuk hp sulit,1
bisa neg tambah media mengpload foto sampul update reinstal bisa neg jalan aplikasi,2
kode banget sampe gabisa pake nomor telepon kudu pake nomor,1
susah daftar suruh milih gambar kuda puluh kali ttep salah mudah jgn jyk gin males,1
bisa neg buka verifikasi muluparah,1
wth gabisa,1
syztem verifikasi ni sampah becus neg ngurus pecat,1
sulit verivikasi langkah no hp guna neg email daftar cukup neg rubah settingan,1
bagus bagus,5
,3
daftar susah,1
bantu,5
jalan masjid assalam i rt rw no b kav hankam komplek kembang dki joglo jakarta barat belah pulsa cell neg joglo jakarta barat aman,2
olc,3
apasih sok asik bener ditungguin kode verifikasi gilir dispam no hp gbisa dipake lagikudu ganti no kocak,1
ngirim kode luama,1
captcha gimana bener suruh ngulang ngulang,1
sayu,1
apasih bisa neg kode otpnya dimasukin nomor hp bisa neg digunain nomor hpnya,1
bisa neg,1
mudah cari job,5
hate speech sara biarin,1
lot bro knp hp,5
i have experience accounting finance tax and audit,5
bgsd,1
instal suruh verifikasi kode muncul neg pake email nomor wa panggil tlp ada neg satu kode muncul gimana verifikasi,1
download cacat bohongin,1
p pal,5
daftar susah ampun,1
ampun bisa neg,1
how can i register if i order the verification code message never came,1
kode verifikasi masuk neg,1
,5
rr,3
aneh aneh habis disuru verifikasi,1
mean a lot for me or anyone,5
suka,5
jujur adl guna suka minus tagkirim teman bisa neg hubung ikut mohon baik fav,2
gairah nafsu saya,5
daftar gada kode smspanggilan samsek tunggu hitunga menit ganti nomor ponsel,2
sesuai neg dg yag cari ribet,1
,5
mambantu kembang bisnis,5
pass ganti password bisa neg,1
belm,5
anjingg bener bener rupa gapernah masuk ulang ulang setan banget yaaa bangkrut loo anjir guna neg jiji bikin males,1
bagus jaring luas tambah relasi,5
him t byi k,4
captcha not working i hate this,1
mmbantu,5
gerak cepat perobahan adil ekonomi lokal desa indonesia,5
mantap bagi,5
bisa neg verifikasi,1
goods performance,5
fungsi neg gagal masuk hp mulus sinyal bagus,1
masukin email sm sandi masuk neg,1
good and usefull,5
sihhh nii susah banget mauu logiiinnn,1
captcha susah banget woiiii,1
masuk ajja pake ktp ngeri data pribadi diupload sembarang bagi neg perintah perban,1
moga manfaat positif terimakasih,5
muhamat mursid,5
ribet daritadi verifikasi data,1
tangguhkanudah nyoba kali kali tetep bisaudah neg verifikasi identitas tetep bisamohon neg bantu dongsemuanya hambat ganggu tanggung jawabtolong baik,1
guna praktis,5
salah kode verifikasi muncul neg securitynya jelas neg,1
nh nomor film ihjhmd dgicukiriiiiiim kirim,3
very nice,5
mohon hubung wa instagram facebook indeed jobstreet layan kerja daftar neg lgi,1
masalah tampil postingan relevan neg menu search update nov mohon baik,1
yeyen narmadaktv,5
baik percaya terima owner negeri bantu pecah hidup lowong rantau,5
batas slalu neg bisa neg,1
riweh,1
jelas neg nomor telpon bisa neg dipake,1
ampun gw apply lowonganhari ada neg manggil manggil sm glint aneh banget,1
buruk verivikasi butuh guoblok hny teka teki main buang gpa,1
lgi masalah gimana si isi security check di neg respon kode no captcha isi anehh herannn tolong baik,1
tolong selamat dr tipu coba masuk bajak,1
very very good i love it so much,4
leluasa neg,1
dasbor lag ngeblank,4
taiiii masuk masuk neg susahdi suruh pecah teka teki suruh liat gambar ngadep salah mulutaiiiii doang,1
amaging,5
daftar masuk biso neg kode kirim sms daftar nomer bom aneh,1
utama praktek,1
not good,1
,3
alhamdulilah manfaat bijak,5
good find a job,5
mantappp,5
adidas,5
btangkut verifikasi ulang pake beda device di neg ios di neg android nyangkut verifikasi,1
moga cocok,5
kirim kode aman pernah neg dikirimgimana disend berulangulang kirim neg kode aman payah dah,1
toooolol babi bikin susah banget,1
wahh wortit karen sosmed khusus dunia kerja kegiatn lomba organisasi bangun relationship luas jaring prestasi,5
ahterserah masuk nggak stupid lhoooo,5
bisa neg captcha berulangulang pernah neg selesai,1
kali kali bisa neg jam jam suruh verifikasi suruh sampek jam ganti hari bisa neg,1
payah masuk mentok a quick security check hadeh,1
juan s,5
rangin nambah koneksi bot hadeh hadeh,3
work is kerja or kerjo seksek resekresek,5
iyahh,5
iklan,1
i want sign with my account on samsung tab s but i didnt know the keep asked for captha continously other side i was entered correct captha confirmed by i use andriod one ui may you fix my bug as soon as possible i also have screenshoot of the problem if you want it too,2
mantaps,5
bisa neg hp android verifikasi looping,1
taiiiiii masuk bikin susah data bener salah dasar bangke,1
bisa neg verif captcha,1
error,1
domino island mamtap,3
syahnan nissa,5
moko,5
relasi temu,5
ibu ribu informasi loker akurat profesional,5
bokepsek,5
buruk guna neg,1
jelas neg iya ulang an verifikasi data,1
bosoklogin bisa neg kebukajgn donlod nyesel bnet bosok,1
selesai verifikasi bukti manusia ngulaaaang,1
one of the best plattform i know,5
kacau kirim personal undang batas kali kirim personal undang langgan kirim kali,2
error feriv gambar buka enak pakai website,1
bisa neg verifikasi padalan bnerudh behari bisa neg,1
susah lpgin bikin bete,1
o,5
bisa neg captcha bener mohon baik ngasih,1
buruk gabisa pdhl data aktif suruh verifikasi,1
hello i found several bugs the application the main one being the bug of not being able save changes when changing the name and profile information,5
security check ny brp bnyk banget dftr,1
stupid always stuck on verification,1
bagus cari kerja lanjut,5
sumpah doang susah banget perakara milih hewan madep anjir,1
bagus manfaat,5
bagus referensi,5
verifikasi via bisa neg,1
,2
z c ze x vz,4
maau gabisa,1
k,5
bantu kandidat team,5
otp kucluk,1
proses verifikasi kek kontol niat ngebantu nyusahin,1
banget ribeud,1
nice find job,5
pakai upload ktp jamin data bocor neg,1
captcha invalid verifikasi security check succes bisa neg,1
pilih gambar verifikasi manusia ulang kali salahburuk,1
verifikasi keman jelas neg ribet,1
mohon info guna posting tks,5
salam satumerta puji,5
usaha tambak udang operator exavator berkrja operator exavator kebun sawit prtnah operator exavator tambang,5
bantu cari lowong pekerjaanmudah digunakanpertahankan,5
bagusmembantu cari kerja,5
bagus cari kerja,5
aplikasi lot,1
manah linkedln tuh cari kerja gua lamar linkedln terima terima,1
kacau banget scammer india buka lowong kerja ketik kolom cari postingan lowong video editor indonesia india buka lowong kerja risih woy tolong baik algoritma kolom cari trutama postingan pas ketik negara mana sesuai domisili negara tinggal ngasal neg gin tinggal indonesia loker india,1
bqik,5
ooow ooooo koooo ooooo ooo warga negara oon qm tuh ooo o ooo o ooooo ooo rumah ooo oleho,4
volunteer as a reporter media house of lafaek news and as a teacher,5
makas,5
ok,5
tengk you,1
cv giling bakso jawa timur sp batu aji batam,5
,5
akurat smart mobile,5
propinsi jawabarat kabupaten sukabumikecamatan cibitung,5
mahasiswa ospek tugas penuh koneksi mahasiswa aktivitas deteksi spam sebab suspend ikut arah merecover verifikasi detik suspend hanya neg kali tersuspend tnpa,1
terima kasihsangat bantu moga langgeng informasi bagus,5
b guss,5
very good support our business net working,5
good,5
bantu,5
linkedln facebook duniadunia,5
bisa neg akses handphone,1
bantu cari kerja,5
its ok,5
bagus manfaat,5
susah bener berkalikali hp hilangmalah nyuruh verifikasi verifikasi hp hilang,1
gudd,5
loker palsu,5
captcha valid neg pilih,1
susah banget loginnya,1
lucu bilang gratis uji eh gilir nyoba transfer bohoong gratis neg uji bilang,3
buka langsung buka kesel banget,1
masuk nama,5
update,5
bagus bantu,5
good very mach dorfrt,5
apps guna cari temen nqmbah channel peluang kerja jg bagus krn semua neg otng tau,5
ok good,5
mantep neg,1
loginnya gmna bikin emosi loh,2
bantu dlm cari peluang kerja,5
gunaasuu neg,1
social media bagus cari kerja,5
tolong baik upload foto banner lari foto profile,1
fungsi neg bisa neg ubah pasword bisa neg bikin bisa neg bilang kode kirim sms email ada neg masuk bangkrut,1
mecari informasi,5
wa irwan muncul neg tlg bantu bos,4
,4
tunang,4
bantu smua,5
inspirasi kerja,5
info slalu update,5
verifikasi kek cpns,1
loading parah hadeh,1
,2
tolong baik kadang cape update data doang kali kali tetep ada neg ubah gt gt,1
connected effectively,5
good apps nanya masuk sertifikasiwebinar update profile baik data sertifikasi trims,4
retas,1
i hope i getting my dream job allahumma aamiin,5
bikin postingan cuman ngirim gambar bisa neg lebihdan cuman laku versi mobile gagal kirim postingan gambar,4
buka langsung kluar bisa neg pakai,1
susah banget applikasi buruk banget,1
lhhu neg,4
guna neg masuk suruh verifikasi ribet robot pakai hp manusia neg sungguh,1
pogk lupa tunggakany kisanak ss kucing crmdi mustari ria yono frendy bowo agus dony udin hafis hyrihatoo kucing crmdi mustari ria yono frendy bowo agus dony udin hafis silah ceklist bom lngsung bkin,4
capctha tolong mausiawi,1
fast,5
so bad masuk verivikasi pake gambar gp bener tp cap salah mulu capek kepala pusing liat tetep salah mulu habis gitu nambah salah hadeh buang,1
bismilah exporter baja berat,4
ipok k pp,5
pilih gambar hadap sesuai contoh kosong ngulang capek,1
syair hk malamini,5
gabisa nambah email bisa neg via web aneh,1
konyol ngapain neg tangguh verifikasi identitas,1
sangt bantu cari kerja terimakasih,5
bisa neg alamat email bug fix,1
good good,5
verifikasi bisa neg masuk verifikasi,1
widening my horizon see the world,5
membantudan bagus,5
mes banget barusan kena hack backup password tetep kalah hackernya rentang banget kena hacker,1
apliasayasi,5
profesional bidang kerja pdkb tegang kv kv alam bidang pawer sistem scada usaha chevron cpi phr,5
suka,5
payah bisa neg,1
foto kembali,5
aplikasi bikin ribet manusia robot tolol,1
hati mudah hack taut email pernah neg tuju email dapat neg akses ganti email data,1
manfaat jalin hubung proffesional bagus,5
bantu cari lowong kerja,5
jos gandos,5
cool application,5
assistance chief engineering,5
the emais nais girl and bacon the brookhaven bacon kesut like girl bacon like manggo,2
dar info installsebaiknya pakai pakaisaya pakai google account capek terus isi captcha isi,4
band terusgak tau salah band trsudah ganti no tlpganti alamat email band terussangat kecewa,1
kali masuk verifikasi ada neg hasil masalah bisa neg interaksi,1
lapor siang retas oknum bertanggungjawab neg retas wanita negeri laku hapus data lampir ganti data keman jamin mohon bantu terimakasih,4
tolong baik verifikasi captcha koneksi bagus ingat valid neg,1
perfection,5
,5
on progress,5
saldo dana debit transaksi saya neg laku juta tolong bantu proses refund dana,1
e,5
dimasukin asing ganti gmail kait gmail hapus gmail pindah tangan mudah akses batas hari langgar neg apa sulit akses asing mudah ambil alih platform kelas kapok wes thx,1
alam awas project manager proyek hight rise building,5
bantu salah baik cari kerja,5
membant,5
sesuai neg,1
top,5
cerah,5
,1
manfaat karir koneksi dunia profesional,5
guna lemah bisa neg duel messenger,3
kereeen guna,5
manfaat tingkat portofolio profesional,5
bagos,5
hubung lupa niat cek update data menit an nyoba servernya lot banget proses quick check verifikasi bener selesai verifikasi koneksi server putus pdhl sinyal kenceng ada neg ngurusin bener makan berkalikali nyoba putus servernya lot masyaallah saran depan tlg baik aps bikin nyaman neg guna,1
buka neg logout otomatis coba batas,1
kaya guna berjejaring interaksi profesional industri dunia,5
the best,3
bingung it wifi mau anak muda orang neg tua anak bayar,5
kalaw bagus,1
n nb v xm l nn k ino b m,3
coba smga cocok,5
bagus cari kerja milik kerja taruh rekam jejak mudah sedia kerja rekrut calon karyawan sesuai kriteria usaha,5
barang kali bantu cari kerjamencukupi kbutuhan rmh tangga,5
moga berkah,5
cari lowong kerja mudah seseai kualifikasi didik ahli terimakasih linkedln,4
harga premium mahal jobseeker susah cari kerja harap harga premium tolong timbang jobseeker tengah bawah berat langgan,1
oke mantap,5
lamar kali di neg dm tuh profesional,3
bagus bantu,4
lumayan lancar,4
parah kecewa verifikasi gambar kali gagal trus uda sesuai dasar verifikasi ampas thuolol gaguna sulit,1
sukses,5
nggak akses email nggak,1
,5
bisa neg buka,2
bantu freshgrad cari informasi lowong kerja koneksi langsung hr bantu tips lolos job recruitment,5
kemarin lancarlancar besok suruh metode rumit banget,1
z,4
oos,2
jaring good,5
karir n sharing job profil usaha,5
looping tlg baik,1
susah download,1
bikin unauthorized mulu hadeuh,1
bantu,5
mudah anggur,5
ngebug,1
ok trima mudahmudahan hasil,5
good oewsome apps,5
ok pis,5
asen skw,5
loading susah lalap ilih gmbr,1
susah inbox,1
hapusen ae ne,1
sulit masuk,1
ngerti neg sulit,1
,5
mantap,5
parah ni susah verifikasi ngulang bener depan ditingkatin lgi mudah proses tolong,1
usaha sandvik mining contraction indonesia warehouse man,5
bagus,4
aplikasi bagus nyari kerja pokok the best,5
guna cari kerja mudah moga depan guna,5
good jobs,5
tolong hackdi bajak bisa neg,4
interfacenya bagus sederhana mudah erti cuman fitur tambah bingung sederhana job posting fake scam gitu,5
,3
maju,5
jelek mohon indonesia mendownload neg batas permanen linkendin gabisa masuk bener,1
kug,5
buat sulit,1
buka edit profiltiba hp freeze nghang lumayan lamachat wa hilang reset,1
ternantu,5
guna neg,1
ngelag gbsa buka,1
cari kerja bingung,1
mudah banget nyari job good,5
perna mandor asisten agronomi pt sinarmas,4
good many helpfull,5
kereeeen,5
bantu lowong kerja sukses,5
maaf mohon baik lagimau susah duh,1
percaya sosmed loker facebook,5
hi first i am sooo disapointed with ur apps i have created and u delete my account without my acknowlede now i create again u ask my id i send and still cant open my new account luckily i havent paid premium i prefer using jobstreet or jobsdb then this apps so anoying u just look for a penny,1
berta baik,5
bingung pengoperasiannyaterbiasa kitalulus jobstreet lulus sma susah nyari loker pt,5
nilai e beda website,1
akun edit terimakasih,5
data curi hatihati,1
ok for,5
pake google bisa neg no respon v,1
verifikasi sms kode tlpn masuk neg nomer,1
susah,1
cepat responya,5
alam prestasi bidang managemen sales hukum,3
informasi guna calon lamar kerja,5
temu kenal,5
sering verifikasi,1
worker need this,5
kokkjk kjkkkkkkkk mkkk kkkkmkkkkkkkkkk kmmkkkkkk,5
bad loginregist susah banget verifikasi captcha jelas neg verifikasi hasil tibatiba suruh verifikasi ulang jelazzzz neg,1
syukur sebat harap sumber alat capai tuju atas nama cantum lampir,5
ni,5
mantul,3
excellent,5
sengaja neg pencet reject ribet gabisa ngirim,2
cekep akurat,5
ajar,2
best sosmed for professional,5
bad experience,1
crash postingan relevan neg amburadul,1
tolong baik sistem buka verifikasi upload ktp kali kali gabisa,1
applikasi faedah neg karna ada neg panggil kerja hahahaa,1
verifikasi mohon baik,1
gw ilang woyyyyyyyyy,2
oke kawan,5
batas laku neg langgar ngerti neg terima hambat,1
linkedln,5
lot,5
rusak tampil bisa neg,1
,5
verifikasi susah gambar hewan posisi abstract mending pakai website pakai,1
verif kode ke neg kirim kirim,1
budi,5
jual,5
daftar bikin sulit bener klik gambar salahin pas pilih,1
tmi h,3
linkendln bantu informasi info kerja,5
unk moga bantu kerja anggur indonesia turun semangat,5
good yes,5
bagus mantap bisnis,5
very recomended,5
sampahdaftar susah verifikasi error suruh pilih gambar arah atas salah ulang kali salah ku salah curiga emang sengaja test bener sampe tahap salah simpul verifikasi rada gila dijawan bener ttp salah salah,2
suiip,5
wonderfull,5
sajarumit,3
email saya neg kenal bisa neg pernah neg notifikasi digit email verifikasi ulang data curi tolong baik,1
aman neg bisa neg akses dihack,1
stupid security check pilih hewan hadap ada neg pilih hadap ulang x anggap salah,1
kocak daftar suruh verifikasi objek ngadep sampe bener pas salah gitu ngulang ngulang mending tutup sampah guna neg nyari kerja mudah sulit tolol,1
ngebantu banget poko,5
terimakasih mudah guna cari informasi sukses,5
cari infomasi lowong kerja mudah,5
god,5
chapcha susah coba ulang kali gagal,1
industri wajib isi isi nanya gblok,1
manager bank bumn,5
verifikasi aneh,2
muter verifikasi masuk,1
klo jaga aman milik retas takut,4
resume rasto,5
fungsi,5
surga professional cari kerja,5
ribet doang,1
terima neg pesan teks kode verifikasi coba daftar ulang muncul halaman lets do a quick security cek,1
temu orangorang,5
bantu,5
bantu mudah,5
crash melulu buka uda lg dg,1
hack bisa neg memgembalikan email customer service guna neg baik sistem aman,1
bikin marah gabisa masukin kode captha ulang ulang bener ttep bisa neg masuk kntl gblk,1
mantap,5
whats wrong with latest updated version v jan all page show error,5
k,1
verifikasi selesai neg,1
bagus main,5
i cant using the google account that i logged previously,1
v xd bhs bhs badan iya har yrzy,3
alhamdulill h salah platform bnyk manfaat luas relasi jaring kerja,5
,3
iiiil mama m,3
bantu interaksi calon atas bantu mendaptkan kerja,5
bisa neg jelas neg aneh tll,1
bantu cari kerja,5
keren teman,5
aneh eror pas buka,2
obrol,5
di neg butukan,1
susah verifikasi berulangulang,1
tibatiba batas verifikasi minggu telah masuk tibatiba batas paham neg memposting neg apaapa komentar anehaneh saya neg buka cari lowong kerja,1
tolong vertivikasi ngentod tu hilang ngapa nyusahin,3
good,5
enjoy millions of finance chatgpt analysis and ms excel skills development thanks,5
kenal media cari kerja global jalan gerak media professional gabung pare profesinonal lokal global bagi ilmu alam materi biasa professional ajar thanks guru professional,5
gambar verifikasi susah,1
mantaf,5
masuk susah kaya bank paksa uninstall,1
bisa neg pakai update akun hilang retas solusi bisa neg,1
bantu sichtapi lembur jarang hitung disnaker kecilkecil,5
enjineer,5
mudah,5
manfaat jalin hubung tahu ahli,5
lokernya gada,1
kembang customer gabung kpd jenama expert directors overseas university graduate ie curtin university singapore northumbria university uk mba james cook university australia,5
bisa neg insuruh ngisi teka teki mulu,1
selenggara giat training soft hard skill training siap pensiun bimbing teknis event perintah team building event mice meeting incentive conference and exhibition house training silah hubung terima,5
hak kuat wajib berat,5
very helpfully,5
informasi sukses kembang,5
heavy equipment diesel generator gas engine,5
aplikasi berat,1
jelas neg,1
terimakasih bantu,5
buruk,1
i yuu,1
aplikasi bagus respons guna manfaat,4
hiim io psychologist,5
terjemah al quran bahasa melayu ambon salah karya mahadahsyat team bantu stakeholder tujuanx ad sosialisasi kandung isi landas hukum islam tsb umat islam masyarakat bumi negeri raja raja moga hasil karya anak bangsa tsb dr malu inspirator amin wallahu alam,5
bangsat,1
ekadide,5
bagus cari kerja inginkantapi sekrang maih kerja,5
terimakasih platform bantu oleh work experience knowledge and relation,5
jelas neg bloking sembarang,1
ngk buka suda masuk sesuai sandi suda pilih gambar suda upload ktp bisa neg buka percaya ko kecewa,1
mantap markotop,5
applikasi bagus cari kerja dn,5
bagus usaha,5
jelajah bisnis tingkat alam kerja finansial,5
error kayak website jijik,1
retas ganti email rusia ingat email telat pernah neg buka website website rentan gatau mana celah hasil hapus dipake neg anehaneh data curi retas apa neg rawan aman bikin kode digit dikirimkirim neg email gimana verifikasi gin ayo,1
excelent,5
verifikasi ulang bisa neg masuk cape banget registrasi,2
so hard sulit,1
good for communication comunitas,5
siiip,4
aplikasi nyampah beli hp tp bgtu mo susah bngd pdhl ngisi captcha benargk niat banget bkin,1
always update,5
ampun dahhhh,1
no coment,2
im new here,5
pas suruh verifikasi chaptca verifikasi bener suruh verifikasi sampe kali verif trus ampe kiamat,1
allah temu dgn sayed zulfikar assegaf,3
harap fleksibel cari lowong kerja keyword relevan relevansi hasil cari sesuai skill asai harap fitur filter lowong kerja harus neg kuasa bahasa inggris,2
bisa neg terhack,1
yupi,5
,3
bagus bantu,5
bangke instal bisa neg kirim verifikasi nongol neg nongol nomor verifikasi,1
susah bener,1
bagus aplikasi mudah cari kerja nama sekolah nggak cari berkalikali nggak nambahin didik susah bingung gimana tolong baik,4
ruwet,1
jelas neg bisa neg logij mulu,1
jelk,1
normal,5
manfaat cari kerja bisa neg bantu real maksud bisa neg salur tahap kerja informasi kerja seluruh duniatapi guna,5
i love it so much you are the best thank you,5
trimaksih tlh gabung dg grup ayah guru syaiful karim,5
tingkat aplikasi,1
loker bodong kedok ruko sinikenapa emng di neg filter informasi loker share,1
bagus,5
mohon maaf bisa neg yaselalu pas maanusia seperti neg manusiaagak susah akun,1
bagus banget,5
bisa neg isi verifikasi bukti benarbenar manusia muncul respons kode nocaptcha valid neg isi proses ulang selesaiselesai neg,2
update bisa neg simpan foto hadeuhhh,1
sulit asuu,1
bisa neg email nomor ponsel kofe verification oernah neg terima buruk puluh kali bisa neg pakai browers buruk,1
asplikasinya mudah bantu cari kerja jali cepat kerja info loker sesuai kriterian skil,5
bantu luas jaring tks,5
sudh brapa x temu loker tipu ujung dimintain uang jt sampe turun rb kasi klo yv bener butuh bela minjm harap kerja,2
verifikasi verifikasi ulang ulang,3
captcha error berkalikali minimal resin update kesini update error nyesel gw update versi baru,1
refresh updt sampe nginsal gabisa posting kecewa niat posting susah payah ngeditnya biar baca info temen,3
jeleksemua serba dibatasisangat mengecewakantks,1
kirim kode bener daftar gimana,1
i sukses pastor,5
retas aman neg,1
bisa neg verifikasi manusia tulis error no captha isi ambang proses ulang verifikasi selesai neg selesai,1
baik,5
mantap,5
apknya error baik puluh kali captha bener bisa neg masuk,1
wort neg it guna neg pernah neg panggil kerja cari butuh,1
tunggu,3
ruwet jelas neg,1
jelas neg suruh verifikasi mulu dah bener veeifikasinya tulis eror mulu,1
sip oke,4
test,4
susah gambar capcha isi bisa neg masuk,1
bantu info lowong kerja,5
payaah,1
google play,3
mantab men,5
lemes bro dana potong lupa cancel cs gercep banget sosmed profesional baik jumpa,5
astaga susah ni captcha security ribet susah jelas neg,1
google appstore top download by google appstore cepat nyaman iklan neg,5
bisa neg security check error,1
bill,1
bantu cari kerja jarak jau mengartur performance bio data rahmat hidayat,5
deskripsi,4
jelek bisa neg masuk,1
nggak pdhl,1
koneksitas mudah eksklusifgood,5
,5
daftar bisa neg masuk eror gimana,1
bisa neg bulak,1
verifikasi jelas neg suruh ulang,1
stuck on security check when iam going,1
langgar jelas neg trus pulih bisa neg,3
bantu lali,5
nggak tolok ukur profesional bidang opsi neg utama unt cari kerja ideal bilang nggak,2
apknya kocak bisa neg,1
ribet daftar,1
tarik verifikasi gagal sinyal wifi bagus mohon baik sistem,3
lowong standar bohong lowong kerja untuk neg rekrut cari kerja,1
ulang verivikasi ulang ulang ganggu buruk bisa neg masuk,1
daftar susah tinggal kirim kode sms nungguin di neg kirim kode yauda uninstal,1
sistem bobrok ada neg tibatiba batas bisa neg tolong baik platform profesional kaya gin sistem rugi user,1
brengsek,1
retas kali kena bobol tolong keamananya tingkat ko bisa kelas google authenticator mas kena bobol,1
gila susah daftar heran web susah verifikasi kode masuk neg masuk maintain sih neg,1
aplisi tipu,1
dibanned verifikasi ktp ada neg jelas,1
hack verif langkah batasin gabisa akses smpe kirim data pribadi gadi resin gua,1
mantab,5
ngebantu neg banget susah pakd hp tolong baik,1
trus minimal depo brpa yatrus minimal depo brpa yatrus minimal depo brpa yaini brg masung lips dolby mix lips dolby dggggugg lips dolby mix lips dolby lips dolby cf mix lips lindor cf mix lips skiva mix lips skiva eyeliner mydarling mascara mydarling lips lindor brilliant mix lips dolby mix lips dolby mix compack skiva,5
bangun bianis,5
bantu generasi muda kerja,5
nunggu otp sampe mati muncul neg,1
liat profil susah ada neg menu abs update,1
force close masuk,1
pas kode captcha bisa neg aneh banget,1
uuuu j neg,1
verifikasi,1
ana n jj qjw io j o o k k kjk j j kcda dodo duduk google google tutup tutup google google,4
llklo t ww b i,2
hack pemberitahuan neg verifikasi id gaada lanjut,1
application error i have repeatedly changed the profile but no effect whatsoever,1
aplikask aneh kode verifikasi masuk neg masuk kocak,1
info wlau bm harap,5
kena hack cekal koneksi luas miris aju banding serah ktp minggu kerja pasti,1
lowker sedia,5
kali bisa neg verifikasi tolong baik,1
i cant with my google default option nor with my second account yet i think the application has cracked before publish production please contact your developer and qa hope done from the bugs soon,1
sosmed untuk profesional dunia kerja,4
bisa neg gabung,2
bisa neg logintumben lancar hack ada neg notif,1
info loker lulus sma pandang neg fisik pandang kerja alam kerja kelompok,1
minus stars i have had a job before so i uninstalled this now im jobless so i install again but the verification code captcha is amazing i fill it times and never pass verification this is broken you developer of this you give me though time dude just tell you cant use this,1
kelompok kerja semprotancak,5
insha allah bantu,5
force close,1
semenjak ganti bisa neg capta salah mulu kesel gw,1
guna,5
bisa neg masuk suruh ngirimktp nunggu banget bisa neg masuk kah,1
weeks ago my account was hacked i created a new account again because there is no progress and its using double protection now its restricted and cant be opened,1
jalur menang,5
maaf tambah lampir nggak bug mohon baik terimakasih,2
baik urus karir profesionalisme sungguh,5
jarang,1
tolong batu boss susah bangat masuk mengolokolok,5
banayak manfaat,5
aplikasi mantap cuman bingung teka teki uda kali kali salah,5
maaf batas mengupload ktp sesuai pasti proses jujur enggan ganti daftar email utama jalan enak laku bicara kali pakai mohon kompromi jalan terima,1
jelas neg verifikasi captcha error mulu,1
no bad,4
gabung,4
the best application me,5
gabung,5
connection lengkap profil gw hapus pake web lancar payahhhhhhhhhhhhhh,1
status lamar doang ada neg proses lanjut,1
tolong apa alas aman kait baik iya kali kali ikut instruksi aman responnya respon kode no captcha valid neg isi dah berkalikali hapus data hapus ulang ada neg maju cuman aneh website amanaman langsung masuk kali kali enggak masuk masuk neg tolong baik,1
so great reality and activity on what wonderful world,5
manfaat mobile legends,5
uninstall kode captcha mutu neg cari,1
you are good,5
bantu kepentingam,5
pilih email default daftar isi email default hasil lamar cocok email beda cv profesional mohon benah bug krusial lamar,1
padu utomo,5
verifikasi kirim kali kali gmail kelik verifikasi gmail aneh,1
knp security checknya astaga ngeprank gmn,2
i like this apps,5
wwwwmenarik,5
mudah cari kerja,5
susah,1
tingkat performa cepat makasih info kerja,5
yamau liat liat,3
manfaat bug bikin gabisa masuk suruh main tebak,1
,1
verifikasi rumit banget main teka teki gimana si cari solusi youtube banget nasib ada neg solusi,1
bagus luas network,5
jelas neg verifikasi ktp kirim foto ktp x tetep ajah bisa neg masuk niat ngehindarin hack nyusahin,1
gimana tanggal alam gabisa pilih klik gabisamasa tanggal mulai,1
main sumenep madura toko anak main bal smp,5
bener bener istighfar,1
muncul notif kode nocaptcha valid neg ulang kali verifikasi alhasil gabisa payah,1
rekomendasi kerja tolong fresh gitu loh kerja berbulanbulan notif via email maksimal bbrpa iklan loker pasang gitu loh rekomendasi,2
bisnis asli ragu msh byk scammer liar depan tingkat deteksi asli profil krn msh byk fake,4
tipu garagara,1
kali banned tau neg bisa neg senang neg twrus ganti gmail tolong baik tingkat aman prikritaskan nyaman guna,1
teman jaring promosi paket tour daya tarik wisata daerah,5
krey bambu bekas google map n,5
gaptcha gabisa masuk ae susah,2
sangan informasi loker,5
teka teki susah bambank sulit,1
tolong tingkat aplikasi mudah guna biar guna lancar mudah guna,1
tolong kena hack jarang banget pernah neg mencet gimana data takut salah contact us banyak tulis doang,1
aman buruk kali dihack ada neg pemberitahuan ribet kali kali suruh main teka teki lowong rekruter buka peluang kerja mutu neg gin,1
,5
,5
update neg,4
terima,5
senang guna peluang karir,5
bad security i cant activate double security and now my account has been hacked by someone else i tried report and verify my account using my personal identity on but there was no solution at all,1
e df,1
mantap bos josss gandoooss,5
cari kerja sulit premium ada neg impact tawar kerja apply usah pernah neg respon harap baik tks,1
kode captcha bikin ribet,1
lumayan mudah lihat,3
susah,1
kembang upload cv resume tertimpah web mohon jelas akses gabung linkend browser web selesai neg,3
good,5
iwayankarmawan,5
jelas neg tibatiba main suspend verifikasi ada neg balas buka akun,1
syukur upgradenya cepat buka dgn ribetnya i lannya jubel bukafinaly have upgrade very nice goodluck thanks,5
bisa neg aksesketika verifikasi bisa neg,1
buka susah,2
asyuu verifikasi,3
bagus bantu,4
cocok,5
bisa neg anjir suruh nebak gilir selesai suruh ngulang,1
bisa neg terang captha invalid dah masukin,1
please make a collection feature save posts i think its very useful thank you,4
habis update bisa neg,3
bisa neg masuk stak tekateki bener,1
thank you i can use this for connect with other people and friends,5
kena batas terus x kirim verifikasi,1
bisa neg bisnis,2
batas dimimta kacau,1
teka teki asem susah banget loginnya,1
gabisa akses butuh verifikasi selesai neg sampe,1
both very bad and web,1
bisa neg captcha ulang isi,1
good,2
jelek bet kali kali bikin bs neg masuk mulu,1
jelas neg,1
susah,1
woi knp gw batas pdhl ngapa neg ngaapin,1
,5
dihack batas kena serang cyber,1
this application is really helpful thank you,5
parah blokir jelas jelas neg ikut sesuai arah parah asli minggu dibukasaya neg lapor komplain,1
busuk bisa neg verifikasi make kodok ama keledai mulu ngisi bener verifikasi ulang bener aja developer,1
lam,5
bisa neg verifikasi security check,1
so bad,1
ulang kali tersuspend tugas kuliah untuk neg rugi tolong baik sistem,1
kasus tibatiba batas verifikasi gagal kirim adu balas,1
gimana si ngapangapain neg ku kek banned tolong baik servernya,1
selamat siang mhn supervispr pt nawawindu agung,1
gangerti gmna gabisa loginketerangan verifikasi tinggal masukin kode pake no telpon tunggu kali kali masuk neg kodenyaganti nomor heu,1
top,4
nutup bisa neg buka jaring bagus,2
bisa neg mulu perlu tugas gimana solusi cepat nihhhh dibatasin,1
sumpah kesel kali out,1
nikmat bahagia terimakasi good job,5
cepat interaksi linkedln,5
verifikasi gambar susah bener ngulang,1
hilang,1
jelas neg dah kali gw ilang,1
gampang eror,1
jelas neg batas ngapa neg ngapain gitu verifikasi tolak tanda identitas,1
good,4
dipake kebanned verifikasi,1
gw beli premium kerja sbgai hrmalah batas layan adu suruu kantor mana,1
captcha nge bug ulang salah tegur ulang,1
excuse me why did you limit my account even though i didnt commit any of the violations mentioned such as being over active spamming fake or incomplete identity and so on ive been careful using ive followed people who i might be able contact someday whether from companies motivators or fellow students at the same university as me what are you going do with my account why do you suspect me the days have been slow lately do issues like this make life more challenging,1
ok manfaat percaya mantaap,5
verifikasi identitas ktp pas verifikasi masuk neg coba kali tetep bisa neg masuk,1
tolong baik captcha,1
ribet,1
aneh parah verifikasi gakjelas lhi nyoba ulang ulang verifikasi suara bener tulis terimakasih verifikasi manusia suruh verifikasi verifikasi hasil ulang ada neg hasilnyagajelas,1
verifikasi gambar teruus bisa neg masuk repot tolong baik,1
suruh verifikasi ngapangapain neg bodo banget gin aplikasi kali cmn dapet jelas neg,1
bisa neg posting ditefresh sampe ganti password,1
ngotak neg ngatik apatiba suruh lagipas masuk password bilang salahpadahal password,1
bermutulogin neg kelar neg,1
bakoel gula cair,5
verifikasi bner tp suruh ngulang jelas neg prnh neg urus developer,1
tolong baik masuk code bisa neg tunggu notifikasi kirim code ada neg nomor bisa neg,1
soup,2
bug recaptcha,1
,5
alhamdulillah abah hji,5
kena hack dapat neg kembali sedih,1
ribet banget dpt kode verifikasi tp ulang trus verifikasi gitu google bilang pakai orng jdnya bisa neg pake emai,1
ter cari kerja,5
bisa neg tahu neg kaya eror mulu dah copot,1
sagat manfaat,5
bagus teman kantor cari lowong kerja butuh,5
parah susah banget kek cekal truss susah dpet kerja sulit allah nyari makan sulit,1
aneh suruh jelas neg,1
sulit verifikasi email,1
verifikasi tolo,1
ni account ubah profil,1
ribet banget,1
step doang jenjang pressident,5
suruh ngisi captcha pernah neg,1
bagus cari kerja mudah tambah relasi wawas,5
the best experience,5
the l,2
tibatiba banned,1
bisa neg un instalpusing,1
banyak verivikasi,1
aplikasi mantull,5
khnl,4
co o zte za,5
kali hilang email ubah aman,1
costumer servicenya bener bener buruk mau neg balas chat perihal restricted mohon tingkat,1
alhamdulillah dpt magang dr,5
ngak mutu masuk lalau ferivikasi terus susah ampun dah kacau ni,1
wkwk verifikasi konyol,1
cari kerja rebah,5
via web ribet lihat info pt cari,1
verifikasi tp masuk neg masuk heran,1
ae susah kali verifikasi ngulang bener,1
error verifikasi,1
good apps recruiter good luck,5
bisa neg sandi salah klik lupa sandi perintah isi nama bisa neg,1
pas verifikasi bisa neg ribet banget skrg doang pencet asal bener tp aps gambar salah heran klo bikin verifikasi benerlah,1
pakai anak,5
bantu unt informasi ter update,5
,4
pas verifikasi ribet,1
bisa neg,1
kaamw,2
jelas neg verifikasi lawak lucu asli aneh,1
bisa neg verivikasi berkalikali,2
can not otp phone is sucked,1
senang bagus cari kerja mudah,5
tolong admin aplikasi d benah ulang kali kode verifikasi valid neg sudaj pilih gambar verifikasi susah,1
stupid security system i pressed the right answers it says wrong,3
kantod bitra indonesia,1
kali install alhamdulillah ndak keribetan pas fitur google praktis selesai device vivo,4
ribet benyak rekrut kode otp begitu neg fungsi,2
bisa neg masuk verifikasi selesai neg selesai mohon baik,1
kerja,5
stupid apps develop by stupid software engineer,1
bisa neg masuk gara capca,1
buruk google lancar pas suruh loginnya nyambungnyambung neg upload ktp balikin mulu menu karena neg tugas univ peduli neg,1
tolong benah susah kayak masuk pns verifikasi ribet banget ngulang mulu tahun beres neg beres,1
jelas neg sampah sulit,1
verifikasi gagal terusssss,1
gimana gbisa,1
verifikasi captcha buruk nebak bener tetep salah,1
bisa neg masuk pas isi kode chapta isi bisa neg masuk ata tulis rechaptca isi buruk,1
your location query sucks,2
oke nice,5
bagus si cuman pada gilir uninstal kagak parah kaya maksa stay dihp gimana ni mohon tindak lanjut trmksh,1
ttyang bbm non kmu,2
captha captha jelas neg,1
k,4
good apl for build global network your network is your net worth,5
bagus,2
terjatu bangun,5
bantu cari kerja sesuai bidang,5
sumpa susah si chaptanya,1
cari lowong kerja making gampang,5
applikasi taiiii verifikasi gambar salah gimana kayak gin cerita,1
terima manfaat cari kerja informasi kerja sesuai ahli,5
bantu banget cari kerja,5
bagong kira cari kerja main tebak gambar hewan jungkir,1
detail cakup bidangbidang kerja aktivitas ekonomi koneksi platform,5
verifikasi gagal,2
security checknya bodoh,1
bantu info loker,5
,5
susah banget tebak gambar gambar sndiri jelaskaya neg aplikasi jelas neg banget awokwok,1
oke,5
krn,5
aapa apaansi gua ngisi dana dana gua potong tahu neg gua balikiin duit tuh gapernah tau transaksi pergi tuju,1
make ban cuman garagara banyak connect gw pake menuhin tugas,1
i changed my device and have deleted all accounts on the old device and now i cant again using the new device i think this is the worst verification system,1
tibatiba bisa neg akses kali kena banned permanen verifikasi,1
sulit,1
is the best,5
keren guna,5
bisa neg meposting poto vidio linkedln iniapa salah tolong tahutolong perbaikin linkedln oke bisa neg update poto vidio kemarinlinkedln bisa neg kirim grup tolong periksa linkedln kirim grup kirim grup tulis gagal kirim gitu tulisanyatolong linkedln posting vidio linkedln suka tulis posting hasil hapus,1
nonaktif salah tolong jawabanya,1
buruk tiada angin tiada hujan bs neg masuk kl bisa neg bikin management layan mending tutup,1
susah banget,1
tebak gambar terooss sampe kiamat jelas neg,1
ge ngerti gimana niakun ku batas bisa neg dah up identitas sesuai arahantolong cepat pulih sayasoalnya benerbener perlusementara ku kasi,1
informasi lowong kerja moga kerja aamiin,5
kena hack followers kena hack aman mana,1
rusaakk verify verif tp bisa neg,1
,5
nyari kerja susah data sebar mana manfaat neg rugi,1
buruk verifikasi gambar masuk mengadaada,1
buruk kali verifikasi gambar sudh tp nilai salah,1
verifikasi gagal bisa neg masuk,1
verifikasi susah ganti gampang,1
terussss logout susah ampun sampah,1
respon kode nocaptcha valid neg isi isi,1
proses verifikasi gagal,1
tebak captcha verifikasi selesai bukti manusia lalutibatida notifikasi respon kode captcha isi falid neg capfcha ulang captcha suara,3
batas pemberitahuan apa email verifikasi mohon bantu,2
aneh gabisa verifikasi bener tp tetep gabisa verifikasi,1
,2
bagus,5
all we need is faith,5
verifikasi susah susahin ini neg susah banget loh,1
verikvikasi gagal terooos,1
batas pemberitahuan neg coba bisa neg tolong atas butuh laku neg aneh,2
all unloack service experinces,5
mantapp kali,5
leceh seksual,5
apps android miui xiaomi gagal verifikasi captcha dgn image audio,2
verifikasi ngulang pas cari bantu suruh verifikasi developer mohon baik,1
kocak hack vietnam ganti nama upload ktp akses tolak milik neg asli kocak,1
verifikasi,1
bug,2
chapta always think im not human i cant even,1
tolol gabisa stuck verifikasi captcha mending playstore hapus bergunasaya neg pitam gara,1
respon captcha nyusahin gagal masuk tolong baik,1
dah kayak sampah verifikasi ribet programmer hadeh apyuuunn,1
bantu thanks,5
kagak baca verifikasi hasil,1
hack ngajuan pulih gada tindak sekaranh verifikasi ribet,1
aplikasi bagus susah berulangulang kali coba bisa neg,1
masak gagal posting,1
bisa neg like komen postinfan linkein,1
pas verifikasi chapta ulang terus upin ipin tamat sd,2
tolong baik verifikasi bisa neg ulang ulang,1
ko verivikasi trus gitu ulang ulang trus,1
verifikasi neg gambar suara neg samasama gabisa gw salah gmn,1
ngisi capta kelar neg kelar idiot,1
suruh verifikasi mulu bisa neg,1
lumayan guna neg ferytifikasi susah erti,1
couldnt sign by apps my phone,1
rekrut cepat,5
mantap kembang bisnis info loker,5
poor customer care i opened a ticket a week ago regarding my unverified account and until now there has been no response,2
jelas neg verifikasi ulang kali selesai neg,1
alam bidang logistikposisi warehouse transport supervisorposisi jalan bidangsteelkimiaconsumer gooddllsaya sitac telekomunikasi wilayahkalimantan utaraseluruh sumateradan jawa,5
email password dgn tp suruh verifikasi gambar teruss centang verif tp ttp gabisa loginn heran kaya gt truss pdhl butuh banget urgent pke tolong baik,1
verifikasi aman selesai neg bodoh cacat,1
happy,3
verifikasi verifikasi gitu pikir kali install sayang paket mending web buka,1
cari kerja mudah relasi ikut wawas,5
susah,1
susah masuk,2
biar cepat kerja,5
jelas neg aplikasi ngapa neg direstricted,1
thans apl,5
platform saja neg cari kerja wadah connecting all the people on the world interaksi dgn guna posting informasi butuh bagi informasi kerja awesome,5
always and always stay at verification why,1
kemarin mash apply lamar apply eror bolak loh mulupdhal byak prushaan bonafit rugi,2
buka suruh verifikasi captcha valid neg rusak,1
guna neg doang susah nyesel,1
manfaat,5
mantapoke,5
great its very help me the job,5
memper mudah cari lowong kerja,5
is very good,5
knp salah verifikasinyabuat verifikasi,1
verifikasi tolong hapus,1
tottttt y u tu ut,3
bug verifikasi captcha tolong baik pengggun bisa neg perkara bug,1
susah banget masuk verifikasi bener response code nocaptcha valid neg isi terussss herannnnnn,1
berkat mudah cari rekan kerja kerja sesuai ahli,5
guna neg uninstall broo nysel download,1
aplikasi keren mudah informasi dunia lowong kerja,5
applikasi iniaku leluasa informasi lowong kerja moga applikasi sukses,5
bad susah komen jg,1
buruk main neg buruk bangetsudah bener email bisa neg buka,1
tolong bantu bisa neg pakai email kyk email kosong suruh,1
,2
k relasi moga k,5
mantap manfaat,5
trade spices,5
i am currently having an issue with logging into my account the last time i was asked upload a photo of my id card ktp and i did it correctly but still i can not access my account please help me with this matter,3
,1
sampah tingkat aman buruk hack sekian pemberitahuan verifikasi email no hp verifikasi luar biar parah tuh,1
mantapbisa hubung sma sepropesi,5
bantu cari kerja,5
stuck diverivikasi doang bener tp tulis respons kode nocaptcha valid neg isi gimana nihhh,2
kerenn pol bantu,5
bikin emosi ribet,1
sanggat bagus mudah informasi lowong kerja,4
verifikasi security check susah bnr pdhl bnr kali gw alien ngecewain,1
verifikasi gambar gabisa bener tolong baik,1
good good gooo,5
okee good nice,5
exelent,5
kerennn manfaat dlm tukam relasi,5
good service,5
susah,1
ksni jelas neg bln mungguin hasil verifikasi data ada neg balas lagientah tau neg knpa bisa neg ku,1
nocaptcha tpi ulang ahhsudahlah,1
buruk kali verifikasi trus kg hasil pdahal ikut arah pusing hadeww,1
tingkat prestasi semangat batas neg raih,5
aplikasi guna dapet kerja langsung cuan tinggal isi misi,5
bantu lowong kerja trimkasih,5
bantu cari kerja,5
so great,5
gagal verifikasi ganbar suara ngisinya,1
batas alas neg kirim dokumen konfirmasi sekarng tindak lanjut,1
mantab jos relasi,5
install gabisa tahap gw ngelag internetnya tau emang apknya jelas neg gabisa,1
bantu temu kerja sesuai berinterkasi langsung hr usaha perushaan nama,5
busuk,1
bisa neg kali verifikasi tetep ajah bisa neg,1
fery good,5
aplikasi bagus,5
kali batas aneh verifikasi data,1
terimakasih sukses amin,5
sulit,1
langgan x bisa neg masuk alasanya sayang bagus cacad payah,1
mmx,4
sopir,5
,2
manfaat tingkat kualitas terima,5
pulih bisa neg masuk,1
very useful for education and career,5
jaga daftar anjir,1
benarbenar profesional ulas profesional platform tanding neg bantu luas jaring profesional cari peluang karir tarik,5
good,5
buang hp gimana,1
wawas luas rekan profesi,5
moga bantu cari kerja,4
parah anjir jelas neg verifikasi ulang ulang jelas neg,1
langsung ssya liat bagus,5
layan baguss,5
bikin susah,5
aman rendah gampang hack,1
mahal premium,1
tebak gambar susah anjeng konnn,1
bisa neg,1
sayang nda fitur premium gratis umur hidup fitur bantu kerja cepat,1
bagus cari loker informasi usaha terima linkedln,5
suka suka guna mb biar hemat kuota data,5
cari loker spesifik muncul loker,1
great medsos,5
gabisa aneh,1
batas gagal diupdate sosmed dg wajar maaf uninstall,1
baik,5
kuat koneksi dunia kerja,4
great job application,5
versi very slow,2
mantab,5
info loker,5
privat lancar,5
nyambung gess,5
tambah wawas buka lahan bisnis cari kerja bangun koneksi guna linkedln dunia mantap,5
,4
pplolkkjch,4
is the bist,5
tolong yahhh henti potong saldo gimana rugi,1
verifikasi ganti susah banget masuk logindaftar,1
otw,5
tolol stack gatcha jelas neg tolol hapus play store,1
kecewa,1
so usefull and amaze full,5
bantu sayaterima,1
ok dah,5
gagal verifikasi,1
verifikasi captha temu neg maksud dasar tolol developer,1
bisa neg suruh kali kali verifikasi gagal,1
get your carrier with this application,5
guna neg manfaat neg,1
construction superintendent piping and mechanical the oil and gas industry indonesia,5
tlong baik lg knp si stiap sya sllu bsa neg alesan email sya pkai mlu pdhl brkali verifikasi gmbr,1
the medical sales podcast is a podcast for people who want get into medical sales and medical sales reps who want advance their careers we interview top medical sales reps and leading sales executives from all over the country pharmaceuticals medical devices genetic testing diagnostic lab sales and more youll laugh youll learn and youll be inspired want learn more about how you can get suppor,5
gabisa,1
baguscukup menbantu mudah paham,5
bagus bantu cari kerja online,5
bagussemoga kerja,5
verifikasi buruk kirim kode di neg kirim gilir coba nomor dpt neg jelas neg banget,1
langsunh,5
sulit pas liat ulas susah,1
lumayan bagus progres informasi kerja,3
verifikasi jelas neg gagal mulu,1
ngk,1
tolong kirim email komplain,1
bagus cari peluang ilmu pokok good wawas tuhan profesional,5
dl,5
moga bantu mesti,1
bad trying again verify not clear what is meant tried many times still cant again very bad,1
alhmdulilah,3
edit profil isi profil buang,1
,5
knp bisa neg buka apknya post,1
ada neg kendala bagus,5
terima berkat temu kerja hidup,5
ok good,5
bisa neg,1
its very insightfull,5
bagus bantu cari kerja,5
psoting status lindkedln gagal mohon bantu mohon baik trimakasih,1
bisa neg password pernah neg ganti pernah neg,1
coba,5
tutup suruh masuk sandi kotak sandi bisa neg pencet isi emosi,1
tuju dngn pt pana merah tingkat taraf hidup masyarakat ber ekonomi lemah,5
sukses linkedln,3
bantu cari sumber informasi lowker peluang bisnis inspirasi mentor,5
jelas neg,1
otomatis deteksi pasang sesuai facebook,5
verifikasi captcha kontoll gabisa masuk bener ulang,1
update ih elehh,2
indonesia anggur tambah tipu ama ngasih neg solusi nambah beban idup,1
bug tolong benah menganggu bug,3
gimana dah masukin no otp suruh masukin no hp daftar ege minggu bisa neg daftar woy,1
karir pribadi,5
knp gabisa hppadahal browser aman,1
kalu langgan bulan,5
tingkat kualitas nys,5
is the best for me,5
high domino island hapus gimana instal,4
,5
bisa neg masuk verifikasi ngulang situ,1
,3
tampil uiux tarik guna tp kendala gagal unggah foto loading pindah menu tlg baik terma ksh,4
aktif,5
bisa neg verifikasi id jadi neg salah upload bisa neg lapor team kait ada neg hasil lol,1
sampah bisa neg,1
tmn bnyk nyaranin donlot tp pas gagal pdhl pencet kali tetep stuck,1
hard work keep moving forward,4
uhg,5
moga hasil pa dcomentarkan si custermer aktifff perangkat,3
good profesional,5
god bles,5
km,2
bisa neg error,1
gimana kali gabisa sampe ganti nomor telepon gabisa suruh ganti nomer tolong baik,1
guna,5
,5
loker baik,5
mario samuel sulu happy birthday,5
respon kode nocaptcha valid neg bener isi,1
sederhana,5
salam golden school batam,5
membanty cari kerja,5
kntl masukdaftar verifikasi chaptcha gagal mulu bener pikir robot nyari loker,1
susah bangetg masuk verifikasi gagal mulu teh,2
verivikasi not robot error dapat neg,1
sesat akurat neg punya neg likedln cari google muncul nama gua tanda tangan hak cipta jam di neg hapus cari google kena cemar nama,1
cepat hubung,5
hub nu cd ku ww xx,2
verifikasi milih gambar ros setangah jam gituuuuu mulu bikin emosi,1
oh o,4
buat neg hasil uang bisa neg hapus,5
suruh updet mulu payah,3
kreen,5
ini sihh ny close muluuu up foto susah kali berkalikali close,3
moga good just like used be,5
bagus cuman karna kerja,2
tuju,5
good job past action and clear direction for apply the job goodluck for all,5
top up,5
bad captcha no response,2
karna hapus mudah,5
daftar susah amad,1
tentang neg play store baru putar putar seleaai neg,1
bisa neg masuk verifikasi mengunakan ktp sim posisi foto muncul silah,1
lukman bima ntb,5
gw panggil kerja lenkedin gw,2
rusak verifikasi ribet banget,1
butuh neg bisa neg buang,1
sif,5
tolong pake nama husen makasih,2
bintangmoga bagusapk,5
,5
parah dah upload pake identitas asli tetep gx notifikasi harap cba aneh,2
sorry say bantu mudah meribetkan verifikasi lupa password seribet neg kalik user neg friendly,1
ok,5
bisa neg googlegimana,2
cari kerja susah kerain mudah sulit hidup,1
bantu bangun relasi,5
jelek verifikasi aneh,1
,2
ok bagus banget,5
,5
bagi loker donk,5
bantu informasi lowong kerja tahu aspek hidup,5
halo magang kerja terima,5
ada neg,5
qr barcode dukcapil lagiemang otak indonesia lepas neg unsur modus pungli ntar warga qr barcode kena pungli lagidi dukcapil tolong online unsur arah warga jumpain oknum dukcapil barcode,5
tau neg cari usaha kolom cari pernah neg muncul error koneksi lancar kaya,3
si oenting neg donlodbuat sarat wkwk,5
teka teki gambar tai,1
great job helpfull,5
yes good,5
weehh gila gagal terusgajelas,1
yx dg yee,1
woyyy verifikasi gimana gagal muluuuuu hahhh,1
mudah cari kerja tambah ilmu,5
bisa neg verifikasi bisa neg,1
babi shope gua sedot gara ada neg pemberitahuan umdate langsung update otomatis gede bayar rb,1
bisa neg,1
bagus,1
bener kacau verifikasi ribet oke biar bisa neg dihack tp bbrp kali sampe bisa neg doang,1
knp gw bisa neg si parah,1
si bisa neg masuk lagih,1
susah banget bangkee verifikasi bisa neg tot,1
verifikasi gambar pilih gambar muncul notif merah kode recaptcha missing invalid ulang human verifikasi ujung neg,1
kode captcha jelasmempersulit neg,1
bosok juelas neg verifikasine,1
senang kenal,5
bantu i,5
nyoba,3
bisa neg sistem verifikasi buruk,1
susah banget bikin verifikas gausah ribet ribet pilih gambar hadap bener salah mulu gabisa mending bikin verifikasi masuk ribet neg simpel,1
,4
muantab,5
bro baik suruh uji sabar,1
mudah hubung orangorang halhal hidup profe,1
baca komentar gagalmudahmudahan,5
verifikasi email apply lamar verifikasi,1
bantu cari kerja ada neg ijazah sangar mudah cari kerja,5
baik proses akun error kode verifikasi kirim neg,1
developer manfaat tingkat fitur kualitas,5
,5
it is very strange because we can not use the search feature even though we know that this person has and actually heshe does appear search feature but when i clicked it cant open their profile it is always appearing caution like search not found try shortening your phrase and we cant see who is working a company the strange thing is that when we open on the web we can see all of these employees very inefficient,1
gagal pilih foto posting,1
gagal trussss,1
good and responsible bal guide,5
susah verivikasi gagal gmn awlnya enak tau neg eror susah baik,1
ll,5
more tban years working on reliability sectionworking as maintenance advisorshop engg reliability enggtechnical training instructor etc,5
taikkkk ku main ban,1
download gabisa masukdaftar gila,1
,5
sengaja bisa neg,1
gajek,1
bagus sekaliii,5
captcha aneh dunia tulis bukti manusia muncul ingat no captcha valid neg isi gimana sihhh mau dokter bawa surat nyata makhluk hidup kah tolong baik,1
oppll,5
bayar saldo premium otomatis konfirmasi uang segitu gitunya potong otomatis ginian motong saldo gede banget sampe rb potong bangkeeeee dapet kerja pernah neg,1
upload foto postingan berhasilberhasil neg jaring lancar,1
i love uh,5
yups,5
nggak guna verifikasi bisa neg,1
tolol bener masuk verifikasi jelas neg,1
stelah upgrade keren tampil mudah kerja,5
aplikasisemoga bawa untung,5
ppppppppp ppp pop upppppppp,5
mantab moga rizki,5
i cant my account the captcha always said i didnt answer the question while i did this is so bad,1
ferivikasi susah banget,1
bantu cari kerja relasi,5
ruang lingkup luas,5
autentifikasi nomor verifikasi apaa sihh jelas neg banget,1
verifikasi kode sms banget kirim neg,1
info tokoh lihat,5
bantu tingkat produk,5
verifikasi ribet sebab susah,1
hubung dgn teman indonesia bah dunia,5
khontol,1
bs neg masuk lgverifikasi ktp tp bs neg verifikasi by web bs neg,1
,5
verifikasi ampe lusin bisa neg kedetect capek verifikasi manusia anjir,1
suka,1
dtw,2
kont,1
parahh,1
jelas neg eror mulu ngulang terang verifikasi,1
bantu temu relasidan klien mudah hubung dm instagram bnepb layan buat jasa undang video bas web,5
gimana kali upload postingan gagal mulu tolong baik jaring ku lancar pake wifi tetep gamau,2
susah verifikasi gagal bener emng laen,1
verikasi identitas asliemail hubung kirim pintetap bisaaaagimana neg,1
mudah dlm cari loker trimakasih,4
aplikasi aneh wkwk make google dsuruh verifikasi aman hewan madep atas salah gagal coba bener alhasil mohon maap uninstall wkwk aneh jg,1
verifikasi tolol,1
bisa neg google notifnya salah,1
gila verifikasi sulit,1
jelas neg verifikasi pake gambar kota elu lahir bego,1
baik kendala verifikasi ulang,1
xa,1
nomor identigikasi pribadi data bni uang bni tanda pkh nama muktadir bni ungan,5
allah stres gara verifikasi manusia selesai kode erorr mau gimana,1
,5
tolong mudah allah,1
oh bb use ni telp,5
trimakasih,5
lowonganya kelas dewa tok,5
muas,5
hapus download gagal bantu hapus perangkat hp tolong,1
kembang usaha ikan asap,5
mantep,4
verifikasi identitas kelarkelar neg,1
bagus info loker,5
gua batasipadahal ngapa neg,1
kreeeen,5
verifikasi bikin ribett,1
tele tele banyak verifikasi jelas neg,1
kuis ahli adakan bahasa indonesia,4
uda kali kali verifikasi tp gabisa hadehhh,1
good aplication busines,5
after update error verification captcha,3
sulit,1
susah daftar,1
retas verifikasi merespon neg bisa neg kecewa,1
jelas neg nh pilih gambartapi ngulang mulu verifikasi,1
dukung buar cari kerja,5
buruuuukkkk mudah cari kerja sulit otak neg,1
kacau verifikasi manusia hasil catat merah atas verifikasi hasil neg anehmohon jelas bos admin niat anda neg,1
saji lowong sesuai alam,5
verifikasi capcha error ngisinya,1
terimakasih linkedln update loker kerja binggung neg cari lowong kerja,5
verifikasi gaje,1
okeee,5
verifikasi jelas neg,1
sambung dg profil bidang,5
response code nocaptcha valid neg fix that,1
baguss sangt guna cari kerja,5
verifikasi captca salah trus gmana ni,1
vertivasinya susah uninstall sosmed gampang,1
aban abraham ship oildrilling deep sea aban abraham nanti hadir nama vallery harap di neg berangkat berangkat singapore suka aban abraham tunggu perintah pt rekrut ku tpi jailin pt vallery aban abraham tunggu bagaiman kontak dg vallery,5
woi susah human verifikasi apps rusak tolong baik,1
useful,5
si gagal verifikasi kali kali bisa neg ulang ulang milih gambar muncul notifikasi verisikasi hasil suruh milh gambar kali kali tetep gabisa,1
niat neg,1
respon cepat,5
tolong developer bisa neg,1
verifikasi salah mulu sampah,1
parah aman neg kena hack rekening debet trx saya neg laku,1
ngerjain org verifikasi smpe jam dh slesai ulang terusss jelek banget aplksi nyaaaaaaaaaa,1
moga ajbdengan linkedln mudah cari kerja sesuai good,5
asu gabisa verifikasi bener ngulang asu,1
good bye,1
ma nt ap,5
hubung jaring,5
verifikasi bikin gila,1
verifikasi jelas neg tinggal susah ribet jam masuk neg masuk verifikasi tebak gambar,1
bagusmenambah wawas dunia usahaterima,4
verifikasi jelasssss neg,1
buruk,1
banyak blabla hack,1
verifikasi kacau bener ngasal pas gambar salah,1
bisa neg gambar klik salah,1
bikin bisa neg payah susah ampun eror mulu data masuk,1
sumpah ngk please baik bug,1
verifikasi brengsek dikerjain gambar binatangparahhh,1
loginnya sulit jam ngabisin isi aman doank website apps smua,1
dta abay f dts dlm sistem android red makas by hambha dhaife,5
verif captcha trus trusan sampe jam,1
anjir verifikasi ulang mulu,1
bisa neg bad,1
verifikasi jelas neg,1
woi bisa neg kalau neg simple verivikasi bener isi bisa neg stress,3
verifikasi indetitas bagi ktp sesuai tentu tulis diulangin kali,1
verifikasi nyusahin klik gambar muncul notif kode nocaptha valid neg isi coba tebak angka alihin tebak gambar,1
verifikasi jelas neg,1
bisa neg instal,1
manfaat,5
aplikasi dukung,2
buruk kena hack tangan halhal ganti password sulit ribet,1
bisa neg hapus,1
cobak abis update gabisa buka samsek,1
sulit susah masuk identitas gambar gagal kantor langsung kah,1
bisa neg verifikasi mohon baik terimakasih,2
guna neg sampah,1
manfaat cari kerja,5
recaptha hasil ngulang sampe kali alhasil kesel uninstall,1
verifikasi capcha bikin stres tolong benerin bener pilihanya ulang,1
jelassssssssssss neg,1
kena hack gimana yak nyoba stelah verifikasi ktemu ganti sandi doang aneh,1
verifikasi jelas neg kali kali tetep gagal sulit,1
puas,5
terima bantu,5
bisa neg susah skarang kayak neg,1
oke,1
baik,5
ada neg panggil pakai promo,1
error,1
kayak asu susah,1
programmer,5
susah benerr lucu,1
lupa sandi otomatis ikut prosedur saat kode banget ulang jelas neg,1
bagus,5
mohon maaf verifikasi mulu selesai neg selesai bingung bat knp captcah eror mulu,1
verifikasi jelas neg muncul terang verifikasi selesaianda bukti manusia muncul eror nocaptcha valid neg isi jelas neg broken,1
bisa neg lewat tahap verifikasi,1
verifikasi tolong baik,1
susah verifikasi pk suara dh dilakuin bener pdhl tp verif lg ky neg gni,1
amazing apps,5
bisa neg,1
umpama,5
moga manfaat,3
paham fitur guna,3
verifikasi isi gagal,1
verifikasi susah ampun,1
ngelooping data verifikasi,2
mayan,4
,5
verfiikasinya pdhal bener bolak nggk maaf kau uninstal,1
josss,5
manfaat domain pribadi,5
susah out,1
agus,5
reting,4
susah dapetin kode verifikasi,1
verifikasi nomor kode muncul neg muncul sampe nomor gabisa daftar daftar susah,1
m,3
sulit banget loginnya ganti gmailpun nggak verifikasi data kirim ktp muncul verifikasi data,1
minat neg hubung bawa hp samsungj plus mau neg kadang ken unsistal mau neg update usaha buruh umur th pepet tokyg atas usaha indonesia suka max th usia ken kerja biar modalaja sulitliat luar negeri kerja pabrik neng muda tok hrd pea hrd umur tua ngak ngotakhrd ganti th smua,1
keren verifikasi gampang tidsk rumit cocok darah rendah auto darah,1
moga,4
jelas neg daftar susah,1
guna aplikasih serius nanya paham neg,1
aneh ngisi captcha bener outputnya salah mulu hadeuhh gimana ko gitu kirain dibetulin bug eh kaya gin,2
bad salah,1
,1
keep up a good work,4
bagus,3
,5
xilumoxofl kk c mmm,5
delete verifikasi susah,1
mentok teka teki capcha lebih ada neg lebih,1
jg download verifikasi nomor telp ribetnya tuhan,1
,5
oz a sao selamat,5
realisasi terima,5
captcha error cant,1
verifikasi manusia alien,1
dasar aneh masuk sulit verifikasi,1
verifikasi benarbenar ngulang sistem maintenance gimana susah banget,1
sipil engineering,5
bad recaptcha verification,1
anjir,1
muas,2
suka,5
keep crashing the application auto closed each time its started,1
bantu promosi produk usaha hebat gratis,5
mantap uang,5
verifikasi teka teki muncul neg,1
,1
moga berkah aamiin,5
oke mantap keren banget bos,5
too difficult pass selecting picture for passing verification eventhough password is correct,1
,5
error melulu,1
ganti merek intil,1
ngstck tolol,1
ok ok,4
bagus bantu informasi cari kerja,5
bagus bantu,5
verifikasi ngotak neg mas verifikasi,1
goooood,5
verifikasi chapta bener ngulang selesai neg selesai,1
capek asik verifikasi truss,1
batas gajelass bangett,1
verifikasi gimanaaa butuh ngerjain tugas pusing pusing dah,5
,4
less,2
s jl panjaitan l k llllll e gyyyyylorwret ye jin,1
proses lamar susah ribet,1
sya usul bagiab verivikasi ganti pakr mobil motor benda krn skrg manusia pintar ber iq sanggup neg selesai verifikasi sulit langgan dgn verifikasi anehsy sdndiri sudh verifikasi bas kali bisa neg karna gambar kura jelas neg,1
verifikasi captcha ulang pilih susah,1
ok bantu sya temu loker daerah,5
jelas neg pke email verifikasi pke captcha verifikasi pke ktp msih bisa neg masuk bikin emosi respon,1
parah verifikasi captcha gagal mending pake website,1
optimal,5
susah,1
verifikasi gagal,1
masuk verifikasi captchanya nggak muncul ngeselin bye,1
curi data identitasdi suruh verifikasi identitas ktpsetelah ambilmala block,1
suka apl,5
ngapa susah si daftar doang et verivikasi robot neg gila pantes bnyk rate eleuh,1
toko sembako,5
i rarely use since i no longer work at hepp but i suggest you explore more if you find a lot of benefits on the network,5
amazing,5
okay,5
apaanmau masuk lg bsngisi neg chapcta gagal teruskocak,1
kek fesbuk,5
pilih gambar hadap tp diulangulang,1
mw,1
mantaaaap,5
ok,5
klik daftar fb bisa neg bisamacet bisa neg masuk,1
play pii,5
bisa neg,1
okey,5
,5
malas anak mudah dewasa,1
lul,4
baik panggil kerja terimakasih,5
keren,5
ok banget,5
butuh hak buatu tuju kantor trsedia bingung email,4
,1
masyaallah niat download cari kerja bikin emosi ni verifikasi pagi sore masuk neg,1
hoax,1
mauu ngasih tau guna sayasaya memberitahukan ad loginnya ribetcode verifikasi kgk masuk akallama smpe lumutanuntuk code verif kgk muncul kali harap baik sekian terimakasih,1
pilih metode pakek google pilih jadi neg apaapa alias masuk neg kali,2
dlm tahap ajar,5
gagal verifikasi mulu oyyy,1
guna neg sumpah,1
bisa neg download foto,1
muantul bro,5
guna neg guna neg,1
aq duluklau bagus aq tambahin,2
an application that has a different color from other social media,5
verifikasi captcha uda bener ngulang terus verifikasi kelar neg uninstall the captcha verification was success but it keep going asking the captcha again and again uninstall it,1
thank you batu,5
buruk batas masuk bbrp kali hasil neg ada neg alas apa jarang respon pusat bantu jelas neg d neg saran,1
mulis artikel,5
nggk kirim nomor hp nomor aktif kirim kode verifikasi banget,1
bad user experience especially about user account,1
mohon baik proses verifikasi verifikasi sistem merespon neg ulang kali verifikasi gagal,2
time wasted verification,1
very useful apps connect with many professionals,5
anjir masuk foto ktp dah kali gw kirimin foto ktp gw kali gw nemu mita foto kartu id kayak pinjol,1
lot,1
susah bet masuk,1
bug beranda not up date,1
jual neli bobit tanam danjual beli bibit lele,1
mudah mudah terima usaha amin,4
sz zaew azzwwwswswwwsw,2
recruitment officer cipaganti,5
manfaat,5
ptarga dipa kencana,5
lambat,5
kesel stlh update gabisa download foto video postingan,1
ngupdate lhooo ngupdate,2
linked gapernah langgan saldo potong alas langgan tolong bijak lumayan loh langgan rb,1
kode verifikasi ke neg kirim kirim,2
komunikatif manfaat,4
cari kerja ada neg,1
good thank you,5
,5
moga bantu proses kerja,5
nice face line up,5
maksimal,5
bisa neg daftar google,4
padek,5
suruh nebak hewan bener tp kode captcha valid neg tau neg gmn mksudnya,1
jelas neg lg lg,1
bantu informasi kerja,5
yy i hb nc,5
update nggak bagus error upload foto error loading,2
tujuh postinhan,5
apps pntek,1
tntrr nt nntnn n n nn on n n mmnmmnn nnnnn nnnnmnnm nn mm nnenj i bi i j j video o lope n tc unbk sss r s s,2
ikut linkedln merespon lamar kerja,5
moga bermampaat,4
membantuterimakasih,4
very nice,5
bad appvery regret download it,1
tarik,5
bantu ajar lulus sekolah dapet kerja sesuai,5
mw ribet verification uninstall,1
koneksi ilmu buka,4
sngat sukaa,5
verifikasi nomor telpon masukin verifikasi suruh masukin nomor kudu nomor kagak pake nomor,1
foto profil user muncul neg diupdate aplikasi lowong kerja banyak neg pilih jobstreet payah,1
kode verifikasi lupa sandi butuh buang,2
nyusahin cuih,1
baru sin haha,5
macem macem verifiksinya sulit pake bnyk,1
,2
mantap,4
temu cari kerja cari produk,5
daftar sulit susah banget verifikasi,1
okkkkk,2
oke manfaat,5
daftar tida tau ni,5
pensiun pt labuh indonesia ca karang setra hotel bandung,5
bagus nambah wawas cari kerja teman,5
f pppppppppppptuhan kastuhan kase akang jodoh pe tamang biar itam mo gurinda tuhan kase akang jodoh pe tamang biar itam mo gurinda tuhan kase akang jodoh pe tamang biar itam mo gurinda assalamu alai wrwb keluarga puti duka orangtua papa opa almarhum hiran puti ka hino tel akang jodoh pe tamang biar itam mo gurinda tuhan kase akang jodoh pe tamang biar itam mo gurinda,4
love this,5
babi periksa cepat babi salah,1
percumah mosting lowong jelas neg lowong penuh handphone,1
salah grup laku bisnis,4
tap mantap,5
buka,3
thank you very much for make easy our communication wihh rach others warm best grettings foto,5
trimakasih,5
jelashabis neg download buka kode verifikasi masuk neg sinyal lancar,1
lupa password sulit masuk hapus guna neg,1
stuck verifikasi,5
verifikasi gagal,1
mantapppp,5
susah verifikasi,1
maksa,1
bagus kumpul orangvorang hebat,5
good and kept it up,5
hemat kuota telkomsel flash,5
malangmalang,3
bagus beda versi web kerja optimal,5
apliksinya,4
guna,5
biat ngebug,1
waow,5
menuhin ram,1
mohon linkedinaku naikin bahasa kuis ahli bahasa indonesia versi android bawah android,3
pake verifikasi aman jelas neg,1
beres neg dgn kode verifikasi,1
bawa bisa neg hapus,1
ferifikasi mudah,5
moga manfaat cari kerja lapang kerja baru tampil mudah erti moga,3
suka uang dana potong langgan neg mohon bijak kembali,2
linksdln bagus bantu temu temanteman kontak cari teman linkedln iniaplikasi tarik bantu sekaliterima,5
okl,5
jelas neg verifikasi,5
,3
bisa neg posting gambat gird geser samping,5
dikabarin,5
blum spenuhnya,5
sadar lupa email kontak password hapus terimakasih tunggu responnya,3
,5
bug mulu kesel,2
banyak referensi guru tinggi,3
keren inovatifgbu,5
sukak,5
bantu,4
iyaaaa,5
download cmn verifikasi susah ampun bener disalahin lho nyoba verifikasi nyampe xan nggak susah pdhl nggak recommended pokok gausah download sabar setip tissue bagi,1
mudah cari kerja sharing alam dunia kerja rekomended cari kerja dar bagi alam,5
apps bansat verif verif ktp,1
hti,4
bantu cari kerja kerja lepas,5
aplikasi bagus bantu kerja kenal rekruter usaha kerja salah perban,5
kagak ribet banget tong,1
mantappp ok,5
buruk dapat neg diintal hp skr,1
please update your apps bug apps all,5
tukar informasi kerja jesempatan prngetahuan,5
when im logged the it always shows a warning check your even though im already the tried clicking resend nothing happened tried another way namely verify using sms or message nothing happened i have tried dozens of times always fail the application informs me that i was told check the application but i have not been able enter the applicationhow can you check if its still outside the,1
sumpah ngerasa tipu coba premium batalin premiumtapi bisa neg approve saldo ilang jt,1
bantu sosialisasi,5
lumayan taruh informasi portofolio,5
kaeran coba,1
sulit paham verifikasi rumit,1
bantu cari kerja,5
bisa neg inganti pasword tolak permanenribet,1
bodo verifikasi lambat,1
good apps really enjoy this,5
download guna sampe verifikasi nomor telepon banget ulang kali pencet kirim kode kirim neg sampe loading apps ulang pakai nomor gabisa ganti nomor tetep verifikasi lambat,1
kenap update sumarry deskripsi job and fill requerment blank mucul review titik tolong repond,3
gabung grup family laman web browser lindung hubung sinkron grup family rewards brave token mudah cepat aman kendali untung muas,5
very bad verification problem,1
bagus neht,5
yoman yairus,5
t wt,5
n,5
tambang pt andar,5
ikutin abaaba perintah pusat tenggara barat,5
verif gagal,1
bantu manfaat,5
komunitas profesional bagus tukar tukar informasi kembang karir bisnis,5
kah hasil uang,1
recommended,4
gobloggggg iklan setangua nonton muncul iklan goblog,1
moga rejeki aamiin,5
ti,1
ter hebattt verifikasi bisa neg haha,1
gimana lupa sandi konfirmasi nomor handphone masuk nama bisa neg maksud gimana mohon bantu,1
bagus bantu profesional mudah cari kerja cari kerja,5
p,5
she csr department,4
bagus,5
mantaappp,5
gw praktisi it bingung pakai tombol gw pencet nemu neg kolom page company,1
gjls ni ngelagbugnya hp sd,1
bantu,5
bisa neg buka konfirmasi,1
eks,5
dekat,5
one of the best professional social media applications terms of features user interface information completeness is all good thank you,5
upload file dokumen portfolio gagal tulis eror uk file lebih neg dr mb hasil upload tbtb eror sebab neg,2
stupid developer engineer i cant see my own old posting,1
aneh prnah neg download tpi pemberitahuan email trdftr tibapdhal ny,1
busuk banget sumpah maksud suruh nebak gambar ngehadap atas salah ampun dah,1
bisa neg uninstal,1
verifikasi mudah ulang kali bisa neg model uang kelas google rumit neg putar,1
mudah manfaat,5
bnyk smg mmbantu,1
andi bilang k unit mm k trda unit m,5
,1
make your applicattion stable,5
tmgrab rp,5
patut hapus playstore appstore,1
mantap,2
,2
membantumeski terantu,5
rugi neg linkedln,5
senang gabung,5
bsru,4
mulu buka,3
bisa neg schedule post,2
cobain,4
sumpahhh riset sandi verikasi verikasi trusss gada slesainya dimuter muterin slesai neg mkasutnya gimana aplikasi update,2
isi serius gw mah marketing canda,5
ok,5
,3
muas,4
hilang bisa neg buka,1
batas alas neg jelaskatanya suruh verifikasi data ikut tunjuk batas permanenmaksudnya gmnbener bener kecewa selesai,1
smoga brmnfaat,3
informasi luas wawas berfikir,5
donwload mending bikin cv macem ujung ujung ngelamar kocak,1
wq aa annnkkkkkokokokkml,4
cacat salalu verifikasi kiamat bisa neg verifikasi,1
job search,5
good,5
daftar dapat neg sms verifikasi ulang nomor bisa neg spam,2
bantu cari kerja,1
,4
bergunaa bangett fiturnya jugaa baguss,5
bantu profesional cari kerja sesuai dgn bidang kerja,5
oke mantap,5
video,5
bagus keren,5
mksih,5
lulus nunggu panggil prakerja jobdb guna bagus just put extra layer security,5
mantull,5
pernah neg instal iklan ganggu ganggu instal pakai hp,1
bikin bisa neg buka hilang aneh banget nyuri data gimana,1
rancu loker,1
,4
sampah emang niat cari kerja knp register platfom tolol,1
lamar kerja,1
pengalamn setatus menjoba arti tujuanya,3
moga kelacaran,5
bsa neg nerima kode,1
pesan koneksi tp balas profil anggota nama bisa neg temu tau cari feed indonesia kerja salah kah dr atur pernah neg terima,5
bagus networking ide alam network follow,5
susah bikin pusing,1
sya ajar perdana muncul layar,4
iklan masukkalau kurang iklan nyaterima,4
ive been joining quite a while it is useful for my interests so thank you dev,5
susahpadahal pasword pasu kode,1
the good,5
kali verifikasi perhati susah mudah susah neg,1
actually i enjoy this application contact anyone the world,5
saldo dana potong rasa neg berlanggananmohon refund dana,5
susah banget,1
,5
moga,3
anyoaseo waht cewat abikafa,3
bermanfaaat neg rekomendasi,1
tolong batas neg,5
abal abal verifikasi pilih gambar pernah neg cumi kuras kuota,1
tolong biar mudah logingambar bikin ribet,1
oooooooon kk o by knjkmi kk ijo mm oh ok ok hhoy my of gbk iook off n km kk m milik iiooik my kkkkkk m xx xx km ok ui,4
notifikasi muncul neg,4
jelas neg teka teki e,1
kualitas ok loker valid,4
bisa neg pakai facebook eror,2
this help us,5
bagus pakai lahan informasi kawan,5
moga kualitas,5
bug mohon baik bisa neg bergabunglogin,1
pake no telpon pernah neg susah banget notifikasi masuk,1
yusuf,4
linkin,1
perlu neg pakai hand phone komunikasi,1
harga premium sangaaattt mahaaaallll harga juta gilaaa,1
butuh kerja profil mesti pekerjaankan tolol nmanya,1
developer ada neg game huggy wuggy,1
verifikasi gambar tulis kode respon kode nocaptcha valid neg isi,1
mantabz,5
hidup pianotergantung main,4
salah pilih gambar hadap atas kita neg milih gambar jungkir atas pilih gambar normal mesti mata biar baca ulas sifat manusia cari negatif positif,1
a l,4
cari kerja keluar beda,1
daftar susah banget pertaanyaan bidoh,1
lupa password ganti sesuai dgn password ideal pakai lupa neg heran karna password tsb bikin pass alhasil pass paksa lupa karna kerja x gagal akibat ulah bikin password pakai ganggu kerja time waster,1
kermaks,5
bisa neg pilh daerah,1
taik bolak verifikasi katak setannnnnn,1
bantu cari kerja mula tahu neg histori lowong kerja masuk tolon bantu depan,2
moga pengha silanyang layan hpterima,5
verifikasi khusus sakit,1
not worthed be installed,1
good applicationnice for jobseeker,5
cocok ds lulus sma smk,1
makasii kerja via apps ku temu jodoh ku hihi,5
ok pokok punya neg buru instal aplikasi yaaaa,4
coba kali kali update,1
,5
cari cocok saing loker berat kalah,5
googli com play,5
tau aflikasih bagus langsung neg,4
tipu lowong kerja,1
alhamdulilah bantu,5
sagat guna baget susah nyari kerja,3
bantu kerja,4
banget,5
uji,5
dah biar bicara,1
cari kerja ajapercuma pasang cari kerja tpi klo ujung ujung make dalem,4
manfaat,5
ex,3
recomend neg ribet sulit sungguh buruk,1
sip cocok medsosnya orangorang karir,5
lot babi,1
this is a good appli,5
knp ribet banget ajja sulit,1
goblokkk verifikasi bener salah,1
visa neg memsaukan nomor tlpn daftar,1
bagus aplikasi,4
ho,2
download daftar pas masukin nomor telpon suruh verifikasi pakai kode tp kode tunggu kirim neg ulang kirim kode pas masukin kode pas daftar nomor bisa neg dipake hadeh ribet uninstall,1
very good clear information and connecting,5
bagus,5
rekomen neg cari kerja ribet efektif neg ada neg hasil jobstreet ngelamar ujung bikin platform payah platform,1
wifi not connect,1
fungsi neg,1
captcha ramah neg,1
limabintang,5
moga mnyenangkan,5
baik application for our transaction for a while for being business,5
suka,5
eh anjnggggggg juta kau tarik saldo aplkasi tipu download biadab,1
cari lowong kerja,4
hapus ulas publik,3
informasi gaya hdpku titik,5
error error banget,1
gaa daftar bisa neg pervikasinya pas code trus kirim masuk neg masuk kali nomor valid neg are you okaydude,1
gw hilang pas buka connect ada neg asa nyampe guna neg cihhhh,1
is the best,5
bantu trima,5
smoga camat serap oksigen bahasa indonesia,5
bagus,5
bagus hubung dsri usaha,5
sosial media cari kerja sharing alam apa putar kerja simple inovatif cool,5
capek banget verifikasi status kali cek kek gitu barusan lg dikirain tingkat minimal minta foto ktp ikutin smua syarat jg bisa neg gimana gambar foto ktp mmg blur hubungin call center info sedia neg call center au ahh uninstall lg kecewa bgtlah bisa neg akses ckckckk,1
keren,5
puas mudah cari kerja,5
the best,5
,5
auto uinstall tau neg bodohgue bodoh bodohgak masuk halaman utama binatang hadap atas,1
woyyyyyyy susah banget menu tolong baik,1
instal liat ulas ngeriiii wkwk auto uninstalllll,1
tolol,1
verifikasi sebal salah payah,1
,3
bagus kerrenn terimakasih bantu komunikasi hebat,5
moga dpt kerja,5
banyakmembantu,5
banya jumplink aplikasiwebsite,1
,5
bisa neg hapus pake pe lang me palang palangem bae,1
driver,5
takut rungkad main situs kakak rungkad saldo kakak,2
verifikasi bisa neg klik gambar sya x salah pdahal perintah gmbarny,1
sngt puas,5
wawa fx nq zizah nu,5
sifat publik,5
,5
verifikasi efisien neg buang tenaga pilih gambar hasil salah verifikasi buruk,1
moga,5
tolol gua kenal verifikasi bodoh gua liat gua klik gambar hadap salah gua ulang ttp salah auto uninstall bye,1
c f,2
linkedln bagus meyempurnakan koneksi jaring mana,5
lowong bnyak hoax,2
download,5
good apps,4
saran nama profil bagus isi no last name nama neg terimakasih,4
redeem,1
tolol kirim pesan langgan mending murah ban guna neg,1
captcha foolish,1
ttsamson,2
ajar saham,5
search engine not work properly jobs tab the result doesn not match with keyword updated home tab expired,1
p,5
edit intro bisa neg simpan kesalahpahaman mulu,1
b registrasi sampe email bisa neg masukdi capchanya sulitsangat friendly neg user,1
verifikasi sumpah susah banget hewan punya neg leher suruh milih hadap atas gitu balik,4
great place share anything about people development,5
linkedln,4
oke hubung recruiter dgn job seeker,5
interesting,4
mudah cari wawas,5
hubung resources,5
is the best give invormations,5
susah banget verifikasi nyata make neg sense tolong kembang,2
terimah informasih,5
postingan,5
mudah temu tuju dukung penuh hasil muas penuh unting,5
,4
download jelek bantu,1
bagus manfaat,5
gabisa masuk verifikasi ulang,1
good for bahasa,5
lamar arah situs web suruh klo klik lamar langsung kirim tp giring situs web repot,4
mommmmmmomomom,5
ribet verifikasi,1
aktif ever,5
hilang uang k gara ada neg pemberitahuan update premium lanjut saldo lenyap ada neg konfirmasi,1
verifikasi gimana nggak,1
ok cakep,5
update apikasinya cepat tgl desember update tgl desember sdhminta update,1
tarik tampil ui fitur tunjang,4
b px,2
my god what the f is that choose image that pointing up verification it basically all are same image how i supposed my account with this can you just make a normal emailphonequestion verification,1
milik milik koneksi tibatiba alas otomatisasi ikut laku neg kecewa putus sesuai neg prosedur,1
fkanwik,5
verif,1
media ter update efektif bursa karir,5
up,5
bantu bantu cari kerja,5
manfaat bag,5
terimakasih linkedln,5
baik neg,1
update,3
batas ngapain neg,1
semogah manfaat,5
verfikasi ratus kali ttp bisa neg ulang ulangverifikasi dgn bodohtunjukan gambar hadap bener sya klik gambar bnr ulang sya klik gambar salah bisa neg,1
ribet skip kaya jadul,1
aplikasi bagus,5
bantu cari kerja kapal,5
good,4
buruk profesional neg pialang aman salah neg blokir parah sumpah sampah diapk email blokir permanen komplain resmi serta bukti informasi salah kandidat dilinkedin mengunakan alam palsu eh dblokir transparan neg parah dah mudah mudah depak dr playstore,1
ajang capai hidup,4
rada ribet,1
terima,5
bagus pull,4
kecewa,1
gg gebyf,5
loker palsu pialang bahaya kadang pakai linked jelas neg jelek,1
rd rdand the end of my drr tre earth and i id the same thing e tf r eye rt,5
siiiip,5
oimifub io,1
butuh alat tani batu teman sulit olah tanah cetak sawah pakei buruh mahal trimakasih likedin,5
,5
very good about work better if any people posting not related about working please banned,5
serius nanya sprti mnggunaknnya,3
cermat,5
bantu manfaat,4
updatetan tolong donk integrasi usaha gampang daftar nggak suka kali ngelamar masuk web registrasi bagus terima kagak habis teror web notif lamar numpuk gmail oh tolong donk nggak notif gmail ganggu,1
chenes chef,5
knpa gabisa download ni,1
force close device xiaomi mi t,5
suka milik manfaat bangun relasi,4
guna neg daptar gabung sulit mendi hapus play store,1
bagus cari lowong kerja refernce,5
,2
it is good build a good connection with profesional person,5
opsional,5
i k i,2
verifikasi kali,1
edyu,2
very helpful social media,4
bagus,5
muter verifikasi nomer,1
bikin pusing kepala kode aman cepat masuk neg akal susah,1
,5
verifikasi susah banget hadeh,1
bagus top,5
coba,5
bantu info loker,5
useful,5
why i can not post for more pictures wheres the carousel feature,2
susah pake ingat manusia ente binatang pake teka teki cari binatang madep koplok,1
gasssssss,5
bisa neg buka terang salah jaring aneh banget,1
x bikin kena blokir,1
oke bagus,1
ok,5
apl bagus bantu interaksi luas amazing baik cuci service sofa surabaya sidorajo gresik poles lantai cuci gordyn,5
bagus keren,5
blokir alas banyak kirim minta koneksi pake manual pake neg alat otomasi apa bikin bisa neg akses pas daftar ribet,1
gimana bisa neg,1
not simple and complicated not human friendly too many question more optional may helpfull,3
bagus cermat,5
,3
linkedinamplikasi pasang ring reting,5
verifikasi,1
bolak mulu,1
parah usaha,1
nal dg tingkat direksi usaha kenal usaha jenis usaha ber interaksi posisi jabat u diskudi,5
bagus pokok,5
susah verifikasi sesuai arah bisa neg,1
,3
goof,5
x batas aktif kali ikut lg atur verifikasi ktp tp msh aktif salah dmn,5
new job notifucation more than month info new opset,1
terimakasih,4
keren,5
bantu koneksi temu info loker,5
pakai linkedln premium gratis bulan ada neg pemberitahuan ee dana potong account nya neg pemberitahuan email beli linkedln premium parah hati,1
manfaat,5
kirim pemeberitahuan loker email pas ada neg cocok,1
good for communication,5
e sesea etqws,3
good all employee and company get connected,5
bantu orangorang cari kerja,5
,4
bisa neg download buru,1
bantu koneksi kerja bisnis,5
manfaat sukses linkedln,5
aq cari kerja suruh bayar bulan,1
bintang,3
bantu,5
tutup,1
rekan seniman lukis negara bagi kultur tradisi budaya bagi info putar seni rupa,5
bagus buanget,5
terimakasih tweter masuk,4
aplikasi aman bisa neg masukk install dri pda marah mending,1
taik pake verifikasi itu salah,1
oke,3
cepat cv baru banding website,1
ml,2
okdh,4
guna neg mending hapus apps storeplaystore sampah kek gin,1
terimakasihlinkedln,5
moga dapet jobs,5
tambah jaring,5
usaha php lamar kerja liat doang dibiarin ndak reliable cari kerja projekan tindak usaha cuman posting lamar kerja di neg hire,1
mintak hilang tutup hp layar segi anny buka tutup layar mohon tolong terimakasi bantu,5
masuk update ulang bisa neg pindah destop menu handphone,1
experience the best of teacher,5
bantu informasi,2
bagus,5
,2
verifikasi bisa neg ganti susah mampus hasil neg,1
bantu bisa neg masuk alam temanteman mohon bantu,5
,5
okay,5
uang masuk dr odeo tekhnologi ada neg pinjam uang atw apa jgn kirim uang,1
disiruh verifikasi data suruh upload jelas neg bisa neg,1
coba unplod aplikasi,2
manfaat temu rekan rekan profesi,5
recomend eh pas make verifikasi sulit plus loading lot worth neg pake ni,1
,3
lelet lot,1
moga jobseeker sempat skill usaha,5
error bisa neg,1
masuk susah kali,1
bohong,1
suruh isi langkah aman selesai isi langkah aman muter ccd,1
registrasi main neg,1
saran milik amerika serikat indonesia maaf dukung guna media cocok terima,1
duluh tinggl asmat papua menagis mama bapa kampung puji tuhan mama sayang anak kandung,1
best,5
haiii guna lamar beeikan panggil rekan mndapat kerja shering sedng butuh kerja terimakasi,3
josssss,5
m,1
masuk update update neg bisa neg masuk,1
,5
daftar bisa neg nomor hp tulis neg kirim kode isi ulang nomor hp bisa neg tiga pas tebak gambar no viled trus si gmna dftr tpi nomor susah kya dibaned,3
okr,5
human rights is important or notyou know until noi they controli still gobal a prisoner jailpekanbaru jailriauindonesiai am john yok choy what can i do ask for help another country not one country will help meask for sos they sameis this world not ones of country say somethink this two countryyou think fosce me can made me stoptolet the world know whats is happening this indonesia how painful and unfair methey take my parvate personal human rights,5
aplikasi bagus siip,5
super dah,5
good the,5
bisa neg sesuai perintah verifikasi ujung bisa neg,1
main kali coba daftar verifikasi lihat atas sd ok masuk salah kali kau makan kau sakit hati kau,1
pikir lowong kerja sales yayasan ribet,1
keren banget,5
moga manfaat,5
tolong bantu kerja sama,5
oke,3
verifikasi aneh banget ambil hadap salah,1
no educatio,1
mantul pis,5
sulit dapat lowong kerja tamat sma,1
bagus manfaat kerja student,5
harap usia senja,5
yaasss,5
propesi digitalisasi masuk zaman karir tambah bukannn ganti robot karna bisnis propesi hadir ahli bidang level didik masuk penting,5
mantap,4
langgan premium mahal kirim minta koneksi batas rugi boss,1
ribet banget gilir pencet lamar usaha,1
langgan mahal cuk jt,1
okgood,5
bisa neg,1
masuk verifikasi sulit salah bisa neg mohon solusi,2
bantu proses cari kerja,5
asu masuk susah,1
logout bisa neg please back my account,1
very helpfull for job seeker,5
jelas neg berkalikali blokir,1
jelas neg bolak mlu msuk neg msuk rido neg download usah neg bkin,1
obzakdm l okk,5
birokrasi perintah,5
mantaapp,5
daftar sulit,1
bagus semngt mncri kerja,5
vervikasinya tolong benar salah,1
ikaln,1
waw suka,1
keren profesionalitas,5
kayak daftar,5
tu uduu t uu fc ht uji i uu uuuuh u uu uuu i u tu,3
hi,5
login neg susah verifikasi gagal data,1
harap bantu,3
you,5
i bv,3
khusus didik up lulus smksma nang install,1
sue lamar susah daftar mana berbauar ribu,1
search batas kecuali premium,1
dunia cari kerja,5
daftar tp verifikasi mulu abis verifikasi notelp trus verifikasi nyari kerja klo ngurusin gambar hadap mulu heiiiiii,1
nice,5
masuk susahharus tebak tebak n kayak bocah sd gambar jelas neg,1
panggil,5
terima,5
keren bantu,5
oi masuk akunt gw gmna rei adit sh qwp gilaaa,1
ribet simpel neg,1
nice and useful apslove it,5
cepat info terima,5
terimakasih,3
tp hoax hapus,2
urus lansia,4
bantu cari kerja sesuai dgn alam kerja,5
wajah eeeeeeeee,2
masuk sulit suruh tebak gambar robot neg,1
mudah nambah tahu relasi kawan wawas butuh loker,5
alhamdulillah mudahken jalan serah alloh swt,5
niih aseeem gagal kirim kode aman x,1
masuk verifikasi oke kandemi aman beres verif ko verif ngulang situ masuk neg masuk,1
baik bidang manfaat aneka bidang ilmu lapang kerja,5
ok,4
kocak robot bisa neg inimah milih gambar kodok hadap atas klik ttp kga mao hadap kmana kah,1
sassooia lxalmalalalaekik video,4
nyari kerja sulit blk daftar k,1
oke,5
cari info loker,5
sulit masuk,3
lupa makan,4
cari lowong kerja amerika serikat jaman suka warnet malam malam minggu pernah neg warnet,5
mm mm m j k k mm m kn k,5
,5
nyangkut,1
registrasi ajaa ribet sms muncul neg mucul,1
ok ok,5
,5
ribet masuk,1
linked baik informasi profil preferensi industri ganti rumah produksi tetep tulis merah mohon isi gitu,2
bantu dlm komunikasi,4
upgrade susul coba upgrade info sedia lowong kerja tawar thanks,2
alhamdulillah bagus,5
kasi,3
up date inovatif,5
bg w harigbhb,2
wis okeh,5
bikin bolak menu daftar,3
astaga verifikasi tebak gambar hewan ngadep tau jir gambar burem warna bikin blur potong makan banget loh,1
eesses ez,2
job seeker palinh fav karna uiux enak pandang mudah paham,4
yess,5
v j v j ccxxxxxxnwahb bewbqb s,4
gandeng karna buta mata otak neg filosofi,5
bantu cari kerja negeri negeri,5
senang kenal temu teman teman profesi karirdan saran ajakalau bisajika postingan politik dlldiluar fungsi linkedinjangan postingterima,5
daftar ni bolak daftar masukin email nomor telfon nama verifikasi telfon stlh lanjut ulang daftar isi nomor telfon nmor verifikasi dpt neg pakai nomor nmor bolak kecewa,1
profesional inspirasi maju khalayak sukses salam hormat,5
t r,3
yayyaay,5
properti tanah jateng,5
manfaat,5
verifikasi ribet manusia make neg sense,1
susah banget verifikasi bikin emosi auto uninstall,1
dulukalau apkikasi bagus full,3
kga download stuck mulu ulang ulang jga android pdhl,3
bisa neg edit deskripsi dibenerin deskripsi,3
ok moga baik,5
terus inovasi,5
,5
anh suruh verifikasi bisa neg lol,1
guna neg,1
njancoooook babi,1
bagus,5
mantep,5
ter out,1
gabisa bilang manusia neg suruh klik gambar hadap atas salah mulu buta gabisa bedain,1
oky,5
great information,5
good and experience,5
good good,4
klu manteeep lg,3
resto cafe hotel bandung cook cdp sous chef chef,5
nyoba,4
b,3
cool,5
hurt,3
niat cari job kerja pas masuk daftar deskripsi gambar hewan gambar hadap manfaat banget ribet x salah mulu emang banget pastiin manusia baik bikin ribet mudah guna gimana si heran,1
,5
apps bagus langsung dah,5
l,2
aplikasi payah kelas linkedln programmerrnya pro bikin sistem aplikasi error fungsi neg diupdate bantu daya aplikasi guna neg diupdate errorr,1
inidan bantu,5
moga bawa kerja impi,5
trimhkasi aktif butuhkn,5
bagus mudah cari lowong kerjato,5
tolong tinggkat bugus,2
never,2
here,4
good pencaker,5
kali buka penuh harap,4
coba,3
moga bantu,4
susah masuknyakayak nyuri ajabintang layakkesal neg,1
ok,5
maaf ajar,3
gewd,5
fiture batal premium fungsi neg menjenjebak konsumen bayar tagih gimana parah,1
bagus lamar mudah,5
sangatsangat bantu keren banget,5
,2
bantu cari kerja,5
bagus sayang ada neg loker posting slta sedih liat nyata kudu s wae,5
ampunsy bnr suka neg kayak gin sampah masuk bnr ulang,1
,1
nyusahin anying,1
iklan gua malas download,1
bagus kendala update admin bantu terimakasih,5
is not for profesionalism platform because many people especialy indonesia update something status goverment harassment and i think happen,1
linkedln mantap lha,3
samagt bagus,5
keren bantu tolong jobless,3
thanks likedln,5
suka aplikasi jarang buka,5
tolong aman verifikasi eror susah masuk,1
mntap,3
tolong nyampah email terimakasih,3
masuk ribet pake gambar mudah ngapa,1
gatau gimana langgan premium,5
lengkap profil ganggu bisa neg tolong baik donk,1
smoga kerja usaha dn doa,5
bina rumah sambung rumah dapur pagar ikat batu cat rumah pasang ciling double top kitchen bungbung leaking pasang tiles pasang pintu,5
jasa kirim cargo,5
bonus kuota bonus kuota,5
maaf,3
dowloam laptop,3
inspirasi,5
verivikasi gambar gitu,1
i do not know what happen with this owner linkedln was banned my account from the website but thanks,1
dapat neg akses google,1
force close september,3
good,4
laaawo,1
nyangka neg daftar data bocor wkwkwkwk banget chat whatsapp tipu wa gw,1
bagus manfaat cari kerja bangun networking bangun,5
temen,5
salam dfm,5
ni knpa updategmbarny putih pdahl jringn bgusknpa,3
bisa neg verifikasi nomoe ros,1
ftcrgt g neg,4
dpt kerja dr linkled kasi,2
bantu ku,4
bantu manfaat,5
baharu profil bisa neg,1
heran gabisa akses update,1
semangat,4
search by posting bisa neg,1
seaching dasar postingan bisa neg,3
bisa neg search posting eror algoritma rusak,1
cari keluar neg tuju liat postingan gabisa,1
oke tingkat lgi sistem cari thanks,5
,5
recruiter,5
jabal boma,5
tata usaha smp umkm,5
verifikasi aman cepat susah suruh nyari hadap,1
dapat neg simpan terang jenis bidang usaha sesuai,2
butuh kerja lulus sma cari kerja mana baca lokernya butuh s udahlah terimakasih,5
ok tpi tolong oknum tipu ko sampe lolos gitu kena tipu loh,2
bismillahirrahmanirrahim kunfajakun amin robbal alamin,5
t m w,2
jelek jngn donlod boros kuota,1
tebak gambar email password sesuai,1
verifikasi su,1
very needed,5
mantap,5
bantu,5
klo minus,1
mantab,5
mohon baik,2
foto profil bisa neg unggah,5
so far so good,5
verry good,5
saya neg pakai gmn hapus,1
bagus,5
ajar,4
bantu terima linked,5
bisa neg daftar,1
tolong update dasar lokasi baik filter cari berdasarkanokasi mana,3
good aplikai,4
nelareza,5
ribet banget,1
verifikasi bikin emosi klik sampe kali nyoba msh bisa neg verifikasi robot sok emang org butuh banget sampe verifikasi kayak gitu mending hapus kayak org butuh,1
cfddllele ff lollvfgolo,5
k,5
mudah cepat bantu terima ok is the best,5
mudah mudah hubung teman,5
foto disebarluaskan hak neg izin,1
kesan,5
lamar ribet alih website jelas neg,2
moga aplikasi,5
profil bisa neg baru kirim email ada neg balesan,1
mw update bisa neg suruh terus,2
bantu mudah cari kerja alhamdulilah kali dapet kerja karna informasi,5
loker mulu ubah neg panggil neg,1
pas,5
indonedia,4
untung,5
harga,5
iyq,5
manfaat bagus terimakasih,5
karna postinganya,3
kecewa neg,5
an exceptional networking platform,5
please lamar kirim panggil kerja itu panggil di neg gedung usaha ruko gerangan mohon evaluasi rekruitmen nakal,3
bisa neg tutup,1
mechanical electrical piping plumbing pipe hydrant structure,5
,4
jaring koneksi userbos relasi buka terbantulinkedin digital satu manusia modern,5
tolong wenang neg saldo dana potong bayar google otomatis pin neg rasa neg laku laku neg bayar apa uang,1
bagus,4
ribet,1
jj tipis,5
info lokernya,4
tau manfaat tugas,5
em bb nyata nyatnyata nnnn nyataih request oee r iii,3
masukin kode verikasi lwt telpon bisa neg,1
taknks,5
lagu all o l ok loooo omk ooo ll lool ooom k mmm o mm ooo oloo ooom ooo ko o o o lop l l oolooomlllooomok koplo oo llp looklopoo o koo o o oo,3
bantu informasi,5
moga dpt kerja,5
awesome,5
sip keren,5
alsixll,4
ldiperkosa,1
jelas neg susah jaring bagus jelas neg,1
trima,5
jarang buka,3
sipil kontruksi,5
dapet kerja,1
gas,5
bagus,4
pake prenium suruh uji gratis bayar duluan nama ujicoba neg gratis uji bayar bayar rb papa neg rb pulak hadeh manipulasi bahasa,1
ok sip,5
baik,5
komunitas sosial profesional,1
ashu kagak lihat lamar gua,1
kerja,5
bantu,4
verifikasi kek,5
nice helpful,5
masuk ndak note email,5
baru profil bisa neg edit simpan edit simpan hilang aktivitas deskripsi bisa neg gugah dokumen logo kampus universitas jember ada neg,1
makasih,5
mntap,5
im happy with join linked,5
good,5
bisa neg uninstal,1
great place for build connect and personal branding,5
saszaeass,5
,5
bisa neg daftar aneh masuk kode kirim linked,1
ngelamar kerja masuk kayak gitu mending nggak download,2
informatif,4
diinstall perangkat android bisa neg,1
bagus cari kerja,5
daftar ribet,1
waowwwwww,5
mudah cari kerja mecari teman profesi,5
so far so good,4
bagus insight relasi,5
temu neg fitur kirim file pesandm,1
ngasih captcha gausah ribet mao masuk gagal,1
good,4
top,5
ok,3
,4
ot sd,1
,2
is mantapannn,5
aplikasi error,2
mudah opsi,5
good performance,5
oll mnm vv bbuk iku ul,3
informasi kerja hubung rekan kerja calon rekan kerja batas kenal aplikasi bantu,5
good aftermon,5
tldak akanlagl cetak struk,5
baguuus,5
moga jalan,4
ribetga da lowong kerja aceh selatan,1
mantap,5
marketing agent century bandung,5
ok joss,4
,5
bagus,5
juos,5
susah banget masuk susah ampun verifikasi,1
bagus aplikasi info lowong kerja,4
emboh,4
sip,4
terima,4
good bantu,5
inovator,5
helping me for career sharing career webinar reference networking and job vacancy,5
gabung dgn masuk email pribadi langsung muncul profil usaha tahap proses recruitment mohon jelas kait terima konfirmasi terima tunggu proses recruitment tahap selanjutanya,5
ko susah si masuk,5
pakaimelamar nggak tembus ada neg respon kendala lamar tolong tanggap lamar kirim usaha,1
sungguh mantap,5
helpfull,5
kwren,5
good bisniss,4
mantap,5
platform bagus profesionals,5
jos,4
kemudi,5
ribet pake tekateki gitu salah mulu gambar jelas neg juntrung,1
nice,5
tholol verivikasi sampe x nggak masuk,1
verry good,5
jelasssss neg verifikasi aman bisa neg ngulang x tetep cocok neg,1
bagus ukt info kerja,5
too much asking for ubdate,1
fantastic,5
good n smooth,5
kali masuk bisapadahal neg email password verifikasi manusiapadahal email password benarhuffffftttt,1
hse profesional,5
bagus,2
lumayan bagus,4
tambah relasi,4
piye yo verifikasi gagal dikon mileh gambar wan madep duwur gambare duduhno silit pilih teliti ora ngefek opo mneh ngacak bolak balek tetep gagal lha x x megelno jempol tangan gaweo sak karepmu sehat,2
akun ribet,2
pertemannan,5
bantu cari kerja lagi neg cari pasti forum forum kejelesanya mas ragu,4
good aplikasiontl like itsucses always,5
wawas ilmu tahu bidang industri,4
keren banget business owner,5
genah neg masuk verifnya susah bner klo gambar oke suruh salah ulang lgi hahaha jembootte guna neg,1
oke banget,4
manfaat cari kerja,5
lupa pasword ulang verifikasi gambar gagal,3
very good looking for business relations,5
the best of best,5
oo,1
bagus kerja,5
keren banget,5
kerja software engineer full remote wfh mantap,5
sukses,5
verifikasi nomor susah,1
nagus,3
mohon diperbaikisudah verifikasi verifikasi turus selesai kasih,1
mudah cari magang guna,5
bantu kembang dunia n teman negara,5
what what see sssugjr,5
verivikasi brapa x bisaa neg bresss neg,1
butuh uang,5
luarr biasaa,5
h ee,5
aplikasi masuk mesti tebaktebak gambar,1
moga jalan kerja,5
sarana cari cari peluang kerja harap,5
lumayan wawas dunia tetangga,3
very good,5
dp kolextor,5
,5
mantap nambah relasi,5
bantu banget cari kerja,4
dubhe corp,5
busuk direstricted jelas neg,1
sulit cari lowong kerja cari usia,1
thanks linkedln,5
bantu juang cari kerja bagus,5
suka,5
fleksibilitas dashboard tarik,5
bagus bantu peluang berkarir,2
bagusisinya smart,5
tolong linkedln ku bisa neg buka mohon bantu,5
good,5
media sosial positif bagus informasi karir,5
manfaat nama alamat usaha start up terimakasih,5
dah dapet kerja sempurna,3
apikasinya jaring,5
good apllication,5
nyoba,4
keep up the good work,5
bangun guna,5
susah update,1
tombol back hp tampil halaman neg sblmnya mohon baik perlu neg input jenis kerja filter,3
update,4
no marketing semen padang wilayah bantenterimakasih,5
are you safe for member why my linkin appears not my account,1
bantu cari teman kerja,5
baik buka berfikir banyak sahabat saudara,5
sanagat bantu kerja,5
buka smoga bantu,5
wro,5
deep,5
bisa neg buka komentar lihat profil,3
nyesel banget dowload susah verivikasi slalu salah trus tipu,1
bagi informasi,5
gakbisa daftar sekian maksih langsung gua uninstall,1
ribet nyari kerja masuk,1
bantu nambah relasi,5
info thanks,5
,3
operasional director,5
bagussayatambahin,3
semangat dg mbantu support,5
datang mudah amplikasi bantu,3
i io,5
rejeki,5
bisnis,5
thank,5
biasa mega channel parabola visaid,5
tap,5
,3
arah teman berbedabeda,5
mudah komunikasi,5
terimakasih sempat kerja seru gapernah kecewa pakai buka schroll hari,5
pusing kambing,1
bagus butuh,5
puas keren bantu banget update informasi tahu,5
terimakasih,4
moga jalan,5
jossss,5
bisa neg nebak gambar bisa neg bacaasal nyerocos nob,5
nice meet and connect with our friends and other,5
butuh kerja daerah banyuwangi bantu cari kerja,5
oke bagus simpan cv guna,5
bantu cari loker depa,4
knp mm n n kmna m,3
manfaat tambah wawas,5
lengkap mudah,5
cari kerja favorit,5
no good,2
incredible bussiness application,5
si ko dowload mulu pdhl dah batalin,3
bantu ovo uda capay carik makan sampay hak sabar mecarik makan anak ku,5
baikin verifikasi ribet bannget,1
crazy why is the verification so difficult and keeps repeating even though its true but being told keep on verifying stupid application better move the jobstreet application if this is the case,1
bantu cari kerja indonesia,5
relasi bisnis channel kerja buka tahan kualitas,5
bantu tingkat relasi forum kus,5
a very good network find and establish relationships with new relationships,5
jancox,1
wushang,5
bagus kerja jalin relasi kerja,4
muas,5
applikasi rusaak bikin slalu baik laah,1
susah vertifikasi,1
ok,5
ribet masuk nyhrs ulang,1
cis,3
coba,5
halo mana kontak team support ganti nomor telepon nomor telepon mati terimakasih,4
coba insya allah bagus aamiin,5
bantu,5
branch manager ptmandala multifinance tbk,5
ok banget,4
bonafit percaya,5
ratu adil imam mahdi dana raksa,5
aplikasi bagus batu cari kerja relasi profesional tingkat layan,5
oil,4
bagus banget bantu cari kerja,5
ada neg info lokernya cenderung facebook,1
sangt bagus,5
update baru deeplinknya eror eror,1
driver dump truk,4
nice appthanks,5
very good,5
now komen,4
exxelent aplication,5
stres nyelesaiin verifikasi aman nyari kerja kamfret,1
jembuot,5
bantu,5
kali dapet panggil kerja kali ada neg satu asli hoax semuamasa iya pt beda tes samad ruko lgitolong tingkat lgi biar loker tipu laporkankasian lulus alam kena tipu,1
bantu cari kerja,5
bisa neg masuk,2
verifikasi teka teki nyaa aneh dah salah jelas neg,1
membanru,5
bagus,5
ribet mudah neg sulit,1
sat,1
upload foto profil background jam sinyal oke wifi oke but,2
guna cari kerja,5
breakthrough,5
linkedln bantu cari informasi linkdln perlu linkedln siiiipppp,5
jelas neg,1
innya aneh,1
ngaruh neg dapet kerja pake dr jaman kuliah sampe guna,1
taiiiii bener verifikasi terus suruh verifikasi beres neg bikin tebak gambar gaush bikin kaya ginian niat hati nyari peluang bikin pusing,1
klau salah panggil kerja kasi,3
manfaat,5
fungsi,3
kiano bi a p,2
bisa neg masuk tulis batas verify identitas hubung hubung please tolong cari kerja kuliah,1
great job,5
pns konsultan bidang civil engineering,5
gy,3
bantu sekalimenambah jaring tem nan koneksi,4
enjoyer,5
slamat malam linkedinmohon bantu ganti nmr simcardtetapi kode verifikasi k nmr lamadan lupa password,5
cool,5
freeze lag force closed inti jelek,1
hahaha,5
bagus temu orangorang,5
gagal teka teki gambar dimensi taikkkk banget,1
is good,5
upload foto gagal mulu,1
bneran sih neg lokernya panggil tp di neg pt,2
ay,2
tingkat lgi,4
hidup simpel brooo ribet verifikasi ribet banget,3
bantu personal branding,5
apitas,4
goody good,5
ribeettttyou know ribet its confusing me its much verifikasi,3
nyaman,5
bisa neg verifikasi,1
,1
kntl daftar ngak juh,1
tau neg ngomong,5
kl,4
akses sulit verifikasi berulangulang,1
jempol,5
bantu manfaat,5
manfaat professional,5
guna neg,1
,2
logindoang suruh pilih gambar arah mulu pilih sesuai neg mulu doang ribet bener,1
verifikasi nomer slalu gagal bis neg masuk solusi gimana,1
bantu informasi lowong kerja,5
moga mmbantu,5
om join,5
jarang akses,5
cari kerja susah tolong susah maksud gmn si susah banget verifikasi suruh pilih gambar hadap atas tp gagal,1
daftar susah sungguh buruk baik sistem pdhl pakai wifi blank gerak neg loading eror nunggu smpe gtu j uninstal j ni,1
guna neg isi cuman pamer jabat pamer kerja soksokan ngasih motivasi isi sampah cuman budak kagak belagu dah,1
coba kasi,2
semua neg lowker langsng lamar kdng hrus unduh laink kayak glits jobstrest gtggt ribet,2
thanks,5
bantu cari koneksi kerja,5
jossss,5
or,2
bantu,5
liit n,3
dchitdbk,5
puas layan terimakasih tingkat kk puas usaha amanah,5
game bagus teman suka main btc taut unik mudah main tinggal tunggu cair dana proses mudah mudah alam hasil muas,5
mudah mudah,5
bisa neg,1
mudah kerja sesuai dingin,5
trims,5
okkkkkk,5
universiity researcher profesional consultant environment for north sulawesi government since environment impact assesment consultant waste water discharge assesment several private companies,5
n jaring manfaat,5
bantu komunikasi bisnis kerja,5
can anyone tell me how get verified by number i tried couple times it didnt work respon kode nocaptcha valid neg isi this was wasting my time a lot,2
berantas pt pt tipu saring bener pt fiktif tipu kasihan cari kerja tipu,2
gatau kali pas tambahin media kolom didik alam gitu bisa neg upload kaya lot banget jadi upload media metode gdrive gitu bisabisa neg tolong bug kaya gin baik tampil bagus lot upload media,5
muas,3
ko bisa neg masuk bingung aplikasi uninstall dah bisa neg gunain daftar mulu masuk neg heran dah,1
minta pertemennan,5
liat,4
info kerja yank nggak pesan masuk suruh interview pt pt nggak masuk lamar pt tipu,1
simple verifikasi simple pokok serba simple,5
bantu pra juang cari kerja,5
lowong kerja palsu tipu,2
tingkat intelegensia tahu,5
lnformatif,5
cobah,1
tarik,4
want more new friends and share experiences on social media,4
sinyal,5
cari kerja bagus,5
bagus tarik,5
suka,5
sulit menginstal,3
very good apl,5
mm mama k,4
tolong baik iya jaring sinyal bagus kouta bisa neg,1
gentot istri tetangga china tagih,5
ok bnget,5
manajer,5
ok pokoke,5
up date mengosongkankan download down load,1
alhamdulillah thank about your information linkedn,5
voba,5
asa pernah neg ganti pasword tp sll gagal masuk aplg verifikasi kali gagal gambar katak,1
bingung banget ulang gimana nama pass salah ulang kali pass,1
sippplahhhh,5
tq bravo,5
elegan,5
bantu mudah cari informasi penjuru dunia,5
moga mudah cepat diperngerti,5
akuntan pt bank danamon indonesia,5
informasi job,5
bahasa asing erti neg,1
membanth,5
daftar verifikasi kek,1
pake aplikasi suruh ulang kali suruh terus,1
moga manfaat kasi,5
jadi jalan karir mudah senang,5
tunjang karir,5
senior general managermanage all aspects build the prospectus high rise landed and commercial properties,5
jgn donlot verifikasi gila,1
ooow,5
i got job from this,5
verifikasi susah gambar arah atas bolak bisa neg repot apps,1
so,5
kampret prnah gw downloadmmau verifikasi susah ampun pakai kuis nebak hewan hadap atasudah semuapas salahulang awalhidup ribet ribet,1
aplikasi bikin tagih cari kerja moga cepat panggil kerja buka,5
tau neg,3
banyak loker jelashampir neg yayasan,1
taiiiii,1
nice sytem,5
mudah,5
moga mudah komunikasi efektif,5
nyari lowong sulit verifikasi,1
good i hope more better of future,5
bagus,5
terima,5
masuk update update tin ayoo,3
survivor,5
top aaja,5
bilang pasword salah pernah neg ubah pasword langsung klik lupa pasword kode autentifikasi pake google miscrosoft authenticator sesuai tunjuk kode nyata salah gimana hub kontak ada neg respons,1
,5
informasi manfaat dunia kerja usaha,5
apkne ruwet mas sng gena ae,1
bukti,5
occ,5
halaman sedia neg,1
loadingnya lambat,1
bagus praktis,5
apaansih pilih gambar hadap atas bisa neg bida ajgg sampah banget,1
gaei,5
good,4
good day,5
,5
goood,3
great job,4
manfaat,5
linked id bobrok bisa neg,1
gambar jelas neg verifikasi gagal teruuuuus,1
manteeb bangett,5
susah verifkasiyo mumet minn,1
bagussss,3
bagus manfaat profesi laut manfaat,5
biasahebatkitasaya pribadi merasakannyakita hubung teman agam latar pekarjaankehidupanekonomiws pokoke top markotop,5
kode verifikasi ribet rancu,1
guna promosi samping tambah rekan sahabat,4
loker palsu tipu mengatasnamakan pt a b tolong filter rekomendasi loker bodong,1
terimakasih bantu,5
cook training commis oberoi hotel commis carnival cruise line kontrak river cruise line kontrak chef de parties,5
jelas neg,1
ix,5
tolonggggggggg x verivikasi gagal help mari laku periksa aman cepat mah cepat neg dibukabuka jelasjelas bener gagal servernya masalah,1
great,5
jainalktbr,5
suka jadi jual produk,3
ngisi kode tpi terus ulang perbaikin bug,1
bagus bantu,5
susah banget masuk suka neg,1
bisa neg user and pass bener,1
amazing,5
bantu cari relasi kerja,5
always be communication others one and believe and believe good body jaring empuk strategi jumpa hubung warga jaring nyata tunjuk probadi wewenang pikir cari pikir positif sejuk iman motivasi kuat,1
nanya verifikasi fokus baca verifikasi males gmn depan hadap atas gambar posisi diri yg neg kesampingkebawah paham neg otak beneran dengkul,5
guna,4
teka teki sulit bisa neg masuk,1
verifikasi gambar terossssssss,1
ribet verifikasi,1
gooood,5
mudah cari lowong kerja sulit teka teki,1
verif muli,2
optimal,5
bantu neg,1
gjls verifikasi,1
ni apl,1
moga bagus,5
alam spv sales oprasional manager usaha fcmg,4
sip,5
mmo l mo iyanmkl nn mk,5
didik,5
respon positif,2
bisa neg verifikasi salah sulit,1
cerita jelas neg,1
ayo bro download linkedln bebarengan,5
bagus dunia kerja tambah koneksi,5
thanks linkedln,5
kgk perbaruhibukannya bagus jelek susah,1
buang verifikasi,1
barangsiapa kemudharatan muslim allah kemudharatan barangsiapa repot susah muslim allah susah hadits riwayat abu dawud nomor at tirmidzi nomor hasan imam at tirmidzi,1
jelek bisa neg registrasi verifikasi support neg,1
suka mas linkedln,5
verifikasi tolol,1
bisa neg kirim pesanmasa upgrade premium dulumana mahal,2
faham neg,5
bagus bangeut,5
nyusahin teka teki gambar bikir ribet,1
alami neg apa alah jalan lancar,5
ok dech siip,5
great aps,5
why must the verification be so complicated and confusing,1
good job,5
jajajaja,5
puas,4
x xc,4
susah cari kerja,3
manfaat cari kerja,5
,5
bagus bnget,5
verifikasi sulit,1
gimana siii verifikasi aj terahirnya salah mulu pdhal bener,1
ribet verifikasi salah ngulang kali ujung gagal hadeh,1
bagus bantu,5
sistem aman baik,1
lumayan,5
lumina,1
teka teki sesat,1
bantu temen postingan stres neg mahal laku jenjang anak cucu ki te,3
ceklis dah bener teka teki suruh verifikasi lg trusan knapa mesti ribet gitu pilih gambar hewan ngadep jelekkkk bngeeettttt mesti gimna bikin,1
jelek,5
tingkat kualitas kuantitas muas butuh langgan terima,5
bantu temu informasih cari kerja mohon sulit,2
so good is very good,5
ok informasi,5
alhamdulillah suami kerja,5
bekrjadi ptalmrugisbagai mnijr mrangkapdnganskrtariat,5
qq,3
top ok,3
manfaat tukar bisnis,5
pikir badak hadap,1
bisa neg ganti sandi kode autentifikasi,1
tebar kawan,5
teka teki sulit jelas neg,1
susah verfikasi ribet,1
informasi keren,5
bantu jobseker,5
lalot,1
rintis diri pasar lelang agro jawa barat badan tahan pangan sbg kelompok kerja khusus diri koprasi pasar lelang agro provinsi jawa barat,5
tq for job,5
sampah susah verivikasi kayak sampah,1
nya neg mudah sulit,1
connected,5
mantapsss,5
bagus job seeker,5
verification tolol bisa neg masuk,1
apasih verivikasi salah mulu cape gw anjir tebak gambar udah neg gajadi dah make ribet,5
bantu,5
fb taut bau politik event forman e bicara politik silah,1
teralalu susah verifikasi gambar,2
mudah informasi,5
ndaftar tpi isi inggris,3
jelas neg,1
bisa neg verifikasi gagal klik gambar bener,1
susah banget teka teki periksa aman sentuh gambar hadap pas selesai pasword salah nggak ngulang,1
sukses,5
being profesional is my habit,5
oi developer knp sulit banget verifikasi gambar hadap salah dah miring layar,2
bantu neg susah tebak gambar tele tele harap cepat hapus bodoh public teman keluarga anjur neg pilih,1
ribet pake banget ngebantu neg ngebatu bikin kesel,1
yeah fantasty dinesty good like this full peaople fire and puy people good like life for you nice ok,5
mast pakai aman tebak gambar salah,1
qw ew e,3
bagus,5
mudah cari kerja,4
rpor,1
ngerti neg banget sma periksa keman no ngasal ttp acc tpi pas serius jg salah mulu heran sumpah,1
,4
suka komunikasi teman sharing kerja sesuai kualifikasi,4
bikin aman ribet cari kerja gabisa lewatin tebak gambar gin,1
msntap jg apl,5
sistem ribetlo nyediain lowker pisikotes,1
jaring informasi,4
jelek banget verifikasi ribet banget verif kode otp pinjol masuk,1
aplikasi bisa neg instal mentok,1
no comment,3
teka teki sulit paham salah bingung teka teki verifikasi,1
bagus psikotes gambar,4
marabika mitra global sumarorong kab mamasa prov sulbar,2
dableg suruh nebak kodok bego,1
verivikasi aman ribet bikin pusing,1
spg sepatu pt dodo garmen pt mentari mulia berjangk,5
ngerjain doang tembak gambar masuk bener tetep disalahin tolong mudah masuk,2
sistem verifikasi bener lahsuruh madep tepatyang ceklis posisi diri normaldijawab diri normalkurang gimana kocak,1
ko nambah gax jlassnya jlass sandy bnr trusss ferivikasi brulang ydh jgn download,1
busuk bikin emosi,1
bagus cuman pemberitahuan suka ulas klik tuju neg ulas,4
lanjut,5
knapa bisa neg verifikasi,1
susah verifikasinyatilong dipermudahtq,1
masuk susah najis,1
bantu,5
sulit mengupload dokumen sertifikat sortir bisa neg user,1
platform ribet,1
mantapppppp benerrrr,5
bangke ni bikinn emosi,1
mantap,5
lamar kerja mudah,5
,3
o,1
daftar verifikasi modar,1
android aneh,1
jelas neg teka tekinyauninstal aja,2
kesal,1
cari loker,5
masuk neg,1
buruk teka teki jem sampe reset password teka teki nyusahin bilang,1
kerenn,5
elrty,5
ih bagus banget,5
download tp survey,1
mudahmudahan cinta,4
kesel banget linkidn pas verif susaaaah banget ngegampangin nyusahin,1
ribet spam email lulus loh apply ndak lanjut spam email,1
bagus kalang cari kerja,5
verifikasi ribet nauzubillah mah mutu neg banget pinter dikit napa,1
ujungujung calo mnta adm duluan jaman kompeni,2
habib sholikhin,3
losss,5
qa qu u u u u u xxt,3
bagus,5
manfaat tambah tahu wawas,5
bantu job seeker,5
ribedin pakai tebak gambar,1
masuk ribet banget,1
ok terimakasih bergabungkoneksi jaring,5
suka neg verifikasi aman mending teka teki benda per verifikasi aman google hindar robot cari gambar hewan hadap ujungujungnya salah mohon baik,1
so far so good,5
puas,5
klo ilah mudah jgn ribet kasihan tua gx tau,3
dpt kerja dr linked lowong hadeuhhh,1
mana mau situ jalan juang akan neg menghianati hasil,4
mantap linkedln,5
cakep,5
,4
ok,5
linkedim reting tigakenapa sulit sinyal banding,3
plg prnh gw downloadmau sulit chatcha,1
hy oedt,4
siip,5
ok n top,5
this good me,5
tingkat linkedln,5
manfaat tambah relasi wawas,5
hayo,5
bantu mudah jgn ribet lewatin tebak gambar kali gagal manusia otak kerja dengan neg tekan manusia produktif kecewaaa linkedln,1
baikdan bantu,5
very good aps,5
muantabbbek,5
bantu kerja impi cari kerja,5
good harap kembang mudah user,5
woke,5
good,5
good platform for jobseekers,5
good connection,5
bagus banget,5
mantaaapp,3
bantu informasi,5
fine,5
burukverifikasinya gagal sulit orangtolong baik,1
when i was going verify the image i tried times and it never worked even though it was correct intention make it easier find work but has been broken by a situation like this please fix bugs and make it easy for us,1
sertivikat alam kerjasio aktif,4
susah masuk yaterlalu ribet,1
sagat bagus,5
when editing my privacy settings why suddenly redirected a job search page,2
santri pondok pesantren amanatul ummah dah tempuh didik mahasiswa universitas ciputra surabaya,4
omg kode capcahnya eror mulu emosi,1
staff ppic supervisor shipping general admin,5
very helpful,5
sngat manfaat,5
henti verifikasi data susah,1
baikmembantu ruang pencaker recruiter koneksi,5
lowong kerja,4
ribet,1
lumayan,4
luas untung hubung lindung privasi aman muas,5
n t,2
informatif profesionalmudah digunakansederhanalengkap milik tantang cari kerja,5
bantu cari lapang kerja bisnis,5
kesel banget sumpah sm linkedln skrg tahap verifikasi gagal logika klo manusia neg hewan mungkin neg tolol tolong baik lg kecewa akut,1
alam kerja linkedn,3
jozz,5
kode captchanya gagal masuk tida parah tolong baik loginnya lamar kerja sulit masuk sulit duluan,1
ngelamar gimana klo make ni daftar tidk baca lamar kerja klo lowong kerja tamat smk usia muda neg,1
sampahmau daftar bikin kesel tolong baik chapta,2
bantu peluang kerja impi,4
verifikasi jelas neg maaf uninstall,1
gila fokus bahasa inggris nggak filter bahasa begara,1
cari gambar hadap dengar gambar ajah mengahadap aneh gambar neg kaya lintas zebra cros jembatan mobil,1
susah banget di neg acc,2
sungguh,5
terima gabung,5
aman ribet beut akun bete ah,1
nice,5
,5
h mobil apaivf d prsp ty,2
job vacancy on board ship,5
sumpah kesel bangetniat hati daftar mood neg problem daftar website pas tahap verifikasi gagal sesuai gagal sampe gel niat hati download aplikasi mudah eh nambah kesel bisa neg daftar stuck pas daftar email password tolong guna kecewa tolong baik,1
baik kode captcha daftar bisa neg lanjut verifikasi gambar henti tahap error bisa neg baca verifikasi suara hasil neg ulang,3
kuliner,3
lumayan bagus,4
,3
mn,2
manfaat cari kerja,5
verivikasi kali kali bisa neg,1
tingkat kualitas,5
good work,5
okeetopp,4
,5
very goods,5
akurat,5
bagus bantu,5
kontruksi,5
oke banget,5
cook nationalcook chinese cook western,3
good,5
lumayan bantu loker pasang,4
gabisa download gagal tau solusi gmn,3
bantu rekrut karyawan tks,5
bagus cari kerjacuma fakeatau penipuyg ujung loker palsumohon nyaring palsu,4
bedt,5
good for the apps,4
keren informasi kerjannya,5
,5
boger operator,5
w rb,4
,4
susah daftar edit profil,1
muas professional,5
,5
kumpul rajin,5
guna neg ygy,1
bagus nyamantap,3
bagus informatif,5
,3
okay,5
moga manfaat kerja mantap,5
informatif komunikatif,5
tolong bisa neg daftar please,1
sorry auto delete,1
banyak s lulus bawah susah banget cari lowker,3
susah verifikasi bisa neg luar indonesia susah sign buffering aplikasi gerak lambat,1
tingkat,5
tambah ilmu luas jaring peluang masuk tambah motivasi,5
instruksi langsung sgb swing motor ex garap besok td prepare langsung japri mas topik hose pcs dgn meter flange dn pasang ex line boom rh lh merger line arm sh buatin flange ukur dn adapter pcs lurusss buatin flane ukur dn adpater pcs clamp dn pasang clamp dn pasang modif hose pasang motor travel rhlh ex dg valve biar steering uni,2
mohon hama slalu ikut manusia emblem peras mnghnghalang financial hapus guna neg mnjadi kacung musrikkasihan perintah tiru,1
siiiiip,5
,5
mantap info kerja moga rezeki,5
amazing every time,5
i hope its good start,4
dicobain insya allah,3
gambar hewan jelas neg,1
withdraw,5
,3
cari kerja karyawan profesional advokat psikolog direktur manager hrd,5
k neg,3
oj,4
dgn,5
payah verifikasi bener gagal mulu ribet kode verifikasi sms lot,1
itumemang mau neg sila,2
jpbooss,5
susah daftar verifikasi banget salah mulu,1
ok good so many jobs searching,4
informasi lowong kerja terupdate percaya,4
alam tua tuatua kladi,5
msh komplit,4
lowong lumayan lemgkap sayang banyak butuh alam minimal sekian juara,4
bwt ada neg bukti format jls neg guna mrskan klw format membuahkn neg hasil,3
bisa neg masuk verivikasi gambar,2
ahli consultant resto cafe hotel dlm benah n marketing,5
good relationship,5
mei,1
moga kerja aamiin,5
hoax info valid neg,4
profesional teamwork mandiri team komunikasi,5
,5
moga,3
buka,2
susah loging kode verifikasi kirim neg gmail,2
dd z,2
peluk senior,4
lumayan,2
muas good,5
bu bu ami,5
ada neg aa hee lk fol vfd ij es campur,4
wawas informasi job depan,5
stupid verifikasi,1
im a user for a long time job vacancies on seem be just ads sorry i said that,3
social media for professional entrepreneur,4
bagus bantu kerja negeri,5
bagus peluang tawar pilih tinggal berani,5
parah berkalikali nebak verifikasi gambar salah mulu kali ketemu gin auto unfollow,1
,4
linkedln mengembangkanpryeksi fitur sukses raih citadan cinta idamidamkan apllikasi bagus bagus suka banget,5
ok dahh,5
baguss,5
masuk neg mentok cumam kerja trakhir tolong baik,1
bisa neg lamar buffering lamar,2
batas verifikasi ada neg pemberitahuan email,1
bisa neg isi data pribadi,1
suka tibatiba bisa neg akses,4
,1
kode aman sulit bikin pusing,1
,5
motivasi n bangkit semangat dpn karna rezeki sulit prediksi,4
fesbukan,5
good connecting everyone,5
bom faham guna,4
susah verifikasiauto and uninstall,1
buruk,1
ndak daftar tdi,1
sempat hubung profesional tambah relasi peluang,5
mohon baik postingan hari post foto bisa neg kemarin ada neg,1
ike,5
tolong kembang batas batas sulit lowong kerja,1
hotel sapadia bundar s kota pasir arai rok hulu,5
inovatif,5
good applicationvery recommended,5
guru bnn,5
top mantap fokus semangat positif,4
like komentar bisa neg salah,1
terimakasih berterimakasih management manfaat masyarakat dunia butuh kerja mudah kerja percaya tolong usaha kerja hasil berterimakasih,5
lowong apply satu neg ada neg respon niat buka neg lowong loker benda neg langka antik juga neg pajang,4
sunguh guna,4
er,3
luas wawas,5
sngt manfaat,3
bagussaya ajar,5
very helpful application for seeking a job,5
fungsi tuju,5
pandu awal lumayan sulit paham lulus slta highschool ada neg fitur,3
pas masuk isi alam kerja masalah apl solusi,3
the one better aplication,5
cocok,5
mantap bantu,5
tarik,3
verifikasi konyol suru pilih gambar hadap smuanya hadap gambar,1
mantapjaringan internasitional bantu sepluruh lapis masyarakatsukses,5
best rated,5
panen sawit,2
love this apps and very good for us,5
very amazing,5
cek sertifikat vaksin,3
bantu cari informasi,5
membntu dlm pncarian loker,5
oleh alam,5
very good application and very easy for use,5
,5
masak,1
very bad with new verifikasi make me can not,1
ngelag error,1
job tipu tolong seleksi,1
fixs,5
tolong lowong apply lamar direspontidak usaha tolong tampil neg berandapencarian perlu neg email pemberitahuan kerja info kerja apply terima,2
security propesional,5
daftar aj bisa neg,1
terima,1
bagus,3
coba neg dah,1
llkintil,5
teman batas neg kasta rendah kasta tinggi,5
ok bantu,5
uang langsung potong k akibat langgan uang bayar rumah sakit,1
mantap inikita cari kerja,5
okay bagus,5
greening the earth and providing food for the world community,5
baguss beberpa tingkat,4
good and useful,5
ko okkooopm,5
mantaab,5
kerja,5
bagus untung,5
solusi cari loker,4
mudah aktifitas,2
apkx bantu z cari kerja z suka bangetytt,5
kembang sayang kerja,4
bantu cari kerja info shared of job,5
lumayan bagus,4
assalamualaikum,5
pakai,5
jelas neg verifikasi,1
bagus hubung langsung jajar hrd,4
jlas neg tebak gambar tpi kluarnya salah,1
great professional apps,5
tolong bantu solusi pecah verifikasi tahap nomor ponsel karna nomor ponsel daftar acount bisa neg handphone ganti punya akses verifikasi email hasil tahap,5
lumayan,4
,5
,2
bagus teman,3
guna sekalibagi cari karier tambah wawas,5
paham tampil iklan loker kah bisa neg langsung apply kah stiap apply masuk situs,2
,3
excellent,5
e,5
manfaat neg,1
profesional kebun tebu pabrik gula,5
buka gimana,4
bantu cari kerja,5
oke i like it,5
pubilk,5
,5
koneksi pintar,5
okesip,5
oklpl r,5
payakumbuh,1
mantappppp,5
info loker akurat,5
verifikasi gambar salah,1
bs neg isi aman liat contoh gambar contoh klik jgn wujud pokok dgn contoh contoh bs liat pas kali salah klik,5
ok mantab cerot,5
brkata,3
bukti manusia nggak bener,1
moga kerja,5
linkedln update info usaha aktif tutup peluang job arah actual update pt tenc indonesia aktif neg peluang job pt jgn kirim krn mantan karyawan,4
sqngay bagus,1
okkk,5
good application for networking,5
csaawe,3
suka,5
support me,3
sosmed manfaat,5
guna,5
dismond,5
cr kerja koneksi neg gampang bakal neg nganggur kakek wkwkkwk,5
prnah dpt pnggilan kerja tuhh ni ny,1
tolong koneksi golong premiun gratis,4
t ct x vu u cg buuuu buuuu ub hhhhhhhhhh ym,4
verifikasi verifikasi bisa neg sebel,1
sangsat bagus,5
sewa jasa angkut barang,4
teknologi ilmu computer at google,5
thank you for cooperation,5
kakehen iklan,1
tolong iklan youtubenya sering ganggu cok,1
jelas neg,1
ganggu,1
persewaa tenda dekor,5
paham,5
bagus manfaat cari lowong kerja sesuai minatkeahlian bakat mudah gampang digunakkan erti menggunakkan tools tools,5
kawan ilmu,5
moga,5
manfaat,5
sedia semangat,5
good for community profesional,4
bangun relasi asyik,5
bru bos,1
very guudddd,5
lumayan,3
bantu job seeker,5
bagus,3
cepat dapet kerjaanmantaabb,4
rekomendasi,5
ajar,2
,5
guna untk koneksi dgn temanrelasi manfaat sdg butuh loker,5
cok mala suruh ngisi kode ngisi manusia matane neg picekkk,1
yuks ok,5
i murah,5
tolong buka togel jam malam,3
asu,1
is the best,5
mantaabb,5
aplikasi manfaat banyak koneksi mudah cari kerja,5
,3
due,4
aneh transaksi dana yapdahal nyantumin neg,1
linkedln bantu jobsekers,5
cek,3
good job it must have new version,5
bagus tambah relasi selamat n maju,4
auto uninstal guna neg,1
bagus bagus referensi lowker banyak,4
upd,5
apansih daftar pake gambar,1
good my parnert and my job,5
verifikasi bisa neg,1
ajang pamer citra dapet kerja kagakharga hilang loker isinyaa gitu ngabisin kuota doang space memory,1
ok,4
elek pol polan rekomen neg blas,1
sebarang sungai,5
bantu cari kerja,5
mantap nian,5
,4
amazing good luck,5
susah updaterudettt,1
verifikasi masuk neg masuk,1
keren,3
bikin ribet gabung pake verivikasi gambar bekal kali gada masuk masuk kaya gin mah males org bangrut dr bikin ribet,1
takjub,5
niat cari kerja ehh suruh main puzzle bener pilih gagal mulu tolong admin,1
size,5
pernah neg make tau neg,1
,4
dolo,3
clean and clear,5
suka,5
,2
tebak gambar kali gabisa masuk,1
buka ig,5
mohon masuk linked menu alam industri bisa neg edit kunci ada solusi,1
awesome thank you,4
mohon kembali uang karna pakai neg fitur premium harga mahal juta rugi,1
anggur alam neg,3
linkedln is great place meet friends and partners from worldwides,5
liat hasil,2
good social media boost humanity needed,5
inspiring,5
gimana industri gabisa isi isi tetep jdnya kosong kosong gaada optional milih industri tolong bantu pesan solusi,1
sederhana,5
moga manfaat,5
gold,3
badabest,5
bagus bs nambah teman mudah cari informasi cari kerja cocok mampu,5
un instal gmna,1
,5
gimanaa daftar teka teki salah muluuu repott,2
industri panel mvlv sd industri telekomunikasi sd,5
terimakasih linkedln cari kerja,5
verifikasi mohon baik,1
bisa neg sign bodoh,1
lamar pakai bahasa inggris bayar bagus belah,1
goodan informations,5
sdg ganguan dr kmaren bsa neg download gagal nyampe macet situ maju neg,2
manfaat dunia kerja,5
bagus senang,5
mannnnnnnapppppp,5
,4
jelas neg salah verifikasi an step step gagal,1
rusak verivikasi gambar salah otp hasil masuk neg,1
bagus inovatif lingkung dunia kerja lali commercial harga premium sangaaaaat mahal,4
bagus,5
bisa neg masuk linkend,5
bagus untu k refrensi profile,5
unistal karna guna,1
sosial erti umat,5
vertifikasi bug,1
manfaat cari kerja tambah relasi wawas kerja,5
,5
kirim notifikasi tungguin masuk neg kirim telp bisa neg,1
bisa neg sign gblk,1
tambah wawas tingkat karir,5
imail terban susah,4
alam tambang sumatera selatan manufacture negeri china hongkong manufacture negeri jakarta bogor,5
,5
bodoh verifikasi bener salahin tolol,1
stasus org nongol bknnnya info loker mending hapus,1
p ler,1
gud,5
no hasil,2
assalamualaikum warahmatullahi wabarakatuh hai temen nama sahda rela cari kerja kerja,5
bagus informatif,5
ngelamar via alih web alamat email panggil masuk cek alamat kantor tsb tipu tolong biar percaya,1
moga bantu,4
update update banyak neg,3
maju,1
,5
bantu inspirarif,5
terkereennn,5
moga manfaat sukses,5
mantap bantu dunia iklan,5
beku ada neg warning akan neg perna main beku warning pemberitahuan main beku beku buat neg postingan aneh download klo mau neg kecewa,1
kermaks,5
ayo buru download linkedln go,5
tres luu,1
terimaksih linkedlntelah mudah cari kerjadan asah skill,5
belabelabela,1
good,4
instal ngk uplikasinya hp klu masuk ply store,2
keren,5
berterimakasih,1
bagus,5
kasi dulumoga manfaat,3
parah si verifikasi gagal pencet bener bgtu sampe gw emosianknp si nyashin,1
good,4
tingkat naik,5
apl ok,5
jtoxy,1
bantu cari rekan,5
linkedln manfaat,4
bagus,3
kena go lumayan,4
kereenn,5
bantu jaring,5
jelas neg verifikasi susah bener gambar normal salah gambar hadap salah aneh bener dah payah,1
verifikasi suruh tebak memej,1
gabung saja neg sahabat tp aneka kerja profesi manfaat dech,5
apasih bisa neg akses premium bayar mahal jt heran males langgan,1
terimakasih,5
bermamfaat,5
klo dah dpt kerja bener bru aq full bintang,4
tanks,5
gmn si verifikasi salah bener jwbn bener,1
okkk,4
moga cepat kabar tempat aamiin,5
not bad,3
very much experience with,5
good job,5
mantaapp,5
khusus orangorang pro bidang lulus smasmk rekomen neg pake,3
bobrk verifikasi kyk anak tk pernah neg lolos maen puzzle ampek ratus kali lolos neg sinting,1
verifikasi susah verif email nggak gambar gambar aneh tes sulit sbmptn,1
download bos,5
wiraswasta,5
alhamdulillah,5
,1
ard,3
bonti,5
coba,1
sulit toloi,1
bismillah,5
maklpoh,5
siip oke,5
daftar suruh cocokin gambar binatang mengahadap bikin info loker bikin game puzzel hh unin dah,1
daebak,5
guna golong populer nama guna,5
gooooood,4
kek babi daftar susah kali,1
sentuh gambar hadap jelas neg verifikasi nomor buruk,1
sales area executive,4
bagus banget aplikasi saran kaum muda banget semenjak liat postinganku langsung bikin personal branding,5
guna rasa manfaat swbatas baca baca informasi doang,1
mudah interaksi komonikasi info bisnisdan loker,5
arah mantap,5
verifikasi linkedln susah pilih kucing hadap atas,2
gambar akurat boss bikin bingung verifikasi gambar bikin bingung,1
oce,5
teliti nutrisi reknologi pakan,5
lowong kerja cool,1
great,4
,3
direktur utama pt pandu perdana borneo,5
okeee platform mantap,5
daftar teka teki salah,1
keep healthy,5
bagus,3
top,5
masuk neg langgar neg standart komunitas,1
amazing,5
its great happiness aji the great is very very great so far so good so what have a nice time sniper,5
bom masuk,4
bisa neg akses update tp ttp bisa neg akses hmm,3
gabung suruh pilih gambar kambing hadap au ahhh gelap cancel gabung,1
ferifikasi gambar robot neg susah betulmales pakai awalsudah ribet,1
,1
taok,3
great application,5
sangatpuas,5
awas tipu,2
ingi ajar usia terima ilmu sinitrims,5
good personality work and powerfullnes the application me,5
daftar batas bisa neg akses kecewa langgar neg,1
cek email gmn lupa email sya tolong adakan cek email bisa neg thank,4
tolong arah,5
x n tin,4
nn inon,5
bisa neg verifikasi x gagal,1
pingin bisnis lahan proferty industri,4
lowong saudi arabiariyadh cablesaku x saudi riyadh cablespengen lagiterima,5
aman cepat,5
mumtaz mahal,4
bantu cari informasi lowong kerja,5
,3
bnyak oknum tipu mohon tanggap dgn serius,5
kerja,5
amazing senang,4
bantu butuh kerja,5
biar bicara,5
job hunter,5
banget,5
minggu gabisa akses versi baru hapus cache gabisa,1
ze,4
heloo saudara selutuh dunia pakailsh application okay best agpbergabunglah srlalu memskai application okay,5
good and the best,5
,5
bantu,5
partisipasi,2
verifikasi bodoh,1
nambah ribet kaya neg ribet,1
top,5
bagus baget,5
wadah cari kerja baik alam semesta,5
hjkji,5
its good,5
why is it so difficult post multiple photos even i have updated the please fix it,2
first time,5
profesional karakter,5
hihi,5
paham y neg,4
bagus interaksi guna,5
operator forklift,5
couldnt enter into my account,1
kecewa laku neg tindak anggap langgar batas mohon pecah kecewa respon batas lambat ada neg respon rugi dapat neg,1
apknya ribet jelas neg enak pakai jobstreet mudah paham simpel,2
ada neg nyari kerja sekian ratus lamar bulan ada neg satu terang dokumen lampir baik,1
buruk kecewa,1
bikin verifikasi bener gblk,2
cari kerja kuli bangun di neg,3
bener bener profesional,5
,2
mohon developeradmin lowong kerja kedok hoax via adm mohon klarifikasi jobskeer lamar usaha inginkanterima,5
mudah,5
ok,5
gimana verfikasi salah mencet gambar hadap atas,1
bagus simple relevan cari kerja tele neg jobseeker,5
verifikasi rumit,1
cari kerja samping,2
jelas neg mesti verifikasi gambar jelas neg,1
mantapps,5
hape error yasaya buka via web komputer web hape error,2
bagus informasi,5
okkk,4
bagus tambah jaring,5
daftar ribet,1
,2
rekomendasi bagus bangun karir,5
very bad verification of going alone is so hard it doesnt make sense its always wrong fix the picture,1
top,5
praktis neg daftar suruh verifikasi aman kali hufff,1
pikir out of the box reality,5
gblk info loker tebak gambar susah verifikasi,1
wahh biasaa wajib download,5
susah kerja aj instal ginian uninstal,1
right brother,4
oke bofohin bisa neg masuk verifikasi,5
bisa neg tebak gambar otak eror,5
bai,5
tolong bisa neg akses website laptop playstorehandphone check internet okey diberpaharui buka silah coba kendala jaring,3
ust ikhsan,5
verifikasi doang bisaverifikasi mohon dperjelas dn keamananyatq,1
andai wajib neg alam kerja hubung mahasiswa pintar tq ur,2
oke,5
verifikasi sulit,1
helpful,5
bantu informasi lowong pkerjaan,4
mudah salah pilih bantu cari kerja,5
bantu proses cari kerja,5
bagus gabung hebat,5
e,5
ready,5
aamiin,5
plis bantu kerja,5
bantu jobseeker,5
as,5
mudah cepat dlm verikasi kode,5
bagusssssss,5
bantu komunikasi langsung kabar berita apa,5
guna,5
ajah,5
daftar susahtolong ganti verifikasi via no hpsend code otp,1
su asu asulo dongdot turun nyesel,1
mantul,5
the server really bad,2
semangat pagi optimis pesimis keluarga yte team indonesia bentuk trobosan tingkat finansial akurat padat percaya aman boyadi banyuwangi ambil trobosan tingkat finansial karena dampak covit luluh lantah ekonomi rakyat indonesia solusi program modal resiko hasil aman silah simak,5
mks,5
,4
go a head go success,4
goodmantapss,5
good,5
pandang belah mata kaya cantik smart panggil profesional bom kenal karya pandang emanng pilih usaha daftar linked kasi org lulus nyari kerja tp pernah neg lirik kecewa kecewwaaaa,1
bugs samsung s update tolong bantu,2
bikin kesel susah,1
mudah ketimbang web dukung bahasa indonesia,5
good opturnity,5
hallo team dev verifikasi rubah recaptcha langkah verifikasi paham manusia normal hatur nuhun,1
crane operator,5
,1
hubung orangorang hubung peluang mudah hubung orangorang halhal hidup profesional bangun kembang jaring profesional baca berita bisnis industri baru temu kerja impi profil hanya neg resume profesional capai karier bar,5
is the best,5
guna batu kalang usaha,5
hubung relasi info job,5
tau,1
maju sukses pln pondok kopi tema teman tanbahan kerja luar,3
very cool,5
bantu,2
simple,5
well done,5
bener neee,2
wellhead x mastree,5
agama rukun agama mental spiritual,2
moga segera aamiin,5
bagus media informasi,4
easy connecting relation so many networking good experiance,5
jaring bagus susah update jelas neg,1
ajar bisnis penggalama,1
daftar member terdadtarno id kirim,4
pikir positif cool,5
bagus kalk,5
mudah lowker baru,4
koneksi bisnis bagus,5
,5
mudah mudah iny bantu sya habis phk hiks hiks,5
bingung,1
jalan bisnis talk fusion enak perlu neg jual produkkerjanya rumah dapat dolar menit,4
jelasbaru neg kasi aman salah salah cari kerja nebak bikin manfaat lh gblk,1
ragu ragu bawa bank mandiri nunggu panggil takut tipu,2
there are many job that shown on there thanks for linkin made this,5
selamat siang development komplain kait nonaktif sebab neg verifikasi identitas mohon bantu proses buka tks,4
nice info,5
guna banget,5
bermanfaatttttt,5
mantap mak yus,4
,5
hasil kolaborasi facebook jobstreet moga depan fiturfitur dukung laksana sourcing proses rekrutmen karyawan,5
bantu bidang luas jejaring sosial negerithank you,4
paham,2
cacat verifikasi gambar dah salah dah nyoba pakek hp tetep salah baik verifikasi gambar,1
bisa neg,1
jelas neg aplikasi pas masuk pake gmail bisa neg verifikasi nyoba x nebak gambar salah pas make nomor coba langsung masuk pas suruh ngirim kode kirim masuk kode eh kayak gitu mesti ngirim ulang kode,2
lancar,4
himo ooloooolol oll,2
i hope make better,5
wwconm moktar,5
bagussangat bantu,5
rumit,1
manusia bikin gw puyeng mo muntah manusia gak neg masuk akal,1
kocak ngasih neg kode verif cocok,1
senang dgn linked tambah informasi sahabat,5
great connect with professional,5
down load mudah mudah,5
bantu,5
verivikasi gapernah bener,1
ribet daftar nyabaru nyari lowong kerja sulit ribet indonesia,1
mudah cari informasi bisnis kerja,5
bantu pencaker,5
untuk neg cari kerja aplikasi ilmu gantung bagaimna mnggunakan cari relasi,5
valuable,5
mantap bantu,3
kontraktor,5
good,2
susah,2
cari jamin god luck me,3
waras,5
bismillah moga izin allah antara cepat kerja amin,5
google jobs,5
oke mantap jiwa,5
kenal,5
good aplication,4
dasar gila verifikasi lucu bkin org emosi,1
ok baggus,4
dah uninstal periksa susah,1
sya panggil trimakasih tipu b panggil skali gagal hasil tanda real bantu cari kerja,1
blum dapet kerja,3
bantu saji pasar lowong kerja,4
spider domino,1
terimakasih kasihini bantu,5
buka web ngelink linked nyahadeh,1
ok,5
berhentimenutup paksa tekan tombol halaman posting sticky footer tingkat tika atas,3
tebak gambar bikin puyengdah gw manusia robot cari loker,2
moga bantu ajar tahu digital,5
bagus bantu,5
moga cepat kerja seauai skil sya linkedln,5
good looking for job,5
bantu,5
jalin kaca indah neg,5
realisasi tk panen tgl div hk div hk div hk div hk total hkrealisasi tk panen tgl div hk div hk div hk div hk total hk,4
suka banget applikasih moga moga maju,5
terang sulit masuk karna teka teki kodok,1
komonikasi info kerja,4
mantaps,5
tingkat,3
very nice,4
sep,5
pressurepro salam kenal,5
susah verifikasinyagak,1
,5
susah banget masak nebak katak loker permaiann katak aneh,1
cuman yanebak gambar salah,1
cek,3
bisa neg download apliksi ni,1
ngapain maen tebak tebak anj cari kerja maen neg game gw karna jelek,1
luas angkasa,5
lumayan bagus,5
coba,5
ux of latest version not too impressive on android if you on deep search and open a profile then tap x back you will back first result its annoying but overall i see some improvement on ui design,3
sekalj info loker,5
anjrsebenarnya zihgw kn apus gitu k pencet uinstal,5
okeeee,5
spesis offf,1
verifikasi nebak gambar pas step akhir salah coba kali step gagal rekomendasi neg aplikasi kecewa,1
this media add more infornations especially which are correlated with my science and experience background,5
verifikasi bikin emosi jelas neg,1
just like and more easy browse search job update,4
good the best application,5
dukung,5
butuh kerja operator exca,5
update,5
lowong tipu banget hati hati guysss,1
good for your businness,5
tolong pakai gmail nggak update uninstal turus instal nggak,2
moga manfaat tau butuh,5
cari berita lowong kerja,5
senang,5
susah panggil interview,3
jelas neg verifikasi masuk nebak gambar hewan mending kasih kode captcha nebak gambar,1
ok banget aplikasi,5
guru sekolah,5
bagi sedekah terima,5
easy looking for the joband sharing with each other,5
test,4
tahu neg,4
bank syariah,5
this is awesome,5
update,5
bagus,1
bagus,5
markotop,5
hidup dam penintan ham,5
payaaaaahhhh bisa neg dr,1
mangapa install instal,5
mudah ber interaksi penjuru kawan,5
moga manfaat hanya neg janji manis doang,5
koneksi informasi manfaat,5
bantu,4
baik rusa mesin,3
terimakasih coba,5
bantu info job kerja terimakasih linkedln,5
bisnis karir,5
klo blh tau ap guna alpikasi hasil uang tunai,3
manfaat mudah cari kerja,5
jelas neg verifikasi aneh banget najis,1
uploaded video bug proses uploading,1
oiooolo,1
guna neg,1
,4
guna tolong bina kawan,5
rahayu mudana inengah,5
hello im a user and have a problem when use it my internet connection stable but how could i cant see homepage even i cant search my friends profile or change my profile hope you fix this i knew it was hard cause im developer too,4
bantu informasi lapang kerja,3
mantap ne krn info x akurat,5
saran tempat cv tolong usa neg baharu outomatis hapus,1
keren bagus,5
mbantu dlm informasi,5
mandor proyek rumah tinggalsaluran air alam th bidang proyek rumah tinggal,5
bismillah moga kerja layak,5
dpt kerja kah,5
selau menjankan dua ada neg royalitas obsesi,5
ceopendiri usaha startup,5
dih login neg bbrpa gw lgsg kena suspend pdhl gw ada neg salah krna bikin bbrpa minggu dah males pake ribet,1
maantap,5
bagus,4
bagus bngeett,5
smoga cepat kerja sesuai alam kerja sysebagai groun stafporter trimakasih wassalam,5
good saran verifikasi mode suara mudah gambar,5
guna hanya neg jobseeker recruiter employee manfaat tambah wawas relasi,5
meet people,5
goodjob,3
jalan peluang,5
yup,5
pokoke apik sippp,5
kur tau,1
bagus kasi jooooozzzz,5
daftar susah banget susah,1
jhosss,5
nice,5
mitra logam,5
terima,5
bantu dukung,5
mantab bagis,5
semangat,5
fk tinjau lamar kerja bisa neg klik button tinjau guna neg sinyal mah emg rusak,1
erasyus,4
tv na sional,1
bisa neg update,1
masuk verifikasi sulit,1
linkedn,5
asenliu,5
ok moga dapet kerja,5
manfaat cari kerja,5
bantu cari hubung,4
f,4
torurism bromo destination,5
keren,5
guna aktif alhamdulillah puas,5
logistik,5
aplikasi uninstal lg gara gambar badak hadap k susah msuk,1
good apshelping professional connect,5
this is good but please fix bugs its really annoying after update why i cant open and always try again even i have good signal,3
qhse,5
bantu hadir mudah mengupgrade membranding usaha,5
terkadang buka terkadang bisa neg aneh seperti neg lancar lancar tangan kendala thanks,1
bantu cari kerja,5
bagi alam motivasi yukk kendor semangat kaya dermawan sukses takluk dunia,5
mantap bosque,5
bantu mendapatakan kandidat sesuai qualifikasi premium neg biaya langgan premium recruiiter,5
cari kerja,5
thanks good,5
toolpusher,5
luas jaring bisnis relasi moga depan langgan bayar mudah jangkau target luassalam sukses tim linkedln,5
mudah,5
mantap,5
bagus pis,5
kali daftar tp ituin gambar kali salah,1
hubung usaha kerja profesional,4
god info,4
potensial individu luas network ilmu,5
amin,5
mekanik n security butuh kerja kembang tanam herbal jahe merah,4
mohon bantu,5
non aktif bisa neg,1
mejadikan inspiratif peluang nyata,5
gooddd,4
dandut,5
bajngan bikin verivikasi human ribet banget suruh milih gambar hewan ngadep atas pilih ngadep atas salah coba puluh kali salah bikin recaptcha bener,1
,3
oks,5
jelas neg foto profil edit logo eh tau hapus alas langgar hak cipta,1
gbs posting,5
,5
daftar usaha menyakinkaneh tahu pesan wa panggil ujung yayasan bilang yayasan neg duit,3
apps bagus,5
syukron,5
terimakasih bermamfaat,5
habis update error bisa neg buka mohon baik,1
manfaat,5
goood,5
moga bantu cari kerja,5
manfaat,5
bantu informasi kerja,5
linkdeln bantu kembang bisnis makan online,5
jelek pas buka layar putih,1
mantap penuh info akurat,4
sistem kerja tarik berani jalin relasi jaring online google keep improving yourself,4
ad,2
exited,5
berak kerja bayar bulan gila saraff,1
very good,4
oke,4
ok,5
good aply,4
terimakasihbanyak manfaat,5
meet people around the world with the many type of job the got just good,5
ttor,1
ok banget,5
helpfully for job seekers,5
ytunnel,5
luas jaring looker lebih bagus,5
bagus,5
bagus,4
maaf,4
manfaat hebat dalam,5
dl qu,3
manfaat,5
mohon maaf langgan linklendl batalkankarena usaha jalan neg macet mohon maaf terima informasi sugi,5
vangke verifikasi gambar gua masuk neg akses gw verifikasi bener,1
tolong kembali bisa neg akses tolong tolong proses kembali normal,3
bagus,5
error bisa neg status,1
applikasih bermamfaat trima,5
bantu cari relasi,5
beneran linkedln asli kah bisa neg masuk takut data disalahgunakan kirim ktp,1
baik cari kerja berbagiinformasi kerja,5
bagus,5
ee e eee e ee e e r e ddre e reee ee e e e r er dddeddr dd r rr r de f umah dvrrrr r divre drrr f qqqqqq qrfr de f qr qt,4
tebak gambar susah jelas neg jelek,1
ada neg kendala daftar,5
very helpful aplication,5
aplikasi bagus bug bs neg gambar anti profile banner profil bisa neg warna putih restart website mobile jg ttp bisa neg mohon baik terimakasih,4
bisa neg trlalu rumit,5
alam bisa neg ungkap,5
bantu cari lowong kerja betulbetul sesuai umum lowong,4
maaf tgl reset nama ulang paksa uninstall pasang ganggu server baik,4
suka mohon maaf,3
top thank you,5
bintangsoalnya upadate,4
jajal,5
gimana proses verifikasi ada neg kirim kode verifikasi via sms kali nyoba ada neg kode sms,3
jodsssd,5
wowww keren,4
nice project,5
hahahahaha bagus gaes,5
lua,5
bego gunaa neg profil dasboard dah baru dg usah tpi search browser muncul mas kerja laman browser,1
when dark mode,3
istimewa,5
next,5
tau neg guna,1
thx,5
boros memori,1
mantap,3
moga jalan rejeki berkah allah,5
iya oke,4
semangkin n cemerlang satu msypendidikan,5
terima,5
fery good info,3
terimakasi membanti,3
daftar kecoh pilih gambar normal posisi jg selesai informasi guna,1
professional networking tempat,5
mantapsmoga,5
verifikasi gmna si pusing,1
bikin emosi doang,1
lumayan bagus susun cv fitur alhamdulillah kerja wartawan keep the good job guys,5
so useful,5
sengaja neg rubah premium mahal bangetdan batal susahhh banget,1
moga manfaat,5
baik malikat sayap neg,5
bantu,4
pusing pala sayaa,1
good for networking,5
mantulll,5
verifikasi gimana si ko ribet yapengen masuk bikin ribetttt,1
hubunganantrapembisnis,5
oke trims goodjob brother,5
bantu kerja applikasi,5
batu good,5
bsik,4
apl bagussssterpercaya loker,2
proses sulit lupa password password nonaktif akun payah linkedln,1
,1
info fast respon and feedback,5
uyeee,4
bismillah ikhtiar semangat,5
good apps,5
recomended kerja usaha negeri,5
bsgus,4
mudah info loker,5
bagus upload lainlain susah spam,1
siiplah,1
mntapzzz,5
cari kerja koneksi kerja bagus mudah efektif,5
update gabisa posting mohon baik,1
verifikasi lucu gambar kodok dg posisi jawab tekateki benarbenar manusia serasa kuliah filsafatapa manusia manusia,1
susah bikin sulit,1
help me be there please,5
great apps with knowledge sharing and networking for us,5
tolong selektif rekomendasi kerja iklan joble selektif pilih kerja tanggung pribadi jobseekerpemula percaya asli loker laku neg pengechekan latar usaha tipu tolong jaga percaya lamar,2
never stoped on always that is my writing when the knoledgement about it minus little misunderstanding has make anything not interesting,3
depan,4
,2
maaf verikasinya jgn gambar kodok geli liat susah milih gambar,3
bagus,4
gudlah,5
bagus unutuk cari kerja,5
good info,5
bagus,5
aplikasi ksuka,5
bangun,3
best,4
buah hasil,5
informatif,4
good i like that,5
bsgus,5
mantab,5
positif kerja an sesuai neg,5
mudah sya cari kerja,4
yuhuu,5
mutu neg nebak gambar jelas neg wkwk payah,1
,5
best is the best,5
bisa neg masuk yak pake google,1
ksi gntng klo bru nmbh,3
tau neg,1
kayak mantap,5
bantu,5
good job,5
go,2
inspirasi,5
nie bantu cari kerja skrg cari kerja susah,5
rangin bintang puas,1
makasih keribetan bikin,1
verifikasi gambar kayak gitu penting neg buang ganti gambargambar mudah,1
membatntu mu jenjang karir,5
good and smart,5
baik,5
siip,5
bantu cari info lowongab kerja koneksi global,5
dahsyat bagus,5
ok,3
normal,3
ok,5
bagus manfaat,4
informasi manfaat trimakasih,5
leasing land lease margot margonda neg ttg margonda raya putri amelia gandeng ardon sekian,5
tolong info data dishare google google hapus bisa neg payah,5
moga download kerja aamiin,5
ok bantu tambah wawas,4
kerenn,4
ponijo mumet,5
internal,4
lumayan,3
good ketemu teman is ok gaes klau bnyak hadiah hehehehe,5
tuhan daftar gimana mbakmas pusing tolong bikin emosi suruh pilih gambar kodok hadap uda puluh kali bisa neg masuk pake no gagak mulu pake suara uda gagal tolong daftar susah pusing emosi tekan kodok tadik gagal mulu ok ok relax sabar sabar sabar sabar sayang tuhan,1
cari batas,1
asik keren,5
asli bagus,5
cocok,5
,4
muas,3
portal kerja tampil yg neg terbaruu,3
komunitas profesi bidang profesionalitas kerja optimal no bayar,5
oke banget sukses,5
usaha lamar hasil nihil,2
good job thanks,5
nonggol neg dpt panggil kilk email,5
,5
mulu,1
moga kali nyoba,3
cant this,1
bagus cari kerja jalin network,5
so good,5
tolong,3
manfaat sabar tunggu rezeki usaha cari kerja satu usaha rekrut,5
yuhu,5
excellent,5
rizal,4
a pioneer expand professional networking and the biggest professional culture,5
obat alat vital pria wanita bandar lampung,1
aplikasi bagus professional saking profesional ysampai bisa neg mudah jelas kerja pas lamar nyata pake b inggris aduh susah paham,1
belief the just world,5
ok all,5
thn team marketing,5
this verry good apps,5
mantap,5
komenya ko pke leugewage english,3
,3
tolong kunci privasi hubung,5
special tax,5
bantu cari info kerja,5
tahap coba,3
bagus,5
media sosial buruh wiraswasta terima,4
banyak neg loker,3
cba okey pa x,4
suka kadang error,4
tolong cari kerja lokasi batam keluar singapura,5
,5
aplikasi gmn susah suruh milih gambar ad neg habis,1
keep it up,5
macet melulu,5
weel play,5
halo arifin rais,5
bagus jalin relasi hubung dunia kerja dunia nyata,5
manfaat cari kerja,5
aktif beraktifitas,5
up date new informance,5
okkkk,4
q kasi no,5
good for search job,5
aplikasi bagus sanganf bantu info loker,5
hapus,5
cool,5
mantab,5
good sharing information for telecomunication,5
sipppppp,5
susah masuk verivikasi kya tau pusing ngasin kouta ajh,1
program sesuai masak tinggal nunggu kode verifikasi dah puluh kali daftar kalian neg kirim,1
mantaap,5
terima inpo manfaat,4
koki,5
gembel,1
bintang dulubelum,3
mantappp,5
mudah hubung profesional,5
mudah erti,3
good,5
bermangaat,5
edward z,1
bantu cari kerja keren,5
saldo potong id persetujuanjngn neg instal,1
qc ei inspector compex atex,5
mengatsi masalahh neg,5
sgt mmuaskan mnjlnkan pkrjaan skrg krna mnmukan pkrjaan trmksih linked,5
teman luas informasi kerja thanks linked,4
hapus nggak paham maaf hehe,5
excellent application,5
bantu,5
bagus branding personal,5
woworuntu,5
bagus banget aplikasi,5
tim hrd,5
bantu cari teman,5
experts,5
gabung susah,1
o ook mcinta han putoh kawen han jadeh bajei jih lon bloe dumpue lon watei meu cinta geu tanyoe tatem khianat keu lon hai dinda laen kamita katung keu lakoe pakon uroe jeh keu lon ta cinta sipeu noh jiwa gata keu lon nyoe mu pakon jinoe meu nyoe lon tabalah tuba tabri keu lon nyoe hanco hate lon agei ter timpa bit hana bak gata adoe tatem meu kawen laen dinda pilih bapa tatung keu lakoe rugoe meu janji meu rumoh tangga,4
l,4
bisa neg verifikasi,1
bantu pencaker,5
ekselen,5
tingkatkn,3
good aplication for linking of jobs and public relations,5
perepisional,5
terimakasih,5
sayang suka,5
bugs kli,5
uptodate,5
open new path,5
,5
mantap,5
asik,5
moga human manusia selamat world dunia akhirat aamiin insya allah protector waterman superman spiderman hyperion,5
nice i like it,4
susah kerja,1
bagus banget bro,4
cari wawas,5
frepect and good,5
instal cobaa apknya terima,3
erti,1
manfaat tunjang karier,5
bagus info,4
i hope gws,4
bisnis ku,5
terima,1
manfaat,5
nice jobs,5
great,5
manfaat,5
novita l es ztari,5
not good,2
sangant bantu jobseeker cari informasi sayang terkadang koneksi internet sendat koneksi internet bagus saran baik koneksi sendat baik lg terimakasih,5
gimana verifikasi susah banget,1
bangun luas jaring,5
,2
more than enough,5
help,4
manfaat bagi lowker juang hidup keluarga,5
thank you linkedln,5
bags,5
terimakasih tim manfaat guna individu usaha jenis,5
verivikasi susah ampun malas,1
oke oke oke,5
panggil sehat neg atas nama usaha apliasi,1
daftar gabisa ngapain bikin,1
hybrid cari kerja online portfolio profil pro,5
q,2
nice,5
terimakasih kembang sarana hubung cari beri kerja god bless you,5
so need for help,5
moga manfaat,4
nice apps,4
mantap ngebosenin neg,5
excellence the world,4
great platform for professional comunity,5
very very good aplication,5
very good sosmed,5
memperifikasi ribet gambar hadap atas klik bener salah ulang kali salah ribet si nyetbkin kesel,1
awesome,5
terima moga berkah sukses,5
bantu,5
this is very helpfull,5
rendah hati,5
banyak korban wa usaha aneh aneh di neg cek usaha pakai siup donk,1
bantu curiga benar usaha moga,3
kerja upaya baik apa amanah pada,5
aplikasix sngat bagus mebantu dpat informasi kerja,5
tau,5
salah safety officer pt tunas jaya perkasa,5
goollllll,5
cair,5
ngak verifikasi,1
banget,3
manfaat,5
platform bantu staf ahli cari kerja informasi keahlianya cari tenaga kerja ahli butuh,5
ampas periksa cepat bikin ribet anjengg,1
bantu hantar apa sukses,5
guna,5
,5
bagus,1
good job,5
bagus gan,5
sampoernah,5
map himpun usaha masyarakat tani indonesia wadah himpun potensi usaha pertanianternak perikananpotensi laut teliti perhati usaha bidang pertanianternakperikanan potensi laut hulu hilir satu tekat sikap gerak maju sejahtera cerdas masyarakat tani laku agribisnis,5
good,5
standar,5
sulit baru makan ruang simpan,3
b,3
apknya bagus maslahnya banyk bug masuk maslahnya bisa neg nasuk mas jaring uda jgn download mending pindah jobstreed ada neg kedala,1
bodoh verifikasi mu jelasgambar neg ngawur bisa neg,1
ribet pake gambar arah arah,1
nonaktif,1
suka banget aplikasi bantu,5
promosi loker tolong usaha usaha banyak neg korban panggil buka loker pihak neg usaha kait jasa calo salur uang mengatasnamakan seragam adm dapet kerja kagak tolong perhati selektif banyak neg korban tipu,1
rusak fega andriana fega fanfiction handra suka,1
,3
kerja,4
akses bbrp dg jabat professionalism,5
lamar kerja tombol tinjau hias click no response very bad for the biggest sosmed jobseeker,1
good social media for professional peoples,5
woo bantu teman dunia tambah wawas penuh dunia dunia sejarafilmmusic lagu didik,5
good luck ok,5
bantu hubung,4
isi keman bisa neg masuk halaman,3
lestari budaya kerja cinta kerja emban,5
situs khusus cari kerja cari kerja komunikasi interaksi langsung bagus,5
bagus n keren,5
bangga kecimpung dunia bisnis media terima dukung moga baik depan,5
bantu dunia kerja,5
mantap apknya,5
bisa neg buka,1
ok thanks,5
bisa neg upload foto update mohon jelas,4
good apl,4
,5
,5
linkeidn lah neg saing nambah neg bagus puruk kualitasnyaribet,2
linkedln membantusemoga maju sukses,5
teknik tambang,5
jaring luasvery much,5
masuk tp blum dpt kerja dr an,3
mmbntu info,5
muharamin,5
nyaman pakai,2
qa,1
like this,5
smangat,5
nonaktif alas neg sial,1
satucinta,5
sulit guna,1
takut hadap berat lakilaki pantang mundur jiwa sejati hrus kuat,3
bisa neg ngirim cv,1
verifikasi masuk,1
is really useful for making new contacts and connecting with people i know but my account is banned for long time with no solution thanks,5
masalh signal full dpet neg informasi skali,2
suka info putar skill alam isi cv urut rapi hubung industri usaha mati,5
mantap sukses selaleu,5
so slowly,3
bapuk verifikasi bikin susah,1
ak kirim pap km biar km prcaya ak manusia,1
juancok buagus,5
very good hope we meet good works and relation here the best of the best,5
periksa aman masuk jelas neg mau ap terimakasih,1
chat ajh kudu bayar parah,1
bagus,5
apkh cari job,4
becanda kah verifikasi pake nebak hewan hadap atas pake hewan pilih kek pilih sampe,1
very powerful and useful,5
nggatheli cok,1
info lowonganya tipu,1
kali upgrade,1
karyawan cari kerja,5
baik verifikasi guna masuk sulit gambar terang jelas neg,1
haloooo pegawai yth main blokir enak ada neg info hapus data butuh neg ada neg salah apaapa tibatiba non aktif ada neg informasi mana letak profesionalisme pernah neg memposting postingan isi konten hoaks tipu jenis,1
interestingwe can hear so many exsplane n how n why from very succesful man and woman on the worldvery exitead,5
bagus mohon mudah settingannya lamar kerja,4
bantu tambah ilmu dalam hebat inspirasi terap terimakasih,5
moga bantu,4
tolong dri linked klo basmi qnet nipu post loker harap ketat serta surat resmi prusahaan,1
guna tambah wawas bantu cipta lapang kerja butuh,5
nya neg bantu cari kerja mepersulit org dgn verifikasi jelas neg penting neg kali puluh kali salah mulu gambar kodok taw ngadep kiri kanan suka dah sebal maaf uninstall jelek guna neg,1
bad,2
good program,5
pakai,4
many benefits looking for job seeker tried it,5
coba,1
verifikasi daftar guna sulit ulang kali tetep salah maaf makasih,1
,5
tolong gimna sii mksdnya si kodok susah,1
si bikin dibikinn ribet verifikasi taai,1
bagus penuh degan,5
job portal bantu guna,5
gatau makenyatp kaya bagus,4
email,3
maintenance,5
dah,5
medsos kelas banget,5
ntap,5
good,4
oke,4
jelas neg msuknya susah guna neg,1
tibatiba nonaktif akun tugas kuliah mohon bantu aktif mohon tangan terimakasih,3
proses blokir dapat neg kesal,2
why is it slow when running the application is too slow and a problem occurs i have been upgrading every time but the problem persists i cant use it even view the homepage or notifications,1
membatudan manfaat,5
terima bantu,5
bawa go internasional go world wide,3
field asistant,4
motivasi ambil pengalamanyg bagi suka duka korban kesuksesanbisa jadi semangat,5
the best of application for job seeker many utility of skill and utility of experiences for your improvement career,5
gimna verifikasi,4
bagus bangun networking,5
llllloppopoo,3
bagus,1
pc gt soal neg klo onlinedi pc hrus verivication gt susah,4
salesman,3
boga group bakerzin hurricanes grill pancake co by dore,5
aplikasi bagus mantap,5
moga hasil cari loker,5
pa rudy gbr blk mesanine dimensi unp eddy susanto,5
good job,5
tlong donk byk info loker hoax skip,2
masuk susah,1
koneksi,3
iklan proses daftar rumit mesti bayar,1
bagus info kerja aktivitas kerja relevan teman,5
verifikasi,1
fiktur,5
cool,3
info loker,3
purno,5
alhamdulillah kenal usaha,4
dapat neg percaya sepenuh usaha tipu hati hati lamar kerja,1
what the hell is thisthis doesnt suit medont download ityoull regret it later,1
bagus muas jelek copot,4
bantu cari relasi kerja,5
yasemoga sesuai harap sayathank you,4
ok thanks,5
kerja,4
jelas neg tentu neg hasil,1
pandu wisata karaton sumenep th,4
cari kerja freshgraduate experience rekruiter manfaat positif gantung olah terimakasih,5
semangat ajar,5
selaluh setia selaluh sehat walafiat aktifitas hari,5
berbagay plat stainless lai cover cladding intalasi eskalator tks,5
jaabvwa rtaag a p qqi fff gt neg ttvtjj,5
terima baru kala baik bug tingkat performa fitur bantu hubung jaring profesional bina karier,5
,1
susah kerja,3
moga kerja mudah,5
zaman now bagus,5
apaaan si niat neg biar download doang astaghfirullah jahat,1
verivikasinya drai gambar kodok banteng ada neg bener pilih sesuai,1
instal ntar nyeselll jelek sulit verifikasi suruh pilih gambar badak hadap atas salah mulu bener nyesel habisin kuota doang,1
great for people get connected industry area but unfortunately sometimes its hard solve the verification methodetried select the same picture can you give more easier method i hope you will hear this,3
paham,1
jelek banget pas verifikasi masuk neg akal kali kali salah,1
amira tent usaha gerak bidang jasa sewa tenda lengkap alat pesta usaha orang ada event wedding nikah launching grand opening resmi pabrik bazar ulang jenis tenda tenda roder tenda roder dekorasi tenda roder dekorasi vip tenda roder transparan tenda dekorasi nikah tenda bazar tenda event tenda kantor marketing service tenda gudang amira tent,5
bantu ingormasi lowong kerja,5
user friendly manfaat karir bisnis layan profesional sulit verifikasi dsb seleksi alam gausah pake dtg langsung pos satpam bawa map,5
sentuh gambar hadap atastpi ups tepathddhhhh apaanngk,1
jaring universalmembermember mancanegarabanyak,5
bantu,5
jelek bgtt verifikasi aneh,1
susah cocokin gambar,1
sentuh gambar adap atas pala kau cape plis usah neg instal loginnya sulit mending instal joobstreet loker,1
kali nonaktif payah ad neg niat buat jahat iseng,1
w z,5
recruitment abal abal bodong,1
i have good experience for installing this application its help me reach more job than before thanks,5
scam,1
tensi aj ni dah tau lgsung pake email tp ending ny email lg msuk,1
good info update if you need for the job,5
perbaikin verifikasi bnr,1
obb,5
bnget jjjj,5
daftar susah aneh verifikasi suruh pilih gambar hadap klik salah sampe kiamat,1
bisa neg buka buruk,1
,5
pas isi kode recaptcha bisa neg x aman sistem bisa neg acc,1
sorry susah banget suruh cari gambar hadap coba kali ttp salah,1
bisa neg baka email beda tetep bisa neg uninstall terimakasih,1
apaaa sihhh verifikasi susah suruh pilih gambar hadap tetep salah gatau dahhh kecewa,1
,5
lana tinggal,3
yahsmoga dgn sgala perlu lancar,5
way,5
terimakasih batu,5
guna neg,1
bisa neg donlot,1
bangke,1
lambat,3
banget,5
layan muas suka,5
poor,4
maaf nonaktif alas neg pulih tetep bisa neg,1
job description good,5
musimaplikasimusiklgukenangan,1
diupgrade neg bisa neg buka aplikasi,1
i cant my account,1
batu sosial,5
,5
akurat,5
lucu bikin darah,1
,1
ok banget,5
baik,5
bantu,5
ikut kuis ada neg versi bahasa indonesia bisa neg,2
moga bermanpaat,5
uninstallnya gimana,3
jelas neg enak jelas neg verifikasi pakai gambar jelas neg memgarah jagan instal maaf,1
kasih biar dinotice konfirmasi gambar mbe hadap atas sulit unik emang bikin emosi org gatau,5
maaf verifikasi konyol suruh cari kudanil lihat sampe tanggan gempor hasil neg hasil,1
,2
update berat buka bugentah kuota penuh internet daerah lumayan bagus tolong kembang baik,2
biar produk dulumodal tr s join fi,5
temu profesional bidang,5
info lokernya akurat,5
gatau buka henti muat ulang hmmmm,2
gimana gabisa karna sistem aman pilih gambar eror puluh kali salah gabisa masuk tolong benah,3
guna neg download bro nyesel download,1
god luck,5
amazing for legal network,5
,5
bagusssss bangetttt,5
oke mantap,5
bantu,5
moga manfaat,5
laptop pake verifikasi gambar kodok kagak hp seribet neg guna neg jelas neg ribet hasil verifikasi laptop bisa neg emosi,1
dbikin ribet bisa neg jls neg,1
gimana mengembankaa usaha maksimal,5
dana prakerja,1
bagus cari kerja,5
mudah cari kerja bnyak koneksi,5
haha suruh cari mnhdap smpe biar nungguing gilir biar mnghadap ttp salah heemmm beres neg jelas neg,1
o k,5
the is really wasting my samsung phones device storage thats why i gave a one star rating,1
goooddd,5
bantu,5
layan sinyal kadang hilang daerah parung,4
kurir,5
solusi motivasi sip daaaaah,5
ngelamar gitu pas regist gagal dasar anak dajjal,1
gajelasssss masuk susah bnr,1
paham neg guna apl tolong jelasin,2
jo zz,5
coba,5
syukur masuk media sosial,5
teka teki nyiksa sumpah,1
manfaat sempat sempit serah urus maha kuasa tuhan yme mudah mudah mudah,5
verifikasi susah pilih pakek hp laptop tolong baik kyk gni ngk biaa akun salah dri tekateki gambar suara,1
susah verifikasi iq jungkok,5
daftar susah pilih gambar bilang salah,1
yoss auto uninstall dev ngabantu sulit masuk suruh verfikasi sulit jelas neg banget,1
cocok,2
sangad,5
,1
ok,3
i cant sign so annoyed,3
yeah,4
bagus mudah cari kerja temu circle,5
hubung kerja simpel praktis,5
daftar sulit gimana makenya,1
,4
tambah relasi,5
bismillahirrahmanirrahim assalamualaikum warahmatullahi wabarakatuh,5
download bisa neg payah,1
bisa neg daftar verifikasi kali kali tetep bisa neg,1
semang putus asa,2
membantubagi,5
tolong tambah mode gelap please add dark mode,5
divisi uang admin,3
bisa neg guna neg terimkasih,1
bagus untk sahabat benua,5
setia layan,5
prakerja,5
,5
membanti,5
susah verifikasi gambar kodok pilih salah,1
xzaz,3
,5
muas,5
bantu cari kerja curhat kerjan doang banyak share alam doank,1
execelent,4
suka padasoso diya tida poka,5
banding job seeker,5
ada neg ok,2
suka eror buka mau neg responsangat neg kecewa si,1
jelek salah mending web,1
its good for connecting people the world,5
dapat,3
jumpa teman hebat,5
keren mantap,5
lumayan lancar update,3
driver and bangun proverty,5
bisa neg cek ulas bisa neg mau neg bantu hapus,1
kuaaaatrrroooieeekk update,5
jrlek,1
susah siiih bolak gagal heran,1
bikin paket gua abiszz,1
maaf kasi bisa neg share video youtube eror paksa uninstall,1
bagus,2
verifikasi pakai teka teki cari kerja susah makin susah hadeh,1
maaf kecewa bangat dgn apknya suruh pilih gambar hadap verifikasi susah bangat pilih puluh kali gagal kecewa bangat dowloadnya,1
verifikasi susah banget pusing,1
linkedln bantu berusahatank you linkedln,5
kemarin bobol ku linkedlnuntung privatskrng lihat pakai akun disinimangkanya download linkedlntolong jk nama bobol pakai ku inisaya tanggung neg jawabkarena guna neg linkedlnskrng dowload maka,5
goog,5
niat neg download daftar verifikasi jelas neg salah bisa neg tolong,1
info kenal job,5
bantu wawas,5
update mulu,1
nagih gaji rate wkwk,1
bantu akses dunia bagi alam cari kembang giat usaha,4
syrat susah,1
semangattttttt,5
ksh dl dpt krj,3
lihat,1
c k,4
mantap,5
oke banget informasi,5
keren,4
tolol susah kali daftar ribet verifikasi muter jelas neg,1
didik patut apresiasi,5
sumpah kali masuk susah banget hahaha fix uninstal,1
verifikasi ribet suara hasil alih tebak gambar cepat salah kali kali salah uninstall ribet,1
sulit periksa keman,1
bantu terimakasih linkedln,5
up,5
broken verifikasi trus suruh verifikasi kali kali broken,1
asu susah nian bangsat,1
susah daftar masukin no hp suruh ngulang pas dimasukin bisa neg coba akun ada neg,3
exlusive good,5
good pokok,5
mudah,5
bagusmantap,5
jalan,5
manfaat,5
hei dev klo bnr tolol gmpang email gmail dripada dsruh pecah tekateki situ tolol n brengsek download cari kerja untuk neg main teka teki mutu neg boss,1
nice apps get good opportunity,4
media sosial bagus bangun jaring profesionalitas kerja,5
mantab,4
ok,4
opsional,5
informasi begabung linkedia terimakasih,4
kualitas tingkat,5
dota,1
tlg masuk perangkat gagal dlm aktif,1
rumah tangga tanggung jawab waregza dela hoya sidabutar lari tanggung bayar garuk piring div sinar mas kandista asslap ptsampoernaagro tbk kebun sumber sawit oki palembang janji bayar hasil kerja asisten ingkar janji rp tunggu niat baik malu almamater malu tanggung jawab asisten,5
nice job,5
halo kecewa nonaktif lalu neg larang coba verifikasi tolak ikut rules tolong kembali,1
cari kerja gambar hadap atas,1
krend,5
bagus,4
the good job,5
verif susah mumet cari kerja mumet verif jga clue bener bgtu sulit banget,1
gabisa uninstall,1
super,3
mudah transaksi,5
kali sa mo masuk up date truss yha,3
usaha pialang kasih linkedln lapor ditindaklanjuti neg kalah platform belah,1
good know and implement as a partner of my career,5
bagus tambah bisnis,5
bantu lowong kerja,4
bagus bnnngggeeettt,5
too,3
mayan,5
bantu,4
,2
bisa neg diuninstall,1
testimoni,5
luas wawas buka lebar,5
guna profesional,5
komunikatif n peduli,4
,5
guten,4
keren,4
lumayan,1
bukti kerja,1
nice for looking jobs,5
bagus,5
android koneksi,4
bagus,5
bisa neg daftar terosssssssssssss gagal gitu,1
keren,5
tolong bisa neg bikin bisa neg,1
great apps and super useful,5
,5
ngak tau,1
gabisa masukin nomer eh puter,1
support lifestyle,5
suka aplikaai,5
v good,5
woah,5
aplikasi neg cari kerja curhat kerja,1
penasaran,5
lupa sandi ribet verifikasinyaaaa,2
bantu tambah relatiin,5
susah daftar verifikasi kodok zuma gagal gambar hadap atas ada neg pilih kodok zuma atas susah cari kerja plissss,1
profesional kembang on the of the best thanks,4
bantu ad lowong ngasih tauterima linkedln,5
ribet hrus verik gambar salah mulu mutu neg,1
rekomendasi jalin hubung kerja profesional,5
semog,3
simpel bijaksana efisien efektif,5
ninggalin aktif,3
bikin gabisa gabisa gtu,1
daftar susah periksa robot neg salah daftar tetep ajh salah,2
bismillahirrahmanirrahim assalamualaikum warahmatullahi wabarakatuh,5
sungguh,5
baik inovatif,5
info lowong kerja akurat jobs seeker,5
radio,5
linkedl very good,5
bisa neg buka pesan bnyk kirim pesan sayajadi tau neg informasi teman teman,1
bagus ringan isi mantap,5
manfaat mudah ajar,5
jelek bngett,1
good for the information,5
great channel connect with industry professional,5
hidup buat,4
suka,5
update bro,2
pas update parah bisa neg scroll bawa mohon baik,3
,5
informatif,5
step by,5
jalin relasi,3
like it,5
good work with,5
ra paham,2
bagus mohon tingkat fiturfitur tarik,5
,5
rekomendasi,5
mantap,5
maaf tarik neg,1
colll,5
versi dark mode,3
ringan,5
coba,1
not nice low respon when i try cancel for pay take money very bad,1
,5
bagus banget bantu,5
paham masu alvikasi,5
success linkedlngood job,5
good,5
amat loker abal palsu muncul sistim it verivikasi neg komplit an absah an pt cv pilih domisili a nongol daerah lucu banget it newbie,1
bisa neg,2
bantu segalahal menmbah ilmupengetahun kreatifitas,5
,3
admin nonaktif pdahal ngapain neg cman apply kerja tolong bantu,1
,5
ok jos,5
ok l,1
yeoa,5
manfaat,5
verifikasi jelas neg tahap verifikasi salah,2
mncoba,2
hubung jaring profesional senang tambah ilmu lingkung jaring positif,5
sangay bantu jobseekers cari kerja,5
juossstenanpokoke bnyk info tarik plus sngt pnting putar loker,5
masuk payah kali kam payah,1
asswrwb mintak saran bisa neg email account facebook,5
aplikasi bagus banget,5
lumayan,3
its very good,5
im happy have this thank you for the attention and your kind,5
harap bantu,5
fositip tingking,5
mudah cepat,5
bantu hubung kolega kolega sahabat sahabat,5
bagus cepet lot neg kyk bank cib,5
tebak tekateki percaya benarbenar manusia what can i ask again is the person who makesowns this really human unanswered question,1
nyari kerja lulus s,5
terima aplikasi keren silaturahmi cari rekan bisnis,5
bagus,4
fuk with security check i always mistake,1
good i like it,5
bantu cari kerjaterima,5
tingkat,5
its looking good help us find jobs make networking and coordinated with industri where we want work,4
terimakasih platform sharing portfolio profesional thanks,5
ndak,1
siiiippo,5
mantap keren,5
bnyak relasi bagus,5
tolong info masukin berkas lamar gmna ko bisa neg mohon info,5
uup,5
ox makadih,3
alam dapat linkedln,5
ne bagus bgi,5
lumayan mantep sich,3
alam,4
gimana nonaktif mulia admin,1
mati,1
tolong logintulisannya nonaktif trus tulis pakai kannn gimannaaaa takut pakai tanggung neg,1
bantu,5
terima,3
keren banget koneksi usaha,5
dapet kerja platform nggak pecah telor pecah telor wkwkwkwk,5
best profesional medsos,5
profesional neg nonaktif pemberitahuan neg data real akurat pernah neg melangar,1
p p,5
ragamdan manfaat apl ilmu alam expert bidang tambah percaya sukses maju sia sia waktu u jelas neg gabung buat senyum bahagia ayobergabung,5
inih mechanical engineriing specialistd kembang imtaq iptek dpt bangku sekolah tk lulus kuliah,5
keren bantu cari info lowong kerja hubung langsung profesional sukses,5
senang manfaat,5
baik,5
,3
m coba,2
kali bikin kali nonaktif pernah neg apps neg out the best,1
cakep,3
maksud bayar,3
c mv,1
bagus kembang poto kampung inggris tempirai pali linkedln terimakasih linkedln,5
aplikasihnya bagus gaees,5
is good,5
if you find for a pro connection this is is the,5
oke oke,3
pas google bisa neg manual gabisa tulis tunggu gimana,2
ok,1
ms maksud manfaat br coba buka,5
very good apps,5
beda versi buka postingan,1
moga dpt kerja,5
recomended,5
gjls ngentod,1
parahh bisaa neg masuk sekali uninstal ulang tolong baik,1
bagus tunjang profesionalitas profesi,5
suka,5
mantaf manfaat terimakasih,5
bisa neg verifikasi jwb suruh ulang,1
media sosial guna fokus dunia kerja mudah cari kerja minat temu relasi,5
keren tawar kerja,5
dark mode nyaman si,4
professional,5
aplk bantu hubung dgn relasi,5
surat vaksin,2
bsa neg buka verifikasiggl trus ribet,1
tambah besar insight,5
nyoba,5
habis update kau neg buka,1
okq,5
media social beda lainprofessional wibawa,5
ok suka,5
loker bohong,1
burik,1
bisa neg buka tolong perbaikithanks,3
update koq foto profil hilang wkt lg muncul neg lot postingan org foto video bs neg muncul,1
good media everybody for skill sharing information,5
kode aman susah salah salah,1
execelent,5
jooooooopos,5
bagus efektif,4
small chages can make a big difference,5
salah jejaring sosial profesional akses orangorang kalang profesional aksessibel profesional muda disabilitas sensorik netra,5
trimks impormasi kerja,5
ketemu teman,3
ok harap,5
upadate bisa neg gambar foto,1
tolong baik bug bisa neg buka diinstall ulang bisa neg buka device poco f pro,1
susah kalauminta updatenon aktif,1
mantap,4
top bangetok,5
susah bikin pasword,1
linkedln baik tahan kwalitas,5
bantu cari kerja,5
vesbuk,4
moga dpt bantu cari kerja driver,4
,2
paham pungsi,5
,5
sampaah,1
smoga dapet kerja,5
benarbenar tambah relasi kalang kerja alumni jurus info baru kait lowong kerja mantapp,5
komplit,5
susah,1
moga urus bawa jlan sukses motivasi terimah,4
abis donload suruh verifikasi robot neg dsruh milih gambar hadap susah beda bingung nyari hadap gmna org pala tolong verifikasi laen,1
gagal terusssaplikasi ni,1
mantappp,4
bagus lamar kerja,5
e ek mah aplikasie,1
walpaper,5
bantu informasi kerja usaha bantu oramg komunikasi kerja,5
verifikasi rumit,1
mantabbsemoga kerja berkah mrlalui,5
bantu beras liter pangan hari dapat neg bansos klurahan rt no kranji bekas barat rahmat,5
bantu cari kerja,5
go,5
mksh kmi gabung,2
ajh,5
mantull,5
crash pas quis lencana nomor mantep,1
hari pakai kena nonaktif jelas langgar jelas neg langgar,1
moga,5
bagus terimakasih,5
job information,5
manfaat cari kerja,5
ajar smp tri tunggal surabaya alam oleh sana teman teman kerja kepala sekolah wibawa berat hati pindah tugas terima pns smpn tulang sidoarjo jawa timur tempat kerja kenal teman teman alam sana kembang ahli didik ikut latih,5
tolong data hapus,3
iya sayat bagus,5
good luck,3
hubung profesi relasi latar,5
goodlah,5
goder,1
laode serfian naisa laod serdin,5
sitijindanbenar pakai,5
sopi bagus,5
usaha palsu buka lowong,1
mantapp,5
berani bagus tahan,5
gerak bidang dagang tani,5
s a b p awlz t tjw t,3
mantap bantu pasang iklan,5
connecting people,5
agus suparru republik,5
aplikasi,5
suka loadingnya kadang tibatiba bisa neg loading menganggu aktifitas sceoll,5
,5
linkedln inspirasi bantu,5
scaffolder,5
juli today i changed the star that previously gave a star rating then updated the change star because my account had absolutely no access use again please fix again,1
bagus share information hard work negara,4
tau neg,1
pas verifikasi bolakbalik hmmmmmm,1
nagus linked sahabat bisnis,5
jaring internet lancar,5
lumayan,5
lumayan,4
bagus,5
moga jembatan rejeki iniamin,4
jelek ni,1
linkedinperlindungan dasar hukum kamibersamamoe akoeselamanya,5
download buat akun susah banget verivikasinya mutermuter tanya manusia,1
ada neg guna rugi,1
kabar,5
informatif bidang profesionalisme,5
youtube facebook indonesia nang nanggroejih atei,4
muas hasil,5
wokee,5
wawzer,5
mu sic ajivf,1
gabisa masuk jelas neg,1
q qaa,3
pdhl lihat neg jg prnh neg download tp knp tb ter install,1
ntap,5
bengek banget nggak ganti foto profil,2
bagus hubung kenal,5
teman,1
paham manfaat,2
baiiiiiiiiiiiiiik,5
mabtap,5
uhu,5
bantu komunikasi,3
keburu kesel sma katak milih jam pernh neg benr taikaplikasi jels neg,1
pribadi,5
dapet kerja kgk update mulu,1
ok,5
linkedln,1
,5
sipppp,5
poco x pro,5
sumber informasi akurat luas era informasi peluang kerja informasi jaring bisnis,5
nicw,5
,4
nonaktif ngapa neg ngapain,1
masuk susah ampun kode aman nebak gambar madep jelas neg,1
bagus,1
apps bagus mantap pokok dapet kerja,5
lengkap,5
gaul,4
nice good,5
mudah lamar kerja,5
mebantu,4
,5
gimana,4
butuh,5
nikjl,5
bagus cari kerja mana,5
bisa neg memposting kali kali bisa neg memposting,3
,5
rekomen,5
bantu tarik pribadi sharing informasi tau berita ter update dunia oilgas pribadi nicevery nice cheers for you all,5
layak neg,1
manfaat uninstall aj,3
update,1
ribet donload vertivikasi gua sangka robot,1
kirim lamar diarahin lamar via jooble dapet panggil interview tipu hedeuh,3
jasa uang asuransi kl cari kerja jasa uang tempat asuransi,5
serve w srundeng w,5
mudah mudah bs manfaat,5
bantu konektifitas kolega mudah cari informasi kerja,5
mantap jiwa bosss,5
kena tipu tks,1
bagus manfaat,4
,5
terimakasih bantu,5
lamar kerja ribet,1
mudah,5
staf ajar asessor lembaga sertifikasi profesi politeknik tani negeri pangkep,5
mantaf,5
bantu memnerikan informasi,3
top bagus banget,5
mantb moga bagus,5
tarik,3
liat kolom komentar usaha muji muji ken angkat karyawan tulis,1
bantu mudah puas,5
facebook bisnis,5
goyang,3
juang kerja mohon doa doa kerja,5
e,1
negatif komen,1
ada neg manfaat,1
,3
is one of the best application,5
good job end alwos becare full,5
tlg bantu selesai mslh,5
bnyak mendapatjan infoyg susah ditrmpat,5
maksa ponsel samsung bisa neg hapus nonaktif,1
brlajar,5
trim,5
gabisa daftar gimana ngasih rating bagus,1
bantu kamiterimakasih,5
kecewa kali nonaktif pemberitahuan neg,1
jobseeker baik,5
bantu temen cari kerja bagi informasi,5
terimakasih linkedln,4
bagus bantu,5
alhamdilah temu hebat,5
warna,5
sip,5
saya neg hapus device,1
ada neg,5
kasi,3
susah verifikasi,1
keren jalan langsung ngaco eh google nonaktif tuju baca data prangkat,1
bantu terimakasih,5
bantu mohon nyaring lowong bohong,5
mrnyebalkn,1
klo cari kerja klo cari pidio canel yutup hasbiar,5
banti klox bawa hasil saling neg rugi,2
very good for fine job,5
very excellent andf useful,5
ribettt suruh milih gambar kodok hadap gitu sampe nenek idup,1
sio,5
xba,3
dinas tani,5
manfaat bisnis teman top leader negara suka linkendin,5
mbuh gag ngerti opo ne,5
oke,5
god very nice,5
good and many things learn from all the world profesional persons,5
,2
m,5
butuh neg,1
jelas neg loker kg mending copot sue,1
keren tampil beda,5
seperti neg,4
ui dark mode will be nice,3
hariono,5
oprator produksi,5
ribet banget verifikasi ku dgn bener salah,1
username,5
smngat,5
bagus,1
guna,5
dagang,1
bagus,5
manfaat cari tau lowong kerja,3
kecewa situs gun situs x bisa neg nonaktif pemberitahuan neg pernah neg unggah meposting halhal tindak kriminal jahat luar undangundang materi postingan jual property jual memposting property di neg nonaktif kirim verifikasi ktp hasil nol,1
verifikasi aje ribet,1
bntang,3
top marko top,5
tolong follow up email mohon tim ahli perhati,1
dwld thn dpt panggil itu tipu,1
mantabtp sayang kerja bisa neg nentuin,4
nebak gambar gimanasalah mulu njir,1
baguuusss,5
fabricationerrection construction project,3
good,5
tingkat qualitas,4
,5
jadi mudah,5
tolong dunia kerja,5
aplikasi,5
soksokan dewasa download,5
bagus,5
bantu,5
moga batu cari kerja,3
velemboket,3
,5
make neg,3
wew,1
simpan slide,5
bagus banget kereeen,5
baik neg,1
kembang,5
ok banget,3
cooolll,5
bagus mantap,5
relasi koneksi,5
bagus profesional,5
mudah mudah bagus,3
lowong cocok neg dgn mampu,1
alih platform bisnis kerja platform sosial media sedih komentar balas pasti robot developer neg customer support,1
bagus manfaat,4
mntap,4
good apps help get a job,5
juuooos,3
tambah teman bagus,4
berangkat,3
usaha banyak pasif responnya proses recruitment,3
guna,5
semangat serah,5
lowong tp ndk respon bsa postingan modus,1
mantap gunain,5
keren tempat kerja,5
beguna,5
periksa cepat ribet,1
linkedln depan,5
u uhhh uh h ikmal lnnuuulnunlllnhu,5
trima aplikasih,5
nice recomend bngettttt guna mengoprasikannya,5
operator produksi scanner,5
bagus tambah relasi informasi pernah neg jangkau beda instagram facebook twitter lainlain harus halhal kait dunia kerja tambah fitur jobs course tambah skill alam,5
good job thanks,5
manfaat,1
bagus,3
,5
bantu dlm mencaro informasi kerja,4
informasi kerja akurat,4
terimakasih jadi dunia,5
mudah,5
barokah slamet,5
trimakasih,4
sampahhhhhhh susah daftar,1
apl membntu,5
manfaat,5
apl jelek nya neg permanen download mulu,1
moga jodoh cari kerja,5
tawar kerja nganggur,5
dimzbimz,5
nggak guna,3
gabung moga jodoh lamar bantu,3
lately the application often crashes cant reload and cant back must be reinstalled,1
mnataps,5
nrmal kem bal l,4
mantep,5
cocok jobseeker,5
adandanc,5
mangisundaun,5
bagus bantu,5
verifikasi disuru milih badak arah pilih salah ni,1
premium career group useless,1
manfaat dunia kerja didik profesional,5
moga bantu kerja apa positif amanah kolaborasi istikomah,5
ruwet bikin betek bos emang ada neg gampang,1
membntu bnaget,5
samsung a,5
daftar nggak tolong baik,1
alam lancar,5
dr kesuma halim msc,5
good suka,5
lamar masuk susah akses,1
ok,5
tarik,2
aplikasi lot koneksi apa lancarmohon baik lancar,1
banyak isi org gaya lagak sultan spt ahli dlm bidang usaha postingan ucap selamat motifasi knyataannya beri motifasinya motifasi omong lebih nyata trbalik info hoax,1
kga tau donlot,3
fuvejobdserre,1
hapus bos aplikasi verifikasi ribet gagal kek maling sampah,1
bagus tingkat lowong kerja wilayah aceh,4
mantaap,3
,3
i like this applikation,5
surip,2
masuk ajaa sulit hadeh gimana majuuu,1
bantu cari lowong kerja recommended,5
lowong update neg,1
recomended,4
gabung mesti verifikasi parah susah,1
tambah jaring shering knowledge,4
,1
bantu juang amplop coklat,5
menyebarluaskan ide ide ber hak paten mbuat alat optik baca keping cakram vcd cd dvd brd lensa camera smartphone,5
myo,3
bagus sosial,5
hadeh,1
daftar dah pake data bisapayah neg,1
bagus tambah bintang,4
guru matematika,2
susah banget verifikasi manusia nyaa kali kali tetep salah muluu,4
tingkat,5
lumayan lh,3
sippp,5
isi usaha bodong kayak usaha tipu interview uang x nama pt bedabeda muka copet amit amit awas hati hati,2
apl kasi bantu,5
kredible,5
need improvement on job opportunity,3
bantu,5
filter lokasi lowong kerja tolong tambah area makassar terimakasih,5
good application for good professional,5
lamar kerja,5
wali santri,1
,5
klo bagus,2
download,5
a a mcd hv,2
blajar linkedln,5
kelas ni ngak masuk,4
pass,2
good know and good for the relation,5
,5
bagus cari kerja,5
cocok guna layan plexibel,4
make sure aplks be agreat aplks,4
ubah sistem verifikasi,2
updatenya cepet,4
nice for professionals,5
bagus kembang,5
manfaat karier,5
nggak ngerti pakai aplikasi gimana tamat kuliah terima,3
bagus,5
mohon bantu ny,5
mantaa p bantu,5
sulit batal premium kena tagih bln sebal,1
ntah gagal verifikasi gambar saat pilih sesuai perintah hadap atas sistem jawab salah,3
,3
bantu tampil alam kerja cari kerja,4
pihak tindas jajah,1
pu,5
batas teman level director teman langsung batal,1
terimakasih bantu,5
bagus,3
bantu dal ulas berita akurat terima team,5
mantap jiwa,5
good comunication,5
apikasi logout pas verifikasi manusia ketemu gambar katak putih susah verifikasi saran di neg ganti format verifikasi manusia pake gambar katak tolong pulih bisa neg,4
mantaps,5
nice thanks,5
always,5
not good,1
mantaabbbb,5
parah klo mao neg baru bisa neg bukainimah minggu klo liat play sture baharu paksa,1
cobs,5
mudah mana,5
makasih,4
sulit,1
only for professionalist its work,4
mudah mudah bagus info peluang kerja,4
up,5
info dr,3
keren parah bantu,5
politik masuk ranah kerja sampah,1
update,2
good application for profesional,5
dinas kerja tata ruang kota metro alumni institut teknologi bandung jurus sistem teknik jalan raya universitas lampung jurus teknik sipil,5
thank you team,5
keren,5
temu teman karir,5
thankz you,5
panti asuh alanshaar talise pusat palu,5
bantu,5
zionism,1
informasi lowong kerja informasi kerja bantu,5
teman sukses msh renang laut usaha,5
daftar susah verifikasi bisa neg,1
mudah dapet jerja,4
supervisor housekeeping,5
too much not important post it should be filtered due the difference of purpose not like instagram or facebook,1
facebook,5
penting neg,1
apl,5
tau gimana neg hapus,1
terima besarny linkedln team bantu gapai sukses thanks,5
good for me,5
not kkiii,1
please bring murz account back,1
tolong terima,5
siipppp,5
sukaaaaaaaaa,5
goddess,5
good,5
,4
selamat malam terima kerja,5
bagus aplikasi,1
mdhan dpt kartu pra kerjaamiiiiiiiin,5
batu dekat,5
capek urus kerja,5
trial gratis suruh bayartaek,1
smg milik amin,5
bantu semuah,5
bantu manfaat,5
,5
bagus kiprah profesional komunitas profesional temu profesional dunia,5
tempat saa,2
saran klik alamt email langsung hubung alamt email tolong kayak job street langsung apply alamt pt terima,3
baik,4
mantap,5
ajar tambah wawas,5
ok banget tunggu dksih lgi bintang khn tahap hehe,3
bantu bisnis,5
sagat membantuluarbiasatetap eksisyaami,5
excellent application,5
cuba lg,1
moga manfaat,5
very good,5
puas pakai update bagus kembang keren the best,5
perfomancenyagood job,4
alam pahit nganggur thm gara setan corona,3
suka kali pakek,3
,2
bajak mohon bantun makasih,3
sippp update info kerja,5
macari hall hall brmanfaat,4
ok mantap,5
ngk ngerti,1
coba,5
informasi kawan rezeki,5
manfaat,5
bodoh gw daftar ratus kali gabisa pake google tolong benerin sampe dead tlol,1
allahuma sholli ala muhammad wa ala ali muhammad bismillahirohmanirohim alhamdulillah hirobil alamin olays cyber team setia siaga cepat,5
bagus bantu,4
sngt,5
keren,5
easy and simple use,5
koneksi,4
servis ac,5
starting follow,4
jurus,1
i love because it gives a new atmosphere my life,5
freelanceadvocatstaf administrasipeneliti,5
coba,4
bisa neg uploap foto error pilih,2
aktif,5
bagus bantu,5
good info,5
tambahin opsi non alam biar ribet neg ngelengkapin data profilenya,1
makasih nyediain informasi luas pernah neg sebar luas masyarakat pakai alhamdulillah skrng kerja sesuai spesialisasi saran mula sabar karna nggk instan update cari informasi lowong,5
bagus untu sharing informasi,5
guna tambah jaring tahu informasi kerja komunikasi,5
good opportunity,5
jelek banget,5
jual pupuk,5
tahe emgpertanyaan aman gambar hewan salah mulugajelas,1
babi masukin kamar kerja kelar tinggal klik lamar bisa neg notif maaf salah taik,1
,3
good,5
linked guna,4
lestoran waiterbroker,5
mantap pangilan pilih,5
is okay,5
parahbru mw pake nyaeh errorpadahal data uda msuk semuasaya saran downloaddr pda nyesal nnti,1
update,4
smart,5
simple but important,5
bantu spesifik,5
moga hasil,3
excellent,5
gada usaha nyangkut tambah usaha nipu doang,1
bantu cari pekerjaanmembangun relasi informasi luas,5
biadang dunia it ai education,5
woi banteng gmn si bsa neg hadap org smua kepala puter doang fakk,1
yooomann,5
harap sambut cemerlang sebelumnyasemogaalloh menghendakiamiin robbalalamin,5
umayan,3
bantu n teman profesionalterima,5
lumayan bagus,5
bantu,5
sukses,5
nice,5
knp muter molo mo diupdate,1
bagus banget,5
inspiratif dapat info loker motivasi gabung,5
guna neg iklan nyambung neg usaha jelas neg,1
informasi bermanfaatpeluang karir usaha bagus,5
jalin seluruh dunia teman bisnis,5
thanksto me all freinds,4
guud,4
susah masuk gagal teka teki ajah jelas neg,1
lumayan tambah relasi,5
bagusss,1
,2
bantu,3
mantab,1
mechanik,5
tabss,5
mohon baik akses web bisa neg aneh pake android versi sekian terimakasih,3
pakai terlalu neg seringsaya pakak profesional bidang fitur lengkap ringkas loker kadang buka terkadang binggung,5
bantu dlm info update,5
alhamdulillah bantu kerja terima,5
keren profesional,5
thx appnyago chat,5
mantab cari lowong relasi kerja,5
bantu,5
profesional,5
this application can help me get new people good carrier and get business motivation thank you,5
mantaaab,5
rumit test tekateki awal masuk,1
knp aj yh,2
sangst membsbntu,5
bagus maaf dapat hihi,5
best for sharing very recommended,5
informasi lengkap,5
coba,5
busuk kali aplikasi,1
bos,1
masuk ribet banget kali kali gabisa,1
capai harap sesuai minta atas,5
bagus bantu cari kerja sesuai harap,4
konsultan awas proyek pabrik high rise building,5
membntu musim demi mncri info kerja,4
jelek dininaktifkan,1
askamandey,3
ulasantanpa tuju,2
is the best,5
bagus byk teman,5
as asepirima,5
error,1
the best,5
bantu promosi produk,5
best super,5
gratis,2
bagus bangun relasi informasi jangkau neg kerja,5
kawan,3
instal,4
good,5
ado parah,1
dalam untung,4
maaf kasih abis diupdate gabisa akses suruh,1
bangun relasi kerja,5
kali gagal sandi salah masuk ubah sandi,1
kerja wajib,5
instal suruh cari binantang arah robot bilang salah mending hapus,1
good tank you,5
good,5
cari kerja,5
sungguh bantu cari kerja,5
bener ribet daftar susahthis is not recomended,1
amezink,5
tingkat layan,5
jelas neg dimasukin bener verifikasi ngulang mulu sampe tulis malampauin batas,1
good pokonyaa,5
bantu informasi,5
mantap yes,5
bantu tambah wawas,5
aman salah mulu susah asa,3
pt atsumitec indonesia,2
bagus,5
guna hormat izin apl,5
bagus swxaplokasinya,5
kau aq inin universaltrims,5
verifikasi teka teki anjay susah,1
moga,4
is good,4
dl,3
update informasi kini peluang bisnis kerja butuh konsumsi publik kalang,5
this application there was no feature report scam vacancy and still there are a lot of scam vacancy website i can report them but i didnt see really block people who have the account and the vacancy page that was another reason why i didnt continue my premium account on data security is weak,2
baik,4
visualisasi halaman baik tingkat,4
looking round of word,5
,5
good recommended mudah erti,5
knp masuk susah,1
google,5
mantaaabbbb,5
keren,5
,5
terimakasih partisipasi,5
keren,5
very good and professional,5
pernah neg,2
great we can connecting people the world and every company easy,5
lumayan temu profesi kerja,4
paham,1
,4
tolong bantu kauntuk kerja,5
abi thanks,5
bagus,5
koq bisa neg tau tolak proses suruh kirim sen usaha tau neg no contac usaha tersebuttolong simple lamar mudah ngelamar tau status lamar klo tolak boleh neg ngelamar usaha,3
ribet masuk,1
tanda tangan nama hendra gunawan alamat cilacap jateng umur pt nawakara group alam sd security th pt yasindo tama tangerang km jabat anggota security th daesun enginering project semen nusantara cilacap korea jabat anggota security th sd pt gardatama nusantara project semen cibinong cilacap th nawakara group,5
sepppp,5
manfaat,4
nice aplication,5
mukulsaekh,5
hpwnkgdwztmmfw alex leonardi lahir dimedantgl oio,5
gabung dg group inshaa allah manfaat,4
godjob,5
pintarcerdas tapiorang mudah hebat hidup manfaat aamiin,5
tolong tambah mode gelap,4
i just need max days job apportunities not weeks ago,2
bagus bantu,5
ribet,1
ribet suruh main teka teki suruh pilih gambar hadap gambar putar jelas neg uninstall bye sampah,1
alas neg blokir suruh verifikasi kartu id cocok neg capek ladenin bot digmail,1
very helpfully,5
i got many information,5
,4
taiiiiiiiiiiiiiiiiii,5
kurun minggu puluh puluh lamar lamar ada neg panggil gilir email masuk usaha telusur kantor jelasalias neg tipu bosen kali nyoba nipu kawan kawan jobstreet isi iklan lowong tipu ajah cek satu lowong and on the way you uninstal bohong,1
v m,5
maaf cuman ngasih aplikasi suruh periksa aman cepat milik mohon jelas terima,1
mantaaaaap,5
eva rini alam,5
aplikasi bagus nonaktif,4
moga depan,5
very nice,5
verry god,5
produk nasa manfaat respon cepat puas layan informasi erti,5
jasa linkedln,5
,5
jelek,5
kadang tulis wa,4
ok for rekomendasi job and conection,5
buka konfirmasi email susah konfirmasi email kirim neg email,1
good great ok,5
,5
aplikasih muda paham ajar bantu gabung cari peluang bisnis negara sendir negara tetangga,5
good update,4
nggak layak,1
komentar enak knapa ada neg pilih tolak baharu klo pilih tolak,1
aplikatif,5
good information and thanks good idea,5
jos mantap,5
tambah relasi,5
,4
krenn,4
sayasuka teman duniaapa dunia ekonomibisnis aktifitas jarang ketahuilov linkedlnsaya dukung mu,5
wadah stakeholders laku bisnis real update mantaappp,5
thats so usefull,5
bagua,4
nice apps,5
bismillah,3
mantaap,5
sjzrs dring,4
tolol nyari kerja susah developer niat sih neg bantu verification susah kaya uji national dasar badak edan tabak gambar salah mulu,1
josss,3
lumyan,5
jelektidak notifikasi jelas,1
begitlah biasa,5
ok aplikasi tp agk sdkit kurng ngerti tatacaranya,4
sgt bagus,5
bisa neg verifikasi masuk neg akal thx,1
lamar pake satu pernah neg panggil not rekoment pen ari kerja cuman bikin rame pala neg fungsi bagus,1
,2
keren cari loker,5
jainal,5
masuk dar daftar susah ampun banteng kodok suruh pilih arah binatang putar aneh x coba ngk lolos bikin ribet,1
kiri,5
mantap jaya,5
this application is designed very important and useful but surprisingly the introduction the application indonesian so refer the language i ask automatically indonesian language application please shorten the advertising time related specific platforms banners and avoid commercial ads that suck up internet quota and also avoid buying anupgrad apple developers is very provesional instead of begging keep mind that usersmembers have not received the results of their op,4
enough,4
su suka,5
good postingan video postingan unjung poin hadiah,5
bantu cari kerja,5
mantab,5
bayar ngirim email gratis jelas neg bat,1
bagus banget,3
krn coba,1
berteletele sign apply web usaha lamar,2
cepat terima koki,5
bagus banget,5
ok,4
i like it upgrade up skill entreoreneur,5
bagus appsnya,5
pnya linked wktu via kirim email dr linked tp pas donlod aplikasi bs neg nali email no hp hasil hrs bikin barumengecewakan,1
kerja proyek tambang batubara openpit underground kerja iron ore project kerja proyek tambang chromium proyek tambang nikel,5
good sosmed,5
best and very recommended,5
not help me yet get a new jobs,4
moga depan amin,5
manfaat bangun hubung bisnis,5
cepat,4
bantu,5
js rna a bg an,4
mntab,1
good,3
manfaat,5
hnarma,4
tenuk teman teman semangat cari kerja kantor,5
baharu cari batas penggunajobseeker arah premiumberbayar bayar makan sulit jobseeker mohon baharu,1
exellent,5
bagus manfaat,5
kerja rewinding countruksi mecahanik kerja sipil,5
user friendly,5
,5
halo please improve the appearance of the feed when using the post filter very inconvenient easier the previous filter posts feature,1
,3
go stei sebi depok,5
appl sagt bagus,5
siip,4
coba,1
motivasi kreatip teman bnyak bantu terima,5
sulika,1
bagus bapakibu bayar kirim cv inmail,4
ganti telusur,4
bisa neg loginbaru etik alamat email,1
aplikasi bantu guna bagus,5
teman hehe,5
jaya terusss,5
why i can not upload my cv or resume pdhl format pdf,2
suka liat lowong kerja,4
esukasi,5
ok cepat aktifitas bisnis,5
tolong baik verifikasi verifikasi gambar kodok salah pilih kodok hadap terima,1
work hard and job busy end dipicull doit finish the help teknologi is simple,5
bisnis perdagan ikan,5
verifikasi kek uji psikotest niat beda tp nyusahin end user ux benerin friendly dikit suruh analisa muka katak hadap kek mna pake sound arahin gambar lgtolong baik verifikasi sayang bagus,1
jelas neg apkdibikin ribet apply jobs,1
senang libur pantai gading dn labu haji,5
penuh skill komunikasi insfirasi,5
bergabungjd bri dlusesuai kembang nti bru bri bntg,4
,5
ancak tau neg craxa,5
gapernah instal ni knp nginstal sndiri sihh ksel,1
manfaat tambah koneksi,5
baik,5
anna king abdurrahman,5
bagus responnya moga manfaat,5
aplikasi bagus pas plis aman verifikasi melaui email pake tebak gambar kali kali ngejawab tetep salah gimana nasib bisa neg garagara bisa neg nebak gambar,2
facebook instagram whatsapp youtube twitter,5
recomended,5
i like,5
trima ksh infonyalinkedlnsmoga brmanfaat lgi org byksukses slaludan tingkat mutu kwalitas info,4
good for relationships,5
pokok ok banget,5
bagus,4
cobain cocok keren,4
senang bs berkenaldgn org,5
bagus lupa loker cocok citacitanya tulis,5
alhamdulillah bantu,4
bagus,5
tambah wawas,5
lot bikin emosi doang,1
recommended apl,5
,5
bagus ketemu aman nyaman,5
nonaktif,1
semangat trus,5
very good media,5
i cant save my any profile changes really really great,1
bagus,5
makas,5
luas jangkau tawar kerja,4
mantap bantu,5
x jam sma taik,1
ggod bnyak tw cari kerja siap skill depan talhanks baca doa depan kerja arab solat masjid nebus dosa banget aamiin,5
bisa neg verifikasi,1
informative mudah pakai,5
thanks you moga barokah n sukses jalan bisnis selesai,5
bantu,5
its help connect with my proffesional friends and get a lot of knowledge,5
yeeeesss,4
sgini,3
bidang busnis,5
manfaat kembang bisnis relasi,5
bisa neg buka,1
good job,5
baguss banget,5
,1
blum perna maka blum tau guna,2
aaaqq,5
dahsyat,4
star,5
ken,5
lokernya ada neg ngeliatin status foto and video mudjur lahir,1
kursdolar,5
nice application give new perspective and spesific friendly on field job area,5
profesional bantu ilmu jenis kerja isi dalam jaring sosial iniadalah orangorang hati orangorang profesional bidang masingmasing salah satunyaorang kerja jalin hubung profesipekerjaan sukses sehat team work,5
good inspiration,5
sa gat bangus,5
bidang,5
thenks good,5
ok,5
semakinmempermudah cari kerjaa sipok,5
bantu,5
okelh,5
kelas,5
moga manfaat,5
aplikasi email ada neg alamat email ngaco banget benerin tuh aplikasi hub bikin bener cek email email lingkedln tanda email email benerin sistem gimana,1
luas jaring,5
bawa hasil,5
ningalan kedungtuban,5
good and great,5
promosi,5
lamar kerja praktis neg,3
moga ni bantu partner kerja sesuai,5
bru,3
bagus donwload alpikasinya,5
keren dgn updatean hebat lowong kerja,5
cepat akurat,5
cari kerja,5
good for relationship,5
,5
manfaat mohon tingkat,5
i like this,5
ukur,5
informasi guna silahturahmi,5
t,4
bantu cari info kerja tolong sempurna fitur chatnya mudah atractive terimakasih,5
blank on notification,1
,2
okeeee,5
this aplication so far so good,5
appbagussemoga manfaat,5
bagus bantu informasi lowong kerja,4
manfaat neg khalayak hapus bikin full memorybuang data,1
terima relasi ku perlahan bisnis logistik ku kembang,5
best,5
penting neg gede gengsi doankk bantu neg sulit anyway budaya riset penting neg butuh cari kerja huhhhh ngapain pake skill enak ngeblog buang buang bayar kridit fleksibel neg butuh lokal,1
amazing apps for job seeker,5
tolong informasi lokerlowongan kerja akurat ada neg imbal duituang rugi kecewa si lamar,5
sya senag,3
dulusoal rasa hasil,3
bismillah semogah kerja impi contoh sanbox,5
goodmembuka jaring teman,3
please add dark themes nowadays mostly apps add dark theme feature for best experiences,4
santuy error,5
simple mudah erti,5
suka moga jaya,5
pakai moga bagus,5
guna cari lowong,5
bagus terbelokir neg,4
bagus bermanfat bngun komunikasi,3
membantuthx,5
sf ptperivera logistic hotel seratta sf ptkencana digital printing sf bank danamon sf ptbeton perkasa spv wulling sf astra daihatsu,5
,3
top daah,5
greaatt,4
upload linkedln susa tunggu antri apload info loker kak neg want ask sis how come uploading it on huh always waiting line want upload besides the locker info can it or no sis,3
bagus cari kerja,4
sukses,5
lumayan loker puas,4
tau pungsi,5
pas tambah info job patok upgrade skill,5
bantu kerja,5
sungguh luarbiasa,5
bagus manfaat profesional,5
gagal,1
mudah,5
,5
status server,5
mantap fan cepat,5
baik,5
bisa neg buka pesan,1
mill manager palm oil mill,5
dark mode,4
gimana suruh pecah teka teki mulu ada neg bener sm,2
sipb,3
kerja aplikasi neg lowong kerja,1
bantu parapencari kerja,4
moga ttp manfaat,5
dl,3
very good,5
bissmillah dapet kerja,5
info kumunikasi linkedln td sulit mudah order lancar,1
mantull,5
cepet informasi,5
temu teman tukar alam cari kerja percaya,5
hi terimakasih hadir ruang bagi ilmu alam hebat,5
gabung alam,5
masuk susah tebak gambar salah verivikasi jelas neg,1
thanks all good,4
tahap ajar dn bimbing mg cpt pinter dlm bangun vetube jaya kompak jari,4
lamar kerja,5
mantap,5
moga moga,4
sungguh manfaat,4
tau da loker smk,5
parah facxxxx main blokar blokir maaf nonaktif batas akibat salah kirim mohon verifikasi identitas browser desktop,1
mudah hubung orangorang halhal hidup profesional bangun kembang jaring profesional baca berita bisnis industri baru temu kerja impi profil hanya neg resume profesional capai karier,3
,1
the best of the best friend thanks for watching and happy indonesia day nyaman hati nyaman saku nyaman kawan nyaman indonesia dunia sport amerika sport korea sport china sport taiwan sport maintenance server with bismillah yra aamiin subchanalloh alhamdulillah yra aamiin subchanalloh alhamdulillah yra aamiin,5
bantu cari kerja sesuai nyesel neg poko,4
,2
guna peluang,4
uninstall,1
bagus tambah alam nal milik usaha manager,5
susah banget uninstall kes boleh neg linkedln hmmmmm,1
nice professional work,5
long away from spain live my own country indonesiathen star this horible pandamic hope everything is oke the future,5
asssik manfaat,5
susah gabung email sandi susah masuk trus verifikasi tebak gambar buka neg buka linkden,1
kumpul orangorang sukses,5
ntah bego aplikasi buruk dftrlogin muter dstu sory nihil,1
help me,5
,3
lihat hadap atas,1
,5
nyaman aplikasi,5
bagus keren aplikasi puas diriyaaa mas mbak,5
mencobanyasemoga manfaat,4
lamar kerja linkedlnsagat bantu cari pekerjan cocok sayatrimksh linkedln,5
jelek fungsi kayak medsos mending ganti nama,1
bagus like,5
not really help me find a job,3
it easy make communication with one who we need and efficient,5
bantu cari kerja oleh ilmu praktisi hrd ulas manfaat,5
updating fiturfitur media konten syarat teknologi platform it canggih,5
aplikasi bagus,4
sukasekali aflikasi,5
says kryawan pt minamas langgeng muara makamur,5
ok,5
greatest,5
dear mr mrs based on the information there are some required job is needed at your company i am so interested with your offers for the joint with your roomates company is available and suitable with my requirements as project management consultant pmcmechanical inspectorqa qc welding inspectorndt inspectorflange management i have an adequate basic communication skills friendly attitude manageable person hard worker a dynamic person target oriented and eager learn comp,5
bagus ajar tambah relasi,5
,4
apknya baaba,3
bisa neg konfirmasi alamat email banget,1
,5
krn hubung sukses,4
bisa neg,1
asuutembak gambar verfikasi gagal mulupadahal bener tu gambar madep atassasuu emangnyeseeelllll siiall,1
bantu cari relasi bisnis luas,4
maaaaaaantaaqqap,4
infomatif,5
its agood songs,5
hai team terima buka sempat start up impi saran depan reminder do list guna bingung kali thanks,5
help me for new oppurtunity,5
oke sipp,5
erti,1
ulang ribet banget pilih atas salah muluhadeeehhhapa gua robot,1
coba,4
mudah bangun relasi koneksi dunia kerja,5
good networking,5
belim liat faham,5
,5
,5
slamat soretrimks hadir st mohon ijin dgn hormatbantuan kontrol pandu kelola sinkronisasi n personel informasi status dn data jg bayar dl,5
gua mau neg hp gua tp bisa neg diuninstall,5
bangga,3
key account manager,5
bagussss,5
walt disney pleasayou can me joba,5
pas feriv salah,2
mudah cari kerja,5
,5
cari job good is good,5
ok enak poko neng buka,5
pas lengkap profil gagal,1
suka ajar,4
koq nggak uninstall uninstal,1
good,5
spektakuler,5
bisa neg masuk alamat email daftar neg lwt web masuk mohon arah ubah direspon,1
tolong langsung lamar linkdln langsung prantara daftar web hire today thanks,2
biar bicara,5
kecewa bisa neg masuk cuman klik gambar jelas neg sukses,1
manfaat n bantu cari lowong kerja n bagus,5
mudah komunikasi seleksi gabung linkedln update konsumer capai tuju,5
cba duu,5
good performance,4
banned alas neg,1
manfaat jaring bisnis,5
stone jump andal tuhan yesus kristus,5
s informatika skill php js html css mysql looking for job,5
thats great much better and helpful,5
,3
,5
bagus neg batas,1
moga depan membangunnusa bangsadan agama,5
asyik,5
luuar biasaa applikasi dpt hubung pintar cerdas kaya ilmu,4
coba,3
kereennnnn,5
bantu smua mula alam cari dukung support atw pekerjan terima,5
,2
i try,5
nice,4
connecting more,5
tarik artikel sistem operasi android,5
ik,5
isi bio mahasiswa kendala maaf salah tetep bisa neg,3
hubung dg teman,5
good,5
coba,3
media sosial bantu cari kerja,4
beneficial and updated,5
bantu cari info kerja,3
very nice and supported,5
anjg verifikasi gambar salah sembarang suara suara sepertintv ada neg salur salah gila jelas neg abis quota,1
cucok,5
best,4
jarang pake,5
video putar neg otomatis atur kontrol video tarik,4
,5
good information on job thanks for you,5
bismilla ikut bijak,3
job baru moga,4
jual tanam hias buat taman bal,5
dunia butuh elemen air bentuk tumbuh global,5
good job,5
ak lm buka ni,3
advokat konsultan hukum,5
luarbiasa,5
bagus apl moga kerja terimakasih,4
trash,1
orangorang hebat,5
bagus dunia kerja,5
tampil bagus jaring daya cocok relasi mutu,5
sr manager general manager,5
membntu,4
set x,2
susah henti maruk,1
,5
,2
gilabisa gilain,1
top abis,5
btg,3
gabisa ganti foto,1
i cant make a school yard plis i need a solution about this thanks,3
bantu bagi alam,4
manfaat,5
,5
aq mncoba trlalu qu phami wlaupun sdah lma hp qu,4
tambah jaring koneksi usaha,5
,4
such a weird and unclear verivication instruction,1
hoax sesuai neg datengin,1
bantu terima linkedln,5
uyy,5
bagus bantu profesional sharing cari lowong kerja prestistrima linksemoga devlop trus tingkat layan,5
suka linkedln conectivitas,4
bantu,5
linkedln percaya,1
gud,5
sip ok,5
masuk susahmasih mudah joobstreet layan bagus lambat,1
lumayan,5
terima wadah jobseeker moga profesional,5
ganti foto profil banget bisa neg ganti,4
goodthanks,5
thn alam kerja produksi dyeing,5
please be kind what were those weird animals pictures i wan na relog my acc but you didnt help me,1
lamar dr smpai panggil kerja dr usaha lamar dr linkedlnkecewa,1
goodsemoga dapat kerja linked inaamiinpandemi corona beranta,5
cobak,3
muhun,5
moga jalan,5
mantaff,5
suka cita,5
mohon benah sistem verifikasi masuk gambar jelas neg tahan verifikasi masuk mohon baik depan opsi,1
penginstalan kali mulu,4
,3
uh kgb,1
optimal,5
asw habishabiskan paket update bisa neg,1
informasih,5
ok,5
on the track thanks for your intention,4
driver dump truck,5
mantap hubung hr usaha info lulus seleksi neg cv pernah neg kabar,5
update cepat,5
minggu kemarin bisa neg,2
belit belit,1
beguna bantu,5
bisa neg refresh page mobile milik premium uninstall gagal tolong baik,1
selamat moga indonesia mudah hasil maksimal sumber,5
gitu,5
mantap gamenya bro,5
bagus tarik mudah komunikasi sektor bisnis lowong kerja,4
i was thinking that im not the only user who have been experiencing down server of whether by mobile apps or webpage for developer please kindly fix this issue since its quite bothersome,3
keren parah,5
nice,5
susah relogin mohon bapakibu saudara pake vpn moncobanya work itsebelumnya susah out akun bantu teman,5
bagus banget,4
lulus sma,4
bisa neg update,1
situs erorrrrrr,2
sayat bantu,5
puas informasi,3
deskripsi kerja,5
bad,5
download,1
suka bantu,5
can not refresh please fix it,1
bisa neg buka suruh verifikasi sentuh gambar hadap gambar,2
update lost connecting,1
hadeeeeeh terooooss bisa neg update newsfeed huuuuuu,1
virussaplikasi rusak ponsel lihat komentar negatif bawah nyesal pokok,1
applikasi profesional bantu orangorang butuh kerja the best,5
verifikasi ribet bangeet gilaaa masuk verifikasi cepat appstore salah verifikasi aneeeh oooyy alien neg manusia,1
kualitas,5
operator splitting,5
bantu,5
,5
ladi nasabah,3
no komen lahh harap ubah lebihh,1
nice,5
iyq,3
karna msih mula,1
hibur,5
mudah info kerja,5
indonesian mining broker,5
instal bisa neg daftar,1
dede haryanto fporpilwebsite meta trader senang bahagia bagi anugrah bahagia buat doa moga jaya kalang dunia trimakasih besar dede haryanto modelator grup publik,5
lowong tmn dwng,5
why cant reset the password,1
bagus,5
mantap bisnis,5
instal bisa neg daftar,1
izajah gada alam kerja pakai neg,5
terima cepat mudah,5
ra urus,5
daftar tengah verifikasi aman hadeuh,1
iyh,5
cant refresh error pls check,1
pe rnah pakek,3
cari kerja,4
bagus profesional mohon tambah fiturfitur dark mode,4
good jobs,5
hank,1
berita job offer admin selektif sifat nys tipu sekarsng,5
apps warna berremu hebat hebat,4
ngubah bahasa bahasa indonesia gimana,2
bagus banget,5
okay banget,5
bisa neg bisa neg refresh feed uninstall install ulang install ulang bisa neg,3
,3
terima,5
hasil,5
moga kerja,5
sorry panggil neg hadap,3
dpt jumpa relasi terima,5
bisa neg akses web bisa neg refresh beranda loguot bisa neg install ulang tetep tolong baik,1
rusak bisa neg bodo guna neg,1
iya coba,2
buka,5
tulis,3
bagus,5
karna coba nnt bagus kasih neg full,2
ok,5
baik rusa cepat,1
baik,5
bagus loker,5
semangat pagi salam sehat selamat sukses bahagia,5
layan muas profesional,5
suka bantu the best,5
manyap,5
hello i think you have a bug with navigationbar your apps when i open the apps homepage bottom not follow grid system with the top,1
linkedkemarin nge refresh status bisa neg logout sampe uninstal instal ehhhhh bisa neg bisa neg kembalibahkan ganti password bisaapa neg salah,1
great apps,5
bisa neg buka mobile web notice lowong kerja masuk email bukak linked nggak sungguh kesal harap admin cepat respon email thanks,2
end frontier bisa neg akses bbrp kali updategagal uninstall re install coba mobilephone support neg,5
riet pakenya erti neg rumit,1
bantu komunikasi,5
manfaat terima,5
good for hotelier,5
cinta lindkein,5
off coba masuk aman nyaman koment bisa neg masuk download mudah login neg,5
makasih,5
temu profesional bidang,5
,1
i hope this application really fits what i envisioned bringing together and making connections between professionals more accessible,5
okey bnget,5
mayang sari,4
download cma mw mncri org mw beli ginjal gw minat dn serius bls sja email gw,3
hari webmobile hasil buka bisa neg balas panggil kerja sungguh kecewa,1
mohon bantu admin my job kurirexpedisi terimakasih,5
jozbro ws lanjot ros aplikasine mantaap,5
bantu,5
bisa neg instal update baru bisa neg refresh feed,3
linkedln bagus tambah relasi lokal internasional,5
mantap hubung negara teman negara tingkat hubung bisnis menjankau negara,5
kereen ni saing instm salam vtuber vtuber depok,5
tambah koneksi orangorang hebat,5
marine safety equipment,5
cepat,5
mudah mudah an bantu,5
bangus menbangun relasi,5
moga kuis,5
keren bantu butuh komunikasi teman kenal,5
keluarterus pemberihatuan blokpadahal apatolong tau,1
good apps and opportunities,5
tambah ilmu,5
oke bagus,5
i hope improve again my gadget is broken or needs be improved every time i open it always shows sorry we cant upload your feed please try again disappointed please improve please improve please improve as twitter good apps thanks,3
okee,4
mudah z hubung temanrelasi juang cari kerja informasi,4
usaha banyak biar mudah carik kerja,5
mudah cari kerja,5
risal gg,5
eformbricoidbpum,5
bnyk loker bodong,1
apps bagus,5
ajar,5
boss ku,5
dl,2
mantaff,5
apps bagus hati laku org niat disosmed,5
cukup neg ruang update nambah ruang,1
siil,5
pola butik,5
mantab jiwa,5
,2
all is good,5
bantu,5
jaring,5
harap ads loker tolong mudah usaha lamar kerja mudah,5
mantaffsilaturahmi,5
terima manfaat,3
good aplication,5
manfaat bantu cari rekan kerja,5
diupdate bsa neg ubah profil isi alam kerja moga baik,2
gabisa kali masukin email gabisa,1
faster and update info,5
moga cari kerja moga cpt mndapat kerja moga cita bahagiain rang tua moga terkalbul wujud salam dulur,5
ribet daftar kode bener masuk neg masuk,1
bantu,4
baguskeren,5
aktif fitur dark mode layar perangkat,5
i loved,5
cepat manfaat,5
good luck,4
,5
awsome,5
tipu investasi lowong kerja,4
awesome,5
mambantusekalai,5
oke,5
dpt bansos jt dagang keliling pakai anak,5
aktiv,5
susah buyers,3
susah,2
akunlama knp ngilang otmatis neg lg,4
bagus,5
teman wawas,5
ok,5
bantu lengkap informasi,5
gw ubah cant acces,1
hanya neg cari kerja temu teman cari koneksi bagi inspirasi,5
bantu kerja,5
okee,5
minggu error jelas neg,1
,5
sgt syukur bnyak informasi kerja,5
ku eror bisa neg akses tolong bantu,3
mendownload neg nyapoto kedonglot memori hp coyyyy,1
good,5
sensional,5
mantap cepat,5
mabtul,1
coba,3
kerja operator mesin sopir lokomotif sopir forklip,5
bantu kerja,5
bagus,5
bagus,5
mksh,1
,4
kaasih klw manfaat aq tmbah bintangx lg,2
koneksi relasiklien bisnis hilang kontak thanks,5
yooooo,5
coba katnya bagus,5
bagus cari loker cari relasi cari referensi teman pas tau ttg bingung pakai,5
buka linked website postingan ulang laman utama mohon baik postingan tampil baru koneksi ribu muncul lg lg minggu postingannya muncul,3
sambung,5
kemarin bisa neg sinyal bagus,1
,3
can not go through quickly slow progress,2
lro ati,3
top,4
muncul tulis maaf salah refresh,3
bagus,4
mantap gan info loker gan,5
senior supvrehabilitation,3
mntep,4
nan wijaya,5
goodjob,5
tahu neg hasil donlod linkedln loker cocokternyata ada neg loker cocok yaah informasi lokernya nongol skrg hapus ahh sia sia buang uota ajakwkkwkkwk,1
guna guna,2
daerah tangerang loker,5
,3
nggak,5
maister injection molding skill silver,3
,3
informasi kerja ilmu,5
baharu bisa neg klik lupa password bisa neg mohon bantu,2
apply usaha alih web alhasil email spam web kunjung hssshhh bingung,2
,5
moga lelah ku nilai ibadah,5
,2
tolong dian translate,3
pas buka perbaharuipas baharu tulis china gitu bisa neg bantu gimana baharu,2
moga kerja sesuai ekspektasi,5
bagus hanya neg apply lowker sni silahturahmi hebat,5
amat bagus owner karyawan calon karyawan,5
mmbntu,5
juang kerja relasi,5
bagus kembang bisnis bagi bisnis,4
linked bagus bisa neg alami eror di neg kenal,3
positif no sara motivasi job seeker,4
jls neg bet susah mesti teka teki spiral dl,1
prtama kali make kasi ok,4
not response when,1
t inspirasi,3
assalamualaikumsaya dulusetelah hasil kerja lengkap bintangnyatrims,3
pepek nonaktif,1
wahh mantap,2
refresh bisa neg gilir logout bisa neg masuk klik lupa sandi bisa neg bantu,2
tingkat fasilitas informasi,5
moga kerja linkedln,5
tarik aktual,5
guna banget uji butuh banget buatbaplikasi iniii,5
error,3
bagus,3
hai masuk aplikasi mudah mnamba wawas,2
aktif kn,5
lamar kerja alih website laindan,3
bantu informasi hubung dunia kerja,5
puassss,5
bantu cari kerja,5
bisa neg diunins,1
qcdi ptmnaptphgptpathlab ind n sia,3
,4
meubel lokal,4
wanita sabar,5
tolong kuis bahasa indonesia tq,2
manfaat bina hubung relasi teman semya,5
bisa neg buka,1
hoax boong,1
relefan,5
kenal,5
klo dah oke,4
bagus bagus bagus,5
ngapain instal,1
coba baik,5
,1
ulas krn gabung,3
manfaat job niaga,4
,3
moga bantu,3
suka,5
harap depan info loker mudah tingkat rating informasi lokasi domisili sesuai tahan kerja lamar online via bantu kandidat anak bangsa hebat berkarir sukses,5
jan download,1
very good for relationship,5
josss,5
keejariusk ms msnmnka,5
jaring bantu bangun jaring bisnis,5
jaring relasi baik,5
gdnice awesome,5
jos banget,5
linkedln oke,5
bantu,3
fresh graduate,5
keren easy use very useful,5
informasi update,5
tets aldi novendru aldi taerr,5
masuk nyuruh milih galaksi spiral milih neg kerja,1
after updated this application i cant make posting change my pic profile everything about upload pic video not working so useless,1
mudah temu cari relasi dunia kerja,5
lumayan muda mudah kerja,3
bagus temu bagi informasi,5
pasang foto profil ganti hilang,5
daftar pas kode verivikasinya ngirim nomer verifikasi nomer hp personal xxxxx gitu program resmi kode ferivikasi kirim resmi aplikasi ada neg nomer hpnya takut jaman skrg bnyk hacker tanggung neg,3
kayak bagus,1
guna moga lebihh dri kmrn baik jln baik jln baik untk depan,3
pake dunia kerja moga manfaat barokah tksajkh,5
halo kenal indra guna ilmu guna,5
thanks linkdlin,5
keren banget,4
percaya,5
,1
manfaat laku usaha bas umkm,5
kasi bagus langsung kasi,2
mudah mamfaat,3
konten awat sakit online iklan kontrol neg,5
great,4
bisa neg hapus sampah,1
the rigth way get work,5
bantu anggur kerja,5
suka,5
profesional,5
lau sya tmbahin,1
yesus,3
bantu cari kerja,5
kreatifitas bagus,5
kerja dr top,5
update keren cuman ada neg fitur cek profile,5
please add a region filter thx,5
no hubung bantu ganti password ganti no tlp,5
,5
not interested,1
njayani,4
sanfi,5
bantu bisnis,5
coba,3
sooo damn good,5
informasi dunia kerja berita bagus,4
mudah karir kerja,5
lumayan bagus,4
mantap n,5
keren banget aplikasi lowong kerja suka moga lowong kerja percaya,5
hibur tua,5
geogle jual pakai merek sepatutasgordeninterior properti bs tambah,5
halaman utama bahasa inggris isi video berita informasi usaha ada neg lowong kerja cari ketemu neg,2
lamar kerja web,1
keep acronym is world first,5
okbanget,5
great n excelent,5
moga jaring luas,5
good aplication for network jos tenan,5
zead,5
help for searching opportunity of new jobs,5
,5
bagus cari kerja terimakasih,5
maxim ojol murah riah,5
hallo nama randy aldhi kurniadi bagus bantu karier rasa sistem bug harap buka jalan salah starup indonesia gojekovo buka lapak tokopedia,5
good,5
mantapsangat bantu,5
mohon luas bidang lowong kerja syarat beri kerja tks,4
apknya mantap dah,5
bunga,5
my best friend make it connection the world of working space,5
membantubagus,5
bantu cari butuh tambah wawasann,5
ntaps,5
moga bs kantong,5
tambah wawas relasi jaring,4
suka moga wawas luas hidup,4
bisa neg baru,1
bagus bantu cari info job,4
ngelamar beli premiyum tay,1
help other people expand networking,5
apasih gaje,1
ajar caramakainya,5
sambung sahabat,3
operator welding,4
lowong krja ditawarkn tingkat profesional tp syarat trlalu ketat batas lamar profesional dlm cari kerja dr segi usia sama dg lamar tengah bawah lulus kuliah gaji tawar profesional sgt sesuai neg dg alam kerja sama dg lulus kuliah informasi lowong buka usaha banyak hnya sbg syarat hrd cari kandidat pd temu calon karyawan bnyak tipu tnpa nyaring,1
info lowong kerja,5
bantu jaring dunia professional,5
bagus manfaat lhoh,4
tipu filter ketat gimana pinter pinter jobseeker milih loker,1
boskalu bagus tambahin neg,4
tambah wawas ilmu,5
faster,5
bagus smoga sukses trusssss,5
nyoba bagus ane ksh lagie,3
pokok recomended,5
keren banget,5
manfaat profesional,5
juang,5
info kerja sesuwai domisilo dongsetidak prsaratanya sma smk sedrajat trimakasih,5
good communication,5
sosial media suka iklim positif bantu kerja bantu usaha temu karyawan moga taun jon sesuai harap,5
karna bantu,5
mayan,3
very excited and very good for meet up with a new friends with good appearance,5
bagus koneksi,5
super digital akses,4
bismillah moga bis bermanfat depan aamiin,5
,5
its okey,5
,5
suka,5
mantap networking,5
bagi lokernya,5
recomendasi masuk,3
mantap kali bah,5
mantap jaring bisnis kerja,5
mah sarjana doang smk,1
bismillah moga manfaat aamiin,5
bantu,5
bagus dapet kerja ny,5
sraz nnr te e tt,5
halo email bisa neg masuk mohon jelas,2
gila gw pasang neg pasang gila yak,1
nyaman,3
inibanyak alam dapat,5
batu,4
susah,1
bantu informasi daya masyarakat,5
moga mudah lancar kerja sesuai mampu amin,5
great really u have try this application,5
keren bantu,5
jalan,5
faham,5
jelas neg buka lowong lamar jelas neg,1
moga manfaat,4
kayak sosmed,3
depe,5
cari beri kerja dunia data cari data usaha cari moga sesuai,5
bantu ken koneksi bidang kerja bom ngerti pakai moga guna yaaa,5
i really like this site a lot of products are offered maybe it can be a reference for those who want find something they want,5
batu,5
mantap,5
manfaat jalin relasi komunikasi positif,5
n,5
cari kerja ok,5
,5
bermanfaatbanget,5
,4
kuasa truk tronton thn,5
info bagus bantu,3
good aplication,5
mantulll brooo,5
bisa neg ganti foto profile,1
very good,4
bagus neg cari kerja,1
,1
siph,5
oke sip,5
ok,2
good luck for bantu,5
hemm bagus update cakep kembang the best,5
skali,5
nyoba tau kerja pas terimakasih linkedln ngebantu nyariin kerja poko manfaat lupa tingkat,5
bagus guna,4
mudah informatif,5
just new,5
axes baca layar,1
ribet,3
maknyos,5
yez,5
good lahsangat mudah referensi cari teman,5
tuti hanta pu telepon amam rew,5
manfaat dg linkein,5
tolong bantu pas lamar kerja alih update nggak tolong solusi,1
update aneh moga kerja saya neg uninstall,3
karaoke fp,5
keren tambah jejaring support karir,5
bagus bantu bangun cv,5
siiippp unduh,4
this is good,3
minggu mengupdate neg wall status error,3
hoy,5
bantu cari kerja sesuai,5
susah uo date,5
banayak info loker guna,5
sukasekali,5
mantap kali ka tolong bantu ka job kerja,5
linkedln sngt bagus,5
i like this applicationit can help me find job,5
lesgo,5
mantap selamat pagi rekanrekan kenal hanan darmawan barangkali rekanrekan butuh jasa terbit jamin bank garansi bg surety bondasuransi proyek bos procedur cash neg collateral jenis bg sb jamin tawar bid tender bond jamin laksana performance bond jamin uang mukaadvance payment jamin pelihara maintenance bond jamin bayar paymen bond spd jamin bayar asuransisurety,5
,1
baik ajar ilmu,5
knapa gni buka lindkedln lari hadeuuh kecewa jelas neg,1
kali,3
satpam,5
ok,5
lambat lodinhnya masuk,2
bagus kenal sukses dunia kerja mereperensikan kerja kenal karakter moga unatuk bantu butuh relasi peluang kerja,5
bagus,5
sya guna linkedlnsangat manfaat tunjang wawas disiplin ilmu pencapain dunia usaha budaya dri latar belakangsemoga linkedln sukses,5
good application relationships among workers the world thank you,5
senang linkd n bantu koneksi jaring,1
moga dapet kerja aolikasi,5
ajar,3
job recommended,5
sip,5
good,3
i worker,5
nyoba moga sykses,3
keren tampil histori,4
fitur linked stories samsung a android update thanks,4
bantu cari kerja,5
bagus,5
guna,5
email ku masuk pasword ku masukkanudah ku konpirmasihkan gmail ku konpirmasihkan lagitolong perbaikin,2
bitang an,3
woww amazing,5
senang,5
tuhan yesus kati,5
bantu profesional bangun koneksi jaring sukses,5
help me awesome,5
luaaaaar biasaaaaaa,5
harga,5
gus mifto,1
bagus admin koq posting muncul neg beranda,3
bagus cari kerja,5
bantu trims,5
bantu proses cari kerja,5
uu tutuiuhj,5
biak bos,5
useful for everyone,5
mantap beselancar keman temu teman temanpokoknya mantap keren,5
banget lowong kerja bagus bagus,4
ubah profil kinarja karyawan,5
,5
slmsaya familiar dgn metode manajemen simple tangan suply chain dr mesan material managing gudang mnaging prosesschedule line balancing produksiwip finished goods orientasi dead line delivery forecast sales level stock acu pd kbutuhan produksi dgn continous improvement team operations manufakturing development menghasillkan leadership busiines proses excelence dorong usah saing dgn competitor positif,3
terima,5
bisa neg buka,1
iam as a local birding guide since till now merauke region west papua indonesiaspecially wasur national park and other areas near merauke region,3
ajar,3
bosun experience ahts and psv operation offshore mexico uae asia indonesia,5
andika,5
sangag guna tambah wawas koneksi,5
nice and great,5
muas cari kerja lokal negri,5
tolong bantu tul lamar kerja,5
profesional helpfullness,5
,4
saangat bantu kerja,5
kl downloadnya gampang bisa neg hapus guna neg lamar lowker jancoook,1
yes yes,5
moga manfaat,5
tuju dgn,5
nonaktif terus ngapa neg ngapain butuh banget tugas kuliah bikin kali payah banget nyusahin,1
bermamfaat,1
nungguin bilang i love you nungguin mui tuju lebel halal botol ciu lgi gabut wkwk,5
professional,5
nyoba,5
tolong erti neg saat lamar kerja arah website,3
taksi driver,2
dagnut,5
ntap,4
mantab bantu,5
yes good luck,5
maka,3
tolong bantu media,5
bantu bagi cari kerjauntuk info putar kerja lowonganperkembangan dunia usahamenambah koneksi teman sahabatterimakasih,5
kali kali nonaktif mambantu neg malas sya hapus,1
ngagur bermanpat banget yng rumah moga cepet nemu kerjan yab,5
f c v,2
bagus bikin yambah wawas,1
linkedln temu dalam negara kenal bantu informasi dilinkedln buka jendela dunia biasaaa,5
bismilah,5
cocok cari kerja tambah koneksi sempat kerja,4
this is very nice,5
respon info lamar,5
coba duly,5
alhamdulilah instal linked lihat penjuru dunia thanks linked bantu my bisnis,5
usaha,2
bantu salam semangat,5
woww good,5
coba ngak pas hapus langsung,5
baik terimakasih,5
puas maksimal,5
good experience get new opportunity work,5
apps recommended topik angkat putar dunia kerja manfaat kembang karir samping sempat open networking off course,5
mmmmmmmm mmmmmmmmmmmmmmmmmmmmm mnww bck,4
sya lbih bnyak tau info lowobgan pkerjaan,3
bagus nermanfaat jalin hubung teman bidang kerja,4
need more job information,5
gila darah buat beku bisa neg pakai ungu,4
bantu maju,5
efektif cari informasi kerja informasi wawas,5
dunia luas,5
design wwt audid energi and environmental,3
kkkkkkkk puass,5
well application fot job seeker,5
tema gelap android dunk,3
h,4
nyesel aktif update versi ngebug buka buka mending uninstall,1
supppper,5
bagus profesional but for now why all the user like facebook deferrent with fb im borned,1
mohon info bantu lowong kerja real,5
mudah mudah bantu lamar kerja,4
markotoptoptop,5
bisa neg balas pesan,1
bagus tambah jejaring,5
gud profesional,5
nice,4
mr ayah aftulchabib bunda tatistibahati mys ayah bunda,4
sulit kerja,1
oke,5
sangatt bantu kerja,5
gabung ah klo bagus,2
mancin,5
cewe bsa boking,5
great apps,5
bagus bantu,5
kerja,4
kerja ada neg henti,5
ratu kiduk,5
depan wawasansharing maju jobstreet ubah,5
if you can give me back my restricted account ill give u more stars just a dumb suddenly restricted account without permission and never give any solution if i dont need this for my business ill never install u,1
goodrespon cepat,5
im bachelor degree from civil engineering i have experience building housing hotel hospitaly road industry etc,5
mantap brofull rekomended,5
ogah ahh bnyk mkn memory hp ogud,1
terimaksih bantu,4
joss pokoke,5
good job,5
baguswalaupun memdapat kerja linkedlntetap semangat usaha,5
bagus sngat bantu,4
coba mengunakan linkdln,2
bagus lamar kerja wajib inst,5
bagus bantu,5
mohon maaf salah taruh ahli ubah,5
maju,5
bagus,3
dapet kerja,4
bisa neg upload video,3
,4
trims,5
ok bantu,5
manfaat bantu berkarir penuh edukasi positif,5
cobal,3
best of the best profesional worker,5
cari kerja susah bantu informasi mengunakan,5
bagus,5
moga manfaat,5
bantu bagi cari informasi kerja,5
moga sukses,5
dapet kerja,1
driver slama sim b polos laring paket,1
ubah lokasi susahgagal,3
susah erti kayak bos,1
bagus informatif profesional,5
terimakasih,3
beda dgn bnyk kenal teman bidang pekerjaantrmksh,5
nggak email coba kali kali nggak,1
suka,4
guna calon pra kerja,5
lumayan bagus,3
mantabbb good job,4
prakerja tambah ilmu,5
agido,1
bantu,5
email dapat neg verifikasi kendala email gilir bikin pdhl email dri pke gilir lmr krj ora iso,2
semangat pagi menang,5
moga mudah cari kerja,5
thank u bantu moga impi,3
modal usaha,5
download,1
i like it,5
alam warehouse gudang paham cek masuk barang gudang fifo kendara forklift,5
good job not bad,5
good social media,5
tobot galaxy,5
l,2
lamar kerja mantap,5
linkedln,4
mudah mudah bantu,3
bantu cari inpo,5
lumayan cari kerja,3
ok jjj,5
bantu kembang network,5
,4
ok suka,5
,1
upgrade bisa neg masuk ampun suruh upgrade kemaren,1
bantu hubung orangorang profesimantul,5
ok rekann kenal,5
,5
klw pas email pake verifikasi pas dijawap ngk emosi,1
valid informaton,5
mantap aplp,5
ngentot bisa neg,1
sanggat puas,5
good connection platform,5
maju trus ilah baik indonesia,3
karna hubung singacir,5
lambat,1
kenal karakter orangdari situ belajarlinkedin mantap pis,5
mantap,5
manfaat mudah,5
josd,5
info lokernya update,3
so good so like,5
situs tipu loker,1
good pis,5
,5
bantu cari loker,5
lirik pesan andal biar download buka aplikasi,1
good profesional,5
tipu lowong untung berangkat bal,1
linkedln baikmembantu banget cari kerja kerja bangun komunikasi,5
bantu dlm cari teman kerja,5
coba,3
bagus kenal publik,5
mudah mudah info lowong kerja,4
google potensial kembang bidang komunikasi ok thanks,5
bantu kerja,1
sorry retingnya appnya,1
suka,4
belm sya gna knjdi kash bintng,1
baguuuuuusss,5
linkedln upgrade nonaktif bisa neg buka linkedln mohon bantu buka linkedln pulih terimakasih,1
mula,3
keren banget,5
ffi,5
love this open mindset worker object training of intuition create good content and good insight,5
awesome,5
dewasa,5
nyedot pulsa,1
,3
terbaikmembantu butuh,5
moga temu mitra kerjasama,5
good and amazing bantu,5
job,5
,2
bantu jobseker,5
nicee,5
bantu dapet kerja semangat hidup juang keeps smile and self healthy,5
mining open pit fropesionalpop minerbalicen cy police bfamiliar excavatorloderdozergradertruckgood leadershipdisplinneroriented mine target prod liading pointhaul riadaccessdisposal west dumpdewateringexcecution mine design mpeexperienced spv prod levelheoperatorspull certification by mine dealerh heavy epuipment ability crew mining ship by shiprostered man power shipoprdriverchekerall support crew minimize prod costingbujeda and hard working mine target,3
bagus baik,5
terimah appk ni bantu cari inpormasi moga manfaat suka good,5
bismillahmudahan ak dsini gmpng mendpatkan pkerjaan baikdn cpt mndptkn,5
lumayan amplikasi fungsi,4
muas bantu cari kerja,5
bagus promosi product,5
bug upload video glitch menu utama komen company ribet heran aplikasi microsoft bug fiturnya optimal,1
ok muas dunia bisnis,5
dah loker respon,3
terima tim kerja,5
ngabantu,5
,4
ok lahlbh diupgrade lg komunikasi,5
,5
bantu cari info loker,5
run,4
alam kerja thn bidang sepatu sepatu merk nike usia kendala kerja semangat kerja muda usia kepala semangat kepala hehehehe,4
alhamdulillah bantu cari kerja terima,5
bangkit listrik bahan neg bakar plm permanen magnet ganti peran sumber energi baru,5
nic,5
mantap mantap,5
bantu banget jaring wilayah indonesia,5
terima bantu,5
veriy good,5
dgn mudah kerja,5
bantu kembang,5
terimakasih bantu lgi,5
i want try,4
happy,5
bismillah moga kerja cepat,5
terimakasih,5
medsosnya jobseeker marketing purchasing,4
,5
bagus,5
good koneksi tambah,5
banget cari informasi kerja,4
mudah kenal dgn siapapuj,5
busnis yes,5
alam kerja bidang plastic molding injektion operator produksi helper teknisi,5
update,5
bantu cari kerja,5
good for career,5
keren,4
mantap appsnya interaksi usernya oke info putar lowong lewat neg,5
buka jasa sketch wajah lukis tote bag pasar media sosial whatsaap facebook instagram shoppi tiktok,5
good services,5
bagus usaha ku tinggal ada neg pakai haha,4
puas,4
job job,5
ganggu terang salah,2
top and good,5
banyak tipu lokernya dateng kantor ehh biaya admin hadehhhh parahh lahhh,1
sla,5
guna jalin networking profesional,5
bagus mudah,5
trims,5
reting bisa neg tolong defeloper gimana solusi,1
bantu cari kerja,5
nice and give inspiration,5
instal bisa neg,1
mantul bagi bisnis,4
lom kaji rinci blum paham,4
moga bantu cari kerja,5
minmudah mudah cocok manfaat yeterimakasih,3
profesional social media hubung lintas profesional kerja,5
lumayan bagus beda,4
mantap senang,5
good luck,5
mantaf abis,5
bisnis,4
brulll,1
bantu cari kerja mudah,4
good aplication,5
tau bagustidak,2
instal apknya muncul neg dekstoplayar utama handphone tolong respon,2
marketing,1
ok ni,5
blum paham ajar lamar linkedln,2
topmargotop,5
tampil,5
manfaat terimakasih,5
mantap,5
aplikasi mantapsangat bantu beraktifitas,5
stars for you,5
sdah bagus trus berivasi bisah saing,5
cerita mreka alam tambah,5
informatif mudah luas jaring kerja,5
upload postingan gagal cari koneksi komunikasi dg guna hubung gagal total baik spy cepat respon,2
bantu,5
bantu cari informasi jaring,4
top sukses,5
tau muas,5
urus kerja the best,5
ok jg,5
moga bantu,5
profesional,5
bantu kerja,5
bug,2
,4
very exelent help us and share with any profesion,5
great good baik pis manfaat jobseeker,5
bijak di neg pandang baik tata dunia,5
alhamdulillah mudah utama relasi sebar tambah sei donesia,5
good application for profesional employer connecting sharing and caring,5
driver dt operator hdoht foremen priduksi,5
bantu cari kerja kontrak suasana kerja bidang kerja lokasi negeri negeri sedia,4
good,2
tukang jait sepatu,5
bagus berita lowong kerja,4
oke,5
its oke,4
cari informasi,5
provider job inside the are pretty difficult not simple as we send the reguler email,2
berita ko nonaktif anehh apakahh padahl gw updet cumb promo jasa doang engg bau nrgatif,5
jual mobil,5
dukung cari pekerjaaan tambah wawas jaring teman bisnis kembang bisnis,4
hi admin why i cant add friend my please repair your apps so that your apps can useless other thanks,1
hatihati lamar lowong kerja tipu,2
mantaappp cuyyyy,4
bantu cari kerja,5
ssmoga hasil aamiin,5
mudah erti bagus mula,5
good aplkasi,5
cari kerja,5
lamar download,3
spam,5
informasi loker mudah,5
ko donload bisa neg masuk donload tipu,1
kro teman pakai premium,1
provider job linked ribedga bikin simpel,2
dl bljr,3
hidup kadang tindas tindas gantung jalan hidup ini tak seman kembang gula,5
pas,5
masoh ngerti gimana aplk ribet,4
bantu lowong update neg belibet iklan jg,5
nyari kerja lamah neg ngisi data kerja pt kerja aneuh,2
kaya sosmed,5
pake juga neg rekomendasi kerja,1
terus juang tolong butuh kerja,5
rain on me,5
ranty sumy,5
terimakasih linked bantu,5
an lengkap neg cari kerja wilayah kota pekan kotakota ada neg,1
goodjob,5
linkedlin mantap,5
cari kerja liat neg konten postingan orangorang sukses anjing,1
linked bantu,5
bantu tambah jaring ber bisnis,5
semangay,5
suka,5
senang,5
no coment,4
bantu banyak silaturahmi,5
hear of sales pt asia jaya mobilindo mazda cibubur,5
fh,5
,5
posotif,5
halo debit atm langgan unconnect kartu debit settimg google langgan neg sia sia dollar resesi tolong respon donk,1
hapus,1
,4
tolong developer linkedinsebelumnya saya neg buka ulang input password salah repassword da say dri verifikasi identitas bsa tinggal nunggu balas cek email hasil ulang dri gabisa ulang,1
oke,5
uptudate biar optimal,5
tolong informasi lowong kerja akurat banyak atas nama usah tipu kali lamar tipu mendowload harap perhati benar rugi masyarakat cari kerja masyarakat mancarin kerja jangaj main,1
koki masakan indonesia chinese food,5
manfaat mudah linkedln terima linkedln,5
sangattt bantu bagus cari kerja karna info neg loker,5
sip mantap,5
sampah kaya gin didownloadbikin emosi ajah,1
alam jalin informasi tarik pembisnisbila informasi modal bisnis,3
pernah neg pakai,1
thank you aplikasi cuma neg cari loker buka relasi luas,5
cigin laghi e,5
semangat cari,5
lowong kerja tipu,1
,1
positif kalang pokoe baper,5
moga cepat kerja berkarir,5
jos markojos,5
tugas,5
pls automatically for updating,5
knp nonaktif gimana aktif,3
bantu cari informasi kerja,5
bagus manfaat,5
halaman isi promosi penting neg dukun sugih mo cari kerja dukun wkwkwkw sry kasi,1
medsos pro baik,5
alam kerja pt cahaya plastindo pt bumi menara internusa,5
masuk moga manfaat slalu,5
ajah,5
tolong tingkat jangansaya kcewa bnyak lowong sih uang sbelum pekerjakanpnipuan,1
,4
sama,3
moga sukses,5
tambah wawas,5
tolong bantu gimana daftar tulis mentok selamat mohon cerah,3
lancar lancar,4
terima tingkat performa signal hp pancar signal,3
bagi alam teman dr kalang,5
appnya bantu banget kawankawan cari kerja,4
ef,3
maaf krn ajar gobann dgn tawar jasa bgmn,2
jual beli,5
,5
great apps,5
bagys,5
siipcepat,4
tolong baik aplikasi user dapat neg buka personal pernah neg tindak langgar atur,3
nice this aplication,4
welder combinationsmawfcawmigalloyssaluminumstick and tigand gouging auto tankg ltgegw gavw,5
,1
kendala bsa neg masuk,2
enak mudah,5
kakutdk fleksibel informasi garingtidak asli,3
manfaat moga sukses,5
,2
jaring hubung praktis,5
cafe and resto,5
aktif,3
nice,5
very goodconnect every one,5
ok siip,4
hp,5
apa bentuk duplikat data pribadi coba publikasi pribadi org bagi intim uud sengaja publikasi acak mengclaim uang rekening pribadi tolong ihk tindak lanjut agen td sebut lewat batas rugi laku sedikit neg hari mengclaim uang ratus situs resmi id ofliinekan,1
sbgai sumber berita ulas lintas berita bgi baca sampai berita,5
nnti naikin baguss,3
sedot wc mandiri,5
applikasi jejaring baik,5
thanks linked,5
good job sasar cari kerja,5
best application,5
instal android tab a sistem lolipop bisa neg support neg lolipop,1
tahan layan ketat awas produk abal abal,5
bangun karier sesui ahli,5
oke mksh,5
very good and simple use,5
moga,4
kerja keras bhagiakan tua,5
bantu joobseeker,5
kren aplikasi,4
anthony azmingo lingkung hidup sumbar,5
bantu cari kerja,5
ome,5
sesuai butuh,5
welder at aramco,5
ngrti neg gunainnya bisa neg buka,1
temu sahabat alam dlm profesi,5
tolong cek dr pagi td postingan ada neg ubah bajak,5
nyari kerja,4
platform bagus,5
nice and easy use,3
infornatif,5
kecewa,2
tuduh alat otomasi kirim undang guna neg,1
,5
good aplication,3
moga may,4
alhamdulillah info loker,5
tau,5
bru lihat kerja,1
mohon bantu nonaktifkannonaktif sadar pernah neg buat rugi melangar tentu mohon bantu terima,1
lumayan bagus,3
terimakasih,5
baik mudah manfaat masyarakat,5
donwlond,5
sukaa,5
bantu bagus,5
good and really inspiring thank you,5
info continue top,4
awesome,5
bantu,5
architextural,1
bantu guna,5
slowly but sure,5
komplit kurang iklan feed storytks,5
aplikasibgus,5
tess,2
budidayajamurtiram,5
bsgus,5
bibit id prayitno,5
sulit bs buka,2
greattt,5
ajah,3
lagibaysk,5
ok job,5
very useful thanks a lot,5
media sosial profesional,5
,5
bagus cari kerja pandemi,4
manager kebun,5
oksiip,5
update pas klik tetep bisa neg buka tolong fix problem,3
guna cari kerja tambah temanteman alam,5
bagus banget,5
bank danomon kendari jabat account officer bank mega kendari jabat team leader ukm pt endap mineral andal semesta pt bososi pratama jabat finance division,4
dl ajar,1
sip salam kenal sudut desa,5
bantu koneksi lingkung kerja,5
simple ringan manfaat,5
hebat percaya,5
coba,3
coba untung kerja,5
klo bagus br,3
kembang tolong baik mash tipu cari kerja bikin usaha terbit info lowong kerja asal neg bikin profil usah dgn kolom komentar linkedln info lowong jelas neg tipu,2
nup,1
very helping and usefull,5
bidang terna,3
mudah peluang bisnis rejeki manjur god bless,5
keren mnrt su kumpul positif,5
bagus mencobs,5
siti asitia,1
juang pahlawan,4
paham appl inikegunaanya soryy,1
kini,5
top,3
bantu cari kerja kerja da inspirasi biasadan sukses kenal sukses,5
bantu cari relasi usaha kerja nice,5
,3
terimakasih bantuanx cari inpormasi loker,5
bagus stop working sayang mohoh baik terimakasih,3
mantaaappp,4
toko,4
ijazah sma usah neg download takut insecure,2
ada neg manfaat,3
maaf ksih,3
siiippp,4
,2
easy for used,5
buruk mohon baik,1
posting tapiii gagal,1
partnership,5
,1
,5
bagus jalin profesional bidang cari kerja,5
otp,5
nice good job,5
bagus,5
blum kerja linkedln,3
oke terima,5
salah luas jaring kerja,5
join application lihat kembang job depan thanks,2
great experience,5
nglamar hoax ada neg panggil,1
topp,3
yosh,5
bantu buka temu orangorang hebat seluruh dunia kait usaha kerja salam,5
mantapp,5
profesional jembatan ilmu pengalamanpengalaman aplikasi dunia kerja relationship,5
anehini jejaring sosial follow undang teman blokir terang tangguh krna guna alat otomatisasi guna neg alat otomatisasi nama jejaring sosial bebas donk banyak teman batas,1
bantu,5
mas,1
manfaat teman loker,5
bantu terima,5
bermafaat,5
blum kasi reting,3
suka dengqn gagas,5
cobadulu,5
gabisa download,1
ok thx,5
bs neg update status dah update,3
bantu,4
blum buka sepenuhx,1
foto kini jm,4
xa stories,3
moga manfaat pakai,4
bagus manfaat,5
sya klau oparasi aplikasi bagus sya tambah,3
anjirr ni ribet mo lamar mesti nulis ulang alam kerja alam kerja mo neg sombong ribet nulisin lg ribeeeetttt,1
if you have power you must be a winner,5
usefully,5
susah download,2
keren keren keren,5
cari alam tahu,5
ok aj,5
mas instl nyobain,2
dapet kerja mantap,5
recommended install this application,5
sungguh tambah wawas hubung pikir positif mudah interaksi sosial harap jaga postingan kandung sara moga baca postingan sifat didik bravo li god bless,5
masuk bisa neg masuk nonaktifkanperasaan pernah neg nonaktikan gimana kembang bikin ribet guna mula,1
increase knowledge,5
dsini,5
loker,3
semangat,5
job,5
bagus info loker,3
gimana,1
awsomeeee,5
bom lampir nomor telepon teman,1
good applikasi,5
bantu cari rekan kerja cari kerja,5
great for our bussiness,5
ok seru,5
yes ok good,5
asyik ajaisinya profesional,5
informasi kait profesi,5
cari informasi kerja lowonganini,5
moga bantu kerja,5
bikin company page gabisa mulu interface bikin bingung nyari bikin company page menu help diikutin instruksi tetep gabisa menu instruksi interface aplikasi sama neg,1
sya bru ajar guna,3
bantu karier bangun networking,5
thanks info lowong kerja sayang terima,5
tolong ngk masuk,4
batu cari kerja,5
afternoon sis before apologizing why my account was deactivated i have already created a new account but keep it deactivated what do i do i have already verified the id card through the laptop but still cant ask for the repairs i need it my id card has been scanned and stil l cant because,1
bagus cepat jalan titi karier sukses,5
gaje info loker jelas neg ada neg panggil maksa update,1
bagus bg calon penguasaha bisnis krn inspirasi nilai neg,5
nice n good,5
moga bantu kerja sesuai passion wallet,5
i like,5
job apply langgan premium info loker posting apply arah situs dimna sign up situs masuk mudah apply lamar kerja,3
professional business,5
aplikasi bisa neg diuninstall,1
guna untk cari kerja,5
wawas,5
good aplicasithanks,4
good banget,5
ignited,5
bijak,5
mator suwun,3
intalasi sipil baja ringan plapon kusen almunium,5
,5
bagus bermaanfaat,5
puas,5
set wae,3
oke instal,1
bagus,3
informasi,5
jios,5
ikut tayang chaenel suka muda mudah bagus tarik,5
mudah mudah kerja bantu,5
bantu jobseeker,5
ribet gunainnya kyk neg belah tinggal apply,1
kasi klw beneran bagus kasi,1
bagus ajar motivasi koneksi profesional bidang kerja,5
baikk,5
,4
bantu luas jaring kerja,5
guna,5
moga sukses pekerjaankuamin allah,5
bantu dlm komunikasi,5
cobatp lumayan bantu,2
bantu,5
manfaat komunitas jobseeker,5
cepat,5
bagus profile individu prosesi profesional bidang individu,5
sesuai neg,1
oke,5
manfaat info terimakasih,5
cc t wf b,4
mantabb,5
info kerja luas,5
oke bantu,5
mantap,5
,3
bantu cari kerja tahu salur ilmu usaha bakat mudah seluruh dunia individu maju tangguh pribadi kuat,5
guna bgi cari kerja,5
familiar,3
bagus bangeet,5
suka bantu,5
bagus kalin,5
kenal dunia profesional terima,5
hilarous moment yet bonding time cherish good memories and share stories of achievement life family education working area entrepreneurship pro bono consulting and alive learning platform order maintain between career paths experience curve x education learning curve dos jeff w families,5
baik layan loker butuh akurat,5
bagus banget aplikasinyasangat bantu,1
goodjob,1
moga tambah wawas dunia,5
minggu aplikasi buka close,1
tolong banned nama asi dwi setianingrum beliau ambil nosaya sbg masuk bkl lapor wajib,1
everything is good for the info,3
zoom sekolah online tari balet sebagainyatadi hapus,5
suka aplikasi,5
bantu kuat koneksi dunia kerja terima creator team xoxo,5
paham program komputer akuntansi sap erp accurate excel pajak all tax ppn control werehouse internaltaudit analisis finansial report exim internal audit accounting project perban rekonsiliasi marketing intern extern,5
driverofrator porklif,5
bermanfaatpada situasi tau maaf pake pas zaman kulia aj,5
membantuterima,5
informasi bagus,4
bagus si hp gw muat neg anjing,5
bantu hubung cepat,5
,3
design grafis,5
bagus kesan,4
good,5
bagus bantu,5
guna mudah guna,5
banyak lowongang tipu bgst,1
mudah cari peluang lapang kerja sesuai alam good luck,5
fine,5
info loker masukkok dominasi surabayadomisili tegaljateng,4
manfaat thx,5
much information this,5
mutu coyy,5
pedoman hidup,5
good aplication,5
mohon kembang mudah cari kerja cari kerja mohon awas perusahaanperusahaan tipu uang walk interview terima hormat fidal jourdan christian,5
sosial media positif mudahmudahan jaga,5
expanding the network and its development,5
thanks linkedln,5
nonaktif gmna tau gmna biar aktif,5
jos,4
profil bisa neg pakai foto upload kali,2
mebcobaa,5
tolong baik force close isi form data apa terimakasih,1
bantu temu solusi kerja,4
oktolong feed,5
moga bantu,5
account excecutive ptindolife pensiontama thn,5
nice,5
good relationship among profesional worker,5
mudah upaya kerja penuh kerja paruh,5
,1
mudah jaring,5
,5
nyoba ntar bantu manfaat tmbah bibtangnya,3
bantu dlam cari relasi ruang lingkup dunia kerja,4
coba,5
paiping kontraktor listrikbersertifikatpernah ptjayanti grup baglistrik bersertifikatdp ptindocater sertifikat sekarangkarena korona rumah,5
listrik,1
,2
ajar,5
recommended neg,1
no comment,5
bagus syh,5
good order,4
nawe,1
bagus,5
semogga sanggat bantu,5
recomended platfrom media social,5
susah buka,1
top partner situasi,5
manfaat fitur lengkap,5
erti pelajjari,5
this is amazing where every one can share their experiences and opinions so we can know which is the right,5
manfaat,5
paham entak knapa nyaman linkedln mensos mositif,5
bantu sekaliuntuk hubung teman teman karier gai usaha,5
feeling good,5
nice tons of knowledge improvement networking,5
bantu wira usaha,5
helpfully,5
nggak tau krn instal,2
,3
lupa linkedln ku,5
bantu good,5
baca motivasi lokernya,5
kerenmudah cari kerja,5
moga kerja,3
kerja,5
membntu kembang jejaring portofolio,5
goodd,5
bukadaftar nulis spt dimintaeeeehh lg kali,1
moga fasilitas guna maju,5
salah platform media sosial tepat platform personal branding,5
n,3
great as well,5
no togel,1
bagus cari kerja head hunter,5
bagus bantu,5
love it so much help my professional community a lot of features can be used,5
nice,5
moga platform percaya memeberikan info lapang kerja temu,5
moga bantu kerja kluarga linkendin,5
biang men,5
dukung karier,5
moga dapet jodoh,5
,5
,4
oo,5
pesan guna mohon bantu gaya postingan update status tempat contoh postingan nyinyir sindir instansi publik pancing komentar manfaat neg hubung neg dunia profesional kerja kotor media online kelas silah lanjut attitude baik neg media thx,5
operator engine roomloaderboilersterilizer,3
terima info,4
susah ribet rumit jelas neg info jga nyesel klo download dh,1
sulit banget bisa neg,1
,3
mengikutin linkedn cari kerja smoga mendapatkn kerja,5
donlooth mudah kerja pasitif tingking,5
bantu cari kerja hebat penguna,5
bantu kerja,5
bisa neg unggah foto paksa unggah otomatis tutup,1
moga bantu dlm cari pkerjaantrima ksih,5
bantu cari kerja bantu,5
mantap insfiratip,5
the best,4
terimakasih bantu,4
moga bantu,5
suruh muterin bola susah serasa ejekkkk ngatain klo bener manusia emnk anjing main hp,1
hse,5
bagus hadir dark mode versi,4
karna kenal freshgraduate ceo usaha moga kerja aamiin,5
cba,5
bagus temanteman profesional nambah wawas,5
kenal,5
bingkai salah inovasi bagus gerak cepat butuh guna,5
easy,5
bicara tpi bayar,5
steam turbine specialist,4
very good social media for search job,5
cobak manfaat,2
mudah jobseeker recuiter temu profesional wawas luas apa,5
easy find job,5
pakai jaring profesional jaring medsos beda banding jaring sharing hubung dgn dunia kerja perush apa pokok sifat positif teman rekan kenal via kenal dunia nyata kerja sesuai dgn masya allah moga sukses kembang aamiin,5
good information job,5
yee,3
semata neg mata peluang kerja tambah wawas dunia kerja,5
goodservice,5
dpat neg uninstall beritahu meng uninstall,1
support,5
usfull,5
mantap cari koneksi relasi,4
familier ok,3
mudah praktis loker mantap,5
hati nyari kerja via online tipu,2
mantap maju kembang,5
interested,5
bantu cari lowong kerja batam,5
bantu cari kerja relasi,5
simple mudah bantu koneksi kerja,3
senang relasi bagi informasi cepat moga fitur fitur tambah jadi the best,5
fhoto aset ppa jambi,5
mudah cari peluang kerja,4
keren luarbias,5
mantaapppp,4
info akurat,5
mithacanopy,5
mantap neg,1
sgt suka,5
lot banget update doang pdhl jaring inet oke,1
bagus bermanfaar tambah relasi,5
motivasi,5
alam driver forklip,5
ok,5
kerja sedia aplikasi mayoritas halaman bisa neg buka lamar lowong expired akses not recommended,1
useful,5
bagussss,5
jaring kerja,5
why now if post it always crashes and when again upload is queued,3
all good amazing,4
bagi ilmu,4
bufferingnya detik masalah premium apps huhu,1
bagus senang,5
mudah lengkap,5
job seeketered,5
bisa neg akses tau neg,3
thanks,5
top moga sukses,5
mudah bantu,5
luas wawas,5
sanga bantu,5
posisi bldg manager pt sgrs bni jakarta,4
,1
gratis bayar,1
batu,4
bagus bangga linkedln,5
hapus ganti email linkedln gimana ko gabisa trmksh,5
tarik dapat,5
bom masuk,5
ko kemarin download gamaju sampe skrg,1
ngak pake downlod ngak buka,4
,4
vv mben nggak papa,1
bagus klo lancar top,5
bad nonaktif,1
manfaat tambah sahabat lowong kerja,5
batu,5
moga bnyak neg iklan,5
keren,5
good relationship,4
bantu jalin komunikasi pekerjaanthank so much,5
bantu cari kerja blum kerja dari apl,4
bantu cari kerja hasil semiga hasil,4
masuk bikin ribet bolak instal,1
mengupgrade kaya wawas dunia kerja tambah networking baik pokok,5
buyan,1
mantap,5
mudah cari karir,5
knp nonaktif,1
ex driver ptcakra karya nusa,5
smoga bantu,3
kerja kerja kerja hasil menghianati hasil,5
manfaat banget nambah pertemenana cari bagi info tentang neg loker motivasi kerja,5
operator boiler,5
lanjut good,5
langkah ambil,1
asa profesional,5
baguss,4
jaranf buka tp baru teus,1
bantu cari kerja relasi tahu salur ilmu bakat usaha mudah dunia isi timpa ilmu individu karakter maju unggul tangguh pribadi kuat sungguh takjub dgn aplikasih akurat percaya percaya manusia kembang bakat ilmu talenta ekonomi tekhnologi kemanusian moga salalu,5
kesal download bru suruh upgrade gimna kali,1
mudah mudah kerja sesuai,5
ok banget,5
koneksi profesional,5
keren tunjang bisnis,5
q,5
,1
situs situs ikutisaat add tandan dalam tokoh dunia mumpunidan kali lupa neg,3
informasi akurat,5
continuos improvement,5
aflikasi bagus masyarakat,5
bismillahirrahmanirrahim,5
terima linked lanjut,5
terimakasih linked,5
every information is provided more clear,4
i love use this for personal branding thank yoi,5
piter,5
moga manfaat,5
bantu cari kerja kerja linked,5
motivasi sukses,5
thanks,5
kreatif dgn fitur manfaat muda komunikasi terimakasih,2
suka,5
payah mudah bannedsering me non aktif account sebab neg ingat neg salah satu kena,1
berani rubah quality presentase,5
manfaat bantu,5
bantu,5
multiusage,4
bantu memperrmudah cari teman pwkerjaan,5
manfaat kembang hidup hidup,5
point az ntar klo ngebantu,3
preet,2
great experience with,5
terima informasi lamar kerja koresponden,5
bantu,3
job bantu manfaat good job,5
nal orangorang kerja propesional,5
usaha mebel import,1
manfaat tambah wawas tahu,5
eror cek profil foto lelet suka eror,1
alamat teman sudahlaama sua neg alhmdulillah allah hu akbar syukron masha allah,5
mantap keteu jodoh,5
logisticstrading and suppler produck briquetepalm kernel shell and palm kernel mil,5
loker lari blogo cantum no wa pas cek usaha jelas neg,1
info lowong kerja baru,5
aplikasih bagus mecari kerja,4
bagus sngat bantu,5
mudah bantu cari kerja,5
easy use,5
solutif,5
excllence,5
mantuuuulllll,5
aplikaei bantu cari info kerja koneksi usaha terimakasih,5
suka informadi,5
bagus bantu,5
good performance,5
guna cari kerja,4
cepat akses,5
informasi ter update,4
cobah,3
simple berkratif,5
bantu cari info pekerjaansehingga profile cari loker,5
andal muat temu berita untung,5
riweh loginnya banyak iklan,1
bagus banget,5
mudah data,5
recomend,5
good is the best,5
informasi bagus,5
verry verry good and helpfull application i give five for you,5
mantaappooo,3
minggu aktif neg linkedln buka nonaktif,1
insight,5
hapus ahli linked gimana ada neg ikon hapus,4
informasi moga manfaat,5
bagus moga allah mudah mndpat kerja dsni,5
so far so good for the function jobseeker,5
tolong baik jaringannyalelet banget main video bisa neg elearning,1
terimakasih senang,5
trimakasi bantu dlm cari kerja temu dgn org profesional,5
cepat,5
good bro,5
profesional keren,5
informatif manfaat,5
error,2
bantu cari kerja,5
very user friendly and useful,5
wonderful and amazing around the world with linked digital,5
bantu kerja cari kerja milik usaha kelola usaha,5
coba,5
moga,5
thankyou,5
ilmu lowong,5
good solution,5
mudah,5
inspirasi neng banget ketemu dgn org bidang bidang sales marketing finance operation sukses li,5
mga nie bs bantu,5
mhon baik lg,4
alam ptpanca duta kerja tugas sekolah praktek kerja lapanganmagang,4
appbagus,5
moga cepat kerja linkedln iniaammiinnn,5
ok,5
best media for professional,5
bangun relasi komunikasi,5
tukar alam informasi kerja relasi,5
now is better than before,5
manfaat perihal lowong kerja koneksi tambah tahu terampil kerja,5
it is very nice linkdln aplication,5
bantu luas jaring bisnis,5
sungguh manfaat,4
bagus mantap sosial business,5
moga untung kerja sesuai harap menginstall,5
good efective,5
bantu mantap,5
is good,5
mantap bantu,5
simple akurat,5
manfaat,5
pom,5
alam beda,5
sang,5
manfaat,5
pakai moga temu job sesuai dgn basic dsini,4
hasil dpt kerja,1
satisfied,5
drever truk,5
smga dpet kerja amin,5
nyepam email ada neg satu cv w terima interview nasibnasib,1
ikat mitra bisnis rugi,1
,5
harap koneksi kerja sesuai,5
i like it,4
cari jalan,5
clash of clans,5
alhamdulillah postingan hasil temu mitra bisnis karyawan hebat terimakasih langsung,5
good for jobs sharring network,4
helping find job,5
paham,5
,5
lelet connected internet problem utama,5
ko susa masuk,3
senior accountant,5
professional applikasi,5
keren mudah ganti foto profil,3
pdhl pake,5
this is a good,5
bantu,4
tambah jaring profesional besar peluang,5
maasyaa allah keren,5
mantap bantu,5
kereeeennnmantaaaapp,5
baik profesional,5
professional hubung cari kerja beri kerja ajang diskusi kait kerja political social budaya pasti applikasi aura positive manfaat ikut,5
is oke,5
manfaat jalin relasi profesional cari peluang karier,5
salah nonaktif salah coba baharu bisa neg mohon jelas terimakasih aktif terimakasih,1
gooodd,5
update loker,5
mohon maaf bantu harap baik depan terimakasih,1
sambung teman,4
bagus,5
,5
bagus produsen konsumen,5
goog for new information and sharing relationship,5
bagus buka mitra usaha,5
bagus media sosial profesional,5
aplikasi jelek uda masuk email kali kali suruh masuk pake email bisa neg,1
bantu jalin hubung komunikasi profesional bidang kerja,4
senang hubung pintar high level hotel sayang untung kali apply loker,5
mudah informasi kerja cocok lowong kerja sya,5
mohon maff admin bisa neg cari koneksi bisa neg tambah teman,1
jelas neg guna ribet developer webnya anak magang,1
ni bagus,5
karna jga tau,1
,5
mantaps,5
tngkatkan,5
linkedln,2
very nice good job,5
sulit tambah foto profil,5
mantap lh,5
,1
jobseker bagi alam,5
aplikasinx bagus,1
de,3
harap sahabat pakai,4
mantap no jaring propesional,5
sukses tim ui ux,5
da,1
bantu mula profesional,5
recomended lamar kerja,5
goods best is best,5
tambah tahu dunia kerja,5
bad aplication,1
tualang,5
i give i will see and ill add more thanks,4
wau senang cari beneran walailupun tau neg fungsi,5
good and moga dpt kerja sesuai keinginanaamiin,5
install,3
masuk tulis nonaktif bikin x gmail beda jelek banget,1
wartawan riau rasa neg segitu putus alih posisi tks,5
manfaat,5
okok ok,4
bagus tpi pas bayar loadingnya ganti foto profil gagal,3
good day n good luck no safety guality n guantity,4
u,2
this application is very good especially for us business entrepreneurs who need a lot of work relations,5
tambah,5
i dont like,1
tau fungsiny,1
terima tanggap keluh,5
tolong loginlogin pernah neg,1
not bad,5
bangun,5
manfaat terima linkedln,5
bagus koneksi tambah,5
dukung informasi peluang kerja,5
salam sukses,5
is good,3
bagus,3
tarik,5
keren i like it terima tolak gimana paham,5
lowong kerja aktifkadaluarasa neg tolong iklan lgagar update,1
good job,5
peran dlm diskusi dngn usaha,5
excellent,4
hubung profesional,5
mantapp jaring profesional,5
sarana ajar professional kerja,5
very helpfull connect withvprofesionala,5
suka manfaat nal praktisi ahli profesional usaha bidang bisnis terimakasih,5
bisa neg donglod,1
social justice,5
pas download susah banget henti angka,1
sulit fahami,1
bantu luas relasi,5
good,5
gambar tulis nama hehe bagus aplnya makasih,5
ganggu notifikasi penting neg,3
mudah dioperasika,4
suka aplikasi,5
aplikasi mantap,5
jos,5
bagus bikin cepet darah,1
klik kalimat premium gratis langgan ya neg takut suruh bayar ingin neg langgan batal,2
driver alam thn,5
kash tambh bintang,2
very good,3
scspesial,3
hasil,2
bisaa neg unistall dn download sendriii,1
suka bantu,5
applikasi bagus jaring kerja,5
lumayan bagus,4
the,5
khaznaa,5
lowong palsu,4
uninstall sajagak guna bagi,1
gabung apl,3
cipta lagu dangdut jawa,4
indah info sya trima terima bantu akn sya instal perangkat sya baik,5
moga untung,5
bisa neg tampil komentar,4
,4
kelana,5
,1
bagus batu,5
aa,2
bisa neg komentar,5
,4
et dah appni update ros,3
jelek main jelek tuju ejek keluar like my komenku,1
informasi inspirasi,5
ngak buka,1
praktis,5
bisa neg buka,1
i can get more relation good job,5
keren abis thanks,5
nice i can join imformation,5
,3
erti perban bantu,5
samsung skrng jelas neg,1
instal,1
best application,4
tau neg ni aplk ap,3
hapus google hilang minggu,1
krn ajar,3
bantu thanks,4
,4
moga allah swt bimbing jalan diridhoinya,5
,5
bagus manfaat,3
bisa neg ganti profil note gagal mohon,1
informasi,3
keren gan,5
terimakasih bantu guna,5
kerja pt young lim,5
bantu manfaat cari loker tambah dunia kerja,5
terimakasih bantu,3
moga perkejaan,5
mantap,5
info job,5
jos,5
bantu jaring cari kerja,5
,5
moga bantu cari kerja mitra bisnis,5
bisa neg inztal,5
tlong admin ajarin aq gmn cra menh hasil uang,3
deskripsi nilai bagus kembang usaha bukti,3
bs neg donload,1
ratu adil satria pingit imam mahdi presiden ri,5
,1
medsos dg basic profesikeren,5
bagus hasil,5
thn sopir,1
bagus org cari kerja buka lowong kerja,4
bantu makasih,4
good apply,5
buka,5
ambyar,5
good informasi for job,5
nikmat,5
cobak,1
soalny lom ad low kerja ny,4
fenv,1
mudah bantu info lowong kerja,5
tirimakasij,1
pas banget pemuda pemudi ajar usaha sukses,5
bagus,4
good,5
moga bantu,5
bidang perniture,1
bayar males main,1
situs bagus,5
bantu informas,5
yoi,3
mode gelap untun,3
ok man,5
mamah,1
yh,5
got my wife maybe,5
muas posting,5
,4
nonaktivkan sj stlah buka neg pas nonaktif gimana,1
,5
linkedl bantu info lowong kerja trimks bantu perhatianya,3
alhamdulillah wasyukurillah,5
mantap jiwa,5
bagus,3
selalu buat,5
mudah mudah manfaat,5
very good very helpful,5
bagusmembantu,5
bantu karir babyak relasi teman,5
good luck lindekin,5
di neg desain ajar kah mahasiswa kerja,1
bernanfaat info bangun relasi mohon jaga kualitas tingkat,5
sya cuba duluh syabelumperna pakai ni,5
ajar hasil uang butuh bimbing admin bodoh bidang teknolgi terima mohon bantu,3
bisnis tradding,5
mantap tingkat,5
bagus batas neg status dukung giat bisnis,4
nn iye,5
klo bagus tambahin,3
terimakasih,5
linkedln biasaterima linkedln,5
modus,1
bantu,5
i got my account lock because i try connect people wht problem,1
jaring,5
site engineer and administration logistic engineer administration project archive administration administration system,2
heem,5
ribet banget aman milik bagus,5
bantu cari kerja,5
wauuu good apply thx,5
gagal download jaring kuat henti,4
bantu,3
bad application,1
oke,5
bantu informasi kerja sesuai kompetensi temu relasi kolega suitable,5
baik sytem bug shortcut mudah akses kenal muas,4
,5
goods,5
biar kau pergi kau ber sama,5
mantul coba,5
moga manfaat masa sulit,5
sma karna coba,5
gampang fahami,5
butuh neg,1
bantu,5
top networking market place,5
semangat,5
sikat abis,5
ok banding bersi lawas,4
lumayan bgiitt,3
macem nikontol,1
informasih job cepat,4
good dunia kerja,4
susah kerja applikasi info info job nilai positif,2
fb bisa neg buka bagimna cra lupa sandi fb,1
kosen pintu jendela,4
capek isi captcha sukses neg sukses ribet bye,1
baru informasi update data bisa neg sebab,4
penting neg,1
bagus cari kerja,5
not bad,2
trima,5
suka,5
mantulbro,5
kontol gua bangsat masuk kagak gimana suruh recapcha trus ttep bisa neg masuk anjing usah neg download guna neg,1
omong,5
layan,1
repot instal daftarhapus,1
cari kartu prakerja,5
very good for make self be much introdution,5
terima kas,5
noob,1
paham,3
tau maka,5
guna neg,1
sapai terima bayak linkedln teh aman sempurna,5
,3
spesifik,5
godt luck mudah informasi putar loker kereeen,5
i love it thanks for developert,5
bisa neg alas batas kembali ada neg tunjuk linked kembali case,1
minggu update nguras data,1
technologinya digital super kamar dangang world,4
many update no job,1
terima aplikasi bagus banget,5
bingung ijasah s ken urang sd ge te tamat,1
okem,4
oke,5
sosial,5
,5
informasi kait dunia industri dunia usaha mudah dapat,5
cari kerja muda,5
vadmin,5
kadang susa daftar,3
mantap mudah terima informasi,5
linked is made our friendship closely give loves for all of the world,5
bantu hubung dunia kerja relasi,5
good connecting,4
bantu anak anak muda negri negri,5
tagih bin,5
main,5
apliksi bagus dn bantu,5
ulas stiker kosong,5
lg cari peluang kerja bagus,5
ok,4
butuh apl inintuk mudah download fb whatsapp,4
nonaktif jelas neg,1
bagus moga bantu,5
nonaktif ada neg jelas benci mkanya ada neg ubah ada neg tambah terimakasih,1
tolong baik,3
jajal kasi ajj ea cocok n bagus kasi full bintang,4
steady,5
kebabyakanrating rating,5
harap nonaktif tolong baik thanks,1
live up,4
tingkat kualitas,5
jg,4
terimakasih,4
oke bangun relasi,5
cari kerja,5
ulang updad adil neg,2
bodong tipu anjg jan ad instal ntar nyesel sumpah,1
agungagung,5
pakai tdnya kemaren nonaktif koneksi,5
,2
good news,5
mantul terimakasih luarbiasa sip,5
good bener,5
dipake baru,2
tinggal neg informasi kait kembang dunia kerja terimakasih,5
bantu jaring kerja terima sukeses,5
bantu aplikasi dikit update saran update bikin sebentar sebentar update kesan kyk labil,1
sangka neg guna comunitaz better,5
kasih neg,2
trainingg dky yyyyyy,4
install guna neg di neg install dipake cc apaaaaaa,1
tugioto usaha industri aluminium panci wajan,1
oke lahh,5
sihsetiap sebelumnyatidak dinonaktifkansetelah baharu aplikasi bisa neg dininaktifkansebenarnya salah apatolong ditindaklanjuti,1
info loker semua neg lengkap dg alamat usaha kantor lengkap no telpon kantormeskipun dr loker usaha,4
tanahwa,5
mudah praktis,5
suka applikasi linke lin bantu,5
terima hubung dg profesional alhamdulillah kerja,5
bagus tp uda lamar pangilan,4
bantu mudah cari kerja butuh,5
senang bergabubg kmarin nonaktif sebab neg terima daftr pakai nonaktif pemberitauan neg sebab neg gabung nonaktif nonaktif bgimana pdhal laku neg apa mohon info,1
linkendin application is very good can help me find a job thank you for the linkendin application,4
hrus dpat hubung org dalam neg group,3
,3
recomended jobsekers telaten nambahin connection,5
nyaman,5
moga manfaat bg guna,5
beneran bagus sih neg cari kerja,1
bagus guna,5
cerdasgoodtopnice,5
aslmkm kbr bagus bener suka guna,2
media sosial kaum bisnis,5
ok bantu,5
setel sulit ubah,2
bagus org,5
isi chatting message bisa neg hapus arsip diarsipkantolong baik message spam kaya nawarin produk ken hapus message spam,3
josd,5
stronggers always,5
my account is gone,2
smoga slalu manfaat,4
mon agebei rua pateppak,1
mantap bro,4
j,3
good enough,5
connecting world,5
smga manfaat,3
sistem henti,4
dllu,4
the best linked,5
,4
mantaps,5
terima fasilitas dlm karir bisnis,5
gabung lupa fasword ribet,4
waah siip bantu butuh kerja serius,5
bantu mksh linkedln,4
cobain,3
kerjaa iya,1
nyoba,5
lau bagus aq full,3
masyaallah,5
kadang berat,3
not helping so muchbut thank you,2
bagus ok,5
masuk nomer,5
okeoke,3
filter masuk neg akal input lokasi jakarta nampilin lowong dunia bsa neg urut baru kalah ama jobstreett hei muhasabah kapitalis,1
technik,5
denggan roha,5
fungsi manfaat,5
insya allah manfaat aamiin,5
impactful,5
projek,5
tolong bos baikyah baik cepat bar panggunayh puas terimakasih,5
kualitas,5
thanks you,5
kerja mudah mudah dengn wb,5
manfaat sarana informasi sektor tambang batubara,5
mmang biasamlalui sya dpat krjaan,3
,5
terima,5
kenal bisnis,5
,2
lumayan bagus cari lowong kerja kenal dgn profesi,4
bantu cari kerja,5
main seru banget suka,5
post is not sort by newest,3
moga bantu kerja,5
mantaappsssss,5
banyu,4
,5
maaf susah mendownload,1
kualitas profesional,5
ssya bintang,2
good kerennn,5
powerful,5
semogah cita sukses,5
bagussemoga manfaat,5
contruksi bangun,5
miss,2
bantu banget,5
nyaman,5
ajj,3
belit neg belit,5
mantul,5
alhamdulillahirabbil alamin,5
bikin gagal mulu,1
serah kunci sukses serah kunci hasil serah akhir neg serah henti neg serah penuh juang serah hasil serah jatuh neg serah serah serah sempat,5
bom kerja,3
kirim nomer emba arni ladyxara kurma prom asia,2
puas inisangat bantu,5
kl interviewcrew jgn mendetai jg engine,5
tks kenal,5
aprilikasinya bagus banget,5
bru nyoba,2
bagus kualitas,5
yo,1
anak ajar,3
bagus banget kerja sya bertrimaksih,5
very helpull,5
mantap simple n cepat,4
bintang,5
sup,4
jam moderen sosial media tanggo bantu sek temu teman tinggal,5
lumayan info loker,3
moga kerja,5
senang gabung linked motivasi tksh,5
cobain klw bagus ta kasi fuulll starnya,4
good job,4
ajar bintang,2
bintangkarena msalah bisa neg liat fropil ampload videomohon accunt baik,3
uji cobakasih,3
mudah jobseeker bantu dpet rezeki drj amin,3
bantu,5
sngat membntu,2
jarang,5
usaha besar cianjur,4
,3
lumayan,1
bantu cari kerja,5
oke,5
jual beli telur bebek,5
sahabat informasi setia percaya,5
oker,5
professional,5
supervisor,1
gabung,5
superviser,5
bisa neg upload foto video mohon account baik terimakasih,2
lagu,5
yeviyadi,5
mudah cari kerja,5
tolong saring spam menggangu neg guna,1
moga karya karya lebi kembang,5
ngerti neg ny,2
ui tarik kl,4
bisa neg daftar gagal,1
lot lambat dlm upgrade butuh jaman,1
baca ulas teman teman mf tarik neg gabung,1
,2
membntuku,4
profesional,5
azik,5
so far so good,5
bagus tambahin,2
cool,5
media sosial serba,5
tap tap,4
begitu neg bantu,1
united,5
hasil,1
moga dapet kerja,5
pencaker profesional,4
ok,4
min update,1
tolong tambah bayar premium,1
mantul bossssss,5
senng,5
th tks butsi axiii sda th th masuk cpns guru,5
dukung,5
apaansi,5
security houskiving,1
trimakasi moga,5
ksh yahkl bagus ksh,3
ken nyari kerja,2
krm pesan hrs premium,1
salah faedah,5
kenpa susah dptari pakaiy ulang kali gagal trus masuk alikasi mmbntu,1
good ide,5
smoga bantu,4
workshop produksi mesin finishing cetak,5
rencana jalan rel logistik,5
terima kasihh,5
good linkin,5
moga kerja negri amin,5
easy job,5
top,4
ganti foto gagal,1
ui nn mlkoxpp,5
lumayan,2
coba,3
lowong kerja cari partner bisnis,5
,2
techcnical mechanical engineering comisioning fitter bholthing assyembly testing instrument equipment service oilfield manufacturing,5
bingiiiit dowloud hadeeeeh,5
bagus karir,5
mudah cepat paham,5
,4
bantu kerja marketing temu profesionaltapi sayang bisa neg kirim video status mohon respon admin,5
bs neg hapus,1
i see first it i intended i give,3
bnyk manfaat info mantap,5
suka,4
good application,5
luas relasi bisnis moga manfaat,5
info loker,3
ah,2
good update poto gagal mulu dah,3
coba profil,5
muda bantu,4
biak,5
,5
ngerti neg dgn susun gambar,2
wiraswasta dlm bidang kay,5
tau,3
bagus friendly tolong,5
bersih cerah,5
asik,3
trim linkedln bantu lg ngangur,5
tenang arah,3
indah,5
wahhhhhh,5
senang,3
edit photo profil bisa neg klik save gagal,2
im perry purnomo,5
anjing,3
memcoba,3
tutup ada neg jelas salah ada neg jelas,1
tibatiba bisa neg nonaktif mohon jelas,2
bagus ok,5
easy meet people,5
good aply,5
bis neg adi uninstal,1
kontol,1
n,4
cepat up date,4
bagus nyari lowong kerja,5
lumayan tipu kerja online saring kasihan kawan kawan cari kerja terima,4
simpan data data kirim gagal,1
really help for looking job,5
good appli,5
sistem error,3
guud,5
porno,1
guru kuliah daftar neg tulis universitas ada neg susah move kolom,3
bantu cari informasi dgn kerja,5
aq cari lowong kerja sesuai umur skill,5
bantu manfaat bangun jaring bisnis luas,4
okaeygood,5
hilang kembali,1
mudah,5
moga bantu anggur,5
mudah cari kerja,5
donlodnya knp,1
jos bantu,5
crew svitzer wijsmuller,5
bantu cari lapang kerja,3
shining,5
bantu pencaker,4
nonaktif nggak lakuin jarang buka uji kena non ktif,1
very good,5
muda mai,5
bagus seksli,5
alam bidang ritail xpdc marketing disiplinbertanggung,5
alhamdulillah bantu,5
bagus profesional,5
maaf paksa uninstalsaya suruh masuk posisi kerja terbarusetelah masukantetap bisa neg masuk hate,1
good aplicasion,5
hello admin nonaktif linked tolong klarifikasi,2
mncoba karna coba,5
bingung non aktif up date,2
j m,5
baguss,5
ciee aplikasi,5
bantu informasi kembang dunia kerja,5
baguss bantu,5
syukur nikmat allah hitung neg hidup bara tabarakallahu fikum aamiiin rabb al aamiiin,3
good but i have problem can not upload pict or video,5
bantu terima,5
muas,5
connect me many profesional person this world,5
simpan dokumenya,5
manfaat,5
tolol,1
bom job info ok,4
test,2
guna,4
bagus info dg teman profesional carrier pemikirannyagood very good,4
muas,1
klo bagus lg bintang,3
sanagat bantu kerja,5
likedin good,5
giat pulang selamatg,5
mantap jiwa jiwa kentu,5
bagus bagus,5
indonesia indah,5
bedebest,5
interesting,5
apknya mantul,5
heba muas,5
bantu,5
terimakasih buat android karna simpan data foto,3
okey banget,5
gpod,5
ringan aplikatif,5
jujur salut buat bantu lulus mahasiswa cari kerja sayang sma kelas butuh kembang bantu negara capai citacitanya rang miskin,5
tualang dunia internet cari job baik sayamakasih linkedln,5
bangga,5
sobatdapur,3
muhammad faisal milik pt paypal pt bank mandiri cv pertambagan usaha teknologi usaha tambang emas olimpiade london pt paypal,1
komunikasi mudah info terupdate,5
bagus,5
mudah kenal profil profesi usaha cari profesi selaras terima,4
,1
manfaat bangun koneksi praktisi profesional dunia kerja,5
ok membntu,5
lije,5
erti,5
informatif senang teman sahabat milik kompetensi profesional,5
service panel listrik automatis genset gulung generator motor pompa,5
kenal orangorang hebat,4
dark mode pake koq blommanhattan mode,1
senang,4
baik koneksi bisnis,5
twter,5
by the future,5
mantap euy,5
papua bangun rumah rayat kabupaten kota papua hkhususnya daerah dalam bangun rumah rakyat,5
goodness,5
jobseeker,5
terima,5
cari pile,5
hasil prouek,3
bagus cari kerja,5
thanx,5
lumayan,4
good work for,5
,4
tolong ketat lowong karna lowong garuda indonesia kedok tipu travel permata terimakasih,1
,2
easy meet,4
profesi pekjerja tukang renovasi pergudangantapi tawar pabrik operator pertanyaanya lihat neg status propesii,3
aoa,5
helpfully,5
mantap linked,4
bantu,4
jual viagra asli jakarta,5
moga tingkat lg,5
n,4
awesomeness,5
matap,5
terima jadi portal menghubukan orangorang profesional,4
nama arinusx bhbol,5
wardah,5
moga membrikan baik trima,5
bom manfaat bah,2
easy reach,5
i can not,1
nonaktif gimana ngebalikinnya sungguh terrrweeluuu,1
up date info new job,5
bagus batu,5
bagus kalang,4
some issue,1
durung fhm,3
cari kerja teman,4
butuh mobil rental bus medan solusi,5
mnatap,5
,5
mudah cari nafkah,5
mantul,5
suka sharing nambah wawas sgt ok,5
terkadang ak senyum dengar kataorang acar bela salah ak santai bela neg lurus pasal pasal tuduh,5
okmantaf,5
oke joss,5
aplikaai bayar,3
ape ni woyyy,1
kusuttt galou,5
alhamdulillah sukses,5
perfec,5
klo emang entar kasih neg ok,4
ok bagus,3
badu,5
bantu peluang peluang bisnis dunia digital,4
oke good application and profesional for job,5
linkedln info lowong baik alam temu info batas neg wawas luas sempat ubah thanks linkedln,4
,5
paham neg,3
reting,5
lihat ulas,3
,3
terima aplikasi bantu,5
untung cari kerja,5
gimana lamar kerja ngak ngerti ikut tolong tau karna blum paham,2
z x,3
lamar kerja babi anjing kode verifikasi bisa neg konek babi android,1
single,3
,2
verygood,5
bagusuntuk bangun komonikasi orangorang,5
calo tipu anjing,3
waw,5
hilang,1
susah,2
sabgat bantu,5
utama alam,5
teman lowong pttji alamat kantor daerah klender jakarta timur play tipu salah korban,1
sembah allah swt tuhan alam,5
bagus suka,5
always good,5
mohon tolong ultras singamania pssi sian,5
,5
bicara terimakasih,1
linkadinfations,4
moga gabung cepat kerja,1
linkedln bermafaat,4
masjun diesel,5
bagus asyik,5
bagus penuh,4
gmna hapus android,1
be good,5
,5
siipp,4
trimakasih linkdlnhidup warna,5
buka,3
matsari sus,5
,4
bantu,4
weell its okeaauuuu,4
good,5
gamblang baca,5
mudah accesnya,2
working,5
sales manager,5
lumayan mmbantu,5
bantu,5
lulus magister hukum mh universitas bangun panca budi medan milik alam kerja thn sbg branch manager usaha konstruksi pimpin cabang samping jg advokat legal,5
oke sip,3
nggak kirim pesan pribadi,1
mudah an kerja amiin,4
nice,5
tingkat fiturnya,5
bantu,5
kog pas masukin no hp bisa neg mulusya pakai nomor bisaudh neg sya trus mlh no hp sya bisa neg smua,1
buka ngeclose,1
terima linkedln,5
good apps can find people a have skills and job vacancy,5
beluk dapet kerja,5
mntep,5
guna gimana erti neg perlu cari butuh open bo vcs butuh dana bantu mantab,3
info lowong kerja di neg serta pt alamat nomer wa tolong tindak lanjut karna tipu ujung uangpemerasan terimakasih,4
mantaaaap,5
suka,5
dzz,3
super,5
menggumpulkan informasi putar dunia kerja didik top markotop,5
impormasi berita usaha dunia,5
knapa bisa neg uninstal bahaya jngan nge hack,1
ratna,5
klo bagus ta tambai,3
,1
gabisa msuk ssah,1
good program make effetive systeme actually,5
manfaat,3
karna msuk,3
speed q,5
,3
diswansah taoiwan tao,5
bantu hubung karir dunia,5
,3
okebanget,5
anjirrr,1
gimana ngerjain cok,5
pas,4
joint,5
nice application,5
guru hidup penuh suka duka hadap semangat penuh abdi harap rido allah swt,5
a professional network,5
midah,5
,5
bantu info loker,3
muhammad faisal aceh pidie,1
susah daftar rumit gagal daftar guna,1
aj,3
jos,2
cari kerja anak makan neg rumput,5
ok joos,5
,3
manfaat,5
bagus banget apl,5
bagus jalin kerja dg rekan,5
oke oce,5
okedeg,5
good jop,4
bagus,4
ok mantaplh,5
the apps very useful for making connection,5
mantap selektif pilih mem teman,5
paham,3
sngat bantu,5
ora nggo cilik,1
kecewa nonaktif,1
utimarkus,5
oke,4
kagum,5
mantp bantu,5
okeh,5
good aps,5
dear developer bisa neg uninstall guna neg hp,1
bagus seh tp banyak cmn jambu loker manfaat jahat,5
foto camera video wacth,4
harap kembang harap tambah fitur cari magang murid sma derajat sekian terima,4
filim,5
good apl,4
tolong bantu password wechat id sweetqu lupa password,5
jobs,5
linkeind gila akunq blokir hapus aplicasi play store layan muas neg,1
agr bantu ipn up date contoh org bilang tanah tanah soerga,5
lumayan bantu,3
good job,5
hengingink kring,1
sosial tambah relasi dunia kerja ilmu softskill,5
ada neg,5
keren bro,5
gabung,4
konvesional good,5
tambah wawasankeuangan dai,3
sip yea,5
kenal dunia bisnis kembang peluang coba gabung,5
si momtok,5
jty ftv ffff fgfgg ytt ttt,5
bisa neg baru,1
good linked aplication,5
alam bidang landscape design interior eksterior vertical artisan,5
bnyk tmn pnglm brtmbh bnyk,5
terima kasi,3
cakepp,5
dl,2
canggih,5
,5
simpntok,5
experience had workmust by responsible all monitoring regard on the projects and programs planning start and untill finished projects,5
buruk,3
luas calon kerja,5
mantapz,5
terima temu hebat,5
user friendly and good performance,5
share informasi perihal kerja,4
coba,2
ketemu teman danjuga boss ucap selamat,4
hubung teman batas neg dalam negeri negeri,5
bagussss buuuannngeeet,4
good job,5
long,3
non aktifknmhn aktifkn kmbli,5
mantap,5
layan pakai neg aktive,5
bantu cari kerja,5
mantap,5
,3
mmm a z w a q cofo,1
free member,5
exited,4
simple cepat,4
,1
trying keep up,4
bagus mudah lamar kerja panggil kerja sekali panggil interview harua beli tiket traveloka tipu,2
keren manfaat,5
bisa neg diupdate terang nonaktif,1
maaf cuman doang,2
mantav,5
exvellence,5
mksh manfaat,5
coba,5
tarik,5
baguss,4
semangattt,4
jelas neg masrakat desa butuh neg kau bikin full simpan hpku sj kau butuh cuman game,1
entar bagus bintang,3
pake panggil interviw,1
biar bahagia,5
aman,5
cepat sambung walupun jam sibuk,5
,5
alam da penuh prihatin tp syukur,5
buruk ad neg,1
tq,5
ekstraordinary,5
mantul bro,5
amplikasi good,5
terima bantu cari kerja lamar linkedln tanggung neg merespon lamar lamar kirim modus tipu mohon linkedln ketat lamar lamar kerja kirim tanggung neg balas lamar modus terima kerja kedok tipu waspada hati hati lamar makasih,1
ok masuk,5
senang kenal byk org relasi lbj luas,5
hubung krja lbih erat,5
cari lowong kerja,4
,5
v good,5
hastina,5
nonaktif pernah neg langgar atur,1
sang t bantu info kerja teman,5
keren bantu shearing layan informasi,2
entrepreneur,5
,4
guna bangun relasi cari referensi kerja,5
masuk gambar lampu lintas kapok gua deftar kerjaanya,1
lowong tawar tp pindah ngak ngaruh cv linkid depa tinggal share,2
teman responden,3
linked sedia neg info lowong kerja linked banyak sedia info jual iklan produk usah atur aflikasi rumit ribet praktis neg simpel neg banyak neg atur,1
fungsional,5
as usual,5
linkin ok,5
good account can help increase business,4
full mantap,5
nice,5
pt hasta prima industri qc passes ptcitra solsindo lestari baq cutting pthoco asia industri operator produksi,5
bantu cari kerja,4
moga alternatif,5
harap mohon bantu butuh pertolongaminamin raabal alamin,5
bantu kembang karier,5
kelola koperasi th,3
kaya error gitu update mohon bantu,4
manfaat mudah,5
top dah,4
hmo,4
tipu,1
pt pakoakuina pt lavida herculon,4
pasang manfaat,4
bom tau kegunaanya,2
sempit jaring fasilitas tawar kerja,1
jos gondos,5
sya lihat tipu info lowong kerja dar saran depan bantu filter info loker tks,2
good application,5
lumayan biar jenuh neg tau dunia,3
bantu,4
sangatt bagusss,5
oke mantap,5
god,5
bajak sayatlg alih,4
mantul abis,5
teman baikjgn cari musuh,4
nilai tinggikarena coba,3
,4
manis cinta,1
maju trus,4
simple relevan,5
mudah cari loker,5
sebagaijurumasak driver,4
quick easy,5
cari peluang,4
good and clear,5
bantu cari teman bisnis,5
usaha skala tawar lowong kerja iming gaji syarat lamar setor uang bayar bentuk syarat setor uang apa bentuk usaha fiktif tipu waspada jahat mana modus beda,3
informasi lowong kerja rentang usaha update jangkau negara,5
newbi,4
mantap aplikasunya,4
bantu skli,5
terimakasih,5
wastap,3
mudah mudah mantap,5
moga layan,5
ok bagus,5
good aplication more connection,5
puny bumi belah,5
mantul,4
aka akara tialara,5
qp pelamin pos adfghjkllxcvbb,1
bagus maju,5
see dee,5
key,5
sanggat membantutp tolong unsur tipu harap biar mantaaap,5
bagus,4
good experience with related the jobs,4
ok,5
update informasi,5
please reopen my account,3
nice apps very usefull,5
terupdate tru,4
likethis,5
batu rekomendasi peluang kerja mantab,5
yoi,5
ckp bantu modu tipu atas nama usaha mungut biaya kunjung neg respon lamar kerja setor uang nama usaha browsing pum alamat ada neg valit neg daftar ijin usaha hati hati tipu atas nama usaha beeskala mungut uang lamar kerja,2
ajar,1
yess okey skali,5
kondisi atur,5
dlm bangun jaring relasi,4
akuadalah,5
jhajal,5
lh,3
simple useful and easy for building trust,5
oookee siiip,5
linkin mebgupdate informasi baru sahabat linkin manfaat bangun hubung relasi teman,3
,4
very good aplication,5
ok txs,5
google,3
appyg bagus,5
alam butuh ilmu info komplit,5
,5
bagus ngirim lamar ada neg panggil interview,2
linked baiktp diposting dr situs webbisa verifikasi,4
kl,1
uji,4
lebih baik better,5
gif keyboard,5
patnam,5
ta bari bilang yoba,5
bagus tambah teman bangun jaring dunia kerja manfaat bantu individu cari kerja,5
make my life conect wide with profesional people,5
mantao,5
kontol,5
baikkkk,3
moga depan bantu banyak neg iklan iklan terimakasih,4
ok sip,4
sgt,4
bagus aq tambahin,1
mantap jiwa,5
mlim batre kk lowmmi,2
avjaksis,3
google manfaat milik mudah publik alamat rumah kantor promosi usaha,5
ajar,5
me v,3
,3
gdjob,5
lowong kerja bagus satu usaha tanggap lamar kerja,4
terima,5
bagus bantu informasi,5
development manager,4
i like this aplication,5
bagus cepat ulas publik berita postingan,5
mohon bantu loker sesuai jurus,5
informasi kerja baru,5
sempat kpd cari kerja,5
nggak nggak gedegede repot nafas bola g g kemarin,3
bisa neg baru,3
klo ngelamar limpahin lainaplikasi cacat,1
perlu neg cari kerja buka laman usaha jasa informasi tenaga kerja validitas informasi hoaks data pribadi kirim kemudi salah bertanggungjawab neg infiltrasi penting korban deskripsi lamar sesuai usaha cari tenaga kerja lamar good job,3
,2
bantu informasi pekerjaanterima,4
bidang cleaning sevise,5
kerja jembatan ujung gading,5
i have been using the i often get a fake job and even i have applied some companies but they give no respond until the applications become expired really disappointed and help nothing better jobstreet and kalibrr that usually notify the applicant whether its rejected or accepted but fine at least responding is helping,1
sekretaris,5
bantu informasi jetenga kerja wiraswasta,5
manteb,5
opesional,5
mudahmudahan canggih bagus,5
coba moga manfaat,4
nice apps for businessman,5
derita,5
ok,4
sangatt bantu info lamar bumn akhirny cobaa alhamdulillah rezeki terima kerja bumn,4
staff hrd,5
why not can my open this,1
keren,1
okk,2
kembang tanah kapling,2
goid,3
salam kenal,4
i love,5
lanjut,3
terinakasih,5
loker tipu pake travel,1
bisa neg akses info non aktif tlong konfirmasi,3
jujur kerja tawar ribet usaha palsu letak bekas ampun cari kerja tipu,1
ium,4
spv kansai paint,4
birsa lowong kerja palsu kedok agen consultimg,4
atagommo,1
tambah wawas prosfek karir wira usaha,5
manrap,5
optimal,3
coba,3
masukerror neg,5
,1
jujur,3
manfaat,5
rindu kerja,2
maicin,5
v v,3
erti perban,4
future better more,5
krus indo kirim,1
good touch many enterpreneurs businessman and professionals from allover tje world,5
ok bagus,4
henti,1
gabung,2
thief thx,1
qqn wkka cat kangen pantai pagatan,1
ok up date info,4
bisa neg sandi salah sandi tolong bantu,2
informasi lowong kerja tipu surat panggil palsu untung slalu cek asli email surat panggil asli palsu usaha asli sampai neg tipu hatihati jgn cepat giur lowong kerja tawar mending cari informasi lowong kerja asli usaha asliy,1
banyk informasi kerja,5
canceling but my saldo keep lost,5
bantu kembang jawat dang kembang tahu,5
batu tongong banyakin cabang usah neg ribetcontoh cari kerja lamar kerja lamar kerja emang gitu mendi usah neg share loker oke,5
peristiea,5
maaf,1
bisa neg aplod taekk,5
good good good good,5
ok bagus bantu peluang cari kerja,5
bantu cari relasi,5
sabar rendah hati penuh semangat raih sukses,5
smga cepat kerja,5
make me always remember all my friends at each project,5
blum tau,5
okok,5
pt asmo indonesia pt kartika alhajjar pt sarana media seluler pt semesta nustradestrindo,5
ngk buka aplikasiny,1
email daftarin pas baru egk masuk,1
ngak guna,1
alhamdulillah bantu thanks,5
a,5
suka,5
mudah hubung orangorang sukses bidang masingmasing,4
suka,5
tolong saring lowong kerja temu x lowong bodong nipu untung kejadia kasihan pasti,3
semangat juang,1
ribet,3
klo bantu kerja,3
blum dpt kerja,3
manfaat,5
okay,5
linkeid gateli cuk akunq masuk ndak layan muas neg lembiru plastore,1
nonaktif,1
moga manfaat untk lanjut informasi,3
mayan,5
its very useful,5
law bagus bintang,4
comen,5
mudah cari infomasi,4
goodbye,5
ajar,4
moga batu kerja singapore,5
ok,1
tipu loker gudang garam garuda peni linkedln tipu,1
bagus sasar,5
good and suitable for employees who are looking for the best work,5
tinggal tanggerang cimone legok karawaci kp melayu,5
the best,5
bantu job,4
gw instal neg instal sndiri ud apus msih ttep ad aneh,1
harap gabung konektivitas masyrakat dunia,5
dukung,5
ijolajolimut bugis,5
coba,4
berbahayaterlalu jembatan rantai tipu kedok lowong pekerjaantutup lapor,1
guna,4
info percaya realita,5
peluang karir,5
sukses linkedlnnl,5
sip,5
bagus batu,5
pagi trimksih hadir smoga manfaat sallaam,5
bagus aplikasi,5
komunikasi kawankawan profesional profesi,4
great,5
mudah cari loker teman,4
non aktif,3
yes mungkn,5
mantabbb,5
hadir cari teman dahabat hebat alam iptek bagi sama cari tambah sifat manusia terima,5
email palsu penipuanuang hilang kerja neg,1
keren abissss,5
long life aplications,5
relasi,5
jelas neg nonaktif bisa neg masuk jelas neg knpa tolong admin bantu respon proses,1
m ag ic,5
muas,5
pengoprasiannya,3
on,2
binasa,4
moga aplikasi bantu,4
c b i internasional att apm group,5
top bantu usaha,5
ajar,1
bagus,5
bantu bagi ilmu alam,5
aplikasi bagus sayang bisa neg ngepost,3
bantu teman n bisnis,5
bantu bangun jaring,4
baik,5
tingkat jaring teman,5
lumayan,3
good apps bantu jobless cat kerja,5
pakai,3
mebantu,2
mantaaaapp bagus bangun jaring professional,5
gg update ketik huruf langsung menu,1
cari kerja,2
bisa neg buka uda masukin email sandi bilang tolong cek,1
mutu neg install baharu modal admin tau kurang aplikasi,1
mantap,5
sip,4
,3
mohon maaf rate nyaa nonaktif,1
tul,5
perferct,5
gooooooooood,5
cari kerja professional,4
manfaat hasil,5
my name sarif hidayat i am year old and i am available be a driver or private driver for expat,5
bantu,5
,5
sya suka,4
bagus temu hebat info lowong kerja,5
i v,3
,1
kox bisa neg masuk yh email bisa neg masuk salah paswort bener masuk fb bisa neg gmn apl,1
,1
bagus kaya sosmed,4
wonderful,5
lengkap informasi,5
,5
pmbangunan mushola,1
ratna tarna,5
execellent,5
moga thanks linkedln,1
yamantap,5
lowong lowong buka website kadang situ alhasil bisa neg ngelamar isi resume tp bisa neg ngelamar lgsg,3
perfect,5
thanks for you my google chrome apply android baru ok google play story sestem android one kn apply haru android ok,5
bgitu hp bsk hubung kmana,4
recommended jalin relationship carier friendship batas neg,5
bantu dgn info loker butuh,5
terima manfaat,5
mantap,5
mmmwmwkw,5
instal hp ingin neg kena,1
mantap brother,5
tolong menguninstall ganggu rugi segansegan neg perkara ranah hukum terima mohon responnya,1
ribet alih web langsung neg web pribadi gitu kecewa,3
bangus,5
hamid obing,5
bagud,2
email konfirmasi alamat email konfirmasi mohon bantu,2
sesui jaman texnologi,4
sngat,5
hebat,5
housekeeping supervisor,5
tp masuk sandi otomatis halaman jadiya gabisa,2
okela,4
bantu,5
,4
sip,4
kuak mudah mudah linkedln buka arah simpel milik,4
bagus,5
mantap bagus,1
nyoba,1
komunikasi sahabat info baru job kerja sesuai butuh,5
susah verivikasi,5
mantulll,5
sen apelikasinya luas lg biar jangkonya luas wawasanya bayak terima alvin,5
bagus neg,1
nice aplikas,5
god,3
easy connect with amazing people,4
bagus,5
suka close sndri,5
bagus cepat,5
rekomendasi,5
mantap,5
hikmah jamela kangen,5
cukk,5
this post very importance and nice linkedln,5
hubung teman profesi,4
mandiri usaha,5
aplikasi bisa neg teman teman tolong usaha id bagus bagus bisnis,1
moga bantu cari kerja,5
indedned dalam adlah orng orng hebat milik kredit didik bangga ikut milik luas teman banyak tahu ikut smau ad dalam ornag milik wawas laus suka bangga teman terimakasih,5
hcker nhur on,5
punya neg uang,5
klau manfaat kasih neg bntng,3
love it,5
ajar aplikasi,1
terimakasih bantu temu bisnis owner,4
share youtube,3
ok,5
nonaktif minggu iniharus adu bagi tolong tanggap,1
sip sip,4
tau fungsi,1
bissmillah,4
dagang lepastu bangkrut,5
dilhatnya simplesaya saya neg modus loga kitera pinjam online,5
butuh bantu,5
gagal,1
top rate,3
moga,5
jalan jalan,5
more knowlegde about bussines,5
good info,5
i dont know about you but i want know you,4
benar neg,5
harap bangun karir,4
br pake,5
lumayan kreen,4
teman jaring teman profesional,4
,3
wum,4
lumayan bagus guna perlu,4
tolong kembali uang dr kartu kredit mana langgan gratis premium stop ambil rp mana manfaat premiun ada neg impact sayathanja,1
good for job opportunities from around the world,4
ok,3
suka dagang,5
sus yanti,5
why i cant found short cut icon my phone,3
tolong linkind mudah nonaktif sistem ubah hp cas masuk lg non aktif kecewa tolong bost teeimkasih,1
good luck all injob,5
good for your career level and share what youn learn your office,5
tukang laspipe fittermechanical,5
bagus neg aplikasi,1
john untung,4
bintangx pul,5
najam,4
like,5
bangun konektivitas sharing alam tahu dunia kerja,5
sampah,1
muhammad faisal sultan aceh merdeka,5
bagus abal neg abal info,4
hasil,1
m,3
cobain,3
thats okey,5
manttap,5
sya,5
top,5
jelas neg nyampah email,1
ni bagus tp edan update hr,3
hati hati iklan lowong kerja bohong hati hati tipu,3
teman tukar pemgalaman bantu,3
amazing,5
suka,4
m umjjb,5
sempurna lagimantafff,5
good job,1
jodoh,5
pakai,4
moga beemanfaat,5
mantap update,5
luas koneksi baik jaring relasi,4
nice,4
layan buat kolam renang,5
nonaktif kemaren nonaktif kecewa,1
ni aneh mudah hack waspada,1
tray,4
bantu lumayan,3
manfaat neg,1
,2
bantu temu kerja,5
canggih,5
ganti nama samsung account,3
anda bs diunisntal,1
good,5
bagus tpi iklan lowong neg kerja,4
barang kali operasi bidang lestoran atw catring join sayur negri,5
alam,4
inlco,5
beguna neg,1
khushukha,5
buka sbg jalan cari alam rintis kerja masa mudah tambah wawassn ilmudan ajar sukses,5
tas promosion,1
mantaf bro,5
jual beli rumah tanah gedung kantor sbg agen independent khusus jakarta pusat jakarta selatan jakarta timur depok,4
ok mantaaaaaaap,5
semenjak instal rajin mandi rajin sholat henti mabok maksiat,5
no good,1
bagus temu pengaruh positif,4
tambah wawas dilinkedln tambah teman,5
sucesfull,5
god jobs,5
nyoba moga cocok,5
bisa pengalamam beri neg uangtiap produksi,5
verifikasi aman,1
suip,5
exportir produck handicrafts,5
oke,3
moga bermamfaat,5
tau kerja aktivitas kenal,4
coba,2
bantu hubung koneksi bisnis,5
coba,4
boss,3
didownload buka download lg gitu mulu mending didelete,1
good pokona mah,5
dr,5
maju posisi,5
godd,5
klo bagus ditamba,2
,5
bantu,3
bagus cari kerja,5
dlo klo bagus nti kasi,1
mantuls,5
masuk ribet,2
,3
stlah thung login neg sekali ktmu atas lngsung masuk tawar kerja hihihihii,5
hiho ketuk jeda,1
pake makany,2
mudah lamar kerja,5
alam,4
bagus,5
apaya untung ya neg,5
profil bagus harus neg apply tawar kerja panggil tokopedia surakarta pernah neg apply sayang hasil tahap wawancara moga sempat hasil,5
yash,5
very good build your networking,5
,5
bisa neg loging,5
can not see the feed and update,3
goodmedia sosial arah kembang karier bisnissatu masuk tolong filter konten layak neg tayang tempat neg sukses terima,5
bagus,5
eror mulu apl,1
askabakansnsisms,3
telahmenjafi client traing,3
mantull,5
usaha panggil joint,1
lumayan,1
tau fungsi,5
,5
penipuam isi,1
bikin kerja,5
bung makenya sulit tri,2
great,5
siiiip,5
update,3
dpt informasi,5
more easy make networking and promoting,5
semangat karir,5
ok,5
achmadi jaya cenel,5
i like it,5
jelassss neg robot neg,1
aplikasi bantu suka suka suka,5
,2
mlehoiii,4
ok,5
mudah pakai,5
kurngi ikln please,1
pingin mudah sprti hrapkn,4
mntap,5
buruk,1
bagus manfaat,5
erti,1
ghsgu,1
tambah jaring teman,4
nisdh hapus ulang ulang kali msh ajja,1
guna bangun terimakasih,5
guna tolong review,1
very goood,5
ok good,4
tau lowong kerja,1
chef is the best working,5
paham,4
test,3
efektif,1
joint tibatiba minggu bisa neg buka alas connection capai mungkin neg ganti email please help me,5
bagus bantu,5
you,5
murah hati nyoba,5
moga sllu mudah guna,5
kren,5
bisa neg,4
bnyk lowong kerja tipu rugi tolong perhati likedin,2
,3
mohon bantu temu usaha terima tamat slta from senior high school alam bidang trimakasih,5
why does this application prohibit and block kratom sales even though kratom has not been banned until now the loss that i have my buyers is who is compensated,1
mula,5
error,2
ok mantap,5
b klau apknya ditmbh lgi,5
gabung,3
ok,4
drever bus raja saudi tinggal propinsi jeddah daerah hamdaniah gaji bulan minim banget walo tahan liat depan erti atur bus musim kerja ajar nama kerja travel umrah n haji ajar travel umrah layan jamaah alhamdulillah bersukur bangeut initerimakasihbuat,4
mudah an slalu layan,5
jos gandos,5
palsulowongan abal pas dateng langsung diporotin,1
was aap sending,5
membantur,5
sip,3
rating,5
mahin surabaya,5
huh,1
mantap broooo,5
mantuul,5
ak,3
oke bitlytiruterapkanjalankan,5
tpi kadang susah ntuk bukaudh brbagai mcam aj bisa neg ntah knpa nihaplikasi sohai,5
,4
nice,4
menbantu,4
binguuuung ahhhhh,5
sumpah nyesel download nyamau nyari info loker dapet panggil hoax,1
bantu cari kerja,5
cool apps,5
solusi baik cari kerja,5
ko,3
komentar hilang in neg jelek,1
gn sehinga mudah masuk kerja,4
buka bilang arah penginstalan penuh tahu neg install update milik versi terupdate mohon bantu terima,1
kerja bagaiman,5
buruk hapus,5
kren,3
bagus,4
jos,4
ok josh,5
for all job seeker i very understand how hard for seeking a job nowdays but you have know this this application help us find some chance for job and absolutely yes it work for filter some job vacancy you could filter that by yourself no mistakes this fiture and you have a responsibility for filter which valid or not hopefully you all are wise for give a rating and some comment this application is helping for find some job vacancy and you filter all of that thanks,5
ok,5
insya allah terima lamar pindah kerja,3
nggak,1
its very good,5
bingung masukny,5
jelas neg banget,1
help many people get friends and information,5
simple,5
lumayan,5
nyata nonaktif baik,4
jahenuja,5
nilai,5
siif,5
guna bagus,5
mas coba,4
butuh neg,1
gw suka,5
bs cari kerja,5
aps cs,5
coba,2
baguuuuuus,4
snagt bantu,3
baik fb lupa sndi langsung pkek lgi krn,3
,4
asik si tulis,5
,5
guna,4
perna kilang nocikon malaysiaselangor,5
tingkat hubung teman,5
representative tampil,5
bagus cepat,5
sgt mmbantu,4
good choice for us,5
mantab,4
ribet,4
good job brother,4
bagusmedia sosial profesionalhr jobseeker,5
good,4
manfaat uk profesional kerja informasiinformasi dunia kerja informasi business update,5
bagus tambah jaring,5
koi,5
,2
bantu cari info loker valid,4
jalur mudah sow we re tiule beaste bin jiu now eriale,3
buka notifikasi cari hasil neg baru,3
ih,1
mantaaf,5
nonaktif,2
ambil vidio twrus jadi konten,1
susah paham,1
moga sesuai bintang,5
nembantu,5
,4
moga guna,5
bantu jaring luas dlm bidang usaha,5
goog,5
mohon kembang aman palsu tipu lowong kerja situs tawar kerja datang keluar uang alas administrasi,1
semga slalu andal,5
unstal tpi terdftr dri google play updatebuka,1
bagus bantu,4
bagus,1
coba klo bagus ntar,3
mutu,5
matah,5
bagus,2
nayamul,4
ok manfaat,5
mudah infor mas kerja terima linkedln,4
jual mengotrakan rumahruko tanahpabrik inget amen indohouse,5
bantu hidup hari,5
gud,5
good lahh,5
shoping,4
guna fb,5
pernuh wawas kerja poll,5
,4
terima buka geogle,5
blanakan subamg,2
yoi,1
mantap mantap,5
bagus klik,4
best way sesrch job,5
bangsat posting loker tipu loker tipu bawa nama usaha aply lamar liat aply lamar,3
aman,3
manfaat,5
bantu cari kerja,5
informasi ada lokasi tanah area pergudanganpabrikasi rumah wilayah tangerang,5
ooh,5
hemm,4
moga bantu pencaker,5
bisa neg buka gabung gmail,1
oke laaah,4
bom terap maximal,1
terimkasih mudah cari kerja,5
mencobah semogah manfaat,5
butukan,3
jembatan sharing alam,5
entar bagus tambai,3
ap q ngerti maaf emg tau neg,5
makas,5
okay bismilah,5
jelas neg,2
ada neg tunjuk mereviso email lamar kerja,1
saji informasi tera bdate,5
,3
ko bbrp kli bisa neg,1
good linked,5
bantu,4
ora du dinlot kang,1
apl mantap bangat,5
nggk diamods gratis diamods nggk,1
flm forno film porno,1
ooo,2
ok,5
ganti foto profil bisa neg loading sinyal lancar mohon baik,1
,3
mantul jokk,5
,5
den dena mbak dila suri,2
aplikasi jelek,1
baguus,1
zez,1
is ok,5
pakai pakai insyaallah nambah,2
downld buka suruh buka uras kuota,1
,4
,1
ajar,1
bom dalam fitur,4
ngak tau alasana tolak lainpadahal data,5
bantu bangun relasi,5
zip,5
naguu,5
bug bisa neg akses,1
baikberguna,4
e,3
sip,5
puas kerja linkeddln,5
ada neg,1
jelek,1
masuk banget paswod god bye,1
ok sipp,5
,4
bagus manfaat,1
cek biodata alungajl rintis kemerdekaancilacap,2
kereen,5
ntaps,5
kembang karir bagus,5
foto opooohakfjwidiwpqpmcnn jadi inna jnelasfs more news foto si manis jalan bdg nama band na,3
,4
ok oce,5
bagus mas,4
bagus lengkap ptofesional,5
,1
cari hasil umum ppdb sman cikarang utara bisa neg,4
seve,5
ilmu cari kerja mudah,5
cepat,5
kadih ah,1
akurat,5
okedeh,5
,5
up,4
i like,5
susah mengaktipkan as neg,5
tau hasil,5
terbaikkk,5
bagus bangat ni,5
oks,5
,4
hidup indah sentiasa syukur,5
bantu cari kerja,5
kadang mudah job via agency spt linkedln,4
oiler crane barge east marine,5
bantu,4
bagus,5
makasih kaka,5
mantul bener bro,5
okok sahja,5
,4
nice for seeking the network,5
nambah kenal hebat,5
iadi pasu fod,5
mamtap,5
kepala produksi cor logam,5
ok banget,5
lumayan,3
driver,5
,2
layar,5
panggil,2
goblok nyesel gua download,1
,1
manteppp,5
perangkat desa,4
sngt mnunjang skli,5
very good,5
gw butuh,5
bagus fi hack,3
bantu sya cari kerja,5
bisa neg masuk nomor telepon tulisananda dapat neg masuk nomor telepon inikira aplikaai neg bawa uninstall duluhuuhhandphone samsung a,1
rwr maulana muhammad diri nkri diri the united nation pbb sunan tapaut hindia ones banker,5
,2
,5
bagus banget bisnis,4
good,5
all right,5
suka,1
bagus banget bantu,5
,1
kelulus,3
oke,5
good,4
muas,1
aalaa,1
up,5
apl nh penboong lg,1
force close isi sandi boss,1
tai ada neg gunanyapetunjuk aj nyambung neg dobol cm bikin pusing ngoprek jls neg,1
sip,5
,5
klu manfaat bru,3
bagus cari kerja,5
gooooooo,5
mantappppp,4
suka,5
informasi job tki,5
skype,5
gimana daftar,5
lowong benar ragu mohon kroscek benar kelas usaha freeport check tipu,3
mudah,5
home at work,5
dagang porang,5
syukur,5
kantol,1
bnyak,5
thats why we need is a special day,5
,3
mauza,1
nice sgt guna thanks,5
,3
kene sabung wafi upadte,5
ok,5
bagus tingkat,4
bagusbanyak koneksi dapat bantu cari lowong kerjatpi bsa neg masuk non aktif otomatisapa salah tolong info,5
kamers tembus pandang,5
sangan suka,5
daftar sekolah knp loker kerja,1
bisa neg loading new page baik rating for the respon,5
suka panggil gadis kota,5
jelas neg iklan sampah,1
emang jelek bagus,4
ff,5
nice one,5
bagus,5
tuju,4
mw kayak bagus bantu butuh uang,5
daunload sakit perud,4
,4
bantu bisnis jasa service ac,5
tolol goblok kambing anjing adakan tolol doa kaki patah tangn biar buat neg tolol aminnnnnnnn,1
layan,5
adsz,5
bagus aplikasih,5
love love linkend,5
tibatiba susah,1
mntab,5
baik,5
suka,4
,3
info lowong kerja ada neg hasil,1
trey dl klu ok,2
biar karna bukti,5
mudah mudah job,5
connected profesional all arround the world,5
terima bantu,5
mudah simple,5
bagus oke,5
good jobs,5
gbo,5
,5
sman tangerang kota,1
batu,5
tipu,2
wiwin,5
anjing bangsat tipu loklau hpus bikin darah pkokx jgan ad instal jamin psti nyesal sumpahh,1
an katnya banjak fb,1
alam taxi rubah nasib grabcar,5
rugi hari mendownload bisa neg upload foto bisa neg nambah temangak upload foto propil,1
bagus bantu,5
bagus neg,1
ajar dl,3
intensif buntang,2
gin bantu,4
,5
layan muas,5
suka,1
akreditasi standar nilai,5
banget nge downdlod jam selesai neg selesai,5
vitmate,5
mambantusukses,5
dermo,2
bagus banget memuaskn terima bos ku,5
very informative,5
kerja bawa mesin,5
soalx nnti klo da lantik paman,3
bagus aki tambahin mya,1
bagus kali,5
jancokkkk,5
oohhh,4
,5
ptmegariamas sentosa juni september pt panchadharma sentrabhakti oktober november alasanya henti neg tutup konnter habis kontrak,5
coba,4
bagus bangat sosial,5
manfaat,4
main bagus,5
coba,5
takuongtanah,5
bantu neg,1
bantu,5
of,5
mantep,3
kagum,5
puas,5
mudah,5
go,5
mantafff,5
klw gacor,3
prestasi tentu posisi,5
hasil kasi,3
bantu,5
gabung bln,5
nyoba ksh,4
menginstal tips tips erti terimakasih linkedln moga maju amin,5
pengalamnan pkl bln kantor bppd serang banten,4
toop,5
asyiap,5
daftar kerja,4
maka man,4
susah ndowload,3
brusor bisa neg ni,5
bagus aplikasi skill ubah rekomendasi bikin iri haha,4
spammmmmm,1
uji,1
,1
ubah atur seleksi terima siswa dg sistem zonasi rurut hasil sdm kwalitas rendah,1
kasi bintan bagus tamba bintanya,2
,1
respec,5
mantap pol,5
,1
siiippp dachhhh,5
pesan bayar,1
aplikasi tampil maaf salah mohon baik,1
anu,5
bantu kerja info loker,5
rumah tangga,5
downlod ngak tau aplikasi bagus,3
good luck,4
bisa neg nama salah pdhl nama asli,1
aplikasiny tlg tingkat,3
bagus sekaliii,5
jelek sesuai postingan palsu menginfokn open recruitmenmohon kenltentuan individubadan usaha id valid ada neg id sembarang menrungikan,1
simontok,1
gw suka neg mendi pergi bangsat,1
masalah sulit pasuk nomor kode sandi,5
aplikasi bagussss,5
bagus,1
hai admin tolong tambahin kolom nama,5
apl monyet,1
hobi nonton,5
tai masak download suruh daftar trus jls neg bgst bukti robot neg verivikasi ribet ah tai,1
tele,5
pnsdoakan,5
,5
profesional,5
tester,5
mmbntu dgn,5
mantap bos,5
loker usia max dapet,5
bantu cari kerja,5
bagusss,4
vidhot,5
puas,4
nice,3
mo,4
sadtiryah denny,5
konyol,5
bisa neg baru status koneksi muncul terang maaf salah refresh status pemberitahuan koneksi bagus,2
smoga bhong neg,5
aktip,5
wae,1
alam,3
,1
terimakasih moga lancar giat,1
moga mudah akses,5
sipp,5
suka,2
enak pake cangkeme,5
bin gan,3
yowes sip,5
lagintah,1
kuy,5
batu karna tau prosedur daftar,5
sukses li inspirasi dalam,5
good apps for looking an opportunity,5
off,5
so good,5
pasang,5
aq nyoba bagus nnti neg aq comen,4
elika,5
anjing daftar bisa neg kli jgn asalasalan,1
goog,4
hasil kasi,2
alam linkin,5
terima,5
loding nginstal jalan neg memori penuh neg tetep loading bisa neg data ku isi nyala tolonv,1
please add copy and lite i need thats,3
klu masuk fb,3
moga bantu ksih,5
lowong kerja koki,5
info kegurua cpns,5
sanggar bantu,4
buka gmail bisnis sajakarna nilai,5
civil supervisor,5
sanggat bantu karir,4
cepat update,5
pacu,5
aplikasi bagus,5
nyoba kolo bantu,4
taiikkkkk,1
operator lantai bor smpai sumatra jambisekarang ptkugup narama umpul area tambang ptfitembaga pura timika papua operator loder h h,3
anjir boongan jgn download,1
haheho,5
guna jalin relasi,5
lhh klo hasil ny bagus full ny,2
selamat sore daftar negeri cibinongbagaimana bu,5
apik,4
oke bagus,5
semangat berkarir men esuaikan zaman mudah dgn smoga bisamnambah wawas sukses,4
mudah cari ajar,5
jos,3
mantap jiwa,5
nyoba,1
bagus,5
good,5
bagusssss,5
jelek banget,1
baguuss ajar,5
moga bermanpaat,4
bayar dbikin susah,1
,3
,2
gooooddd,5
content luar job vancany,4
joss,5
moga hasil,5
mantap sekaleei,5
alam cari alam,2
bagus aplikasi,4
manfaat,3
bantu,3
bantu cari kerja,5
,5
lumanyan,3
layar,5
hikmah,1
klo ok sya lg,3
manfaat,5
banget,3
tesss,5
guna bangun karier sahabat,4
results,5
terimakasih bantu,4
asiaap,5
halo kabar,4
,1
coba,5
bagus membantumenambah teman dunia,5
lengkap bantu,5
erti,1
klu bagus aq bointag,3
hot film,5
info manfaat,5
kasi,5
mudah,5
mudahmudahan suksus,5
bagus kash lgi,2
manfaat km,4
,5
testing,4
bener bisa neg nyadap sms,1
dfi,4
sip,1
ok,4
good performance,4
,4
irsya,1
tolong admin baik posting gagal jaring full kecewa tolong baik mohon apps bantu saudara butuh terimakasih,1
erti,5
gua nilai,2
ad neg,5
telek,5
zhendy styawan,5
sib,5
adi,5
mantap aplikasih,5
pakai,5
kece hasil canggih,5
lansung penuh kasih kasih kau doa biar mendownload minecraft pe gratis,5
bagusbuntuk main ml ranked,1
baguss full ny,1
x jam bisa neg smentara aktif neg linkedln tolong aktif kali ganti password mohon direspon makasih,1
biaya kulia stikes abi tahun,5
mohon info loker linkedln filter benar guna nyaman cari kerja moga kembang terima sukses,4
oky magdalena,2
aplikasi bagusss mantappp cari loker,5
puri,3
kerja keras fokus depan hidup hidup,5
jelas neg,1
kassa men,5
karan download tau neg gimana isi,1
nanty klw bnr ksh,3
memberikn informasi sangt manfaat dn,5
,2
bagu,5
cobaa,4
bantu,5
go,4
bagus,3
simotok,5
mbuh,5
a connecting,5
bagus tambah jaring,5
jejang karir,5
join,4
klo dah dpt kerja sesuai dg kriteria suami,2
gijil,1
pt tor ganda staff uang alam organisasi individu kelompok,5
tf this apps is on my phone,1
asyekkkkk,5
dear tolong berantas lowong palsu masak kelas lowong resmi neg official lho lowong bohong malu neg,2
bantu yaatrmkasi,5
helpfull thanks,5
apl,5
nambah wawas rekan teman,4
ribet msu masup ny,1
oke muda mudah bagus,5
mitra bagus,4
cobaa dulubagus,3
,3
berjuangterus,5
bantu trimakasih,1
mbar ff yuk,5
terima bantu,5
good for search job,5
aq z,3
ngetes ni benar,1
kaloe emang best entar,2
tampil manual otomatis,2
siip,4
ok sip,5
oce oce,5
li,5
selamat suci maaf besar,1
moga sukses,5
bahasa jawa pentingkarena bahasa khas budaya jaga lestari,4
sayah hidup dunia,5
sungguh,3
oke boss,5
ok baanget,5
bagus kreatif,4
good apps,5
gampang cari kode,3
krn coba klu bagus nnti tambah bintang,3
mantapppppp,5
allahuakbar,5
,3
sgt bantu zc,5
manfaat mudah informasi lowong kerja akurat,5
simple and easy,5
insyaallah bantu,5
mantap,5
bagus boss,5
oke banget,5
nice share your job,5
okk,5
suka neg,1
bagua,5
mantap info,5
cari kerja,5
supervisor cvbintan harap,4
susah uninstall,1
byk bajak email,2
lulus s teknik mesin usu cargill tropical palm production supervisor alam posistif usaha,5
,5
puas,3
is the best,5
relasi bisnis,5
senang aplikasi manfaat,5
,4
lumayan bagus,2
moga posisi,5
bantu promosi corporate ami,5
suka linkedln,1
kereen,4
is the good,5
very very very good,5
lumyan bantu cari kerja,5
dlm,5
suka,4
bagus mesti bukti,5
nyobain,2
tolong update loker pisah,4
moga ber inovasi,3
good aplication,5
cobabulu,1
mantav,5
joss silaturahmi,1
fahrulrozi tamat kuliah universitas sumatera utara fakultas ilmu sosial ilmu politik jurus administrasi bisnis asurance bni life bancassurance spesialys pic asm area banda aceh pt prop raya icc kick koun area banda aceh sigli bernuan meulaboh pt mayora head office area lhokseumawe,5
its really very good,5
seeep,5
,5
kah,2
,5
okeeeeeee,3
id,4
bagus tingkat sllu update linkendin,5
oke,5
bantu,5
job apl,4
of course,5
not bad,4
suka dukanyasemua jalannyasemoga ladang pahala,4
moga partner,5
god jobs,5
moga bermampaat bantu kembang bisnis,5
foo,5
god job,4
nice,5
buka bantu hubung dunia hebat unggul,5
wakil ketua dprd abes sd,5
bagus membanhun jaring,5
goods,5
wou,5
tuban,3
duh,1
keren,2
goid,4
nnti klw bagus tmbahi lgi,2
good bantu,5
mula bagus,3
aplks brengsek,1
bantu,5
manfaat nambah silaturahmi,4
jelas neg bisa neg masuk bikin habis kuota,1
guna,1
okeh,5
suka,5
harap trims,4
sip,3
gagal mulu,1
coba broo,4
be good better,5
for job,5
it may connect my networks,4
mengupdate ubah,5
hubung perangkat android hubung ponsel hubung facebook boss ku,5
loading forever,2
,2
good for new job,5
,5
pegawai swasta,1
buang iklan hp,5
cocok capai jalan cepat,5
maksa,1
perna,5
bagus tpi klau bnar mantap asli trus langkah sulit neg,4
,5
mantaptapi tingkat jaring sayasupaya cepat dgn anggota,5
monyet,5
bagus lancar,5
informasi loker relasi dapat,5
kelas,5
memposting loker bohong rugi juta kerja aplikasi,1
i like is the aplicasion,5
parmank bocah,3
lamar bisa neg kirim mentok harap tunggu sampe hari tunggu bisa neg kirim status harap tunggu,1
nama kurang fan klebihan urus kerja atas mausia usaha allah tentu terima ass wr wb,5
nyoba,3
i feel unhappy because i cant even though i already have an account,1
mantap bantu,5
tai langkah aman guna neg bikin huuu goblok,1
,5
nganggur,1
amat membantuthanks,5
,5
tambah fitur live streaming mantap tunggu updatetan baru,4
kebun kelapa sawit pma pt rea kaltim plantations group owner london inggris jabat askep estate tepi,5
bagus,5
bagus,4
anak,5
bantu cari kerja,5
sebenernya loker cuman info doang,2
planet,5
,4
bantu jalan bisnis,5
mutu neg tai,1
jelek,1
try furst,4
bantu bentuk jaring bisnis informasi dunia,5
lumayan,4
gabung,3
diupdate,1
,5
donwload,1
mantaf,4
tunggu ada neg tambah bintang,4
,4
,5
ok pas bangetsangat optimal,5
mantap sngt mmnbtu temu arng knl neg teman,5
cook banquet,5
aduuhh plisss recaptha robot apaanaku uda bener masukin sandi nyakenapa sulit,1
film prima judul jampang,5
no comment,5
opertor batching palnt pt prafik mus gemilang operator batching plant ptholland ballast thiess join operation operator batching plant ptagro cecker material ptleighton contractors indonesia projeck ccdt cikampek cirebon ouble track sigmen tekhnisi labbeton lapang ptunggul beton remikon operator wheel loader ptpionir beton,5
yups,5
informasi komunikasi bisa neg pisah sosmed moga,5
ankut barang bahan bagunan,5
klo ok,3
tolong loker,5
mudah mudah dukung performa kerja hp,4
ok punyaa,5
bagus keren sangatbagus,5
,2
ok joss,4
sngt suka,5
wajib samsung guna neg bisa neg hapus,1
noted,5
,4
i do not like this,2
kerjasamanya,4
lihat dlo,3
bantu cari loker kerja,5
bagus sampaikanmenurutku,5
bagustapi muncul salah tolong abai bisa neg apdet koneksi sayatrims,1
bagus genep bagus tolong bener aplikasi bagus,4
,5
klo ok ksih smua,3
email masuk tulis nonaktif linkedinpdhl email aktiftolong bantu,4
manfaat aplikasinyamembuat jaring mudahmemudahkan cari lowong kerja,5
,5
ux,3
no coment baguzzzz,5
bantu kerja,5
okey,2
aj,1
dulue nantik emang sukses aq,4
perbaikanuntuk tunjang fungsi,2
,5
bantu bagus,5
mantab,3
yusuf ganteng,1
,3
oi baa ko aa ko buruak bana dak buka,1
gogood,5
moga untung,5
ruqyah,5
asik info mambagun liat kembang biar buntang,3
excellent,5
mall boemi kedaton lampung,5
lh,5
like this,5
,3
rusdi boneka,5
suka banget,5
good application,5
,4
mantul,5
subhanallah,5
whatsap,5
mecoba,2
indonesia,5
luas networking sharing knowledge,5
bismillah,3
mantulll,5
ok mantab,5
kasi cari kandidatoke skebanyakan pintanah kali modal alam manaitu bantu bayak neg teorismk contohkalo merwka alam kenapaharus sampe diplomatyah ajabuat buka lowongankebanyakan php,5
tau,3
coba,3
aplkasi bagus,5
bisnis bidang rajin tangan bambu kayu,5
keren banget dahtopppppp,5
please increase the number of job openings the application advice must be even tighter due the many fraudulent companies the application,3
bisa neg masuk,2
mudah usahawan cari kerja,5
detil maksimal,5
coal q bpak,2
seru,3
makas abdet baharu lancer,5
tutup account verifikasi neg benar account laku neg langgar upload larang policy promosi market pengaruh quality guaranty,1
,5
bermanf at,5
yes mantap,5
goods,5
good i hope i can find a good job here,5
bagus,4
ngerti gmn pake tanks,3
kemarin datangin lowong kerja linkedln pas datang kantor calo bsa salur bayar uang jt tuju mbayar butuh kerja anggur kerja janji sesuai domisili tawar kerja luar domisili beda janji awaldan seperti neg cantum iklan linkedln,1
well,5
kerja ininamun bs tambah koneksi pasti guna,4
lawas,5
informasi lowong kerja informasi,5
smg manfaat,5
bongak,1
good very helpful please make it more improved again the future thank you so much,5
great,4
greaatt,5
ku,4
keren lihat kerja negeri,4
bagus bermanpaat,5
pengembng rakus laut low x gagal,1
trimakasi linkedln bantu,5
bagus bangun jaring,5
lihat,4
pokoke mantaazazaaaaaaappp,5
joss,4
moga kerja baik,5
,5
jalan hdup bkn apa,3
pulih mail prangkat hubung,5
susah,2
hay,5
aj,5
,4
tambah wawas alam bagi informasi perihal kerja,5
nh,4
mantap sagat detail peluwang kerja,5
,5
mantab,5
selamat gabung,4
iping,5
yuo,3
mudah berkarir,5
top markotop video dishare dpt download trims,4
operasional,5
good apl,5
,4
bagus relevan,5
profesional solid surface tangerang indonesia,5
biar lbih pinta hp,5
beautiful beautiful,5
matap,5
piping supervisor,5
professional is linkedln,5
ok,5
bagus,5
success,5
wuuss wussss,5
status informasi,5
cakep,5
bagus,3
bagus bantu,4
,2
linkedln bisa neg buka solusi,4
teknikal manager factory,5
ksih,5
ngabisin kuota doank bisa neg masuksumpah kecewa,1
baguuuuus,5
jancok terima,5
vendor pttpse buat part part tankvessel assembling tank standard,3
mantap banget bantu galan,5
mudah mudah lancar amiiiin,5
gg mmbantu,1
buka langsung install,1
ok,5
tai bisa neg gunakang goblok katasndi aplikadi ai tai snjing,1
kenal,5
bismillah,5
daftar mulu,1
ok tanks,4
hang feed hilang,3
keren bantu,5
,5
bagus,3
sephh,4
suka linkendln,4
,4
bom,5
baharu mulu,1
good,5
uuf,5
baguus,5
berani tampil,5
siipppp,5
mantap,5
mabii,5
a gs h,5
yoba,4
lambat mendownloadnya,3
ni,5
bantu proud,5
quick n fast response,5
etc,3
bagus next,3
tas klo bagus entar tambah,4
nice for exploration and mining information,5
bokep jepang,5
bantu dlm cari kerja,5
coba,1
sherly,5
dounlod bisa neg,1
,1
bagus,5
conecting people,5
lutut depan mahat magandihe,5
mudah julo bantu renovasi rumah,3
bagus jujur profil,5
smoga bantu,5
manfaat informasi,5
dasar z zx,2
,2
hay adminmoderator thank for your attention my complaint why i cant access but as my connection is so well i hope youre fixed that thanks,1
mudah cari alam kerja banyak teman,5
mntul,3
good luck,5
asisten maintenance supervesor mekanikal enginering,5
nyobav,5
kabar gembira solusi harmonis pasutri masyarakat kota bandar lampung klinik obat alternatif bpk abdul azis asing neg keahlianya obat perkasa pria jantan keluh obat layan keluh pria wanitabagi yangkurangjantan putar alat vital solusi klinik obat bpk abdul azisbagi pria milik ukur penis panjanganda tentu lingk,5
simak,5
sungguh bagus,5
terima bantu kerja sesuai alhamdulillah usaha nama,5
exelence,5
edukatif and informatif siiip,5
i think this is place who care important about job,5
ribet,2
good for refrence,5
bisa neg buka yh,3
info lowong kerja,5
ribet linkedln masuk susah paswod,1
property,5
bantu,5
bagus sich kemarin bisa neg posting guna yg neg aneh,5
bagus,5
kelas,5
good idea,5
operator,5
sat kerja gua dah,1
ok,5
bissmillah,4
bantu sukses,5
coba asik aplikasi neg oke linkadln,2
,5
bantu akses web linken,5
ku tulis china update store playstore neg akhcoba nonaktif hapus versi model,5
mula,3
mantap bantu,5
moga beri kerja servis kompor gas,3
mantapp,5
sederhana,2
menang kalah,4
oky,5
thr your program,4
bal,5
mantap,4
lumayan bagis,2
,3
kenal luas,2
godd,5
perfectg,5
bantu,5
cari teman banyak,4
keren,5
bagus bangun jaring,5
applikasi cepat,5
bagus ny neg,5
tetew,5
ajar,4
easy use good for search any jobs,5
good social media,5
i can find new job by linkedln,4
blokir,1
bagus ktm tmn info loker mudah,4
layan bagus guna marketing,5
tapmantap,5
kes informasi dalam,5
good jobbaru nyoba,3
bs cari,1
bisa neg coment sm translate muncul beranda,1
huff,4
ok dehhnya linkedln ok lh,3
nnib,5
ntar dapet kerja ku tambahin,3
nyobain,3
kerja linkedln info gansist,2
i love it,5
mudah muas,4
info akurat terima,5
susah masuk,1
bantu bianis,4
,3
good application for next generation,4
coba,2
trima,5
xxu,2
super,5
bantu promosi,5
berkommunikasi teman,5
bantu cari kerja,3
bangun relationship bidang profesi kerja,5
expert,5
,3
nnti ksh klw uda,2
tolong filter lowong kerja jelas neg tolong lihat detail usaha check benara akhirakhir marak tipu oknum tanggung neg pasang rekomendasi linked job search alami tipu,2
cari lowong kerja lihat,3
oky,1
update up date kalah minum obat,1
suka sulit masuk,5
suka banget,5
mantabbb,5
goodis,5
never give up,5
manntap,5
harga,5
bagus banget,1
bagus mudah aplikasi dukung,5
semangat juang,5
aplikasih memuaskn,5
bagusss,5
aplikasih dukung informasi akurat,4
mantap lanjudkan,5
kerja pt star cosmos,2
love li,5
nge friends,4
,1
moga membantudan tolong hapus ingat perusaahn menipumasih usaha tipu dsni,5
mantap bamyak relasi,5
senang hubung frofesional hebat,4
bantu inspiration,5
,5
khontolll,1
tai krgunaannya,4
hubung,5
thank you linkedinaplikasi senang bantu hidup keluarga thanks,5
good apps,5
appnya mantap,4
,2
smoga bermamfaat,4
kalah lieur,1
dawafh,3
knpa daftar gin payah ah,1
baguss jossss,1
nyoba,3
goodgoodgood,5
gabung,5
,2
alam awas lapagan produksi,5
soezar,5
cba,1
,2
mudah fitur,5
bantu,3
tambah tks,3
l like,5
,2
bysa bysa,1
its good,5
keren,2
nanya namax cari kerja nganggur,1
anggota profesional tugas kerja buka bantu tangan,4
alam,4
idont know whats fiil,3
karna manfaat,2
i love you sheikh hamdan,5
dulumoga amanah kuat,4
guna,1
cinta,5
pakai setelahnyamoga manfaat,4
nyoba dl,4
mudah hubung,5
,5
no pain no gain,5
,4
,4
good jop,5
busuk,1
maksa baharu,1
r bokep,5
,1
klinik obat alternatif bpk abdul azismelayani keluh pria wanitabagi jantan putar alat vital solusi klinik obat bpk abdul azisbagi pria milik ukur penis panjanganda tentu lingkar cm cm cmpanjang cm cm cm cm cmdan hasil permanen jamin aman efek neg sampingmetode obat urut alami ramu tradisional herbal bantu doa,5
wre air brawijaya supervisi tol road,3
bagus,5
tau neg guna,5
seru,5
quality control laboratory,5
mo,5
best news work,5
jgn lupa tanggal april pilih prabowo sandiaga salahudin uno,5
,4
tesssterrrr,3
mantul mantep,4
dagang kaki gimana spy dagang laris,3
,3
m,3
tambah relasi silaturrahmi,2
moga mantap,3
bagus,5
,1
setijuhui,5
manfaat dunia kerja keep it up,4
tau dpt kerja disiniaminnn,3
cari job,4
good apps i like it,5
lowong kerja hr,3
kirim barang wahana express wonoayu,5
,4
linked ok,5
entar tambah kl bagus,3
,2
,3
saye kasi ntar kalok saye lancar maksimal tambahin okey good nice,3
,2
oke oje,5
lumayan simple tarik mna lowong kerja amin,5
mbohlah bingung,3
okee,3
lumayan bagus kenal broker negeri,5
coba duluthankss,4
nambah bintangx,2
dl kl ok br br psng apl,1
sllu kalah inggin rasa menang,5
,3
bisa neg pasang foto profil,2
learner,5
bantu aktivitas kenerja,2
hei shbt smualam kenal,3
mahasiswi,5
,2
elok,5
keren hubung,5
maek,5
proyek konstruksi baja desain besi,4
ox moga tambh ilmu,5
dear team please upgrade cv template i hope that can realized,5
bagud,5
hebat mantap,5
aq iso ketemu konco lawas neg kene,5
tai bisa neg uninstal,1
is okey,5
sanggat sukaa,5
ssuuiho,5
bantu cari kerja,5
media interaktif mamadai era glabalisasi,5
appnini bagus bnget mnjadi jmbatan bang,5
bagusterima,5
inoget,5
moga manfaat tahu neg bisa neg,3
duluy bisa neg upload foto size kecil,2
,1
bisa neg daftar kecewa,1
dukung menakses inform si,4
gin aj klw aq,3
,3
dusta hati,5
bagus jalin relationship worker and business,5
bagus bagett,5
pnglmn,3
bisnis,5
bugs,1
,5
wonderfulyes,5
kg mm,1
good job,4
ngentot stupit,1
bantu informasi lowong peluang kerja org,5
,2
linkedln moga manfaat,4
pomade herbal merk gloss,4
perna,5
molek,3
daftardbcncomidbisnisokermaryaulfah,5
coba bagus,5
ganti ig,5
jual beli,3
gabisa bos,2
,5
tambah relasi kerja,5
no komint,1
instal butuh info kerja usaha,5
good helpfull,5
untk silaturrahim,5
good application,5
google sifat publik,5
why i cant download,5
laut indonesia,5
senang,5
moga manfaat,5
bagus manfaat,5
oke banget,4
maju cepat,5
,4
mantap bantu,3
wa,5
,5
bismillah,4
kenal orangsemoga,5
jalin saudara,4
linkedln baik profesi kerja,5
coba,3
siip,3
kontruksi sipi kontruksi baja,5
mudah teman,5
sanggat bantu jaring persaudaraanand bisnis,5
bantu,5
lovely,5
mantapsangat bantu,5
tarik moderen,5
by ok,5
bisa neg daftar tulisanya gagal mulu sinyal,1
lengkap,5
kagak,1
kayak,1
ling,4
bagus karier,4
susah nihh,1
gabung dgn linkedlnterimakasi,5
bagus masuk putar puter bisa neg payah,1
balik,5
joba,5
mudah mudah bantu,4
,5
luas nettwork,4
good comunication,5
ok good,4
cant opened,1
yanto,5
lanjut paham,5
mantap surantap top markotop,5
wish you getting better and better,5
aplikasi mutu neg,1
coba,5
produsen spandek pasir,5
ngerti neg tpi lgsung hahaha,5
,4
bantu bagibyg membuthkan unt bagi informasi jalin kerja,4
josh,5
good application connected people the word you dont need meet your friend just open this application know everything,5
good jobs,5
lumayan,2
update bisa neg liat profil status feed,3
massining,5
ter alu nich gguna penggaguran lulus menggetahui dunia tuch,4
pt so good food,5
pok oke oke,5
bantu terima,4
best,5
melmar kerja mastpi mna hrus ngantr lmran,5
bantu dlm kerja trmksh,5
daftar bisa neg tolong paja,2
very excelent find any information for seafarers job,5
yui,5
ok siiip,3
tambah wawas,4
bagus cari kerja,5
like,4
rf telecomunication vsat,4
foreveer,5
gua,5
mmmm,2
porno ama hewan,1
mnfaat,5
positif manfaat jangkau informasi relasi,4
ngit,5
how not try,4
bitlymaxtube,5
good job for us,5
sangatmembantu,5
tau manfaat,2
good aplication and service,5
bagus aplikasi,5
psbu,5
teka teki sila,1
jos pokoke,5
servis elektro kipaskomporsanyomejikommesin cucidlk,4
always correc abaut data,4
ntaps,4
,1
good must be better from before,5
tanks very much,5
humas ofrator exsavator,5
apl hubung luas,5
excellent,4
i have some problem with mobile version cannt open any updates or check who accept my invitation,1
kali susah jaring jelek tau nggak isi biodata appnya bantu,2
cant sign up why,2
jabat supervisor usaha mewa fod,5
membantudan bagi kerja,5
lihat,2
ok,5
sippp,5
ok good aplication,5
salah sosial baik,5
bantu kait kerja,5
suka x,5
hebat,5
main bola ps ade da n manang tanding,5
toop,3
,5
bantu interaksi dlm bisnis cari info lowong pekerjaa,4
trial,5
mantap jaring profesional mudah,4
duluklu bagus,3
ko gua gabisa masuk,1
hb nn ubb u hu u mmi,4
ko nggak aplikasi,1
puas apliksi terimakasih,3
manfaat,4
bantu informasi peluang kerjathenks,5
kerennn,5
cepat bantu jasa profesional,5
sgt m mebantu job sesuai dgn ahli kt very good hen hau yung,5
,5
dpt baca guna challenge,5
fil,5
good bantu,5
tarik,5
informasi tangkap bantu ancang,4
mo,5
moga sllu info kabar baru,3
nice,5
moga manfaat,5
nyaman linkedln koneksi tantang percaya promosi moga depan,5
verry good,5
tualang,2
terimaksi partivasinya,1
,3
,1
tipu lowong kerja mohon waspada,1
sgt nimbrung peluang,5
mantaff top joosss,5
ajar tambah alam ikut maju tehnologi masadepan,5
bisa neg update bsa neg buka,1
sip,5
siip joos,5
great,5
luas linkedln,5
mechanical,5
bidang terbit bukubuku sospol,5
kelam,5
linkeldn mudah jalin relasi informasi global,5
lumayancukup bantu,3
pt pkss,5
tambah inspirasi,5
goodapps,5
very good,5
applikasi professional kelas intellektual dunia global,5
klaw,5
,5
,5
bagud,5
bagus ta,3
is the best,3
keren bingit,5
bantu cari kerja,5
terima,4
,5
oke baguuuiiuuuuus,5
bantu dlm kerja,4
,1
manfaat profesional,4
fantastic,4
oke,4
,5
bantu wawas,5
bantu,5
bantu cari informasi,5
salah tambah relasi tambah alam wawas hebat profesi beda beda,4
menakjubkn,5
layan,2
cari kerja online ngelamar sll bisa neg mentok suruh hubung wa pas hubung wanya yayasan trus bilang yayasan duit bener gimna info donk bro,2
moga,5
lihat,5
suka,5
manfaat bangun relasi profesi,5
bagusasa,5
oke,5
bisa neg instal,4
sengatsengat bagus,4
bagus bantu iformasi kabar terbarucukup bagus good joobs,5
,4
wahsap,5
,2
gambira banget kerja yank bantu,5
okeyy,5
bgud,5
,5
ggod job,5
bantu bagi ilmu,5
yakalo bagus,4
super,5
susah,1
moga lancar lolos modal terimakasih kerja sama,3
bagus update informasi bisnis relasi tks linkedln,5
mantaap tambah lg teman,5
bagus,3
lumayan elu manyun,5
piping project control civil site mager at asahimas project engineering at wokatuba lube oil blending plan at federal oil project civil engineer at pdsu factory pic piping project at mitsubishi chemical project,5
teman loker lulus sma,5
solusi kembang kembang usaha,5
ikut bagus ajah,4
yess noo yeessss,5
its verry good,5
moga layan terimakasih,4
bagus,2
mbikin buku koleksi file file screenshots buku alam smartphone kali hidup,5
manfaat bantu,5
kerja keras integritas,5
suka,5
salesmen,4
tani,5
iya loh,5
bagus kompetensi,5
cari teman professional,5
,5
klo fix kasih neg full star,1
duluh tamba bintangx,2
ksh,3
keren,5
nyobah,3
baguss banget,4
nambah sahabat positif,3
good amazing,5
brian wahyu,5
bantu,5
lumayan membntu,5
lihat,2
klo dapet gua jempol keluarga,4
staf sma n tukka,5
terimakasih doa hasil,5
oke but nojobs applied that give result for me,4
dah krja,5
yaoke,2
dudu,3
moga jalan sesuai damba thank you,5
alami sulit akses bolakbalik password hasil,3
lamar fleksibel mudah bantu bagi tentu peluang karir,5
good a job,5
mudah cari kerja,5
tos,3
bersemangatpemu da ok,5
good program,5
i got some professional friends and some jobs,5
,4
tolong saring job buka lamar bener palsu kena tipu untung langsung tlp trus nanya usaha,1
sllu dapar neg orderandsisi order turah d neg ambilinsdangkan puya bunyi neg seklaliduduk hp internet samadmn salah,5
bantu banyak tali silaturahmi,5
still difficultly search the job,3
thanks linkedlnfully helpfull contact people and friend and find out job vacancy,5
kepala sekolahketua rawan tingkat desa kabupatensekertaris kksketua komiteketua kppsketua yayasanketua ranting ormas,3
aplkasi jelas neg ribet ngisi jg ribet praktis neg eh skrng mlh non aktifkn bisa neg dwnload prtma kali sprti,1
,3
bagus,5
ajar kasi,2
non aktif verify dgn upload ktp gagal mohon cerah ny,1
bantu info loker,4
bagus bantu,5
sipp,5
dpt kerja tinggal neg anak dirmhterima linkedln,5
mudahn manfaat bwt,4
dpt job inibravo,5
ka whatsih be lahdak rugi,5
pergi rumah nenek moyang bagus unduh android mas anton selamat senyum he he he,5
mudah dapet kerja bagus keluarga,5
thanks for linkedln,5
nam,5
nyoba,5
ijazah smp engak,1
teman,5
keluh,5
great apps,5
bantu,5
hapus teman fb,1
pemberitahuan notifikasi bisa neg buka,1
bagus bisnis,5
mantap hubung dunia kerja,5
butuh kerja,5
bguss,4
suka neg,1
duluya,3
bisa neg kirim foto video,3
ok,5
bagus,5
gimana ngecek angsur difif bos,1
bismillah moga bantu aaamiiin,5
,5
s boliologi,5
,4
iklan masuk,3
anyink bangsat,1
coba,3
anjing,5
mudah cari lapang kerja,5
asu,5
mantap kali l,5
t o p,5
bantu informasi,5
pokeh cok mancokan engak taeh buccok mun taoh taeh buccok ye engak riah pokeh pokeh patek anjing,1
liat,5
,5
bantu cari kerja tambah teman bagi alam,4
aplikasi bagus,3
very usefull apps for professional networking,5
aplikasi bagus,3
,1
trbaik sllu,5
matapp bengatt,5
bagus cuman nyari kerja ngebangun resume tarik fitur harap akses fitur fitur tolong gratis cost premium,5
waoo mantpp dkt silahturahmi dn bs tambah wawas,5
bagustetapterkoneksi,5
toppp,5
tele upgrade premium susah,3
cobak,5
baru yowhattsap,1
,3
pernah neg kerja dr ssini,1
keren klo ny sampe ribu gw nilai bintangny sampe ribu,5
apknya okk suka,4
kerja,5
smntra,3
tibatiba bocor seko temen kelas tau malu banget,1
,5
moga bagus,5
moga bantu,5
good choice,5
nice aplikas,5
bagus tambah jaring,5
akungagal mulu gbs buatpke email google gmn,1
bangke tipu,1
coba,5
bntang aj klo bru bntang,1
smart,5
,3
mantab,5
,3
moga jaya,1
mantaaap,5
ajar endorse,5
cpat bayak neg ribet,5
toyota,4
mudah hubung teman kenal,5
sedia terima untk cipta,5
,4
general superintendent,4
aangat,5
bantu komunikasi hebat terhormatthankyou,5
lapor kpd lowong kerja palsupenipuan harap tingkat aman lowong palsu tsbt salah kasus rssiloam brda daerah banjarmasin dgn modus tipu dgn transfer uang akomodasi travelhoteltiket pp ganti rspusat siloam brda bal curiga langsung rs buka neg lowong smpai pagi lihat lowong n msh aktif,1
ntar klo ok bintang,3
profil bisnis bagus relasi kerja,5
manstapp,5
senang gabung linkedln tambah wawas alam,5
,5
yes,3
berkah,3
mudah akses mudah cepat,5
,5
oke,5
lol,5
mantap find me leyla kapoor,5
mkasih,5
mantabb,5
cari jodoh,5
bagus cpt info manfaat nambah wawas luas,5
,5
siip mantap,5
sangar,4
a kasi,3
paksa mendownload,1
,5
buka,4
gin nyari loker,3
kerennn,5
rray,3
mula,1
ku,3
siiip,3
,5
like,4
oke,5
sya cbk nntk sya tambah ny klw bguss,5
,3
,5
,3
ok oba ah,5
ckba,3
siiiip,5
moga cari kerja,5
,5
moga seperti neg,5
nyoba,3
penuh,1
yunu,5
anjing,1
biass,5
fmwhastapp,5
bagus bgi org paham manfaat,5
temu klien cepat nggak,5
erti inikarna pelajritapi sya apliksi keuntungnnya sabaiknya,4
keren,5
moga ada neg tipu,4
bohong neg full dah,3
coba,4
kontol bangsat,1
tingkat,4
bantu,5
bg,5
terimakasi,5
ok kakak,4
info lokernya,3
mantap,4
lemak men gratis,5
yeah,5
termakadi,5
dl,3
tempat tahu,5
info dunia,5
jaya truss,1
sya suka dngan,5
,4
keren anjay,5
moga masuk amin,5
overall ok,4
ok ctp dpt peluang bagus dri,5
real,5
sesuai,3
andak,4
mohon banyak loker,4
,5
moga kecewa neg,5
moga bhong neg lot laen,3
bantu nyaman,5
mantwp,5
moga bohong neg lot,5
siiiip,3
good,5
good application,5
super,4
memuasksn,5
mlm bos,5
hebat,5
apik,5
super duper,4
ok,4
terap tahan,4
mantaff,4
gw heran tuh kya social media hubungin dgn hrd drpda pncari kerja sndri suka share opini pribadi,3
mudah manfaat n bantu,5
profesional bagus tingkat,5
loding suka klo buka pake biaya klo buka informasi,4
wei yan,5
mudah manfaat,5
,5
bantu,4
versi update lambat,1
sempurna,5
beri informasi bagus,5
bingung pengiimran nydata a,5
terima buka jalan karya berkarir sosial,5
mantap,5
susah lihat who viewing the my profile,5
bnyk info kerja yng bagus,5
perbaikin,3
goodjoob,5
sukses,3
,5
moga loker,5
mudah,3
inpormasi layan kerja cepat,3
bermamfaat teman,5
,3
hina benar neg fungsi instal buat butuh neg instal rating jelek harga komentar hujat karya manfaat tanding komentar sekianv,5
ngrti pakeny,3
big love you,5
koyoll cok bedes celeng opo ojok instal aplikasine engkok koen longor goblok yoooooooooooooooooooo,1
oky keren,5
terima,5
very good and support career,5
kenal semunyaa,5
moga bantu untk kejar mimpi,4
ok bnget,4
jaring luas,5
yess,5
dont mory,4
senang,5
okokokkkkk,5
nyoba,5
bantu siiplah,5
logintiba,2
daftar pakek gmail sampek skarang gabisa mohon konfirmasi nerima sandi konfirmasi sms,2
mohon jelas peluang kerja cocok profil,3
,5
bantu temu kerja,4
the best program,5
tingkat,4
liat dulunanti klo bagus gw,3
mantap,5
sukses makasih,5
bermanfaan,5
good job,5
,3
like it,4
media komunitas bisnis percaya,4
maknyussss,5
,5
mudahmudah bermampaat,4
harap temu kawan,4
ok ok ok ok,5
imformatif,4
bangat innya,4
rumayan,3
mantaps,5
semogga manfaat,5
coba cari peluang usaha,5
salam sukses,5
manfaat networking,4
profile bisa neg ganti foto profile posting foto search perusahaanmohon bantu tim bantu hubung jaring profesional kebun,5
suka,5
moga sukses aplikasi makaimal,4
oye,5
okmantap,4
bagus,5
alternatif sosial cari kerja dpt andal,5
inti jobstreet,1
bisa neg simpan foto salah,2
suka,5
keren,5
well well well,4
ismazing,5
kenal penjuru negeri,4
sya suka,5
mudah kerja,5
mwngikuti alur perkmbngan sj,5
paham manfaat,5
good jobs,4
dukung bagus,5
boedoet,4
bagi loker bagi temen temen,5
,4
coba,3
profesional mudah temu berita jari kerja,5
,3
very good information,5
bismilah,5
bagus full,3
update info lowong kerja,5
,5
moga manfaat pribadi butuh,5
gunakn ginkn,5
,4
gede banget,5
bagus,2
ok bos,4
bantu,5
mantaaap,5
bismillahbaru ajar,5
tuju aflikasi,5
okey,4
nyoba hasil muas full,3
moga,5
only some time but forever,4
nyoba,4
terimakasih aplikasi manfaat,5
yes bnget,5
besy,3
very giodandthan good job,5
brg x dapet jodoh,4
hahaha,5
nieh aplikasilemot,1
bagus bwt aplukasi,5
dgn cepat temu teman brgbung,5
bagus nggak,4
saematur nuwun,3
ngumpulnya profesional kadang lebay,4
juang doa,5
bagusaplikasi inisangat dukung wirausaha,5
chet ml bagus banget,5
suka,4
henti,3
bru,3
coba,4
formula,5
manfaat butuh info kerja,5
,5
yu,5
objective like us,4
cemana ubh data,5
suka,5
paham,3
good,5
bagus fb fungsi tambah koneksi teman kerja cari kerja,5
lol,4
terus,4
bagus bantu cari lowong kerja,4
bingung,3
why content results for searching features removed that was very helpful for me find post from peoples,3
guna milenial,5
bagus,3
bagus appnya pinter,5
bibtang kluar ribet ngak,1
bismillah walhamdulillah,4
find new jobs,5
biasa,1
jgn lot jaring,5
nyoba neh,3
good my,5
mudah browser,5
bangga gabung dilinkedln,5
oke bagus,4
bagus bantu,5
tingkat,5
bantu siifff,5
ulas,5
terima tambah sahabat,5
coba,3
keren,5
hasil kembang ekonomi,3
bismilah dah nyoba tar suksess aya bintangnyee,5
senang banget,5
uhuyyy,5
aq suka kli dgn bantu,4
buka harap bagus,3
it komputer,5
,5
good application,4
good web,5
gabung jg gabung dgn linked sempat bagus sosial lingkung lokal,5
tolong politik hapus,4
maop,5
siiip,4
kali donlot pernah neg dpt notif terima panggil interview hire langsung via emailhanya info kerja itu info lowong bidang gelutijadi cenderung kerja teman kerabat maaf copot dr hp,2
terimakasih info bantu,5
senang gabung krn dpt informasi butuh ketemu dgn teman,3
dukung cari karir,4
cuba,5
bagus bangun jaring orangorang profesional,4
tarik,5
,2
manfaat,5
sheeft,5
cari peluang,5
great application,5
tingkat kn,5
coll,5
mantaps,5
trimakasih,4
good apps related with friend and find new jobs,4
mantaap bs tambah jaring relasi,5
karya nyata raih rejeki,5
moga manfaat,3
ribett,1
senang dalammembangun relasi,5
yalumayan komunikasi,3
pokoe top maju truus,4
butuh lowong kerja driller tool pusher oil gas,5
i love this aplication,5
bagus mantap,5
ane ksh,3
coba,4
bantu,4
,5
bagus bantu umat dunia nice,5
oky,4
,5
,4
manatap,5
tu neg,3
alus wa lumayan,5
no comments,5
sipp,5
iya,3
paksa update,3
mudah hubung,5
sip pokoe,5
delihgtful,5
,1
ok,5
moga manfaat,4
good,5
profil cahari kerja,5
good,5
mboh ra,1
umpat balarut,5
cari kerja,4
baru mulu,3
,5
,5
tuju,5
,5
sukka,5
kept eidjdbj bajing janfok,5
ok guys,5
its work,3
info info baik,5
faham karna perangkat,3
ngerti neg,3
dana darurat bantu atas uang,5
mudah sarana imformasi scr nasional internasional flm hub professionalan,5
allright,5
gunanyavuntuk coaba,1
ksi bibtang,2
nett working,5
goods jooobs,4
test dulusaya butuh kerja likeidtq,3
coba,4
thanks,5
tau fungsi,4
gabung linked tambah tahu,5
ken coba coment ok thx linkedln,3
inspirasi,5
moga manfaat,4
inspirasi,5
sup,5
tau,5
bantu cari kerja promo bisnis,4
bagus bangun usaha,5
,3
faham guna linkedln,3
thanks very muchi like it,5
my home,5
bantu koneksi kerja,5
ok,4
mssuk eko,5
bagus cari kerja,5
no coment,5
acc downkk,4
siip,3
bagus komunikasi teman usaha,4
pulsa,5
relasi hubung bisnis luas,5
suka,4
maju,5
thanks,4
bagus oke,5
sip,1
god linkelit,5
lahbintang,3
ksh lgi,4
banget okee coy,5
bagus tuker informasi,4
siper,5
jobs,5
bagus referensi jaring kerja,4
puas cepat,4
jaring luas,5
nk,4
moga applikasi bantu,5
dlkalo bnr bermamfaat langsung naikin bintangy,2
very important application,5
caba law bagus,3
bisa neg up foto galeri sesuai tentu,2
ribet,1
taps,5
ganti foto profil unggah bisa neg mohon bantu atas,2
coba moga ilmu tani pepaya kalifornia,4
perfeck,4
nie akurat neg cari kota dekat ribet banget,2
,3
very good for looking for job,5
lengkap,5
gooooooood,5
,5
temu peluang binisusaha lowong kerja apl baguss,5
bagus aplikasi,5
manfaat,5
exellent,5
alhamdulillahatas bantu,5
,4
maksimal manfaat keprofesionalanseseorang arah,5
baguspertahankan performa,5
tlong bntu bwt kerja cocok,4
bangsat email bisa neg buka,1
mantabs,4
sip oke,5
ajar,5
lumayan,3
bagusss nyari kerja tolong tingkat,5
masok,5
yes,5
yakin neg,5
guna,3
ok,5
bagus neg,2
wal pun aga oke,5
membantuthanks,5
sukses butuh juang,2
trmksh smg manfaat,5
sosmed berfaedh,4
tingkat aman data base,4
faham neg,1
linkedln temu kerja sesuai,3
bisa neg rubah foto profil klik uploadsimpan proses internet lancar mohon baik,4
sgat,5
bingung dg guna,3
mudah bantu,5
kembang,4
infus dang dana halal,5
morwati,5
penting full,5
siiiiip dah,5
nti,3
enkk,5
o yess,5
ajar,3
ok,4
baik sistem,4
bayar,3
faham opo yoo,3
sukses,4
ok sngat bantu good,5
siiip,3
bagus nambah channel kerja,5
must be corrected for update,4
mudah lamar kerja,5
ngak tau tuju,3
bagus aplikasi,5
smga brmanfaat,5
pakakpakak,2
teman,5
suka teman,5
donwload klo bagus ranting yangbpenuh,2
siiip bantu,5
ok bantu,5
peluang,4
buka wawas,5
top banget,3
bantu brteman rekan,5
suara,3
joss,5
pokok bagus,3
nice nice meet other people with great jobs,5
moga job kerja safety,3
hallo,4
bagus tuh,3
moga sukses,5
guna suka,5
info kerja,5
bismillah,4
harap moga canggih lgi,4
moga bissa ngebantu,5
lumayan,4
nice,2
lumayan amanah temen,3
manfaat tp bagi neg org gw hubung pasang bawa samsung galaxy a parah lg bisa neg uninstal pajang mubazir,1
lumayan info manfaat,3
should be develop,5
moga barokah,4
ane dl moga bermnfaat,3
suka krn info butuh kerja teman tambah saudara,5
moga bantu pecah untikkehidupan,5
begitu neg familier facebook,4
,5
anjing bsa neg gabung nyesel download gj,1
mantaaaaaap polllll love yuuuuooo,5
cba ko bisaya neg,2
klo bagus bru,4
bego dikibulin nyari kerja,2
i like it,3
demoga karir amin,5
tingkat mutu,3
tahan,4
coba b masuk neg akal sehat penuh b,3
bagus,5
persehabatan,2
lg,4
bisa neg search postingan kunci search kerja puas,2
,4
brpa kali ganti pass ttep bisa neg masuk kamvrettt sbenernya salah heran gua,1
baguz,5
bagua,5
moga sukses,5
mudah info manfaat peluang bisnismantab,5
ne aplicasi eror banget,1
mudah komunikasi dg teman,5
the camera reimagined samsung galaxy ss,5
moga manfaat,4
coba,4
keren,4
smoga mati,4
cobanunggu,4
misi kali gagal uninstall install tetep mohon konfirmasi,3
usaha usaha,5
moga jalan lancar karya amin,5
this application makes you reach more than just an information,5
moga bermenfaat,3
bagus,5
tingkat konte feednya,3
tetep semangat raih,5
bagus mamfaat,5
ok aje,5
tingkat,5
ada neg,3
cepat,4
lanjut,5
suka applicasi,4
many people get dreams some true togther and many still wishly,5
bantu,5
cobak neg dl,3
so pretty good,5
bantu tambah tahu butuh terima ladihj,5
tingkatlan kwalitas pantau prusahaan modus pnipuan,5
bisa neg daftar member daftar gagal,2
its a good for seeking the job,5
guna guna,4
semogaa,4
,5
,5
joss,4
sesuai guna butuh,3
bisa neg,2
why cant i delete the certificate that i posted the funds only appear try it,3
thank you for your current job vacancy,5
matap praktis,5
payah paksi bb q redmi x lelet susah,1
moga bermanfat,5
bisa neg pakai,1
moga manfaat,4
peluang peluang,4
guna neg,1
linked,5
terima moga manfaat guna,5
inspiratif,5
klu bener bagus,1
error on vivo,1
dpt instalkrn lainthank,5
usaha tawar info lowong kerja valid neg info tipu harus management filter info lowong kerja pasang,2
bantu kerja,5
bantu temu karir job sesuai butuh,4
formal,5
langsung,5
terima,5
moga manfaat mudah difahami aamiin yra,5
moga manfaat,5
for development of this thank you so muchbecause this i can get an opportunity for get a job thank you and keep going,5
mudah ribet neg,5
iklan,5
sipppp,4
paham apl,4
terima diijinkan gabung syaa allah berkah,5
notif pas buka eror,2
moga acc,4
moga manfaat sukses slalu,5
bagud,5
cba riben,5
bagusmeskipun dapet kerja hasil apply,5
sip,3
linkedln ok urus kerja bnyk dsni,5
daftar bisa neg situ daftar bisa neg gmn gunain,5
bantu nyari loker driver,5
,3
sekses,5
suka,4
ngerti neg,1
bantu cari kerja,5
bagus aju proposal cepat terima,5
,3
fo bagusits goodthanks,5
ok banget mantap,5
lumayan bantu,5
manfaat cari kerja,4
,5
lengkap informasi,4
mantap puollll frank,5
ajibbbb,5
bagys,5
tarik bantu resah cari kerja,3
moga manfaat,4
nyoba,5
bagus kalimat profesional,5
error,1
penasaran ama inibuat fungsi,4
sip alaisip tekesip tekesip,5
bantu,5
bantu terima,5
mantap,5
br nyoba,5
bantu,5
cari kerja susah,3
hubung relasi peluang berkarir beda,5
bagussss sangatttt bantu dlm komunikasi,4
bagus bantu cari relasi kerja trima,4
bagus cari kerja kolega mancanegara,4
good job bantu,5
ok banget,5
mantab bnyk koneksi negeri,5
bantu uinformasi,4
,5
bagus,5
bantu pribadi bidang hotel moga sukses baik,5
moga guna masyarakat,5
bermafaat,5
moga,4
knp bsa neg diinstal,5
manfaat komunikasi sosial,5
moga manfaat,3
klo bagus ksih,4
top suka,4
ok thanks,4
okee oke,5
cocok daerah,5
paham miss,5
nggih,5
good aplikatif,5
batu lancar,5
terima,5
penasaran,5
,5
yaklo bagus tambahin lg yamau,4
bantu koneksi teman bisnis,5
naice,5
satu usaha,5
bug muat komentar terang koneksi sambung buka komentar,5
blon fapat kerja,5
tingkat,5
tingkat kerja,3
moga mengatagorikan relasi dasar minat cari kerja,5
bagusok,5
try first,5
net human nice,5
bohong,1
good for all,5
,5
bagus,5
the best pendobolaan mleded,5
senang skali,5
ok good job,4
pokok ok,5
smoga lancar,5
siip,5
terima,5
aplicasi pea eror mlulu aplicasi anjing tai,1
,5
smoga mudah pencaker kerja,5
career indefinitely,5
mudah cari relasi,5
sipp,3
knp bias neg slalu gagal muat motif ny,1
update trus minggu update sampe kali,3
,5
caustamermarchet,5
batu bisnis,5
okay,3
menggunakanya mudah trm ksh,4
gtu,5
,3
ora ngerti,4
linkedln mantap bos,5
hebat,5
bagus aplikasi tau info update mantappp,5
oke,5
bagi ilmu manfaat kerja hehe,4
sri ain,5
bagus aplikasi,4
lihat dl,4
mas mba bro habis instal hp serang virus trojan virus serang selesai instal apl buka trojan serang hp why salah pada,5
uhuuyyy so,5
senang,5
goods,5
mudah informasi,4
,4
smg dpt bantu,3
bagus banget donload neg nyesel liat you tube apli kasi keren you tube,5
gmn dpt informasi kerja update bantu ucap terimakasihplus rate,3
mboh,1
ku suka plikasi,4
tau,3
mohon respon,5
linkedln,4
,3
bantu kadang respon perecrut tolong tampil lowong kerja smk email usaha,5
mantaaaaabbbe,5
good job,5
pokok mantap,5
slow,5
bantu bagus,5
ah,4
pandu aplikasi,5
good luck for,5
pokok mantap,5
bantu,5
moga bermanpaat,4
bagus suka,3
coba ahhh,5
mantapppo,5
cing sukses,5
mula mohom bantu trims,4
tolong bantu,5
mohon direspon jwban tks,5
membany,5
no thanks,5
coba tau acc,3
full,5
downloadnya kaya cacing lolaapa dapet kerja sesuai harap bintang,4
coba,3
god job,4
menbantuh,5
testing dl gan,3
itsagood,5
tamban modal samping pas libur,5
bantu sukses canggih,5
good,4
liat dah,5
daftar gimana bisa neg,1
buka uaha,4
sgt bnget,5
recomended,5
suka banget bantu,4
ngrti maksud,3
sip,5
baguss,5
brp jam update update lgi,3
baguzz,5
usaha maju,5
nyoba,2
koneksi pakar bagai bidang ahli,5
cocok banget,5
simple sistem aplikasi,3
gabung usaha service ac,5
bantu,5
bantu usaha,5
tau dalam,4
kereeenn,5
,5
bravo,3
good job i like,5
barangkali cocok n pas,5
zuka,4
canggih,5
muantap boss,5
unggul karya,5
lamaaaaa,1
help me looking job for security officer thanks so much,5
i like gathering and connecting your programnice meet u all,5
bagus tambahin,3
hp gw ilang klw ktmu nnti gw tmbah bintang,2
,5
bantu,3
bantu cari loker mudah,4
keren karna koneksi ide pikir maju,5
bantu,5
ea,4
tai,5
klau alhmdllh,5
bagus tambah,3
memvantu,5
tahap ajar,5
because any times you give me information and chance,5
bermanfaatterima,5
sip,4
bantu kembang karir,4
lumayan,4
mantap moga sukses,5
semogaa,4
yoon easy a life,5
,3
i am like it,5
cool,4
moga manfaat,5
bingung,3
coba yes,4
tahu neg temu,5
sukses slalu,5
baharu trus tp ada neg ubah masuk akal bs update,4
maw nanty klo bagus tmbh,3
smoga ter bantu,3
nyoba nyoba,5
nnti okaq,4
bisa neg uninstal,1
baruau,5
nice,4
bisa neg akses reset password email sukses logging verivikasi aman nyata guna cari layan cs cari solusi ketemu neg bantu,2
awam tp gpp,5
moga manfaat,5
good all,5
moga linkedln sukses trus,5
dl,1
lumayan erti,4
bagus networking,5
klau bagus tambah bintanya,3
bantu,5
bagus hubung profesional,5
yes,4
bisa neg upload foto profil,4
mantap,5
sukak manfaat,5
solusi,5
bagus aq,3
,5
henti asus padfone s android,1
suka cari,5
,5
dluklu bagus ku,3
bantu susah,4
bintang,4
,5
,5
good socmed,5
maju,5
tal,1
cepat gampang caribteman bisnis,5
,5
moga sukses akulaku,5
moga manfaat,5
,4
promo bisnis,3
,5
i like it,4
hubung terminal,5
mantap tambah tahu,4
dulunanti bagus,4
supya mudah dunia medsos,5
bantu hubung teman teman,5
layan tingkat,5
hubung teman mantan mantan,5
top jka brhubngan dngan akulaku,5
baik,5
sandi rubah bolak tetep bilang sandi salah gimana,1
nggak senang,3
bilang jelek download tau neg fungsi tuju cari tau fungsi tau bisnis manfaat,5
mudahn bermamfaat,5
its the best,5
live your passion,5
alam,5
dus bagus,2
bismilllah,5
uninstal,1
bisa neg daftar,2
bagus pengalamanok,5
cocok ajar lulus karier,5
good,5
bagus klau butuh,5
good,5
tolong mudah akses masuk mana terimakasih,3
dl klau tmbh lgi,3
mantap bantu,4
ok,5
sip,5
nice,5
jarang,3
mantab proteksi pasang,5
moga proses dg cpt,4
nyobak,5
thanks for the application of the most important thing,5
hoax lowong so hati,4
,4
bantu tampil,4
tai,1
kk kangen,5
stupidbuang kuota jelas neg,1
,4
baik,5
manfaat,5
gabung,4
,1
,4
anying,5
jaring tambah wawas cerdas,4
keren jah,5
inlinkedin,5
tau ah,5
daftar gabisa robot neg kocag,4
paten,5
,3
nice with this,5
good for new employee,5
bantu,4
alhamdulillah banjarmasin suka sekaliterima,5
whataps ganti,1
cri kerja,5
recommended,5
smoga manfaat,5
smga bermnfaat,5
gta vice city full version free game downloads,5
indah,4
update wakok mlah ketemu nginstal linkedinapk tk,1
mg bagus,4
splikasi tai,1
mantap,5
bagus ful bintanya,4
yes,4
bismilah cari kerja tau dapet,5
puas,5
tarik suka,5
najis goblok jijik gua download,1
lihat,3
moga manfaat bahan cari informasi,5
moga manfaat,5
ok ok laaaah,5
mga manfaat,3
koyok telek,1
download tau neg aplikasi faedah ato,1
,5
fio ndere,2
ig rickymarttt,5
tarik,2
manntap,5
mudah kerja,5
keren,5
good jobs my aplications,5
ksh dl yaaa mw liat dl klo bagus ksh full,2
coba,3
ngk,2
moga muas,3
,3
lowong kerja hasil neg mah gatau kerja,5
jls neg goblok bikin penuh memori doang tolol,1
mantaap,4
nyoba kl bagus kasih neg full,3
nol,5
download aplikasi ada neg,5
luas penhetahuan,5
bagus baru,3
yes,3
bagus bnyak,1
nyoba klo bagus,2
ww,2
erti maxud tujuanya,2
blum,5
nyoba,1
bagus belanja paket cicil,4
ulu moga manfaat,3
aq senang sekli,5
mntaaaap,5
cukhp bzgus,5
kaya neg dah ngisi formulir eh d neg acc,5
moga manfaat bagus,5
trima info,5
bagus like full,3
good for job seeker,5
mohon acc,5
masuk dek,5
sata menark,4
bukti dl yaaa,3
gimana,5
bravo,5
good bro,5
semogga acc,5
ewako,5
tau limit lg,4
kasi bantu android hilang,4
donwload bangatkuota habis,1
terima,3
mudah mudah manfaat amin,5
kasi mohon acc makas,5
gin dullu,3
nyobain ajar,3
keren banget kenal,5
coba,5
sesal,1
,4
diva teknik rubber,5
coba,4
tau manfaat,2
coba yahhh,3
olike,5
susah manfaat akademis krn kontak kontak berita tulis pendek,4
tunggu kerja sini,3
mantappp,3
yup gitu,2
ksh dllu but nyoba,4
manfaat,4
media sosial,4
muas,3
instal dapat neg invalid browser chrome mohon konfirmasi,2
br mo,2
god,5
good duluuu,4
good good good,5
coba okk,3
bagus,5
segitu yamasih,3
,3
klo,3
segitu,3
force close,1
smoga aju cepat acc,4
tau neg,5
ak enak,5
mantaf,4
neng,5
,5
ajah,3
ok coba,5
fitur baharu,4
bisa neg username password,3
,3
good apps my network is grow by the way i cant upload pictures and videos from my galery can u figure it out thanks,5
moga bantu meberikan lowogan kerja muas hasil,4
wishing got a job,5
gatau,5
bisa neg gimana,3
tele ribet bikin puyeng,1
bantu layan,5
aplikasih kini,5
no komen,5
lengkap ragu neg,5
wahyuni,4
,5
kasi,5
ganti facebook,4
mantap sa,5
very good moga manfaat salam sukses,5
bukti,4
moga bantu,5
as news info,5
sae pis,5
bguss tambahin bintqx,4
selamat,5
mdh mdahan bantu ksh aj,3
aplikasinye luarbiasa,5
tolong,5
semangat,4
nice,4
salam khatulistiwa,5
suka banget,4
gabung,5
nice application very like it,4
yaaa,3
very good fantastis,5
,5
sngat bantu bos,5
mudah hasil,3
brooo,4
kayak keren,5
mantapkeren abis,5
verry good,5
manfaat,4
bitlymaestrooptimacare,5
,3
lumayan bagus,2
as usually,4
so easy me look for job,5
tap gays,5
bagus nambah,4
,2
its good,5
beyond,5
,4
bagus,5
jalin sahabat bagus,5
info uptudate,5
serasa kenal dunia smakin,5
good job,5
paham,4
good job i like it,5
install kl pakai naikin rating,4
coba,5
mencobasemoga manfaat,5
karna tau manfaat ny,3
bantu moga tingkat,5
smoga manfaat smua,4
komen bagus dah dr benjol,5
ko bisa neg tau salah mana,3
ood,5
dapat neg hapus android,1
kasi klo bagus,4
kali dapet kerja tentunyakarena allah,5
bantu senang,5
selamat,5
good for relationship,5
uasss,5
bantu cari kerja sesuai dg alam temu dg teman teman dg mudah,5
very ood,5
manfaat tambah ruang lingkup kerja,5
okkeee,5
luas professional network,5
bantu bisnis,5
kerenmembantu,4
dl,3
very good application,4
bingung dng,4
salah mulu,2
guna dlm cari kerja,5
ngerti update oreo,5
,3
coba,4
guna banget info kerja,5
good,5
soip,5
slalu informasi loker,5
moga cepat kerja,5
amazing platform,5
tambah relasi kerja,4
top,4
sippp,4
lumayan mhl,3
manfaat cari kerja sesuai latar didik sesuai alam kerja,5
margreth imelda magdalena sembay,5
tooop markotop,5
trus tingkat kwalitasmu,5
jayantiputramandiri,5
alhamdulillah tunjang karir,5
ntah apl gw update oreo samsung gw besok guna apl,5
mantap abisss,5
hebat,3
good working,5
,4
info loker,5
very good,5
bagus banger cari lowong kerja,5
dluklu bru,3
bagus jaring kerja,4
superb,5
bagus aman,5
hallo temu bug handphone memposting foto bisa neg foto simpan ada solusi terima,3
good like,5
apl bagus,5
karya,4
alami sulit masuk,5
lihat kembang,4
the besth apl,4
coba,5
moga guna depan,3
,4
good joob,5
lumayan bagus,4
coba,5
yes,4
full ok,5
optimis,5
keren dn tarik,4
moga berkah,3
bntg bertmbh liat kembang nyhh,3
,4
super,5
moga sejahtera keluarga,5
,3
bug mana gabisa ganti profile foto profil dsb mohon baik,3
duluklo bagus,4
mengikutin ksh kemudi ok,4
,4
nt ng nt r k l u ppn gu ru d h t m h n nt ng l g,4
bantu profesional,4
berkah,4
suka banget,5
yesss,3
dukung kerja,4
bintang,4
klo bagus,3
mantappppp,4
kerja,4
bantu tambahin bagus,4
dulukalo bagus,3
terimakasih teumanseumuanya,5
buka peluang temu org hebat,4
bagus hibur,4
ribet bisa neg cerna,3
muas nambah,4
dluklau aplikasi bagus bru tmbah,4
,4
test used,3
win streak,5
ksh,4
az,3
ngak jlass,1
bintang nnti ditmbah bagus,4
manfaat,4
bagus nambah bintang,4
dluklo bagus naikin b,4
manfaat cari,5
cakrp,5
bisa neg ngapain download,1
baik,5
okbanget,4
good,5
ok tar ta tambahin,3
smntara kl sya taambah lg,4
test dl,4
mantap gua pul,5
i like this,5
makek,3
yesterday,4
ari ieu teh naon bere heula we urang tata kmha make na,3
batu,5
keren banget,5
okm,5
cocok sharing alam kerja,5
smg bermafaat,5
jangkau segmen,4
bagus,4
,4
bawa malesin bisa neg uninstal,1
bagus mea ambah teman,5
sgt manfaat,4
gooood,4
make be best,5
utama prifasi edukasi penuh sabar,5
gabung,3
sip,4
moga guna informasi kerja jobs peluang usaha,5
ok bingit,4
cari wawas,5
keren abis,5
lumayan bantu,4
aplikasix bantu mantappp,5
,3
men,1
smga,4
medsos keren profesional abal neg abal salut banget keren,5
coba boss,5
mudah akses,5
like this,4
bagus,5
blum pake ni siklo bagus aqu kasi,3
mudah info,5
istimewahhhhh,5
moga bantu,3
,4
good nice,5
mksdny ap ko hrus donlod aplksi emg klo donlod gx trima pinjmn ny,2
aplikasi lot banget upgrade lancar bisa neg pakai versi lawas lancar,3
akrab lg,5
du gan,3
thakun barupemula beres neg linked,2
i like,4
greatest,5
alus,5
top,5
oprasional,4
faham manfaat,4
ok teman bisnis usaha motifasi sukses,5
azha,3
blum thu,5
jajal pit,3
krenn,5
senang penuh,5
faham si tpi aj moga manfaat,3
toppp,5
ok jg,5
lanjutkn,4
good aflikasi,5
telat promopromo iklan,3
trimakasih smoga sukses dpn,3
good job,4
tau neg manfaat,5
moga,5
goodjobs,5
,4
woke banget,5
mantaaaf,5
maju,5
dlukawan,3
ok banget,4
bagus baget,5
bantu cari referensi dunia bisnis,4
good for my refrensi,5
semangat,3
oh,5
moga bantu,4
suka,5
good for looking for job,5
dunia teman,5
sansangat bantu,5
not bad,4
masuk susah langkah aman ngisia cukup neg tgah jam ulang benci guna neg,1
,5
alami ganggu buka hp banding fb socmed,2
sinyal jelek,1
best performance,5
was verry nice driver bal,5
lowong belit belit,2
bagus bobot sempurna,4
ayoooo lombok,5
jijik habis neg recaptca,1
bantu,5
bisa neg uda ganti sandi tetep bisa neg tolong solusi admin,1
asyik,5
lihat bgm,3
koneksi kawan n,5
hubung tp info lowong ada neg,4
klo cari kerja,4
lets try and continuos improvement,5
dapet,3
moga apik,5
ntar naikin bintangx lgi,2
,4
nyoba moga manfaat,5
coy,4
,3
bagus mmbantu,5
,5
good apps for get a job,5
lazangww,5
dukung trima ksh,5
,3
uji,3
new,5
blajar,5
i like this,5
gratis,4
puas,4
,3
ajah,5
nyuba,4
haru up todate lg dt anggota,3
tahab nyobain,3
tahu,4
sikap tindak sederhana,5
bantu,5
jngan kecewa,5
terima bagus teman nambah info,4
jalan,3
the bezt,5
moga cpt,3
si,5
luas silahturami,5
moga bantu,5
mudah bs bantu,4
mudah akses,4
i like,5
cba cari tau iya,3
its work,5
klo bagus,3
bantu hubung kerjasama kontraktor,5
bantu and thanks,5
c,4
bagus wawas,5
bagus bisnis n tambah wawas,5
jos,5
mudah cari koneksi hubung orangorang,5
ouch,5
wahana sharing informasi uptodate,5
tambah wawas,5
tolong klo virus iklan halau,5
keren status jg jgn smua perlu neg,4
goif,5
king,5
lowong,5
mudah imformasi,4
nice for information jobbles,5
bantu bisa neg masuk gagal ubah bintang,1
bagus tingkat,4
okkk thankss,5
ok i want join,5
bisnis lancar,5
bagus relasi tahu,5
nice application,5
batu,5
guna anak negri,4
suka bnyk jaring luas,5
klw krjaan sino tambahin neg,2
lot,3
keren teman ilmu tahu,5
marvelous and splendid,5
its oke,4
sempurna,5
bqik,3
bagus bgtbnyk dpt tmn br bs bnt kt cari kerja br tp syglinkedin tb hilang,5
bagus kuntk cari kerja relasi,4
bisa neg hubung akulaku,5
ok tingkat kn,4
puas akulaku,5
mudah temu rekan dllm kerja,5
bantu temu dunia kerja idamidamkan,5
waowww hebat,5
good,5
bnyak temen,5
good people good vibe,5
good and safely,3
dl,5
thank you very much,5
jancok,5
terima smoga manfaat,4
mejehlah sakieu mah,5
lamar ada neg hubung terima,1
klu manfaat,3
klu bagus tambah bintang lg,4
kenal dgn org org sukses dpt motivasi lg,5
puas,5
beeguna bagus,5
dl klo q,2
biar puas kasih,5
okeythanks for apps,4
hade ey,5
bagus,5
energi baru mari,5
gua kasik bintaang,5
bagus dlm kembang jaring,4
klo msk pernah neg dpt n lelet,1
duluklo bagus,2
manfaat,5
utama coba,3
biar bicara,4
bagus,5
tambah relasi bisnis,5
ok,5
ntar jelek turun,5
,3
,2
ngerti aplikasi,2
terima moga manfaat,5
tau,4
bantu tingkat kualitas,4
solusi,5
salaam slmat pagi trimakaziiih bantuanya,5
bagus bintang,4
mantaapp,3
untung,5
ogood,5
sukses cari kerja,5
hahahahah,4
bagus skali,5
k,5
ah,3
bagus ntar lgi,2
applikasi good,5
bagus komunikasi bisnis lancar,4
i like it,5
great work pokok bagus,5
tarik,3
tingkatkkan lg,4
mudah bantu,5
foto sampulhahah,4
jlas neg,1
bisa neg verify captcha susah masuk,1
can not install may be my phone sucks im using himax,5
nice apps,5
ntar tambahin klo manfaat,3
bagus krng erti,4
sukses,4
bantu bantu,5
gooden,4
oke bnget,5
bantu mohon mudah apply lamar kerja,5
job architect,5
oke syafaruddin juang kerja buruh mari rapat baris kawan,5
klo nnti tambahin,3
good,5
bnyak info bisnis,5
more job need be published,5
cek,4
nats toserbaolshop,5
hati gmail bajak bajing,1
gatau,3
yes,5
mantaf,5
good moga manfaat,5
moga dijadiin informasi lowong kerja,3
hebat,5
positif gabung dgn linkedl,5
joss top joss top joss top joss,4
bantu cari informasi loker motivasi kerja,5
ngajuin akulaku,4
manfaat,3
gimana daftar pake google gagal tolong jelas,2
bagus info lowong kerja,4
mantap dah,5
cari investor sawit,5
interaksi,5
klo bagus,3
use it and you will connected world,5
lihat aplikasinyasmga ngembantu akuinsya allahaamiin,4
dpt krja,3
siiipp,5
baik,3
ko bisa neg aju pinjam,5
moga manfaat,4
bisa neg up,2
,3
good looking and representatif,4
tingkat kuawalitasnya,4
ok,5
bagus erti,4
bice,5
best,5
bisa neg ganti foto profil,2
tob,4
hamba mu uang,5
klo bagus tambah neg,2
alus ngabantu pis hade,5
ingintau,5
thank,5
mantap,5
bisa neg buka close update,5
suka info welder,5
bagus aplkasinya,4
suskses,5
i need you,5
akulaku yess,5
sijp,4
info kerja lengkap bantu,4
greet,5
mantap nambah modal,5
mantap nian,5
very helpfull and can learn many thing also can connect with many high profesional many field of businessman,5
tunjang usaha tambah relasi rezeki,4
senang bantu cari kerja,5
manfaat,4
mudah,5
coz aq br nyobak,3
ribet,4
why i cant use my phone number verification i already try different phone number,1
bantu,5
bermapaat wlpn ribet,5
bantu info kerja,4
bravo,5
parah bisa neg bikin gagal langsung uninstal ajah,1
please message free tq,5
bagusdan manfaat,5
bantu,5
bagus bintang,3
gagal masuk payahhh,2
bagus c x,5
lumayan teman,3
sampah registrasi ajaa bisa neg guna neg,1
maju,3
sigab,4
great aplications,5
masuk hebatnyatunggu mu,3
hebatmantapgood,5
keren my lovely,5
tidk copot tp bisa neg,2
ok,4
coba,3
klok bagus aq kisih penuh,3
cuba,3
payah masak nomor cuman bisa dipke wktu daftar pas coba nomor suruh ganti pasdiganti mau neg masuk sekrng punya neg nomor dipke trus daftar pke daftar aj repot gimna ngasih solusi admin tolong balas solusi,1
laah,4
,4
oke,3
makasih dpat ngebantu,5
,5
bagus neg,1
terima moga informasi kerja,4
guna manfaat detail lengkap akurat terima,5
bagus baut reperensi,5
topapp,4
nice,5
moga kerja,5
moga sukses,4
the best choice conected,4
ruang interaksi profesional maju personal komunal,5
trimakasih smoga bs buka peluang bs kerja sesuai dgn profesi,3
,4
cari kerja ubah,5
coba,3
wasteful and bad security validation please build more best,1
logout gilir susah blokir aneh,1
sinyal jelek,5
senang gabung,5
mudah lengkap lg fiturnya,4
lowngn sepi,3
siiippp,5
excellen,5
loker beda lainkarena postingannya bobot guna,5
yes,3
mudah cari kerja,5
perdana,5
sucess is my right,5
manfaat terimakasih,5
nunggu acc,3
hai salam sejahtera sukses,5
terimah,5
suka tpi lebi klw update lg,5
manfaat pd knpa d neg,5
mantaaps,5
bantu meng up personal branding bantu tebar baik manfaat,4
embuh lahh,2
good seller,5
ok jiwa,5
suka skali,5
ok,5
goddd,5
nice,5
laper,5
okey good,4
good appsgo a head,5
rekomendasi,5
jelek instal bagus tabah jelek ngak,3
bantu,5
jual beli ac,5
oke,5
good for comunication for expert engineer,5
great way connect people arround the world,5
moga akurat email reqruitment mudah,5
bagus bantu,5
ok,4
butuh kerja,4
bisa neg update si,5
goooood,4
moga sukses,5
ajar mohon bimbing terimakasih,5
akulaku bantu,5
mantap banget,5
tamabh oke,5
bantu cari loker,5
akulaku mantap,5
mantap oke banget top,5
sukses,4
coba,5
sukses slalu a l,5
inovasi baik,3
buka wawas,4
i have a little problem about this applicationcan not be installplease solve my problemthanks,5
sukses trus akulaku n trus maju jaya,5
top banget,4
senang banget begabng liken,5
bantu pepet dana,5
mantaffff,5
oke mantap,5
alus pissan,5
its justice,4
tolak,1
joz,5
coba,2
okesekali,5
oke de moga maju jaya selaluaju,5
goodaplikasi,5
goodmaju akulaku,5
ok sukses maju trus akulaku,5
siiiiiiiiiiip,5
,5
gimana si h,3
oksemoga laku jaya kedepannyaamiinn,5
apik,5
ok ok ok,5
mantaf akulaku sip,4
mantappppppp,5
bagus jobseeker,5
coba,4
moga sukses,5
aj,4
good job,5
memperbaikin jalan hidup,4
bagus jobseeker,5
teing,5
bikin tarik,5
mudah job sesuai,5
very good for info job vacancies cookabcook,5
susah downloadgagal trsjadi bt,3
for silaturahmi,5
tingkat komunikasi temanteman,5
,3
akulaku moga jaya maju kecewa neg bener nyata,5
bisa neg upload poto gallery,5
bagus,3
tr klo tmbahin,4
ok,4
suka namba alam dunia kerja,5
moga loker mauantafffbisa nambaj wawas ajar,5
keren manusiamanusia keren moga bill gates founder microsoft,5
emezing,5
,5
bagus bnyk peluang dunia kerja,5
ok,3
berkah,5
access pencaker dn usaha,5
senang,4
harap dpt kerja multi nasional dgn income amazing,5
ngebantu,5
bantu bidang info loker,5
coba,4
best,5
insha allah berqah,5
good application,4
hubung profesi bagi pengetahuanistilah dunia lebar neg daun kelor,5
bantu impormasi kerja ngobrol dgn teman teman lamatks,5
bagus sifat maju,5
bs byk info loker alam interviewe byk usaha,5
moga usaha amanah langkah keluarga,4
bintang,3
good work,5
jejaring sosial bantu profesional kenal bagi baik amin yra,5
inikita referensi pekerjaandan teman tukar informasi kerja,4
yar tambah,4
moga wasilah alloh swt terima usaha baik berkahamin yra,5
bagus,5
klau bagus tambh penuh,3
bagus cari keerja,3
ku yes,5
oke promote profile,5
,3
mantaaaap,4
bantu,5
lihat,3
hem bingung,3
wewww,3
klobbagus ksh,4
mantap bro,5
dulhu aplikasin dukung full bri,3
very interesting,4
susah,1
nice job,5
pakai,5
i lihat,5
lumayan seru nambah ilmu,3
sip kasi,3
klo beneran kasih neg full,2
yobaa,3
,3
bisa neg didownload ulang,1
moga sukses,5
liat,3
paten loh,5
aj bagus,3
mantp,5
suka,3
suka,3
testimoni nnty nambah,3
mantapppppp,5
coba,4
bantu sharing,3
oke,4
suka,4
ok,5
manfaat,5
mudah manfaat,3
,3
nice apps,5
mudah cari kerja,5
,3
duluklo,3
maknyusssss,5
nyoba klo bagus,1
manfaat halhal positif,5
,3
muantabss,5
execellent,5
yaaa,2
bagus,5
manfaat menjalun networking,5
mantap bantu,4
bantu,5
moga sukses sukses,5
mantapz suka,4
lihat,3
,5
likeeee,5
ruaarrr biasah,5
tayang lowonga kerja yng bantu cari kerja terima,3
seru jg,4
ok,5
hatur nuhun,5
bantu,5
bantu bagusterima,5
ada neg salah awal usaha apa usaha karya,3
more more relation ship,5
bantu luas wawas,4
kereeen,5
moga bagus,5
ok,5
nal,3
pervect,5
bewbie,5
mantaap,5
muas bik neg kecewa,5
bantu bagus terima,4
w a w,5
gabung,5
iok,5
thx mudah,5
tess,3
brrmanpaat,5
dlm penkembngan,5
informasi moga akurat,4
top,5
e kursi sofa cabang bandungjakarta baguuus,3
,5
trimakasih mudah,5
bring my job,5
sbagussss,5
tolong,5
dood,5
network luas,5
semangat,5
tdi download msih gmn nh,1
siiplah,5
antap tingkat,4
mudah terima,5
,3
butuh kerja,4
maaf msh training,1
bantu bangun hubung,5
jelek,1
lokerya,3
makasih gan,5
loker abal,1
top among the pop,5
tambah wawas,5
coba,4
pintu sukses kerja keras doa,5
luarbias,5
belm terdownload,5
ebergik,4
,3
bisa neg valid neg,1
koneksi,5
apklsi good,5
daftar logout nyoba gabisa paswrd salah verivikasi email sms ttep gabisa tetep paswrdnya salah gimana,1
dah bisa neg masuk,1
lumayan bantu,5
hubung mudah,5
gooig,5
qu tau aplikasi kaya gmnah,4
bantu,5
kl bagus bp ntang,3
moga manfaat,5
cayooo,4
goo jobs,5
bantu,3
payah bisa neg bisa neg daftar masukin kode aman menu payah,1
,5
klo,5
bisa neg register redmi note x snap,2
simply and nice,4
geeat,5
good i like it,5
bagus dgn,4
,3
manfaat bantu,5
kesan sekalicepat akurat,5
mudahn,5
i have a job becase this thanks very recommended,4
good job,3
jajal bru,4
jelek rangin bintang,5
m good,5
moga bantu cari kerja lagithanks,5
bantu,5
gc buka,4
nyoba,4
mudah layan,4
manfaat,5
kuuuk,3
yes,5
wa kasi,3
tau bru mo,3
gi go,5
banyak sahabat,5
samsung galaxy s s,5
daftar pakai email tp gabisa masuk daftar ulang email pakai berti daftar ud tp ttp gabisa masuk,1
oke wawas,3
moga slalu memamfaatkan sempat bagi peluang,4
iya oke,3
semakun mantab,5
mula,3
hati hati loker tipu ane tipu jngan srh transfer uang dg alas apa,1
tingkat mutu thx,5
bagus,4
,5
bagus tp gmn nambah jangka,5
ok banget lindked,5
ok,5
,4
bgis,5
klo bagus tambahin bintang,4
get smart,5
bagi informasi tahu teman,4
ni ken az,3
bantu nilai manfaat dohabat,4
gimana ka,3
iba,3
suka,5
ngk paham tp,5
mebantu laklakii atauperemuan butuh kerja,5
fasilitas upload resume data anda baik usaha kapasitas uploadnya minimal mb,3
jooosssluar,5
im gon na try,3
brharap solusi dapat inpormennya,5
ok ok yes,5
test,3
great,3
mantep ajha,5
inspirasi,5
sukses sllu,5
eklusif,5
liat,2
profesional comunity,5
mantaffff jiwa,5
coneksi,3
,5
bantu,4
no comen,3
sambung luas,5
tolong cari kerja sesuai mampu,4
mantab,5
bagi tahu informasi,5
coba,5
bantu cari kerja,5
hallow all comunity likein salam kenal mrjaiman sagala from indonesia,5
wahana iring maju teknologi informasi linkedln manfaat,5
tempe,2
oke,4
verygood,4
thanks bantu,5
semprul,5
manfaat info bisnis,5
bagua,5
sya sgt suka aplikasih,3
infornasinya bantu,5
the best of the best,5
,5
didownload pas buka gambar doangagak kecewa,3
taikkkk bikin bisaaa neg rugi download,1
bagus ntar tambahin,3
tolong baik fiturnya lowong hoax ujung tipu,2
terpakza download kredit akulaku,3
so far so good,4
hopefully could be made me stronger,3
tolong pulih virginiaifit ifit,5
gokil,5
dl,5
batu,5
low ribet neg tmbh,4
ok tambah bintang,3
akurat,5
tp dapet kerja pake,5
jempol,4
terima mrmbantu,5
gabung,4
daftar bisa neg,2
mudah mudah peluang kerja cepat,5
bsa ngajuin pjman,5
menginstal,5
bantu,3
moga dapaat batu cari kerja mempermudh,5
pokok mantap banget,5
ok,4
its ok search job,5
manfaat relasi kerja,4
good for all people,5
super,5
br coba,4
bilang guna bilang ngebantu neg belegug,4
no coment,3
mudah hubung teman,5
okthanks,4
pakai applikasi bantu terima,3
oke salut,5
guna asik neg,5
got job,5
trimaksih,4
gabung linkedln,5
up,4
gabung,5
we are linked,5
,3
q gabung,5
lumayan bantu,4
ok,3
baguuuus,5
moga cepat pekerjaanamiinn,5
terimakasih pasang iklan,5
smga manfaat,5
erti neg,1
bangun relasi kerja,5
lope,5
gtw,3
mantap kembang profesionalisme,5
sgtu tau isia heheheh,3
moga bantu,5
bermangpaat,5
rumit verifikasi,1
mula,4
relationship,5
bantu skali kenal kalang,5
baik putar job and experience,5
manfaat bisnis,5
very helpfull,5
manfaat,4
lot klw hp,1
bisa neg masuk khusys kerja propesional,5
tambah informasi,2
makasih moga cepat kerja,3
senang gabung,5
joss gandos,3
tarik ni kayak,5
manfaat terimakasih,5
klo mantap langsung,2
ok,5
busines,4
be friend,4
tingkat kualitas,4
susah daftar pas gabung lamaaaa skali knpa gtu model,2
sgtu,3
siep,4
good tambah wawas lbih mudah teman alam dunia bussines indonesia,5
lumayan nambah wawas,4
bos,3
terimakasih linkedid,5
sing lancat,5
tau,4
job bagus,5
sanagat suka,5
alam,4
goodthnks,5
baik,5
the thumb,5
tahap tahap capai sukses,4
sabgat nembantu,5
ti,4
pasang suka,5
bagus jg,4
iya kerja,3
waw download nggk nyesel,5
dulukalau oke bintang,4
baguus,5
dapat cinta sejati,4
walk of fame city as lost,5
insya allah bagus,5
terima good luck,4
terimakasih bantu,5
capek verifikasi blasss bisa neg,1
usaha fiktif mudah it jebol email spam tebar mana,2
hoaks ok,3
mudah bermanfaatamin,5
terimakasihminta bantu kerja,4
moga sukses manfaat,4
manntaaappp,4
suksess,5
good job linkedln,5
buka wawas barupeluang usaha barumembangun hubung kerjasama legalsukses anggota,5
sukses,5
terimakasih linkendin berkat mudah mndpatkan kerja alhamdulilah kerja sesuai harap bagus,5
very nice,4
usaha terima,5
pnya tp faham dn bru tw dosen wktu bliau ngajar klo trnyta bsa untk mudh cari pkrjaan smga bsa untk mdah cri job skrng bntng,3
download mudah bs bantu dlm cari kerja,5
simply informatif and easy use,5
i just installed and my command good,5
dulusoalnya tipu atsnma prushaanmhon tingkat aman,3
terimah sempat,5
pakai gw,5
mabtap,4
bs neg cri kerja,1
senang temu teman,3
membantuthanks,5
rumit,5
x z acc z langsung licin acc,5
bagus,3
klo bagus tmbahin bintag,3
download,2
joz bagus,5
moga sesuai jalan tambah trims,4
nyaman,5
id like a blink,5
simple luarbiasa,5
lg ken ajar,5
tuh tmn,5
teman wawas tahu,5
informasi informasi baharu wawas dunia kerja usaha mantap,5
mantabbb,4
yacari teman,3
good applications,4
jalin sahabat,4
informasi akurat,3
bagus realisasi,3
tambah koneksi good job,5
ok oc,5
msntap,5
suka mudah sosial media,4
bagus tambah teman,5
moga manfaat bagus,4
moga hasil,5
moga cepat kerja,3
wish you all the best,5
cari patner,5
want try,5
,3
mudah cari kerja,5
gampang tgl nambah,4
bagus bantu kerja,4
,5
goodjobs,3
testing,4
moga sukses,4
bagusssssss,5
place support,4
bagus bangun jaring good for jobseeker,4
klo bagus bintang nnti jendral,4
apkikasi kenal profesi thx,5
nyaa moga manfaat,3
bagus bet aplikasi,5
apl,3
bisa neg daftar,4
elegant,5
oke banget,4
dech yaam,4
bagus promosi,4
people so awesome their jobthanks,5
moga manfaat jalin persahabtan,5
anak tolong bantu,2
bagus tingkat,4
alfred hocsdi,5
moga sllu baik bgi,5
coba ok diterusin,3
senang brgabung disinismoga prshabatan ttp trjlin selma nyaslm hock,5
near perfect,5
tester,5
linkin park,5
,4
bantu temu teman kerja,5
pokok e joss,5
nyobian heula,3
silaturrahim,4
cba,3
terimakasih bagi informasi,5
kenal bagi dunia kerja,5
senang bertemen thanks sihar albert auditor gbu,5
ok good,5
oke ajang informasi karier,4
professional,5
sip update,5
yusepul dah,5
,5
banget,4
ukey,5
bantu tolong up date info job percaya,5
kali info kerja sahabat sahabat,5
,3
aplikasi bagus guna bagus tanggung bener neg isi mengatasnamakan managemant,5
lumayam,3
hoyong damel,5
bantu cari job,5
yoiii,5
benar,3
good informations for jobs,5
actually this aplication not bed but i dont udestand why message not any attrach for file like excel power point word and ect and the data for aplication so big and slow loading please give me feedback and hope this can be better than this time,3
it is counten very well,4
penguna tolong rinci,1
moga menbawa berkah,5
verifikasi main tebak gambar jengkel maaf uninstall terimakasih tebak gambar,1
no coment,2
minat linkedln,5
masuk,4
menxukung peluang usaha,5
dinamis,5
moga untung,4
suka,5
bagus tearah,4
tarik terimakaih,3
oknum tanggung neg dgn mengatasnamakan rekrutmen hati tolong kyk gin sgera atas,2
bagus,2
,5
teman saudara,5
bin lelet,3
ok kuota update update,3
bagus kadang lelet,4
realiaaai benara,5
sop,5
robot neg muncul ketik gambar dg solusi,1
okey okey,5
bagus kalang bisnis,5
bantu jobseeker,5
,4
okey bagus,5
ok bantu,5
pantang serah,5
linkedln bisa neg kirim video,5
congratulation,5
mudah bantu cari kerja,5
,5
lumayan nyoba,3
hallo everyone,5
good,5
jos,5
its something new for me awesome,5
not bad,2
gw,5
,3
jalan hidup,5
pangkas manfaat,4
syiapa tau rizeki kerja,5
domain email abal abal tolong diberinfitur report filter semacm moga manfaat jebak neg lowong kerja palsu,3
eror lambat input or edit profil,1
kembang ilmuyg bagus,5
info job updeet,4
god jobb,5
dullu,2
verifikasi sampe mnit sndri kaya teka teki aman ribet,2
bagus banget,4
siip dah,4
moga,5
coba,3
,5
lengkap butuh,4
smoga sukses,1
manjalon teman bisnis,5
very nice,4
try first if its good ill give stars,4
untung kenal tenaga profesional,4
coba klo ok kitatambah bintngny,4
hidup iring doa usaha,5
vmonoton utuk chat tren moderen,3
good virtual design,5
bantu banget,5
looking for jobs,4
more friends more opportunities,5
bukti tambahin,3
knp verivikasi langkah aman install,3
moga brmanfaat bru,4
mudah cari kerja,5
sukses,5
nice,4
smoga manfaat slalu,4
ssh x bk linkrn,3
mantaf,4
suka,4
tingkat online shop company profile,5
keren banget,5
nice,5
top skor,5
moga sukses,5
awesomoe,5
inspiratif,5
pokok keren,5
mamtap,5
like it,5
mudah say mendowload bahan kuliah,4
mantap bayak teman,4
toap,5
oklah,4
informasi usaha pas businis,5
b,5
mula,5
manfaat,5
ok shiip,5
pokok oke oce,5
bisa neg upload artikel gambar file,4
informasi teman kota,5
bagus teman,4
ferfect,5
banyak temana,4
nice work,5
bagus hubung dunia luas,5
a completeplatform for your professional career,5
,4
excellent,5
very very very good,5
bantu saman dlm sahabat,5
your besttt,5
coba,4
media sharing positif guna medsos mari bagi kaya wawas kebinnekaan indonesia,4
ajar and ajar,5
harap capta hilang krn menganggu klik klik tp kelar neg,1
moga,4
tau krna pake,3
manfaat,4
moga good,5
banyk solusi dr trma ksh,5
bagi sukses,5
,5
guna,5
sipp,4
moga bantu tambah relasi,5
tingkat,5
mantap bagus aplikasi,4
kalu bagus full,3
diferent and usefull,5
keren,4
tar coba,4
bantu cari kerja tambah relasi,5
we are the water solution,5
bantu sich,4
bahus,5
bisa neg daftar,1
mna kualitanya,3
ooo kk,5
masuk proses diulangulang,1
gampang cari teman kerja,5
good apps i like it,5
joss,3
blum cobak nti klu ok tk blang sanggat bantu dar makasih,5
top,4
ntar klo bagus tambahin,3
dl mdh bagus apl,3
mantep bsa ama org org sukses,5
,5
bagus aplikasi,4
bantu,5
coba,4
iklan,3
superbly usefull keep up the good work,4
ziiippp,5
oke,5
masuk,4
dunia luas,5
good keep it up,5
masuk mudah,4
coba dulukalau manfaat nambah,3
tambah koneksi,5
bagus sngt bantu,5
males banget buka share bisa neg langsung ngambil gallery masuk berkas susah nyari foto upload,1
lengkap tambahin,2
lin bsa komunikasi ama rekan sepropesi cari peluang,5
mem bantu cari kerja sesuai skil,5
sngat mmbantu sya full kn ny,3
admintolong diperbaikisaya kali kirim fitur pesan hasil gagalmohon tanggap kembang,3
salam hormat,4
out,3
seruuuu,5
bagus tambah,3
,4
sempurna,4
coba bagus kash full,2
just like it,5
bagus langsung,2
out buka linkedid,2
moga bagus lg cari kerja dpt informasi putar lowong kerja,3
klo paham tingkat,3
tank you,4
gabung,3
cari tau guna nu,5
tarik full ok,4
,5
,4
senang,5
sdg dlm coba,4
batu zy,5
nnti klau bru,3
all shall be perfect,5
kasi dl bagus promosi jenderalok,3
yesgood,4
bizzz,5
ydah dah tanggung aflikasi abal uadah panggil kerja sampay,5
is the best,4
jooss,5
moga manfaat ijin nyoba and jempol full,5
we hope is fine than the others,3
knpa susah aq bikin,3
bantu informasipekerjaan,5
bagus share info loker,5
yaw,5
coba,4
manfaat bagi tahu,5
good karier,5
batu activity kerja,4
thanj for your kinds,5
sarana tukar tahu,5
maknyuss,5
,5
oke,5
bagus cari loker,5
mantp,3
can ngarti euyyy,5
thanks bro,4
ok dech,3
supoort,5
duluntar kalok bagus tambahin,3
yes allrigth,5
good performance,5
cocok,4
test,3
,5
like,1
jadi hidup mudah,5
harap bantu,3
bagus guna cari informasi,5
good luck,4
aplikasi,4
gimana gabung nulis perintah tapi langkah aman bikin susah,1
applikasi bantu unt informasi guna info lowong kerja,5
good,4
mudah temu loker good job,4
mantabbb,3
come joint travelling a lombok island,5
hasil join,4
gabung lanjut,3
ya neg kl info pakai neg bahasa ingris ngerti neg,5
suka,5
wawas,4
pake ngerti,2
,4
ketemu,5
bantu,5
batu banget linked temanketemu teman tambah wawas cari kerja,5
,3
manfaat kerja profesional,4
ok ok,5
wawas luas,5
,5
bagus lg,3
,5
kl,3
yahlumayanlah,4
no understand,3
hubung cari kerja dunia,5
aplikakasi,5
soiip,5
,2
nyobain,5
bergina banget informasi,3
bagus insya allah,4
,3
,3
make bagus,3
kali hilang gitu email sandi aj bisa neg buka tolong donk blas bagimana biar,1
puas aplikasi,5
sulit display berat page,5
karna daftar sulit,3
happy fun,5
moga dapar kerja,5
dunia maya dh macem,2
bantu sahabat,5
lebih,3
hati hati loker tipu dalih biaya akomodasi mengatasnamakan travel,1
bantu jadi chanel seluruh dunia,5
harap sesuai,3
okay,4
awesome by eastjava,5
ok,4
terimakasih lk,5
suka,5
jenpok,5
bingung aplikasi,3
kerja network,4
gabung gagal melulu,2
bantu cari kerja,5
verfikasi sandi ulang kali,2
susah,3
jaya,5
tarik,4
manis,5
siiip,5
sayang ada neg terjemah,3
minat neg teman ngasih tau,2
me and yu,5
bagus,5
,5
gooodd,4
xp cp motor atv,4
,4
,3
hp sulit snyt krng,3
saran neg masuk linkedln lowong tipu filter,1
maya,3
sulit masuk,4
bantu tingkat network,5
lihat,4
muas,2
terpecaya,5
install,5
bisa neg akses web,4
verifikasi masuk susah jelas neg susah masuk verifikasi robot neg sungguh sayang,1
bagus batu,5
thanks,5
goodverry good,5
sukses nda mesti mahal,5
tipu mengatasnamakan usaha cari kerja karyawan uang,1
bagus mudah cari teman kerja,4
ajar manfaat,4
yess,4
terima linkedln berkat km mudah cari kerja temu byk teman usaha lokal negeri,5
pngguna,4
linkend cepat profil teman,5
moga usaha kembang,4
super,5
help full,5
mantapp,5
oke try,3
good job,3
tahan mudah,5
tau langsung dpt kerja,5
nyoba,2
salam perdodara an sh terate,3
bantu bisnis,5
baruh ko stiap minggu sihh,3
bagus moga manfaat,4
tolong terjemah bahasa indonesia benci gw apl bisa neg download,1
good tool,5
aplikasi bagus nambah,3
samgat bantu,5
until now update why update again and again but if your signal bad can not conect if we travel around and get bad signal some town only say bugbugbug please we need this make update help everyone everywhere africa cuba or small island no name thx for att,3
good inspirator,5
manfaat,4
semogah manfaat,5
paket internet as hajar mendownload mb,5
optimal,1
info baru dpt inform lwt email,4
sip,3
good solution creditial global,5
nmbh lg,3
good application butmake simplethanks,4
good aplication,5
kerja akurat,5
ok,5
profesi profesionalisme,5
you you,5
okmoga sukses,5
cocok b,3
sbenarnya bagus suka aplly lowong sign pas pakai sansi salah nggak lamar mana,2
excellant,5
mudah manfaat,5
bisa neg,1
bisnis,5
bagus simpel informasi,5
yaaaa keren lahhh,5
keren banget percaya,5
bantu informatif,5
universal lingkup luas cocok kerja negri cari kelas s alam bahasa default inggris cocok fresh graduate aman ketat tipu mengatasnamakan pt kenal iming gaji cari wanita embel mess bukti syarat kualifikasi persis beda pt,1
okkkk,5
pusing bayar sekolah pinjam daftar kuliah butuh dana juta,5
very nice n good,5
baru tpi tman msih smga dpet bru,5
fiturnya bagus,5
siipppp,4
mantapppp,4
pindah kartu memory,5
linked srlalu dukarcfy buka krn luoa password saranksn afmin libked fafilitas penggsntiisn password simpel safe jsngan fpt google ribet,3
iklan,3
good i like,5
bagus komunitas profesional,5
great,4
formal,2
oke,3
sederhana,2
salam sukses,5
ok,4
i like,5
jempol biar up date,5
mahal,5
nyoba,2
informatif bantu,3
update biar keren,4
cari baiksp tau blanx,4
ntar,3
,5
is the best,5
apagk ng rti,4
puuas,5
,3
,4
user mula tingkat layan,4
komunikasi informasi,5
bagus,4
bagus,5
okbanget,5
mayan,3
jelas neg,1
sayang bisa neg salin teks,3
top,5
tetep ok,5
mudah,4
bismillaah yaaa cari kerja cocok syaa allaah,3
,4
suka bagus banget,5
helping me find out my friends connect with them thanks,4
coba duluaq,3
krna bru versi android web suka,4
bagus,5
highclass keren,5
emang sip,3
,4
,4
bagus partner kerja,5
bagus manfaat bisnis,5
simple network bussines,4
klo ok,4
ngerti neg ni tamu,5
informasi bagi cerita slalu baik,4
,3
pasang nyampe jam nggak muncul,2
tolong,4
,5
,4
testimoni,5
bagus koneksi,5
helpfull application,5
god job,4
bener kah,5
mantappp,5
ariestriwahyudise,5
moga,5
bismilah test,5
keren n mantab,4
bru pakentr klo bintang,3
top banget smoga smakin ngetop,5
bagus satu teguh cerai,5
i so happy use this application can help me join other people and sharing about some business thanks,5
bantu kawan,4
bagus guys,3
lumaya bantu,3
tambah relasi,5
the best for teacher,5
kenal tpi prnah nyoba,5
klo bagus nambah,1
tanks sngat bantu,5
,4
its so exciting meet the best people on their world,5
guna,5
suka kadang sulit daftar cari pkerjaan,4
bug bisa neg update profil,2
gimana jogetnyaklo mantab gpp,3
matnap bagus,5
baharu,5
keep going,4
gabung aktiptapi neg setia,3
moga sukses slalu,5
ribet masuk keamananny ribet ulang masukny,2
bagus,3
m t p roo,5
sukses,5
dl kl br tmbh,3
is good,5
simple easy acces,5
bagus bintang,3
manfaat jalin komunitas kembang relasi,5
great for the professional each others,5
moga guna,5
godjob,4
moga manfaat job,4
mudah temu relasi,5
tau neg bisa neg masuk ket valid neg lewat puluh aman ganti sandi hapus data masiihhh bisa neg hadeeeuuhhh,1
block iklan,2
ok referensi,5
coba,3
luas hub kerja,5
malas pakai,1
sya senang suka dngan,5
coba,3
manfaat,3
tukar informasi,4
coba untung dr sebu,4
bantu,3
mencobaklo bagus n bintang,4
jaring,5
okeeeeeeeeeeeee,5
bagus banget,5
kenemu,5
bantu fresh guadate,5
lengkap,4
,4
sipp good,4
br download smg manfaat,3
mudah hubung kerja,4
positif,5
suka,5
mantap mudah an guna,5
good opportunity,5
tester yach,3
smga depan lg,4
tig u ti k u i u k i,3
mudah promosi bisnis,3
kl banyak lg info,5
thanks,5
klo bagus tamba,3
atur email notifikasi bisa neg,3
i love,5
ajar,4
,5
msa coba kl ngs tambsh neg,2
the best for,5
bagus,5
this application is very good thanks,5
bantu,3
tambah kreatifitas sendiri,4
unt terima info positif,5
senang banget,5
good apps,3
mantap sya kerja,5
kurang hoax,4
i love dd,5
goodtingkatkab,5
mudah,5
emang top lahhanya benah lagikl aq send masages org aq knal mau neg buka tool send masages bro thanks,4
amazing,4
,5
mantap,4
penis,5
sagat bantu,3
good tpi jgn suka lot lg,4
this is world your the control,4
good,5
gurih,5
trims,4
,4
meningkatakan relasi,4
good boy,5
no komen,2
good for organitation,5
cari kerja pas cari sempat karir recruiter cari talent sesuai tugas isi profil lengkap alam didik kursus timbang recruiter menghire,5
best moment,5
tingkat program,5
good job bro,4
bagus ngerti pake hehehhe,5
mantap om,5
go on top,5
bangun jaring,5
sangatembantu,4
good apps very recomended this apps,5
bantu mantap,5
coba ntar tambah bintang bagus,1
manyun,3
good joobs,4
manfaat guna,5
bisa neg didonwload salah tulis,1
senang dgn aplikadi,5
helpull,5
greaters,5
bantu menamba rekan cari kerja,5
good lumayan cari kerja,5
ok ajj,5
baru mei dapat neg pindah micro sd this application can not be moved sd card,1
,3
mantap,4
siip,5
bagus kembang jaring,5
agrobisnis and gemstones,4
dapat,5
jet a job easily,5
is the best,5
mantaap,3
paham,2
moga eks,5
suka,5
moga bagus,5
i cant write my note for my friendsnhmm,3
yeahh,3
lihat ahbaru suka,3
its just began for growth,4
maaf ajar,3
oke untk sudh fham,3
ketemu teman,4
tanda,5
lumayan nambah gaul,3
maju teknologi tuntut ajar teliti manfaat,5
,4
asik relasi good jobs linked,4
bingung cari mohon arah jelas usaha bidang likendin anggota,4
,3
koneksi kerja,4
jaga sholat,5
,2
save bahagia,5
bantu,3
mogamoga ngebantu banget,5
mohon,5
amazing sosmed for the future,5
bagus tingkat,5
ntar tambah,4
sip,4
kereeeeennnn,5
bagus suka,5
be happy,3
bagus,5
mantab mending jadi bb simpel dah makan neg makan ram hp lowend,5
hidup lillahi taalaa,5
mudah,3
bagus,3
kembali data ku,5
i always renew this but still cant moved micro sd card why,5
klo bagus nnti mudhan bantu,3
payah,1
good for job seeker,4
lumayan cari info loker,5
interaksi maju bravo,5
,4
baguss bangettt,5
manyap,4
new clean and responsive,5
bagus lahh,4
sukses,5
awam,5
kiro kiro iso ora iki,3
,3
sippp,3
lina,5
lumayan,3
juang henti neg,5
i love this apkits very useful,5
bagus bisnis,5
bantu fresh graduet,5
greatt,4
great,5
mudah cari kait kerja,3
very helpful finding a new jobs,5
inovatif,5
wujud kerja mudah,4
bantu cari relasi jaring kerjathnks,5
buka moga manfaat,5
mudah dpt kerja bagus,5
bantu,5
coba,3
urang update,3
mantapp,4
lumayan manfaat,4
,4
jobs,5
nyoba,2
spam instal i hate i do uninstal but spam notif,1
,3
bisa neg,2
program nyata,5
moga manfaat,5
sya bintang yaaah,2
coba moga,4
baguss banget,5
bagus skali,5
mantab qolbu,5
,5
sumanget,5
download ke neg buka,5
relasi plus info,5
bantu,5
nyoba ah,3
bantu dlm belanja,5
temu dgn tlah miskomunikasi,5
perpect,5
coba,5
good choice,3
admin pakai aplikasi,5
mudah mudah terima,4
tar klo bagus,3
force closed bad problem but good,5
,2
is,4
bermampaat,4
suka bisnis,3
pokoke apik,5
susah kali kali,4
media koneksi percaya,5
mantao,4
keren banget okay,5
,3
z,4
moga bantu,5
bagus blog,5
bisa neg daftar,3
apa mana handal,4
good application,4
ribu kali tetep bisa neg,1
dukung sukses,5
ciba,3
siiiip,4
cobq duli,5
lumayan bantu,4
ok weldone,5
woww,4
n belumtau,5
fabulous,5
keeereeen,5
bantu,4
iya,5
mudah bermafaat,5
enk neg,1
insyaallah,5
siep,5
good dah,5
cukuo guna,5
indah bagi iklas,4
sample and easy,5
unduh,5
bagus nambah profesional,5
just go ahead progressing,4
lumayan upgrat lgi biar,3
good super mudah dapat apartemen harga jangkau,5
lowong ada neg nerima bohong maka applikasi,3
bagus info kerja,5
jarang peluang,3
tahan tingkat mutu,4
logout,3
moga rejeki kerja harapakan,4
bagus mohon tingkat mudah cepat,5
bantu tingkat jaring kerja profesional,4
thanks find place work more easy,5
lot,5
moga bagus aplikasi,5
very great appl silah coba,4
lbih ok,5
baik,5
up terusss,1
ok,5
manfaat,3
just do it karim,5
tolol,1
kasi klau bagus tau,3
im engineer,5
smoga succses,4
is verry good,3
g od for proffesional communication,5
,4
mengesankanterimakasih,5
gut,5
this good,5
bagus,3
bagus krn semntara lg sibuk,3
very good,5
dg linkedln bs tau informasi dg cpt,5
tess,3
mencobak,5
mohon bantu,5
many thanks for accepting hope fine get networking,4
padat bobot,3
pretasi yes narkoba no,5
tolong memories,5
entar klu bagus entar lg,2
goodyear,5
bantu bijaksana salam,3
mantab,5
suka banget dgn bantu,4
the good conection,5
,3
bantu kerja good job,5
bagus hasil sumber ajar bagi informasi,4
baij,5
bagus bantu karier,5
batu bangeet,5
bagus,4
tingkat akses loginnya,5
soo far good,4
bagus mudah komunikasi kembang,4
awesome,5
,4
bagus,5
bagus ih mudah komunikasi,5
sipsemoga manfaat,5
cba yeh,5
media positif,5
god,4
mantabzzz kerreennnzz pokonyaahhh okeehh banged deehh,5
good job,5
its ok,3
kereeeennn,5
it still buggy cant put unlisted company name please fix it,3
like this help us find a new job,4
mantap bro,5
suka ruuuaaarrr biiiaassaaa,5
media ruarrr hebat suka suka,5
moga succes patner,5
ye,5
bantu kembang jaring,5
error force close,2
keren kenal sahabat negri thx,5
aggre,5
god job,5
alam,3
it should not need payment for full features,4
elek,5
bantu mudah,5
manfaat,5
is oce,5
bagus cari relasi,4
suka coba,5
new ready,5
luas jaring batas,4
kreatif partisipatif,5
good for business,5
good informations always,4
nice,5
biar lancar smua,4
bantu hubung dunia,3
good aplication,5
sukses,5
future apps,5
ok z klo promo usaha,5
yes i like,5
jaring,5
luas jaring good lahhh,4
oke coba,5
limit gratis tpi knp pulsa doang,3
nice application,4
sebal,2
bantu cari kerja,5
oke,4
manfaat berjejaring nambah tahu,4
nice and very nice,5
good,4
sip jos,5
keren,5
mantap abieeezzzz bro,4
nice,4
sii,5
bantu mantappo,5
yes i do,5
i like this apps,5
jaring luas,5
bangsak,5
hello worlds,5
aplikasi baru macet neg,3
cukur puas,3
hello kitty,5
berita bobot,5
mudah mudah bisnis,4
nice,5
nice,5
mudah mudah manfaat,5
suka bisa neg kirim pesan,4
bagus aplikasi,5
nice and recomended,5
peluang tambah wawas,4
android wajib instal manfaat,5
klo dah ditrima krja br nmbah lg,4
bagus,3
nambah informasi,4
nice apps,3
kecewa batas,1
bagus tingkat ilmu tahu,5
informatif bantu cari kerja,5
,2
keren banget,4
linkedln bisa neg kirim pesan balas pesan guna linkedln laintiap balas pesan ktanya pesan gagal kirim mohon tanggap,2
bahagia,5
like cv online promotion our life,4
goodvery good application,5
msih coba,3
,4
nice have,5
make a simple get information,5
guna,5
buka padwordnya bilang salah,1
manfaat,4
ok good,5
moga bs org sukses,3
nnti dtmbh klo bagus,3
not bad,3
nyoba klo realty tambahin,3
lanjut,5
joss gandos,5
butuh andal,4
i love you,5
,5
good,4
linkedln top,5
ksh dulukl tambahin,3
,3
dulubarangkali dpt job,3
like this for aplication,5
bapuk,1
good relation information for me,5
good,4
,4
paham,3
sya,4
moga bantu bismillah,5
proses instalnya android,2
mantab bri,5
lumayan entr bintang,3
sulit masuk,5
moga manfaat,5
semangat hidup,5
bisa neg daftar bisa neg masuk,1
kjooooss,5
,3
aplikasi tolong jringannya jgn trrlu krn h susah,5
lh,5
ok,5
big help and a lot of information,5
i like it,5
moga dpt bantu,4
yng baik berita wahidiyah,5
its very easy contact people,4
my is mspk cadsena,5
resep,4
cona dulj,2
coba,3
bangus keren tp q,3
ok jg,3
susah installnya susah daftarmya susah loginnya,1
bisa neg masuk mohon dantuannya terimakasih,3
mboch,5
