text,rating,polarity_score,polarity
kulu kulu,5,0,neutral
terbaik,5,5,positive
mention orang ya,1,4,positive
mudah mudahan rezekiku biaya hidup,5,7,positive
bagus,5,2,positive
ananias simon malakabu,5,0,neutral
ok,5,4,positive
aneh buka kolom jaringan aplikasi,1,6,positive
i cant register always try again,2,0,neutral
terima kasih linkedin nama abdul yasmin sorotan dunia,5,5,positive
google payments privacy notice last modify november the google privacy policy describe how we treat personal information when you use google products and service if you be under the age of you can find additional resources in the google teen privacy guide google payments be offer to google account holders and your use of it be subject to the google privacy policy in addition this privacy notice describe google privacy practice that be specific to google payments,5,0,neutral
bagus,1,2,positive
semoga slalu sukses canggih,3,3,positive
kurangi iklan,5,0,neutral
excelent,5,0,neutral
tolong ajariysaya berpengalaman terimakasih,5,12,positive
mantap aplikasi nya,5,1,positive
keren,5,0,neutral
semoga sukses tercapai,5,6,positive
akun login minggu semenjak habis post portofolio mari pemeriksaan keamanan cepat faktanya akun log in mohon bantuannya,2,14,positive
aplikasi pencuri memotong saldo dana,1,-1,negative
kotak black screen kalo ganti sandi ya ulang dll,1,4,positive
memuaskan,5,5,positive
aplikasi linkedln kedepan nya terkoneksi aplikasi whatsapp mempermudah obrolan pencari kerja pemberi kerjatingkatkan fitur kedepannya pengguna aplikasi udah bagusbaiksemoga bagus aplikasi amin sukses kedepan nya aplikasi maju,5,-13,negative
mantap,5,5,positive
memasak menyajikan makanan dimakan tamu,5,-2,negative
aplikasi bagus bermanfaat,5,3,positive
good,3,5,positive
bagus,4,2,positive
login susah ya trs udah login apk nya lag parah mohon diperbaiki ya,1,2,positive
aplikasi membantu berguna,5,5,positive
,5,0,neutral
platform konsep keamanan tolol tau bisanya akun kena pembatasan permanen bikin verifikasi persona dipake aja namanya pemaksaan aja biar data pribadi udah gitu verifikasi aja nunggu load seabad menghadapi captcha tolol,1,-12,negative
bahasa indonesia andi mijriana gula merah,5,0,neutral
akurasi pencari kerja top,5,7,positive
oke,5,2,positive
pamer posisi curhat,1,-1,negative
aplikasi bagus,5,-2,negative
tolong ya dibantu penutupan akun penghapusan akun load berfungsi maksudnya ya tolong dibantu hapus akun linkendin susah aplikasi langsung dihapus linkedin susah terimakasih,2,7,positive
notifikasi akun nonaktifkan login mari lakukan pemeriksaan keamanan cepat banget udah jam ga muncul bener,4,12,positive
good menyukai,5,9,positive
amaze,5,0,neutral
verifikasi susah warga negara indonesia memiliki passport ktpsim verifikasi warga indonesia,2,-3,negative
mantab,4,0,neutral
aplikasi bagus warna tampilannya sederhana menarik info berguna berkenalan bergabung tim tim hebat negeri tambahannya aplikasi komentar tombol terjemahan bahasa memudahkan mengerti bahasa mohon maaf terima kasih,5,-4,negative
aplikasi membantu,5,0,neutral
aplikasi cocok sampingan,5,0,neutral
manusia,5,3,positive
bagus,5,2,positive
okbos,5,0,neutral
keren media teranotasi ai,5,0,neutral
login susah buffer jaringan bagus,1,2,positive
baguss,5,0,neutral
good job,5,5,positive
merepotkan memaksa orang masuk linkedintapi respon cepatbikin susah habiskan,2,-4,negative
aplikasi membantu koneksi bisnis,5,5,positive
aplikasi bermanfaat ntah memahami penggunaan aplikasi aplikasi repot terkadang suka melihatlihat pekerjaan aplikasi kebanyakan loker palsu putuskan menghapus aplikasi terimakasih linkedin,3,-4,negative
usefull app,5,0,neutral
bermanfaat menambah wawasan pengalaman,5,10,positive
cari kerja,5,-1,negative
membantu informasi pekerjaan cari,5,6,positive
aplikasi busuk cokmau verifikasi email aja susah banget,1,-10,negative
load mulu jaringan lancar tungguin sejan ga kelar kelar,1,15,positive
apk ribet tolol gagal login blokir akun kebanyakan aturan bagus nya kaga,1,-12,negative
p z,4,0,neutral
lumayanlah,5,0,neutral
okay,5,4,positive
pemeriksaan cepatnya berulang ulang lodingnya ga nih apk,1,0,neutral
ari rahayu,5,4,positive
loginnya susah sumpah bikin emosi udah masukin nomor hp nomor gak dipakai ganti nomor hp sampe kali gak pecahin teka teki udah pilih dibilang kosong pilihan emang gilalah bikin badmood,1,1,positive
kreeen abiss,5,0,neutral
jarang buka akun kena batasan verif nya ribet udah kali verif kaga kebuka,1,-1,negative
logout tutup,3,-2,negative
aplikasinya bagus banget min sampingan uang jajan pokoknya rekomen banget kerja sampingan pelajar uang jajan tambahan,5,9,positive
aplikasi bagus,5,-2,negative
akses data pribadi orang hapus bug masuk,1,-7,negative
gabisa upload ya,1,4,positive
aplikasi linkedinsangat membantu pencari loker,5,0,neutral
sanggat berguna,5,5,positive
jelek banget dah verifikasi identitas error persona nya aneh aneh suspend gak salah sumpah nih aneh banget dah kadang load sampe abad dah pemeriksaan nya,1,-6,negative
bveaqis,2,0,neutral
assalamualaikum,5,3,positive
akun x hack orang negeri akun terverifikasi terhubung nomor handphone email verifikasi,4,-4,negative
aplikasi gajelas duit gue ketarik dana,1,0,neutral
good goosss continue teransfaran for below alias zaini muhammad zaini,5,5,positive
good apps,5,5,positive
,5,0,neutral
uang ambil apk,1,-5,negative
keamanannya pas mereset sandi gak ganti kesalahan koneksi,1,3,positive
lowongan yg uptodate,3,0,neutral
semoga informasi akurat manfaat penguna apk,5,7,positive
ga dpt kerja satt,1,2,positive
login aja pake ktp linkedin curi data orang ya ga online akun langsung hibernasi emang memaksa pengguna aktif tolol nggak nyampe,1,-1,negative
ok,5,4,positive
audah,5,0,neutral
tease mee to get the chance iw,5,0,neutral
tolong perbaiki bug aplikasinya udah banget bug nya benerbener ga gunain,2,4,positive
mempermudah perluasan relasi,5,0,neutral
worst apk,1,0,neutral
hp ku,1,0,neutral
senang tersambung dunia profesional dunia update pengetahuan dunia kerja,5,14,positive
alhamdulillaah baarakallahu fiikum,5,0,neutral
aplikasi membantu koneksi bisnis lancar,5,9,positive
taiii anjimm gw pulihin akun ga gubris gubris udh mingguan,1,6,positive
gabisa masuk pas captcha gambar berkali kali diulang,3,2,positive
suka bug tayangan profil ga like konten ga kalo udah refresh munculnya ga update udah ga update cari loker suka ga kontennya bagus aplikasinya,1,7,positive
ngga masuk udah verifikasi,1,-5,negative
best,5,0,neutral
aplikasi nyaa menguji kesabaran udahh akun kali udah besoknya huftt capee nyoo lamaa,4,-4,negative
,5,0,neutral
orang flex pacarku cari kerja susah banget sebel deh apasih jt pekerjaan,1,-9,negative
good,5,5,positive
busett dah apk cok daftar aja susah bgt muter dikemananan niat apk gak sih bug gini gak difiks pdhl ngeluh udah tau susah nyari pekerjaan diindo ditambah apk nya gini mulu nambah stress sih berharap mulu ama ginian mulu kekuar lingkaran setan,1,-13,negative
mohon perbaiki apply sesuai atur apply mohon direset terbaru mohon kembalikan set pencarian pekerjaan,3,20,positive
gajelas tot,1,0,neutral
susah banget verifikasi bug nya aneh permudah akses masuk nya,1,1,positive
akun gatau hack gimana nomer hp berubah gabisa login,1,-5,negative
dah tibatiba nonaktifkan udah gitu login muter muter mulu,4,-1,negative
lampiran perihal dfhaljkl,4,0,neutral
mendaftar akun aplikasi mengecewakan berbagi ilmu rekan profesi menambah wawasan terima kasih,5,10,positive
,5,0,neutral
aplikasi jelek bug,1,-9,negative
coba daftar ngk maaf mulu yg maaf kesalahan silahkan coba gw coba gitu mulu,1,13,positive
linkedin uang k info chat ya alamatkehiduan guy,5,4,positive
,5,0,neutral
the app so slow to verify fasr security it aint work at all when i forget my my password,1,1,positive
daftarkan akun gabisa,1,0,neutral
waaaaoow asyik,5,0,neutral
hasil postingan kolom pencarian tolong dibaca komen tolong diperbaiki bikin susah orang,1,6,positive
aplikasi profesional membangun kesadaran mahasiswa kreatif produktif,5,2,positive
aplikasi ga daftar akun udah cs website ig lempar lempar bad pelayanan bad aplikasi bad,1,-16,negative
tbtb pembayaran otomatis rb,1,3,positive
like,5,0,neutral
cari kerja mudah mudahan bermanfaat,5,9,positive
jlek nonaktifkan ape,1,0,neutral
semangat,5,4,positive
mantap,5,5,positive
gak membuka akun,2,0,neutral
cerita yg bagus,5,4,positive
berguna,5,5,positive
verifikasi chaptha diupang maksudnya min benerin lahh mempersulit aja,1,0,neutral
jelek banget susah login kyk babi,1,-11,negative
buruk aplikasi login susah dipersulit pemeriksaan keamanan cepat sesuai tulisannya cepat lamban koneksi internet memori lancar kendala internal perangkat internal aplikasi error mencoba diberbagai perangkat hasilnya kalo perubahan aplikasi ajukan repoke playstore mengecewakan,1,-9,negative
berbulan masuk aplikasi perbaiki,3,-7,negative
good terhubung profesional,5,5,positive
bagus,5,2,positive
membantu job seeker,5,4,positive
linkedln sya bagus,3,2,positive
stuppid,1,0,neutral
linkedin membantu karir,5,4,positive
ga login verifikasi boot ga,1,0,neutral
bakrie contruction site manger medco coridor,5,0,neutral
masuk aja ga sampe pemeriksaan cepat ga bener,1,4,positive
ok,5,4,positive
mangkin aneh,5,4,positive
mantap,1,5,positive
diupdate bermasalah,1,0,neutral
oke membantu,5,6,positive
aplikasi nya bagus membantu menambah aktifitas menghasilkan,5,5,positive
iklan youtube,1,0,neutral
terkoneksi dg rekan,3,7,positive
mentokkkkkk,1,0,neutral
login ae angel e ampun,1,1,positive
urg,3,0,neutral
pemeriksaan keamanan cepat nya gimana si aneh banget gajelas,1,8,positive
tolong kembalikan uang ketarik otomatis akun dana senilai sengaja terpencet fitur langganannua mohon kembalikan uang karna membutuhkannya,1,10,positive
aplikasi gilak cari uang yg halal jgn nipu,1,-11,negative
connect duolingo,1,0,neutral
semoga bermanfaat orang,5,5,positive
wow my account get restrict,1,0,neutral
tolong perbaiki masuk akun akun linkedin ganti hp coba masuk linkedin,1,2,positive
kasih bintang full,5,2,positive
bug update,3,0,neutral
the application be very good it keep update but the bug be never fix so whats the point of update continuously,1,5,positive
top,5,5,positive
gak masuk menunggu keamanan gitu,1,-6,negative
susah login nya,1,-3,negative
ipandi,5,0,neutral
takut coba,1,3,positive
membantu,5,4,positive
cantumkan nama muhammad isro noor orang masuk perusahaan fakta,1,-3,negative
terbantu dengab adanaya aplikasi linkedin,5,-4,negative
apk nya periksa keamanan cepat lambat,1,-1,negative
amaze to have more excite story,5,0,neutral
masuk susah akun data kebobolan bagaikana sih linkeln,3,-9,negative
senang aplikasi berkoneksi profesional mencari pekerjaan kecewa postingan berkaitan pekerjaan linkedin kena shadow ban pertemanan dibatasi seminggu orang harap linkedin memperbaiki mengalami kejadian,4,13,positive
linkedin membantu skali,5,4,positive
gak masuk tolong perbaiki,1,0,neutral
aneh ga login lg,3,4,positive
aplikasi nya stres bikin akun gak login trs email nomor smaa kesalahan nama trs bikin akun ilang tolong kebijakan,1,-12,negative
kegunaan aplikasi,1,0,neutral
coba,4,2,positive
errorrrr muluu oyyy,1,0,neutral
linkedin membantu dunia profesional personal brand,5,5,positive
email mohon buka,5,5,positive
aplikasi gak berfaedah udh langganan nya mahal,1,5,positive
mantao,5,0,neutral
linkedin be truly one of the best platforms for professional network and career opportunities it make job search so much easier and more effective even across countries and continents a great tool for connect professionals worldwide,5,3,positive
loadingnya kali jam berhasil cape nunggu sumpah,1,3,positive
oke,5,2,positive
belom dapet kerjaan,5,5,positive
ribet verifikasi id dah tetep aja gabisa aplikasi kocak,1,-12,negative
apk coba mualai login udah persulit,1,2,positive
daftar ko gak,3,1,positive
guud,5,0,neutral
,5,0,neutral
kekurangannya boros kuota,4,-7,negative
its ok,4,4,positive
i delete linkedin because i be force to verify it which cost money,1,-3,negative
cost consultants consult quantity surveyors,3,0,neutral
oke mantul,5,2,positive
beruntung,5,4,positive
upload foto profil ganti aja gaes apk linkedin upload foto alasan gimana tuh,1,10,positive
tolong bantu,5,6,positive
super apps trully link in your circle network koneksi and silaturahmi best ever have and show off on search engine as valid legitimate apps,5,7,positive
hilang fitur terbaru video reel loadingnya,5,7,positive
pemeriksaan keamanan,1,0,neutral
bagus share lowongan pekerjaan,5,5,positive
login aja susah sih,1,-2,negative
gabisa loginpadahal jaringan aman gada kendala,1,3,positive
gagal verivikasi ktp cahaya gambar,1,-2,negative
aplikasi membantu pennggalaman,5,0,neutral
opsional,5,0,neutral
aplikasi sampah lamar login dlu hiredtoday pas udah login ujungujungnya langsung aada tulisan menemukan halaman asli sih mah sampah bangett mend hapus aja nih apk playstore ga jugaa auto uninstal apk busuk,1,-11,negative
aplikasi belibet akun aja susah,1,-6,negative
membantu usaha,5,5,positive
login aj dipersulit gk kacau aplikasi bugg,1,-4,negative
verifikasi data lambat responsif lambat,1,-1,negative
pelajari berkembang komunitas positif,5,6,positive
iklan mengganggu,5,4,positive
aplikasi utk pencarian kerja dgn tampilan easy interface,5,-1,negative
jos jisht,5,0,neutral
mari lakukan pemerisaan cepat cepat apanya sejam gua nunggu muter muter load nya programer lu auth aja verifikasinya ganti aja gua,1,7,positive
bagus informasi yg butuhkan linkedin cuman kekurangan jg penyusup penipuan yg post job seejers utk menjerat korbannya kedepannya harapan tolong linkedin bs memfilter penipuan yg merugikan pencari kerja negara australia penipu menawarkan kpd sy gani tggi uang yg nilainya tdk dgn alasan pembuatan visa kerja tolong tdk linkedin terima kas,5,13,positive
pengalaman kesalahn sistem kesalahan tsbt akibatnya akun,1,-7,negative
pemeriksaan keamanan cepat,1,3,positive
mudah mencari,5,1,positive
beneran gk ntar hoax gw kasih bintang klo bener gw kerja apk gw kasih bintang,3,7,positive
cant log in and cant receive verification code to mobile number maybe bankrupt,1,0,neutral
kren memuaskan,5,5,positive
kehidupan harapan,3,0,neutral
aplikasi tolol kah udh brp kali dw ulang ttp ga login memeriksa keamanan pake kuota sinyal bagus diperbaiki ga banget aplikasinya,1,-13,negative
akun thn pas thn buka susah bgt loding banget,1,4,positive
gak banget cok udah verifikasi pake ktp aja gak login tolong perbaiki,1,5,positive
oc,5,0,neutral
yha,5,0,neutral
pencarian pekerjaan postingan kolom pencarian muncul angka total postingan muncul postingan orang mohon diperbaiki,1,7,positive
membantu info terkini,5,4,positive
menu tampilan postingan error menampilkan postingan kalangan,3,-4,negative
gak filter postingan kalo apply kerjaan memudahkan banget,3,6,positive
fitur hasil search postingan muncul search kunci jakarta hasil postingan muncul,1,11,positive
bagus,3,2,positive
all information be good and very useful,5,5,positive
gak verifikasi pas masuk verifikasi gmail eror bulakbalik,4,-4,negative
terperinci dipercaya,4,3,positive
login ulang karna hp restart pas giliran verifikasi persona udah kirim permintaan udh udah dicek berkala gitu tolong diperbaiki gimana edit permintaan verifikasi diperiksaditerima udah dicoba masuk suruh foto id tp pas difoto udah kirim permintaan sampe csnya dicari ga bikin laporan dr webnya login ya karna ga login bikin laporan,1,10,positive
aplikasi sampah ribet,1,-12,negative
link robot terjebak topeng purapura,1,0,neutral
aplikasi gjls gabisa login ngestuck pemeriksaan keamanan cepat,1,-1,negative
bermanfaat mencari relasi,5,5,positive
aplikasi kagak untung pas download posisi gue udah kerja gue coba donlot pengen dpt peluang kerja yg tp isi nya yg post loker bodong email kagak da respon isi nya flex jabatan ngeluh update status yg nongol wallujung nya kerjaan aplikasi sebelah,1,-1,negative
belajar,4,3,positive
jujur dibantu,5,6,positive
temcamsct,1,0,neutral
mudah mudahan pekerjaan,5,8,positive
dah aplikasi nya pas login pake email teka teki udah pilih visualsuara udah bener ulang teka teki nya aja mentok situ mohon perbaiki,1,-5,negative
pindah akun pas masukin akun google knp layar putih ku tunggu tolong maksudnya,1,3,positive
login karna ditolak akses trus,1,-2,negative
tolong tingkatkan aplikasi nya,5,-1,negative
keamanan data aplikasi buruk akun kebobolan orang asing udah masang verifikasi langkah ga pakai aplikasi ampas hati hati kalo pakai aplikasi kalo mend pakai aplikasi jobseeker,1,-19,negative
akunnya sulit,1,0,neutral
udah linkedin blok bikin akun x ganti email ganti nama ganti foto gk ujungnya linkedin verifikasi data verifikasi id ktpsim dll hasilnya ujungnya zooooonkkk buang aja bintang aplikasi,1,3,positive
aplikasi gak mencuri data pribadi sajah hati hati aplikasi akun kena hack retas orang akun fi batasi permanen detai data identitas pribadi batasi mengecewakan parah pencuri data identitas pengguna menutup akun pengguna penyelesaian tolong jual data,1,-31,negative
ribet login ulangnya kaga masuk mentok tulil,1,-12,negative
bikin akun sampe x kena restrict gatau dimana udah verif identitas akun gabisa nyusahin akun udah connectionnya hilang gitu aja,1,0,neutral
berlangganan dana ketarik tolong solusinya d refund,1,12,positive
,5,0,neutral
,5,0,neutral
gak,1,0,neutral
nice platform sosial media for job search,5,8,positive
login kudu selesain captcapas jawabannya bener diulanginya lagidungu emang,1,3,positive
belajar,5,3,positive
akun batasidan berganti nama udah setor identitas resmi bahaya nihh,1,-6,negative
akun sesuai data linkedin masi memblok akun berusaha coba login gagal kecewa kesalahan infokan blok,1,-4,negative
login pemeriksaan keamanan cepat nge stick situ gimana yg mw cari loker disitu,1,0,neutral
kau judol ya dataku,1,4,positive
umur th cari loker soper pribadi,5,1,positive
pokonya bintanglah,5,-2,negative
berpengalaman bidang interior pengerjaan plapon,5,4,positive
mahal bgt harganya upgrade premium dr harga jtkita cari loker buang duit,5,0,neutral
good aplication,5,5,positive
super app,5,3,positive
tolong balikin uang duit dana tibamelakukan pembayaran aplikasi uang makan keluarga tolong kembalikan,1,11,positive
utk membantu jembatan,5,0,neutral
informasi lengkap,5,4,positive
mantep,4,0,neutral
login linkedin tulisan mari periksa keamanan cepat haya berhenti disitu menampilkan apaapa login linkedin adakah solusinya plis tolong respon fatal bangay suruh upload dokumen udah maish nghk udah setahun lohj,1,3,positive
buruk tibatiba akun dibatasi proses pendaftaran akun barunya dipersulit,1,-1,negative
login,1,0,neutral
bagus luas mencari lapangan pekerjan,5,5,positive
bermanfaat membantu,5,9,positive
susah verifikasi akun menonaktifkan konfirmasi pengguna,1,1,positive
mendownload aplikasi,5,-4,negative
excellent,5,0,neutral
error terusss udh diupdate ttp gk dibuka tolong team dibantu,1,1,positive
good aplication,5,5,positive
membantu banget mencari pekerjaan sesuai sklill pengalaman dabest linkedln,5,10,positive
good app nice,5,9,positive
gimana akun kena ban,1,-3,negative
this application be very important for me it help me a lot in look for a job basically star for this application,5,-3,negative
rumah tanga,2,3,positive
akun premium mahal banget posisi mencari kerja jta umrumk cuman jtaan,2,3,positive
aplikasi yg rekomended,5,-4,negative
nice application for find relation or a job,5,4,positive
verifikasi aja ribet banget ktp chip sim pilihan kasih bilangnya paspor giliran ktp sim scan paspor fungsinya scan pake nfc benarbenar buruk,1,3,positive
ya allah uang ketarik otomatis akun dana senilai nya sengaja kepencet fitur langganan nyasaya mohon kembalikan uang sayasaya membutuhkan nya,1,18,positive
the best,5,0,neutral
akun ditangguhkan alasan pelanggaran sedikitpun kode verifikasi identitas dikirim alasan permintaan pertanggungjawaban linkedin memiliki customer service customer service berguna mengabaikan pesan dikirim,1,12,positive
the best,5,0,neutral
alimanten,4,0,neutral
mantap,3,5,positive
good application,5,5,positive
membantu,5,4,positive
aplikasi rampok gak iklas uang bayaran sekolah anak curi izin melakuan langganan tibatiba apk memotong saldo gak ridho gak iklas dunia akherat,1,-14,negative
top,5,5,positive
ga login akun login auto email google login suruh masuk aplikasi login aja ga,1,-8,negative
gak ngotak harga berlangganannya diatas sejuta,2,3,positive
membantu jobseeker,5,4,positive
keep it up,4,0,neutral
tes,1,0,neutral
sistem keamanan linkin berbahaya hack orang otp dikirim email diakses orang,1,-10,negative
aplikasih berbahaya,5,-4,negative
mantab,5,0,neutral
verivikasi kyc gak akses login haduh haduh ribet urusannya ngirim form gak tembus gak tau gimna bingung kirim pesan gmail blm tanggapan payah siasia verivikasi wajah ktp batasi akun pikirkan aplikasi ya kyc batasi percaya kataku ribet urusannya,1,2,positive
bantuan,1,0,neutral
ngak install ud berkali kali coba tp terkena bug,1,2,positive
jelek login gk sinyal bagus,1,-3,negative
perasaan download deh kagak dah,1,-6,negative
mudah mudahan cepat diterima aplikasi,5,6,positive
apk gajelas eror nya,1,-4,negative
politik membela masarakat,5,-1,negative
tip membatalkan p𝗶njaman uatas hubungi live chat wao alasan pembatalan siapkan data ktp ikuti langkahlangkah pembatalan instruksikan cs jam,5,1,positive
aplikasinya keren banget terhubung orang dunia batas,5,-1,negative
bagus koneksi dikurangi penggunaan kecepatan internetnya provider indonesia nggak kencang internet nya buka halaman persatu internet nya kencang susah klo gitu kitanya,5,16,positive
bug nya ga fix,1,0,neutral
apk nya berguna sistem eror daftar akun pokoknya berguna smaa,1,0,neutral
ga login udah berkalikali verifikasi ga ngapangapain akun dibatasi,1,0,neutral
udha berikn capca bnar aja salah,1,-3,negative
wartawan memiliki pengalaman media cetak siar digital,5,2,positive
un,1,0,neutral
very smart,5,0,neutral
akun gk diapa apain nonaktif hadeh kocak,1,-6,negative
jarang login akun login pake device dipersulit reset sandi ujungujungnya verifikasi identitas,4,0,neutral
jelek perangkat hilang log in akuj,4,-2,negative
okey,5,0,neutral
pakai link internet mudah cepat,4,7,positive
gak login salah sandi udh bener udh verifikasi sampe pake ktp aja salah gabisa login aplikasi gembel,1,-13,negative
semoga apl bagus kedepannya,5,2,positive
lemot banget linkedin malam,1,-5,negative
admin aplikasi linkedin memproses pembayaran pertanggung aplikasi pemesanan pembayaran saldo langsung ludas pemotongan aplikasi,1,-7,negative
sistem nya mohon diperbaiki terkena bug verifikasi kali kesalahan sistem login mohon tingkatkan sistem membaca tolong like komenan up dibaca linkedin,1,-6,negative
aplikasi yg membantu,5,0,neutral
bagus membantu orang mencari pekerjaan tolong lulusan sma,5,9,positive
knp akun dinonaktifkan bikin pelanggaran apapun tolong kembalikan akun,1,3,positive
apk buruk memiliki batass masuk akal,1,-8,negative
flexibel,5,0,neutral
keren maju smart,5,0,neutral
aplikasi menyenangkan informasi bermanfaat,5,7,positive
akun kebanyakan eror pdhl akun email tp tulisannya terdaftar kirim undangan connect orng tp gak masuk klo bintang ku kasih seperempat bintang,1,1,positive
fleksible,5,0,neutral
aplikasi bagus menunjang pekerjaan pastinya ngelinked inkan dg profesional,5,-2,negative
gimana nge refund pembelian langganan nya saldo kesedot tolong kembalikan saldo,5,11,positive
apk perbaikan kali akun tau penyebabnya,1,-1,negative
perbaikan pengaturan penempatan alatalat tulis pemisahan bentuk tulisan corp good luck repair,3,16,positive
good,5,5,positive
gajelass ngisi data maaf kesalahan linkedlntyd minimal benerin dlu apl kaya gini lulus play store,1,-2,negative
link titid problem tutup aja aplikasinya,1,-5,negative
kampung,5,0,neutral
memarik mebantu menghubungkan yg,4,0,neutral
sangatsangat ngebug log in,1,0,neutral
security check menyulitkan pengguna,2,2,positive
good job,5,5,positive
gagal upload pea,1,-4,negative
nya aja dongo pas login verifikasi kalo bot pas udah pas coba aja perbedaan tolong,3,12,positive
nice,5,4,positive
terbaik,5,5,positive
lolaaabug parah perbaiki minudah komplen,1,-5,negative
basam,5,0,neutral
membatalkan akun premium pembayaran otomatis potong saldo pemberitahuan refund uang yg terlanjur dipotong mohon infonya,1,5,positive
tolong verivikasi nya looo lakukan ketentuan gak macem platform aja sih terkenal kaga ribet iya janganjangan kau menipu verifikasi data,1,-3,negative
g dpt ap,1,0,neutral
susah cari kerja,1,-4,negative
bagus nyari info,4,-3,negative
pengalaman mengikuti praktek kerja lapangan salah pkspabrik kelapa sawit mekanik tyre salah pertambangan,5,2,positive
,5,0,neutral
bagus kendala,5,2,positive
akun coba,1,2,positive
lolos lolos seleksi alam lop,3,-6,negative
perusahaan swasta wajib data legal,1,-2,negative
petani,5,0,neutral
kerja market,5,2,positive
log in aja susah,1,-2,negative
daftar disuruh ngisi nomor hp udah ngisi kode verifikasi eh kodenya kirim kirim ganti nomor tetep aja gak dikirim pindah sms telfon tetep aja engga tolong bantu gimana udah sebulan nunggu kode verifikasi dapet udah berkali kali coba daftar tetep ajaa engga satupun kode verifikasi masuk,1,11,positive
tolong banget ya ga masukmasuk akun berharihari pencet tombol verify with persona muncul notif tulisan youve already submit a request gitugitu aja sampe ganti presiden lakukan kirim data permasalahan linkedin help website resmi ngedm akun x nya linkedin tindak tolong penyelesaiannya kasih bintang udah bener terimakasih,1,30,positive
log in ribet verifikasi stcuk memasukkan kode otp dibikin simple aja log in nya kalo ribet pastikan verifikasi nya berjalan,1,-4,negative
akun nonaktifkan urgent membuka akun,1,0,neutral
sengaja berlangganan aplikasi saldo potong mengajukan refund google harap refund saldo butuh uang bantu kerja nya boss,1,1,positive
aplikasi errornya,1,-4,negative
dhau hare foto ne hau hakfodak x hau hanoin kal avo nana haluhan los ami no familia nebe uluk luta mos ba avo nana nia poltika atu lori timor ba ukun ann tiu nando ho naran konhesido c loriku tasi mane chefe no cf ba organizasaun colimlau fzthau hnia maun alin sira nebe sira oz oraganizasaun colimau mak hanesan armando alias kipar tiu mantos alias sakunar no tiu martinu no sira seluk tan nebe hau la temin iha nee nia oin quaze hanesan ho avo xanana deit dala barak ema,4,3,positive
bagus responsif,5,2,positive
lumayan,5,1,positive
gak ngapa in akun linkedln dinonaktifkan mengganggu aktivitas linkedin,1,4,positive
linkedin buruk aman aman aja menggunakannya buka appnya keterangan data ikutin alur verifikasi persona gagal upload ulang coba kali akun hapus linkedin kesal butuhkan terbaik pengguna hapus app bintang app,1,-6,negative
baikbaik,5,0,neutral
pabrik kelapa sawit,5,0,neutral
ari fikri,2,0,neutral
akun dibatasin mulu,1,2,positive
mempermudah menghubungkan personal profesi,5,-3,negative
suruh tekan ya email dikirim gak apk apalah mempersulit login,3,3,positive
ok ok,4,8,positive
load very speed up,5,0,neutral
aplikasi membantu pencarian lowongan kerja pembuatan cv pemula,5,2,positive
proses pemulihan akun responsif mencoba menghubungi platform x responsif verifikasi data aplikasi kemajuan stick berbulan masuk akal sekelas organisasi linkedin lambat memproses aduan penggunanya akun cepat tanggapan responsif pemulihan akun rubah penilaian bintang,1,2,positive
aplikasi sih gak blokir mulu nyusahin bgt verif kodenya ga dikirim kirim nyusahin doang gak ngebantu,1,0,neutral
gak tolol apl ribet banget ajg pas bikin profile,1,-5,negative
daftar aja ribet verifikasi nomor telepon gagal,1,-6,negative
gajelas persona ga verif ga submit,1,0,neutral
bermanfaat,5,5,positive
udah ga cs dikit dikit akun dibatasi et dah capek banget gua nunggu buang,1,-11,negative
tolong balikin duit infokan biaya potonganmya rb ambil kalo tau potongan kek gini pake taiii balikin duit cepetttt hati hati pake app duit rek dana habis ambilnya,1,3,positive
eror udah daftar susah trus nya gk,2,-6,negative
tutup nonaktif akun ubah password akun mohon aplikasinya disempurnakan,1,0,neutral
kesalahan mulu anj,1,-3,negative
bosen kena batasan susah gabisa kayak apk ya batasannya ribet bgt ku hapus aja,1,-12,negative
sukses sukses linkedln,4,6,positive
linkedin tolong diperbaiki login ya hrus verifikasi ya kode dr emailno telp tidk hrs suru klik notifikasi pd akun yg sudh login krn tujuan nya login otomatis device trim,2,11,positive
aplikasi verifikasi identitas ktp indonesia ktp dokumen resmi dikeluarkan pemerintah paspor sulit nya negara indonesia dibilang masuk daftar harap pengguna hapus linkedin linkedin,1,-3,negative
bagus,5,2,positive
android icon menghilang,1,-3,negative
mengingatnya,1,0,neutral
login hp suruh konfirmasi hp hp gak ganti hp blas edan aplikasinya,1,1,positive
biaya langganan mahal,1,5,positive
im truly grateful for linkedin thank to this app i be able to connect with the right people and land my current job its more than just a professional networkits a place full of opportunities and support for career growth,5,8,positive
akun uda isi data besok nya akun nonaktifkan suruh selfie foto ktp tp akun bekukan fix aplikasi scam jual beli data transaksi ilegal,1,2,positive
tolong donk diperbaiki akun nya tp orang login akun sesi login ubah sandi ga tolong perbaiki,2,6,positive
menyenangkan,5,4,positive
knp ya linkedin disurh akun mulu padahl udh akun mlh gk alasannya akun dibtasipusing ya allah akun kaya gitu mulu,1,19,positive
woi reset password aja dipersulit tinggal kirim via email susahnya si notif lu aplikasi gak muncul woii,1,-2,negative
hello linkedin i hope that the very high level of privacy for each user be further improve by the way it work if we block the linkedin user account it will automatically block every link search engine and even all email on the device i really need it please improve it immediately thank,4,-5,negative
tibatiba force close aplikasi dibuka tolong perbaiki,3,-3,negative
bermanfaat,5,5,positive
perbaiki sistemnya orang lu block aja pilih kasih deh,1,-3,negative
gak jelass gimana gak udah kasih data udah masukin foto ktp selesai login eh masukin disuruh login login verifikasi ktp sampe verivikasi sampe keterangan mengirim permintaan silakan coba sampe terusan,1,5,positive
mohon diperbaiki akun login batasi,5,2,positive
aplikasi payah load bgt,1,-4,negative
tolong update aplikasi tolong fasilitas melaporkan akun tindak,3,4,positive
pt big,5,0,neutral
akun gw keblokir gw lupa uda gw login gbs skrng uda kerja jdi dah lupa keblokir gara intinya login ulang nya susah,1,-8,negative
udah persona berkali mencoba tetep nggak log in,1,1,positive
good job,5,5,positive
dibuka,1,0,neutral
pemula,4,0,neutral
aplikasi terhubung orang profesi berbeda berbagi pengalaman pengetahuan,5,0,neutral
sumber data bagus,5,-1,negative
tolong refund komfirmasi,1,3,positive
akun gabisa masuk gmail satunya udh kirim code gak masuk verifikasi tulisan nya udh dikirim,1,-2,negative
aplikasi buruk akun verifikasi langkahterus nonaktif ngga kode email terkait alhasil akun terkena hack,1,-21,negative
aplikasi connection orang ga notif,1,-4,negative
ok good job,5,9,positive
tolong perbaiki bug verifikasi persona reset password akun login notifikasi akun dinonaktifkanakun dibatasi menunggu minggu verifikasi persona diacc kirim national id drive license pusat bantuan kabar cs linkedin ditemukan orang indonesia mengalami ditanggapi menurunkan kepercayaan user keamanan kemudahan linkedin,1,11,positive
luarbiasa,5,0,neutral
memudahkan menjalin koneksi orang memiliki minat kerja,5,11,positive
sih ga bs masuk aplikasi mainteka teki ga bs login masuk akun tolong,1,-7,negative
bail,5,0,neutral
aplikasi pintar membantu pekejaan,5,0,neutral
aplikasi busuk memasukan kode sesuai aplikasi autentikasi keterangannya sesuai ampe akun block payah g,1,-14,negative
akun linkedin dibatasi akun akun dibatasi diverifikasi gak,1,0,neutral
kak mahasiswa kedapetan tugas fakultas kemaren coba masuk akun nya in senior ku gimana min udah susah susah loh buatnya nyari temen koneksi khianati usaha,3,-10,negative
login berhenti authencator masuk,1,-3,negative
pembibitan kelapa sawit lc tanaman sawit,4,0,neutral
hai min tolong kembalikan dana dana terpotong dana mencoba pengembalian dana coba tolong kembalikan berlangganan,1,26,positive
tibatiba berlangganan aplikasi refund menghubungi costumer service kemana uang,1,-1,negative
kali akun akun dinonaktifkan selesai masukin data besoknya gak login tolong diperbaiki,1,2,positive
akun login verifikasi mohon bantuannya,1,2,positive
gak login hp untung laptop,1,3,positive
semoga aplikasi bermanfaat penggunanya,4,1,positive
tolong kembalikan dana sayatolong bantuannya kkkarna memakainyadan dana terpotong otomotifsaya mengizinkan transaksi,1,15,positive
daftar dibikin susah ya jaringan stabil isi data sesuai masuk disuruh coba maksudnya,1,6,positive
pakai hp reset tp sulit masuk persona tetep verifikasi email nomer hp dilakuin masuk akun kasih bintang,1,-4,negative
gak sebenrnya berhak bintang cuman gak opsi gak bintang jele banget sistem nya gak manusiawisaya dah akun cuman bermasalah mimin nya tll bngt buatbuat aplikasi memudahkan orang tolong ya jgn memperlambat kerja orang tll,1,2,positive
pas daftar tulisannya maaf kesalahan silahkan coba deh,1,6,positive
aplikasi ga jls verifikasi cepat trs pdhl udh akun,1,-1,negative
kenapaaplikasi link dibukasaya kevewa denganpelayanan datrilinked,1,0,neutral
,5,0,neutral
aplikasi bagus membantu mencari pekerjaan,5,2,positive
bagus cari kerja semoga berkah pekerjaan kawan mencari kerja,5,7,positive
aplikasi taik ad transaksi otomatis ad langganan saldo dana langsung hilang,1,14,positive
error akun tibatiba ternonaktifkan login berkalikali bermasalah,1,-5,negative
gajelas gabisa masuk pas udh nyoba verif persona tpi gabisa,1,0,neutral
gk login stupid app,1,0,neutral
gatau alasan ga dibuka suruh login ulang pas udah login pesan akun dibatasi gabisa dibuka tolong nya,3,5,positive
membangun relasi luas aplikasi,5,2,positive
pengalaman terbaik mengenal kinerja,5,8,positive
semoga berkah,4,4,positive
nyari kerjaan akun non aktifkan apasi,2,-3,negative
menyambung koneksi akun orang pendingnya tolong optimalkan,1,5,positive
bagus bermanfaat,5,7,positive
cobasemoga bagus yaa,4,2,positive
parah nih gak banget deh akun scan wajah ktp pas login login akun tetep engga mohon data dipakai ya terima kasih,1,6,positive
good inspiratif,5,5,positive
mantap bro,5,5,positive
mempersulit,1,0,neutral
hello i would like to ask for a response from linkedin i be request assistance regard my account i have contact you via email facebook and x but there have be no response,5,2,positive
sanget membantu cari kerjaan,5,3,positive
bravo,5,0,neutral
tolong diperbaiki bug aplikasi nya akun mingguan beres isi data akun udh dipake buka aplikasinya akunnya gabisa dibuka alasannya akun dinonaktifkan akun dibatasi udh verifikasi identitas persona diproses sampe akunnya isi persona tulisannya edit alhamdulillah akunnya udh,5,9,positive
gajelas kesalahan akun,1,-5,negative
akun gak dibuka lapor ntah kemana,1,2,positive
menutup akun tolong apk konfirmasikan,3,3,positive
ngestuck captcha,1,0,neutral
aplikasi nya aja ga download ko tagihan kirain aja yg ngerasa aneh ga berlangganan pas baca ulasan yg parah,1,6,positive
aplikasi link meningkat bagus,5,-2,negative
kaga masukmasuk,1,0,neutral
tolong jgn tbtb batasi sehari bikin besokannya udah gt,1,3,positive
kocakkk bangett akun nonaktifkanpadahal ga apapunkocak nih apk asli hadehhhhhh,1,0,neutral
kena hack tanggal agustus aplikasi sepenting kena hack mudahnya lakukan verifikasi data ktp sim prosesnya mesti nunggu kalo dipake linkedin data,1,-30,negative
bagus,5,2,positive
semoga bermanfaat,5,5,positive
barusan akun berubah nama foto pengalaman instansi pendidikan orang lainpadahal pertemanandm dimilik akun sayabug jeleknya privacy aplikasinya dibenerin tolong,2,5,positive
menjalin mitra kerja membuka peluang bisnis usaha share informasi komunitas benua,5,12,positive
aplikasi yg berguna ya ges ya mencari lowongan pekerjaan bray the best la pkoknya linkedln hehe,5,9,positive
mantap sesuai,5,8,positive
prove and fluent for professional at its community,5,0,neutral
payah daftar verifikasi capchat mulu udah berhasil ga rekomended bgt ni apk,1,6,positive
aplikasi rusak login ulang kecewa aplikasi,1,-5,negative
gak akun tolong dibenerin berhenti verifikasi kode captcha berulang kali coba gak,1,2,positive
bagus be,5,2,positive
akun percobaan gratis kemarin pembayaran sepengetahuan mohon dikembalikn karna gk niatan langganan premium tks,1,12,positive
dapetnya iklan kerjaan,1,2,positive
ya allah tolong kembalikan uang ketarik otomatis akun dana senilai sengaja kepencet berlangganan tolong kembalikan uang membutuhkannya,1,20,positive
aplikasi yg bagus,5,-2,negative
bagus portofolio,5,4,positive
kebanyakan verifikasi,1,2,positive
akun dilog out dr perangkat konfirmasi pas log in ribet ngirim kode konfirmasi akhiran nomor tp nomor dg akhiran email passwordnya udah pake kirim nomor rumit,1,-1,negative
jujur pengalaman dengana app sungguh aneh dimana verifikasi becus remind account jelek kendala buruknya pembuatan account,1,10,positive
validitasnya data dipercaya,4,-3,negative
great link,5,3,positive
semoga pekerjaan platform,5,3,positive
platform bonafid,5,0,neutral
ga apk nya nomor aktif ga login udah coba pake nomor tetep ga ga banget apk nya,1,5,positive
akun ban alasan,1,0,neutral
fitur bagus,5,2,positive
gk login bikin akun aja error mulu,1,-2,negative
pencari relasi,5,3,positive
,5,0,neutral
aplikasi kadang lambat loding membukanya gangguan jaringan eror aman bermanfaat,5,4,positive
pro,5,0,neutral
akun d akses muncul notifikasi kode pin email aman,1,0,neutral
tolong kembalikan uang dana kesedot senilai juta aplikasi ovo telusuri transaksi link in tolong iktikad baiknya min kembalikan,1,15,positive
mantap,5,5,positive
login ajh gagal udah verifikasi data disuruh login giliran diklik tombol login layar putih ajh diclose aplikasi coba login gagal kesalahan kocakk,1,-21,negative
jujur kecewa aplikasi aplikasi uang dana hilang fitur berlangganan berlangganan tibatiba saldo hilang dana ribu mengajukan pengembalian dana respon tolong kembalikan uang jujur kecewa,1,29,positive
tolong refund langganan min ga berlangganan,1,9,positive
relasi,5,3,positive
istimewa,5,0,neutral
kecewa linkedln dikit dikit muncul berlangganan chat penggunaan premium berlangganan chat orang tolonglah ga berbayar,1,3,positive
pintar aplikasi loh ka sunguh an masuk akal nyata kecangihan aplikasi internasional gini ya ka orang organisasi gitu serius loh nyata koq hilang ya nyata kaka binggung koq udah ketemu organisasi apk cangih nya tanyai in koneksi orang cangih eh orang hebat gitu,5,16,positive
bismillahirrahmanirrahim kerja,5,2,positive
terbaik terpercaya,5,5,positive
assalamualaikum selamat siang mohon kembalikan uang lupa me non aktifkan pembelian langganan rb tolong kembalikan uang memiliki uang uang bertahan,3,22,positive
aplikasi tayi,1,-4,negative
keren,5,0,neutral
ngga dibuka aplikasi linkedin nya,3,-6,negative
error nggak login,1,-4,negative
nice and full of knowledge,5,4,positive
bad apk gabisa login kocak,1,-6,negative
your linkedin system be incredibly frustrate for users all three of my linkedin account from the first to the third have be restrict and im have great difficulty log into my own account its illogical to have an account restrict just one day after create it and youre force me to complete persona verification ive already do it but i still cant log in and i desperately need access for work,1,3,positive
apasi gabisa login anj bikin akun gabisa,1,-3,negative
mengalami kerusakan,2,3,positive
akun bikin harian kena penonaktifan ga yg mencurigakan alasan aplikasi sangan buruk,1,-12,negative
tolong verivikasi nya tambahin kartu identitas ngga orang paspor tolong banget tolong ya memverifikasi akun aja susah,5,10,positive
pembatasan akun pelanggaran apapun,1,0,neutral
disuruh verifikasi dowload linkedin handphone pesan lol your linkedin network will be back soon weve notify our operations staff that you be have a problem reach linkedin well get you reconnected soon kendala haha,2,-4,negative
nyoba masuk trs tpi lanjutberikutnya gk jaringan bagus bermasalah,1,2,positive
buka akun mencoba log in informasi akun dinonaktifkan melanggar ketentuan berlaku mencoba log in web mencoba system identifikasi persona buruk proses indentifikasi seolaholah kartu id negara terdeteksi persona pengalaman buruk penggunaan aplikasi berbasis pekerjaan seumur hidup,1,-5,negative
mencoba langganan gratis linkedin tbtb terpotong otomatis berlangganan premium mengajukan refund menerima email sesuai ketentuan mohon bantuannya,1,20,positive
halo tim link in mengajukan keluhan terkait pemotongan saldo rp akun google play langganan linkedin premium menyetujui sadar jarang aplikasi linkedin,3,-3,negative
pemeriksaannya ribet,1,-4,negative
masuk akun,1,-3,negative
mantap semoga berhasil,5,8,positive
log in,1,0,neutral
oke,3,2,positive
uang tarik rb langganan langganan mohon bantuannya uang nominal nya lumayan,1,13,positive
daftar ngak ya tolong,1,8,positive
now we have enter the era of ai agi and ai asi i hope linkedln continue to improve and increase its capabilities to become a super ai a super ai that can do anything that exceed humans an ai that can improve and repair itself an ai that can analyze and structure document accurately and in detail to make train on itself or the output that will be produce an ai that can be fully integrate into the entire system an ai that can be fully integrate into humanoid robots,5,8,positive
gak masuk gak daftar udah milih verifikasi gak masuk aneh banget sih aplikasi,1,-6,negative
akun,5,0,neutral
tunggu sebentar,5,-1,negative
bug,1,0,neutral
akun aksesketika mengajukan keluhan respon lambat berminggu,1,0,neutral
aplikasi nya ga buka,1,-1,negative
membantu sekedar informasi kerja wawasan memperkaya disiplin ilmu bidang yg ditekuni,5,15,positive
aplikasi login susah,1,-7,negative
semoga informasi d,5,2,positive
login akun berhenti verifikasi identitas persona mengirimkan permintaan silakan coba seminggu perkembangan tolong bantuannya hubungi dukungan linkedin gak login ayo lahhhh,1,16,positive
its a very helpfull app,5,0,neutral
gak login udh isi kode verifikasi halaman login udh x gtu btw,1,-1,negative
akun ga buka udh masukin data eh ga livechat ga email aplikasi ga aplikasi ga urus ya,1,-4,negative
bgus,5,0,neutral
manajemen linkedin ngak peduli penggunanyasaya login pc akun dibandsaya ajukan pengaktifan udh sebulan ngak dikasih solusiya mohon maaf apk hapus linkedin silahkan hapus akun yangk ush dibatasi silahkan dihapus,1,10,positive
captcha nya perbaiki udah verifikasi selesai disuruh ngulang puluhan kali gak masuk akun,1,-3,negative
terbantu nya aplikasi,5,-4,negative
ah susah,1,-3,negative
bagus membantu,5,6,positive
bermanfaat mencari lowongan kerja negeri,5,4,positive
thank you for give me the opportunity to participate good luck to the team and the project,5,14,positive
llinkedln bagus utk menjaring kolega pertemanan informasi terkait perkembangan perusahaan indonesia reach,5,6,positive
akun konek orang ban diangggap bot app gajelas,1,-2,negative
gabisa masuukkkkk,1,0,neutral
login keakun berusaha email sandi ganti device solusinya admin aplikasi update bagus bobrok,1,2,positive
kesalahan trs stp daftar,1,-4,negative
aplikasi rusak,1,-1,negative
jelek eror lemot aplikasi berguna berguna,1,-8,negative
mantap boss q,5,5,positive
akun lingked id pembelian apapun apk kemarin terpotong saldo dana apk sepengetahuan pengembalian saldo dana respon apk mohon kawan kawan bantu viralkan biar gak korban,1,13,positive
apk cacat susah login perangkat mobile,1,-8,negative
hp install ulang setelan pabrik akun kesangkut ga login hp,5,0,neutral
bagus menarik aplikasinya,5,6,positive
ok tank you,5,4,positive
sulit mendaftar,1,0,neutral
application that use to extend knowledge and network,5,0,neutral
aplikasi bagus,5,-2,negative
be good,5,5,positive
good,4,5,positive
akun kena disable x ngapa in disuruh scan id ktp ga detect apalah coba pas nyoba disable akunnya kocak,1,-4,negative
aneh link in makan memori update dibuka,1,5,positive
mengulang masuk kedalam akun login google diarahkan manual email passwordpun ttp hasilnya pdhl sesuai kode verifikasinya,1,-3,negative
good,5,5,positive
ditambah menu arsip foto video,5,-2,negative
haduh eror mulu ya uda versi terbaru,3,6,positive
lumayan,5,1,positive
aplikasi,5,-4,negative
senang nambah wawasan,5,5,positive
membantuterima kasih,5,2,positive
membantu menjalin kerjasama,5,7,positive
sih login aja susah,1,-2,negative
sempurna,5,3,positive
login susah,1,-3,negative
rusak ya applikasinya,1,7,positive
aneh ga konek anjir,1,5,positive
kenala gabisa masuk akun gabisa follow akun gabisa cari akun,1,-6,negative
masuk aplikasi nya ribet donglod ngabisin data aja ngak berguna,1,-8,negative
gak login tolong tangani,2,3,positive
mantap informatif kerajaan,4,2,positive
masyaallah terima kasih bantuan informasinya semoga terbantu perantara aplikasi linkedin semoga pendiri aplikasi yg manajemen karyawannya sihat jasmani rohani rezeqynya tercukupkan aamiiiin,5,-6,negative
semoga pekerjaan apps,4,3,positive
bermanfaat dunia,5,6,positive
aplikasi koncet minus udh ngisi captcha bener respon kode valid diisi koncet minus mend stop ajh aplikasinya,1,-5,negative
okeee sekaliiii,5,0,neutral
suka,5,3,positive
,5,0,neutral
aplikasi gajelas cok nyoba suruh pilih gambar gada bener,1,-3,negative
developer memohon pengguna android memakai aplikasi kompatibel pikir hp nya memakai android indonesia semoga copy lihat,5,1,positive
ga login berulangkali mencoba tp msh ga,1,0,neutral
aplikasi apresiasi loginnya menonaktifkan akun akun itupun terkena nonaktifkan onar halhal melanggar aturan linkedin setalah akun tibatiba nonaktifkan tolong kasih akun nonaktifkan pingin aplikasinya user nyaman aman,1,-3,negative
alhamdulillahterbaik,5,0,neutral
,5,0,neutral
aplikasi aneh saldo tibatiba hilang notifikasi apapun sedot,1,5,positive
i get lock out of my account and can not contact support please help me regain access,1,1,positive
login,1,0,neutral
ngak daftar ngak login ikuti langkah yg d suruh capta nya ngak ngotak bikin emosi,1,6,positive
ribet,1,-4,negative
amaze,5,0,neutral
kesini ancurrrr,1,0,neutral
masuk apk login ulang verif nya,1,-3,negative
linkedin be the best,5,0,neutral
hello please take action to repair your application i cant log in very very poor application,1,-5,negative
login susah,1,-3,negative
aplikasi cacat hp ku kena reset pas coba login ulang linkedin suruh acc perangkat perangkat hp ku gada opsi login cacat banget sistemnya,1,-13,negative
bermanfaat,5,5,positive
aplikasi nga verifikasi bolak nama orang kali,1,-4,negative
aplikasi gak login verifikasi wajah ktp dll login udah kek daftar akun daftar akun masuk aplikasi,1,-9,negative
mantap abis,5,6,positive
login nya nyusahin banget freak,1,1,positive
keren banget,5,1,positive
aplikasi y mengerti,1,-2,negative
nyoba akun pemeriksaan keamanan respons kode nocaptcha valid diisi pdhl udh bnr dianggap salah mulu,1,-2,negative
,5,0,neutral
verifikasi linkedin yaa email penuh verifikasi gagal linkedin error tolong diperbaiki,1,-6,negative
aplikasi ga kaya masak login trs relog hp lockout direkomendasikan pencari kerja,1,2,positive
bikin akun besok nya udah nonaktifkan solusi kahhh udah kali kayak gini akun porto hilang gara akun tibatiba gitu udah nonaktifkan,2,-1,negative
akses akun linkedin setahun dibuka verifikasi pakai persona coba kali dilaporkan linkedin error benarbenar mengecewakan,1,-4,negative
burik download karna cuman penuhmemori,1,0,neutral
aplikasinya bagus cmn tombol lamarapply kerjaan eror ya,4,4,positive
nice application,5,4,positive
mantap bermanfaat,5,10,positive
informatif membantu mencari lowongan pekerjaan pengetahuan dunia pekerjaan,5,12,positive
smpai linkedin kerja but i like aplikasinya,5,3,positive
halo kemarin lupa matiin berlangganan premium business linkedin uang diambil terusin langganan butuh banget uangnya refundnya gimana ya mohon bantuannya banget uangnya refund langsung email masuk bilang sesuai ketentuan gimana yaa tolong bantuannya,1,17,positive
kbanyakan kesalahn,1,0,neutral
good and professional aplication,5,5,positive
membantu thank,5,8,positive
aplikasi anjmau login aja dipersulitapalagi nyari kerja,1,-3,negative
membantu yg lg mencari lowongan pekerjaan,5,4,positive
aplikasi buruk pengguna mengisi data tekateki keterangannya salah udah sampe metode suarapun tetep anggap salah,1,-22,negative
app yg dampak positip dlm hidup,5,-1,negative
great,5,3,positive
lihat fiturnya,4,3,positive
mantap,5,5,positive
coba masuk akun apk pakai notif kode angka masuk masuk yah,3,-10,negative
link in be the best platform,5,0,neutral
akun batasi verifikasi id orang ni apk gak dipake,1,0,neutral
good job,5,5,positive
sih capca muluu uda ulang aja terusss,1,1,positive
apl susah log in email pasword otomatis masuk,1,-3,negative
ribet taikk udah login suruh login masuk nya kek pinjol aja,1,-8,negative
aplikasinya membantu login akun berhenti tahap verifikasi identitas sungguh aneh call center dihubungi aplikasi website logikanya menghubungi call center login kendalanya login proses verifikasi tolong perbaiki sistem verifikasinya terlanjur berlangganan premium,1,14,positive
badbadbad very bad,1,-4,negative
memuaskan,5,5,positive
bermasalah ga login,1,0,neutral
bagus koneksi nya,5,4,positive
hadehh,1,0,neutral
aplikasi bagus bermnfaat informasi seputar dunia kerja,5,3,positive
biar rat berbicara,1,-2,negative
keren tolong free trial premieum,5,6,positive
bagus suka pakai aplikasi memperkenalkan dunia karir miripmirip sosial media blh memposting aktivitas pengalaman penghargaan yg dicapai blh lowongan kerja buka terima kasih linkedin,5,21,positive
beware for user linkedin user i get hack and can not change my password when try to reset my password the otp be send by anson notif not from linkedin itself weak security compromise user information and professional connection how in the hell when i request for otp it come from third party ansontech,1,-4,negative
linkedin bagus value hadapan hrd verifikasi wajib id passport menyusahkan pengguna memiliki passport,3,5,positive
aneh login aja tampilan verifikasi email password,1,6,positive
tolong apk nya perbaiki cari loker ribet verivikasi robot udah gitu nge stick,1,-4,negative
ga register tolong diperbaiki,5,3,positive
gk login nomer hp keganti ntah nomer sandi salah pengen upgrade keamanan ngerusak,1,-1,negative
apk kaga login aja susah bgd verifikasi kaga,1,-2,negative
semoga didalam koneksi linkedln,5,2,positive
busuk nya daftar doang ko silahkan coba coba apk kocak,1,2,positive
macet gak kesalahan gak keterangannya gak tau salah,1,-13,negative
membantu,5,4,positive
,5,0,neutral
aplikasi sulit pakai ya bolakbalik log out aplikasinya verifikasi mulu tolong diperbaiki,1,5,positive
mantap,4,5,positive
great,5,3,positive
mengapresiasi keberadaan aplikasi manfaat penggunanya mengalami kendala terkait akun tibatiba diakses membangun profil lengkap dalamnya mohon sistem verifikasi akun ditingkatkan keandalannya membantu akun masuk log in perangkat otomatis log out kali aplikasi,3,1,positive
gjlas ni apk ngestuck caotcha ga selesai,1,2,positive
seneng banget untung linkedin,5,9,positive
aplikasi aneh udah kali verifikasi akun error mulu,1,-3,negative
aplikasinya gk gk login nomor nya bermasalah nomor hp ku cantum kemana ajah hadeh aplikasi canggih,1,-4,negative
amaze,5,0,neutral
nyaman dipakai anggota info berbobot,5,0,neutral
tibatiba akun diblokir verifikasi identitas mengunggah foto ktp sim paspor diunggah gagal,1,-1,negative
terimakasih,5,5,positive
account have be restrict for a long time no response whatsoever my linkedin account have be restrict and can not be verify at the moment please help me resolve this issue,1,-1,negative
daftar ya alamat email password sinyal bagus bagus aja,1,10,positive
nice aplikasi,5,0,neutral
tampilan aplikasi buruk futuristik,3,-8,negative
login,1,0,neutral
jelek bgt ga ngapa in akun ilang tibatiba kocak,1,-12,negative
papaku download berguna jelekkk,1,5,positive
buruk x akun linkedin stick verifikasi keamanan apaapa tibatiba akun hilang tolong perbaiki proses verifikasi diharuskan paspor memiliki paspor tolong dipertimbangkan lihat orang mengalami,1,11,positive
buruk log in nge stick giliran verifikasi data sesuai data udah sesuai pembuatan akun,1,-2,negative
emng gak login gak akun,1,0,neutral
capchanya jelek banget cok ngga diisi,1,-6,negative
plis saldo kesedot gara gara langganan plis bantuin min,4,1,positive
aplikasi berguna,5,1,positive
dunia pebisnis pencari loker aplikasi bermanfaat aktivitas manusia kepentingan aja,5,11,positive
mantap,5,5,positive
berbulan akun login nonaktifkan mengembalikan akun akun kali verivikasi captcha verivikasi data install ulang hapus cache dicoba aplikasi linkedin buruk customer service langsung cobacoba menonaktifkan akun menonaktifkan,1,-10,negative
daftat akun tangguhkan nonaktifkan gabisa buka kocak linkedin,1,1,positive
bak,5,0,neutral
bagusan indeed glint jobstreet hatihati pengguna linkedin akunmu pembatasan kesalahan penyebabnya akun ditutup kehilangannya,1,-2,negative
,5,0,neutral
,5,0,neutral
wehhh kirim no hp pendaftaran apk no hp gw lngsung kesebar alhasil spam telponn gimana sih iniii bahaya banget,1,-2,negative
pekerjaan linkedin terimakasih,5,8,positive
bermanfaat,5,5,positive
simpel penggunaannya,5,3,positive
recomended for job seeker,5,0,neutral
mantaplah,5,0,neutral
in bikin akun ga bs,1,0,neutral
suka platform linkedln orang hebat bnyak share pengalaman dunia kerja berbagi inspirasi linkedln menemukan teman,5,9,positive
uang ambil udah ga premium ga pake aplikasi,1,-7,negative
haloooo seminggu stick pemeriksaan keamanan bolakbalik mulu udah bener pilih gambarnya,1,3,positive
semoga bagus,4,2,positive
mantapppp,5,0,neutral
teman teman bermasalah silahkan dm twitter akun linkedin help ikuti instruksinya responsif harian akun milikku diakses,5,5,positive
sippp bos,5,3,positive
kesalahan login,1,-5,negative
,4,0,neutral
hurang hire hurang hire direspon kagakk,1,0,neutral
kendala re login karna reset smartphone dihubungkan perangkat terkait device,1,-2,negative
bhsy,5,0,neutral
login dipersulit daftar dipersulit gimana coba,1,3,positive
login mari lakukan pemeriksaan keamanan cepat pengguna tolol gimana aplikasi tolol,1,-6,negative
thank you for share great opportunity,5,7,positive
aplikasi nya ya gabisa log in pakai akun putus asa bikin akun setelahnya log in pas log in keterangannya butuh verifikasi terusan gabisa masuk masuk stick verifikasi aja gapernah log in bikin akun tolong diperbaiki ya karna komplain,1,3,positive
gabisa dibuka stick login,1,0,neutral
aplikasi tolol dinonaktifkan diaktifkan foto pegang ktp data luh apk pinjol kah,1,-11,negative
orang main game login ulang nya kek,1,4,positive
ribet bgt timbang masuk akun doang smua org byk cmn ngurusin persyaratan login gajelas kek gtu apl sialan,1,-9,negative
dukungan online,5,4,positive
jelek,2,-5,negative
great place to share and socialize,5,3,positive
lu ngirim cv apapun aplikasi manapun aja gak nyangkut lamaran lu not recomended ordal,1,-3,negative
sosmed yg bagus elegance,5,2,positive
login aja dibikin muter muter ribet udh gitu pas berhasil error,1,-2,negative
bagus pencari kerja,5,4,positive
tks trrhubung kolega n family,4,0,neutral
update siih updatenya jelek bnget siih,1,-5,negative
normal,5,1,positive
stick verifikasi keamanan kode pesan developer tolong diperbaiki mengecewakan apk,1,-1,negative
dicoba,5,2,positive
gak masuk gak daftar bug nya pas halaman teka teki captcha,1,1,positive
aplikasi stick ga login verifikasi berulangkali ga job project hancur gara gara aplikasi,1,-16,negative
linkedin udah seminggu aplikasi gak buka eror sistem nya gimana,3,-9,negative
aplikasi ga buka udah nunggu load login pakai wifi lancar pas login kebanyakan tulisan maaf kesalahan silahkan coba udah emang gila developer aplikasi ga,1,10,positive
aplikasi x batasi alasan mengunjungi akun akun verifikasi data verifikasi batasi aplikasi ga mutu,1,-8,negative
nice all,5,4,positive
perbarui mao,5,0,neutral
peternak bebek petelur lokasi metro lampung menambah relasi yh berhubungan usaha turunanya linkedin,5,7,positive
login gagal mulu capta nya gajelas,1,-2,negative
aplikasi burukkkk gabisa login pake no hp menyusahkan pengguna,1,1,positive
terima kasih layanan customer developer link mendengar keluhan memperbaiki bug yg alami terima kasih pelayanannya puas pelayanan yg g kepikiran g login akun linkedin,5,11,positive
okey terimakasih aktifasi akun nya,5,5,positive
ga masuk kode captcha diisi udah gua isi,1,-7,negative
lemot bgt apk nya,1,-5,negative
thank you for your service i can log in again to my account due to restriction by month behind your team very responsive,5,5,positive
bagus mempermudah mencari loker,5,-4,negative
gk berguna,1,5,positive
tolong sebulan login alasan verifikasi keamanan verifikasi mengupload identitas disuruh menunggu jam sebulan tindak lanjutan,1,-2,negative
login,1,0,neutral
mengalami,2,3,positive
makasih dukungan salam persahabatan,5,12,positive
gila login aja susah nya ampun verifikasi nya,1,2,positive
tibatiba terlogout login stick halaman mari lakukan pemeriksaan keamanan cepat captcha verifikasi persona kejelasan linkedin tolong cepat diperbaiki,1,14,positive
mantap informasi akurat,5,7,positive
jejaringnya luas bnyk manfaat,5,8,positive
knp ga login akun ku yaa cmn muterr masihh tetep ga bisaa udh bln lebihh,1,0,neutral
hhhhhmmm post ngga udah update parah,1,-7,negative
gabisa login akun stick halaman mari lakukan pemeriksaan keamanan cepat disitu situ aja mulu udah refresh tetep aja,1,13,positive
busukkk gak login,1,0,neutral
jujur ribet bgt loker ga yg lolos aneh bgt,1,0,neutral
aplikasi jelek gabisa login pemeriksaan keamanan gak kelar kelar reset akun disuruh login login pemeriksaan keamanan gitu aja,1,-4,negative
,1,0,neutral
sign up buffer coba semalam buffer,1,2,positive
hati hati berlangganan premium linkedin walletnya teratut linkedin saldo terpotong otomatis pemberitahuan persetujuan dikembalikan saldonya,1,7,positive
gabisa login banget proses mari pemeriksaan keamanan cepat ya,2,13,positive
aplikasi stick pemeriksaan keamanan cepat masuk bug diperbaiki,1,-4,negative
aplikasi jelek login aja ga stick mari periksa keamanan mulu akun,2,-7,negative
terkoneksi profesional penjuru dunia,5,1,positive
mentok diperiksa keamanan udah nyoba diweb macem macem browser jg aja tolong fix problem nya,1,-9,negative
aplikasi membantu,5,0,neutral
berbulanbulan aplikasi linkedin dibuka load force close stick layar coba update hapus cache uninstall install ulang berkalikali perubahan mohon perbaikan secepatnya mengganggu aktivitas pencarian kerja profesional peluang notifikasi terlewat aplikasi diakses mengecewakan platform,1,5,positive
udah bikin account kali tetep suka nge stick verifikasi ga apain malas pakai app linkedin,1,-1,negative
aplikasi bermasalah periksa keamanan cepat gaa cepat cepatnya berulang kali coba login hasilnya aja gajelas buang buang,2,-6,negative
pakai aplikasi ponsel mengalami kerusakan diakses masuk aplikasi ponsel login yg masuk konfirmasi ponsel yg rusak,4,-5,negative
great,5,3,positive
bpkibu terhormat mengunduh aplikasi linkedin pendaftaran eror tolak dapatkah membantu perihal dapatkah solusi berhasil pendaftaran terima kasih,1,8,positive
buruk bgt gimana apk nya tolong udh seminggu ga kebuka stick pemeriksaan keamanan seminggu nyoba login mutar smpe aplikasi tolong perbaiki,1,-3,negative
linkedln daftar mutermuter keamanan udah coba kali gitu stick keamanan ajaa tolong perbaiki yaa,1,6,positive
keren,5,0,neutral
loadinh instal,1,0,neutral
login muter susah daftar ribet sistem ga kode ga muncul,1,-12,negative
ngelamar puluhan perusahaan gada tuh satupun yg ngerespon lowongan pajangan gada isinya,1,3,positive
saldo gue dipotong rb konfirmasi emang aplikasi tolol,1,-4,negative
linkedin jd pilihan,5,5,positive
aplikasi tololudah gue ikuti prosedur nya msak gk,1,-8,negative
juni login stick pemeriksaan keamanan,3,0,neutral
,5,0,neutral
membantu info loker,5,1,positive
why cant i download this app,1,-2,negative
relasi rejeki,5,7,positive
load,1,0,neutral
aplikasi login email akun kena pembatasan notifikasi ajukan verifikasi ktp nunggu pakai email verifikasi lebaran kucing gak muncul halamannya sabar coba bagus buruk,1,-1,negative
lakukan pemeriksaan keamanan cepat sampe dah setahun gak selesai selesai,1,4,positive
ga dibuka link parah,1,-5,negative
error mulu sii,1,-3,negative
tolong developer diperbaiki login metode lupa password stick pemeriksaan keamanan cepat cuman fitur premium aja dipromosiin dn harganya ga ngotak giliran kek gini ngaret,1,8,positive
downloadmau log in pemeriksaan keamanan cepat diulang kali tetep aja,1,4,positive
,5,0,neutral
bermanfaat berinteraksi,5,5,positive
susah masuk hapus aja aplikasinya bos,1,-5,negative
akun gw gabisa akses stick load kck,1,2,positive
berfungsi buruk,1,-5,negative
aplikasi burik,1,-4,negative
verifikasi aja persulit nomor udh beli kartu gabisa,1,3,positive
nice app,5,4,positive
muter muter pemeriksaan keamanan udah minggu aja login,1,1,positive
bagusservisnya,5,0,neutral
wow puas,5,3,positive
cobalah,1,0,neutral
aplikasi error buka aplikasi disuruh login stack pemeriksaan cepat,1,-9,negative
gak ba bi bu ngasih rat alasan mari pemeriksaan cepat ujungujungnya halaman ditemukan perbaiki naikkan ratingnya,1,11,positive
great job,5,3,positive
why cant i log in again even though i have enter the password and the correct address always end in the security department quickly this doesnt make sense please quickly fix it immediately,1,-5,negative
lolaaa bgt aplikasinya,1,0,neutral
verifikasi akunnya bermasalah paspor ktp tolong diperbaiki ktp ga paspor terimakasih,1,8,positive
ancur pemeriksaan bot,1,-2,negative
eror ga susah bikin akunnya eror mulu aneh udah coba berkali kali,1,-3,negative
apk buruk pdhl udh update udh regist trs pas login stick pemeriksaan keamanan udah bantuan email ga respons gj sii apk ngalamin kayak ga,1,-2,negative
gimana ya daftar susahnya pemeriksaan kemaanan,1,2,positive
ga bikin akun lekk,1,0,neutral
bagus jaringan pertemanan,5,5,positive
login akun install apk masuk web msh nyaman aman pc mobile web stlh install apk mlh gbs login sm skli tolong diperbaiki menyesal download apknya,1,3,positive
sosial media kelasse lulusan sarjana lulusan d lulusan perguruan,5,4,positive
apk login loding,1,0,neutral
bug stak pemeriksaan tolol,1,-5,negative
knp lakukan pemeriksaan keamanan kalo buka apk perbaiki,1,3,positive
can not login,1,0,neutral
aplikasi gak daftar aja susah banget gak niat bikin aplikasi kayanya,1,-10,negative
tolong diperbaiki aplikasi profesional mencari kerja tolong perbaiki load akun akun log in,1,1,positive
login stick,1,0,neutral
aplikasi bagus akurat terpercaya maaf terjemahannya indonesia gitu biar gampang baca ga terjemahkin terima kasih,4,12,positive
ga login,1,0,neutral
aplikasi yg bagus menambah network,5,1,positive
bukak daftar,1,1,positive
login lemot,1,-5,negative
algoritma alami pertahankan afiliat denga ai jaringan memiliki emosional kemanusiaan nya terima kasih,5,5,positive
buruk,1,-5,negative
loadingnya lamaaa,1,0,neutral
sumpah bingung banget si udah akun nyoba login ngebug mulu ni aplikasi kecewa,1,2,positive
gajelas gabisa dibuka,1,0,neutral
aplikasi kont kaga masuk,1,-7,negative
kwkw apk downloadpas login pas keamanan dah muter muter mulu gak recommend,1,2,positive
kesempatan,5,0,neutral
ribet bet anj gak kayak jobstreet,1,-7,negative
kebanyakan login error,1,-3,negative
susah loginapk nya berat masuk login,1,-6,negative
bug daftarini login doang ga,1,1,positive
tolong tambahkan fitur kirim file dm smartphone memudahkan laptop komputer,4,9,positive
login gk bug yaampun,2,0,neutral
aplikasi gajelas,1,-4,negative
ga masuk,1,-3,negative
membantu aqu bintangnya,3,4,positive
bermanfaat,5,5,positive
gk instal,4,0,neutral
apk maling uang,1,0,neutral
woiii akun hilang stick pemeriksaan keamanan gimana sih developer nya ayo perbaiki kembalikan akun nya,1,7,positive
payah gak,1,0,neutral
aplikasi error ko muncul bawaan hp ga d buka bug nya bikin kacaw muterrr doang,1,-1,negative
lelet bgt apk nya,3,0,neutral
apasih kagak login melulu,1,-10,negative
kesini parah dasar pemerintah kagak dipercaya linkein ngaco kaya jobfair cuman pelipur hati doang cuman omon i can not upload my new cv pdf even the app get update still the botton doesnt work i can not renew my pdf cv many time and also i can not renew my profile in your app please fix this problems thank you,1,-2,negative
login stick verifikasi bot,1,-2,negative
apk bagus,5,2,positive
login ga banget load nya sampe bikin akun plisss bantu ga login laptop hp,2,4,positive
akun batasi alasan aneh kecewa verifikasi identitas kemdian batasi buruk,1,-1,negative
bug hp vivo y terclose detik,1,0,neutral
lelet yaa app aman aman aja susah banget login macem,1,-3,negative
gabisa login sinyal udah bagus,2,2,positive
upload kartu identitas persona verifikasi data kunjung masuk login sungguh disayangkan,1,1,positive
aplikasi nya lemot,3,-9,negative
good jobb,5,5,positive
mohon diperbaiki dibagian mari pemeriksaan keamanan cepat udh nungguin cuman muter gabisa login,1,10,positive
gbsa andalkan daftar aja gbsa load doang ribet bgtt,1,-1,negative
aplikasi buruk yg sy pakai login aj susah bgd ampun gk maintenance developer nya very very bad app,1,-15,negative
gerat,5,0,neutral
kesulitan login buffer pemeriksaan cepat kunjung selesai,2,3,positive
login nya,1,0,neutral
greats,5,0,neutral
trash app many members have make report but linkedin have not respond useless apps like this be better remove from the playstore,1,2,positive
gabisa login yg memperbaiki aplikasi gabisa gmna sih heran,1,0,neutral
jelek banget nyaaa ihhhh nge stick proses login lupa password,1,-5,negative
masuk mendaftarkan,5,-3,negative
aplikasi nggak nggak login,1,-2,negative
ga login aura,1,0,neutral
kaya kebanyakan orang stick halaman pemeriksaan cepat,1,7,positive
pemeriksaan cepat bla bla bla bla gerak kaga,1,3,positive
payah akun ditahan alasan lapor customer support membantu,1,10,positive
muter d email notif masuk trus giliran login link in muter pakek data wifi aja d tungguin menit aj gx masuk aneeh y bug ny,1,-5,negative
membantu informasi bagus,5,8,positive
bintang,5,0,neutral
sign inmendaftar loadingnya jaringan internet stabil,1,6,positive
akun temporarily restrict unknown device coba login dr hplaptop coba login mencoba verifikasi id sesuai proses gagal sesuai tolong solusinya,1,13,positive
bagus membantu,5,6,positive
ga bs login jaringan bagus,2,5,positive
login verifikasi keamanan ga masuk udh ditunggu tetep ga masuk aplikasi aneh,1,-4,negative
aplikasi payah buka pemeriksaan cepat masuk,1,-1,negative
pemeriksaan bot,1,-2,negative
aplikasi gjls stick pemeriksaan keamanan kocakkk,1,-4,negative
aplikasi terpercaya,5,-4,negative
aplikasi masuk aja ruwet,1,-10,negative
nomor telepon login akun eror nomor telepon tersangkut akun pls reset nomor telepon akun,1,-10,negative
tengkiyu,5,0,neutral
stick halaman pemeriksaan cepat membantu melindungi bot tolong diperbaiki dibantu,1,10,positive
login koneksi oke,1,4,positive
gara gara aplikasi sy uang sy dana ambil prabayar google play otomatis admin bantu refund pembelian otomatis sy sy kehilangan uang setara kerja sy minggu,1,-4,negative
okelahhh hp inter gabisa login,5,0,neutral
okey,4,0,neutral
aplikasi bagus bermanfaat suka,5,6,positive
top markotop,5,5,positive
muak bgt pliss gbs login stick periksa keamanan cepat doang,1,-8,negative
akun link berganti nama disalahgunakan gimna sih dah ketat verfikasi tetep dibajak orang aneh,1,-2,negative
aplikasi linkedin gabisa daftar gagal terusss gatau ya fungsinya aplikasi,1,-8,negative
bagussss,5,0,neutral
i have complain on facebook email and x but the response be very slow why be there a help feature for complaints if it take a long time to handle user problems,1,1,positive
aplikasi dibuka kecewa,1,-4,negative
aplikasi anjir login muter muter dipemeriksaan keamanan cepat pdhl jaringan lancar dahh diulang ttp aja ga hasil bikin apk yg napamending pou jir kwwk,1,5,positive
susah login,1,-3,negative
gak akun ora,1,-3,negative
stick verifikasi keamanan akun nomer kode dikirimkirim mohon diperbaiki,1,-1,negative
apk idiot ngebug g,1,-5,negative
terbanth tetima kasih,5,2,positive
developer gimana sih gak akun login tolong diperbaiki,1,3,positive
aplikasi yg membantu,5,0,neutral
stick security chec load,1,0,neutral
mantap good job,5,10,positive
kocak ni aplikasi ribet login susah daftar stick keamanan cepat muter ga selesai selesai gimana sih perbaikin donggggg nyusahin bgt,1,-5,negative
parah sih stick pemeriksaan keamanan tolong diperbaiki akun persulit,1,-2,negative
informasi lowongan pekerjaan aplikasi,1,1,positive
gabisa akses bngt gua coba daftar gabisa dr dlu huh,1,2,positive
biarkan bintang bicara,5,1,positive
linkedl bermanfaat,5,5,positive
min tolong acc penggembalian dana kepotong otomotis karna jarang pakek aplikasinya,1,7,positive
ketahui peluang,5,0,neutral
belom pengalamantpi masalh kerjaan insaallah,5,3,positive
muanteb,5,0,neutral
direkomendasikan upload postingan teks error salah ketik menekan huruf huruf terketik direkomendasikan membangun image personal brand,5,-17,negative
halo developer mengakses login akun delay falam pemeriksaan keamanan tembus,3,1,positive
ya pas login stick perikasa keamanaan cepat,4,10,positive
mencari kerja,5,-1,negative
sih nge stick pemeriksaan keamanan udah berkalikali login aja stick nya disitu koneksi aman,1,3,positive
aplikasi bagus manfaatnya,5,1,positive
bagus fiturnya lengkap informasi,5,6,positive
rihet eror,1,-4,negative
very good app,5,5,positive
real,5,2,positive
akun load masuk linkedin tulisan mari lakukan pemeriksaan keamanan cepat butuh bantuan bapaki admin,3,-1,negative
uang,5,0,neutral
aplikasi orang minder,1,-4,negative
memohon linkedin internasional indonesia membaca pesan mohon memohon memperbaiki bug semacamnya stick mari lakukan pemeriksaan keamanan cepat please diperbaiki akun berbeda hasilnya hormat christopper,1,8,positive
membingungkan,1,0,neutral
baikterinsfirasi pemula mencari lowongan pekerjaan terbaru berdasarkan spesialisasi loker,5,3,positive
upgrade premium menampilkan,1,2,positive
gak login,1,0,neutral
gbisa login,1,0,neutral
stak periksaan cepat gak login,1,3,positive
semoga kedepannya,5,0,neutral
gak akun eror,1,-4,negative
akun gagal,1,-4,negative
gabisa log in,1,0,neutral
hadeh rusak rusak,1,2,positive
aplikasi error gk manfaat nya,1,-4,negative
up to date baca informasi,5,5,positive
gagal akun,1,-4,negative
aplikasi ga ngestack mulu mend diban aja playstore,1,-1,negative
stick pemerikasaan banget jam,1,1,positive
ngecoba login stick keamanan jaringan udah bagus udah hapus instal tetep gitu,1,2,positive
emng kocak ni apk gk dipake,1,-2,negative
aplikasi ga uda kyc in masi aja gagalin,1,-3,negative
kumohon linkedin membaca pesan lapor linkedin akun login stick didalam mari lakukan pemeriksaan keamanan cepat bug semacamnya memohon memperbaiki akun tergolong permasalahan aplikasi memohon memperbaiki nya,1,8,positive
linkedin susah login,1,-3,negative
log in nge stick pemeriksaan jam nggak login,1,1,positive
my worst experience in use linkedin be when i take the initiative to increase security through factor authentication but then a few days later my account be unilaterally suspend by linkedin,1,-3,negative
aplikasi jelekkkkkkk parah login eror mulu gajelasss,1,-11,negative
okeee,5,0,neutral
mencoba,5,0,neutral
susah login g bngt ew,1,-3,negative
wonderfull,5,0,neutral
tolong diperbaiki akun gabisa udh coba device load dibagian pemeriksaan udh nyoba dilain ttp gabisa,1,5,positive
aplikasi bagus ga melamar pekerjaan aja aplikasi nya,5,-2,negative
daftar akun pake no telp nomer telfon spam pakenya kode sms kode sms nya ga nomer spam,1,-11,negative
aplikasi yg membantu terhubung relasi teman teman tulisan bagus teman linkedin yg menambah ilmu utama informasi lowker linkedin yg update teman teman,5,14,positive
appsnya jelek email korbankan tp akun terhapus gatau penyebabnya pas login sibuk aja kau tampilkan keamanan cepat tp ga login aneh,1,9,positive
error mulu dah login aja ribet banget ga muncul muncul,1,-6,negative
system keamanan verifikasi buruk memuaskan,1,0,neutral
search with hastag keywords be no longer possible be it,3,1,positive
kecewa aplikasi tgl april berlangganan aplikasi kekurangan saldo gopay pembelian diwaktu bersamaan menghapus aplikasi lupa menon aktifkan berlangganan tgl mei saudara mengirimkan saldo gopay saldo terpotong otomatis terima karna aplikasi pengajuan pengembalian dana,1,-6,negative
ya login,1,4,positive
apk tolol,1,-5,negative
pas login bgt loadingnya,1,3,positive
login,2,0,neutral
gak login woi pengguna kagak bet dah,1,-5,negative
lumayan bagus,5,3,positive
berguna banget,5,6,positive
very good,5,5,positive
buruk susah login,1,-8,negative
gabisa login,1,0,neutral
engga bikin akun stick pemeriksaan keamanan,1,0,neutral
login ya,1,4,positive
daftar masuk ngga udah cari penyebab nya gogle cari tetep aja ngga,2,-14,negative
update hasil postingan memudahkan mencari pekerjaan tolong kembalikan hasil pencarian postingan tolong beritahu setelan salah,2,11,positive
bagus,5,2,positive
mantab aplikasinya,5,0,neutral
kasih bintang tau susah masuk akun coba atur ulang password gak pesan muncul pemeriksaan keamanan aplikasi rusak hancur labil tolong kembalikan akun,1,-1,negative
jelashampir sebulan akun batasi,1,0,neutral
topbgt,5,0,neutral
ga login sih mari lakukan pemeriksaan cepat bnget abis tuh muncul halaman tersedia,1,13,positive
mengembalikan dana kepotong berlangganan kepotong sepengetahuan,1,6,positive
menarik,5,4,positive
gila susah banget loginnya,1,1,positive
aplikasi opo iki su ora kenek,1,-6,negative
anggap aja sdh bagus,5,3,positive
susah masuk keamanan muter,3,-6,negative
super,5,3,positive
gimana stuk pemeriksaan keamanan cepat,1,3,positive
akun gabisa dibuka mentok pemeriksaan keamanan cepat,1,-2,negative
stick pemeriksaan cepat sih,1,3,positive
proses verifikasi keamanan penyelesaian,1,3,positive
mesin pencarian memposting muncul kunci eror postingan orang alasan postingan upgrade mohon perbaiki,1,2,positive
aplikasi tolol,1,-9,negative
search bandung postingan hasilnya,3,-1,negative
tolong perbaiki fitur search nya fitur search filter terbaru tampil postingan terbaru terfilter kunci nya contoh mencari postingan kunci ternate filter terbaru postingan terbaru mengabaikan kunci ternate tolong kembalikan memudahkan mencari postingan tolong perbaiki,1,36,positive
lemot njiinggg,1,-5,negative
leader,5,0,neutral
email notifikasi linkedin memuakkan lamalama kirim notifikasi ga sesering nofitikasinya condong pemberitahuan langganan premium ga,2,-5,negative
pemeriksaan cepat mengganggu login mohon diperbaiki,1,9,positive
load memeriksa keamanan cepat download x,1,-2,negative
apk jelek login verifikasi mutermuter gak,1,-5,negative
daftar aja gk verifikasi kemanan muter,1,2,positive
gabisa search postingan orang ya,1,4,positive
pengisian nya ribet,1,-4,negative
ok,2,4,positive
cari loker persulit login kode otp gak muncul munculuninstal,1,-5,negative
nambah wawasan perkenalan mudah mencari kerja magang mahasiswa berteman langsung hrd nya chat an comment nya bagus aplikasi,5,4,positive
good platform,5,5,positive
yg mengalami log out ga masuk alamat email password stick pemeriksaan cepat walopun uninstall reinstall ulasan diperhatikan admin linkedin ya perbaikan,1,13,positive
beneran gak perbaikan linkedin mengeluhkan susah login loh mengecewakan,1,0,neutral
kocak ni apk ngestuck mulu keamanan login,1,0,neutral
membantu,5,4,positive
stick pemeriksaan keamanan,1,0,neutral
bagusi,5,0,neutral
susah banget verifikasi akun nya suka eror mulu,2,-1,negative
best,5,0,neutral
muter gak kagak masuk,1,-6,negative
goid,5,0,neutral
keren,4,0,neutral
very very very lag when in security verificationeven though my internet connection be stable,1,0,neutral
apply lamaran nya ribet kalo hiredtoday susah pakai aplikasinya,1,-7,negative
daftar,2,1,positive
errorlogin buang waktuu,1,-3,negative
membantu app,4,4,positive
masuk akun load mulu ditungguin ga kelar kelar internet lancar kocak,1,7,positive
ga daftar,1,1,positive
aplikasi tolol susah bener login aja stick pemeriksaan robot,1,-8,negative
kode otp gamasuk masuk disms,1,-6,negative
masuk,1,-3,negative
login nomer telpon,1,0,neutral
tolong gimana ga buka apk nya aplikasi doang logout pas buka apk nya hrs login trs lodingnya banget lgi tolong linkedln perbaiki lgi,2,13,positive
good kendalah data rusak jln cek,5,1,positive
tolong perbaiki akun aja gabisa developernya perbaiki biar memudahkan login,1,8,positive
error proses akun,1,-4,negative
keren membanru,5,0,neutral
akun login akun dibatasi ga,1,0,neutral
link bantu masuk caterpillar,5,0,neutral
nice projecto,4,4,positive
helpful relational joyful to get brightul future,5,0,neutral
saldo dana dipotong aplikasi pengembalian dana karna membeli paket langganan premium,1,18,positive
stick pas login pemeriksa keamanan cepat tolong diperbaiki,1,9,positive
cant login on google mail and cant reset password on pc its always error and buffer couldnt connect,1,-5,negative
aplikasi buruk diupdatean aja gak login stick dibagian mari lakukan pemeriksaan keamanan cepat udah loh aja gak diperbaiki diupdate nya perbaikan bug perbaikan bug diperbaiki coba gak ngaruh aja gak hadeuh umpan kayak gini gak dibales developer emang aneh gajelas app,1,4,positive
membantu informasi seoetaran lowongan pertambangan,4,6,positive
mantap,5,5,positive
aplikasi gak jelass udh berhasil daftar gk dibukak tb tb akun dibatasi disuruh verivikasi persona udh selesai verifikasi disuruh nunggu maksimal x jam ud tunggu sampe gabisa dibukak aplikasi gak,1,-1,negative
good,5,5,positive
load mulu cuman login,1,2,positive
goof,5,0,neutral
aplikasi tolol susah akun ge,1,-12,negative
apk berbayar perbarui masuk,1,-6,negative
semoga sukses,5,3,positive
stick verifikasi bot,1,-2,negative
mendownload aplikasi linkedin,5,-4,negative
terbaik pekerja,5,8,positive
tolong admin linkdin job kebalikan uang langganan sayakarena aplikasi inidan pengambilan sepengetahuan,5,3,positive
loginapk busuk,1,-5,negative
powerful and useful apps,5,0,neutral
apps lbh berkualitas dr sosmed manapun membangun jaringan,5,7,positive
aplikasi rusakdidownload gak dipakesama keluhannya orang,1,-4,negative
suka,5,3,positive
stuk verifikasi bot hadehhhh,1,-2,negative
gagal masuk verifikasi captcha menunggu dri bgini blum diperbaiki,1,-10,negative
this apps good for everyone to know each other,5,5,positive
linkedin stick lakukan pemeriksaan cepat login tolong perbaiki butuh kerja hapus data berulang kali login load,1,-3,negative
halo linkedin akun terkena restrict kali mengirimkan email balasan dm twitter tanggapan memiliki akses akun secepatnya menganggu,2,12,positive
buruk bikin akun susah banget,1,-7,negative
login tolong perbaiki,1,3,positive
ni aplikasi si akun susahlogin susah stick mari lakukan pemeriksaan keamanan cepat developer tolong diperbaiki niatnya pakai linkedin mempermudah susah haduh,1,-3,negative
bantu masuk data masuk aplikasi nya,1,-10,negative
nggak masuk aplikasiperbaiki aplikasinya,1,-2,negative
sumpah sih stick pemeriksaan bot kesel bgt,3,-4,negative
aplikasihnya bagus,5,2,positive
sulit edit profil,1,0,neutral
aplikasi buruk gampang rawan pembatasan kebanyakan aturan,1,-8,negative
diterima kerja orang ordal ngapain bikin loker hapus aja aplikasinya ga berguna,1,7,positive
menyukai aplikasi membantu akun linkedin stuk mari lakukan pemeriksaan keamanan nunggu load ya kelar kelar gak masuk mohon solusinya terimakasih,5,26,positive
hp instal ulang susah masuk akun load pemeriksa keamanan cepat selesai selesai,1,1,positive
mohon solusi nya admin akun dilempar login ulang stick pemeriksaan keamanan cepat kali akun,1,8,positive
loding nya,3,0,neutral
bagus utk mencari informasi dn berinteraksi sosial dgn eksrkutif,5,5,positive
membantu mencari pekerjaan,5,4,positive
registrasi banget pemeriksaan daftar kuota sinyal bagus tlong perbaiki kedepannya,1,2,positive
upload foto profil,2,3,positive
keamanan sopir,5,0,neutral
sih verification cepat gak,1,3,positive
why my account restrict,1,-2,negative
daftar doang anjibg,1,2,positive
min gabisa bikin akun ya stick pemeriksaan keamanan tolong diperbaiki,1,7,positive
ngestuck pemeriksaan keamanan cepat cepat apanya tolol platform mobilepc tolong diperbaiki seharus nya aplikasi nya dikasih fitur cs biar ngadu kayak yg aplikasinya gaada aja,1,-8,negative
login aja ribet susah login,1,-6,negative
good connect good advisory big join team work thank you so much linkedln,5,16,positive
gak daftarlogin,1,0,neutral
be good,5,5,positive
login susah be,1,-3,negative
ga login stick keaman sistem gimana yaaa tolongg cs nya respontif perbaiki sistem aplikasinya merugikan,1,-8,negative
good,4,5,positive
link in oke,5,2,positive
masuk akun coba verifikasi id diajukan,1,-1,negative
sanggat membantu,5,4,positive
informatif,5,0,neutral
good membantu,5,9,positive
skrg ku kasih bintang y bikn akun kodeny g dikirim trus akhirny pke nomor temenku login bentar login menyelesaikan profil dh berputarputar lgi katany pemeriksaan cepat pemeriksaan cepat apany yg pemeriksaan cepat slama berputarputar aj trus coba buka browser kek gtu jg aj g apk g browser ya katany bkal dibaikin ntu harap bug apk hilang bgt loh buatku udh x install uninstall,1,28,positive
stick proses pemeriksaan keamanan cepat,1,4,positive
gabisa login muter doang,1,1,positive
gk verifikasi mulu udh gnti akun email udh masuk lgi gtu lgi,1,-1,negative
eror mulu ajing login gk asu,1,-2,negative
daftar web aplikasi gagal load mulu,1,-5,negative
terbaik full information,5,5,positive
kebanyakan iklan udah klik apply muncul menemukan halaman silahkan coba dikata snack berhadiah isinya coba mulu kalo gabisa bikin aplikasi berjalan lancar bermanfaat orang mend hapus aja dah karna kebanyakan iklan bikin user sulit melamar pekerjaan aplikasi,1,15,positive
aplikasi nya rusak daftar udah isi ga panggilan kerja panggilan kasi bintang,1,1,positive
ga login muter trs,1,0,neutral
aplikasi bug masuk aplikasinya,2,-7,negative
aplikasi jelek login stick mari lakukan pemeriksaan keamanan cepat gimana developernya keluhan user balas,1,-4,negative
upload file menu ubah pengalaman kerja,5,4,positive
good uplication,5,5,positive
aneh daftar aja gabisa,1,6,positive
mohon perbaiki bug melampirkan sertifikasi tanda simpan,4,-3,negative
aplikasi ga nyuruh verifikasi cepat ehh tunggu load nya banget,1,-2,negative
oh hellnah banget buset verifikasinya,1,1,positive
versi hp mengecewakan,3,-3,negative
ni ga bs buka login pemeriksaan ga selesai ber update hapus cache sdh tlg dibantu ni admin,1,7,positive
excellence,5,0,neutral
aplikasi error pemeriksaan cepat sampe setaon ga kelar kelar bintang nyesal kasih,1,-2,negative
aja,4,1,positive
nggak banget login gabisa dipersulit recaptchanya berjam jam pdhl koneksi bgs udhlah nomor ga valid pdhl sy nomor bnyk ga valid pdhl nomornya aktif ampun dehh nih apk,1,7,positive
bermanfaat bintang terbaik cerdas,5,10,positive
akun login mempersulit login akun perangkat mudahkan login perangkat membutuhkan verifikasi orang hack profil link in,1,-4,negative
stick login,1,0,neutral
awesome,5,0,neutral
akun dibatasi pelanggaran apapun akun hasilnya blm akun hilang stick pemeriksaan cepat tolong,1,9,positive
expand network and business development,5,0,neutral
akun linkedin masuk stack pemeriksaan keamanan tunggu,1,-2,negative
login ngestuck cek keamanan,1,-4,negative
pemeriksaan keamanan berfungsi,1,0,neutral
aplikasi linkedln sya tdk registrasi stick dibagian pemeriksaan,1,-4,negative
linkedin ngestuck dihalaman lakukan pemeriksaan keamanan cepat,1,3,positive
bagus lumayan,5,3,positive
download apk lainya ribet,1,-4,negative
pemeriksaan cepat mohon ditingkatkan,1,5,positive
aplikasi nya ga bsa login akun,1,-4,negative
terimakasih aplikasi profesional,5,1,positive
sampe nyari kerjaan apk ga tuh sapet satupun pusing yg mnding gua hapus aja,1,-9,negative
oke aja deh,5,3,positive
kecewa aplikasi,1,-4,negative
login gak load tolong bantuannya,1,3,positive
daftar stick pemeriksaan keamanan cepat berkalikali masuk aja muncul tulisan halaman web tersedia gimana susah banget daftar,1,6,positive
semoga bermanfaat berguna,5,10,positive
bersemangat,5,4,positive
plis pakai email sehari udah gak login sumpah bikin kesel bangett,1,-4,negative
bikin akun load mulu malas aahh ribet,1,-9,negative
informasi blm dimengerti,3,2,positive
i try to log in with my gmail account but it always get stick at verification and it keep repeat its so annoy,1,0,neutral
error ketiga login verifikasi email,1,-5,negative
good job linkedin,5,5,positive
gak login stick pemeriksaan cepat udah dicoba berkali aja,1,6,positive
tolong bikin akun linkedin kenapaa muterrr yaa udah coba pake laptop web tetep ga padhal sinyal udah oke storage jug lega tp tetep miter kek gitu,3,7,positive
gak login,1,0,neutral
susah banget login muter pemeriksaan keamanan jaringan bagus muter,1,3,positive
tolong perbaiki linkdin download daftar ngestuck halaman perbaikan,1,7,positive
pas log in ulang load berjamjam ulang ga,1,3,positive
bagus,4,2,positive
login pemeriksaan keamanan cepat,1,3,positive
udah update ga login ya tolong diperbaiki tugas ga ga login,1,6,positive
daftar akun aja susah layak bintang,1,2,positive
gak dibuka,1,0,neutral
likedln be profesional platform,5,0,neutral
login berputarputar halaman pemeriksaan keamanan ditunggu perubahan aplikasi web tolong perbaikan verifikasi halaman bergerak,1,8,positive
sngt membantu trus kmbangkan,5,4,positive
terjebak pemeriksaan keamanan cepat tolong pekerjaan iya gagal dapet kerja gegara susah login aja si aplikasi diweb aja terjebak pemeriksaan keamanan cepat,1,4,positive
login tulisannya eror,1,-4,negative
linkedin stick halaman pemeriksaan keamanan cepat coba berkali kali berhasil laporan website linkedin pas selesai isi dikirim tolong linkedin perbaiki fitur pemeriksaan kemanan cepat buruk mengganggu tolong perbaiki bug semacamnya menganggu,1,20,positive
akun udah dipeasulit aja stak mari lakukan pemeriksaan keamanan cepat hadehhhh,1,8,positive
stick login,1,0,neutral
platform terbaik mencari relasi bisnis cuan,5,8,positive
mantul,5,0,neutral
keren worth it,5,0,neutral
login pemeriksaan akunya berjalan stick,2,-1,negative
membantu pencari kerja,4,6,positive
masukapakah bug lenkedln,2,0,neutral
my account get permament restriction without any information before use your personal account and email without consent,1,0,neutral
min aplikasi eror diupdate gk diinstalmana isinya temen bos internasional aplikasi utk bisnis perusahaan perusahaan internasional dunia tolong min dikembalikan aplikasi linkedin biar diinstal bisnis semulaterimakasih,1,4,positive
berguna lara pencari loker,5,0,neutral
haii pengelola aplikasi limkedln mohon maaf keluhan ya daftar lemot eh error sih stick disitu aja udh login gmail ya tolong benerin gak kontolll,1,0,neutral
tolong perbaiki verifikasi keamanan menganggu ketikan login,3,3,positive
masuk akun aplikasi berfungsi isi data lengkap verifikasi email fungsinya aplikasi buruk,1,-15,negative
apk sempurna orang nyari kerja premium bayar orang pengangguran atuh mend kalo bayar nya sesuai kantong pengangguran jaman skrng kn hr pasang iklan loker up date status kalo sesuai qulifikasi suruh dm kalo dm kn premium kalo premium ya langganan alias bayar tolong perbaiki kalo gratis byr byr jd anggota premium sesuai kantong pencaker trimakasih,1,32,positive
halo akun tibatiba logout login sandi nomor hp ubah orang gak bertanggung email nyangkut gak login developer gimana sih akun pengguna retas tanggung jawablah gak hapus akun nih,1,-6,negative
bug toror,1,0,neutral
aplikaai jelek sih mari lakukan pemeriksaan cepat lambat gimana sih ngga,1,1,positive
aplikasi ga berguna ga login,1,1,positive
login akuntolong bantu solusi nya,1,6,positive
bolak ttep ga daftar login menerima kode aplikasi bobrok auto lngsung kasih bintang nol klo,1,-9,negative
napa ya skrg bikin akun susah bet disuru masukin nomer tpi kode verifikasi nya kaga nongol pas mo nyoba masukin nomer lagii kaga so weird againn page mari lakukan pemeriksaan keamanan cepat cepatnyaaa sejam gue tungguin kaga kelar monyet,1,6,positive
apk good,5,5,positive
i write and the draft feature didnt work my article go,1,0,neutral
link susah banget login,1,-2,negative
aneh apps ganti device ga login device keluhan kebanyakan orang stick halaman pemeriksaan keamanan,1,6,positive
verifikasi keamanan nya susah banget mengisi sesuai data,1,0,neutral
bagus,4,2,positive
aplikasi linkedln aplikasi keren membantu mmperluas jaringan menjalin bisnis,5,2,positive
sy perbaiki bintangnya krn udh login kalo nnti pas login dipersulit bermasalah sy turunin lg ratingnya,4,3,positive
membnatu mencari perkerjaan thank you very much linkedln,5,1,positive
heran deh linkedin logout login mengakses akun tulisan nya sih menghindari serangan bot ga kunjung selesai,1,4,positive
aplikasi membantu mencari pekerjaan,5,0,neutral
login nya susah mohon perbaikan nya,3,2,positive
aplikasi bodongsaya instal membuka aplikasi akun berlangganan premiumsaya rugikan dgn aplikasi kembalikan dana,1,-6,negative
mantap linkedn,5,5,positive
nyoba dlu,4,0,neutral
gajelas gabisa login,1,0,neutral
loginya banget jing,2,1,positive
aplikasi berjalan stick mari lakukan pemeriksaan keamanan cepat,1,3,positive
stick dihalaman pemeriksaan cepat,1,3,positive
media memperkaya knowledge,5,0,neutral
susah masuk,1,-6,negative
ok,4,4,positive
linkedin kekeliruan sistem koneksi nya terkesan nepotisme,3,-1,negative
bantu m mencari kerja,5,2,positive
bingung pelamaran,4,0,neutral
good job,5,5,positive
kali gak login ya mendaftarkan susah,1,1,positive
gak login seminggu akun,1,0,neutral
apk aneh gabisa login login sampe kesel,1,-1,negative
susah login perbaiki jaringan oke,1,2,positive
masuk akun google loadingnya,1,-3,negative
pemeriksaan keamanan cepat,1,3,positive
your linkedin network will be back soon weve notify our operations staff that you be have a problem reach linkedin well get you reconnected soon you can leave this window open and well automatically take you back to your linkedin home page in a few minutes we apologize for the interruption user infinix zero gandroid,1,-11,negative
verifikasi chapta error mulu stick kgk login,1,-6,negative
kesalahan daftar udah coba kali pake wifi,1,-2,negative
yaa ga login akun linkedln iya verifikasi bln nih pliss kasih solusinyaa,2,2,positive
ga login ininge stick pemeriksaan keamanantolong segeran diperbaikidibantu dongg,2,0,neutral
konyol ga dibukatiba logout sendirikacau,1,-3,negative
muter muter doank dipemeriksa keamanan ya admin tolong diperbaiki udah gak,1,7,positive
mengakses akun proses pemeriksaan keamaan membuahkan hasil apapun menunggu jam hasilnya nihil,1,-3,negative
aplikasinya instal vivo y gak kebuka langsung close aplikasinya,1,1,positive
good information,5,5,positive
login verivikasi lamaaaaaa,1,0,neutral
mantappp,5,0,neutral
mencoba mendaftar ganti hp gabisa stick pemeriksaan keamanan ditunggu setahun gabakal kelar mohon bug nya fix,1,6,positive
aplikasi aneh bgt si akun gua gabisa login akses akun dibatasi gua pke email beda besokannya logout gabisa login tolong diperbaikin org yg ngomong,1,-3,negative
login aja susah ajg tolong lh tod,1,1,positive
aplikasi gak login susah banget,1,-6,negative
aplikasi kebanyakan update sampe kali,2,-2,negative
gak daftar aplikasi ampas,1,-6,negative
stick login,1,0,neutral
akun ban,1,0,neutral
membantu mengembangkan pengetahuan perkembangan teknologi bidang pekerjaan jalani teman relasi berhubungan pekerjaan,5,19,positive
gak perbarui,2,0,neutral
good app,5,5,positive
productive,5,0,neutral
login dipersulit pemeriksaan cepat gak masuk masukkan email password coba email verifikasi wajah ktp gak login email membantu konfirmasi perangkat dipakai perangkat login sesulit hapus aplikasinya merugikan akun akses,1,8,positive
linkedin the best,5,0,neutral
linkedin terbaik,5,5,positive
membantu,5,4,positive
load stick,1,0,neutral
maaf kasih bintang nya pas ngisi profil pendidikan nya cuman universitasgelar bidang studi lulusan smk bingung ngisi nya gimana ubah gak nama universitas ganti nama smk gak perbaiki nya temen kaya gitu ngeluh ko gini nya emang universitas gutu linkedin mohon maaf ya bantu nya terimakasih,1,28,positive
menyenangkan,5,4,positive
stak diverifikasi keamanan dh nungguin seharipun stak disitu,2,1,positive
gajelas bet gabisa masuk error mulu,1,-6,negative
iya,5,0,neutral
semoga aplikasi manfaat nya mencari pekerjaan sukses,4,4,positive
stick menu lakukan pemeriksaan keamanan,1,0,neutral
periksa keamanan cepat sejam aplikasi buruk,1,-11,negative
susah log indar problem masi,1,-7,negative
aplikasi ngak berguna menuhin storage aja,1,2,positive
bermanfaat network karier,5,5,positive
ga masuk apk scam,1,-3,negative
buka link,1,3,positive
aplikasi penipuan bgt berlangganan premium yg biayanya jt gk gila nih aplikasi gk,1,-1,negative
login pdhl sdh email password yg bener aneh linkedln skrg gegara hp flash krna kebanyakan virus eh sekalinya login ulang,1,6,positive
aplikasi mantap peluang,5,1,positive
aplikasi bikin rugi download mala nggak buka yg niat bantu merugikan,1,-7,negative
parah ga ngapangapain tibatiba out kacau,1,-5,negative
linkedin stick halaman pemeriksaan keamanan cepat coba berkali kali berhasil tolong linkedin perbaiki fitur pemeriksaan kemanan cepat buruk mengganggu tolong perbaiki bug semacamnya bug akun email,1,16,positive
nice apps,5,4,positive
linkedin connect me with many good educate profesional people world wide this be a good online communication tool,3,10,positive
mengerti layanan,5,5,positive
imformatif,5,0,neutral
simple clean and fast,5,3,positive
gimana daftarnya gabisa memeriksa keamanan,2,-5,negative
udah coba sign in tdk berhasil skrg,1,5,positive
login stick mari lakukan pemeriksaan cepat server eror knapa lihat lihat org yg menhalami solusinya,1,12,positive
bagus berinovasi,5,2,positive
informasi bermanfaat peningkatan softskill,5,7,positive
tau ceo nya mbah google muda ganteng gitu tau beda ya pandangan serem galak pesepak bola david beckham gitu ya oh nyambung ceo nya google aja dgn chrome ya orang dunia sadar alhamdulillah jelajah kemana tau,5,4,positive
login link in keren,1,0,neutral
informasi yg sajikan akurat,4,2,positive
login pas pemeriksaan keamanan cepat mutar nya login,1,6,positive
gak login ditunggu eror tolong bantu,1,4,positive
dawg sakit hati liat prestasi orang orang apk,5,-1,negative
tolong perbaiki stick login nya,1,3,positive
say daftar akun sinyal,1,2,positive
mari lakukan pemeriksaan keamanan cepat,1,7,positive
membantu memperoleh koneksi pekerjaan,5,9,positive
aplikasi anjeng,1,-9,negative
good application,5,5,positive
mendaftar ya,2,4,positive
ga login mulu verifikasinya load ga login udah kaya gitu duhh pake apps pake web ajaa ga kebukaa tolong solusinyaa,1,7,positive
,5,0,neutral
mudah,5,4,positive
,1,0,neutral
pendaftaran selesai mengisi password aplikasi nya trouble stick load wkwk,1,3,positive
tolong perbaiki login stick pemeriksaan cepat coba login,2,8,positive
mari lakukan pemeriksaan keamanan cepat cepat ngestuck disitu yaampun udah sampe udah verifikasi identitas pake muka ktp tetep aja gabisaaa kacau bgt tolong diperbaiki linkedin yg mengalami,1,17,positive
udah masuk pemeriksaan keamana cepat masuk akun anehhhh,1,-3,negative
profesional kualitas yg dipertanggunghawabkan,5,4,positive
good job,4,5,positive
ga banget aplikasi ga login sinyal bagus,1,-1,negative
bergabung stick mari lakukan pemeriksaan cepat login payah,1,3,positive
kerensangat membantu membutuhkan pekerjaan,5,7,positive
stick d pemeriksaan nggaada solusi apl,1,3,positive
bagus profesional,5,2,positive
ga login cape bgt dah,1,-7,negative
akun email hack,1,-4,negative
aplikasi gj aja download stick pemeriksaan keamanan,1,-3,negative
connect people to people,5,0,neutral
nggak terpakai,5,1,positive
susah banget loginnya tolong diperbaiki,1,1,positive
gak login ya pemeriksa keamanan link web masuk,1,1,positive
apk gaje,1,-3,negative
aplikasi berguna,5,1,positive
ya linkedin pemeriksaan keamanan cepat loadingnya banget kuota sinyal bagus nya,1,8,positive
jawa sabang maroke,3,0,neutral
buka diapk diberanda memuat fee web enak kyny semenjak diupdate gini eror mulu,1,6,positive
trimakasih,5,4,positive
susah banget si login,1,-2,negative
aplikasi aneh login dipersulit mutermuter aja trs sampe kiamat nggak susah susah,1,-7,negative
mohon perbaiki bugnya masang foto sampul foto galeri gak,3,5,positive
daftar aja gk loker akun linkidn solusinya gimana min,1,5,positive
terhubung grup family pribadi nya lengkap memuaskan,5,3,positive
berguna kerana menambah insights,5,8,positive
gak masuk stick mari lakukan pemeriksaan keamanan cepat,1,4,positive
loginn sulit,1,0,neutral
good network platform,5,5,positive
mantap gais,5,5,positive
stick login mari lakukan pemeriksaan keamanan cepat coba login akun website aplikasi nyambung akunnya pake website,5,5,positive
bagus membantu,5,6,positive
susah banget ya masuk linkedin tolong berbaikin kuota wifi sinyal bagus buffting banget gak akses,1,5,positive
good app,5,5,positive
apk ga udah sebulanan gabisa login,1,0,neutral
login ya pemeriksaan keamanan yg kunjung selesai load page minggu login,1,11,positive
login bener memeriksa keamanan sejaman gila,1,1,positive
gagal menycapay impian putus asa berusaha kerja keras hasil memuaskan strategi dalambisnis menycapay impian,5,21,positive
saldo habis d kuras sapa apk memiliki langganan apapun,1,9,positive
semoga apk membantu,5,4,positive
boskuh tolonglah akun aja gk stick load,1,1,positive
tolong login google auth nya login logout stick mari lakukan pemeriksaan keamanan cepat,1,10,positive
fitur linkedln,5,0,neutral
susah buka,1,0,neutral
joz gandoz kotoz kotoz mak nyoz,5,0,neutral
ok,3,4,positive
puas,4,3,positive
good job,5,5,positive
good app to help human be to get knowledge and opportunity for his job career path,5,7,positive
good aplikasi,5,1,positive
hapus aja aplikasi nya dri playstore daftar login aja gk,1,-4,negative
aplikasi sampah bikin fitur login aja ngerugiin user yg ngeluh stick pemeriksaan keamanan cepat aplikasi bermasalah,1,-12,negative
stick ga log in gimana nih,1,0,neutral
knp gak login ngestuck pemeriksaan cepat yg kyk tolong solusinya kyk,1,9,positive
i cant login at all stick at security check only load although my internet connection be fine,1,5,positive
yg terbaik meningkatkan kualitas linkedin yg terbaik,5,14,positive
instal yaa aplikasinya semenjak hp direset ulang,5,0,neutral
sekalai,5,0,neutral
kecurigaan sistem sensitif akun diakses datanya hilang dicari google,2,0,neutral
x akun stick mari lakukan pemeriksaan keamanan cepat stick sampe berjam solusi akunya stick solusinya ya bikin edit profil ribet tolong linkedin perbaiki secepat nya,1,15,positive
ga banget stick pemeriksaan cepat udah,1,4,positive
very helpful,5,0,neutral
linkedln mohon perbaiki bug apkweb pengguna mengakses informasi lancar,1,9,positive
pengalaman,5,2,positive
masuk aplikasinya susah sistem pemeriksaan udah coba ga udah ganti sandi verifikasi pakai ktp tetep ga,1,-5,negative
,5,0,neutral
aplikasi bagus mencari lowongan kerja pelamar,5,-3,negative
stick login,1,0,neutral
terimakasih kasih pelayanan yg satset cepat dimana ditampilkan login nya aja yg merespon cepat apk nya,1,20,positive
kalah orang,1,-4,negative
membantu,4,4,positive
full of insights and create a chance to make more network colleagues across the world,5,0,neutral
login aja gabisa mmks,1,1,positive
susah banget login,1,-2,negative
bagus,5,2,positive
susah masuknya,1,-3,negative
gak login periksa keamanan mulu gk kelar,1,0,neutral
susah login kode verifikasi dikirim email,1,-4,negative
wahhh aplikasi bagus senang menemukan aplikasi,5,1,positive
semoga berbuah hasil manis,5,10,positive
ruang bergabung dunia bisnis,5,-3,negative
kecewa loginya gimana sih aduh aduh,1,2,positive
very good,5,5,positive
susah login muter,1,-3,negative
login ya daftar linkedin login mohon bantuannya,2,7,positive
semangat cari kerjaan cuman live stream cuan yuk,5,10,positive
aplikasi gajelas nyoba berkali ngestuck pemeriksaan keamanan cepat tolong linkedin perbaiki aplikasinya,1,2,positive
top,5,5,positive
mari lakukan pemeriksaan keamanan cepat linkedin stick tolong diperbaiki,1,10,positive
akun dibagian verifikasi keamanan muter,2,0,neutral
aplikasi bohong,5,-9,negative
good apl,5,5,positive
muter muter pemeriksaan keamanan gak selesai selesai,1,4,positive
infoemasi lengkap akurat,4,2,positive
linkedin the best apps not only to find job but also the best apps to create and fine people arround the world so with linkedin we can always stay connect love it so much but please make lite version apps,5,6,positive
pengguna mengakses linkedin ya tolong perbaiki,1,8,positive
gak log in ya pake email gak ake no hp kaga,1,4,positive
terkoneksi cepat lengkap jaringan anggauta nya luas,5,14,positive
,5,0,neutral
je,3,0,neutral
proses pemeriksaannya banget dah,1,-1,negative
very good thank you,5,9,positive
halo linkedin tolong respon yaa akun stick periksa keamanan login harap respon menemukan solusinya terimakasih,1,16,positive
akun loadingnya banget ya udah coba kali tetep uninstall install udah internet lancar,1,11,positive
aplikasi jelek login bacaan nya gini mari lakukan pemeriksaan keamanan cepat nunggu menit masuk aplikasi mengecewakan,1,-11,negative
tolol ga login stick verifikasi nya ga selesai load,1,-3,negative
susah login stick mari lakukan pemeriksaan keamanan cepat,1,4,positive
gak login gagal,1,-4,negative
aplikasi profesional membantu pencari kerja pemberi kerja mencari merekrut pekerja,5,4,positive
berjalan lancar tolong knapa gabisa buka,2,10,positive
login akun pemeriksaan keamanan proses menerus melanjutkan tahap login pendaftaran,2,4,positive
developer tolong perbaiki pendaftaran akun eror,1,2,positive
lelet load mulu kode ga muncul muncul kena langkah amanan salah linkdln,1,-2,negative
akunselalu gagal mencoba login google sejenisnya akun verifikasi verifikasi muncul eror stick pemeriksaan keamanan cepatastaga udah bikin akun kode terkirim no captcha gak muncul munculini developer tolong perbaiki tolong diperbaiki captcha nya,1,-3,negative
akun tdk login berhenti pemeriksaan keamanan cepat,1,3,positive
aplikasi download lagitidak tersimpan hp,2,-4,negative
nilai segini susah gabung sdh masuk perf nohp gk,3,-6,negative
login nya susah bgt coba akun tp pas ngecek akun yg hilang udh verivikasi tetep gagal,1,1,positive
bagus bgt,5,2,positive
lowongan kerja dunia,5,3,positive
bikin login salahnya gak taju,3,0,neutral
baguss,5,0,neutral
applikasi,5,0,neutral
susah login load pemeriksaan keamanan cepat,1,0,neutral
gak login akun google,1,0,neutral
keren dlt info,5,-3,negative
diinstall hp yg hp hp compatible aplikasi diinstall gk orang bs pake linkedin yah yg hp bagus doank,1,-2,negative
tolong cek sistem nya kemarin update profesi lokasi ga udh berberpa kek gini ga edit perbaiki min,4,-5,negative
mentok mari lakukan pemeriksaan keamanan cepat,1,2,positive
menyenangkan menambah teman nwtworkinb,5,7,positive
best of the best,5,0,neutral
login gac aplikasi,2,-4,negative
gimana si login nya nyusahin gak pake no hp trus udah masukin kode kaga masuk maunya sih,2,-7,negative
download aplikasi aplikasi scam mengakses akun bank google yg daftarkansaya kena semoga gak korban,1,-15,negative
susah loginnya perbarui dongg mudah loginnya,1,1,positive
bagus,5,2,positive
sayang perangkat kompatible,5,3,positive
aplikasi ga akun susah mend pindah aplikasi pencari kerja aplikasi sampah stick periksa keamanan mulu aplikasi lo kali ga aman,1,-23,negative
load stick verivikasi cepat user mengeluhkan yaang tolong perbaiki,1,6,positive
apk aneh,1,4,positive
susah masuk min gimana solusinya,5,-3,negative
i cant log in to linkedin because it always get stick on the quick security check page,1,3,positive
heran login aja susah banget tolong diperbaiki aplikasinya,1,6,positive
apk aneh login liat liat perkejaan suruh mari pemeriksaan cepat tolong benerin sistem linkedin,1,12,positive
im sorry i would like to request a refund to my dana account because i do not intend to subscribe to the premium service yesterday i try the free onemonth premium trial and suddenly my balance be deduct automatically unfortunately the deduct balance be actually intend for my tuition payment which be send by my parent i kindly ask for your help linkedin i have already cancel the premium subscription on my account i sincerely ask for your assistance even though i under,1,11,positive
stick login server nya rusak,1,3,positive
app lemot kagak dibuka,1,-8,negative
aja stick pemeriksaan keamanan,1,1,positive
pemain,4,-3,negative
mengecewakan update keamanan terbaru akun logout login ulang verifikasi keamanan stick load page,1,3,positive
registrasi pemeriksa keamanan error,1,-5,negative
coolest,5,0,neutral
tolong memperbaiki aplikasi akun masuk kemarin coba bikin akun pengiriman kode no sms menerima sms tolong bgt memperbaiki aplikasi,1,-8,negative
aplikasi ko kocak banget udah un istal ajah ngirimin notif email ganggu doang nyampah nyampahin email gw,1,-12,negative
susah login pengguna,1,-2,negative
good apk,5,5,positive
kebanyakan gangguan darinya cuman pendaftaran akun gangguan fitur langganan premium gangguan apanya sekelas aplikasi linkedin ga fiks,1,4,positive
bantu disibilitas tunarungu,1,3,positive
sulit login karna pemeriksaan keamanan,1,0,neutral
ga msuk login,1,0,neutral
berkat meta aplikasi josssssbermanfaat dunia,5,-2,negative
huftt nunggu berjam jam gabisa login stuk pemeriksaan keamanan,1,1,positive
aplikasi sampah log in gak,1,-8,negative
its so complicate i just change my device but i cant sign in coz need conform from old device and im not have it for old device,1,0,neutral
well pokonamah aplikasi iye beh biang,5,-4,negative
gk dibuka stick pemeriksaan keamanan,1,0,neutral
ga daftar g login,1,1,positive
fitur login mari lakukan pemeriksaan keamanan cepat berfungsi masalanya memuatngestuck berjam jam berhari berbulan kelarselesai mohon silahkan diperbaiki,1,12,positive
apk gk digunain login aja gk mend uninstall,1,1,positive
aplikasi cacat load bgt ditunggu gagal,1,-11,negative
izin numpang sy suka,5,-1,negative
stick mari lakukan pemeriksaan cepat,1,7,positive
login diarahkan gmail konfirmasi masuk susah diakses nya jaringan bagus galat,1,2,positive
coba gimana hasih load pemeriksaan keamanan cepat hedeh kalok gak perbaikan gimana masuk min,1,5,positive
eror mulu si aplikasi web aja muter aja error data lancar,1,-8,negative
membantu login error keamanan tolong develover orang butuh kerja tolong permudah sistem login nya udah bikin akun aja ga login duanya,1,-1,negative
susah login udah kek gini aja gak niat memperbaiki apk gk mend dihapus aja play store,1,-1,negative
gak bikin akun sih,1,0,neutral
aplikasinya gimana sih gabisa masukgagal muluwoy benerin gw butuh link doang apply cv,5,-4,negative
simple sasaran,4,3,positive
linkedin really help me to find job connect with people especially hr and make my personal brand more stand out,5,2,positive
mencobadunia,4,0,neutral
ga daftar no ga pakai kode otp ga kirim kirim apalah persulitkan,1,0,neutral
lumayan susah,2,-2,negative
sdh keren,5,0,neutral
trimakasi bergabung,5,-4,negative
gw ga bikin akun jir pas nyampe pemeriksaan keamanan cepat not respond yak,1,3,positive
buruk stick pemeriksaan udah dri ga bener benerin,1,-2,negative
update terusan tetep gak login pengaduan email hasilnya,1,0,neutral
verifikasi lupa pasword banget loadingnya stick mempercepat keamanan gada hasilnya gajelas anying apk,1,2,positive
pengalaman pengguna terbaik,5,8,positive
masuk email facebook nomor telepon terhenti pemeriksaan keamanan tolong perbaiki,1,-3,negative
terpercaya bermanfaat,5,5,positive
aplikasi ga bener bikin akun ae susahnya ampun,1,-3,negative
udah bikin akun upload sertif trus pas nyoba login ga coba berkali kali gabisa nama ga ditemukan salah,1,1,positive
login gimanaa gak login,1,0,neutral
ga mari lakukan pemeriksaan keamanan cepat stick,1,7,positive
ga masuk aplikasi akun udah bikin muncul verifikasi cepat muter muter gajelas,2,-3,negative
apk nya gabisa kebuka paniks,5,0,neutral
manfaat orang,5,5,positive
gak masuk,1,-3,negative
aduh parah nggk masuk muter nggak login pakai email pakai fb no hp tetep nggak,1,-5,negative
good information,5,5,positive
susah banget login nya aahahh min min,2,-2,negative
ga login yaa error ya,1,-1,negative
pelayanan customer service membantutidak membalas akun masuk ribet dipersulit mohon diperbaiki,1,2,positive
akun gk login ya load mari lakukan pemeriksaan keamanan cepat gk terbuka knpa bsa bgtu ya,1,18,positive
gbsa login stick pemeriksaan keamanan,1,0,neutral
since yesterday i havent be able to log in to the mobile app or web app after click the login button use email or log in via gmail linkedin always respond with let do a quick security check and then just keep load and get stick there be there any solution,3,1,positive
medsos yg tdk fair,1,3,positive
aplikasi pencari kerja bagus gratis terbatas,5,7,positive
log in alasan verifikasi cepat stick load trus tolong cepat perbaiki merepotkan,1,9,positive
stick mari lakulan pemeriksaan keamanan cepat ampe sejam ditunggu kagak masuk masuk auto uninstall,1,0,neutral
gk aplikasi nya mao login aj dibikin ribet,2,-8,negative
stick lakukan pemeriksaan keamanan cepat tolong diperbaiki developer gimana sih,1,6,positive
login eror mohon bantu,1,1,positive
memeriksa keamanan cepat ngak cepat ngak login,1,1,positive
sempurnah,5,0,neutral
applikasi bermanfaat pekerja profesional saran kurangi chanel chanel hubungannya dunia pekerjaan,5,14,positive
mendownload nya login reload trus tolong bantuannya developer,3,3,positive
aplikasi maksa update,1,-9,negative
membentu,5,0,neutral
info loker update,4,-3,negative
menyenangkan,5,4,positive
bertuliskan mari lakukan pemeriksaan keamanan cepat semenjak pasang authenticator app keamanan ekstra hack stick bertuliskan linkedin tolong perbaiki akun email,1,13,positive
berguna membantu,5,9,positive
kasih bintang login lancar,1,6,positive
gak login sih udah gak buka apps nya ditunggu tetep gak login,1,5,positive
tolong ya akun tibatiba masuk gabisa stick verifikasi keamanan,2,4,positive
tolong admin perbaikan problem bug login account verifikasi keamanan,1,2,positive
pas masuk bnget,1,0,neutral
gods luck,5,4,positive
aplikasi login daftar tdk recomend jgn download nnti bug,1,-3,negative
parah susah login stress sekelas linkedin kek gini parah udah bikin kali kaya gini,1,-16,negative
i cant log in even though i havent forget my password but why cant i log in to my account even though my account already have many connections please developer fix it again,1,-5,negative
udah akun pas ganti hp gabisa login akun gak,1,6,positive
perform account deactivation without any clear reason,1,0,neutral
stick pemeriksaan keamanan cepat gak log in tolong bantu aplikasi nya,1,5,positive
memiliki pengqlaman swrupa sy ngestuck laman login masuk,1,-3,negative
my account always get restrict even though i dont even do a thing i cant even open my appsaccount but always get restrict already contact linkedin band etc still no way out im tire of this linkedin,1,-3,negative
pemula coba mudahan allah kemudahan memahami platform saksikanlah ya allah kepadamu memohon pertolongan petunjuk aamiin,4,29,positive
aplikasi yg bermanfaat social pekerjaan,5,4,positive
tertarik,5,2,positive
ga login aihh,1,0,neutral
maaf tolong perhatikan aja info loker palsukemaren adek temen nya kena tipu info loker hasil apk,2,1,positive
server burik,1,0,neutral
buka sekaliini aplikasi rusak kah,1,2,positive
lowongan yg terbitkan yg kadaluarsa sulit melamar,1,0,neutral
app bodo tbtb pas login stick pemeriksaan keamanan tolong developer applikasinya dibetulin acuh applikasi,1,1,positive
terimaksih sudh mebantu,5,4,positive
susah loginsetiap login ping jaringan down jaringan bagus,2,2,positive
bagus,5,2,positive
linkedin platform profesional berguna membangun jaringan mencari pekerjaan mengikuti tren industri fiturfiturnya memudahkan pengguna terhubung rekan kerja perusahaan peluang karier profil diperbarui langsung personal brand efektif cocok berkembang profesional terhubung dunia kerja,5,37,positive
login menyelesaikan pemeriksaan keamanan cepat login tolong solusinya,1,9,positive
recommend,5,0,neutral
verifikasi force close,3,-2,negative
login mengirim kode verifikasi aplikasi terburuk,1,-7,negative
aplikasi fungsi handphone menghapus aplikasi,1,-12,negative
tim dev nya tidur kah update gada benerin bug loginnya tim be qa nya gmna nih udh update kali stick bugnya production udah nahan nih tangan biar gak b,1,-6,negative
,5,0,neutral
post preferensi kerja open to work koneksi ya,4,8,positive
naah login page error,1,-3,negative
berusaha login akun google mencoba akun menekan setuju bergabung akunnya karna website ditemukan block by csp sia sia menunggu load mohon periksa aplikasinya karna kesalahan cod aplikasi,1,-29,negative
nice,5,4,positive
asli gk login kyk oper oper gini pas mo login apknya tertulis mengirimkan notifikasi perangkat ketuk ya mengkonfirmasi pas emailnya gua buka suruh ikuti langkah langkah apknya gk tombol ya situ aneh bat,2,26,positive
ribet banget ngelamar kerja aja bgt perusahaan mandang lulusan s ato minim d gak bedanya sebelah gak niat cari pekerja lulusan smk pandang sebelah mata persyaratan gak banget cuih lamar kerja manapun hasilnya balas cman yayasan bodong alias kang tipu tipu doang dah hapus aja aplikasinya gak banget cuih,1,-8,negative
nggak login,1,1,positive
susah log in,1,-3,negative
udah x download aja ga login user mentok pemeriksaan cepat,1,-1,negative
aplikasi yg berguna,5,1,positive
enak bnget,5,5,positive
force close tibatiba dive mendukung,3,-2,negative
gak log in,2,0,neutral
gak login pdahal kouta sinyal full,1,0,neutral
aplikasi error login susah aplikasi berfungsi dg kecewa,1,-16,negative
kayak kebanyakan orang keluhannya linkedin masuk akunnya stick berhenti page lakukan pemeriksaan keamanan cepat tolong solusinya akunnya tolong teman ilang linkedinnya,1,5,positive
tolong perbaiki login verifikasi nya banget,1,4,positive
menyukai aplikasi membantu informasi butuhkan,5,6,positive
mantap cepat kerja,5,10,positive
s angat bagus,5,2,positive
good,5,5,positive
aplikasi yg smart,5,-4,negative
aplikasi login,1,-4,negative
aplikasi ga registrasi aja error buangbuang,1,-8,negative
berasa berfungsi,2,-2,negative
aplikasi gajelassss erorr,1,-4,negative
update ga login mohon diperbaiki terima kasih,1,6,positive
terimakasih aplikasinya semoga bermanfaat,5,10,positive
very good for conection and karier,5,5,positive
aplikasi rusak gak login gausah download,1,-5,negative
aplikasinya bagus,5,2,positive
awesome,5,0,neutral
biss login,5,0,neutral
heran daftar aja sampe pemeriksaan muter mulu sinyal udah bagus apk download,1,10,positive
valid menarik,5,4,positive
membantu dunia kerja,5,7,positive
siiip,5,0,neutral
aplikasi yg bermanfaat ketimbang sosmed,5,1,positive
ga login stick periksa keamanan cepat,2,-2,negative
aplikasi susah masuk ganti handphone ganti sandi email yg sdh,2,-4,negative
terimakasih linkedln wadah informasi lowongan pekerjaan,5,10,positive
knapa muter pemeriksaan cepat,1,3,positive
aplikasi bagus memiliki koneksi mencari kerja,5,-1,negative
good keep improve,3,5,positive
tdk berkualitas,1,4,positive
gak logindaftar muter verifikasi keamanan,1,0,neutral
aplikasi error masuk stick pemeriksaan keamanan cepat,1,-9,negative
mas mba maaff kih sedurunge sing bener bae dau wingi perbaharui kien ws jaluk perbaharui man iyaa dongdak ya kuota reangee,3,9,positive
ngestuck login verifikasi keamanan load ga berenti,3,-3,negative
uda bbrp nyoba utk daftar boro daftar banget ga masuk sampe kesel,1,-7,negative
linkedin bermasalah udah bergabung pake gmail akun google gak reset sandi dah coba berhari aja gk perubahan berhenti pemeriksaan cepat jaringan dah diubah pake wifi data aja akun aja ayo la linkedin respon nya,1,8,positive
menarik info pekerjaan pekerjaan mengikuti linkdln,5,10,positive
lowongan kerja indonesia menyeleksi kandidat nya seleksi dewa hujan dewa petir dewa matahari aneh,2,6,positive
emang enak kalo dibuka hp biar tawaran kerja,5,8,positive
responsif apliaksi nya,1,0,neutral
error block by csp mulupadahal dipaketiba aja error,1,-13,negative
,5,0,neutral
susah x login tolong respon,1,2,positive
br download semoga bagus,4,2,positive
tolong perbaikan bug nya bug login ngestuck load pemeriksaan keamanan cepat tolong perbaiki bug nya english please fix the bug bug when i want to login back in but it get stick in the load section because of the fast security check please fix the bug,1,7,positive
pemeriksaan keamanan cepat lamaa bbi,1,3,positive
there be many twist and turn that i encounter when i start build a linkedin account but because i never give up on anything i manage to find it easy to work i hardly ever even look for a job myself now thankyou linkedin the place to build brand and find the worlds top job,5,5,positive
goood nice,5,4,positive
membantu mencari pekerjaan membangun relasi informatif bermanfaat,5,12,positive
ga login aplikasi sepi wajar sih bentar gulung tikar,1,-1,negative
informatif membantu,5,4,positive
pemeriksaan keamanan cepat kemajuan,1,3,positive
bagus point aplikasi,4,-2,negative
dana tersedot autodebit aplikasi dana mencoba premium gratis tp berniat berlangganan tau membatalkan nya dana terpotong mohon dikembalikan dana dana lebaran mohon kebijakan nyaa non aktifkan premium nya,1,26,positive
aplikasi bermanfaat keren semangat tim linkedin sukses,5,4,positive
mw login g,2,0,neutral
payah instal update,1,0,neutral
membantu peluang kerja paruh,5,3,positive
lupa sandi dialihkan keamanan cepat sih butuh linkedin loh utk kerja kerja kerja akun udah gk dibuka sekalinya buka lupa password haha app nya buruk penanganan lambatmakaisj,1,5,positive
stick halaman pengecekan keamaan spek hp mumpuni gak rekomended bug nya,1,0,neutral
sengaja memperpanjang linkedin premium tolong kembalikan dana membatalkan langganan,1,11,positive
great application,5,3,positive
linkedin top banget,5,6,positive
good aplikasi loker,5,1,positive
saldo dana terpotong jt manfaat apapun aplikasi pengembang mohon kembalikan saldo ambil,1,3,positive
gak masuk daftar pake akun google gak akun fb gak hadeeeeeeeeehh bikin emosi aja,1,2,positive
stick halaman pemeriksaan keamanan doang,1,1,positive
linkedin eror stick mari lakukan pemeriksaan cepat hubungi cs nya login pas login ya lagiii,1,10,positive
recommend application for both recruiter and job seeker,5,0,neutral
bermanfaat,5,5,positive
service cup sealer tasik mendukung aplikasinya,5,0,neutral
aplikasi mantul deh the best no word word,5,-4,negative
sulit login semoga cepat diperbaiki,1,3,positive
good apply,5,5,positive
aplikasi nya bagus sih cari kerja email nya spam banget blokir lapor spam emailnya ttp masuk email tenggelam bawahhh,1,-12,negative
ga masuk apknya muter doang ga,1,-2,negative
susah login nya ladang mulu gmn sih,1,-5,negative
up to date infonya,5,0,neutral
alhamdulillah kali pekerjaan jaringan aplikasi membantu banget terimakasih linkedin,5,17,positive
tolong aj download koq ngebag pemeriksaan cepat aj terusan,1,6,positive
mantab informasi berguna,5,7,positive
login akun pemeriksaan keamanan cepat lamaa bangett,1,1,positive
membantu berusaha mencari pekerjaan semoga pekerjaan aamiin,5,12,positive
bisnis lancar,5,7,positive
aplikasi nya digunakanstuck pemeriksaan cepat,1,-1,negative
ga log out trus verifikasi keamanan loadingnya gk kelar kelar mumet pala gw,1,2,positive
i can not login into my account why tulisannya pemeriksaan keamanan kuota oke gabisa login wee,1,-2,negative
link mudah angkses,5,4,positive
good,5,5,positive
stick halaman verfikasi lemot,1,-5,negative
keamanan buruk,1,-5,negative
pengalaman bnyak brpindah pekerjaan kebutuhan kepeluan anak berat hidup mencari nafkah,5,8,positive
referensinya membantu,5,4,positive
bagus network upgrade pengetahuan,5,6,positive
aplikasi bermanfaat,5,1,positive
aplikasi gajelas uda akun udah ngisi data nya profil lengkap ga sampe masuk login akunnya ilang langsung disuruh login ulang lakukan pemeriksaan keamaan cepat dlakuin lemot alhasil gabisa login tolong diperbaiki aplikas gajelas,1,-11,negative
pekerja keras,5,3,positive
udah daftar linkedln blm satuoun dpt panggilan,3,1,positive
mantaaapp,5,0,neutral
bagus,5,2,positive
like linkedin,4,0,neutral
sekedar informasi susah mendaftar pilih gambarpilih gambar kodok poaisinya normalkalo susah silahkan kunjungi website linkedin nya mendaftar,1,0,neutral
login memakai aplikasi ko jelek,1,-9,negative
stick pemeriksaan keamanan cepat udah akun problem nya,1,-1,negative
mudah mencari peķerjaan,5,1,positive
good job,5,5,positive
highly reccomended for employee employer job seeker head hunter procurement sales hr etc many things i can get ie job vacancy information general information etc,5,0,neutral
susah akses masuk pake email fb load payah,1,-4,negative
membantu informasi n interaksi dgn teman teman,5,9,positive
perfect,5,0,neutral
terima kasih,5,4,positive
use indeed bro cant sign up this app for a long time,1,0,neutral
beranda linkedin bermasalah dimana beranda menampilkan informasi apapun pemberitahuan reset install ulang aplikasi,2,-3,negative
cant make new account,1,0,neutral
pemeriksaan cepat ditunggu jam muter muter nyalahin internet internet lancar banget,1,6,positive
susah banget login doang astaga,4,2,positive
aplikasi nggak cuman load doang,1,-2,negative
ayo team linkedinsegera perbaiki login frustasi,1,2,positive
bagus membantu,5,6,positive
tolong aplikasi lindedln fitur penghemat data boros paket data,1,-8,negative
,5,0,neutral
tolong perbaikan buka linkedin login akun via google ngebug error,1,4,positive
balikin uang terpotong akun premium gimana yaa parah dana terpotong jt rupiah,1,-5,negative
akun dibajak x sehari tau laporkan tindakan hack kecewa,1,-3,negative
masukcaptcha pemeriksaan keamanan cepat muncul,1,4,positive
akun tibatiba diambil alih pengalaman kerja hapus akun nama pengguna ganti akun terindikasi rekruiter palsu tolong bantu akun,1,11,positive
woi admin susah kali loginnya verifikasi keamanan muncul kasih lha solusinya gimana,1,3,positive
always get restricetd,1,0,neutral
login dgn email load keamanan yg kunjung selesai,1,5,positive
blm tau fungsinya,2,-4,negative
aplikasi jelek relogin proses,1,-8,negative
user udah daftar ga login udah download kali aja ga masuk,1,-1,negative
bug gk,1,0,neutral
linkedln smua muda terhubung dunia,5,-1,negative
udah ga login likendin lakukan pemeriksaan cepat udah ganti akun tetep kayak gitu tolong perbaiki,1,6,positive
seruuu yaa,5,0,neutral
ribet login nya gbisa dftar gabisaa,1,-4,negative
,4,0,neutral
a funtastic app,5,0,neutral
memuaskan coba aja link in kalo post video hasilin duit rajin upload nya,5,12,positive
linkedin ganguan login susah,1,-3,negative
loding nya banget,1,1,positive
,5,0,neutral
memmbantu mencari info loker,5,-6,negative
stick pemeriksaan keamanan cepat,1,3,positive
ngw stick pemeriksaan keamanan trs pdahal jaringan bagus,1,5,positive
perbaiki sistem aplikasinya bobrok banget stick mari lakukan pemeriksaan uda ganti jaringan tetep aja ga tembus,1,6,positive
linkedin stick halaman pemeriksaan keamanan cepat coba berkali kali berhasil laporan website linkedin pas selesai isi dikirim tolong linkedin perbaiki fitur pemeriksaan kemanan cepat buruk mengganggu tolong perbaiki bug semacamnya,1,20,positive
ga log in akun lagistuck mari lakukan pemeriksaan keamanan cepat,1,7,positive
masuk,2,-3,negative
susah connect rewelmint passwordkyak njolong diatmgevaarlijk zeg ben jij lkdin link edan ben jij,3,-6,negative
butuh aplikasi buffer login,1,-9,negative
cepet lahh weh benerinnn buffer mulu udah seminggu,1,4,positive
aplikasi membantu mengembangkan karier,5,0,neutral
ga aplikasinya ga login mentok keamanan mutermuter mulu hadehhh,1,-3,negative
very helpful power and new job,5,0,neutral
nice,3,4,positive
jelek gk login,1,-5,negative
gk jelass aplikasi bloon,1,-7,negative
pemeriksaan keamanan cepat eror login,1,-1,negative
ko ga login sih mari lakukan pemeriksaan keamanan cepat aneh,1,11,positive
gabisa login stick layar utama,1,0,neutral
manfaat tuk berbagi multi disiplin orkestrasi pengetahuan dunia,5,15,positive
,5,0,neutral
login,1,0,neutral
halo pengalaman sukarela bahasa sertifikasi pendidikan sma penghargaan proyek tolong bantu terima kasih,3,17,positive
susah masuk,1,-6,negative
login nya susah,1,-3,negative
fitur mari pemeriksaan cepat mohon diperbaiki aplikasi stick memasuki fitur,1,7,positive
more than million people use it it will be great,5,3,positive
bagus aplikasinya membatu,4,4,positive
akun log out login stick halaman mari lakukan pemeriksaan cepat muter muter error ganti wifi cepat error tolong diperbaiki bagus aplikasinya pekerjaan linkedin melamar hr tolong diperbaiki akun terimakasih,1,19,positive
login,3,0,neutral
good,5,5,positive
aplikasi paksa perusahaan yg tentukan linkedin perusahaan yg tentukan perusaan negeri,1,-2,negative
aplikasi membantu mencari pekerjaan,5,0,neutral
good app,5,5,positive
hello link knp hlmn link tdk menyngknan lembran,5,2,positive
pemeriksaan keamanan gua dwonlod anjir,2,-2,negative
ga instal min,1,0,neutral
login susah banget,1,-2,negative
kecewa habisa login stick disitu situ aja,1,1,positive
berhenti,5,0,neutral
buruk udah daftar fb email google tetep aja gak nunggu perubahan tetep aja ngestak disana ngarahin web mohon perbaiki aja berfungsi,3,6,positive
aplikasi yg bagus,4,-2,negative
gak,1,0,neutral
pengguna linkedln update login akun mohon developer memperbaiki aplikasi linkedln,1,-1,negative
aplikasi rusak gak login tulisan mari lakukan pemeriksaan cepat load banget ditunggu aja muter mulu,1,12,positive
terbaik,5,5,positive
kenpa ngebug ya kak tolong perbaiki,2,7,positive
kecewa akun yg dl usee dg follower k ambil alih org ga pdhl udh verifikasi langkah eh bikin merintis udh th skrg ga dibuka apk tdk mendukung perangkat suruh hubungi developer gmn sih,1,-3,negative
loker sopir b,4,0,neutral
pemeriksaan keamanan cepat ga login tolong apknya perbaiki,1,6,positive
pengalaman bagus aplikasi terima kasih,5,4,positive
pengalaman terburuk aplikasi developer belajar ya,1,5,positive
goodluck,5,0,neutral
menyenangkan,5,4,positive
sampah login,1,-4,negative
daptar pakai ktp eh gk masuk pripikasi ktp aja gk masuk aplikasi gk moga aja data dlm gk salah orang,2,-14,negative
kali instal uninstall linkedin bergabung login jaringan jaringan baikbaik tolong perbaiki linkedin ya,2,9,positive
allah sumpah ga link in tbtb ngambil uang orang sumpahhhhh,1,8,positive
bagus orang mencari pekerjaan,5,2,positive
smoga bermanfaat pastinya,5,5,positive
coba berkali kali aja susah masuk login nya,3,-3,negative
woy linkedin gbisa login gmn sih,1,0,neutral
susah login,1,-3,negative
sengaja pembayaran premium google play mohon kembalikan uang,1,2,positive
sumpah susah bnget masuk nya akunya udah ga masuk ga tau aneh,1,-7,negative
ga login,1,0,neutral
informasi positif,4,6,positive
gak perbaiki halaman login nya stick pemeriksaan keamanan cepat tunggu sampe load tolong diperhatikan login susah andalan aplikasi,1,0,neutral
semoga gw dapet kerjaan jir cape nganggur,5,-6,negative
okeh,5,0,neutral
,5,0,neutral
reset password gagal page not find,1,-2,negative
gbsa daftar akunstuk pemeriksaan,1,1,positive
login nya susah banget nge load sampe tinggal solat ga kelar prosesnya ga gini,1,3,positive
lowongan pekerjaan gagal mulu kalo mode hp tolong benerin linkedin biar post loker hpmobile,3,5,positive
daftar besoknya login berhenti status mari lakukan pemeriksaan cepat login,2,8,positive
akun,5,0,neutral
mengerti aplikasi mohon bantuannya bimbingan nya kk,5,-3,negative
mantap sesuai harapa,5,8,positive
akun terbuka,1,3,positive
bagus,5,2,positive
logout pas login akunnya ilang teman mengalami sulit login sulit akun ramah,1,6,positive
manfaatnya informatif dibanyak aspekterimakasih,5,3,positive
parah gag login,1,-5,negative
gabisa login,1,0,neutral
awesome,5,0,neutral
semoga,5,0,neutral
kecewa linkedin berlangganan premium saldo aplikasi dana ambil nominal rp mencoba ajukan claim dana refund tolak,1,-2,negative
berguna,5,5,positive
ok aplikasi,5,0,neutral
ga login,1,0,neutral
buruk pemeriksaan keamanan login akun diperbaiki aplikasi linkedin kecepatan diatas mbps memuat captcha,1,-5,negative
bantu login,3,3,positive
i get a lot of informations about how to teach structure well,5,-5,negative
login mari lakukan pemeriksaan keamanan cepat tolong perbaiki servernya,1,10,positive
apk yg membantu pencari kerjaloker yg mudah utk melamar,5,8,positive
good for look job around the world,5,5,positive
professional aplication,5,0,neutral
baiknya,5,1,positive
sih lakukan pemeriksaan cepat maksudnya akun kehapus udah ga buka linkedn log out aja aneh banget,1,11,positive
login nya susah load pemeriksaan nya,1,-3,negative
terverikasi ok app nya,5,4,positive
every thing be ok,5,4,positive
aplikasi nya trimakasih membuatnya aplikasi keperluan mencari pekerjaan jawa doakan semoga cepat kerja menganggur aplikasi bermanfaat berguna manusia manusia aplikasi,5,10,positive
sulit login sulit daftar,1,1,positive
membantu mencari pekerjaan,5,4,positive
info yg diberioan membantu,5,1,positive
sulit login ya mohon perawatan nya,1,6,positive
worth to have and utilize this application on my daily basis very helpful to connect with executive people,5,0,neutral
ok,3,4,positive
gimana ceritanya gak login verifikasi captcha gagal mutermuter mari lakukan pemeriksaan keamanan cepat gak aplikasi browser pc aja,1,2,positive
good idea,5,5,positive
lelet banget,2,1,positive
linkedin login gagal teruspadahal koneksi bagus,1,0,neutral
perbaiki keamanan linkedin buruk akun diambil alih kontennya diganti notifikasi apapun diakses ganti password aktifkan verifikasi langkah login fitur mari lakukan pemeriksaan keamanan cepat login load tolong diperbaiki,1,12,positive
platform menghubungkan orang orang profesional berpengalaman newbie bsa pengalaman berkomunikasi bisnis sosial,5,13,positive
too many ads annoy,1,0,neutral
login mencoba akun berubah halaman pemeriksaan keamanan cepat selesai load,1,5,positive
linkedinku mendadak logout login pemeriksaan keamanan load terlama aplikasi sampah,1,-8,negative
akunlinkediin ku mudah kena hack tolong perbaiki algoritmanya terimakasih,1,5,positive
bermanfaat pencari kerja,5,7,positive
gabisa masuk gajelass verifikasi ampe poto sim ktp gabisa aplikasi gajelass ppek,1,-7,negative
ok bgt,5,4,positive
màntàp,5,0,neutral
bermanfaat utk bisnis,5,8,positive
skli,5,0,neutral
cant login keep reload,1,0,neutral
good apps,5,5,positive
susah daftar link,5,-2,negative
mendapt pengalaman,1,2,positive
informasi dunia kerja,5,5,positive
masuk pemeriksaan keamanan cepat mohon perbaiki,1,2,positive
aplikasi ribet gak gampangan ngari kerja glint simpel coba ubah app glint,1,-1,negative
login aja susah bgt anjj,1,-2,negative
tolong kembalikan uang uang setoran,1,3,positive
mohon dimuat loker kadaluwarsa,5,2,positive
masuk ngestuck,1,-3,negative
bagus inovatif,5,2,positive
membantu mencari kerja,5,3,positive
terbaik,5,5,positive
mohon bantuannya aplikasi linkedin tibatiba kebuka,1,-2,negative
mohon dana kembalikan berlangganan sepengatahuan k,1,8,positive
aplikasi elegan,5,0,neutral
linkedin bagus,5,2,positive
download bufferingnya kelewatan,1,0,neutral
usefull,5,0,neutral
kereen,5,0,neutral
durasi login membuang kesabaran dibutuhkan,1,1,positive
masuk daftar aja susah muter gak pake jaringan wifi,1,-1,negative
linkedin ngga masuk stick pemerikasaan keamanan,1,-5,negative
app inibertemu orang profesional dibidangnya,5,0,neutral
login smpe x ga tolong perbaiki login malem ga pagi ga siang ga apk gajelas,1,3,positive
verifikasi aja belibet libet wak sodorin verifikasi profile fitur verifikasinya jelek,1,-4,negative
nyoba,3,0,neutral
ga masuk ga tau,1,-7,negative
download login gabisaaaa,1,0,neutral
puas,5,3,positive
apk bosok,1,0,neutral
loginnya susah betuul pas udah login tau besoknya logout login gak,2,-4,negative
akun susah login pengecekan keamanan load nya,1,-3,negative
daftar berkalikali gk aneh,1,5,positive
very good apps,5,5,positive
kali akun ku ban sendiriii bikin cuman muncul mari lakukan pemeriksaan cepat tolong gimana mengatasinya,2,11,positive
mari lakukan pemeriksaan cepat what the hell with that word,1,7,positive
banget proses login nya,1,2,positive
mantap membantu,5,9,positive
kayaknya emg sengaja mo bikin pengangguran gajelas banget gw kmarin mo akun sibuk login keamanan trus gagal the best lorang bubar aja ni aplikasi,1,-12,negative
udh rusak developer nya ga login tau fix,1,-1,negative
goood,5,0,neutral
bagus,5,2,positive
mantap terbaik,5,10,positive
login muter muter,1,0,neutral
akun verifikasi captcha nunggu nya sampe berjam jam gabisa masuk gagal ngulang gitu captcha nya ggda muter muter tulisan mari lakukan pemeriksaan keamanan cepat,1,1,positive
applikasi sampah ga log in,1,-4,negative
tolong tindaklanjuti ga login,1,3,positive
kerja dibawah pimpinan presiden,5,5,positive
login susah cumak muter aja,1,-2,negative
akun udh berkali ban ditambah skrng login tulisannya mari pemeriksaan cepat maksudnya coba udh ditunggu berjam gabisa pas udh selesai halaman tersedia sistemnya dibenerin bermasalah mulu dah,1,18,positive
mantap lowkernya,5,5,positive
susah banget daftarnya app gajelas,1,-2,negative
gak login temanku scan foto diriku foto ktp temanku,1,6,positive
mendaftar susah login nya,1,-3,negative
load gak masuk,1,-3,negative
jelek bgt aplikasinya udh minggu login gabisa pemeriksaan keamanan cepat ga masuk aneh yg komplain tp gaada tindak gimana woi butuh kerjaan,1,-7,negative
akun link in gmail profilenya kosong menghapus akun permanen kemarin akun link in gmail berjalan lancar tibatiba masuk akun mari lakukan pemeriksaan keamanan cepat berhenti disitu mohon pencerahannya developer terima kasih,1,9,positive
terima kasih hadir,5,6,positive
bintang krn kerja sdh bln tiarap rumah,3,5,positive
susah login,2,-3,negative
permisi mengajukan protes linkedin contact support dll respon membantu akun terkena resticted alasan aktivitas terlarang respon membantu akun dikembalikan tolong contact support linkedin akun,1,20,positive
akunku tibatiba hilang sih ga banget kemarin habis kena hackkocak linkedin,1,4,positive
,4,0,neutral
susah login apk load nya lelet,1,-3,negative
susah loginnyaaa,1,-3,negative
susah login tolong pemeriksaan keamanan,1,0,neutral
buka perbaharui jaringan bagus,1,8,positive
pemeriksaan keamanan,1,0,neutral
gabisa login gajelas udah bikin email ttp aja load doang,1,2,positive
buka aplikasi aja verifikasinya banget udah berharap loh aplikasi,2,1,positive
aplikasi login akun mulu login akun verifikasi keamanan jam ga,1,-2,negative
ok good,5,9,positive
i already take a photo use my passport for identification but it require an epassport for scan not all countries have epassports dumb app,1,0,neutral
very good,5,5,positive
muter doank gak masuk dr hr,2,-3,negative
pemeriksaan keamanan cepat ga masuk masuk dah,1,-6,negative
jejaring yg bagus,5,2,positive
lupa password ga login aplikasi load,1,-3,negative
membantu ok,5,8,positive
erorr,1,0,neutral
tolong kembalikan uang rupiah berlanggan terpotong otomasi membutuhkan uang mohon bantuannya,1,2,positive
not work on my device,1,0,neutral
hp ga instal apk tulisannya aplikasi kompatibel teruss,2,-4,negative
daftar susah,1,-2,negative
ok sgt membantu,4,8,positive
ya allah dana dipotong google play langganan adakah solusi ajukan pengembalian dana,3,24,positive
woy linkedln ayolah beffering mulu perbaiki ga,1,2,positive
apk berfungsi semestinya persulit pengecekan keamanan pengunaan aplikasi,1,-4,negative
login stick pemeriksaan keamanan cepat coba apapun bisaa tolong diperbaiki,1,8,positive
bagus infonya,5,2,positive
membantu terimaskasih linkedln,5,4,positive
imfo y membantu,5,4,positive
benarbenar berguna a puas b puas c puas d puas pilih memuaskan puas,5,23,positive
menginstal via hp android coba pake iphone gabisa login,1,2,positive
keluhan pengguna rat,1,-2,negative
aplikasi ampas gabisa kebuka,1,-7,negative
lemot gabisa dibuka muncul tulisan lakukan verifikasi cepat tpi load mulu,1,1,positive
eror gimana udah update udah reset ganti akun dll masi gk dibuka,1,-1,negative
keren mencari partnership bisnis,4,0,neutral
stick pemeriksaan keamanan captcha muncul silahkan dibenerin webnya captcha nya block by csp,1,0,neutral
dibuka,3,0,neutral
buffring ulasannya,1,0,neutral
buffer,1,0,neutral
tolong susah benget ya login penggunaan login tibatiba terkeluar stick mari lakukan pemeriksaan keamanan cepat coba pakai email yg sampek verifikasi ktp,1,14,positive
jelek tibatiba login udah gak tolong perbaiki aplikasinya orang membutuhkan fresh graduate butuh info loker please admin,1,-15,negative
uang tepotong akun dana berlangganan tolong kembalikkan uang sya aplikasi sekedar akun,1,5,positive
sulit login instal daftar,2,1,positive
saldo dana terpotong rp berlangganan jahat banget,1,2,positive
bikin tp pas masuk gak buffer,1,0,neutral
loginnya min butuh eventtttt,1,-5,negative
login stick verifikasi cepat load ga masuk coba apps browser pakai hp pakai tab pakai laptop login service center gajelas hubungin kemana pulak,1,0,neutral
akun muncul tulisan mari lakukan pemeriksaan cepat tunggu sekian buffer muncul halaman tersedia liat review protes yg desember sampe ga perbaikan,1,16,positive
,4,0,neutral
gk masuk,1,-3,negative
error mulu dah app mempermudah mempersulit,1,-9,negative
woy eror woy ga login bug woyyyyy,1,-4,negative
log in linkedin stick tampilan verifikasi keamanan hp laptop solusinya,1,4,positive
masuk akun,1,-3,negative
ribet laporan tdk,1,-9,negative
tolong bantuannya akun basa login sandi pin mereset ulang pin da sandi muncul bug error tampilan menunggu mohon bantuannya kegiatan tertinggal up linkedin,1,-1,negative
suka aplikasi linkedin baguss ya pas coba post linkedin error load,2,3,positive
tolong perbaikanny pliss,1,3,positive
keren,5,0,neutral
membantu mencari pekerjaan,5,4,positive
mantab bantu,5,3,positive
mendaftar kali karna tetus buffer mari lakukan pemeriksaan keamanan cepat dicoba mencari informasi internet hasilnya nihil,1,4,positive
saldo dana tibatiba ditarik rp berlangganan mohon bantuannya pengembalian dananya layanannya,1,10,positive
gagal login solusinya ya mohon bantuannya,1,5,positive
ga ngelag pemeriksaan cepat,1,3,positive
bug stick security check,1,1,positive
bisnis online dikenal,5,3,positive
aplikasi cacat ga login ga buffer pemeriksaan keamanan ga perbaiki cacat,1,-14,negative
login aplikasi eror mohon perbaiki,1,-6,negative
informasi lowongan kerja akurat memuaskan recommend,5,9,positive
poor aplication i have lose my job because my account be block suddenly without any logical reason very disappoint,2,-8,negative
kompatibel perangkat,1,0,neutral
errorr gbisa daftar mari lakukan pemeriksaan keamanan apacb,1,5,positive
aplikasi aneh akun login buffer pemeriksaan keamanan aneh konyol,1,1,positive
lemot bgtvsetelah diperbarui pemeriksaan keamanan ga kebuka pdhl koneksi udah stabil,1,0,neutral
serba bayar kirim pesan aja musti premium bayarnya mahal banget,1,10,positive
pengguna linkedin pas login tulisannya mari lakukan pemeriksaan keamanan cepat buffer yaa,1,11,positive
faster and detail,5,2,positive
pemeriksaan keamanan cepat halaman web terdeteksi,1,3,positive
mantapsemoga kedepanya,5,0,neutral
susah daftarsudah isi nomor isi kode error isi nomor pas isi kode error kode gak kirimkirimentah maunya,1,-12,negative
login stick tulisan pemeriksaan keamanan cepattolong diatasi,3,0,neutral
aplikasi bagus cari kerja,5,-3,negative
penuh pengalaman,5,2,positive
oke banget,5,3,positive
cacat,1,-5,negative
mereset password,1,0,neutral
aplikasi gk berfungsi sm menyebarluaskan data pribadi aja gk membantu,1,-2,negative
membantu mencari referensi kerja,5,3,positive
aplikasi ga gimana sih aplikasi buka tulisan mari lakukan pemeriksaan keamanan cepat mulu heran dah,1,5,positive
susah banget login load masuknya unlimited,1,-2,negative
apk ga,1,0,neutral
fungsi apl,3,0,neutral
contoh ulasan bahasa inggris meningkatkan daya tarik linkedin ulasan profesional highly recommend nama consistently deliver highquality work and demonstrate exceptional expertise in bidang keahlian ive have the pleasure of work with nama on several project their attention to detail creativity and professionalism be truly impressive nama be an outstanding professional with a deep understand of industribidang thei,5,9,positive
berhenti berlangganan sulit prosesnya,1,2,positive
ga login buffer teruss,1,0,neutral
ga login akun,1,0,neutral
min daptar koq susah banget nunggu verifikasi keamanan nya,2,-1,negative
mohon infonya aplikasi linkedin buka,4,1,positive
aplikasi yg membantu dunia pekerjaan,5,4,positive
terbaik,5,5,positive
mempermudah indormasi kerja,5,-1,negative
muter gak login,1,0,neutral
didownload ya apk nya,2,4,positive
akun kena hack coba ambil alih sesuaikan data diubah orang dikenal akun nggak login komplain linkedin nya dibilang nggak akun melanggar ketentuan login mentok verifikasi akunnya kena tangguhkan kena sangsi tolong admin keringanannya,1,-23,negative
menurutku puas terima kasih,5,7,positive
why when i open the linkedin appwebsite i always get stick on quick security verification i have try uninstalling and instal the app and i have try clear the cache but it be still the same,1,-5,negative
login akun load tulisan mari lakukan pemeriksaan keamanan cepat,1,7,positive
mereferensi,5,0,neutral
menarik,5,4,positive
aplikasi yg membantu,3,0,neutral
menghargai privasi penyebaran data informasi gampang lolos,1,-1,negative
masuk nya gimana woy gw memeriksa keamanan cepat lamaa banget gabisa gabisa,1,-4,negative
lancarkan situs,5,3,positive
informatif,5,0,neutral
nice apk,5,4,positive
update januari coba login aja ngga berhenti mari lakukan pemeriksaan cepat coba mah namanya ngga update sampah,1,4,positive
daftar error mulu mentok dibuffering periksa keamanan cepat aja tolong perbaiki,1,-5,negative
,1,0,neutral
aplikasi gak login aja susah banget ngeblank muter mulu,1,-3,negative
good,1,5,positive
akun linkedin gak dibukaakses email penuh pemberitahuan seakan aktif berinteraksi,2,-1,negative
biaya premium nya kelewat mahal,3,3,positive
membantu,5,4,positive
coba kirimkn bintang dl,4,2,positive
berlangganan knp tarik,1,4,positive
linkedln ga login login hp laptop keteranganya mari lakukan pemeriksaan keamanan cepat mengganggu udh sejam tunggu harap linkedln mengatasi memperbaiki kesalahan terimakasih,1,15,positive
stick pemeriksaan keamanan cepat,1,3,positive
so far so good,5,5,positive
maaf kk gabisa download sih butuh banget cari pekerjaan,2,-2,negative
lemot force close,1,-7,negative
peluang bisnis dimana berjuang,5,3,positive
gimana daftar akun januari udah ngelengkapi profile akunnya index google minggu sekerang pas dicek akunnya pas login gabisa tertulis mari lakukan pemeriksaan cepat ditunggu reload webnya eror halaman tersedia gapernah login device satunya ko kena verifikasi gitu,1,10,positive
tutup akun g,1,-2,negative
senang pengetahuan dapatkan,5,11,positive
gk login payah,1,0,neutral
nomer telepon,1,0,neutral
download,5,0,neutral
membantu mencari pekerjaan mencari karyawan kompeten,5,4,positive
dibuka login muncul mari keamanan cepat ujungnya error,1,3,positive
login daftar dipersulit prosesnya banget pemeriksaan keamanan cepat inii memakan menit sinyalku aman lancar,1,5,positive
aplikasi linkedin bagus kalangan profesional,5,-2,negative
aplikasi nya membantu,5,0,neutral
aplikasi membantu,5,0,neutral
login gagal daftar berhasil logout masuk muter muter ja mulu gak masuk,1,-4,negative
tolong berkali kali mencoba login memiliki akun memiliki koneksi mudah mendapatkannya akun dibajak berubah nama mencoba login verifikasi ktp aplikasi merespon mencoba login buffer pemeriksaan keamanan mohon diperbaiki,1,10,positive
membantu proses mencari kerja informasi pekerjaan dll,5,9,positive
gimana ya buffer mulu login laptop jg susah error perbaiki sistem nya platform gini,1,-6,negative
linkind membantu menemukan job yg sesuai fengan talenta,5,13,positive
akun nugguin verifikasi keamanan truss,1,0,neutral
memeriksa keamanan,1,-5,negative
pengetahuan,5,4,positive
suka aplikasi initolong dihapus aplikasii hp,1,-1,negative
aplikasi,5,-4,negative
ya gk masuk udah minggu halaman web tersedia,2,5,positive
buka,2,3,positive
gabisa login developer gajelas buruan perbaiki bug nya update apk nya,1,1,positive
masuk gabisa bikin akun,1,-3,negative
,4,0,neutral
,3,0,neutral
ok,5,4,positive
suka,5,3,positive
mantap,5,5,positive
mantap,5,5,positive
helpful,5,0,neutral
download apk linkedin,5,0,neutral
membantu,5,4,positive
ok mantap,5,9,positive
buffer mulu jirr download,1,2,positive
cv,5,0,neutral
mantap euyyy,5,5,positive
susah loginnnnn,1,-3,negative
akun masuk erorr,1,-3,negative
gabisa login mulu,1,2,positive
ayo berekpresi,5,4,positive
payah susaj login,1,0,neutral
alhamdulillah seneng banget linkedin cari kerja mudah panggilan doakan alda ya puasa panggilan kerja langsung keterima kerja aaaminn,5,23,positive
teman kepercayaan bergabung mantap,3,4,positive
tolong kembalikan uang terpotong otomatis gopay memasukan pin,1,3,positive
im sorry but this app be break,1,-4,negative
tolong perbaiki menu registrasi mendaftar error pemeriksaan nya,1,-2,negative
linkedin grow professional network and carrier opportunity,5,0,neutral
loginnya susah bngt tolong diperbaiki,1,0,neutral
masuk angin gk login,1,-3,negative
load login tibatiba logout masuk logout tolong diperbaiki bug sistemnya,1,0,neutral
tertarik dunia linkedin informasi komunikasi bidang universal service membantu pekerjaan,5,14,positive
membantu mencari peluang kerja pengembangan enterpreneur,5,6,positive
login aplikasi,1,-4,negative
loadingnya stick sih pas daftar udah,1,4,positive
stick on load for login linkedin,1,0,neutral
nggak masuk aplikasinya,1,-2,negative
membantu informasi ilmu pengetahuan peluang karir bisnis dll,5,17,positive
tolong iklannya suka muncul dmana bosan bgt,1,7,positive
login muncul mari lakukan pemeriksaan cepat cepat mata kau puqiiii,1,9,positive
direkomendasikan pencari kerja,5,2,positive
oke,4,2,positive
apk in keren banget my soulmate butuh kerja gabung,5,-7,negative
aplikasi error kah gak login yak pemeriksaan keamanan cepat mulu tulisannya ujungnya tulisan website error kocak dah,1,-14,negative
mohon maaf susah login ya kali dn jeda ttp tdk login mohon bantuanya terima kasih,2,11,positive
aplikasi bagus memudahkan orang orang mencari lowongan pekerjaan online,5,1,positive
aplikasi cacad tololl anehh login muter menerus,1,-4,negative
susah login pemeriksaan keamanan stick,1,-3,negative
masyallah,5,0,neutral
mantaaap,5,0,neutral
ga donlot,1,0,neutral
gabisa login daftar,1,1,positive
bagus ok,5,6,positive
log in,1,0,neutral
warrr,5,0,neutral
ok suda coba ya,4,10,positive
bagus aplikasinya suka lamalama suka terbiasa,5,11,positive
nilai,5,5,positive
i m welder,4,0,neutral
sangatt berguna,5,5,positive
tutor log in linkedin donggg gak masuk dh,1,-3,negative
verifikasi aja ribet,1,-3,negative
produk yg,5,3,positive
stick pemeriksaan cepat,1,3,positive
login muter mulu koneksi stabil,1,7,positive
mantaf,5,0,neutral
semoga bintang membantu sukses impian tercapai membawa keorang tua umroh amin semoga semuah gru linkedin jaya sukses sllu,5,19,positive
ni apk,5,0,neutral
aplikasi kotoran membantu jual iklan publikasi kinerja perusahaan apl miskin negara miskin,5,-9,negative
apk gak stick pemeriksaan keamanan menerus,1,0,neutral
dear developer pengelola aplikasi mengalami kendala login sebulan membantu hubungi terimakasih,4,10,positive
login,2,0,neutral
login ya,1,4,positive
mantup,5,0,neutral
like,5,0,neutral
pas daftar terhambat pemeriksaan keamanan cepat,1,3,positive
kalo ngga kaasih bintang mend ngga kasih deh gagal sign up teruss ga,1,-6,negative
wonderful make easy my task and always support thank note we can discuss everythink about business and management from new relations,5,8,positive
gabisa repost postingan,2,0,neutral
tolong akun email akun perbaikilah tolong aplikasinya,1,6,positive
mentok buffer pemeriksaan kecepatan sinyal mulu gk jls apk tolong maintenance,1,4,positive
daftar akun tp ngga kecewa rekomendasi nya bagus,1,1,positive
yah akun linkedin nya g login pdhl buka trus disuruh verifikasi identitas udh selfifoto ktp tpi g terbaca pdhl udh bngt fotonya tolong bantu solusi nya gimana nnti klo udh dibantu bintangnya dikasih,2,14,positive
memasak kuali,5,-3,negative
keren apic orangorang terhubung perbedaan status aplikasi menguntungkan belah profesional,5,-7,negative
akun kena hack verifikasi kali akun membuka akun hacker membeli akun premium bayar akun setelahnya kena hack bagus,1,-7,negative
knp login nya ya,2,4,positive
gak dpt kerja dsni wkwkw,2,2,positive
buffer mulu login,1,2,positive
dpt bnyk info kerjaan good job,5,4,positive
rindu,5,2,positive
knapa masuk eror masuk,4,-10,negative
nyepam banget email,2,1,positive
gabisa masuk pemeriksaan cepatnya buffer,1,-3,negative
niat aplikasi nggak niat hapus aja butuhnya nggak dipake,1,-4,negative
g daftar akun stick pemeriksaan keamanan,1,1,positive
gk registrasi,1,0,neutral
tolong akun dibuka load nya tanda login ata load mohon linkedin turun tangan membantu login akun terpaksaa,3,9,positive
verifikasi nya gak ngerti indonesia maunya,1,0,neutral
woi gabisa login anjer napa coba ngestuck pemeriksaan keamanan cepat tolong solusinya apalah biar login gua kerjanya susah,2,-1,negative
keren habis,5,3,positive
ok,1,4,positive
nice,4,4,positive
bagusjadi informasi lowongan pekerjaan,5,5,positive
logi golgel gimana nya,5,0,neutral
selamat sore semoga lancar sukses,5,12,positive
ga loginbuat akun pemeriksaan cepat tolong diperbaikin,1,6,positive
mantab,5,0,neutral
ga bikin akun gimana sih gagal mulu lemot,1,-7,negative
aplikasi disarankan mencari informasi pekerjaan terhubung rekan kerja,5,5,positive
jejaring lingkungan positif vibes org dgn semangat berjuang berusaha penuh berdedikasi pembelajar etc,5,11,positive
ga akun,1,0,neutral
bagus,5,2,positive
gak login daftar stick verifikasi,1,1,positive
keren banget,5,1,positive
susah bener login nya gimana nihhh tolong error urgent nihh yaampun perbaiki errorudh bolak coba hasilnya tetep error terusss,1,-8,negative
informasi berguna pengembangan keahlian profesi peluang kerja,5,15,positive
verikasi log in bermasalah masuk akun,1,-3,negative
membantu dunia usaha kerja menambah jaringan pengetahuan,5,18,positive
gak daftar sih tulisan halaman web tersedia jaringan bagus,1,10,positive
linkedln masuklogin mode buffer menerus tulisan mari lakukan pemeriksaan cepat solusinya mencoba utk login dr laptop verifikasi hape kejadian status block by csp,1,9,positive
membantu informasi lowongan pekerjaan,5,9,positive
apalikasi mendukung karir pekerjaan,5,3,positive
susah banget loginya gabisa,1,-2,negative
tolol login aja gamau dongo,1,-8,negative
kemudahan koneksi orang orang share bermanfaat,5,10,positive
,1,0,neutral
wow,5,0,neutral
suka link mudah pahami mengibur content menarik mantap,5,16,positive
aplikasi luarbiasa member luarbiasaselamat berkiprah pencapaian terbaik,5,1,positive
apk paok dajjal tolol gk suruh msk no hp gk ad sms pakm,1,-7,negative
ab or bosun,5,-1,negative
donlod mudahn dpet kerjaan yag ccok,5,2,positive
puas,5,3,positive
admin akun kena hack ganti akun email gimana pertanggung akun ditutup takut aneh,3,1,positive
good,5,5,positive
tolong perbaiki ngelag gak login,1,3,positive
mohon maaf banget ya susah login udh akun nya mentok pemeriksaan keamanan cepat mohon perbaikannya,1,6,positive
ga daftar ga je,1,1,positive
tolong ganti handphone login bertuliskan mari pemeriksaan cepat tunggu neterrblockedbycsp gakbisa login,1,14,positive
pelajaran reset hp logout linkedin susah loginnya,5,-1,negative
aplikasi yg membantu mencari network pekerjaan bisnis pertemanan dll,5,3,positive
stupid job platform,1,0,neutral
membantu,4,4,positive
sih linkedin aneh banget akun isi data data diriku ntah experience study about profil akun kena restriced udah ajukan band kemarin ktp verif wajah dll pagi email restriced acc nya udh remove pas coba masuk linkedin muter muter tulisan mari lakukan pemeriksaan keamanan cepat gitu aja sampe,1,9,positive
linkedin business premiumnya mahal banget jtbulan,3,2,positive
need improvement,4,0,neutral
margono presiden republik indonesia,5,3,positive
terimakasih,5,5,positive
jos,5,0,neutral
ok mantap,3,9,positive
log out eror sdh install ulang,1,-4,negative
kenap tidk mendownload ya apk nya aneh,1,8,positive
driver,5,0,neutral
aplikasi nya update iya registrasibikin akun aja susah banget server nya bermasalah kah developer udah ngelakuin registrasi akun ujung ujungnya gak udah make no hplewat akun google facebookganti device hp laptop tetep gak mohon developer update ya registrasi nya dipermudah,1,-2,negative
namanya edit berubah huruf s susah banget login akun jugaa wkkw periksa keamanan lamaa ga selesai selesai,1,-3,negative
alhamdulillah terkoneksi,5,8,positive
terima kasih linkedin,5,4,positive
bug aplikasi diperbaiki,5,-4,negative
nggk login,1,0,neutral
ya ga login pake hp,1,4,positive
sangatt informasi menarik terbaik,5,11,positive
rumahtangga terpanggil menjadinseorabgnpemimpin partainpolitikkristen nasionalis kekristenan dot majumembangun bangsa mensejahterakanbangsa seta mencerdaskan bangsa menjauhkan korupsi daribangsa contoh dgn keringatsendiri spt sosok kakek sayaprofjmpanggabean yg punyaasset yg dijual ditinggalkan orang ygtidak tinggal kasih kristus,5,-2,negative
mantap,5,5,positive
kasih bintang error login nyasp tau masuk,5,-10,negative
downolad aplikasi ditarik rp duit ditarik otomatis persetujuan membeli aplikasi aplikasinya ya merugikan tolong bantu mengembalikan uang ambil,1,2,positive
bisanya akun ambil orang dahgimana ni linkedin data data gua gimana dalamnyajelek banget pengamanan nyasampe gua ga masuk akun,1,-19,negative
good aplicaton,5,5,positive
download login gabisa kek eror gitu tolong diperbaiki yaa terimakasih,2,4,positive
mulaii eh sistem pemeriksaan nya lemot banget,1,-8,negative
eerrŕvc kencing manis,2,2,positive
knapa sya tdk install apk lagimohon bantuan nya,3,0,neutral
haruskah mengganti perangkat kompatible aplikasi,3,-4,negative
say akun pas re install login gak error butuh banget coba pake akun tetep error tolong diperbaiki ya,1,-1,negative
ganti perangkat login ulang aplikasi menyuruh buka aplikasi linkedin nya tekan ya ya gimana tekan ya login coba web bener bener aneh email ga bale kek gini ga solusinya,2,27,positive
cargobandara jasa pengiriman cargo via udara mengirim paket pelosok daerah indonesia jasa pengiriman via udara murah solusi terpercaya layanan cargobandara melayani pengiriman express keseluruh indonesia,5,-2,negative
gak sign in sinyal cek apk,1,-4,negative
stak pemeriksaan keamanan cepat memasukan sesuai perintah stak,2,6,positive
percaya aplikasi,5,-2,negative
halo admin complain terkait pendaftaran coba kali menunggu menit masuk kendala server nya jaringan bagus lag perbaiki kali kasih bintang kalo pulih kasih bintang,1,6,positive
sunguh luarbiasa,5,0,neutral
membantu proses,5,5,positive
mudah pemeriksaan,4,4,positive
apalah linkedin daftar susah banget error mulu nyoba daftar pake email no telfon sampe fb gak web aja tolong profesional nya mudah bikin ribet,1,-1,negative
aplikasi rusak gabisa dibuka memeriksa mulu kontoool,1,-4,negative
kayak facebook,5,-3,negative
udh perbarui tetep aja gk dibuka,1,1,positive
nggak login nih load nya sinyal bgus klo kode prefikasi nggk masuk,1,-5,negative
login ampun,1,1,positive
susah banget login,1,-2,negative
susah login eror,1,-7,negative
nggak masuk login accountcuma stick load aja,1,-1,negative
assalamualaikum aamiin aamiin aamiin aamiin aamiin ya allah swt berfirman qs albaqarah ayat,5,18,positive
aplikasi gajelas login kemaren sampe gabisa error ga masuk,1,-12,negative
bug nya,1,0,neutral
this good link,5,5,positive
versi close aplikasi refresh tolong diperbaiki,2,-1,negative
apk login loadingnya eror udh diinstall ulang gitu gitu,1,-4,negative
back close selesai pencarian klik profil akun,1,0,neutral
force close google pixel a,2,-2,negative
app linkedin error mencari mesin pencarian terkeluarkan kehalaman wall search apapun error,1,-13,negative
,5,0,neutral
force close ya,4,2,positive
aplikasinya error,1,-5,negative
nge bug,5,0,neutral
fix the bug not run on android version,1,0,neutral
aplikasi the best,5,-4,negative
why open profile become crash and close the page,2,-9,negative
premium mahal ga worth it,1,3,positive
lq f,5,0,neutral
habis update apk nya,1,3,positive
tibatiba cek profil koneksi profil orang buka pesan otomatis beranda aplikasi update menu pembaruan google store log out log in berkalikali uninstall install emang gangguang,1,7,positive
tolong perbarui sistem verifikasinya banget developer perbarui sistem operasinya,1,-4,negative
perhari linkedin close force knpa ya,1,2,positive
gabisa login ya allah ga bgt kmrin skrg gabisa,1,9,positive
profesional jalani hubungan bisnisthanks,5,0,neutral
sangattttt mengecewakan login susahhhhh aplikasi bagus,1,-5,negative
great job hunter community application,5,3,positive
linkedin aada bugnya tolong dibantu diperbaiki aplikasi tbtb berhenti,1,1,positive
ga login akun,1,0,neutral
great app,5,3,positive
update android aplikasi linkedin jd gk pencarian profil orang profile tsb aplikasi lgsg force close,1,-10,negative
akun bajak loginsampah hapus team,1,-6,negative
tolong ya developer lu android ver ya update android kalo mo ganti basq,1,14,positive
login aplikasi error diupdate proses verifikasi gagal masukin password error,1,-17,negative
kasi bintang aplikasinya,5,-3,negative
susah akun eror pas verifikasi,2,-4,negative
cant make a new account since weeks ago,1,0,neutral
suka,5,3,positive
gk digunain gk tau knp gj nyari pekerjaan shrsnya dipermudah dipersulit heuuuh,1,-3,negative
menunggu melakua pmeriksaaan cepat aslinya lemot ak sampek daftar d hap leptop tp hasilnya tetep gimanamau d bintang,1,-4,negative
rockybali,5,0,neutral
gagal login berputar putar,1,-4,negative
error,1,-5,negative
buka pesan langsung halaman utama susah,1,5,positive
aplikasinya bagus ya pekerjaan hasil apply cv aplikasi linkedin,5,8,positive
chat akses eror,1,1,positive
cant login cant create a new one bad,1,-4,negative
login,1,0,neutral
gak support android buka link auto tertutup aplikasi nya halaman profil orang,1,-2,negative
min tolong bikin akun muter doang,1,4,positive
pengetahuan yg,5,4,positive
mantap aplikasi nya,5,1,positive
belajar ilmu penulispenulis ahli bidangnya masingmasing thx linkedin,5,7,positive
instal kemarin udah dicoba login,3,2,positive
aplikasi force close vivo android,1,-6,negative
login stick security verifikasi diperbaiki,1,0,neutral
mantap pooolzipp,5,5,positive
pas akun besoknya akunnya aplikasi login tuh stick pemeriksaan keamanan cek hp kakak akun nya udah ga alias ilang bikin akun ga ya,1,-6,negative
aplikasi ni ga dibuka verifikasi cepat nya sampe minggu lkebuka,1,-1,negative
ssya mengunakan ya,5,4,positive
server lemot pas verifikasi login parah,1,-7,negative
login pemeriksaan keamanan berjalan,1,0,neutral
hai suka linkedin tersedia lowongan kerja saran tolong lowongan melebihi minggu dihapus otomatis menerima lamaran,5,23,positive
sungguh bagus bermanfaat smua orang,4,11,positive
akun berhenti load periksa keamanan cepat tolong perbaiki,1,1,positive
tutup,2,-2,negative
kontollll,3,0,neutral
login perintah melakuksn pemeriksaan cepat lambat,1,4,positive
dapet kerjaan gak jels,1,4,positive
mengirim foto mengirim sms nomor bkin ya,5,7,positive
good platform,5,5,positive
aplikasi network bisnis yg konsisten kesempatan bisnis komunitas masukan konten post diluar bisnis peringatan diperingatkan bergeming baiknya dikeluarkan diblokir semoga linkedin innovatif,5,9,positive
good aps,5,5,positive
suka,1,3,positive
gak loginpemeriksaan keamanan banget ga berjalanpadahal sinyalkuota oke,1,3,positive
ribet login,1,-4,negative
linkedln platform terbaik masyarakat membantu orang dapatkan informasi terbaru,5,17,positive
ampas force close hp high aplikasi ampas,1,-12,negative
force close masuk menu profil profil orang vivo v pro android,1,-5,negative
terimakasih memberitahu aplikasi,5,1,positive
aplikasi memfalitasi pencuri data merugikan,1,-7,negative
verifikasi gabisa pake ktp pake paspor ga org pake paspor persona rd party linkedin tolong benahin ganti aja sumsub menyusahkan,1,11,positive
,4,0,neutral
please quickly fix the security verification bug that be so annoy,1,-3,negative
akun banget bekukan kali akun ban mulu,1,3,positive
tlg proses kn lbh trimakasih,5,8,positive
tolong perbaiki aplikasi dibuka utamanya membuka profil install uninstall hapus cache aplikasi call center dihubungi solusi cepat,1,-2,negative
in the verification menu not all countries use nfcpowered identity card this feature need to be on the feet again,3,0,neutral
situs pencarian kerja bagus,5,4,positive
masuk akun load stick din pemeriksaan keamanan cepat,2,0,neutral
login aja ga masuk,1,-2,negative
kebanyakan notif gak,1,2,positive
kompatibel asus zenfone,5,0,neutral
x bikin akun login sekalinya login jam ga login lakukan permintaannya verifikasi persona tpi hasilnya data terkonfirmasi sungguh mempersulit,1,1,positive
susah log in,1,-3,negative
bagus imfo lowongan muda tinggal klik nama perusahaan,4,4,positive
ya klik profile notifikasi kunjungin profil perusahaan teruss hapus cache uninstall intall tetep gak tetep ngebug,1,4,positive
i get many knowledge here,5,0,neutral
bagus pengerjaan pertemanan,5,2,positive
bugsaya login,1,0,neutral
r r t,3,0,neutral
mendownload aplikasi,3,-4,negative
diupdate,1,0,neutral
gblk nih aplikasi akun aja ampun hadeh,2,-10,negative
pengalaman kerja clean service,5,4,positive
force close gk,1,-2,negative
semoga aplikasi memuaskan,1,1,positive
ampas bener servernyamau daftar mentok pemeriksaan keamanan internet bagus,1,-2,negative
aplikasi yg mempermudah,5,-7,negative
yes okay,5,7,positive
buka konten profil membuka inbox langsung tertutul beranda fix thissss,1,7,positive
akun hack,1,-4,negative
login akun barupun load,1,0,neutral
bagus informasi,5,4,positive
top lambat,5,6,positive
linkedin pokoknya mantap update info lowongan kerja rekan rekan,5,9,positive
kompatibel perangkat,1,0,neutral
aplikasi berhenti update,3,-4,negative
,1,0,neutral
tolong dk loding,1,3,positive
ga pilihan sesuai profesi ttng asisten mahasiswa pdhl sy sdh ngetik homecare perawat lansia tp ga muncul,2,9,positive
bisaa buka apk nyaa,4,3,positive
applikasi membantu pencari pekerjaan,5,7,positive
udah daftar trs logout pas coba login gabisa mutertrs,2,6,positive
oke bangetbsays suka,5,5,positive
very good luck and thankyou so much,1,9,positive
nggak dapet akses,1,5,positive
login muter tolong diperbaiki,1,3,positive
parah close,1,-7,negative
layanan publik bidang olah raga,3,3,positive
puas,5,3,positive
membantu lowongan kerjaan,5,6,positive
bagus,5,2,positive
load setannnn,1,0,neutral
mudah terpecaya,5,4,positive
diperangkat tdk bs ya,2,4,positive
aplikasi,1,-4,negative
gabisa daftar login,1,1,positive
bagus fiturnyq,5,2,positive
login stick pemeriksaan keamanan cepat,1,3,positive
ayu lembayung,5,0,neutral
ga ga log in download auto hapus deh,1,-3,negative
,5,0,neutral
why always force close in iqoo,2,-4,negative
hi linkedln,5,1,positive
aplikasi suka otomatis,5,2,positive
aplikasi crash akses profil member,1,-6,negative
bergabung dunia maya,5,-3,negative
mantap,5,5,positive
force close mulu,1,0,neutral
suka aplikasi byak membantu,5,3,positive
jos,5,0,neutral
tolong team linkedin bug aplikasi versi terbaru membuka at ulasan profil orang langsung android device iqoo tolong diperbaiki bug,2,13,positive
aplikasi ribet login aja susah parahh bintang,1,-10,negative
mantap bergengsi,5,9,positive
bagus,2,2,positive
nomor sebar orang woi pesan nomor ponsel link anj,3,2,positive
x bikin akun pas udah bagus bagus nya nya kena hack jadiin akun orang ujungujung nya verifikasi trus udah ajuin dibilang melanggar trus blok aplikasi gampang bobol nggk make aplikasi,1,-13,negative
dicoba semoga manfaat,5,7,positive
puas,3,3,positive
gak d buka,1,3,positive
mantap maasyaa alloh tabaarokalloh ragukan الحمد لله الذي بنعمته تتم الصالحات,5,5,positive
tolong tim linkedin login terhambat stick load pemeriksaan keamanan cepat ditunggu aja gaada perubahan tolong solusinya,3,8,positive
mantaps,5,0,neutral
gud job,5,0,neutral
membantu pencarian kerja,5,6,positive
aplikasi linkedin membantu network mencari pekerjaan fitur rekomendasinya akurat,5,0,neutral
spam,1,-3,negative
lemot menyulitkan pulihkan akun ditutup,1,-5,negative
lemoot verifikasinyaaaa,2,0,neutral
membantu mengupgrade pengembangan cv menambah relasi praktis,5,17,positive
sbenernya aplikasi lowongan kerja cocok aplikasi iklan brand udah loker tanggapan pakai aplikasi,1,-3,negative
aplikasi bagus loker,5,-2,negative
gk verifikasi udah bener ktp nya,1,3,positive
ok google,5,4,positive
mantaplah,5,0,neutral
aplikasi crash ya menu profile langsung tolong bantuanya,5,2,positive
aplikasi kek gini verifikasi aja uda persulit menebak gambar pdahal verifikasi bintang next time perbaiki persulitt,1,0,neutral
susah banget bikin akunnya,3,-2,negative
linkedin platform profesional terbaik membangun jaringan menemukan peluang karier memamerkan keahlian fitur lowongan kerja personal brand linkedin learn alat esensial pengembangan karier antarmuka intuitif komunitas mendukung menjadikannya pilihan utama profesional,5,24,positive
login masuk verivikasi capca dipersulit,1,-3,negative
bagus terkoneksi rekan yg lainthanks sukses linkedin,5,12,positive
pelayanan aplikasi buruk masuk akun linkedin muncul verifikasi captcha berulang ulang,1,-8,negative
pt reka mulia konstruksi direktur pt bahtera bahagia direktur teknik direktur operasional general manager pt perdana karya direktur teknik,5,9,positive
niceee,5,0,neutral
aplikasi taekkkkkganti hp sj gag bs login lgsistem kemananya bosokkkkksy udah hilang akun,1,-1,negative
akun masuk kalinya akses akun dibatasi udah verifikasi pakai ktp bsa masuk tolong permudah verifikasi pakai ktp bsa masuk linkedin nya,1,-4,negative
aplikasi tolol gak berguna,1,-4,negative
tolong tim audit hapus akun berulang kali kunci sandi berulang kali eror jaringan internet cepat stabil berulang kali hapus akun ngk menerus kali dicoba kali ngk kunci sandi hapus akun habis update dicoba berulang kali ngk jaringan internet stabil cepat aja ngk kunci sandi hapus akun linkedln tolong dibantu hapus akun linkedln,1,20,positive
applications serve job and connect people,5,0,neutral
aplikasi yg bagus yg produktif,5,0,neutral
semoga apks lancar dikteal,5,4,positive
aplikasi kaga mutu,1,-1,negative
aplikasi uninstal,1,-4,negative
membantu pencari kerja penggunaannya mudah,5,10,positive
i like,5,0,neutral
est,4,0,neutral
login doang sulit banget,3,2,positive
pokoke berghuna,5,0,neutral
akun kode captcha valid sesuai instruksi,1,-3,negative
halo linkedln bangga aplikasi terima kasih,4,4,positive
tolonglah login aja dipersulit uda nyoba berkali pake verifikasi persona sim sampe ktp nga kameranya nga fokus kali pake scanner aja nga si tolonglah ni akun dipake msib,1,5,positive
udah cari kerja ga mulu tolong perbaiki pengguna aplikasi mencari pekerjaan kebanyakan s,1,3,positive
sarana sosmed yg berguna,5,5,positive
app keren,5,0,neutral
mempermudah mencari pekerjaan,5,-3,negative
diperbaiki terimakasih,5,5,positive
forceclose profil akun orang color os tolong fix bugnya,1,3,positive
force close lihat profil,1,1,positive
pho pho kung kung bun khiet sen ku yuen amsiong,5,0,neutral
linkedin have genuinely transform how i approach my career its not just a platform but a space to connect learn and grow professionally from insightful post to opportunities i wouldnt have discover otherwise its become an essential part of my daily routine highly recommend,5,0,neutral
ya verifikasi gambar sesuai ngulang sampe kali tolong perbaiki mempermudah login,1,9,positive
mencintai ff,5,3,positive
berguna menjalin koneksi orang teman rekruiter update terkait informasi lowongan pekerjaan berguna teman koneksi,5,16,positive
saldo disedot apk,1,2,positive
ohh,4,0,neutral
bgus,4,0,neutral
tolong diperbaiki sistemnya akun dibatasi pake kerjaan menghambat kerjaan verifikasi akun gagal,1,0,neutral
mantabs,5,0,neutral
masuk aplikasinya ngelag,1,-3,negative
one beauty,5,0,neutral
aplikasi network kerja bagus notifikasinya membludak perbaiki notifikasinya menggangu,3,0,neutral
aplikasinya bagus login akun verifikasi puzzle tulisan kode salah valid mohon perbaikannya,2,-3,negative
qqxćtet,4,0,neutral
best information,5,0,neutral
,5,0,neutral
aplikasi force close update oke akses website aplikasinya mohon perbaiki aplikasinya terima kasih,1,4,positive
mantap terbantu,5,5,positive
akun nonaktifkan udh gitu pas verif gagal verif gajelas bat rekomen bgt dh nyusahin org,1,-1,negative
suka aplikasi jarang kebuka aplikasi good,5,0,neutral
most recommend apps for self development,5,0,neutral
impresive all good stuf for the app expand properous for future,5,5,positive
melamar pekerjaan mudah,5,7,positive
iuh,4,0,neutral
semoga personal terbantu pekerjaan linkedin sukses linkedin,5,6,positive
always force close,1,-2,negative
cant search job filter by location,2,0,neutral
cant open my own profile or people profile it look like the app force close in my iqoo phone please fix it and ill change my rate thankyou,3,-8,negative
sesuai,5,3,positive
akun dibatasi banget akun pake identitas terpaksa akun tugas sekolah dibatasi gimana verifikasi dipersulit akun gampang dibatasi,1,3,positive
good jobb,5,5,positive
verifikasi mutermuter,1,0,neutral
gabisa login pdhl udh akun ribet bgt berkalikali verifikasi kode verifikasi ga masuk sms telpon ribet bgt sumpah,1,-11,negative
ubah email,1,0,neutral
i just create an account and it be hack i cant log in to my account this app be very break,1,-4,negative
nice experience and benefit use linkedin,5,4,positive
aplikasi nih buruk banget boro boro cari kerja login aja gagal,1,-16,negative
linkedin valid and reliable news steady,5,0,neutral
okeehh,5,0,neutral
gak tau gunain nya,1,-4,negative
mantapp,5,0,neutral
premium akun lowongan setingandan akun hrd bot,1,0,neutral
daftar susah login susah,1,-5,negative
satoriansyahputrosadiono pasang amplikasi inlinkiathsaya ret bintang,5,4,positive
lambat mengirimkan pesan,4,3,positive
pengalaman,5,2,positive
bug anjg,1,-5,negative
good info,5,2,positive
aplikasi bagus informasi pekerjaan pengetahuan,5,7,positive
numero uno,5,0,neutral
membantu pekerja pencari kerja perusahaaan,5,9,positive
okok,5,0,neutral
ff,4,0,neutral
the best,4,0,neutral
alhamdulillah linkedin bermanfaat menjalin hubungan profesional sukses salam,5,13,positive
membantu dunia loker an cuman sih kelasnya elit aplikasinya karna kualifikasi nya gak kaleng yg ditawarkan,5,7,positive
pengalaman kerja divisi market citybank lippo karawaci,1,4,positive
aplikasi bagus membantu,5,2,positive
narita inar,5,0,neutral
aplikasi ga banget udah ganti sandi karna sandi salah nomer email aktif eh salah ga login kemaren verifikasi mulu,1,-4,negative
albeth anak semut selesai,5,-1,negative
verifikasi berulangulang masuk akun gara verifikasi,5,-7,negative
impressive,5,0,neutral
aplikasi biasabuat mengamankan data cerita akun ku kemarin kena hack paniknya maintakut disalah respon admin linkedin alhamdulillah akun ku terimakasih linkedin,5,0,neutral
masuknya ribet verifikasi pilih gambar bikin esmosi gak masuk aplikasi nya,1,-11,negative
ooojolk,2,0,neutral
masuk akun aja susah banget,1,-4,negative
in the future i hope to join and become part of the exxas family,5,1,positive
there be a bug that i cant open my profile,3,-3,negative
good semoga bnyak memmbantu job seeker,5,5,positive
ketemu jawara industri,5,4,positive
masuk akun sandi salah pdahal sandi trus akun katasandi salah trus ga,1,-11,negative
aktip,5,0,neutral
membantu orang,5,4,positive
mencari kerja mudah,5,3,positive
liat,3,2,positive
its cool,5,2,positive
menambah relasi,5,6,positive
keamanan buruk berulangkali akun hack orang profile dirubah rubah inbok rekan bisnis mengecewakan,1,-5,negative
bagos,5,0,neutral
link well,5,0,neutral
jujur àkhir search linkedin ngaco nyari loker indo mlah yg akun gajelas parah gk kya tolong diperbaiki,3,-3,negative
force close,2,-2,negative
aplikasi merugikan uang dana hilang bayar langganan aplikasi inipadahal tau berlangganan aplikasi pemberitahuan notifikasi aplikasi inimain ambil langsung sajatanpa memasukin pin dana kerugian hadapi,1,-12,negative
linkedin media transformasi mendidik,5,3,positive
suka,5,3,positive
gak beli premium besok nya kena sesi gak bukak verifikasi muka ktp pas daftar gak verifikasi muka sma ktp semoga data gak,1,2,positive
ok pisan,4,4,positive
log in ulang susah nya bikin emosi ya teka teki nya giliran nebak teka teki bener pdhal yg salah ribet ga kaya,1,2,positive
very usefull,5,0,neutral
coba download app seiring perkembangan zaman semoga informasi pengetahuan,5,10,positive
thank you,5,4,positive
bgus,5,0,neutral
komplain linkedln dana ambil sepengetahuan refaund pengembalian dana,1,3,positive
the best aplication for professional,5,0,neutral
hasil kotak pencarian sesuai dicari buruk,1,-2,negative
aplikasi bisnis,5,-1,negative
linkedin android force close mengunjungi profil,1,-2,negative
kacauu gabisa buka profil force close,1,1,positive
best for new job,5,0,neutral
linkedin kamis kemarin fungsi filter pencarian ngaco sesuai munculkan beritainfo pengguna orang indialuar negri gak tau deh hack engga sekelas linkedin loh sereceh bentukan aplikasinya notabenenya user professional diperbaiki linkedin teruntuk mesin pencari search memfilter sesuai pencarian secepatnya pleasee,1,5,positive
mas bro aryo ijin yu yaudah i,5,1,positive
bagus meningkatkan kualitaspengembangan interaksi digital,5,5,positive
bagus peluang berkembang terimakasih,5,7,positive
tolong team linkedin coba pencarian filter jenis pekerjaan tambahkan kota muncul negara orang ya lokasi sesuaikan indonesia kota iklan negara tolong perbaiki,1,15,positive
simple communicative fast responde and easy to be use,5,3,positive
masuk aja verifikasinya gak,1,-2,negative
aplikasi bagus tingkatkan depannya,5,-2,negative
overall bagus,4,2,positive
selamat malam saldo sy dr dana tertarik otomatis tolong linkedin uang dikembalikan,1,18,positive
semenjak update filter nya ngaco,1,0,neutral
aplikasi terbaik media sosial profesional,5,5,positive
blnjd lbih praktis,5,4,positive
bagusss,5,0,neutral
aplikasinya aneh banget sulit diakses login udah daftar,1,6,positive
i personally go with you everything will be fine for you,5,3,positive
awesome,5,0,neutral
oke,1,2,positive
bagus linkedln generasi rasi muda penerus banyaknya loker persyaratan loker khusus bg anak anak muda yg men mahasiswasiswi kesem patang bg tamatan sma nggak ber laku nampaknya kembangan zaman kemajuan yg tamatan sma bnyk yg menganggur,5,-11,negative
mengerti ngisi,1,2,positive
blajar mohon bimbingannya,5,2,positive
great application,5,3,positive
apk burik sampah,1,-4,negative
rant linkeng,5,0,neutral
repot,3,-5,negative
aplikasi ribet tampilan membingungkan,1,-7,negative
up for my connection,5,0,neutral
,5,0,neutral
aplikasi terkeren,5,-4,negative
lamaran kerja,5,2,positive
coba,5,2,positive
tolonglah linkedin keseringen ngeban akun orang email akunku dibatasi x udah isi foto lengkap ga unsur negatif ga unsur plagiat apaapa diverifikasi sistemnya diperbaikinlah,1,7,positive
hiburan,3,0,neutral
aplikasi tolol login aja susah bgt,1,-11,negative
mntap appnya,5,0,neutral
,5,0,neutral
kaga dapet panggilaninterview ga worthit gw hapus,1,-1,negative
aplikasinya mudah dimengerti tp biaya pemasangan iklannya mahaldan penggunanya orang yg mencari pekerjaan menciptakan lapangan pekerjaan sulit mencari buyerkalau ditambah fiturnya jual beli biar seller buyer mudah bertransaksi,3,18,positive
bagus istimewa,5,2,positive
aplikasi mencari lowongan kerja luas utama pekerjaan remote pusat kantornya diluar negeri,5,4,positive
masuk berkerja linkedin masuk sekolah banyuwangi selatan mbak,5,-3,negative
berlangganan saldo tarik ribu kembalikan dasar bongol,1,6,positive
premium chat orang,3,5,positive
aplikasi membantu share menerima lowongan pekerjaan menambah knowledge dunia kerja dr disiplin ilmu bidang pekerjaan cakupan luas terkoneksi profesional bidangnya,5,28,positive
aplikasi buruk bodoh x yg aplikasi ni solusi dr lupa sabdipun kuharap pake aplikasi,1,-13,negative
cepat informasi lowongan pekerjaan,5,8,positive
linkedin be good,5,5,positive
force close buka inboxlihat profil update android,1,1,positive
semangat pencari kerja linkedln,5,6,positive
memudahkan menerima informasi,5,8,positive
membantu informasi lowker,5,6,positive
menambah wawasan,5,3,positive
ok,5,4,positive
nice apps,5,4,positive
bug mengunggah media pengalaman fotonya hitam blank,4,-2,negative
snagat postingan relevan mudah pengaplikasian,5,4,positive
,5,0,neutral
oke,5,2,positive
memuaskan hasilnya,5,5,positive
success,5,0,neutral
semoga membantu meningkatkan performa,5,4,positive
aplikasi sosial media profesional,5,0,neutral
abad adab adat abadi,5,7,positive
gada kejelasan utk informasi klo lupa password udah ikuti prosedur hasilnya nihil kebanyakan verifikasi ribet nentod,1,-6,negative
aplikasi bagus,5,-2,negative
aneh banget aplikasi akun gabisa masuk,1,-2,negative
data sandra ga login disuruh verifikasi perangkat hp yg riwayat sesi login rusak pas dah beli hp disuruh verifikasi perangkat ga email telepon sesimpel,1,-2,negative
pengalaman yg menyakitkan perceraiyan,5,-2,negative
bagus suka linkedin,5,5,positive
lumayan sih,4,1,positive
akses akun dibatasi akun verifikasi berulang aplikasi,1,-2,negative
bagus kredible,5,2,positive
memuaskan,5,5,positive
tawaran informasi pekerjaan relevan,5,5,positive
good applikasi nya,5,5,positive
ok,4,4,positive
up,5,0,neutral
okk,5,0,neutral
semoga pekwrjaan,5,0,neutral
mencari orang pekerjaan perusahaan grup linkedin update orangorang penerbit perusahaan kesuksesan karier profesional profil profesional membangun brand profesional memperbarui profil profesional langsung aplikasi menyempurnakan resume mengembangkan jaringan profesional terhubung terhubung orangorang profil profesional,5,7,positive
pengembalian uang langganan dipersulit,1,4,positive
baguss ok mantab,5,4,positive
login capca error,1,-5,negative
install app keperluan kerjaan login alamat email password yg sesuai input kode verifikasi verifikasi keamanan gambaraudio berkalikali masuk gimasih,1,4,positive
program inovasi tingkat pancanomics upgrade kualitas,1,9,positive
riggingrigger,5,0,neutral
pure inform,5,0,neutral
bermanfaat,5,5,positive
membantu perihal share pengalaman trouble shoot pekerjaan,5,9,positive
𝗔𝗽𝗹𝗶𝗸𝗮𝘀𝗶 𝗞𝗼𝗻𝘁𝗼𝗹 𝗞𝗲𝗸 𝗧𝗮𝗲𝗸,1,0,neutral
good referensi,5,5,positive
great learn,5,3,positive
gk bet gk apus apus trs tinggal mlh gk uninstal mlh hrs update gak banget,1,2,positive
i be very frustrate with the verification process why be the only option to use a passport and there be no alternative document i only have an id card ktp and dont have a passport because i have never make one,1,0,neutral
narasi,5,-4,negative
ok goodjob,5,4,positive
berlaku yg ber umur th selebihnya diatas ga yg umur th ga dianggap kalo indonesia ga pake loker beda kalo negeri ga mandang gemukpendekumur th kalo sehatkuat hidup ya pake,2,12,positive
login kayaknya verifikasi persona nya bug karna verifikasi data udah sesuai pakai aplikasinya,1,-3,negative
dar es,5,0,neutral
sr weld inspector ndt,4,0,neutral
gak masuk ya ny ribet masuk applikasi aja susahudah lamaran susah nyari susahdi applikasi ribet masuk,3,-17,negative
poko nya klo lg nyari kerja gampang ikuti grup indonesia mudah,4,2,positive
sday,1,0,neutral
makasih dukungan mempercayai pegang jasa keuangan,5,10,positive
bikin akun kena pembatas disuruh verifikasi pas kode otp munculnya akulaku,1,-5,negative
ngebantu cari kerjaan keren banget dah apl,5,-3,negative
aplikasi ribet bikin sandi aja susah banget gabisa verifikasi data aplikasi nanggung,1,-16,negative
mantap jos banget,5,6,positive
setuju,3,4,positive
membantu,5,4,positive
aplikasi jelek login aja load,1,-8,negative
good apl,5,5,positive
keren membantu,5,4,positive
aplikasi yg bagus,5,-2,negative
rekomendasi bgt koneksi cari informasi loker membantu,5,5,positive
bagus cari infonloker,5,-1,negative
verifnya ga,1,0,neutral
gak terbaca hp ku,3,0,neutral
mantep cari pekerjaan,5,0,neutral
linkedin tolong akses masuk dipermudahsaya bikin akun via email langsung gak masuk kembaliharus verifikasi udahsaya kasih bintang via persona layak saran via email masuknya kasih ulasan bintang karna akun udah,5,14,positive
alhamdulillah,5,5,positive
berguna jaringan profesional,5,8,positive
akun kosong diban,1,-4,negative
uh,5,0,neutral
aplikasi gak,1,-4,negative
,5,0,neutral
zidsnzidan,5,0,neutral
terimakasih linkedin,5,5,positive
kek tai,1,-5,negative
manyap,5,0,neutral
luarbiasa,5,0,neutral
bermanfaat,4,5,positive
bagus,5,2,positive
linkedin mantap,5,5,positive
aplikasinya gak jelasdi gak pernahfungsinya gak tau apatapi mintak update,1,-4,negative
terbaik,5,5,positive
very use full to find job in around the world thank linkedin,5,4,positive
pelanggaran akun dibatasi udah verivikasi tolonglah penggunaan dipermudahaplikadi udah bagus mohon penggunaan dipermudah,1,6,positive
kode qr kembalikan,5,-3,negative
info loker bos,5,0,neutral
linkedin oke,5,2,positive
menarik menguntungkan program initetapi menginstal aplikasi hp,4,4,positive
good and easy share,4,5,positive
linkedin error tanggal oktober,1,-9,negative
someone hack my account but i even could not enter my account or report it please you make an active email to report from outside if i could not get into persona verification why i have to uploaad my id you know indonesia very loose for the robe data,1,-12,negative
mandi yg la yg terima buruk hancur udah yg tau orang bukti orang kirimkan saldo terima kasih mahju pantang mundur,5,-8,negative
percobaan semoga sukses tambahkan bintang,3,3,positive
verifikasi gambar error login credential sesuai,1,0,neutral
it be very informatif and strike to the point,5,0,neutral
well,5,0,neutral
pengalaman mudah mencari pekerjaan,5,6,positive
good job to the work,5,5,positive
good aplication for look job,5,5,positive
terimakasih linkedin membantu,5,9,positive
cari kerja,2,-1,negative
bermanfaat bener terbuk informasinya a utk lowongan kerja pokoknya be the best,5,9,positive
hidup bermaknathaks likedin,5,2,positive
susah login kode verifikasi gak kirim,1,-4,negative
ribet bgt pake aplikasi kebanyakan iklan,1,-6,negative
ﾟｰﾟﾟ,3,0,neutral
wmmmocďß,5,0,neutral
bang hadir tubuh manusia orang,5,1,positive
membantu cari loker terimakasih,5,6,positive
iya bagus,5,2,positive
tolong kembalikan duit pembayaran item linkedln tp duit terpotong dana pembayaran linkedln google play,1,0,neutral
semoga aplikasi job kerja yg,5,-2,negative
buka akun ga alias hilang email sandi yg masukkan udh verifikasi,1,6,positive
sih bikin verifikasi cacha ga dgn bikin susah login aja,1,-2,negative
,5,0,neutral
membantu aplikasi pekerjaan terimakasih linkedin,5,8,positive
membantu,4,4,positive
sanga membantu,5,4,positive
akun hilang ga login gara gara tibatiba log out ngeri data pribadi salah si,1,-16,negative
app sinkron pengguna update karakter loginnya kedepan menyesuaikan notif nya bermanfaat bagus,5,9,positive
bagus interaksi dipercaya rekomendasi bergabung in,5,1,positive
tolong kembalikan saldo dana berlangganan konfirmasi main potong aja tolong kembalikan,5,18,positive
baguscoba tanggal post nya,5,-4,negative
akun mencoba login akun nonaktifkan upload tolong benahi membutuhkan aplikasi,2,-1,negative
akun kesuspend aktivitas ilegal recovery pakai ktpsim aja busuk hati instal aplikasi kocak,1,-8,negative
knp terkunci,4,0,neutral
akun hack nama vera gak tau perempuan laki ajar linkedin gk kyk tp ttp pengen masuk akun padhl sy pnct penolakan orang masuk tp ttp masuk ganti password tolong tambahin privasi data orang yg pake linkedin makasih,3,-6,negative
suka,5,3,positive
ok ok,5,8,positive
,5,0,neutral
peta barat rawa lele kalideres jakarta barat,5,4,positive
pengalaman kerja jujur komitmen yg menjalankan,5,8,positive
bermanfaat,5,5,positive
perbaiki egm,3,0,neutral
kirim masukan nomor telepon seluler my telkomsel gb terimakasih kunjungannya,5,7,positive
bagus aplikasi nya no bug,5,-2,negative
mantap,1,5,positive
kode ga muncul muncul verifikasi,1,-1,negative
persona ribet,1,-4,negative
apk linkedin qo bermasalah ya refresh masuk gk bs,1,3,positive
koneksi hidup realisasikan,5,4,positive
bagud,5,0,neutral
jelek verifikasi kali gagal log,1,-9,negative
membantu,5,4,positive
proses verifikasi sms pengirim newpalapa vodatek binapertiwi yayasan phc,1,2,positive
rekomendasi banget aplikasi nyari kerja,5,-3,negative
hewan,5,0,neutral
aplikasi linkedln recomendasikan mencari pekerjaa,5,-7,negative
why my account suddenly restrict temporary,5,-2,negative
selamat pagi dengar pt hme membutuhkan unit alat berat no yg hubungi konfirmasi,5,7,positive
yg download anies,4,0,neutral
memuaskan,5,5,positive
coolapp thank and keep cool,5,6,positive
cepat terpercaya,5,3,positive
search for job vacancies via post latest or relevant via keywords often result in irrelevant post post from foreigners such as english or indian all post be also miss even though it use to be very helpful in job vacancy information via post disappoint mencari lowongan kerja postingan terbaru relevan kunci kali menghasilkan postingan relevan postingan orang asing inggris india,1,2,positive
kampret,1,-5,negative
aplikasi mempermudah mencari lowongan kerja terbaru peluang karir aplikasi versi terbaru,5,-4,negative
pas pencarian hasil yg kebanyakan orang india ga sesuai keyword yg dicari ya gafollow orang negeri,1,15,positive
very interest,5,0,neutral
membantu dunia kerja,5,7,positive
ha ja ha ha kaliaan igin,4,0,neutral
,5,0,neutral
hi linkedin akun dibajak orang negara amerika serikat menghapus data merubah data akun dibatasi berhasil merebut akun,5,-9,negative
oke gas,5,-2,negative
parah data sandaera linkedin login alasan konfirmasi perangkat perangkat satusatunya pakai login sabotase data login konfirmasi hape reset pabrik wajah login,1,-5,negative
mantabb aplikasi yg membantu jenjang karir kota,5,-1,negative
mempengaruhi peluang pekerjaan,5,3,positive
masya allah tabarakallah,5,5,positive
just complete my whole profile and its surprisingly fun wish me luck linkedin,5,4,positive
seelah update ngaco,1,0,neutral
apk nya susahsudah akun loginharus verifikasi norom telponsaat dikirimi nomor nya menerima code,5,3,positive
membantu pembelajaran,5,4,positive
link be the best,5,0,neutral
nyari kerja ko daftar bikin bingung pilihan mahasiswa pilih posisi kerja aplikasi tah aplikasi,2,-2,negative
bagus,3,2,positive
aplikasi berguna,5,1,positive
always error when try easy apply feature please fix i use android,1,-8,negative
gmn aplikasinya habis update mulu kalo dibuka,1,5,positive
recommend,5,0,neutral
swipe up short video that doesnt work at all,1,0,neutral
혹시 그래,3,0,neutral
ui nya membingungkan,5,0,neutral
nih sulit verifikasi nya pakai foto kanan kiri ktp,1,0,neutral
mudah memuaskan,5,9,positive
ngebantu mencari loker,1,-3,negative
bru dicoba bergabung in,4,-2,negative
g dibuka error udh update pdhl,1,-5,negative
pendaftaran erorr,4,3,positive
uang dana tbtb hilang langsung masuk aplikasi yg download aplikasi pastikan uang apk dana rp karna uang otomatis membayar langganan aplikasi persetujuan pengguna,1,7,positive
cepat prosesnya,5,3,positive
ga,1,0,neutral
betapa sulit usaha cari uang,4,2,positive
kereen banget,5,1,positive
okeee membantu mencari relasi,5,4,positive
coba,4,2,positive
bikin akun pakai gmail lancar jaya ribetnya suruh verifikasi pakai gambar menghadap serba salah fotonya log in ulang pakai gmail gak akun dibatasi salahnya dimana robot pakai fitur pencarian pekerjaan uninstall aja guy aplikasi cacat,1,-1,negative
aplikasi aneh ga berlangganan apapun yg aplikasi koq dpt notif pembayaran yg nunggak linkedin gilak x yh auto blok n hapus,1,-9,negative
mudahkan segalanyajadikan lagianti ruwet anti gangguanaman terkendali oktop one prima,5,-2,negative
,5,0,neutral
okey sih apk kerja akun gabisa pake udah pengajuan band respon sampe please balikin akunnya all kerjaan sumber,3,3,positive
aplikasi gak login akun aja gak stick captcha udah pilih bener,1,-2,negative
keren aplikasi nya,5,-4,negative
bos,5,3,positive
disuruh isi opsi industri diisi aja dianggap diisi tolong diperbaiki,5,4,positive
membantu mencari relasi informasi pekerjaan,5,9,positive
semoga kerja remote linkedin,5,2,positive
maaf ya knp linkedin bermasalah sekalimau up sampul profile tpi ga sesuai formatnyamalah bentuk bulat tolong developer diperbaiki device minimal dikurangi permasalahannya terimakasih,2,12,positive
sampah ngebug,1,-4,negative
selamat sore menjelang malam,5,7,positive
k trima kasih,5,3,positive
ook,5,0,neutral
ampun login mulu brpa kali sih heran verifikasi trus gak nih aplikasi,1,3,positive
nice aplication,5,4,positive
f see tx,4,0,neutral
biniss property bisnis perkebunan agro,5,3,positive
baikk,5,0,neutral
star,5,0,neutral
mantab and ok,5,4,positive
mudah mudah kerjaan,5,10,positive
ss,4,0,neutral
akun nonaktifkan uda ngulang tetep aja gtu,1,1,positive
wellllddoonee,5,0,neutral
god job,5,0,neutral
p,5,0,neutral
memudahkan mencari data,5,-3,negative
link over the world,5,0,neutral
keamanan ya gk terjaga bisanya kena hack data bocor tolong tindak lanjutkan admin,1,-4,negative
tolong perbaiki verifikasi kode captcha masuk diaplikasinya verifikasi captcha salah error dicoba puluhan kali sulit masuk kedalam akunnya pohon diberbaiki terimakasih,4,-12,negative
daftar persulitsaya verifikasi code sms chapcatapi apk linkedin verifikasi berulang code verifikasi nomor hp,1,1,positive
apl yg membantu,5,4,positive
best,5,0,neutral
mekanik,5,0,neutral
lowongan kerja yaa pakai foto ktp fito sim sajaitu terima kasih,4,9,positive
membantu membangun jaringan,5,7,positive
aplikasi penguras kesabaran,1,1,positive
ok tp belom nyangkut,5,5,positive
okk,4,0,neutral
jelek,1,-5,negative
tolong memakai uang adminsaya mencari duit duit,5,0,neutral
bagus fitur pekerjaan tingkatkan karna pekerja daerah kesusahan menjangkau syarat syarat nya mengikuti sperti glint,5,6,positive
better,5,2,positive
goodgoodgood,5,0,neutral
cant change password yeah nice trickgot hack and lose my account,1,0,neutral
xx xcom temukan,5,-1,negative
lumayan,4,1,positive
cek aplikasi linkedin gw aja login app tolol,1,-12,negative
alhamdulillah ala kulli hall terima kasih thank you so much linkland indonesia for participate and support our family muslim last month,5,20,positive
think right all the time,5,0,neutral
,4,0,neutral
semoga berhasil sukses bermanfaat amin ya allah stw,5,23,positive
pekerja keras,5,3,positive
cba dlu bang,3,0,neutral
game jelek nyelesain quest bayar dlu,1,-2,negative
apk ga kamvret,1,0,neutral
unistall,4,0,neutral
ampas anj kali kmu suruh verifikasi ngulang,1,-5,negative
bermanfaat,5,5,positive
okke fitur lalin linkedin verifikasi persona via nfc ngga ntah settingan hp system persona yg bermasalah intinya klo verifikasi via email pribadi,5,-2,negative
very gooooooodd,5,0,neutral
membantu menemukan rekan bisnis,5,13,positive
eklusive,4,0,neutral
ok mantap,4,9,positive
okkkeee,5,0,neutral
membantu membangun jaringan,5,7,positive
aplikasi log in aja susahnya ampun suruh verifikasi menghadap udah bener salah udah uninstal aja kagak,1,-10,negative
security aneh disuruh memilih gambar mengarah dibilang salah,1,-4,negative
ok,4,4,positive
aplikasi hrd sih tepatnya,1,-4,negative
,5,0,neutral
aplikasi gak bodongudh akun pakai,1,-4,negative
oke membantu mencari pekerjaan relevan bidang keilmuan,5,6,positive
sorotanwarga blackboy r anak keren,5,-3,negative
coba,5,2,positive
susah masuk linkedin repot email no hp udah bener aja kesalahan ga kek gini kesini hacker dimna sistem keamanan buruk,1,-21,negative
haloo linkedin pencarian yg lakukan yg muncul berita berita postingan india teman menyukai postingan negara india,1,0,neutral
aplikasinya bagus membuka pengetahuan profesional,5,6,positive
mantap tenan,5,5,positive
masukk,5,0,neutral
bagusdan luas memiliki jaringan pengalaman,5,8,positive
memuaskan,5,5,positive
logistic usa,5,0,neutral
very bad verification process i remember my password i have my national id and driver license but i cant open my id because they say the photo of id be not clean fire your app operator,1,-6,negative
login gmail layar putih dicoba kali,1,-2,negative
jossss,5,0,neutral
aplikasi gak orang pamer jabatan gak yg kepanggil udh pake aplikasi berinteraksi orang gak yg nawarin kerjaan berlomba pamer posisi kerja pertambangan ribuan orang mendaftar berharap bertemu pekerjaan impian nya gak nyangkut,1,2,positive
batu belajar kelebihan linkedln,4,2,positive
terimakasih berkat linkedin mudah mencari kerja koneksi berkarir sesuai jurusan kuliah,5,15,positive
verifikasi keamanan cepat nyusahin ga,1,3,positive
membantu membuka wawasan link luasthank you,5,4,positive
mohon maaf linkedin rat rendah aplikasinya akun diretas tingkat keamanannya rendah,1,-5,negative
good apps,5,5,positive
mantabbb,5,0,neutral
mantul dn keren bangat,5,0,neutral
mencoba,3,0,neutral
sekian bosangood job linkedinterima kasih,5,2,positive
aplikasi gak berguna lupa sandi aja langsung dipersulit login lgi mend pake glint jobstreet hapus aja apk sialan cuihhhh,1,-1,negative
okemantap,5,0,neutral
good linkedln,5,5,positive
x bikin akun nonaktifkan kesalahan,1,-5,negative
,3,0,neutral
good post,5,5,positive
jaga jaga aja,5,5,positive
linkedln bagus intuk berbisnis,5,2,positive
merivikasi mulu sih no hp pass udah bener,1,5,positive
very good apps,5,5,positive
musik,5,2,positive
tingkatkan kualitas kuantitas,5,4,positive
e,3,0,neutral
keep move forward,5,0,neutral
muhamad maryontong tinggal cipinang pasar burung kebembem amajing ok,5,5,positive
no nego,4,0,neutral
suka aplikasi,5,-1,negative
simple but powerful,5,3,positive
good for professional worker,5,5,positive
filibum strit maso franko,5,0,neutral
pinjam uang bayar cicil,5,1,positive
recommend aplikasi,5,-4,negative
hp oppoa sinyalnya lemodparh,5,0,neutral
neon box huruf timbul akrilik huruf timbul stainless senang aplikasi bagus,5,-3,negative
k y eu lggoih y f ilo m v xg kiom,5,0,neutral
kebanyakan iklansusah ribet,1,-2,negative
hentikan langganan karna merugikan email,5,4,positive
informasi,5,2,positive
aplikasi ga,1,-4,negative
keren orang berpendidikan paham gue mah liatliat doang,5,4,positive
no problems sofar,5,0,neutral
siiiippp,4,0,neutral
akademisi bidang pertaniyan,1,0,neutral
,2,0,neutral
ok coba,5,6,positive
nge stick verifikasi berulang,1,0,neutral
good job,5,5,positive
best application,5,0,neutral
membantu,5,4,positive
matt malam salam kenal flores,5,2,positive
erorr aplikasinya engga dipakee gimana sih bikin,1,0,neutral
oke sih,5,2,positive
terhubung sahabat belahan dunia cepat,5,8,positive
nutup akun aja persulit,1,1,positive
ribet kali ganti password aja kendalanya udah berhasil verifikasi laman web tersedia sialaaan,1,7,positive
lock alasan gak developernya ngapain sih sampah,1,-6,negative
sangar memuaskan,5,5,positive
bagus informatif,5,2,positive
bagus jajaring komunikasi relasi menambah pengalaman menambah wawasan inspirasi berbagi bidang,5,14,positive
asek,5,0,neutral
berguna membantu mencari pekerjaan knpa gak aja,5,10,positive
lumayan app,5,1,positive
buruk verifikasi kartu id,1,-5,negative
tank for aplikasi linkedin perantara hidup cemerlang,5,-2,negative
buruk kualitas pengabilan foto id verifikasi,1,2,positive
profesional lightning f u g,5,0,neutral
bersahabat,5,2,positive
membantu menambah pengetahuan relasi,5,14,positive
bermanfaat terkoneksi kalangan masyarakat pelaku bisnis,5,11,positive
percobaan,4,0,neutral
mantap,5,5,positive
ber upaya meningkatkan aspirasi publik delta au,5,1,positive
puas rancangan maju,5,3,positive
kaya celek verifikasi ora dadi dadi,1,-1,negative
membantu pencari kerja sukses linkedin,5,9,positive
aplikasi bgs mencari kerja,5,-5,negative
,4,0,neutral
kirim cv ribet masuk link perusahaan aplikasi jobstreet glits tinggal klik langsung terkirim hrd rekrutmen,1,-2,negative
membantu pekerjaan konektivitas,5,7,positive
mantap kalangan profesional,5,5,positive
pilihan lowongan kerjanya komplit terpercaya mantap,5,10,positive
akun diretas orang tdk login solusi kah,2,3,positive
linkedin buruk masuk aja susah bener verivikasi verifikasinya gak gak masuk akal,1,-10,negative
info loker,5,-3,negative
,5,0,neutral
hallo bantu menghubungi no kontak yg bantu komen,1,13,positive
rekomendasi cari pekerjaan,5,0,neutral
mantul,5,0,neutral
bagus,4,2,positive
game,5,2,positive
terpercaya,5,0,neutral
sub nya mahal bgt,2,1,positive
nama verifikasi passport slalu fail,1,-5,negative
kasi bintang,5,-3,negative
login dipersulit aneh aplikasi linkedin,1,0,neutral
keren habis pokoknya,5,0,neutral
bak,5,0,neutral
menghibur,5,0,neutral
kompatibel perangkat,1,0,neutral
bagus,5,2,positive
this good,5,5,positive
iya sy sj,4,0,neutral
aplikasi yg mnrt pribadi informatif,5,-4,negative
kode verifikasi sms,1,-3,negative
bagus,5,2,positive
apk coba gua udah verifikasi x gagal aneeehhhh,1,-5,negative
gak membantu kerja bagus wadah personal brand,5,8,positive
pendaftaranverifikasi salah gambar manapun dipilih salahmohon perbaikannya,1,-2,negative
buruk postingan dibatasi alasan komunitas profesional aplikasi membela zionis,1,-7,negative
udah suruh verifikasi make ktp gagal pas proses ubah sandi verifikasi ktp situs menyalahgunakan data orang,1,-5,negative
akun berganti akun nama qihua zhou alamat email cek noner hp,1,-4,negative
sosial media bersifat professional,5,4,positive
sabgat bagus,5,2,positive
many job i get online im proud of you linkedin,5,5,positive
bagis,5,0,neutral
orang jahat post pt,5,-4,negative
hrga operation,5,0,neutral
mantap aplikasinya semoga upgrade skill,5,5,positive
mantapp,5,0,neutral
verifikasi nya sih udah pake ktp ga fotonya udah akun udah ban kali ga log in garagara verifikasi nya menyusahkan,1,4,positive
kak tolong perbaiki verifikasi capcha nya valid tebak gambar berkali kali centang login,1,3,positive
verifnya susah banget,1,-2,negative
google yap,5,0,neutral
sesuai arahan info loker untungnya trouble interviewnya masuk linknya lumayan mudah kecuali menunggu info pemberitahuan,5,-10,negative
ganti perangkat saytidak login memasukkan nomor tlf sandi yg tp respon apapun diklik lanjutkan tolong perbaiki bug data didamnya,1,6,positive
bagus membantu,5,6,positive
membantu infonya,3,4,positive
mudah mencari jejaring loker,5,1,positive
ist good,5,5,positive
tolong pengajuan refund tannggapi ssya sengaja membeli,5,3,positive
lampiran perihal dfhjkl,4,0,neutral
utk kota kabupaten malang raya jatim indonesia,5,-6,negative
sbagai irt,5,0,neutral
apikasi ga jelass bikin ribet,1,-4,negative
top markotop,5,5,positive
informasi lowongan kerja,5,4,positive
bermanfaat minat utama,5,9,positive
alhamdulillah syukur mengikuti kegiatan,5,16,positive
aplikasi sampah udah login disuruh login,1,-10,negative
ga buka ribet ngeri saldo sedot dana,1,1,positive
not bad,1,-4,negative
gua udah pakai aplikasi bagus banget media nya,5,-4,negative
login gbisa pemeriksaan keamanan masuk akun,2,-3,negative
pemeriksaan keamanan ribet sampe putar hp gblk,1,-8,negative
reset sandi susah kode verifikasi muncul,1,-5,negative
pengalaman alami dalami bangsa didunia kehilangan sandaran hidup menjalani kehidupan sesuai kehendak tuhan pencipta alam manusia kehendak tuhan maha kuasa wali mengisi mengelola alam semesta turun temukan manusiawi adil ber adab sopan santun agama manusia hidup ketakutan mati bersimbah darah manusia gula kekuasaan,5,46,positive
sistem lambat,1,-3,negative
aplikasi bagus jenjang karir,5,-2,negative
aplikasinya rumit verivikasi hapus akun langsung terhapus ya professional app,1,-1,negative
iumayan,1,0,neutral
susah bikin akun,1,-3,negative
linkedln bermanfaat berguna memakainya semoga pemakai semoga bermanfaat,5,15,positive
up gak update linkedin,5,0,neutral
iij,4,0,neutral
keren aplikasi nya mudah mengakses informasi,5,2,positive
mematuhi kebijakan tibatiba akun tersuspend kerja keras siasia,1,9,positive
tes,5,0,neutral
gua udah akun kali ilang suruh login udah coba kaga update kaga akun gua bahasa mandarin gua ngga tau takut data gua diambil nih,1,-29,negative
kena verifikasinya musti make gambar sih iya klo langsung bener susah salah mulu knp ngga pake verifikasi sms ato wa gampang ngeribetin anjir,1,3,positive
eror ya login,1,0,neutral
aplikasi mobile bug,1,-4,negative
aplikasi langganann gak habiskan saldo main potong aja,1,-1,negative
blm coba,5,2,positive
aplikasi busuk login aja sulit,1,-8,negative
gak login verifikasi napa gambar gk udh milih hadap salah mulu,1,-4,negative
sulit banget masuknya,1,1,positive
ditambahin fitur foto ngga ss download min kasian korban ss download nipu orang telegram,2,-6,negative
apk sampah verivikasi kemanan bodoh,1,-4,negative
pengalaman linkedln linkedln profesional nyaman informasi proses aplikasi canggih informasi modern linkedln menyempurnakan pengalaman merekomendasikan linkedin laplikasi informasi dipersonalisasi,5,17,positive
tolong hapus data yg terkait hape,1,-6,negative
great,5,3,positive
medical academic therapist association market indonesia,5,0,neutral
bagus bermutu,5,5,positive
kebanyakan verifikasi sulit bgt masuk jgn ribet,1,-5,negative
ga angin ga hujan akun batasi gak aneh cari kerja verifikasi ribet bgt sistem ui nya berat nyusahin org,1,-4,negative
lest go join,5,1,positive
q mu,2,0,neutral
bagus user friendly,5,2,positive
mantap caur,5,5,positive
login login verifikasi memasukkan password verifikasi email email linkedin masuk email linkedin dikirim,2,-1,negative
cant even login how to verify my own account,1,0,neutral
thank you linkedin by join linkedin many friends from abroad have make many connections for me to build business greetings from indonesia sigit nurbayu,5,8,positive
aneh berkalikali log in ga sandi user name nya bener,1,7,positive
verifikasi ga jelass lollll,1,0,neutral
membantu mencari pekerjaan,5,4,positive
mantap semoga developer linkedin sehat sll,5,9,positive
min mohon bantuannya profil opsi pengalaman ya min pengalaman ga muncul profil,3,11,positive
site manager ofshore fabrication and construction project,5,0,neutral
ga masuk akal udah verifikasi akun dibatasi akun lagii gimana sih,1,-3,negative
verivikasi ngga pakai nomor telfon email tertautjadinya susah masuk disuruh nebak gambar hadap gambar apapun dipilih bener gambar salah udah bener jawabannya itutolong diperbaiki kemudahan aksesbukan mempersulit,1,1,positive
good hrd rekruitment aplication,5,5,positive
woi bener aja napa verifikasi ga normal banget udah milih bener disalahkan ga niat bantu ga bikin aplikasi aneh,1,8,positive
sih post aplikasi load penguploadannya ngestuck angka mulu tolong diperbaiki,1,1,positive
gak kasih bintang ban mulu ngelanggar apapun menyusahkan,1,8,positive
superindo oke dlm ragam barang nya harga nya santai utk belanja ya,5,9,positive
bismilah bantu cari kerja,5,2,positive
habet,5,0,neutral
architecture,5,0,neutral
membantu perkembangan,5,6,positive
cant add a gmail account,1,0,neutral
ganti foto profil susah gagal laptop hp,2,-1,negative
aplikasi berguna,5,1,positive
aplikasi keperluan,5,1,positive
berita menggembirakan,5,-4,negative
pengaturan penggunaan kamera verivikasi log in diperbaiki,1,1,positive
dipaksa utk update tp ga update selesainya mutar aja google play,1,-3,negative
nomor kali salah kode udah ngisi sesuai sananya dikirim pake kode titik nya bingung,1,-8,negative
membayar tagihan premium setujui notifikasi uang dana langsung terpotong tanpaa persetujuan refund,1,3,positive
why be my account just create for days and it be immediately restrict i didnt do anything even though ive try use another email the result be still the same i dont understand why im be temporarily close access to my account even though i didnt do anything please help me,2,-7,negative
update ilmu,5,4,positive
ferry good,5,5,positive
gjls bgt login aja susah,1,-2,negative
daftar login verifikasi tolong diperbaiki,1,4,positive
kembaliin akun gww gw ga post konten sensitif apapun batasi gimana pola pikir nya,1,5,positive
aseptomi,5,0,neutral
good,5,5,positive
ngaco nih aplikasi loker yg driver direksi pisah driver dt truk trailer direksimanager nya beda,1,-12,negative
lancar,5,4,positive
hapussampa,5,0,neutral
liapammm lupa id samansandi nyabkk,3,1,positive
apk nya pas ngedeteksi bot bermasalah ya pengecekannya botnya tahap keempat pencet apapun oke udah salah,3,1,positive
bug nya post aja aplikasi gk post kali gara gara ngebug,1,-11,negative
anj,1,0,neutral
berbayar,1,-3,negative
good app for your save love of life time come be true byme,4,8,positive
sekolahku gaada ya,4,1,positive
apaapaan verifikasi gambar seakan pemilik akun verifikasi dipersulit pakai otp google nyuruh registrasi email fungsinya login pakai gmail nyuruh buang akun gimana recovery password kesel banget liatnya si perlindungan pengguna,1,-7,negative
d bidang teknik industrikontruksi engenering,5,-4,negative
verifikasi ga bangeettt apk jelek bangetttt tutup akunpun susah bangett gajelas pokonyaa,1,-12,negative
good job,5,5,positive
ok sip lumayan curhatan mantan karyawan risgn buku aslinya mohon maaf mussai japang timur,5,9,positive
mencobadan,5,0,neutral
indriver membantu kebutuhan sehari terima kasih,5,12,positive
good it help me more informations,5,7,positive
salah aplikasi bermanfaat pekerjaan mengupgrade portfolio,5,0,neutral
log in perangkat aja susah verifikasi ribet gambar kambing sapi macem udah bolak verifikasi gagal pas masukin capta hewan,1,-13,negative
best app to help you explore your experience,5,2,positive
apk buruk gra apk uang tersedot otomatis juta dri akun dana sayamna uang nya berobat kk,1,4,positive
aneh banget woi verifikasi nya gak mulu dah nyuri data yaa aplikasi,1,-3,negative
membantu nambah relasi,4,7,positive
make me easy,5,0,neutral
suruh verifikasi gambar kode verifikasi aja langsung aneh mah orang sulit masuk pemilik akunnya aja kesulitan aja nyuruh buang akun,1,-4,negative
keren,5,0,neutral
heran suka banget log out masuk ribet aneh email password udah bener proses verifikasinya ribett,2,9,positive
membantu mencari pekerjaan,4,4,positive
ip,5,0,neutral
long for peace purchase peace,3,0,neutral
verif captha gak,1,0,neutral
ribet kalo mo masuk verivikasi manusia udah masuk pilih masuk google manusialah ribet apk,1,-16,negative
mantap tingkatkan fitur nya,5,5,positive
bagus membantu,5,6,positive
tolong bantu permasalahan nya min pas klik tampilkan postingan profil muncul bar post komentar gambar reaksi nya klik muncul post komentar gambar muncul kecuali pas klik reaksi ga muncul min trs notif tertulis hasil ditemukan mengalami gangguan kesalahan coba kndala yg alami min mohon dibantu segi internet sya bagus lancar buka aplikasi lancar,4,33,positive
verifikasi bolak doang ku pakai klik akun langsung login verifikasi hati deh lupa password emang nih suka logout aplikasi,1,6,positive
gk gk masuk,1,-3,negative
apk loker gajelas akun gw tbtb batasi aneh gw ga ngelanggar peraturan apapun gaada aneh aneh tp batasi nyari loker apk yg,1,7,positive
so do you think we be not a human dumb verf,1,0,neutral
menginstal aplikasi,1,-4,negative
keren membantu,5,4,positive
penipu,2,-4,negative
kebanyakan bug kali instal uninstal re install error aplikasi,1,-7,negative
kasih yan terbaik bintang,5,7,positive
t assistant manager btn group pontianak daerah tingkat i kalimantan barat indonesia sayangnya meneruskan proses lamaran terima kasih ketertarikan btn group hormat btn group tandatangan,5,11,positive
banyakan loker bodong mend ngikut usaha krabat gw,1,1,positive
buruk,1,-5,negative
,5,0,neutral
fin account p manajer perusahaan logistik,5,3,positive
aplikasi membantu pelamar kerja kerja remote pokoknya keren aplikasi,5,-3,negative
menyusahkan perkara lupa nulis password akun bikin kena suspend opsi login pakai akun google ganti password prosesnya ribet pakai ktp dijalani reset password rip akun universitas bagus tugas tersendat,1,-6,negative
vive,5,0,neutral
mendunkung,2,0,neutral
selesai,5,2,positive
angkyrumondor,5,0,neutral
aplikasih hebat,5,0,neutral
yanto,5,0,neutral
bagus aplikasinya informasi lowongan kerja cepat,5,9,positive
usefull,5,0,neutral
ribet ribet ribet,2,-12,negative
browserstaticvtxt,5,0,neutral
palace where i want to new job and knowledge,5,0,neutral
informasinya keren,5,2,positive
sulit login hp aja pemeriksaan captcha,1,1,positive
aplikasi mantap,5,1,positive
login apps pinjol aja foto selfie dg ktp gak salah pinjol nih,1,2,positive
apk aneh nih linkedin susah verivikasi login aja udah nebak gambar yg menghadap tetep gak nyari kerja aja persulit ti,1,5,positive
jozokelanjut bro,5,0,neutral
aplikasi sabung work achievement,5,-4,negative
ok bagus,5,6,positive
job connect,5,0,neutral
sumpah lu apk model apan dah gua kaga namanya pembelian langganan apk lu ngapin lu ambil saldo dana gua jt adahl gua kaga ernah ngelakuin pembayaran aja pencurian uang kebutuhan mohon itikat nya,1,6,positive
postinganku,5,0,neutral
ok,4,4,positive
i like linkedln app,5,0,neutral
very nice,5,4,positive
coba,5,2,positive
my profile be take or delete but very difficult to recover,3,-3,negative
aplikasi aneh gak verif data tunggu jam acc sampe blom acc admin pengurusnya ramahtidak gercep,1,-2,negative
rat,5,0,neutral
verifikasi nya game ngga susah banget asli parah sih,1,-5,negative
butuhkan mencari pekerjaan informasi lowongan kerja,5,4,positive
pelayanan aplikasi terburuk,1,-1,negative
gajelas ni aplikasi udh kirim lamaran ga kejelasan lamaran proses perusahaan,1,3,positive
gaada niatan berlangganan dipencet berlangganan enggakenapa saldo dana kesedot berlangganan lumayan gede nominal rptolong ya min tolong dibalikinsaya mencoba dikembalikan proses pembatalan respon haduhh gimana,1,19,positive
mencari relasiberbagi informasi berkomunikasi,3,-1,negative
mudah,5,4,positive
aplikasi sosmed bagus mempertemukan orang profesional dunia kerja,5,1,positive
mengajar bahasa inggris perhotelan kapal pesiar mengajar relate hotel and cruise ship lessons assessor lsp ckpni kapal pesiar kapsl niaga hotel holland america line nov april dinibgroom steward hotel restoran jakarta join kapal,5,-13,negative
belajar,5,3,positive
lowongan llo ll lll wkl l kl l ollll lllw,5,0,neutral
bagus bngt bnyk informasi pekerjaan dll,5,7,positive
sistem verifikasi aneh transparan akun dibatasi putus akses verifikasi berhasil kejelasan link in manusia robot harap layani manusia robot solusi,1,24,positive
kesulitan mereset paswordku aplikasinya foto personaku login,1,-2,negative
assalamualaikum selamat siyang salam santun gimana buka toko online tolong bantu,5,21,positive
pengikut beli paket masuk previkasi adahasil,1,3,positive
mencoba apl nya sih smg keuntungan,4,4,positive
akun orang cewek berubah nama ting r udah capek tulisa bio cacat ni apss,1,-1,negative
wonderful,4,0,neutral
ga ga login,1,0,neutral
sippp see,5,0,neutral
terpakai,3,0,neutral
pengalaman mengabdi,5,-1,negative
pembunuh berdarah dingin sesuai bayaran siapkan sdnjata amunisidan eani piro bayaran,5,11,positive
amaze app for improve your knowledge and get your dream job,5,0,neutral
mantap,5,5,positive
aplikasi gila verifikasi mulu kaga masuk menu,1,-2,negative
top,5,5,positive
aplikasi linkedin logout verifikasi wajah data privasi rekam wajah tujuan rekam wajah sisi aman perekaman wajah linkedin aplikasi perbankan,1,-7,negative
maaf aplikasinya rumit,1,-3,negative
nice,4,4,positive
notif gajelas gausah dikirim anehh,1,-2,negative
importir brand chandelier baccarat france swarovski rep czech preciosa rep czech furniture giorgetti italy natuzzi italy scavollini italy zanaboni italy cavalli italy,5,0,neutral
aplikasi top jaringan karier yg luas appsnya bagus tampilannya oke ngga bug semoga peningkatan aplikasinya,5,9,positive
verifikasi login rumit,2,-5,negative
blokkk loginnn susah vertifikasi mulu gk nyusahin,1,-1,negative
bagus pengembangan pribadi aspek dunia usaha,5,4,positive
,5,0,neutral
aplikasinya rumit terkesan menyulitkan arahkan web mengisi data ulang upload berulang pusing,4,-10,negative
gue bintang puuuucciiiiiiing loch nih gue,5,0,neutral
setuju pernyataan indra pendidikan indonesia memenuhi amanat uud pasal mengutamakan amanat uud berikanlah biaya merata satuan pendidikan,5,-2,negative
pemeriksaan captcha berulangkali login,3,0,neutral
ganti hp pas login ulang linkedin emailnya ga yg terhubung aneh bgt gabisa loginganti password,1,10,positive
recomed membantu,3,4,positive
thank u nice app for my brand future job,5,8,positive
sayah coba belajar sepakbola,5,5,positive
alle,1,0,neutral
n zhnznu,4,0,neutral
bermanfaat,4,5,positive
apk buruk ambil data aja verifikasi muter muter data dah masuk verifikasi gagal ulang x peringatan nomer pakai pengguna gunain gue blok,1,-24,negative
system pencarian mudah saransaran berguna membutuhkan,5,9,positive
memudahakan seputaran informasi lowongan kerja kalo bsa lbh tingkatkan kmbli ya min sllu terupdate,5,8,positive
retal soud sistem,5,-4,negative
the best aplikasi bikin minder hahaha keren relasi aplikasi sumpah bikin minder memotivasi mengupgrade,5,-6,negative
account suddenly get temporarily restrict didnt do anything badsuspicious one day i be try to update my information then bam i get horrify when i see the login page and must verify heres the worst part need to verify use persona the app cant access the camera even though the app permission to access camera be enable this happen twice my first account get temporarily restrict the same way the second acc get with no explanation why that happen yea man,1,-1,negative
menarik membantu,5,8,positive
banget installnya,2,1,positive
tibatiba akun log out login suruh verifikasi bolakbalik diputerputerin kesel,3,-7,negative
kecewa karna akun dibatasin link lamar kerja gimana si tolong diperbaiki,1,5,positive
ramah lulusan sma sederajat,1,5,positive
oke,2,2,positive
situs kerha favorit berisi info loker jaringan koneksi pertemanan orang hebat bidang kerja korporat,5,4,positive
mencari lowongan pekerjaan,5,0,neutral
kiki,5,0,neutral
sih harud verifikasi gabisa login ga banget,1,1,positive
dreifer,5,0,neutral
aplikasi lag,3,-4,negative
bad,1,-4,negative
recomended,5,0,neutral
the best iformation for look the job,5,0,neutral
aplikasi yg bagus,5,-2,negative
set asli dah aplikasi iya log in force close android,1,-7,negative
ret bintang,5,0,neutral
okey very goods,5,0,neutral
relog mulu semenjak update,1,2,positive
apalah ga satupun yg manggil interview minimal pdhl fresh graduate dngn lumayan bnyk pengalaman w minimal interview,2,-7,negative
,5,0,neutral
usefull,5,0,neutral
semoga kabar,4,2,positive
bagus nia hhhhhhh candah jat nia hjjhhh,5,2,positive
wanita cantik,5,2,positive
mantap,5,5,positive
unintal aja verifikasi nya susah,1,-2,negative
apk yg bermanfaat utk menimba ilmu insight mencari pekerjaan pastinya,5,13,positive
aplikasi nya bug gak mendaftar aplikasi direkomendasikan teman teman,1,-8,negative
membantu yg membutuhkan,3,4,positive
susah bgt loginnya kode ga muncul nebak gambar pas salah mulu pdhl bener,1,1,positive
login ga udah verifikasi kali tetep halaman login,1,0,neutral
verifikasi aja berjamjam gk tau yg salahny gk verifikasi,2,-3,negative
tolong login kesalahan diawal berlanjut aplikasi dibuka layar putih glitch biru solusi,1,-7,negative
bagus utk memcari lapangan kerja memuaskan,5,12,positive
menyehatkan,5,0,neutral
suka ablikasi linkdin menambah wawasan,5,6,positive
ga tb logout,1,0,neutral
manfaat app ya bos tlg,4,15,positive
download eh gak verifikasi kesel ya suruh milih gambar gtu berulang kali salah,1,-7,negative
bertemu orang hebat belajar beliau menemukan peluang kerja dr bidang,5,9,positive
sukses,5,3,positive
hatihati likedin akun hack haker mengurus sesuai prosedur linkedin prosedur login akun akun login ubah haker coba menghubungi likedin email media sosial responsnya robot otomatis likedin masuk halaman help mencoba ganti password verifikasi gagal verifikasi tolong direspon linkedin,1,2,positive
izin instal,5,-4,negative
apk ga sialan nyari kerja keama memaha veloper mengumpulkan apk jgn asalan daftarin akun google a udh ketaut akun google developer membe informasi memp nya dana apk bank kalo salah daftarin saldo dana ambil bikin apk brengsek cari kerja bikin apk kya gini ambil duit orang ijin sampe kena jt namanya pemerasan,1,-17,negative
ngelag bgtt upload foto ga,1,3,positive
i dont understand how to use the application but in term of external and internal appearance it be very good,3,5,positive
tolong diperbaiki sistem login google,2,-1,negative
bagus bgtt ni aplikasi membantu orang,4,2,positive
mecahin teka teki susah pdhl udah ngadep dinosaurusnya,1,-3,negative
akun berubah nama steven masuk megecewakan,1,-3,negative
login koneksi ribet,1,-2,negative
good,4,5,positive
akun hilang login pakai email verikasi,4,3,positive
salut linkedin,5,0,neutral
bagus update mengikuti perkembangan zaman,5,7,positive
knp update,2,0,neutral
ga login susah bgt akun batasi akun gw gak ngapain,1,-3,negative
selamat permainan terbaik,5,10,positive
bravo,5,0,neutral
menghubungan orang,5,0,neutral
gak capek bikin akun set batasi alasan yg ajukan band tolak aneh,1,4,positive
nambah keahlian ga dikit kesalahan,1,-6,negative
,4,0,neutral
aplikasi yg bagus buangt,4,-2,negative
kren,5,0,neutral
butut anying,1,-5,negative
best platform,5,0,neutral
b karate,3,0,neutral
akun pesan akses dibatasi ya verifikasi id pakai ktp isi captcha berulang ulang ngga log in pakai gmail facebook,3,8,positive
about years i have be flower arranger,5,0,neutral
oke bgt,5,2,positive
tibet melamar pekerjaan nyaknp jobstreet yg mengisi data mudah mengirim lamarandi linkedin dibawa keberbagai web yg mengulang mengisi data,1,5,positive
terimakasih developer,5,5,positive
aplikasi sagat,5,-4,negative
i like it,5,0,neutral
sulit masuknya bos que,5,3,positive
apk ga ga membantu,1,4,positive
mencari lowongan pekerjaan bidang pelayaran,4,0,neutral
coba maksa kasih identitas,1,-1,negative
salam sehat membantu pemula belajar terimakasih,5,16,positive
masuk susah uninstall deh kesel,1,-11,negative
apasi lu kesel bgt gua masuk puzzle kucing warna putih ga kodok warna putih milih liat keatas udah sejam gue otak atik puzzle sampe dibantuin pacar guaaa sampe nangis karna kesell lu ayo maju deh udah bener dikasih puzzle teruss muak gue,2,-20,negative
akun diban disuruh verifikasi identitas gagal verifikasi gak,1,-6,negative
jujur terbuka erba saputra mt,5,7,positive
g a,5,0,neutral
terbaik info loker,5,2,positive
mudah melar kerja,5,4,positive
aplikasi membantu terhubung profesional deal jobseeker kebanyakan formalitas menggugurkan kewajiban,4,2,positive
okay,5,4,positive
jahh no,2,0,neutral
semoga sukses,5,3,positive
verifikasi ga jls,1,0,neutral
aplikasi knntlllll log in aja susah verifikasi nya,1,-6,negative
linkedin nya sih apaapa log out verivikasi udah verifikasi gagal upload gak aneh,1,0,neutral
as r,5,0,neutral
try rior to,3,0,neutral
apk gajelas huhhhhhh langsung delete aja gaberguna regristrasi aja gagal mulu jawabanya akun yg pakai aneh,1,4,positive
apsih nongoll mulu iklan nya mend yg iklanin enak pandang minimal rambutnya benerin keramas biar ga lepek bikin sakit mata aja detik nongol bikin sakit mata ck,1,-6,negative
iklan,1,0,neutral
najis vrfiksi ny sush lollll,1,-4,negative
dibutuhkan akuntan universal,5,0,neutral
lihat ulasan nya aja udh sanksi cuy,1,7,positive
kocak,1,-2,negative
asmara,5,2,positive
apk aswu,1,0,neutral
iklan ngganggu gaada tombol exit,1,-3,negative
konten iklan menganggu,1,0,neutral
ok mksh infony,5,6,positive
bermanraat,5,0,neutral
aplikasi cari pekerjaan,5,-4,negative
,4,0,neutral
good app,5,5,positive
pengalaman tawangmangu,5,2,positive
good ideas,5,5,positive
keras konsisten,5,0,neutral
bàiķ,5,0,neutral
tolong dibenarkan apk nya verifikasi salah,1,-1,negative
kerja kerja kerja,5,6,positive
aplikasi ga jeelassssmakin ngebugmasa login suruh verifikasi keamanansudah jelass gambar pilihanya benartetep salah masuk,1,-11,negative
kalo dibuka ya min mohon pencerahanya kemaren nggak dibuka aplikasinya sinyal lancar,5,11,positive
sebel verifikasi domba menghadap nya gagal trus nya beres gagal,2,-16,negative
mles,1,0,neutral
suka tdk beriteraksi aplikasi banyakmenambah wawasan pengetahuan,5,3,positive
satisfy,5,0,neutral
thn site koordinator qs ptdumez international proyek pembuatan terowongan plta singkarakwest sumatera thn site manager pthutama karya jakarta proyek pembangunan jalan tol jakarta outer ring roadsec south thn site manager join operation pthk aji satria baraga proyek pembangunan jalan tol jakarta serpong bsd thn no projectkrismon thn site managerpt hk pembangunanan jalan tol cikampek sadang thn,5,10,positive
𝕋𝕖𝕣𝕝𝕒𝕝𝕦 𝕞𝕒𝕜𝕤𝕒 𝕦𝕟𝕥𝕦𝕜 𝕕 donlod,1,0,neutral
menggangu,1,0,neutral
banner nya gmn sih jd bulet,1,0,neutral
membantu menambah relasi pekerjaan informasi informasi lowongan pekerjaan membantu,5,24,positive
nice app,5,4,positive
iklan lu ganggu,1,-4,negative
ikan,1,0,neutral
mohonmaaf melupajan tgl raya idul adha mohon ampun ya allah terima kasih semoga melupakan semoga kesalahan mohon ampun yaa allah mohon ampun astaqfirullah adziim mohon ampun ya allah aamin yaa robbil alamin x,5,34,positive
contoh aplikasi rusakjangn instal yh teman mencari untung,1,-4,negative
tetiba tagihan sdh sy hapus krn penasaran instal lg,1,-9,negative
kesepian,5,-4,negative
aplikasi daftar login nya aja susah banget males,1,-8,negative
aplikasi memuakkan,1,-9,negative
lu iklan awas,1,4,positive
kebahasa inggris an mematok umur memperhatikan pengalaman otodidak,1,6,positive
klik berlangganan premium harga rupiah gratis pas saldo dana akun terpotong otomatis tolong linkedin yg google kembalikan saldo dana,1,29,positive
membantu mendapati informasi pekerjaan kasi bintang,3,2,positive
assalamualaikum terima kasih kunjungan loker,5,7,positive
iklannya maksa,1,-5,negative
good,5,5,positive
suka banget informasi nya terbaru,5,10,positive
t,4,0,neutral
masuk email parah,1,-8,negative
error,1,-5,negative
mantap,5,5,positive
verifikasi login dipersulit memilih gambar ulang ulang,1,2,positive
aplikasi berguna,1,1,positive
pengalaman maksud,2,5,positive
uu k,3,0,neutral
senang berbahagialah,3,5,positive
tertolong,5,0,neutral
mantap keren abis,5,6,positive
seru,5,5,positive
iklan,5,0,neutral
tutup akun susah banget disitu nyuruh masukan sandi udah dimasukin disuruh main tebakan tolong bantuannya,1,-4,negative
ok buanget,1,4,positive
asdff,3,0,neutral
ribet,1,-4,negative
gimana dah udh akun gak masuk,1,-6,negative
bagus apk,5,2,positive
iklan gak bermutu,1,3,positive
indonesia,5,0,neutral
apl bagus,5,2,positive
berguna pencari kerja sdh dikotori dg beritaberita politik,5,6,positive
dtreioooooooooo kkkkkjkkokok,5,0,neutral
iklan susah close,1,-5,negative
aplikasi inidiajukan pendeletan akun muncul trs,1,-3,negative
menghilangkan iklan aplikasi kali buka aplikasi muncul iklannya instal,1,-4,negative
cepat informasi,5,5,positive
apk gak,1,0,neutral
ditempatqsinyal rdk bagusperbuatannya towertks,1,0,neutral
mencari kerja oh ya,1,3,positive
daftar bolak isi captcha mulu gajelas aplikasi bikin emosi aja aja cari kerja udah capek duluan bolak ngisi captcha benerin bug nya,1,11,positive
haduh menghabiskan jam verifikasi gambar gajelas udah bener salah gabisa ganti password,1,0,neutral
masuk susah uda upload data ga ubah profil bolak verifikasi si gambar banteng domba menyebalkan,1,-13,negative
panggilan kasih,4,2,positive
setuju postingan,5,4,positive
asik usaha,2,5,positive
beneran nga sihjgn jgn ngabisin kouta doang nih aplikasi,5,0,neutral
wahh pencari kerja aplikasi sebelah aplikasi bagus freelance kayak,5,-11,negative
babi,1,-4,negative
mengganggukebanyakan iklan,1,0,neutral
notioikasinya numpuk email penuh,1,-3,negative
gelap,1,-4,negative
iklan youtube,1,0,neutral
sy gak bs nonton langsung,5,3,positive
ikuti indonesia berhubung umur dah tua he orang india hetapi yg muda insyaallah bagus bergabung bisnis good,5,3,positive
vi ijo,5,0,neutral
alhamdulillah,5,5,positive
jmiki,4,0,neutral
pengalamannyakurang berhasil dulusemoga kali berhasil,3,6,positive
ga tau,1,-4,negative
kont,1,0,neutral
ribetttt,1,0,neutral
mantap,5,5,positive
eh taunya,1,0,neutral
iklann,1,0,neutral
bagus sila coba,5,5,positive
good,5,5,positive
iklan dimana,1,0,neutral
mencoba cari kerja blm masukan dr teman linkedln semoga info lowongan pekerjaan secepatnya,5,2,positive
mantap brow,5,5,positive
bintang,1,0,neutral
update profile error mulu asuuu,1,-3,negative
butut,5,-5,negative
matikan ikelan,5,0,neutral
ok sajslah,4,4,positive
muhammad ponda prabuadji sukses meluncurkan planet earth,5,6,positive
bagus membantu kasih bintang,5,8,positive
sempurna,5,3,positive
ok mantabbbbb,5,4,positive
trimakasi,5,0,neutral
abdhamid asyupil pisah,5,-3,negative
iklan apk ganggu bgt aplikasi jelek aja yg instal isinya orang sombong pamer kerjaan doang,1,-15,negative
iklan bermuculan bos suka mengganggu aktivitas,1,10,positive
membatu,5,2,positive
iklan ganggu,1,-4,negative
p i i,1,0,neutral
menambah wawasan dunia kerja menambah relasi,5,12,positive
apasiii muncul gajelass iklan muluuu,1,1,positive
ok,5,4,positive
kontl login ae muter mulu gk login ngetddd ngwrjain tugas anjlah,1,1,positive
iklqn musu sit,1,0,neutral
aplikasi bisnis genius always make our geniusly busines profitables insurables feel goods our eye mind foreverly,5,2,positive
beatiful good,5,5,positive
menggangu,1,0,neutral
tampilan rumitkurang tertata,3,4,positive
gak,1,0,neutral
ga donwload sih,1,0,neutral
sulit pekerjaan panggilan penipuan semuamemang jaman nyari kerja pakai orang ijazah s lawan ijazah sma menang ijazah sma ijazah sma orang dalamnya ijazah s abaikan lamaran cv nya langsung dibuang tong sampah aneh jaman,1,2,positive
iklannya mengganggu aja,1,5,positive
,5,0,neutral
terima kasih membantu,5,8,positive
wildan,5,0,neutral
berat kagak loker,1,-3,negative
my,2,0,neutral
payah rubah sandi salah mulu,1,-2,negative
gak buka iklan capek dech,1,7,positive
bersyukur kesempatan pengalaman,5,7,positive
aplikasi babi,2,-8,negative
senang aplikasi bagus menghibur,5,3,positive
amin semoga gg melayani publik ikhlas d bermutu,3,13,positive
bagus membatu,4,4,positive
susah login via google,1,-3,negative
,1,0,neutral
sulit verifikasi,1,0,neutral
log in gx persulit gagal log in ngikutin arahan nya tetep gagal pake fb gx pake nomor hp gx pake google gx suruh masukin kode gx nerima kode sms apapun gimna log in klo gitu,1,-21,negative
sulit banget loginnya min kayak facebook mudah loginnya sdh aman pakai verifikasi manusia gambar menghadap keatas bnr salah,1,3,positive
mantap siippp,5,5,positive
buruk arahin klik kambing arah salah,2,-11,negative
tolol verifikasi mulu ampe habis baterai,2,-3,negative
mayanlah lokercuma sayangnya susah apply direct aja,5,-1,negative
ngak dibuka kalkulatornya,5,0,neutral
coba akses akun fitur verifikasi ktp coba gagal akun dak akses,1,4,positive
apk kocakk,1,0,neutral
terima kasihsemoga lancar,5,6,positive
ganti aja deh network alula jelek ih kaya kid indonesia,3,1,positive
lamannya lambat postingan gk keliatan postingan stay scroll liat postingan itupun acak,3,0,neutral
iklannya nyepam,1,0,neutral
login akun batasi sungguh aneh kesalahan melanggar aturan tetapkan linkedin linkedin sebatas mencari pekerjaan mohon penjelasannya linkedin,1,0,neutral
susah masuk verifikasi bikin pusing,1,-10,negative
bagus sih login aja susah ya,5,4,positive
tolonglah akun akses akun dibatasi ditambah verifikasi pake ktp ga ngapa ngapain akun,2,2,positive
reset password aja susah bolak verifikasi kode email,1,-5,negative
good job,2,5,positive
mudah,5,4,positive
aplikasi aneh udh gak login tibatiba akun louot masukin eh suruh bikin akun adeh enakkan bikin konten ig gak louot gapang verifikasi nya ribet banget udh kaya pln mobil,1,-2,negative
bintang gak email gagal klik lamar mudah,1,0,neutral
alam,1,2,positive
apk tau kucing mo login aja susah bedul,1,-6,negative
mantap aplikasinya,5,5,positive
apkikasi motong saldo sembarangan download apk,1,-2,negative
apl gak,1,0,neutral
pengalamakami prediter bisnis proferti bangunan projek arjit sooh lettviker gel ti puul in door ti kretipitas desa,5,3,positive
kebanyakan iklanmau susah tdk epektif,1,-1,negative
belom hire,4,1,positive
mantap,5,5,positive
good for the carrer path,5,5,positive
jelek iklan,1,-5,negative
nj iiuj,4,0,neutral
giod,5,0,neutral
aplikasinya kurangbanyak bugbanyak spamdan menarik efektif,1,9,positive
duluklw misalkn sesuai bintang skligus,2,3,positive
menyusahkan,1,4,positive
belajar gak ngerti,5,4,positive
parah banget daftar besoknya akses akses akun dibatasi udah verifikasi dgn foto ktp isi macem data aja gak akses nyesel si daftar linkedin data pribadi udah sengaja kali ya akses akun dibatasi data pribadi dicuri daftar please pikir kali aplikasi website pencari kerja gak ribet kaya linkedin,1,-7,negative
lihat fungsi aplikasinya,3,3,positive
bagus,2,2,positive
joke,2,0,neutral
linkedln rant aplikasi,5,-4,negative
menghapus akun login,1,-4,negative
,5,0,neutral
aplikasi kocak login aja payah nebak gambar udah bener disalahin,1,-3,negative
iklannya mengandung lgbt,1,-3,negative
pertaniansedang aka pengalaman nya,5,2,positive
aplikasi wajib org yg usaha jualan tuh ya gopay merchant,5,0,neutral
utii gabepo,5,0,neutral
tuk rasakan hasil permainan,4,3,positive
login susah woi gambar badak lo benerin,1,-1,negative
ribet iklan nya dimana,1,-4,negative
benci iklanya masuk terusdalam menit,1,1,positive
the sulu kaurow direktori map data peta view mario samuel sulu van der hall finance indonesia merdeka online stream,5,-3,negative
nyoba ya,5,4,positive
kentu,1,0,neutral
suka,5,3,positive
in,5,0,neutral
aktifkan,5,0,neutral
,3,0,neutral
yaa lumayan mantap,5,6,positive
bagus bermanfaat,5,7,positive
mantep ok,5,4,positive
klo iklan kasih napa tanda silangnya susah dipencet tau,1,-9,negative
suka,1,3,positive
ajg verivikasi susah lu niat ngk sih apk,1,-3,negative
bagus membantu memperoleh informasi sesuai dgn kebutuhan keahlian,5,18,positive
mantaaappp,5,0,neutral
akun disuruh login ulang ribet banget tolong deh jgn dipersulit,1,-2,negative
omgit be great,5,3,positive
tahik emg verifikasinya gak,1,-1,negative
menyenangkan puas editannya,5,7,positive
apk stress login aja suruh captcha trss,1,-6,negative
kalo apk iklan apk susah bg skip mwemweg bgt,1,-3,negative
koneksi bertambah padah diterima orang koneksi stick gak bertambah tolong diberbaiki ya,1,3,positive
ayolah ga ngapain tb precaution app ga,1,0,neutral
masuk nya susah verifikasi udah berhasil verifikasi jam cuman verifikasi,1,-3,negative
dikontol iklan mulu ganggu sanjingg,1,-2,negative
wonderful,3,0,neutral
platform cari pekerjaan menambah skill relasi,5,6,positive
bagus sih mudah saking byk alpkasi yg ribuan tdk meningkat nya yg bagus donwan instan,5,8,positive
suka aplikasi linkkedin,5,-1,negative
udah capek capek akun pake log out trus gabisa login kocak bgt,1,6,positive
jempool,5,0,neutral
lansia kerja suka main gim gim uang bohong iklan maksa hadiah uang berlimpah klaim ditarik ujungnya bayar sekian dana emangnya instal gem gak pake kuota ninton iklan pemilik gem duit bangkrut instal gem hapus lag biar gak menuhi penyimpanan hp ku,5,1,positive
henny temannya kantong mahesa jenar download salah download kantong mendengar suara pintu ditetapkan menteri download catatan download membatalkan konsumen mata kepala salah ditetapkan,5,-6,negative
dana hilan,1,4,positive
hapus akun aja ribet banget mengulang dialog yg sampe kali,1,-4,negative
bagus cari kerja,5,1,positive
tuhan maha,3,7,positive
nyepam mulu,1,2,positive
captcha nya asu emang ngasih keamanan becus dikit napa nyuruh nyari gambar gambarnya dobel,1,-8,negative
panduan filter yg blm mencapai terpencil,1,-5,negative
jo the z,1,0,neutral
login susah banget gilaa,1,-2,negative
iklan menggangu,1,0,neutral
ribeett,1,0,neutral
menyediakan informasi rinci,5,4,positive
still try,4,0,neutral
apk busuk browser busuk menunggu masuk notip mari pemeriksaan keamanan cepat berjam menunggu begtu bagusan hapus aja apk nya browser hapus aja,1,-14,negative
suruh bikin akun linkedin paksa ktp login smk nunggu biar akun please linkedin biar gak verifikasi id kalo umurnya,2,-6,negative
mudah informasi kerja,5,8,positive
stick in login security check,1,1,positive
okh,5,0,neutral
top banget,5,6,positive
suka,1,3,positive
tibatiba akun logout gagal login sandi salah akun dibatasi blablabla shibal,1,-8,negative
pengalaman operatortrailerlowboy,5,2,positive
isnt bad,5,-4,negative
kluar apk menghapus akun berkali mencoba mohon diperbaiki kluar apk,2,-2,negative
coba akun demo nomor hape molai nol post,1,-4,negative
gabisa login captcha gaje,1,-3,negative
berterimakasih membantu,5,4,positive
good application,5,5,positive
hidup perjuangan,5,2,positive
fiturnya sulit pahami udah ngatur lokasi jambi tetep aja muncul loker kota,1,1,positive
kasih bintang,4,2,positive
kerja opsih,5,2,positive
gak gunanya,1,0,neutral
tidal login verifikasi foto id card tida akses berulang kali,1,5,positive
susah masuk nya ribet,1,-10,negative
good job,5,5,positive
this lesson be very goodthank you,5,0,neutral
optimalkam,5,0,neutral
iklan,1,0,neutral
semoga amanah,5,5,positive
yahoo ptezaśáåå⅘é,4,0,neutral
good linkdln,5,5,positive
apk susah masuk ga hebat,1,-6,negative
semoga pas uda kerja linkedln nya kayak orang inspiratif,5,2,positive
coba semoga betah,3,2,positive
membantu sayang nya iklan menggangu,5,7,positive
muncul parah,1,-4,negative
this be suck,1,0,neutral
udah account mensetup minggu ga dibuka akun hilang,1,3,positive
ya suka aplikasi,5,3,positive
membantuu,3,0,neutral
good one aplikasi,5,1,positive
seneng bague,5,5,positive
verifikasi susah ampun auto unistal sampah,1,-6,negative
terkendala login,1,0,neutral
indonesia maju,5,0,neutral
tdk seportip,1,0,neutral
mencoba,4,0,neutral
okey,4,0,neutral
link yatim dayat dayat ku lapor senko kw senko pemilik artis bokep tau ga lapor masuk penjara kw nih kariawan nya sih senko pemeran utaman film porno,1,-12,negative
verifikasi doang ribet bikin emosi,1,0,neutral
pijlp po,5,0,neutral
iniga install apk nya bayar langganan maksud nya gimana meras gimana tolong,1,11,positive
maless,1,0,neutral
programnya bagus,5,2,positive
membantu memperluas jaringan pekerjaan,5,10,positive
ok banget,5,5,positive
tolol,1,-5,negative
gak buka linkedin malam,2,2,positive
acl gamestop,5,0,neutral
coba,3,2,positive
iklan,1,0,neutral
aplikasi gak masak nunggu acc edah,5,-1,negative
jual alat pertanian,4,1,positive
bad,1,-4,negative
good aplikasi,5,1,positive
apl muncul trs game yg gw mainin susah bnget skip walopun ad tanda x nya,1,-4,negative
bikin akun x akun yg akun logout coba login akun dibatasi kesalahan apapun mencoba mengikuti langkah verifikasi akun hasilnya nihil tolong devoloperadmin alasanya cepat perbaiki merugikan kasih bintang,1,8,positive
welder operator snd muster tuh to delevery asean go,5,0,neutral
oke,5,2,positive
aplikasi ngga,1,-6,negative
asww,1,0,neutral
bagus cuman jaringan ny bagus,3,7,positive
program an,1,0,neutral
keren,5,0,neutral
apk bermasalah mulu klo apply,3,2,positive
mantap bosku,5,5,positive
niceeeee,4,0,neutral
pusing,5,-4,negative
absolutely useless keep get ban very often for no reason,1,0,neutral
secure,5,0,neutral
terima kasih mengirimkan informasi lowongan pekerjaan membantu bagikan keluarga sbelum pekerjaan,5,20,positive
mantab gampang nyaman fitur fitur mudah difahami pilihan bahasa indonesia menarik,5,17,positive
aplikasi memuaskan mencari kerjaan,1,0,neutral
very good application,5,5,positive
berjalan bossku be a great company and we will continue yes,5,6,positive
membantu memperkenalkan bisnis linkedin,5,7,positive
knp suka log out yaudah login susah banget konfirmasi tolong akun udah gak masukin,1,8,positive
verifikasi idsim banget asli udah dikirim prosesnya lelet banget,1,6,positive
gk banget gk badai gk hujan disuruh login ulang verivikasi keamanan ulang mulu dah selesai kemabali verifikasi gambar nya gk aplikasi gede kayak gini,1,-6,negative
aplikasi sampahhhhh akun hilang tolollll,1,-1,negative
memperluas relasi membuka pintu rezeki mempermudah hubungan pelamar pencari pekerja,5,6,positive
ayaah,5,0,neutral
sy menjabat sbg direktur utama pt nabilla bhara abadi,5,7,positive
mantap membantu membangun personal brand ranah internasional,5,9,positive
terbanntu dgn aplikasi,5,-4,negative
log in sulit verifikasi,1,0,neutral
membantu,2,4,positive
bina rumah rumah plumb servis,5,9,positive
kecewa udah kali akun kali jg verifikasi slalu gagal sandi yg d isi udah tpi aja d bilang salah ambil foto muka foto ktp,1,-4,negative
ganti email suka error,1,1,positive
akun tibatiba gak dibuka disuruh verifikasi persona akun dibatasi akun mohon diperbaiki,1,0,neutral
verifikasi pesona mohon diperbaiki,1,6,positive
security yg memilih hewan menghadap rumit mempersulit proses loginbuat akun,1,-4,negative
gabisa login kocak verif gagal halaman ditemukan,1,-6,negative
like,3,0,neutral
akun dibatasi alasan kebijakan post ok ok aja sy lihat ga pake linkedin jg no problem,1,11,positive
mantab n sukses slalu,5,3,positive
jelek,1,-5,negative
bingung belajar karna linkdin membantu,5,7,positive
konten,1,0,neutral
salam ya salam sehat amin nya perusahaan henpon indonesia perusahaan internasional henpon apapun bentuk nya nama nya,5,21,positive
bagus apk nya membantu,5,6,positive
be best,5,0,neutral
aplikasi tolol masuk akun aja susahnya ampun verifikasi dibatasi,1,-13,negative
puyeng pake ni apk,1,-4,negative
aplikasi login nungguin code berjamjam enggk,1,-3,negative
b,5,0,neutral
masi mencoba bener app membantu yg kesulitan mencari pekerjaan,5,2,positive
mantap perusahaan singapura,5,8,positive
tes human nya g banget sumpah,1,4,positive
opsional,5,0,neutral
akses terbaik,5,7,positive
bagus,5,2,positive
,5,0,neutral
login aja gak kek butuh secepatnya,1,-1,negative
good app,5,5,positive
mening,5,0,neutral
halo masuk akun sdh berkali kali verivikasi masuk,1,-5,negative
apk gaje,1,-3,negative
min tolong akun infonya melanggar login cek cek gagal akun tolong bantuannya min,1,-11,negative
lp,2,0,neutral
nice,5,4,positive
informasi aktual lowongan kerja pendidikan linkedln,5,8,positive
membantu memudahkan perjalanan,5,7,positive
sosmed utk profesional,5,0,neutral
aplikasi membantu mencari info lowongan pekerjaan,5,-3,negative
isi info pekerjaan,5,2,positive
ga guwa nyari kerja mend orang dalem dah,1,-5,negative
lumayan aplikasinya fitur yg ditampilkan menawan,3,1,positive
pejus kuntul,1,0,neutral
𝙍𝙞𝙗𝙚𝙩 𝙗𝙣𝙜𝙩𝙩𝙩 𝙢𝙖𝙪 𝙙𝙖𝙛𝙩𝙖𝙧 𝙖𝙟𝙖,1,0,neutral
app setres pw udh email udh ttep aj sruh verifikasi gj bngst mempersulit kerja orang aj smpe hrus msukin id pasport dkk app g ad bintang y gni tolong d benerin biar mempersulit penggunaan,1,7,positive
apk gak udah jelasjelas nyari kerjaan ceri perusahaan udah gak kerja kalo kerja gak cari kerjaan,1,10,positive
recommend profesional worker,5,0,neutral
tolong hp teknis mumpuni tp log in gak bsa log out,1,3,positive
be the best,3,0,neutral
aplikasi ga gunaa login aja persulitt pake teka teki ga jelasss aplikasi nya ngebantu nambah beban oranggg,1,-12,negative
aman,5,0,neutral
linkedin aplikasi terbaik,5,1,positive
ok aja semoga trend,4,5,positive
top,5,5,positive
diupdate gak lamar,1,0,neutral
mode kreator hilang mengecewakan,1,0,neutral
aplikasi menyulitkan pengguna mengedit bio susah menemukan menunya,1,-4,negative
jooos,5,0,neutral
aplikasi bagus mudah terimakasih,5,7,positive
sugoi,5,0,neutral
bug mulu ga jelasss,3,2,positive
pengguna linkedin sayang akun hilang mengalami kesulitan pemulihan lakukan verivikasi persona dg id nasionalktp,5,5,positive
opsional,1,0,neutral
mantap,5,5,positive
improve be better,3,2,positive
aplikaso yng berguna ketemu temen pekerjaan,5,9,positive
enak nich aplikasi membantu,5,5,positive
tolong login akun linkedin verifikasi persona setalah upload ktp proses verifikasi gagal akun duanya terkena pembatasan akun mohon bantuannya nya akun terkena hack orang hongkong hapus akun akun pembatasan akun mohon perbaiki,1,-3,negative
kasih bintang karna info keteranganya mendetail terhubung langsung info,1,-1,negative
bagus banget,5,3,positive
aplikasi ya daftar doang susah nya ampun,1,0,neutral
sulit mengubah data pribadi memusingkan membingungkan,1,1,positive
login mantul,1,0,neutral
,4,0,neutral
reset sandi aplikasi susah bet mintain password ya ganti sandi,1,0,neutral
verifikasi cuk salah muluuuu,1,-4,negative
apk teraneh niat nyari duit haram doang apk dajjal,1,-1,negative
this app be good,5,5,positive
merantau nanam padi kenekek robot padi berteman bahagia kenekek tukang bagunan masak nasi masak sayur nyuci piring nyuci baju serba bercerita jalan jalan pusing melliberr janggung padi kibot son ketwawk bercanda sok sokan ramah lingkungan hidup ap tergolong familia bombyliidae genus onthophagus kingdom of the year old good day for me bahagia orang mengikuti kuis kak ega bantu share with you and your friends with me seper,5,24,positive
tolong pake iklan boss oc,5,3,positive
terimakasih,5,5,positive
okeokeoke,4,0,neutral
premium ga pake ai ga berguna bayar mahal sue banget sih aplikasinya,1,10,positive
tolong tambahkan desktop modefullscree pengguna tablet,4,4,positive
sampah,1,-4,negative
mudah cari kerja,5,3,positive
hàlo login pakai akun google ga coba hapus cache data ga buka ya,3,3,positive
membantu jitu,5,4,positive
aplikasi aneh gabisa login,1,0,neutral
applikasi apaapa mensupport applikasi maju modern,1,3,positive
verifikasi nya susah,1,-3,negative
,1,0,neutral
easy to use and very nice,5,4,positive
weldersmawfcawgmawgtaw,5,0,neutral
suka hang kasih video pendek,1,6,positive
aplikasi break login aja susah,1,-6,negative
versi yg lawas,3,1,positive
ya akun dibatasi akun menyulitkan pengguna,3,5,positive
semnjaakk aplikasi linkedln hp bug terima kasih,5,0,neutral
x u,5,0,neutral
please hire,5,-3,negative
aplikasi sampah mendadak ga login email ama pasword udah sesuai,1,-5,negative
linkedin be more than just a job seeker platform its a dynamic space for professional network knowledge share and industry insights users can join group and communities relate to their field to engage in discussions share expertise and learn from others additionally linkedin offer feature like publish article where users can demonstrate their think leadership and expertise in their respective industries its also a great platform for businesses,5,4,positive
haloo selamat sore contact person pic cs linkedin,4,8,positive
bissmillah,5,0,neutral
aplikasi membantu sekaliuntuk referensi karir,5,0,neutral
mantap,5,5,positive
sampe pake belom panggil gila stress indo indo,1,-8,negative
ribet mend pake jibstreet express gampang,1,0,neutral
mantap,4,5,positive
hebat,5,0,neutral
aplikasi membantu mencari kerja x pekerjaan lingkungan salary kompetitif linkedin,5,5,positive
application keren,4,0,neutral
ok,5,4,positive
archik,5,0,neutral
tolong diajari marketingnya sopan santung nasabah,1,7,positive
site manager pekerjaan pemerintah swasta,4,3,positive
aplikasi yg bermanfaat pemberi kerja pencari kerjajuga media berbagi ilmu anggotathanks linkedin,5,9,positive
refundpengembalian dana sengaja membeli paket premium yg membeli layanan pembayarannya otomatis sepengetahuan,1,18,positive
gatau,4,-1,negative
mantap jak,5,5,positive
verifikasi check gak,1,1,positive
iya,5,0,neutral
wow aplikasi sungguh bermanfaat terima kasih,5,9,positive
linkedin error akun nocaptcha tolong perbaikin,2,-2,negative
bagusss suka semoga rakamin x linkedin fair yaaa love u sekebon,4,11,positive
lumayan bermanfaat yg blm dpt pekerjaan,5,9,positive
ruchana kristina golf graha family country club caddie administrasi membership ruchana kristina bekerjas branch manager moncol pool spa penjualan keuangan perusahaan dibidang distributor alat kolam renang spa beserta instalasi pemipaan resto msquare lenmarkmall bukit darmo golf market manager,5,1,positive
sistem keamanan lemahgk login udh lbh tp notifikasi loginganti password email email customer service nya inikalo ad tindakan bantuan menghapus email pelakusaya gk rubah rat,1,-5,negative
linkedin gagal informasi,5,-2,negative
susah login verifikasi terkirim coba,1,-1,negative
min mohon balikin dana member premium tibatiba ketarik aja saldo dana member premium nyobain gratis nya mohon balikin dana,1,27,positive
msuk ny ja sulitpdhal app membantu,1,4,positive
susah login berbelit udah isi data ngisi verifikasi ganti sandi tetep aja gabisa login,1,0,neutral
heiii si suruh login ulang mengeluarkan akun udah verifikasi ulang tolong lahh aplnya d perbaiki nggak banget tau nggak,1,0,neutral
aplikasi terbaik inpo pekerjaan negeri negeri,5,4,positive
pn,5,0,neutral
sukses,5,3,positive
terbaik,4,5,positive
sepi,1,-3,negative
bagus informasinya,3,4,positive
okeyyyy,3,0,neutral
susah bangett masuk aplikasi,2,-12,negative
masuk saldo sah ditahan,5,-1,negative
aplikasi membantu pekerjaan thankyouu linkedin,5,3,positive
bisanya saldo dana dipotong tagihan aplikasi gk apk gk balikin saldo,1,4,positive
hati hati fitur premium gratis sepekan fitur premium fitur segeralah mengetahuinya membatalkan fitur premium pemotongan tagihan premium bulanan otomatis terpotong metode pembayaran e wallet konfirmasi disayangkan mengakses pusat bantuan kebijakan pengembalian dana konsumen link in diakses,2,24,positive
portal info pekerjaan yg yg sertai berbagi info pekerjaan dlm negri negri beserta informasi yg lengkap data pelamar yg melamar nya overall be good,5,8,positive
koneksi massih setabil,3,2,positive
bagas juliansah,5,5,positive
aplikasi update berat sistem ui nya bagus terkadang buka search koneksi app bazel handle hilang terkadang buka profile lelet banget gabisa buka load mulu parah sih buka app cek kecepatan koneksi internet stabil,1,20,positive
proses verifikasi security cek ny sm membantu mlh mempersulit,1,1,positive
bagus kenal orang,5,5,positive
ga,1,0,neutral
aplikasi bagusmemudahkan menghubungkan relasi,5,-1,negative
versi yg bug verifikasi,3,0,neutral
tdk aplikasi apacara pakainya yg dihapus sapa butuhkan,3,-4,negative
a wauih nh seigiegy,4,0,neutral
gkjls aplikasi tolol verifikasi nyusahin,1,-9,negative
membantu pekerjaan,5,7,positive
baguss,5,0,neutral
z i laptop eqtuozy x,5,0,neutral
mantapbuat cari kerja,4,-1,negative
aplikasi sampah,1,-8,negative
aplikasi gak tau bodoh,1,-8,negative
kecewa mengulang sandi opsi iya pencet opsi iya pencet opsi tolonglah linkedin perbaiki bug,1,-4,negative
iya,1,0,neutral
easy and simple to operate,5,3,positive
kirim tugas gak,5,1,positive
proses log in dipersulit,1,1,positive
login aja dipersulit udah input email sandi bener hp gabisa login aneh aplikasinya,1,8,positive
mencoba,4,0,neutral
verifikasi email doang ribetnya ampun gak login load aja kena kick,1,0,neutral
medsos berbasis mencari pekerjaan informasi rekomendasi fresh graduate,5,0,neutral
membantu,4,4,positive
aplikasi rusak disuruh vefikasi gambar gagal mulu tolong diperbaiki aplikasinya,1,0,neutral
mencari pekerjaan terarah thats awesome,5,0,neutral
baagus bermqnfaat,5,0,neutral
costumer service ugrade dana,1,4,positive
informasi loker bagus,5,4,positive
bagus sih aplikasinya,5,2,positive
up to date semoga updaten terbaru dikembangkan pengoptimalan linkein maksimal membantu penggunannya,5,11,positive
strategis berfungsi maximal terimakasih,5,5,positive
wey plis ga login pakai gmaillll,1,0,neutral
ribet bgt akunbaru aj masukkan nomor telfon udh ad keterangan nya sesi kadaluarsa blm lg verifikasi nya yg lumayan ribet,1,-7,negative
,4,0,neutral
,5,0,neutral
verifikasi nya ngaco milih udh bener tetep salah milih yg salah bener,1,-6,negative
daftarnya susah nian,1,1,positive
tuhan yesus memberkati amin jesus bless us,5,6,positive
alhamdulillah nice app terimakasih semoga berkah,5,18,positive
fresgreduwet pekerjaan linkedin,5,3,positive
membatu caranus,5,2,positive
coba fahami,5,2,positive
bagus,5,2,positive
suka aplikasi,5,-1,negative
pengaduan kemana ya akun linkedin hilang masukin gmail kek gtu gmna ya ga hancur gini aplikasi aplikasi update april tpi akun hilang,1,6,positive
good indonesia,5,5,positive
platform profesional belajar terbaik,5,8,positive
ga isi komentar ya,4,6,positive
jos apk nya,5,0,neutral
omk,3,0,neutral
semoga mudah proses kastamer,5,5,positive
aplikasi hebat,5,-4,negative
habis update crash gak masuk linkedin sih udh dicoba kali tetep aja gak masuk home,1,-4,negative
qaqc cuality control at shipyardlast pt batamec batam at experience year,5,0,neutral
lemot,4,-5,negative
no hp masuk apk gimana sih gak kali no hp msih aktif nelpon wa gak daftar sesi valid ntah yg valid ku uninstall aja sih kek nya ribet,1,-3,negative
job,1,0,neutral
sya terhubung orang ya,1,4,positive
sumpah kalo kasih rate bintang ku kasih nol login susah banget verifikasinya ngulang mulu pas udah login akunku batasi,1,7,positive
apk bermanfaat,4,5,positive
medsos linkedin luas terbuka peluang kerja yg terkenal tongkrongan pengusaha menampilkan profil perusahaanini membantu pencari kerjasaya rekomendasikan linkedin,5,17,positive
bisnis bersentuhan owner,3,3,positive
jujur kecewa aplikasi akun dibobol orang data pribadi bocor data verifikasi gak nama ubah isabelle membuktikan akun dibobol orang aplikasi bagus sampah,1,-20,negative
gabisa loginnn verifikasi pake gambar tetep gabisa langganan nya mahal banget tolong yaaa link ko gabisa login eror tah,1,7,positive
yth linkedin tolonglah hapus profil google search terimakasih,1,2,positive
mantap kasih bintang,5,7,positive
platform cocok meningkatkan brand sbg profesional dunia kerja,5,7,positive
duit balikin jt potong auto debit berlangganan,1,0,neutral
nice,5,4,positive
sukses,4,3,positive
omooi llm,5,0,neutral
bevega cripton harganya bos klep oli seal klepxeon thall vega zr tkd scorpio tkd jup z thallxeon thall vega zr tkd scorpio tkd jup z thall perpak kertas blokrduka cita keluarga yg tinggalkan berduka cita keluarga yg tinggalkan yg inggalkan,2,0,neutral
petani,5,0,neutral
verivikasi nya susah masak iya kali nyari gambar kodok menghadap salah security check ambigu dunk kek dikerjain,3,-9,negative
belajar,5,3,positive
dunia togel orang tausebelum masuk aplikasipaling mumet masuk aplikasikarena persainganpelanggan korban,4,-13,negative
linkedin profesional,5,0,neutral
,5,0,neutral
keren apk,5,0,neutral
ga langganan potong mahal rb ga ikhlas banget refund banget,1,9,positive
like snail,1,0,neutral
klik pekerjaan tibatiba aneh bgt,1,7,positive
tibatiba ngebug,1,0,neutral
monyet gara gara apk saldo dana gua potong otomatis ga pencet mesen lumayan juta,1,-6,negative
relawan prabowo gibran ketua persahabatan publik harapan bergabung bersahabat berbagi informasi,5,6,positive
ga sesuai harapan,1,3,positive
akun ga login,1,0,neutral
data tersebar aplikasi,1,-7,negative
akses diblokir solusi,1,5,positive
yg terbaik,4,5,positive
aplikasi eek gak verifikasi,1,-9,negative
interest,5,0,neutral
aplikasi linkedin ni bagus pakai tugas tugas ppt lainlain,5,-4,negative
bagus membantu mempermudah hubungan pemberi pencari kerja,5,5,positive
,2,0,neutral
membantu memperluas jaringan profesional bidang ilmu pengetahuan pekerjaan,5,18,positive
verry nice,5,4,positive
bagus portofolio,5,4,positive
menjalin koneksi tombol x checklist bersampingan sengaja memencet x membatalkannya tapu terpemcet tulisan menyarankan pencarian blax sengaja memencet ya posisi tombolnya gabisa cari orangnya,1,-1,negative
ya melamar ngak aneh banget udah seminggu gini,1,9,positive
mantap,3,5,positive
ftttt i didnt remember whether there be a lot of problems available because its more difficult to help either ma ma,1,-3,negative
gabisa masuk akun stick puzzle gmna ya,1,1,positive
bgus membantu,5,4,positive
goood,4,0,neutral
rekomendasi,1,0,neutral
si gada gambar nya,1,2,positive
stress berat gabisa daftar udah coba,2,-2,negative
log in,1,0,neutral
akun ku hack masuk akun verifikasi rumit selesaiakan buruk,1,-17,negative
login disuruh verifikasi pake gambar udah berkali nyoba gambar salah bikin yg betulah menghadap yg kayak yg kepalanya aja sebadan nya,1,-4,negative
namaku holili yugo adi putro pertemuan kandung anak holili yugo adi putro gedung btn,5,4,positive
ku aplikasi merepotkan awalsusah banget loginmohon perbaiki,2,-3,negative
login aja ribet verifikasi dimna mna udah sesuai data,1,-3,negative
login pake teka tekiudah bener disalahin,1,0,neutral
peonsiun,1,0,neutral
aplikasi babi gak sesuai diharapkan,1,-5,negative
good thank for this apps,5,9,positive
rfr l ur f r b l fr,4,0,neutral
ol,5,0,neutral
sangatmembantu,5,0,neutral
ok,2,4,positive
aplikasi bodong biaya mahal saldo didana gw raibkalian jgn download aplikasi dana raibkaya penipuan,1,-1,negative
trima kasih bergabung,5,-1,negative
operator buldoser,5,0,neutral
apk gak login aja dicek scurity ribetin,1,1,positive
i cant login,1,0,neutral
aplikasi pencari kerja pebisnis,5,-2,negative
login aja ribet cahpta valid udah bener,1,0,neutral
aplikasinya sampah login aja verifikasi nya sulit bngt valid mulu tolong diperbaiki,1,2,positive
i like job,5,0,neutral
aplikasi sampah banget loh coba login akun terkendala proses verif security check nya yanh gambar kuda gak dicoba gagal udah sesuai arahan blokkk,1,-3,negative
i have manay new friends here,5,3,positive
aneh gak login daftar gk kirim kirim kode nya,1,6,positive
jelek verifikasi id takut d salah gunain,1,-8,negative
verification gk,1,0,neutral
gak buka gak yg anehsekali buka tau tau akun batasi ktp udah kayak buka aplikasi pinjol,1,-6,negative
smoga cepat membantu mencari pekerjaan,5,7,positive
kalo kasih bintang ni aplikasi gua rat bintang burukkk bangetttt login susah udah kaya tes cpns udah akun disuruh masukin kode masuk ngga emang busuk aplikasi,1,-25,negative
kren ku mengerti impormasi bisnis membantu mendorong,5,5,positive
semoga membantu,5,4,positive
buruk aplikasi nya ngeselin jobseeker perbarui profil nya asisten manajer aneh,1,-10,negative
laporan pajak npwppersonal berjangka,5,-8,negative
aplikasi rampok saldo potong pemberitahuan,1,-12,negative
membantu,5,4,positive
siiip,5,0,neutral
suck,1,0,neutral
bermanfaat,5,5,positive
ga salah ni ratingnya developer useless scam ga login verifikasi sulit banget,1,-3,negative
susah masuk ny,3,-6,negative
apkikasi lucu bener arah dah pencet kali ga ana benernyaauto bersihkan jelek,1,-1,negative
membatalkan langganan,1,4,positive
top bgt,5,5,positive
yg bener bikin verifikasi login min masak udah milih gambar yg bener blm login gimana sih perbaiki login pengguna jgn persulit,1,9,positive
emang bagus,5,2,positive
aplikasi apan,1,-4,negative
fosnxk,5,0,neutral
jobseeker biaya bulanan nya mahal bentuk idr ditambah gak liat aja yg cek profile jobseeker cari kerja doang biaya kelewat mahal,1,5,positive
mengukan mecari kerja gimana yaa gapaham ngelamar perkerjaan aplikasi mohon bantuan nya terima kasih,5,0,neutral
selamat ratingnya ngasih bintang smoga yg bintang error,1,3,positive
aplikasi sampahh login suruh teka teki bilang teka teki biar tau manusia woyy ngotak dikit emang binatang donlod aplikasi dasar manusia tolol,1,-16,negative
,4,0,neutral
gabisa login loop verifikasi,1,0,neutral
ribet banget najis verifikasi nya,1,-7,negative
cocok bgt,5,4,positive
tolong developer mendengarkan keluhan usernya diatas login udah upload ktp verifikasi wajah tetep aja kena pembatasan,1,-2,negative
api berpenghaturan,5,4,positive
tau narik uang dana rb aplikasi,1,-4,negative
cant sign in very bad app in playstore,5,-4,negative
verifikasi sulit,1,0,neutral
gua dah verifikasi bolak aja ga login verifikasi email aja ga tolong diperbaiki,1,-1,negative
mohon kembalikan uang garik google play shopepay konfirmasi apapun terkait pembelian berlangganan aplikasi apk mengambil dana shopepay konfirmasi pemilik akun mengajukan klaim berkali lali mohon bantuanya,1,8,positive
susah login gak banget apk muter verifikasi doank,2,-2,negative
insyaallah bs membawa berkah amin,5,9,positive
aplikasi ga verifikasi susah skli ga ga ga ihhhhh sebel org udah bener salah salah muluuuu org gambarnya udah bener pilih menghadap salahhhhhhhhhhhhhh,1,-16,negative
duhaifxxcb kolo,5,0,neutral
mnt stick at captcha be u serious it have be correct long ago and u waste my time by do quick security check again and again,1,1,positive
bagusu,5,0,neutral
google map,5,0,neutral
membingunkan,1,0,neutral
the best,5,0,neutral
belajar pemulah,2,3,positive
verifikasi sulit,1,0,neutral
build business and support time,5,4,positive
kasih tu,5,2,positive
gajelas suruh verifikasi tp gabisa lolos alasan nocaptcha ga valid apalah apalah,1,-10,negative
terimakasih informasinya membantu proses menentukan nya amin terimakasih,5,20,positive
apk gk jls ribet banget login aja susah akun ga bikin akun,1,-5,negative
dewasa,5,2,positive
aa,4,0,neutral
penipu,1,-4,negative
percaya aplikasi buang buang biaya interview ujung ujungnya penipuan telite iming imingan pt nya lebay waspadalaaaaaaah,3,-15,negative
sukses aja,5,4,positive
alot of importance information,5,1,positive
tahap mencoba,1,0,neutral
captcha eror log in payah,1,-4,negative
verivikasinya susah benget apk gajelas,1,-3,negative
mohon tambahkan bahasatranslate bahasa indonesia,3,-2,negative
aplikasi berguna sebagua apapun profil provesional apapun buang buang tenaga room lowongan pekerjaan didalam room akal akalan developer dg mitra apk kredibel apk kredibel pekerjaan sdh bergabung,1,8,positive
pembaruan,3,4,positive
ga login pas verifikasi ngulang udah dapet selamat blablabla membuktikan manusia,2,9,positive
mencoba semoga banyat mafaatnya,5,0,neutral
login ribet ketat,2,-7,negative
bermanfaat dunia karir,5,6,positive
profil linkedin gak keliatan udah diperbarui,1,2,positive
aplikasi berguna berubah total aplikasi ga karna susah login akun hilang,1,-3,negative
nih aplikasi ngeselin banget verifikasi aja susah banget,1,-9,negative
be oke,5,2,positive
gak nya appbaru bikin udah masuk pake verifikasi ujung nya gak masukbikin kaya gitu aja terusgak app nya,1,-3,negative
tau akun login amu login tolong bantuannya,1,-1,negative
aplikasi keren bermanfaat,5,1,positive
sukses link,5,3,positive
benahin tuh bug verifikasi lu sampah,1,-4,negative
verifikasi suruh teka tekisdh sdh terceklis memuat harap tunggu eh yg verifikasi aja sampe quota habis muter situ aja,1,7,positive
the captcha bug so i cant login,1,0,neutral
verifikasinya ribet,1,-4,negative
gajelas websitenya udah ngisi kode captcha kali gila gabut banget gabisa,1,-4,negative
man tool,5,-1,negative
layanan linkedin cap jempol,5,7,positive
aplikasi bapuk tolol verif susah bgt,1,-12,negative
login nya susah captcha perbaiki thank you,1,1,positive
update ribet,1,-4,negative
buka linkedin,1,3,positive
dapatkan,5,2,positive
sih verifikasi aja sampe mampus bikin aplikasi sampah banget,1,-11,negative
assalamualaikum perkenalkan fajar kakak tnyk nih linkedin kakak blokir ya aneh linkedin nya,1,8,positive
very very membantu,5,4,positive
aplikasi aman,1,-4,negative
gak berguna,1,5,positive
perbarui ruwet mudahin penguna,1,-4,negative
verifikasi login dikasih notifikasi respon kode nocaptcha valid diisi,1,1,positive
khoirul anm,5,0,neutral
informasi yg bagus dunia teknologi lowongan pekerjaan,4,8,positive
verifikasi nya mantap sampe berulang kali,1,5,positive
verifikasinya ga udah ngisi kali gabisa masuk gimana sih,1,-3,negative
i find great app,5,3,positive
good,5,5,positive
aneh ni apk error mempersulit gw pengen verifikasi aja susah nya ampun hadehhhhh,1,1,positive
𝓑𝓐𝓲𝓴,5,0,neutral
udah bikin akun pas login ribet banget pake gmail terpakai tugas praktek sekolah,1,2,positive
kali login ngikutin arahan,1,-5,negative
login aja susah kebanyakan verifikasi,1,0,neutral
apk yg membingungkan rumit berbelitbelit,1,-5,negative
tolong filter perusahaannya perusahaan pialang linkedin,5,3,positive
i like it unlike any other social media platforms linkedin mean something to many not only job seekers and recruiters but also for profesionals who love share their valuable world view to let others see what they saw double thumb up,5,6,positive
susah login,1,-3,negative
gabisa login taiilah,1,0,neutral
lelet,1,0,neutral
haduuhh capek banget verifikasi captcha invalid mulu ngulang gk masuk,1,-1,negative
no coment,5,0,neutral
plattform terbaik jobseeker and find network,5,5,positive
orang nyari kerja nambah kerjaan kali proses pencariannya,1,3,positive
mengganggu iklan nya,1,4,positive
udah bener suruh coba,1,3,positive
admin kerjanya ngapain aja benerin sistemnya cuman plonga plongo gw login akun gk cuman karna verifikasi doang coba minimal ditanggapi komen yg biar kepastian udah digaji kerja gk becus,1,5,positive
tolong aplikasi seberguna sampah susah login verifikasi website nya aja nyusahin tolong developer nya cepat fix banget lo udah orang berkomentar,1,0,neutral
aplikasi bagus berkenalan dam membangun relasi profesional mencari pekerjaan,5,-5,negative
log in nya sulit berhasil foto id diikuti log in,1,6,positive
bagud,5,0,neutral
its really helpful,5,0,neutral
tingkatakan fitur,4,0,neutral
alhamdulillah dpt network,5,5,positive
okt,5,0,neutral
mudah mencari pekerjaan,5,4,positive
aplikasinya membantu menghubungkan informasi seputar info pekerjaan,4,6,positive
bermanfaat terimakasih,5,10,positive
olla,5,0,neutral
security check aneh,1,5,positive
aplikasi membantu mengembangkan bisnisthanks,5,0,neutral
dear linkedin why be it so hard for just make my official website appear at my official linkedin profile i follow all the step but still have not display yet not to mention the unease of how we as user should ask for customers support really be disappoint about this please fix this immideately,1,1,positive
mnuhl,3,0,neutral
cant even login with my google account and try log in wiith my email and password but the captcha be to complicate aint nobody get time for for the verfication i be just give up with this nonsense and uninstal this app,1,0,neutral
batrai langsung matahari langsung langit cari vpn login power bank iso voa terdaftar dick global tv google royalti incam pribadi go sehat,5,10,positive
gimana login verifikasi nya eror udah sekian gak tindak,1,-4,negative
suppeee,5,0,neutral
blm bgmn dpt koin yg bnyk,5,0,neutral
perbaiki fitur verifikasi pakai ktp persona indonesia ga support,2,4,positive
bintang,3,0,neutral
kemajuan,3,0,neutral
gabisa login security check udah bener sesuai instruksi aneh aplikasi,1,4,positive
mempelajari,5,0,neutral
upload sertifikasi lisensi kesalahan peecuman fitur,1,-5,negative
aplikasi susah login kacau jelek very bad,1,-16,negative
login lose verifikasi ulang berulang mohon dibantu,4,4,positive
login pake fb email trus kali pakai teka teki gak masuk capek,1,1,positive
teka teki kayak tai,1,-8,negative
sempurna,4,3,positive
gimana siii gk log in verifikasi salah,1,-4,negative
tolong linkedln kenapasih buka aplikasi suruh login udh gitu ngulang kali lg suruh verifikasi nih aplikasi mempermudah bikin ribet gk dibuka,1,-16,negative
nyari usaha ya,3,3,positive
woy login nya susah udah bener teka teki nya gagal trus login nya mend verifikasi robot nya pakai centang google ajah yg mudah akun kena blokir ngga login pelanggaran apapun udah verifikasi identitas tetep gagal udah berhasil login akun udah dipakai orang tolong diperbaiki developer,1,-11,negative
base premium respon owner perusahaan base reguler artikan rekomendasi cari kerja,5,6,positive
verifikasi susah woy ktp udah hadapkan salah daftar nomor pake nomor cari kerja susah masuk aplikasi loker susah indonesia emang susah,1,-23,negative
bug notifikasi,1,0,neutral
ok gasgas,5,4,positive
erorr nggak dibuka,1,1,positive
lo,1,0,neutral
senang membantu banget,5,10,positive
your capctha be very bad do it repetitively for like time and can not login,1,-4,negative
akun kena hack bro gimana,1,-7,negative
tolong baca komen bodo dosa mempersulit orang tanganin kesulitan login,1,-8,negative
aplikasi tolol cmn login pake tekateki babi d ulang udh bnr ny,1,-13,negative
,1,0,neutral
great and more than job information,5,3,positive
apk aneh download apk cari kerja log in mlah isi profil kerjaan,1,7,positive
aplikasi kontolll gk babi verifikasi bikin emosi hapus aja babi,1,-11,negative
vc b,4,0,neutral
aplikasi gak gak login,1,-4,negative
mohon perbaikan admin,1,5,positive
siiiip,2,0,neutral
developer tlg diperbaiki apk nya idiot gak login teka teki nya salah yg org apk nya yg gagal tks,1,-10,negative
salah verifikasi,1,-4,negative
akun gw hack orang asing login susah banget,1,-6,negative
biarlh yng ngasih nilai tnggi kali masuk ngk tau bagus tdak yng nilai,5,8,positive
dicoba,5,2,positive
login tok angel menungso iki menungso verifikasi jawabanku wes bener harap diperbaiki,1,6,positive
bagus,5,2,positive
,5,0,neutral
strong together,4,0,neutral
relasi informasi,5,5,positive
foto ilang jaringan koneksi hilang paham,1,6,positive
wawan lswanto,5,0,neutral
gabisa sign in pake gmail ya,1,4,positive
ya akun terkena kendala masuk verifikasi akun sehari pelanggaran apapun eh kena blokir semenjak akun ayolah developer aja,1,-4,negative
member yg terbai menerimadan jujurikhlastidakmencelamenuntuttygtidakterlalu pentingdanmudah memaafkan,1,-3,negative
membantu,2,4,positive
login nya gimana sih nggak verifikasi id foto udah tetep nggak,2,5,positive
garagara verifikasi gamasuk akal gabisa login sistem verifikasi nya tolong diperbaiki kemudahan,1,2,positive
buruk gabisa log in,1,-5,negative
gimana si verifikasi mulu aneh,1,6,positive
apk membantu terkoneksi profesional,5,7,positive
security check manusiawi,1,1,positive
cekk,3,0,neutral
oh gosh,5,0,neutral
teka teki nyusahin gak masuk akal bikin program aplikasinya,1,-3,negative
ga banget verifikasi maunya salahz asw asww,1,0,neutral
linkkedln lengkap,5,2,positive
tolong verifikasi nya mudah ngasih verifikasi susah banget,1,8,positive
aplikasi gajelas verifikasi salah giliran udah masukin otp sesuai yg salah keterangan login gagal emang aplikasi gajelas,1,-14,negative
be,1,0,neutral
,2,0,neutral
validitas lengkap,5,-1,negative
goog aplication,5,0,neutral
senang,5,5,positive
bagus bagus pekerjaan linkedln,5,7,positive
lembek aksesnya,4,5,positive
login,1,0,neutral
makasih,5,4,positive
bagus,5,2,positive
security check nya ga pilih gambar udah dipilih salah mulu ga check bot nya,1,-2,negative
baguslanjutkan,5,0,neutral
essseesssess,4,0,neutral
hayyyysaya login captcha errormohon diperbaiki mengganggu,1,4,positive
aplikasinya bagus kesini ko ngga bagus ya gabisa login menerus verifikasi berulang kali masukin kode aja ngulang sampe bosen coba berjam jam buang,1,-1,negative
helpfull app real profesiaonal,5,2,positive
login pake gmail trs verifikasi teka teki anehnya salah pas ganti verifikasi tebak suara muncul tulisan verifikasi valid pusing login aja sulit,1,5,positive
tolong bantu ya modahan kalo menolong rezeki nya melimpah dunia tuhan membantu melindungi menolong kekurangan amin amin ya allah,5,41,positive
login gagal verifikasi gagal,2,-8,negative
kode captcha verifikasi akunnya diulang sbntr diulang bgituu nggak login,3,-2,negative
semoga membantu,4,4,positive
bagut,5,0,neutral
mbuh angel tenan verifikasi ne,1,0,neutral
ga login akun tangguhkan diblokir akun pake orang tanggung ni linkedin keamanannya ga data pribadi,1,-5,negative
membantu,4,4,positive
membantu menjalin relasi pekerjaan,5,10,positive
banget program search job most exit and valuable butuh tenaga sbb m bambang ongkoyudo drs ktp m bambang oky drsspdkonselor expthn swasta negeri penghargaan gubernur dki jakarta thn penghargaan thn presiden nkri joko widodo jokowi brgabung dgn perusahaan yg butuh tenaga mencukupi salarynya,5,8,positive
membantu mencari link pekerjaansemoga pekerjaan aamiin,5,6,positive
mohon perbaiki sistem verifikasi manusianya menyusahkan,1,2,positive
verifikasi jmbt,1,0,neutral
linkedin klo sy liat bagus mk nya sy coba akun limkedin sy akun lg proses sandi no hp stlh sy tullis blg salah pd no hp sy smp ulang berkali sampr capek sy mohon coba yg simpel aja ng coba nya,3,17,positive
gak login verifikasi gagal mulu,1,-2,negative
,5,0,neutral
bagus dam simple,5,2,positive
be ok,5,4,positive
terimakasih sangaembantu,5,5,positive
robot,1,0,neutral
trial,5,0,neutral
lumayan bagus pekerja,4,6,positive
tampilan menu pilihan menunya simple,5,9,positive
oem y f,4,0,neutral
eŕ f,3,0,neutral
putuskan kongsi,4,0,neutral
gabisa log in karna kebanyakan syarat ga,1,2,positive
mantap melancarkan bisnis lengan cepat terhubung tim inviter,5,10,positive
log in ribet capca nya ga login ulang susah gimana ya pdhal dah akun giliran log in gad,1,-5,negative
i o,3,0,neutral
verifikasi permudah napagak paspor indonesia susah woipake ktp kek kek gitu,1,-3,negative
kali instal ulang bermasalah login browser edge data hilang akses aplikasi salah aplikasi terbaik pengembangan bisnis jaringan aplikasi murahan interaksi nya please perbaiki secepatnya admin,2,-1,negative
aplikasi gak instal muncul,1,-3,negative
uji,1,1,positive
aplikasi linkedn buka jaringan pertemanan profesional,5,2,positive
aplikasi main komersil mulu premium gratis bayar mend gak tampilin premium gratisnya,1,9,positive
inspiratif informatif,5,0,neutral
memudahkan melamar pekerjaan berita terkini mudah,5,9,positive
bangkrut udah dapet uang iklan tinggalin apk gitu aja,1,-2,negative
pt megalopolis manunggal industrial developmen tugaskan perusahaan memegang perizinan a kawasan industri izin domisili desa izin kawasan industri izin lokasi sippa iplc izin penangkal petir izin instalasi listrik izin stasiun radio izin pemadam kebakaran b hotel asuka restoran siuk hotel izin hydran izin instalasi petir izin pemadam kebakaran,5,-49,negative
keren,5,0,neutral
tes dev kalo bagus in bintangnya,5,2,positive
aplikasi abal abal,1,-4,negative
membantu jaringan profesional,5,7,positive
nggak bs login dah kapaaaaan pngn ngecek nyari lowongan memperbarui profil takutnya msh kerja tmpt yg pdhl udh resign,1,-2,negative
sekuriti chek sampe x ga masuk masuk,1,-6,negative
susah login verifikasi gambar salah isi,1,-3,negative
susah login nya buka aplikasi login langsung close aplikasi nya,2,-7,negative
ya engk login aplikasi android android udh v pake web dilaptop jg udh instal ulang tpi tetep engk log in,1,0,neutral
gabisa login cokkkk,1,0,neutral
login mentok kodok,1,-7,negative
ok banget bertambah informasi pekerjaan mengenal karakter senior senior,5,0,neutral
citacitanya pencetin gambar kodok smpe mabok,1,-4,negative
apk tau pemerintah gagal mengurangi pengangguran persyaratan yg lowongan kalangan orang sekolah menengah,1,-9,negative
ga masuk nyusahin alias bikin ribet orang verifikasi nya,1,-7,negative
luh,4,0,neutral
quick security check aka capctha error stupid app,1,-4,negative
,4,0,neutral
verifikasi security captcha valid captcha opsi suara gagal login tolong bantu login,1,4,positive
berbayar ga asyiik,5,-3,negative
aplikasi jelek dibuka ulang captcha muncul gak gabung sdh member,1,-13,negative
verifikasi liat banteng ngadep gimanaa salah mulu woy,1,-3,negative
maaf ya kakak kasih bintang krn jarang pakai,3,8,positive
cukuo info nya,4,-3,negative
susah banget loginnya disuruh verifikasi captcha trs gambar ditekan udah bener perbaiki aplikasinya hilangkan fitur verifikasi captcha,1,1,positive
thank you,5,4,positive
aplikasi nya ga login ya,1,0,neutral
verifikasi berkalikali login,5,0,neutral
im,4,0,neutral
help me to find job,5,2,positive
nizeeee,5,0,neutral
tolong verifikasinya diperbaiki udh ngisi salah ngulang kali,1,-1,negative
chaptanya rek,1,0,neutral
linkedin rekomended menjalin circle pertemanan berkualitas best linkedin,5,4,positive
,3,0,neutral
login ko stick captcha deploy kaga ni,1,0,neutral
gimana sih invalid mulu re chaptsanya gabisa masuk,1,-6,negative
oh,1,0,neutral
cah samsung lek,1,0,neutral
help to find a job,5,2,positive
aktipkan,4,0,neutral
q lppoooloo pooooooooolo pooooopopoolooooo ooloppop l lokasi pop indonesia operasi popo ol eh ol posisi lo on lp ol play dll polisi pondok gede pl oo oo ku pilih syg po sumber ooo o ooloppop oo loopl ooooooooooooloool,5,9,positive
aja susah log in suruh milih gambar yg ga,1,-4,negative
berfungsi normal terimakasih,5,6,positive
informasi up to date memudahkan pencari kerja meningkatkan karier perbaikan taraf hidupnya keep the awesome joblinkedin,5,13,positive
chapcta errorr,1,0,neutral
gak suka,1,3,positive
jos pokoknya,5,-3,negative
emang bener ya pakai aplikasi nomor telfon tersebar luaskan pesan wa ngaku nomor aplikasi risih sih,1,3,positive
akun akses login disuruh verifikasi data dgn tanda pengenal memverifikasi data disetujui ya,1,-4,negative
gak dlond aplikasih domino,5,0,neutral
bagus sertakan terjemahan bahasa indonesia lamaran kerja pake bahasa inggris nggak paham udah disetel bahasa indonesia,2,-4,negative
daftarpadahal kali log intolong bantu,1,3,positive
bagus informasinya bermanfaat,4,9,positive
aplikasi nya buruk,1,-9,negative
verifikasi tolol login aja susah captca bolak,1,-7,negative
aplikasi eror udh verifikasi tpi dibilang respons kode captcha belom diisi valid,1,-7,negative
parah aplikasi ga login aplikasi disuruh verifikasi,1,-15,negative
goood,4,0,neutral
senangdengan aplikasi,5,-4,negative
mohon diperbaiki apk nya login verif captcha gagal berkali kali,1,-2,negative
aplikasi qnti si tas tes tas tes gambar mulu salah mulu glbg buang buang wktu aja woe bog benerin apl lu gkberguna,1,-7,negative
apk bangke,1,0,neutral
login susah,1,-3,negative
apl can not be operate after recent update please let me know,5,-3,negative
aplikasi okey banget,2,-3,negative
recapcha bermasalah,1,0,neutral
quick security check mengganggu relasi linkedin terjamah akun tersendat,1,12,positive
captcha bermasalah jdi masuklogin apk mohon diperbaiki,2,2,positive
ad ul,3,0,neutral
teknisi ac frilen,5,0,neutral
top and the top,5,10,positive
maaf aplikasi sampah facebook isinya hrd nyampah aplicant palsu apk membantu dear perusahaan promote pakai sosmed,1,2,positive
apk nya bagus banget,5,3,positive
security check berkali gak kedetect input captha nya,1,1,positive
login,1,0,neutral
perna pegawai gudang pt indofood,5,3,positive
keren tolong captca webnya diperbaiki,4,3,positive
super duper hard to log in many time verification and limit access i have update my identity card but it do not work,1,3,positive
opsional,4,0,neutral
membantu mencari informasi lowongan pekerjaandan perusahaan terkadang langsung menghubungi melamar pekerjaan,5,16,positive
okey,4,0,neutral
login bikin susah nih aplikasi,1,-7,negative
tutup akun privasi knp susah,1,-5,negative
menemukan pekerjaan,5,5,positive
good job,3,5,positive
sebenernya dalem nya bagus tp dalem login susah pilihan suda tp mencoba ratusan kali gagal mohon linkedin dicek perihal karna keefesienan terimakasih,3,4,positive
aplikasi udah bangkrut kali ya ulasan lihat keluhan nya ga login bermasalah captcha coba login sebulan jawabannya verifikasi ga beres beres sampe lebaran jerapah aplikasi ga,1,-4,negative
laporkan laku uang,5,2,positive
verifikasi rechapta login mengganggu bangetdan ga validvalid rechapta nya,1,4,positive
membantu mencari pekerjaan menambah relasi,5,10,positive
respon lambat verifikasi data kotak masuk email gak spam gak canggih server,1,-9,negative
very helpfull for job seeker as long we can explain what be our job with well thank linkedin,5,4,positive
sulit masuk log in menu utama,1,-3,negative
login verfikasi gambar error berkali kali tolong diperbaiki,1,0,neutral
login gak alasan error ngapain kali pake masuki recaptcha aplikasi make manusia kali berkali kali coba login gak recaptcha invalid,1,-9,negative
call center kredit digital,5,0,neutral
bbm j cf hk jin,5,-3,negative
aplikasi taii login aja susah kudu verifikasi gk ujungnya eror boro dapet kerjaan login aja ruwet,1,-11,negative
mantap info lowongan,5,2,positive
trimakasi,4,0,neutral
gabisa post dokumen sampe ganti ganti device tetep unable to post,1,6,positive
twrima kasih membantu berinteraksi publik,5,6,positive
keren bgt aplikasi kejaan belajar keren bgt sumpah,5,2,positive
i have problem with login my account verification cant be complete after answer true question captcha please solve it,1,-7,negative
perusahaan import suluruh negara eropa asia customer clearance import under name import,5,9,positive
membantu bisnis terimakasih aplikasinya bermanfaat,5,17,positive
bagus membantu,5,6,positive
masuk tebak gambar buktikan robot udh dikasih teka teki,1,4,positive
penggunq robot aplikasi paok anjeng,1,-9,negative
gak t,3,0,neutral
login susah email password captcha gak login,1,-3,negative
pengen nonton pilem bokef,5,3,positive
linkedin so best aplikasi,5,-4,negative
login susah,1,-3,negative
applikasi bermanfaat,5,5,positive
aplikasinya the best,1,0,neutral
disuruh verifikasi keamanan foto ktp berulang kali tulisan tolong perbaiki sistem verifikasi buruk,1,-5,negative
verifikasi manusia nya ngulang gak login,1,3,positive
bagus banget canrik,5,3,positive
hi devs can you update work experience with options input like less year year etc,4,1,positive
beliau gunawan dalimarta sangkutan pinjaman uang membayar ga dihubungi,5,-3,negative
bergabungsaya,5,0,neutral
ganti hp login capcha x login eror tolong admin diperbaiki bug,1,2,positive
,3,0,neutral
akurat relevan,4,0,neutral
sanggat bagus,5,2,positive
this application be suck my account have be hack make me cant log in into my account meanwhile to make a report i need to log in but how be i suppose to log in if my account be hack frustating,1,-8,negative
udah login berkalikali security check kode chapta bertambah gimana ceritanya cari kerja aja dipersulit gini,1,-5,negative
salah aplikasi jaringan komunitas bidang kerja terbaik praktisi berkembang owner perusahaan keyakinan mitra perusahaannya,4,9,positive
amatsangatberguna,5,0,neutral
bergabung aplikasi aplikasi bagus mudah mencari relasi peluang usaha promosi iklan,5,-5,negative
aplikasi sampah log in suruh ngisi security check pas udah selesai akun tangguhkan gak kesalahan apapun sumpah aplikasi sampah tersampah muka bumi,1,-14,negative
bagus fg personal brand pekerjaan mencari regard linkedin khulafaur rosyidin digital creator of food quality,5,2,positive
susah bgt login proses verifikasinya lemot,1,-7,negative
tingkatkan pervormanya ya,5,4,positive
this aplication very good to my exprience,4,5,positive
suka aplikasi nya mudah mengerti,5,5,positive
mantap,5,5,positive
buka,5,3,positive
akun blokir login admin mohon bantuannya,1,-1,negative
semoga dapet job linkedin,5,2,positive
bnbollmm,4,0,neutral
teblokir alasan,1,0,neutral
kesulitan login proses berulangulang uninstall install login mohon diperbaiki,2,-2,negative
bagus,4,2,positive
eror post notifikasi yg komentar tp hilang pas dibalas gmn ber koneksi orang klok balas komentar postingan aja hilang tolong diperbaiki,1,14,positive
mantap aman,5,5,positive
security verification loop,1,0,neutral
bermanfaat,5,5,positive
bintang dlu kalo bgus kasih,1,2,positive
suka bgt aplikasi nth kinerjanya bagus nambah menurun permasalahan login aplikasi dibuka sungguh mengganggu pengguna banget,1,4,positive
aplikasi tolol suru verivikasi gaada yg beres gambarnya,1,-12,negative
,1,0,neutral
mendukung aktifitas,5,0,neutral
mutermuter masukin verifikasi doang ga next page,1,1,positive
recapta yg bener aja anjir emosi bgt diulang menit tetep blm masuk masuk males buka,1,1,positive
suka,5,3,positive
sulit banget daftar akun coba dipermudah,1,4,positive
aplikasinya bagus membantu owner perusahaan disayangkan pembayaran iklan postingan berbayar pembayaran digital gopay shopee pay dana dll,3,10,positive
x,4,0,neutral
makhsudnya gimana ya pengen akun apk pas verifikasi captcha error udh ikutin instruksi nya tp aja ttp error habis menit verifikasi doang,1,2,positive
c,1,0,neutral
aplikasi berguna mencari pekerjaan,5,1,positive
kehidupan kebutuhan,5,4,positive
asswuhhhhb n mb bb mb free ethh desa,1,3,positive
membantu menemukan pekerjaan sharingsharing jaringan,5,12,positive
linkedin mantap,3,5,positive
bagus tingkatkan developer,5,2,positive
cc e,5,0,neutral
ko gak install ya,1,4,positive
jelek bgt suka ngebug chapchanya berulang kali nggk terferivikasi,1,-2,negative
good informatif,4,5,positive
nyusahin pas security cek ga surah sentuh gambar menghadap pas milih gambar mengahadap salah udah kali x salah mulu,1,-5,negative
linkedin bermanfaat kalangan praktisi hr pencari kerja menjangkau,5,7,positive
repot masuk akun sndri udh set jam nggk masuk invalid mulu,1,-14,negative
versi terbaru tanggal postingannya jobseeker gak tau loker gak tulis deadline recruiter nya,1,-4,negative
ajub,5,0,neutral
security check aja trs,1,2,positive
aplikasi g bergunaaa g bida daftarr gagall,1,-4,negative
terima kasih,5,4,positive
hapus aplikasinya berguna ribet,1,-2,negative
nya update,1,0,neutral
ga login ajg udah verifikasi ajg,1,0,neutral
mantapabiz,4,0,neutral
berkesenian mengajar duniaku,4,0,neutral
buang kuotauntuk daftar aja disuruh memecahkan teka tekiberulang masak jawabnnya benarakhrnya uninstal fix buang kuota,1,-6,negative
apk dagang,1,0,neutral
gua login ulang akun gua yg lamaih gua lupa sandinya pas gua tekan lupa sandimalah arahin masukan pin yg kirim dll tdk ad sandi ehh trus suruh login ulang gua lupa sandi guagak banget ni apk,1,-7,negative
linknya ga diedit udah dicoba berkalikali tetep link banget,2,3,positive
mengecewakan aplikasi jelek bubarkan aplikasi,1,-16,negative
gajelas sih programmernya captcha error sugesti industri muncul berat aplikasinya,1,-2,negative
s sxdds sds dad s da xtreet x s sss,3,0,neutral
membantu berguna,5,9,positive
keren dpt relasi pengetahuan bisnis,5,10,positive
susah login,1,-3,negative
tolong perbaiki akun fitur easy apply,1,3,positive
d update lokernya aja lokernya ga perkembangan loker gtu aja downlod masuk aplikasi pake kuota jga berbayar lbh d update mas jngn monoton kasian yg cari kerja pake aplikasi mengerikan,1,-12,negative
aplikasi tergajelas daftar aplikasinya disuruh berkali kali verifikasi teka teki berkali kali tolong kalo bikin aplikasi dicoba biar pengguna memakai dipermudah,1,-2,negative
kadon teuteubakan teu jelasm,1,0,neutral
gak eangsran ban parahnya udah akun gak liat cari not find,1,-1,negative
menyusahkan login,1,4,positive
salah masukin capcha walo aplikasinya yg error ato yg bodoh diulang sampe x error walo no linkin no stupid ribet,1,-18,negative
semoga bagus,5,2,positive
ohhh,5,0,neutral
aplikasi sampah,1,-8,negative
app jelek security check chaptcha berbelit,1,-4,negative
memudahkan mencari lowongan pekerjaan pilihan peluang pekerjaan,5,11,positive
pengguna linkedin barutapi teka teki masuk nyasaya udah coba berkali gagal terushabis masuk server nya ajaniat cari kerja persulit teka teki gak kaya gitu,1,-6,negative
smg bermanfaat,5,5,positive
bokep,4,-5,negative
menyenangkan terhubung orang hebat,5,4,positive
huuu susah registrasi,1,-3,negative
akun masuk website linkedin verifikasi capthca habisnya,1,-3,negative
udah akun kalinya dapet security check mulu ni udah ngirim ktp ga diterima profil udah bener males masuk,1,3,positive
verifikasi susah,1,-3,negative
bagus bermamfaat,5,2,positive
mendaftar,5,0,neutral
suka,5,3,positive
aplikasi bagus banget nyari loker membantu banget fresh graduate anak muda indonesia,5,-5,negative
cobah cobah,5,0,neutral
dear developer linkedin aplikasi linkedin bagus tolong tambahkan fitur berguna aplikasi,5,4,positive
vety good for workers maniac have be money,4,5,positive
nice good information,4,9,positive
calon pengguna pas security check disana error captcha nya error bilang mengisi jam coba masuk aplikasi tau terkonfirmasi error uninstall,1,-17,negative
mantap,5,5,positive
keren banget sih aplikasi memudahkan urusan thank you for good a chooice,5,9,positive
hiburan,5,0,neutral
semoga membantu,1,4,positive
post,5,0,neutral
ok terima kasih,5,8,positive
aplikasi pengembangan fitur lanjutan,4,-1,negative
wow mantap,5,5,positive
yeyey,2,0,neutral
gk bsa ngpain login gk bsa dftr bru gk bsa,1,0,neutral
menemukan teman yg dimana,5,2,positive
panggilan masuk jg inisudah bnyk melamar pekerjaan aplikasi blm hasil ny kebanyakan pt penipuan,3,1,positive
excellence,5,0,neutral
puas,1,3,positive
asli stick no captcha,1,2,positive
d paragon butuh tanggung km kerja digaji gaji alsan,1,-5,negative
bagus berguna bermanfaat,5,12,positive
my account kena hack parah,1,-12,negative
uptodare always,5,0,neutral
ok buanged,5,4,positive
great informer for job seeker,5,3,positive
bagus bermanfaat,5,7,positive
banget login,1,1,positive
ive g it on,4,0,neutral
verifikasi nya susah banget salah mulu,1,-4,negative
recommend cari kerja,5,-1,negative
bagus linkedin,5,2,positive
verifikasi masuk gagal menyebalkan,1,-7,negative
veryfikasi isi udh suruh milih dogi x,1,-2,negative
oklah membantu,4,4,positive
lh update nyusahin,1,0,neutral
bgus,4,0,neutral
w p,3,0,neutral
verifikasi ngga ya tolong perbaiki,1,5,positive
sip pokoknya,4,-3,negative
lancar,5,4,positive
susah verivikasi ny salah,1,-7,negative
there be load profil bug connection,4,0,neutral
linkedin tolol lapor linkedin help twitter email akun dibajak sebulan nggak direspon layanan customer kalah glint jobstreet mend tutup aja nggak kasih solusi benerin keamanan data pengguna website aplikasi takutnya data akun lu dipake teroris dijual human traficking anak perusahaan microsoft badut suruh maintenance aplikasi,1,-11,negative
,5,0,neutral
aplikasii busukk,1,0,neutral
tangky you,5,0,neutral
semoga berkah,5,4,positive
coba,5,2,positive
bug captcha ga login,1,0,neutral
linkedin error tolong diperbaiki,3,-2,negative
aplikasi gj,1,-4,negative
manfaat,5,5,positive
aplikasi ribet,1,-8,negative
dibatasi mulu akunnya apk gaje pdhl gada ngapainkerjaan jdi terhambat udh akun kena batasi tbtb alasan aneh,1,-4,negative
aneh banget ga halaman ganti profil,1,8,positive
tolollll app begoo verifikasi aja ribet banget tolol,1,-7,negative
login disuruh nyelesain captcha udah bener disuruh ulang sampe berkalipun,1,-1,negative
b b h,5,0,neutral
knpa error mulumasuk aja ga edit ga save,1,-4,negative
akun sulit kode verifikasi sulitnya ampun nomor blokir dipakai kode ampuunnn dahh,1,-11,negative
seh security check,2,1,positive
smoga bagus,5,2,positive
registrasi sulitproses verifikasi berjalan,1,0,neutral
masuk hp sulit,1,-3,negative
menambah media mengpload foto sampul update reinstal berjalan aplikasinya,2,3,positive
kode nya banget sampe gabisa pake nomor telepon kudu pake nomor,1,-2,negative
susah bgt daftar disuruh milih gambar kuda puluhan kali ttep aja salah dipermudah jgn jyk gini males,1,-11,negative
akun g buka verifikasi muluparah aplikasi,1,-1,negative
wth gabisa login,1,0,neutral
syztem verifikasi ni aplikasi sampah ga becus yg ngurus pecat aja,1,-11,negative
kesulitan verivikasi langkah no hp email terdaftar login merubah settingan,1,0,neutral
bagus bagus,5,4,positive
,3,0,neutral
aplikasi gajelas daftar aja susah,1,-5,negative
bantu,5,3,positive
jalan masjid assalam blok i rt rw no b kav hankam komplek kembangan dki joglo jakarta barat sebelah pulsa g cell joglo jakarta barat aman,2,-4,negative
olc,3,0,neutral
apasih sok asik bener udh ditungguin kode verifikasi nya aja giliran dispam no hp nya gbisa dipake lagikudu ganti no yg kocak,1,5,positive
ngirim kode aja luama,1,-2,negative
captcha nya gimana sih udah bener disuruh ngulang ngulang,1,1,positive
sayu coba,1,-1,negative
apasih linkedin gk kode otpnya dimasukin nomor hp nya gk digunain nomor hpnya,1,-7,negative
login,1,0,neutral
mempermudah mencari job,5,-6,negative
hate speech sara biarin,1,-11,negative
lemot bro knp ya hp,5,-1,negative
i have experience in account finance tax and audit,5,0,neutral
aplikasi bgsd,1,-4,negative
aja instal suruh verifikasi kodenya ga muncul udah pake email nomor wa panggilan tlp ga satupun kode yg muncul gimana verifikasinya,1,-2,negative
download cacat bohongin,1,-5,negative
p pal,5,0,neutral
daftar akun susahnya ampun,1,-1,negative
ya ampun login,1,5,positive
how can i register if i order the verification code message never come,1,0,neutral
kode verifikasi gak masuk,1,-6,negative
,5,0,neutral
rr,3,0,neutral
aneh aneh habis disuru verifikasi,1,11,positive
mean a lot for me or anyone,5,-5,negative
menyukai aplikasi,5,0,neutral
jujur adl pengguna linkedin suka minusnya tagkirim teman terhubung mengikuti mohon perbaiki apk fav,2,18,positive
menggairah nafsu sayaì,5,0,neutral
daftar gada kode smspanggilan samsek ditunggu hitunga menit ganti nomor ponsel,2,3,positive
gak sesuai dg yag dicari ribet,1,-1,negative
,5,0,neutral
mambantu mengembangkan bisnis,5,3,positive
pass ganti password ga,1,3,positive
belm,5,0,neutral
apk anjingg udah bener bener rupa gapernah masuk ulang ulang setan banget yaaa bangkrut loo anjir ga jiji bikin males,1,-12,negative
bagus jaringan luas menambah relasi,5,14,positive
him t byi k,4,0,neutral
captcha not work i hate this,1,-5,negative
mmbantu,5,0,neutral
bergerak cepat perobahan keadilan ekonomi lokal desa indonesia,5,3,positive
mantap berbagi,5,7,positive
ga login verifikasi,1,0,neutral
goods performance,5,0,neutral
berfungsi gagal masuk hp mulus sinyal bagus,1,-1,negative
udh masukin email sm sandi ga masuk,1,-3,negative
good and usefull,5,5,positive
sihhh nii aplikasi susah banget mauu logiiinnn,1,-6,negative
captcha lu susah banget woiiii,1,-2,negative
masuk aplikasi ajja pake ktp ngeri data pribadi diupload sembarangan pemerintahan perbankan,1,-18,negative
semoga manfaat positif terimakasih,5,14,positive
muhamat mursid,5,0,neutral
ribet daritadi verifikasi data,1,-7,negative
akun tangguhkanudah nyoba log in berkali kali tetep ga bisaudah verifikasi identitas tetep ga bisamohon bantu dongsemuanya terhambat terganggu tanggung jawabtolong perbaiki,1,-3,negative
berguna praktis,5,9,positive
kesalahan login kode verifikasi muncul securitynya ga,1,-7,negative
nh nomor film ihjhmd dgicukiriiiiiim dikirim,3,2,positive
very nice,5,4,positive
mohon linkedin terhubung wa instagram facebook indeed jobstreet layanan akun kerja ga daftar lgi,1,8,positive
linkedin bermasalah menampilkan postingan relevan menu search update nov mohon diperbaiki,1,2,positive
yeyen narmadaktv,5,0,neutral
aplikasi terbaik terpercaya terima kasih owner menegerian aplikasi membantu memecahkan kehidupan lowongan perantauan,5,5,positive
akun dibatasi gk slalu gk login,1,0,neutral
riweh,1,0,neutral
aplikasi ga nomor telpon ga dipake aplikasi,1,-8,negative
ya ampun gw apply lowonganhari gk manggil manggil linkedin sm glint aneh banget,1,10,positive
buruk verivikasi butuh guoblok hny teka teki dipermainkan buang gpa,1,-13,negative
linkedin lgi bermasalah gimana si udh isi security check ga respon kode no captcha udh isi anehh herannn tolong perbaiki,1,7,positive
tolong selamatkan akun dr penipu yg mencoba masuk membajak akun,1,-9,negative
very very good i love it so much,4,10,positive
leluasa,1,0,neutral
dasbor lag ngeblank,4,0,neutral
aplikasi taiiii masuk aja ga masuk log in nya susahdi suruh pecahkan teka teki suruh liat gambar ngadep nya salah mulutaiiiii doang,1,-12,negative
amaging,5,0,neutral
daftar masuk gak biso kode kirim sms daftar nomer aja belom aneh bgt apk,1,4,positive
utamakan praktek,1,0,neutral
not good,1,5,positive
,3,0,neutral
alhamdulilah bermanfaat bijak,5,11,positive
good app to find a job,5,5,positive
mantappp,5,0,neutral
adidas,5,0,neutral
log in btangkut verifikasi ulang pake beda device ga ios ga android aja nyangkut verifikasi,1,-1,negative
semoga cocok,5,4,positive
kirim kode keamanan ga dikirimgimana disend berulangulang ga dikirim kode keamanannya payah dah,1,-5,negative
aplikasi toooolol babi bikin akun aja susah banget,1,-9,negative
wahh apk wortit karen sosmed khusus dunia kerja kegiatn lomba organisasi bangun relationship memperluas jaringan orang berprestasi,5,9,positive
ahterserah masuk nggak stupid lhoooo,5,-2,negative
login captcha berulangulang selesai,1,2,positive
log in berkali kali berjam jam disuruh verifikasi suruh sampek berjam coba ganti dihari log in,1,1,positive
payah nih masuk linkedin mentok a quick security check hadeh,1,-11,negative
juan s,5,0,neutral
kurangin bintang nambah koneksi bot hadeh hadeh,3,-8,negative
work be kerja or kerjo seksek resekresek,5,2,positive
iyahh,5,0,neutral
iklannya,1,0,neutral
i want to sign in with my account on samsung tab s but i didnt know the app keep ask for captha continously in other side i be enter correct captha confirm by app i use andriod one ui may you fix my bug as soon as possible i also have screenshoot of the problem if you want it too,2,-4,negative
mantaps,5,0,neutral
login hp android verifikasi loop,1,0,neutral
aplikasi taiiiiii masuk aja dibikin susah data bener disalahkan dasar aplikasi bangke,1,-13,negative
gak login verif captcha,1,0,neutral
error,1,-5,negative
domino island mamtap,3,0,neutral
syahnan nissa,5,0,neutral
moko,5,0,neutral
relasi temukan,5,3,positive
beribu ribu informasi loker yg akurat profesional,5,2,positive
aplikasi bokepsek,5,-4,negative
buruk gak,1,-5,negative
apk ga iya ulang an verifikasi data,1,-3,negative
aplikasi bosoklogin ga kebukajgn donlod nyesel bnet bosok,1,-9,negative
udah selesai verifikasi udah terbukti manusia ngulaaaang,1,8,positive
one of the best plattform i know,5,0,neutral
kacau kirim personalisasi undangan terbatas kali mengirim personalisasi undangan berlangganan kirim kali,2,11,positive
error feriv gambar buka linkedin enak pakai website,1,5,positive
gk verifikasi padalan udah bnerudh behari gak login,1,0,neutral
susahnya lpgin bikin bete,1,-8,negative
o,5,0,neutral
gak login captcha udah bener mohon perbaiki udah yg ngasih bintang,1,8,positive
buruk login gabisa pdhl data aktif suruh verifikasi,1,-8,negative
hello linkedin i find several bug in the linkedin application the main one be the bug of not be able to save change when change the name and profile information,5,4,positive
security check ny brp sih bnyk banget blm dftr aja udh,1,3,positive
stupid apk always stick on verification,1,0,neutral
bagus pencari kerja lanjutkan,5,5,positive
sumpah login doang susah banget perakara milih hewan yg madep anjir,1,1,positive
bagus bermanfaat,5,7,positive
bagus referensi,5,2,positive
verifikasi via aplikasi,1,-4,negative
,2,0,neutral
z c ze x vz,4,0,neutral
gajelas maau login aja gabisa,1,1,positive
k,5,0,neutral
aplikasi linkedin membantu kandidat team,5,1,positive
otp kucluk,1,0,neutral
proses verifikasi kek kontol niat ngebantu nyusahin,1,-4,negative
kebangetan ribeud,1,0,neutral
nice app to find job,5,4,positive
pakai upload ktp log in jamin data bocor,1,-12,negative
captcha invalid verifikasi security check succes login,1,-4,negative
memilih gambar verifikasi manusia berulang kali salahburuk,1,5,positive
verifikasi kemanannya ga ribet,1,-4,negative
mohon info yg berguna post tks,5,4,positive
salam satumerta terpujilah,5,0,neutral
diperusahaan tambak udang operator exavator berkrja operator exavator perkebunan sawit prtnah operator exavator pertambangan,5,-3,negative
membantu mencari lowongan pekerjaanmudah digunakanpertahankan,5,1,positive
bagusmembantu mencari kerja,5,-1,negative
bagus pencari kerja,5,4,positive
aplikasinya lemot,1,-5,negative
manah nya linkedln tuh aplikasi pencari kerja gua udah melamar linkedln terima terima,1,-3,negative
linkedin kacau banget scammer india buka lowongan kerja gue ketik kolom pencarian postingan lowongan video editor indonesia orang india buka lowongan kerja risih woy tolong perbaiki algoritma kolom pencarian nya trutama postingan pas ketik negara manapun sesuai domisili negara orang tinggal ngasal gini tinggal indonesia loker india,1,22,positive
bqik,5,0,neutral
ooow ooooo orang koooo ooooo ooo warga negara oon ya qm tuh ooo o ooo o ooooo ooo rumah ooo oleho,4,2,positive
volunteer as a reporter in media house of lafaek news and as a teacher,5,0,neutral
makasi,5,0,neutral
ok,5,4,positive
tengk you,1,0,neutral
cv penggilingan bakso jawa timur sp batu aji batam,5,6,positive
aplikasi yg,5,-4,negative
akurat smart mobile,5,0,neutral
propinsi jawabarat kabupaten sukabumikecamatan cibitung,5,0,neutral
mahasiswa ospek tugas memenuhi koneksi akun mahasiswa aktivitas terdeteksi spam menyebabkan akun suspend mengikuti arahan merecover akun verifikasi dll detik akun suspend kali akun akun tersuspend tnpa,1,-11,negative
terima kasihsangat membantu semoga langgeng informasi bagus,5,14,positive
bàguss,5,0,neutral
very good to support our business net work,5,9,positive
good app,5,5,positive
membantu,5,4,positive
aplikasi in linkedln facebook duniadunia,5,-4,negative
akses aplikasi handphone,1,-2,negative
aplikasi membantu orang mencari kerja,5,-1,negative
its ok,5,4,positive
aplikasi yg bagus bermanfaat,5,3,positive
susah bener login berkalikali login hp hilangmalah nyuruh verifikasi linkedin verifikasi hp udah hilang,1,0,neutral
gudd,5,0,neutral
loker palsu,5,0,neutral
captcha valid memilih,1,0,neutral
susah banget loginnya,1,-2,negative
aplikasi lucu bilang gratis uji coba eh giliran nyoba transfer bohoong gak gratis uji coba ya bilang aja,3,21,positive
buka aplikasi linkedin langsung buka aplikasi nya kesel banget,1,-3,negative
masuk nama,5,-3,negative
update,5,0,neutral
bagus membantu,5,6,positive
good very mach dorfrt,5,5,positive
apps yg berguna cari temen nqmbah channel peluang kerjanya jg bagus krn ga otng tau,5,0,neutral
ok good,5,9,positive
gak mantep,1,0,neutral
loginnya gmna bikin emosi loh,2,3,positive
apk membantu dlm mencari peluang kerja,5,3,positive
gak gunaasuu,1,0,neutral
social media yg bagus mencari kerja,5,1,positive
tolong diperbaiki upload foto banner lari foto profile login,1,7,positive
linkedin berfungsi login akun gak ubah pasword gak bikin gak bilangnya kode kirim sms email gak masuk udh bangkrut,1,-9,negative
mecari informasi,5,2,positive
wa irwan tdk muncul tlg bantu bos,4,10,positive
,4,0,neutral
tunang,4,3,positive
membantu smua,5,4,positive
terinspirasi perkerja,5,0,neutral
info slalu update,5,-3,negative
tes verifikasi udah kek tes cpns,1,0,neutral
load nya parah hadeh,1,-9,negative
yah,2,0,neutral
tolong perbaiki kadang cape update data doang berkali kali coba tetep gak perubahan gt gt aja,1,7,positive
connect effectively,5,0,neutral
good apps nanya memasukkan sertifikasiwebinar utk update profile baiknya data sertifikasi trim,4,2,positive
akun retas,1,-3,negative
i hope i get my dream job allahumma aamiin,5,2,positive
yah bikin postingan cuman ngirim gambar ga lebihdan cuman berlaku versi mobile nya gagal mengirim postingan yg gambar,4,0,neutral
buka langsung kluar g pakai,1,6,positive
susah banget login applikasi buruk banget,1,-6,negative
yg lhhu,4,0,neutral
apk gak masuk aja disuruh verifikasi ribet robot pakai hp manusia sungguhan,1,-5,negative
pogk lupa tunggakany kisanak ss kucing crmdi mustari ria yono frendy bowo agus dony udin hafis hyrihatoo kucing crmdi mustari ria yono frendy bowo agus dony udin hafis yg udh silahkan ceklist yg belom lngsung bkin,4,13,positive
capctha nya tolong mausiawi,1,3,positive
fast,5,0,neutral
so bad masuk verivikasi nya pake gambar gp yg udah bener tp dicap salah mulu capek kepala pusing liat nya tetep salah mulu habis gitu nambah salah hadeh membuang,1,-13,negative
bismilah exporter baja berat,4,0,neutral
ipok k pp,5,0,neutral
pilih gambar yg menghadap sdh sesuai contoh kosong ngulang capek,1,3,positive
syair hk malamini,5,-3,negative
gabisa nambah email ga login via web aplikasi aneh,1,0,neutral
aplikasi konyol ga ngapain akun ditangguhkan verifikasi identitas,1,-7,negative
sangt membantu pencari kerja terimakasih,5,11,positive
alamat email bug fix,1,0,neutral
good good,5,10,positive
verifikasi masuk verifikasi udah,1,-3,negative
widen my horizon to see the world,5,0,neutral
membantudan bagus,5,2,positive
mine banget akun barusan kena hack udah coba backup password tetep kalah hackernya rentang banget linkedin kena hacker,1,-10,negative
apliasayasi,5,0,neutral
profesional bidang pekerjaan pdkb tegangan kv kv berpengalaman bidang pawer sistem scada perusahaan chevron cpi phr,5,6,positive
suka,5,3,positive
login payah login,1,0,neutral
foto kembalikan,5,3,positive
aplikasinya bikin ribet udah manusia robot tolol,1,-6,negative
hati akun mudah hack menautkan email yg menyetujuinya akun email diakses berganti akun email yg data linkedin,1,-1,negative
aplikasi bermanfaat menjalin hubungan proffesional bagus,5,3,positive
membantu mencari lowongan kerja,5,3,positive
jos gandos,5,0,neutral
cool application,5,2,positive
assistance chief engineer,5,0,neutral
wow the emais nais girl and bacon the brookhaven bacon kesut like girl bacon like manggo,2,0,neutral
sekedar info installsebaiknya login pakai link pakaisaya coba login pakai google account capek terusan isi captcha mengisi,4,7,positive
band terusgak tau salah nya band trsudah ganti no tlpganti alamat email band terussangat mengecewakan,1,-8,negative
kali masuk verifikasi nya hasilnya akun bermasalah berinteraksi,1,-3,negative
melaporkan siang akun diretas oknum bertanggungjawab akun diretas wanita negeri pelaku menghapus data terlampir menggantinya data akun kemanannya terjamin mohon bantuannya terimakasih,4,2,positive
tolong perbaiki verifikasi captcha nya koneksi bagus peringatan valid,1,7,positive
perfection,5,0,neutral
,5,0,neutral
on progress,5,0,neutral
saldo dana terdebit transaksi yg lakukan juta tolong bantu proses refund dananya,1,19,positive
e,5,0,neutral
akun dimasukin orang asing mengganti gmail terkait gmail menghapus gmail akun berpindah tangan mudahnya akun akses dibatasi sehari akun melanggar apapun dipersulit mengakses akun orang asing mudahnya mengambil alih akun platform sekelas linkedin ya kapok wes thx,1,-8,negative
berpengalaman mengawasi project manager proyek hight rise build,5,2,positive
aplikasi membantu salah terbaik mencari pekerjaan,5,1,positive
membantù,5,0,neutral
aplikasi tdk sesuai,1,-1,negative
top bngt,5,5,positive
pencerahan nya,5,-3,negative
,1,0,neutral
bermanfaat karir koneksi dunia profesional,5,8,positive
aplikasi berguna kelemahannya duel messenger,3,-3,negative
kereeen berguna,5,5,positive
bermanfaat meningkatkan portofolio profesional,5,7,positive
bagos,5,0,neutral
berhubung lupa niatnya cek akun update data dll menit an nyoba login servernya lemot banget proses quick check verifikasinya bener blm selesai verifikasi koneksi server keputus pdhl sinyal udh kenceng aplikasi ga ngurusin akun linkedin bener makan berkalikali nyoba keputus servernya lemotnya masyaallah saran kedepannya tlg diperbaiki aps nya bikin ga nyaman pengguna,1,9,positive
ga buka aplikasi logout otomatis mencoba login akun dibatasi,1,2,positive
aplikasi kaya berguna berjejaring berinteraksi profesional industri dunia,5,4,positive
the best,3,0,neutral
bingung it wifi maunya anak muda orang tua yg anak yg udah bayar,5,-12,negative
kalaw bagus kasih,1,4,positive
n nb v xm l nn k ⅔ ino b m,3,0,neutral
dicoba smga cocok,5,7,positive
aplikasi bagus pencari kerja memiliki pekerjaan menaruh rekam jejak aplikasi mempermudah penyedia pekerjaan merekrut calon karyawan sesuai kriteria perusahaan,5,10,positive
barang kali membantu mencari kerjamencukupi kbutuhan rmh tangga,5,1,positive
semoga berkah,5,4,positive
pencarian lowongan pekerjaan yg memudahkan seseai kualifikasi pendidikan keahlian terimakasih linkedln,4,16,positive
harga premium mahal jobseeker susah mencari pekerjaan harap harga premium tolong dipertimbangkan jobseeker menengah kebawah berat berlangganan,1,16,positive
oke mantap,5,7,positive
lamaran sdh kali dm tuh sdh akun profesional,3,0,neutral
bagus membantu,4,6,positive
lumayan lancar,4,5,positive
parah mengecewakan verifikasi gambar kali coba gagal trus uda sesuai dasar verifikasi ampas thuolol gaguna mempersulit,1,-8,negative
sukses,5,3,positive
nggak akses email nggak login,1,4,positive
,5,0,neutral
gk dibuka,2,0,neutral
aplikasi membantu freshgrad mencari informasi lowongan kerja terkoneksi langsung hr membantu tip lolos job recruitment,5,11,positive
kemarin lancarlancar aja besok nya suruh login metode rumit banget,1,-10,negative
udh z,4,0,neutral
oos,2,0,neutral
jaringan link good,5,8,positive
karir n share job utk profil perusahaan,5,3,positive
loop login tlg perbaiki,1,3,positive
susah download ajg,1,-3,negative
bikin akun aja unauthorized mulu hadeuh,1,3,positive
aplikasi membantu,5,0,neutral
mempermudah penganggur,5,-7,negative
ngebug,1,0,neutral
ok trima kasih mudahmudahan berhasil,5,10,positive
good oewsome apps,5,5,positive
ok pisan,5,4,positive
asen skw,5,0,neutral
load aja susah lalap ilih gmbr,1,-2,negative
susah inbox,1,-3,negative
hapusen ae apk ne,1,0,neutral
sulit masuk,1,-3,negative
gak ngerti aplikasi login aja sulit,1,-2,negative
,5,0,neutral
mantap,5,5,positive
parah ni aplikasi susah bgt verifikasi ngulang udah bener kedepan ditingkatin lgi dipermudah proses login nya tolong,1,-5,negative
perusahaan sandvik mine contraction indonesia warehouse man,5,2,positive
bagus,4,2,positive
aplikasinya bagus nyari kerja pokoknya the best linkedin,5,-1,negative
berguna mencari kerja mudah semoga kedepannya berguna,5,13,positive
good job,5,5,positive
tolong linkedin akun hackdi bajak login,4,-1,negative
interfacenya bagus sederhana mudah dimengerti cuman fitur tambahannya membingungkan disederhanakan job post fake scam gitu,5,9,positive
bgus,3,0,neutral
maju,5,0,neutral
aplikasi jelek mohon orang indonesia mendownload nya akun batasi permanen linkendin gabisa masuk bener akun,1,-4,negative
kug,5,0,neutral
pembuatan akun aja persulit,1,1,positive
buka linkedin edit profiltiba hp freeze nghang lumayan lamachat wa hilang reset,1,7,positive
ternantu,5,0,neutral
aplikasi ga,1,-4,negative
ngelag gbsa dibuka,1,0,neutral
cari kerjanya bingung,1,-3,negative
memudahkan banget nyari job good,5,7,positive
perna mandor asisten agronomi pt sinarmas,4,0,neutral
good app many helpfull,5,5,positive
kereeeen,5,0,neutral
membantu lowongan pekerjaan sukses aplikasi,5,6,positive
maaf mohon perbaiki lagimau login aja susah duh,1,-2,negative
aplikasi terpercaya sosmed loker facebook,5,-4,negative
hi linkedin first i be sooo disapointed with ur apps i have create linkedin and u delete my account without my acknowlede now i create again u ask my id i send and still cant open my new account luckily i havent pay premium i prefer use jobstreet or jobsdb then this apps so anoying u just look for a penny,1,-3,negative
berta terbaik,5,5,positive
bingung pengoperasiannyaterbiasa app kitalulus jobstreet lulusan sma susah ya nyari loker pt,5,-1,negative
nilai e berbeda website,1,1,positive
udah akunnya edit bintang yaa terimakasih,5,5,positive
data curi hatihati,1,-8,negative
ok for linkedin,5,4,positive
login pake google aja ga no respon v,1,3,positive
verifikasi nya sms kode tlpn gak masuk nomer dll,1,-6,negative
login aja susah,1,-2,negative
cepat responya,5,3,positive
berpengalaman berprestasi bidangnya managemen sales hukum,3,7,positive
informasi yg berguna calon pelamar pekerjaan,5,10,positive
menemukan orang dikenal,5,2,positive
keseringan verifikasi,1,0,neutral
worker need this,5,0,neutral
kokkjk kjkkkkkkkk mkkk kkkkmkkkkkkkkkk kmmkkkkkk,5,0,neutral
bad loginregist susah banget verifikasi captcha verifikasi berhasil tibatiba disuruh verifikasi berulang jelazzzz,1,-5,negative
bersyukur sebat berharap sumber alat mencapai tujuan diatas namanya tercantum lampiran,5,10,positive
ni,5,0,neutral
mantul,3,0,neutral
excellent,5,0,neutral
gak sengaja kepencet reject ribet gabisa ngirim,2,-8,negative
cekep akurat,5,0,neutral
belajar,2,3,positive
best sosmed for professional,5,0,neutral
bad experience,1,-4,negative
aplikasi crash postingan relevan amburadul,1,-13,negative
tolong diperbaiki sistemnya buka linkedin login verifikasi akun upload ktp udah berkali kali gabisa login,1,6,positive
applikasi berfaedah karna gak panggilan kerja hahahaa,1,6,positive
verifikasi nya mohon diperbaiki,1,2,positive
akun gw ilang woyyyyyyyyy,2,-5,negative
oke kawan,5,2,positive
dibatasi pelanggaran akun g ngerti terima kasih linkedin terhambat,1,1,positive
linkedln,5,0,neutral
lemot,5,-5,negative
rusak tampilan login,1,4,positive
kasih bintang,5,2,positive
verifikasinya susah gambar hewannya posisinya abstract mend login pakai website pakai apk,1,-1,negative
gajelas verif kode gak kirim kirim,1,1,positive
budi,5,0,neutral
jualan,5,1,positive
daftar bikin akun aja persulit udah bener klik gambar salahin pas pilihan,1,15,positive
tmi h,3,0,neutral
linkendln membantu informasi info pekerjaan,5,6,positive
unk semoga membantu orang pekerjaan pengangguran indonesia menurun semangat,5,4,positive
good yes,5,8,positive
bagus mantap bisnis,5,10,positive
very recomended,5,0,neutral
aplikasi sampahdaftar akun aja susah verifikasi error disuruh pilih gambar arah keatas salah berulang kali salah ku coba salah kucuriga emang kesengajaanku test bener sampe ditahap salah kesimpulan nya verifikasi nya rada gila dijawan bener ttp salah salah,2,-22,negative
suiip,5,0,neutral
wonderfull,5,0,neutral
sajarumit,3,0,neutral
akun email kenal login notifikasi digit email verifikasi mengulang data dicuri tolong diperbaiki,1,3,positive
aman akun diakses dihack orang,1,0,neutral
stupid security check pilih hewan menghadap pilihan menghadap mengulang x dianggap salah,1,0,neutral
aplikasi kocak daftar suruh verifikasi objek ngadep sampe bener pas salah gitu aja ngulang ngulang mend lu tutup aja aplikasi sampah ga orang nyari kerja permudah persulit tolol,1,-18,negative
ngebantu banget pokonya,5,-1,negative
terimakasih linkedin memudahkan pengguna mencari informasi sukses,5,11,positive
cari infomasi lowongan kerja mudah,5,3,positive
god apk,5,0,neutral
chapcha nya susah mencoba berulang kali gagal,1,-7,negative
industri wajib diisi terisi aja nanya lu gblok,1,-2,negative
manager bank bumn,5,0,neutral
verifikasi nya aneh,2,4,positive
muter verifikasi masuk kaga,1,-3,negative
kasih bintang klo jaga keamanan akun akun pemilik peretasan takut nya,4,8,positive
resume rasto,5,0,neutral
apk berfungsi,5,0,neutral
surga professional pencari kerja,5,2,positive
ribet bgt login doang,1,-3,negative
menerima pesan teks kode verifikasi mencoba mendaftar ulang muncul halaman let do a quick security cek,1,-4,negative
bertemu orangorang,5,2,positive
aplikasi membantu,5,0,neutral
membantu mudah,5,8,positive
crash melulu buka uda lg dg,1,-4,negative
akun hack orang memgembalikan akun email customer service berguna perbaiki sistem keamanan,1,-3,negative
aplikasi bikin marah login gabisa masukin kode captha berulang ulang bener ttep ga masuk kntl gblk,1,-16,negative
mantap,5,5,positive
whats wrong with latest update version v jan all page show error,5,-1,negative
k,1,0,neutral
verifikasi nya ga selesai ya min,1,6,positive
bagus permainannya,5,2,positive
i cant log in use the google account that i log in previously,1,0,neutral
v xd bhs bhs badannya mengiyakan har yrzy,3,0,neutral
alhamdulillāh salah platform yg bnyk manfaat utk memperluas relasi jaringan pekerjaan,5,10,positive
,3,0,neutral
iiiil mama m,3,4,positive
aplikasi membantu berinteraksi calon atasan membantu mendaptkan pekerjaan,5,10,positive
ga login ga aplikasi aneh tll,1,0,neutral
aplikasi membantu mencari pekerjaan,5,0,neutral
keren teman,5,0,neutral
aneh nih aplikasi eror pas dibuka,2,-1,negative
obrolan,5,-4,negative
gak butukan,1,0,neutral
log in susah verifikasi berulangulang,1,-3,negative
akun tibatiba dibatasi login verifikasi seminggu akun setelahnya masuk linkedin akun tibatiba dibatasi paham memposting apaapa komentar anehaneh buka linkedin mencari lowongan pekerjaan,1,0,neutral
tolong ajg vertivikasi ngentod tu dihilangkan ngapa nyusahin ajg,3,3,positive
good,5,5,positive
enjoy millions of finance chatgpt analysis and ms excel skills development in linkedin thank linkedin,5,7,positive
mengenal linkedin media pencarian kerja global berjalannya bergerak media professional tergabung pare profesinonal lokal global membagikan ilmu pengalaman materi dll terbiasa professional ajarkan thank linkedin guru professional,5,19,positive
gambar verifikasinya susah,1,-1,negative
mantaf,5,0,neutral
masuk aja susah kaya akun bank aja terpaksa uninstall,1,-6,negative
akun pakai update akunnya yg hilang diretas akun solusinya akun yg,1,6,positive
membantu sichtapi lemburan jarang hitungan disnaker kecilkecil,5,4,positive
enjineer,5,0,neutral
memudahkan,5,3,positive
bermanfaat menjalin hubungan pengetahuan ahli,5,9,positive
lokernya gada,1,0,neutral
perkembangan customer bergabung kpd jenama expert directors overseas university graduate ie curtin university singapore northumbria university uk mba jam cook university australia,5,-2,negative
ga log insuruh ngisi teka teki mulu,1,2,positive
menyelenggarakan kegiatan train soft hard skill train persiapan pensiun bimbingan teknis event pemerintahan team build event mice meet incentive conference and exhibition in house train silahkan hubungi terima kasih,5,7,positive
hak kuat kewajiban berat,5,2,positive
very helpfully,5,0,neutral
informasi aplikasi linkedin sukses berkembang,5,1,positive
heavy equipment diesel generator gas engine,5,-4,negative
aplikasinya berat,1,0,neutral
aplikasi kaga,1,-4,negative
terimakasih membantu,5,9,positive
aplikasi buruk,1,-9,negative
i yuu,1,0,neutral
aplikasinya bagus respons pengguna bermanfaat,4,11,positive
hiim io psychologist,5,0,neutral
terjemahan al quran berbahasa melayu ambon salah karya mahadahsyat yg ol team dibantu ol stakeholder tujuanx ad utk mensosialisasikan kandungan isi landasan hukum islam tsb umat islam masyarakat bumi negeri raja raja semoga hasil karya anak bangsa tsb dr maluku inspirator amin wallahu alam,5,32,positive
bangsat,1,-5,negative
ekadide,5,0,neutral
aplikasi bagus cari pekerjaan yg inginkantapi sekrang maih pekerjaan,5,1,positive
terimakasih platform linkedin membantu memperoleh work experience knowledge and relation,5,9,positive
aplikasi bloking akun sembarangan,1,-8,negative
linkedin ngk buka ya suda masuk sesuai sandi suda pilih gambar suda upload ktp tdk buka aplikasi percaya ko kecewa ya,1,12,positive
mantap markotop,5,5,positive
applikasi bagus pencari kerja dn,5,4,positive
bagus perusahaan,5,5,positive
menjelajah bisnis linkedin meningkatkan pengalaman kerja finansial,5,10,positive
aplikasi error kayak website nya menjijikkan,1,-17,negative
akun diretas diganti emailnya orang rusia peringatan emailnya telat ga buka website yg login linkedin website yg rentan gatau dimana celahnya berhasil hapus akun ga dipake anehaneh data dicuri peretasnya serawan keamanan linkedin bikin akun kode digitnya ga dikirimkirim email gimana verifikasi gini ayolah,1,-13,negative
excelent,5,0,neutral
verifikasi nya berulang ga masuk cape banget registrasi,2,-6,negative
so hard sulit,1,0,neutral
good for communication to comunitas,5,5,positive
siiip,4,0,neutral
aplikasinya nyampah beli hp tp bgtu mo login susah bngd pdhl udh ngisi captcha benargk niat banget bkin aplikasi,1,-8,negative
always update,5,0,neutral
login ampun dahhhh,1,1,positive
no coment,2,0,neutral
im new here,5,0,neutral
pas login disuruh verifikasi chaptca verifikasinya udh bener disuruh verifikasi sampe kali verif aja trus ampe kiamat,1,0,neutral
ya allah pertemukanlah dgn say zulfikar assegaf,3,10,positive
berharap aplikasi fleksibel pencarian lowongan pekerjaan keyword relevan relevansi hasil pencarian sesuai skill dikuasai berharap fitur filter lowongan pekerjaan mengharuskan menguasai bahasa inggris,2,14,positive
login terhack,1,0,neutral
yupi,5,0,neutral
nya,3,0,neutral
bagus membantu,5,6,positive
aplikasi bangke instal gak login kirim verifikasi gak nongol nongol nomor verifikasinya,1,-6,negative
login aja susah bener,1,1,positive
bagus sih aplikasinya mempermudah mencari pekerjaan nama sekolah nggak dicari berkalikali nggak nambahin pendidikan susah bingung gimana tolong ya diperbaiki,4,8,positive
ruwet,1,-4,negative
ga ga logij mulu,1,2,positive
jelk,1,0,neutral
normal,5,1,positive
aplikasi aplikasi bermanfaat orang mencari pekerjaan aplikasi membantu real maksud menyalurkan tahap bekerjanya aplikasi informasi pekerjaan diseluruh duniatapi coba menggunakannya,5,5,positive
i love it so much you be the best linkedin thank you,5,9,positive
trimaksih tlh bergabung dg grup ayah guru syaiful karim,5,-5,negative
tingkat aplikasinya,1,1,positive
loker bodong berkedok ruko sinikenapa ya emng ga filter informasi loker share,1,6,positive
bagus,5,2,positive
mohon maaf log in yaselalu pas tes maanusia manusiaagak susah akunnya,1,4,positive
aplikasi nya bagus banget,5,-1,negative
login login mengisi verifikasi membuktikan benarbenar manusia muncul respons kode nocaptcha valid diisi proses berulang selesaiselesai,2,3,positive
update menyimpan foto hadeuhhh,1,3,positive
login aja persulit asuu,1,1,positive
log in email nomor ponsel kofe verification oernah terima buruk coba puluhan kali pakai browers aplikasi buruk,1,-10,negative
asplikasinya mudah membantu mencari pekerjaan jalian yg cepat pekerjaan coba deh nih nya info loker yg sesuai kriterian skil,5,16,positive
membantu utk memperluas jaringan tks,5,7,positive
sudh brapa x menemukan loker penipuan ujung nya dimintain uang jt sampe turun rb kasian klo yv bener butuh dibela in minjm mengharapkan pekerjaan,2,-2,negative
ya login verifikasi verifikasi berulang ulang,3,4,positive
captcha error berkalikali minimal diberesin min update kesini update apk error nyesel gw update linkedin versi terbaru,1,-14,negative
udah refresh updt sampe nginsal aja gabisa post kecewa niat post linkedin susah payah ngeditnya biar kebaca infonya temen,3,0,neutral
jeleksemua serba dibatasisangat mengecewakantks,1,0,neutral
aplikasi kirim kode bener ya daftar gimana,1,3,positive
i sukses pastor,5,3,positive
nya akun diretas gk aman nih linkedin,1,0,neutral
log in terverifikasi manusia tulisan error no captha diisi mengambang prosesnya berulang verifikasi selesai selesai,1,-3,negative
terbaik,5,5,positive
mantap,5,5,positive
apknya error min coba diperbaiki udah puluhan kali captha bener gk masuk,1,-3,negative
wort it ga berguna ga panggilan kerja aplikasi mencari kebutuhan,1,4,positive
menunggu login,3,-3,negative
ruwet aplikasi,1,-8,negative
ga suruh verifikasi mulu dah bener veeifikasinya tulisan nya eror mulu,1,-2,negative
sip oke,4,2,positive
test,4,0,neutral
susah login gambar capcha diisi masuk,1,-4,negative
membantu info lowongan pekerjaan,5,4,positive
payaah,1,0,neutral
google play,3,0,neutral
mantab men,5,0,neutral
lemes bro dana kepotong lupa cancel cs nya gercep banget sosmed profesional terbaik kujumpai,5,8,positive
astaga susah login ni captcha security nya ribet susah gk,1,-7,negative
google appstore top download linkdin by google appstore cepat nyaman iklan,5,12,positive
login security check nya error,1,-4,negative
bill,1,0,neutral
aplikasi membantu mencari pekerjaan jarak jau mengartur performance bio data rahmat hidayat,5,-3,negative
deskripsi,4,-4,negative
jelek ga masuk,1,-8,negative
nggak login pdhl akun,1,1,positive
koneksitas mudah eksklusifgood aplikasi,5,0,neutral
,5,0,neutral
daftar masuk eror gimana,1,-6,negative
ga log in bulak tes,1,0,neutral
verifikasi ga disuruh ulang,1,-2,negative
stick on security check when iam go to login,1,1,positive
pelanggaran aplikasi trus pemulihan akun,3,-4,negative
membantu selali,5,4,positive
akun linkedin nggak jd tolok ukur profesional bidangnya opsi utama unt cari kerja yg ideal dibilang nggak akun linkedin,2,7,positive
apknya kocak gak log in,1,-2,negative
ribet bgt daftarnya,1,-4,negative
aplikasi menarik verifikasi akun gagal sinyal wifi bagus mohon diperbaiki sistemnya,3,0,neutral
lowongan standar kebohongan lowongan pekerjaan merekrut pencari kerja,1,3,positive
login ulang verivikasi berulang ulang mengganggu buruk masuk akun,1,-4,negative
daftarnya susah tinggal kirim kode sms nungguin ga kirim kodenya yauda uninstal aja,1,-3,negative
linkedin sistemnya bobrok akun ga tibatiba dibatasi g login tolonglah diperbaiki platform profesional kaya gini sistemnya rugi user,1,-8,negative
aplikasi brengsek,1,-9,negative
akun diretas udah kali kena bobol tolong keamananya ditingkatkan ko bisanya sekelas google authenticator masi kena bobol,1,-11,negative
gila aplikasi yg susah daftar heran web susah verifikasi kode gak masuk masuk maintain aplikasi gak sih,1,-15,negative
aplisi penipu,1,-4,negative
akun dibanned verifikasi ktp kejelasan,1,1,positive
akun hack udah udah verif langkah batasin gabisa akses smpe kirim data pribadi gadi beresin akun gua,1,-2,negative
mantab linkedin,5,0,neutral
gak ngebantu banget login nya susah kalo pakd hp tolong perbaiki,1,1,positive
trus minimal depo brpa yatrus minimal depo brpa yatrus minimal depo brpa yaini brg yg masung lips dolby mix d lips dolby dggggugg lips dolby mix d lips dolby d lips dolby cf mix d lips lindor cf mix d lips skiva mix d lips skiva d eyeliner mydarling d mascara mydarling d lips lindor brilliant mix d lips dolby mix d lips dolby mix d compack skiva d,5,-9,negative
membangun bianis,5,0,neutral
apk membantu generasi muda pekerjaan,5,2,positive
nunggu otp sampe mati gak muncul,1,6,positive
aplikasi liat profil aja susah ga menunya abs update,1,-4,negative
force close coba masuk,1,-3,negative
pas login kode captcha engga aneh banget nya,1,5,positive
uuuu ga j,1,0,neutral
verifikasi,1,0,neutral
ana n jj qjw io j o o k k kjk j j kcda dodo duduk google google tutup tutup google google,4,-2,negative
llklo t ww b i,2,0,neutral
hack pemberitahuan udah verifikasi id gaada kelanjutan,1,-10,negative
application error i have repeatedly change the profile but no effect whatsoever,1,-5,negative
aplikask aneh kode verifikasi aja gak masuk masuk kocak,1,-6,negative
info wlau bm harapkan,5,-3,negative
akun terkena hack cekal linkedin koneksi luas miris ajukan band menyerahkan ktp minggu kerja kepastian linkedin,1,-1,negative
lowker tersedia,5,4,positive
berkali coba log in verifikasi tolong diperbaiki,1,5,positive
i cant login with my google default option nor with my second account yet i think the application have crack before publish to production please contact your developer and qa hope do from the bug soon,1,-3,negative
sosmed diperuntukkan profesional dunia kerja,4,3,positive
bergabung,2,-4,negative
kaga logintumben bgt lancar kalo hack ga notif nya,1,0,neutral
info loker lulusan sma memandang fisik dipandang kinerjanya pengalaman kerja kelompok,1,-4,negative
minus star i have have a job before so i uninstalled this app now im jobless so i install again but the verification code captcha be amaze i fill it time and never pass verification this app be break you developer of this app you give me though time dude just tell you cant use this app,1,-3,negative
kelompok kerja semprotancak,5,-3,negative
insha allah membantu,5,9,positive
force close,1,-2,negative
semenjak ganti login capta salah mulu kesel gw,1,-4,negative
aplikasi yg berguna,5,1,positive
masuk suruh ngirimktp nunggu banget g masuknya kah,1,-3,negative
weeks ago my account be hack i create a new account again because there be no progress and its use double protection now its restrict and cant be open,1,-7,negative
aja jalur menang,5,1,positive
maaf linkedin kalo tambahkan lampiran nggak bug linkedin mohon perbaiki terimakasih,2,10,positive
aplikasi terbaik urusan karir profesionalisme sungguh,5,5,positive
jarang,1,0,neutral
tolong batu aplikasi boss susah bangat masuk nya mengolokolok aja,5,-4,negative
banayak manfaat,5,5,positive
aplikasinya mantap cuman sy kebingungan teka tekinya uda berkali kali sy coba salah,5,0,neutral
maaf akun dibatasi mengupload ktp sesuai kepastian diproses jujur enggan berganti akun mendaftar email utama jalan mengenakkan berlaku linkedin dibicarakan kali memakai aplikasi mohon kompromi jalan nya terima kasih,1,7,positive
ngga verifikasi captcha login error mulu,1,-5,negative
no bad,4,-4,negative
gabung,4,-5,negative
the best application me,5,0,neutral
gabung,5,-5,negative
akun gue connection nya udah udah lengkap profil gw hapus gajelas pake web lancar aja payahhhhhhhhhhhhhh,1,4,positive
status lamaran doang ga proses lanjutan,1,2,positive
tolong apapun alasannya keamanan akun terkait login akun linkedin perbaiki iya berkali kali mengikuti instruksi keamanan akun responnya respon kode no captcha valid isi dah berkalikali hapus data hapus aplikasi ulang ga kemajuan cuman login aneh login website amanaman aja langsung masuk berkali kali seenggaknya masuk ga masuk tolong la perbaiki,1,-13,negative
so great reality and activity on what wonderful world,5,3,positive
aplikasi bermanfaat app mobile legends bang bang,5,1,positive
uninstall aja kode captcha gak bermutu cari aplikasi aja,1,-5,negative
you be good,5,5,positive
membantu kepentingam,5,4,positive
pilih email default daftar terisi email default hasilnya lamaran cocok email berbeda cv profesional mohon dibenahi bug krusial pelamar,1,1,positive
padu utomo,5,0,neutral
verifikasi kirim berkali kali gmail kelik linkedin verifikasi gmail aneh,1,6,positive
knp sih security checknya astaga ngeprank gmn,2,3,positive
i like this apps,5,0,neutral
wwwwmenarik,5,0,neutral
mudah mencari pekerjaan,5,4,positive
susah login,1,-3,negative
tingkatkan performa cepat makasih info kerja nya kak,5,6,positive
sy kasih bintang yamau coba liat liat,3,8,positive
bermanfaat bug nya aplikasi bikin akun gabisa masuk disuruh main tebakan,1,-2,negative
aplikasi gajelas,1,-4,negative
verifikasi log in rumit banget main teka teki gimana si cari solusi youtube wow banget orang senasib ga solusi,1,2,positive
aplikasi yg bagus memperluas network,5,-2,negative
gak verifikasi ktp udah kirim foto ktp x tetep ajah gak masuk niatnya ngehindarin hack nyusahin,1,-2,negative
gimana tanggal pengalaman gabisa dipilih klik gabisamasa tanggal mulainya aja,1,-5,negative
main sumenep madura toko anak main bal smp,5,1,positive
bener bener istighfar aplikasi nya,1,2,positive
muncul notif kode nocaptcha valid udah berulang kali verifikasi alhasil gabisa login aplikasi payah,1,-6,negative
merekomendasikan pekerjaan tolong yg fresh gitu loh pekerjaan yg udah berbulanbulan yg aja notif via email maksimal yg yg bbrpa iklan loker yg udah terpasang gitu loh merekomendasikan,2,11,positive
utk bisnis keaslian akun meragukan msh byk scammer berkeliaran linkedin kedepan tingkatkan deteksi keaslian profil akun linkedin krn msh byk fake akun,4,0,neutral
ketipu garagara aplikasi,1,-4,negative
berkali akun ban tdk tau login akun menyenangkan twrus berganti akun akun gmail tolong perbaiki tingkat keamanan prikritaskan kenyamanan pengguna,1,9,positive
teman jaringan mempromosikan paket tour daya tarik wisata daerah,5,12,positive
krey bambu bekasi google map n,5,-3,negative
gaptcha nya gabisa ya masuk ae susah,2,-2,negative
sangan informasi loker,5,2,positive
teka tekinya susah bambank akun aja dipersulit,1,-2,negative
tolong tingkatkan aplikasinya kemudahan pengguna biar pengguna lancar login aplikasi mudah menggunakannya,1,13,positive
tolong kena hack jarang banget login ga mencet link gimana nih data takut disalah contact us kebanyakan tulisan doang,1,-2,negative
keamanan aplikasi buruk kali akun dihack pemberitahuan ribet berkali kali disuruh main teka teki lowongan rekruter membuka peluang kerja aplikasi nya ga bermutu gini,1,-15,negative
aplikasi,5,-4,negative
,5,0,neutral
update,4,0,neutral
terima kasih,5,4,positive
senang menggunakannya peluang karir,5,5,positive
bad security i cant activate double security and now my account have be hack by someone else i try to report and verify my account use my personal identity on linkedin but there be no solution at all,1,-8,negative
e df,1,0,neutral
mantap bos josss gandoooss,5,8,positive
mencari kerja linkedin sulit akun premium impact tawaran pekerjaan apply perusahan respon harap diperbaiki tks,1,9,positive
kode captcha nya bikin ribet,1,-7,negative
lumayan mudah melihatmu,3,5,positive
susah log in,1,-3,negative
pengembang apk akun upload cv resume apk tertimpah akun web mohon penjelasannya akses akun apk bergabung linkend browser web menyelesaikannya,3,0,neutral
good,5,5,positive
iwayankarmawan,5,0,neutral
aplikasi ga tibatiba main suspend verifikasi balasan buka akunnya,1,1,positive
syukurlah upgradenya cepat coba buka dgn app ribetnya iķlannya sejubel bukafinaly linkedin have upgrade very nice goodluck thank linkedin,5,16,positive
akun aksesketika verifikasi,1,0,neutral
bukanya susah,2,-3,negative
asyuu verifikasi bgt yg udah,3,0,neutral
aplikasi bagus membantu,4,2,positive
cocok,5,4,positive
gak login anjir kalo login disuruh nebak trs giliran selesai suruh ngulang trs,1,2,positive
gak login keterangan captha invalid dah masukin,1,-8,negative
please make a collection feature to save post i think its very useful thank you,4,1,positive
habis update login,3,3,positive
masuk stak tekateki bener,1,0,neutral
thank you i can use this link for connect with other people and friends,5,7,positive
akun terkena pembatasan menerus x akun kirim verifikasi,1,2,positive
login akun bisnis,2,3,positive
akun dibatasi dimimta login kacau nih,1,0,neutral
teka teki asem susah banget loginnya,1,-2,negative
apk gajelas akun gabisa akses butuh verifikasi ga selesai sampe,1,-1,negative
both very bad app and web,1,-4,negative
login captcha berulang mengisinya,1,0,neutral
good,2,5,positive
jelek bet udh berkali kali bikin akun g bs masuk mulu,1,-6,negative
gak,1,0,neutral
login aja susah,1,-2,negative
woi knp akun gw dibatasi pdhl ga ngapa ngaapin,1,0,neutral
,5,0,neutral
akun dihack akun dibatasi linkedin kena serangan cyber,1,-6,negative
this application be really helpful thank you,5,4,positive
parah akun diblokir penjelasan ikuti sesuai arahan parah asli sdh seminggu dibukasaya lapor komplain,1,-3,negative
busuk kaga log in verifikasi make kodok ama keledai mulu udah ngisi yg bener verifikasi berulang bener ajalah developernya,1,1,positive
penglaman,5,0,neutral
gak verifikasi security check,1,1,positive
so bad,1,-4,negative
berulang kali akun tersuspend aplikasi tugas kuliah merugikan tolong diperbaiki sistemnya,1,-1,negative
kasusnya tibatiba pembatasan akun memverifikasi gagal mengirim pengaduan balasan,1,-1,negative
gimana si ga ngapangapain akun ku kek ban tolong diperbaiki servernya,1,3,positive
selamat siang mhn supervispr pt nawawindu agung,1,5,positive
gangerti gmna apk gabisa loginketerangan udah verifikasi tinggal masukin kode pake no telpon ditunggu berkali kali ga masuk kodenyaganti nomor aja heu,1,-5,negative
top,4,5,positive
aplikasi nutup trs ga dibuka jaringan bagus,2,1,positive
deh gak login mulu keperluan tugas gimana solusinya secepatnya nihhhh udah akun dibatasin,1,12,positive
sumpah kesel bgt udah akun kali linkedin log out app gajelas,1,-2,negative
menikmati bahagia terimakasi good job,5,6,positive
cepat berinteraksi linkedln,5,3,positive
verifikasi gambar nya susah udah bener aja ngulang,1,3,positive
akun hilang,1,3,positive
aplikasi ga dah kali akun gw ilang,1,-12,negative
gampang eror,1,0,neutral
aplikasi gak akun dibatasi gak ngapa ngapain udah gitu verifikasi nya ditolak tanda identitas nya udah,1,-10,negative
good app,4,5,positive
akun yg dipake linkedin kebanned verifikasi,1,0,neutral
gw beli premium kerja sbgai hrmalah batasi layanan aduan suruu login kantor lu dimana sih,1,9,positive
captcha nya nge bug ulang salah tegur ya ulang,1,2,positive
excuse me why do you limit my account even though i didnt commit any of the violations mention such as be over active spamming fake or incomplete identity and so on ive be careful use linkedin ive follow people who i might be able to contact someday whether from company motivators or fellow students at the same university as me what be you go to do with my account why do you suspect me the days have be slow lately do issue like this make life more challenge,1,-3,negative
ok bermanfaat percaya mantaap,5,11,positive
login verifikasi identitas ktp pas udah verifikasi ga masuk udah dicoba kali tetep ngga masuk,1,-3,negative
tolong perbaiki captcha,1,3,positive
login ribet,1,-4,negative
linkedin aneh parah verifikasi nya gakjelas lhi udah nyoba berulang ulang yg verifikasi suara bener tulisan terimakasih memverifikasi manusia disuruh verifikasi verifikasi hasilnya diulang gak hasilnyagajelas,1,10,positive
verifikasi gambar teruus gak masuk merepotkan tolong diperbaiki,1,2,positive
disuruh verifikasi ga ngapangapain coba bodo banget gini aplikasinya ya kali cmn login aja dapet ga,1,3,positive
post ditefresh sampe ganti password,1,3,positive
gak ngotak ngatik apatiba suruh login lagipas dimasukkan password nya dibilang salahpadahal password nya,1,-2,negative
apk ga bermutulogin trs ga kelar,1,3,positive
bakoel gula cair,5,-1,negative
verifikasi login udah bner tp suruh ngulang trs aplikasi gak gk prnh diurus developernya,1,-6,negative
tolong perbaiki memasukkan code menunggu notifikasi kirim code nomor login,1,2,positive
soup,2,0,neutral
bug recaptcha gajelas,1,0,neutral
,5,0,neutral
alhamdulillah abah hji,5,8,positive
akun terkena hack mengembalikannya sedih,1,-9,negative
login aja ribet banget udh dpt kode verifikasi tp ulang trus verifikasi udh gitu akun google dibilang dipakai orng jdnya gak pake akun emai,1,-5,negative
aplikasi ter cari kerja,5,-5,negative
gak login kayanya eror mulu dah copot,1,-6,negative
sagat bermanfaat,5,5,positive
aplikasi bagus berteman orang orang kantoran mencari lowongan kerja memebutuhkannya,5,-6,negative
parah akun susah banget login kek dicekal udah truss udah susah dpet kerja dipersulit ya allah nyari makan aja dipersulit orang,1,1,positive
apk aneh udah disuruh gak,1,2,positive
sulit verifikasi email,1,0,neutral
sih verifikasi tolo,1,0,neutral
ni account berubah profil orang,1,0,neutral
akun aja ribet banget,1,-2,negative
step doang jenjang pressident,5,1,positive
app gajelas disuruh ngisi captcha ga,1,-2,negative
aplikasi bagus cari pekerjaan mudah menambah relasi wawasan,5,8,positive
the best experience,5,0,neutral
the l y,2,0,neutral
aplikasi gajelas akun tibatiba ban,1,-4,negative
un instalpusing deh,1,0,neutral
kebanyakan verivikasi akun gajelas,1,2,positive
aplikasinya mantull,5,0,neutral
khnlů,4,0,neutral
co o zte za,5,0,neutral
kali akun hilang email keubah keamanannya,1,3,positive
costumer servicenya bener bener buruk gak balas chat perihal akun restrict mohon ditingkatkan,1,7,positive
alhamdulillah dpt magang dr,5,5,positive
aplikasi ngak bermutu masuk aplikasi linkedin selalau ferivikasi menerus login aja susahnya ampun dah kacau ni aplikasi,1,-16,negative
wkwk verifikasi terkonyol,1,0,neutral
mencari pekerjaan rebahan,5,0,neutral
via web nya ribet lihat info pt cari,1,-7,negative
verifikasi tp gk masuk masuk heran,1,-2,negative
login ae susah kali verifikasi ngulang udah bener,1,0,neutral
aplikasi error verifikasi,1,-9,negative
good apps recruiter good luck,5,14,positive
login gak sandi salah klik lupa sandi perintah isi nama gak,1,-1,negative
pas verifikasi gk sih ribet banget skrg login doang pencet asalan bener tp aps gambar salah heran klo bikin verifikasi yg benerlah,1,4,positive
dipakai anak,5,-3,negative
membantu unt informasi ter update,5,6,positive
,4,0,neutral
pas login verifikasi nya ribet,1,-1,negative
ga login,1,0,neutral
kaamw,2,0,neutral
aplikasi gak verifikasi lawak lucu asli aplikasi aneh,1,1,positive
login udah verivikasi berkalikali,2,0,neutral
can not login otp phone be suck,1,0,neutral
senang bagus mencari kerja mudah,5,10,positive
tolong admin aplikasinya dì benahi berulang kali login kode verifikasi valid sudaj memilih gambar verifikasi susah orang,1,-1,negative
stupid security system i press the right answer it say wrong,3,1,positive
kantod bitra indonesia,1,0,neutral
kali install alhamdulillah ndak keribetan pas login fitur login akun google praktis selesai device vivo,4,11,positive
ribet benyak perekrut kode otp berfungsi,2,-7,negative
gk masuk verifikasi gak selesai selesai mohon diperbaiki,1,3,positive
pekerjaan linkedin,5,3,positive
stupid apps develop by stupid software engineer,1,0,neutral
g masuk gara capca,1,-7,negative
aplikasi buruk akun google lancar aja pas suruh login loginnya gak nyambungnyambung gue udah login udah upload ktp balikin mulu menu login kalo tugas univ ya gak peduli,1,6,positive
tolong dibenahi login aja susahnya kayak masuk pns verifikasi nya ribet banget ngulang mulu udah setahun ga beres beres,1,-6,negative
ga nih aplikasi sampah login aja persulit,1,-7,negative
verifikasi gagal terusssss,1,-4,negative
gimana gbisa login,1,0,neutral
verifikasi captcha yg buruk udah nebak yg bener tetep salah,1,-6,negative
masuk pas mengisi kode chapta diisi gak masuk ata tulisan rechaptca diisi aplikasi terburuk yg,1,-8,negative
your location query suck,2,0,neutral
oke nice,5,6,positive
bagus si cuman memadai giliran uninstal kagak parah nih apk kaya maksa stay dihp gimana ni min mohon ditindak lanjuti trmksh,1,-4,negative
ttyang bbm non kmu,2,0,neutral
captha captha gak,1,0,neutral
kɓì,4,0,neutral
good apl for build global network your network be your net worth,5,5,positive
bagus,2,2,positive
terjatu bangun,5,0,neutral
membantu mencari pekerjaan sesuai bidang,5,7,positive
sumpa login nya susah bgt si chaptanya gajelas,1,-3,negative
cari lowongan kerja make gampang,5,3,positive
applikasi taiiii login verifikasi gambar salah coba gimana login kayak gini ceritanya,1,-1,negative
terima kasih linkedin aplikasi bermanfaat pencari kerja informasi kerja sesuai ahlian,5,14,positive
aplikasi membantu banget cari pekerjaan,5,1,positive
membagongkan kukira link cari kerja permainan menebak gambar hewan jungkir,1,4,positive
detail mencakup bidangbidang pekerjaan aktivitas ekonomi terkoneksi platform,5,8,positive
verifikasi gagal,2,-4,negative
security checknya bodoh,1,0,neutral
membantu info loker,5,1,positive
,5,0,neutral
susah banget login nya tebak gambar gambarnya sndiri ga jelaskaya aplikasinya ga banget awokwok,1,4,positive
link in oke,5,2,positive
blm krn coba,5,2,positive
aapa apaansi gua ngisi dana dana gua kepotong sepengetahuan gua balikiin duit tuh gapernah tau transaksi sepergi menyetujuinya,1,-4,negative
aplikasi make udah ban cuman garagara kebanyakan connect gw pake menuhin tugas,1,-3,negative
i change my device and have delete all account on the old device and now i cant log in again use the new device i think this be the worst verification system,1,-3,negative
akun tibatiba akses udah kali akun kena ban permanen akun login verifikasi,1,2,positive
login aja dipersulit,1,1,positive
be the best,5,0,neutral
keren berguna,5,5,positive
meposting poto vidio linkedln iniapa salah akun tolong tahutolong perbaikin akun linkedln oke update poto vidio kemarinlinkedln mengirim grup tolong periksa linkedln kirim grup mengirim grup tulisan gagal mengirim gitu tulisanyatolong akun linkedln post vidio linkedln suka tulisan post berhasil hapus,1,-12,negative
akun dinonaktifkan kesalahan yg tolong jawabanya,1,-2,negative
aplikasi yg buruk tiada angin tiada hujan gak bs masuk akun kl gak bikin management pelayanan yg mend tutup aja apk,1,-7,negative
susah banget login,1,-2,negative
tebak gambar terooss sampe kiamat aplikasi ngga,1,-4,negative
udah ge ngerti gimana login aplikasi niakun ku udah dibatasi ga login dah up identitas sesuai arahantolong secepatnya pulihkan akun sayasoalnya benerbener perlusementara ku kasi bintang,1,-3,negative
informasi lowongan kerja semoga pekerjaan aamiin,5,9,positive
linkedin kena hack udah followers kena hack keamanan nya dimana,1,-14,negative
aplikasi rusaakk login verify verif tp,1,-4,negative
,5,0,neutral
nyari kerja susah data kesebar kemana aplikasi bermanfaat merugikan,1,-5,negative
buruk verifikasi gambar masuk mengadaada,1,-6,negative
buruk berkali verifikasi gambar sudh tp dinilai salah,1,-7,negative
verifikasi gagal masuk,1,-7,negative
verifikasi login susah ganti aja yg gampang,1,5,positive
apk terussss logout login susah ampun apk sampah,1,-6,negative
respon kode nocaptcha valid diisi mengisi,1,1,positive
proses verifikasi login gagal,1,-3,negative
login menebak captcha verifikasi selesai membuktikan manusia lalutibatida notifikasi respon kode captcha diisi falid capfcha ulang captcha suara,3,5,positive
akun batasi pemberitahuan apapun email verifikasi mohon bantuannya,2,-1,negative
aplikasi aneh gabisa login verifikasi udah bener tp tetep gabisa login verifikasi,1,3,positive
login,2,0,neutral
bagus,5,2,positive
all we need be faith,5,0,neutral
verifikasinya susah susahin gak aja udah susah banget loh,1,-4,negative
verikvikasi gagal terooos,1,-4,negative
akun dibatasi pemberitahuan mencoba login tolong diatasi membutuhkan akun nya aneh aplikasi,2,0,neutral
all unloack service experinces,5,0,neutral
mantapp kali,5,0,neutral
pelecehan seksual,5,-5,negative
linkedin apps utk android miui xiaomi gagal verifikasi captcha dgn image audio,2,-6,negative
verifikasi login udh ngulang pas cari bantuan disuruh login verifikasi developer mohon diperbaiki,1,0,neutral
aplikasi kocak akun gue hack orang vietnam ganti nama upload ktp akses ditolak pemilik asli kocak,1,-6,negative
verifikasi,1,0,neutral
aplikasi bug nya,2,-4,negative
chapta always think im not human i cant even login,1,0,neutral
aplikasi tolol gabisa login stick verifikasi captcha mend playstore hapus apk aplikasi ga bergunasaya pitam gara apk,1,-20,negative
respon captcha nya nyusahin nih gagal masuk akun tolong perbaiki,1,-2,negative
aplikasi dah kayak sampah gue verifikasi ribet programmer hadeh apyuuunn,1,-22,negative
membantu thank,5,8,positive
sih login kagak udah bacaan verifikasi berhasil,1,0,neutral
akun hack orang trs udah ngajuan pemulihan akun gada tindak linkedin sekaranh verifikasi login jdi ribet bgt,1,-8,negative
aplikasinya bagus login susah berulangulang kali mencoba,1,-1,negative
masak gagal post ya,1,2,positive
like komen postinfan akun linkein yg,1,0,neutral
pas verifikasi chapta mengulang menerus upin ipin tamat sd,2,6,positive
tolong diperbaiki verifikasinya diulang ulang,1,3,positive
login ko verivikasi trus sih udah gitu ulang ulang trus,1,0,neutral
ga verifikasi gambar ga suara samasama gabisa gw yg salah gmn ya,1,4,positive
ngisi capta ga kelar kelar idiot,1,1,positive
login suruh verifikasi mulu ga login,1,0,neutral
apk yg lumayan gk ferytifikasi yg susah mengerti,1,0,neutral
couldnt sign in by apps in my phone,1,0,neutral
merekrut cepat,5,3,positive
aplikasi yg mantap perkembangan bisnis info loker,5,3,positive
poor customer care i open a ticket a week ago regard my unverified account and until now there have be no response,2,-9,negative
apk ga verifikasi ulang kali ga selesai,1,2,positive
berpengalaman bidang logistikposisi warehouse transport supervisorposisi jalani bidangsteelkimiaconsumer gooddllsaya sitac telekomunikasi wilayahkalimantan utaraseluruh sumateradan jawa,5,4,positive
email password coba login dgn tp disuruh verifikasi gambar teruss udh centang verif nya tp ttp gabisa loginn heran bgt kaya gt truss pdhl butuh banget urgent pke app tolong diperbaiki,1,2,positive
verifikasi keamanan gak selesai aplikasi pembodohan cacat,1,-7,negative
happy,3,5,positive
login verifikasi login verifikasi udah gitu aja pikir berkali deh yg install sayang paket mend web bukanya,1,9,positive
cari pekerjaan mudah relasi yg diikuti wawasan,5,7,positive
susah login,1,-3,negative
susah masuk,2,-6,negative
kasih bintang biar cepat kerja,5,8,positive
ga aplikasinya ga ngapa in direstricted,1,0,neutral
thans apl,5,0,neutral
platform pencari pekerjaan wadah connect all the people on the world berinteraksi dgn pengguna post informasi yg dibutuhkan orang berbagi informasi pekerjaan awesome,5,13,positive
always and always stay at verification why,1,-2,negative
kemarin mash apply lamaran apply eror bolak loh in coba mulupdhal byak prushaan bonafit merugikan orang aplikasi,2,-6,negative
buka aplikasi disuruh verifikasi captcha udah valid aplikasi rusak,1,-4,negative
aplikasi ga berguna login doang susah bgt nyesel bgt,1,-6,negative
aplikasi bermanfaat,5,1,positive
mantapoke,5,0,neutral
great app its very help me to the job,5,5,positive
memper mudah mencari lowongan pekerjaan,5,4,positive
be very good,5,5,positive
knp salah verifikasinyabuat verifikasi,1,-4,negative
verifikasi nya tolong hapus,1,0,neutral
totttttýýyýuútuýut,3,0,neutral
bug verifikasi captcha tolong diperbaiki pengggun login perkara bug,1,-1,negative
susah banget masuknya verifikasi udah bener response code nocaptcha valid diisi terussss herannnnnn,1,1,positive
berkat linkedin mudah mencari rekan kerja pekerjaan sesuai keahlian,5,17,positive
apk gak uninstall aja broo nysel kalo download,1,1,positive
aplikasinya keren mudah informasi dunia lowongan kerja,5,9,positive
applikasi iniaku leluasa informasi lowongan pekerjaan semoga applikasi sukses,5,8,positive
bad login susah komen yg jg,1,-7,negative
buruk main buruk bangetsudah bener email buka,1,-2,negative
tolong dibantu akun login login pakai email yg kyk email kosongan disuruh akun,1,3,positive
bintang aja,2,1,positive
udah k relasi semoga k,5,3,positive
mantap bermanfaat,5,10,positive
trade spice,5,0,neutral
i be currently have an issue with log into my linkedin account the last time i be ask to upload a photo of my id card ktp and i do it correctly but still i can not access my account please help me with this matter,3,-1,negative
gajelas,1,0,neutral
aplikasi sampah tingkat keamanan buruk akun hack sekian pemberitahuan udah verifikasi email no hp verifikasi diluar biarkan linkedin parah tuh,1,-23,negative
mantapbisa terhubung sma orang sepropesi,5,0,neutral
membantu mencari pekerjaan,5,4,positive
stick diverivikasi doang udah bener tp tulisan respons kode nocaptcha valid diisi gimana nihhh,2,4,positive
kerenn pol membantu,5,1,positive
login bikin emosi ribet,1,-1,negative
aplikasi sanggat bagus aplikasi mempermudah informasi lowongan pekerjaan,4,-4,negative
verifikasi security check aja susah bnr ajg pdhl udh bnr berkali gw alien ngecewain aja,1,0,neutral
verifikasi gambar gabisa login udah bener tolong diperbaiki,1,8,positive
good good gooo,5,10,positive
okee good nice,5,9,positive
exelent,5,0,neutral
kerennn bermanfaat dlm menemukam relasi,5,8,positive
good service,5,5,positive
login aja susah,1,-2,negative
ksni gak bln mungguin hasil verifikasi data gak balasan lagientah gak tau knpa gak login akun ku,1,-1,negative
nocaptcha tpi mengulang ahhsudahlah,1,0,neutral
aplikasi buruk kali login verifikasi trus login kg berhasil pdahal mengikuti arahan aplikasi pusing hadeww,1,-14,negative
tingkatkan prestasimu semangat batas raihan,5,3,positive
aplikasinya berguna dapet kerjaan langsung cuan tinggal isi misinya,5,15,positive
nya aplikasi in membantu lowongan pekerjaan trimkasih,5,3,positive
membantu pencari kerja,5,6,positive
so great aplikasi,5,-1,negative
login gagal ya verifikasi ganbar suara ngisinya,1,2,positive
akun batasi alasan mengirimkan dokumen konfirmasi akun sekarng ditindak lanjuti,1,3,positive
mantab jos relasi,5,3,positive
install akun aja gabisa tahap gw ngelag ya internetnya taunya emang apknya aja yg ga gabisa,1,6,positive
membantu menemukan pekerjaan sesuai berinterkasi langsung hr perusahaan perushaan ternama,5,18,positive
busuk,1,-5,negative
akun gak login kali verifikasi tetep ajah gak,1,0,neutral
fery good,5,5,positive
aplikasinya bagus,5,2,positive
kali akun dibatasi aneh udah verifikasi data aja,1,2,positive
terimakasih sukses amin,5,11,positive
loginya sulit,1,0,neutral
pelanggan linkedin x masuk alasanya sayangkan bagus cacad payah,1,3,positive
ññmmx,4,0,neutral
sopir,5,0,neutral
coba,2,2,positive
linkedin bermanfaat tingkatkan kualitasnya terima kasih,5,9,positive
pulihkan akun masuk,1,-3,negative
very useful for education and career,5,0,neutral
aplikasi jaga daftar anjir,1,0,neutral
linkedin aplikasi benarbenar profesional pengulas profesional linkedin platform tertandingi membantu memperluas jaringan profesional mencari peluang karir menarik,5,4,positive
good,5,5,positive
buang aplikasi hp gimana,1,-7,negative
wawasan luas rekan profesi,5,7,positive
semoga membantu mencari kerja,4,3,positive
parah anjir ga udah verifikasi ulang ulang ga apk,1,-4,negative
langsung bintang ssya liat bagus,5,7,positive
layanan baguss,5,3,positive
bikin susah,5,-3,negative
keamanannya rendah akun gampang hack,1,-5,negative
mahal premium nya,1,3,positive
tebak gambarnya susahlah anjeng konnn,1,-2,negative
nih gak login,1,0,neutral
disayangkan nda fitur akun linkedin premium gratis seumur hidup fitur membantu pekerjaan cepat,1,18,positive
aplikasi bagus mencari loker informasi perusahaan terima kasih linkedln,5,4,positive
suka suka penggunanya mb yah biar hemat kuota data,5,6,positive
bintang cari loker spesifik muncul loker,1,-2,negative
great medsos app,5,3,positive
login aja gabisa aneh,1,5,positive
akun dibatasi gagal login diupdate sosmed dg wajar maaf uninstall,1,1,positive
terbaik,5,5,positive
linkedin memperkuat koneksi kedunia kerja,4,7,positive
great job application app,5,3,positive
versi very slow,2,1,positive
mantab,5,0,neutral
info loker,5,-3,negative
privat lancar,5,4,positive
seep nyambung orang gess,5,0,neutral
menambah wawasan membuka lahan bisnis mencari pekerjaan membangun koneksi pengguna linkedln dunia mantap,5,15,positive
,4,0,neutral
pplolkkjch,4,0,neutral
be the bist,5,0,neutral
tolong yahhh berhenti akun pemotongan saldo gimana yah merugikan,1,2,positive
verifikasi nya ganti susah banget masuk logindaftar,1,-2,negative
otw,5,0,neutral
aplikasi tolol login aja stack gatcha ga tolol hapus aja apk nya play store,1,-15,negative
kecewa,1,0,neutral
so usefull and amaze full,5,0,neutral
membantu sayaterima kasih,1,6,positive
ok dah,5,1,positive
gagal verifikasi,1,-4,negative
verifikasi captha ditemukan maksudnya dasar tolol nih developernya,1,-6,negative
gak log in disuruh berkali kali verifikasi gagal,1,-6,negative
get your carrier with this application,5,0,neutral
gak berguna gak bermanfaat,1,10,positive
construction superintendent pip and mechanical in the oil and gas industry in indonesia,5,-4,negative
tlong perbaiki lg min knp si stiap sya login sllu g bsa alesan email sya d pkai mlu pdhl udh brkali verifikasi gmbr,1,0,neutral
the medical sales podcast be a podcast for people who want to get into medical sales and medical sales reps who want to advance their career we interview top medical sales reps and lead sales executives from all over the country in pharmaceuticals medical devices genetic test diagnostic lab sales and more youll laugh youll learn and youll be inspire want to learn more about how you can get suppor,5,5,positive
gabisa login,1,0,neutral
baguscukup menbantu mudah memahami,5,7,positive
linkedin bagus membantu mencari pekerjaan online,5,6,positive
bagussemoga kerjaan,5,2,positive
verifikasi buruk kirim kode gak kirim giliran mencoba nomor dpt gak banget aplikasi,1,-4,negative
langsunh,5,0,neutral
login aja persulit pas liat ulasan susah login,1,6,positive
lumayan bagus utk progres informasi pekerjaan dll,3,8,positive
verifikasi ga gagal mulu,1,-2,negative
ngk login,1,0,neutral
tolong kirim email komplain,1,5,positive
app bagus pencari peluang ilmu pokoknya good wawasan pengetuhan profesional,5,8,positive
coba dl,5,2,positive
semoga membantu mestinya,1,4,positive
bad app try to login again verify not clear what be mean try many time still cant login again very bad,1,-8,negative
alhmdulilah,3,0,neutral
gajelas edit profil isi profil buang,1,-1,negative
,5,0,neutral
knp login ga sih buka apknya post,1,3,positive
login kendala nya bagus,5,2,positive
berterima kasih linkedin berkat linkedin dipertemukan pekerjaan menghidupi,5,3,positive
ok good,5,9,positive
log in linkedin,1,0,neutral
its very insightfull,5,0,neutral
aplikasi bagus membantu mencari pekerjaan,5,2,positive
psoting status lindkedln gagal mohon bantuannya mohon perbaiki trimakasih,1,4,positive
ga login password ga ganti ga login,1,3,positive
blm mencoba,5,0,neutral
tutup akun disuruh masukan sandi kotak sandi ga dipencet isi emosi,1,-2,negative
setuju dngn pt pana merah meningkat taraf hidup masyarakat yg ber ekonomi lemah,5,18,positive
sukses linkedln,3,3,positive
membantu pencari sumber informasi lowker peluang bisnis inspirasi mentor,5,6,positive
aplikasi gk,1,-4,negative
otomatis mendeteksi pasangan aplikasi sesuai akun facebook,5,5,positive
verifikasi captcha kontoll gabisa masuk udah bener diulang,1,0,neutral
update ih elehh,2,0,neutral
indonesia udah pengangguran ditambah tipu ama aplikasi ngasih solusi nambah beban idup,1,-7,negative
bug tolong dibenahkan menganggu bug,3,3,positive
gimana dah udh masukin no otp nya suruh masukin no hp nya yaa udah terdaftar ege udah minggu kaga daftar woy,1,-3,negative
karir pribadi,5,0,neutral
knp ya gabisa login trs hppadahal browser aman,1,4,positive
kalu langganan perbulannya,5,4,positive
tingkatkan kualitas nys,5,4,positive
be the best for me linkedin,5,0,neutral
high domino island terhapus gimana instal,4,0,neutral
,5,0,neutral
gak masuk verifikasinya ngulang disitu,1,-3,negative
,3,0,neutral
aplikasi sdh tampilan uiux menarik pengguna tp kendala login gagal unggah foto load pindah menu tlg diperbaiki terma ksh,4,5,positive
mengaktifkan aplikasi,5,-4,negative
login verifikasi id login kesalahan upload udah laporan team terkait gak hasilnya lol,1,-12,negative
aplikasi sampah kaga login,1,-8,negative
tmn bnyk yg nyaranin donlot apk tp pas login gagal pdhl udh dipencet berkali tetep aja stick,1,0,neutral
hard work keep move forward,4,0,neutral
uhg,5,0,neutral
semoga berhasil pa yg dcomentarkan si custermer aktifff perangkat,3,-2,negative
good apk profesional,5,5,positive
god bles,5,0,neutral
km,2,0,neutral
login login error,1,-5,negative
gimana yaa berkali akun gabisa sampe ganti nomor telepon gabisa suruh ganti nomer tolong diperbaiki,1,7,positive
aplikasi yg berguna,5,1,positive
,5,0,neutral
apk loker terbaik,5,5,positive
mario samuel sulu happy birthday,5,9,positive
respon kode nocaptcha valid udah bener isinya,1,2,positive
sederhana,5,3,positive
salam golden school batam,5,0,neutral
membanty mencari pekerjaan,5,0,neutral
apk kntl masukdaftar aja verifikasi chaptcha gagal mulu bener lu pikir robot nyari loker,1,1,positive
susah bangetg masuknya verifikasinya gagal mulu teh,2,-4,negative
verivikasi not robot error login,1,-5,negative
aplikasi menyesatkan akurat akun likedln pencarian google muncul nama gua tanda tangan hak cipta jam hapus pencarian google kena pencemaran nama,1,-17,negative
cepat terhubung,5,3,positive
hub nu cd ku ww xx,2,-1,negative
verifikasi milih gambar teros setangah jam gituuuuu mulu bikin emosi,1,5,positive
oh o,4,0,neutral
gak menghasilkan uang gak hapus,5,-3,negative
suruh updet mulu payah,3,0,neutral
kreen,5,0,neutral
inii sihh aplikasi ny close muluuu up foto susah kali berkalikali close,3,-10,negative
semoga good just like use to be,5,5,positive
aplikasi bagus cuman karna blm kerjaan aplikasi aja kasih bintang,2,-1,negative
setuju,5,4,positive
good job past action and clear direction for apply the job goodluck for all,5,5,positive
top up,5,5,positive
bad captcha no response,2,-4,negative
bintang karna hapus akun mudah,5,1,positive
daftar aja susah amad,1,-1,negative
aplikasi aplikasi play store pembaruan aplikasi putar putar seleaai,1,-8,negative
masuk verifikasi mengunakan ktp sim posisi foto yg muncul silahkan coba,1,6,positive
lukman bima ntb,5,0,neutral
bintang kalo gw panggilan kerja lenkedin gw kasih bintang,2,4,positive
aplikasi rusak verifikasi aja ribet banget,1,-3,negative
gak butuh gak dibuang,1,-8,negative
sif,5,0,neutral
tolong yg pake nama husen d aplikasi ya makasih,2,7,positive
kasih bintangmoga bagusapk nya,5,2,positive
,5,0,neutral
parah dah upload pake identitas asli tetep gx notifikasi harap cba aneh,2,1,positive
sorry to say membantu memudahkan meribetkan verifikasi lupa password ga seribet kalik ga user friendly,1,5,positive
ok,5,4,positive
ga login akun googlegimana sih,2,0,neutral
cari kerja susah aplikasi kerain mempermudah mempersulit hidup,1,-9,negative
membantu membangun relasi,5,7,positive
jelek verifikasinya aneh,1,-1,negative
,2,0,neutral
ok bagus banget,5,7,positive
coba,5,2,positive
berbagi loker donk,5,2,positive
membantu informasi lowongan kerja pengetahuan aspek kehidupan,5,9,positive
halo min aplikasi magang kerja terima kasih,5,3,positive
,5,0,neutral
qr barcode dukcapil lagiemang otak orang indonesia lepas unsur modus pungli ntar warga qr barcode kena pungli lagidi dukcapil tolong kalo online unsur pengarahan warga jumpain oknum dukcapil barcode,5,-2,negative
gak tau mencari perusahaan kolom pencarian muncul error ya koneksi lancar kaya,3,4,positive
si g oenting donlodbuat pesaratan wkwk,5,0,neutral
teka teki gambar tai,1,-3,negative
great job helpfull,5,3,positive
yes good,5,8,positive
weehh gila login gagal terusgajelas,1,-1,negative
yx dg yee,1,0,neutral
woyyy verifikasinya gimana gagal muluuuuu hahhh,1,-4,negative
mempermudah mencari pekerjaan menambah ilmu,5,4,positive
gak login verifikasi gak,1,0,neutral
aplikasi babi shope gua kesedot gara nih aplikasi gak pemberitahuan umdate langsung update otomatis gede bayar nya rb,1,-13,negative
login ga,1,0,neutral
bagus,1,2,positive
bener aplikasi nya kacau login aja verifikasi ribet bgt okelah biar gak akun dihack tp sih udh bbrp kali login sampe gak aplikasi loe doang yg,1,-6,negative
link in knp ya gw ga log in si parah,1,-1,negative
si login gak masuk login bgt lagih,1,-3,negative
susah banget login aja bangkee verifikasi kaga tot,1,-1,negative
verifikasi gambar memilih gambar muncul notif merah kode recaptcha miss invalid perulangan human verifikasi ujung,1,-6,negative
kode captcha gak jelasmempersulit,1,-3,negative
aplikasi bosok ga juelas verifikasine,1,-4,negative
senang aja kenal orang,5,9,positive
terbantu aplikasi i,5,-4,negative
nyoba,3,0,neutral
log in sistem verifikasinya buruk,1,-9,negative
log in aja susah banget bikin verifikas log nya gausah ribet ribet pilih gambar menghadap udah bener salah mulu gabisa log in mend bikin verifikasi masukan aja sih gak ribet simpel,1,-12,negative
,4,0,neutral
muantab,5,0,neutral
bro perbaiki orang login lu suruh uji kesabaran,1,4,positive
aplikasi linkedin memudahkan terhubung orangorang halhal kehidupan profe,1,-1,negative
baca komentar gagalmudahmudahan coba,5,5,positive
verifikasi email apply lamaran verifikasi,1,0,neutral
membantu orang cari kerjaan yg gak ijazah sangar mudah cari kerjaan,5,6,positive
perbaiki proses akunnya error kode verifikasi terkirim,1,-7,negative
developer linkedin linkedin bermanfaat tingkatkan fitur kualitas aplikasi,5,5,positive
,5,0,neutral
it be very strange because we can not use the search feature even though we know that this person have linkedin and actually heshe do appear in search feature but when i click it cant open their profile it be always appear caution like search not find try shorten your phrase and we cant see who be work in a company the strange thing be that when we open linkedin on the web we can see all of these employees very inefficient,1,-6,negative
gagal pilih foto post,1,-3,negative
login gagal trussss,1,-4,negative
good and responsible bali guide,5,5,positive
susah login udah verivikasi gagal gmn aplikasi awlnya enak gk tau eror susah login perbaiki min,1,-17,negative
ll,5,0,neutral
more tban years work on reliability sectionworking as maintenance advisorshop engg reliability enggtechnical train instructor etc,5,0,neutral
app taikkkk akun ku coba main ban,1,4,positive
download gabisa masukdaftar aplikasi gila,1,-1,negative
,5,0,neutral
aplikasi sengaja login ya,1,-2,negative
gajek,1,0,neutral
bagus sekaliii,5,2,positive
captcha aneh sedunia udah tulisannya membuktikan manusia muncul peringatan no captcha valid terisi gimana sihhh maunya dokter bawa surat pernyataan makhluk hidup kah tolong diperbaiki,1,12,positive
oppll,5,0,neutral
pembayaran saldo premium otomatis konfirmasi uang segitu gitunya dipotong otomatis apk ginian motong saldonya gede banget sampe rb potongan sih bangkeeeee dapet kerja akun aja gak,1,16,positive
upload foto postingan ga berhasilberhasil jaringannya lancar,1,7,positive
i love uh,5,5,positive
yups,5,0,neutral
aplikasi nggak berguna verifikasi aja,1,3,positive
tolol bener masuk verifikasi kaga,1,-5,negative
stelah upgrade keren tampilan nya mudah utk pekerjaan,5,8,positive
aplikasisemoga membawa keberuntungan,5,4,positive
ppppppppp ppp pop upppppppp,5,5,positive
mantab semoga rizki aplikasi,5,0,neutral
i cant login to my account the captcha always say i didnt answer the question while i do this be so bad,1,-3,negative
aplikasi gajelas ferivikasi aja susah banget,1,-5,negative
membantu mencari pekerjaan relasi,5,7,positive
ruang lingkup yg luas,5,-5,negative
aplikasi autentifikasi nomor verifikasinya apaa sihh ga banget,1,-5,negative
verifikasi kode sms nya banget terkirim,1,-2,negative
info tokoh lihat,5,0,neutral
bantu tingkatkan produk,5,6,positive
verifikasi yg ribet menyebabkan susah log in,1,-7,negative
terhubung dgn orang teman indonesia bah dunia,5,-2,negative
aplikasi khontol,1,-4,negative
g bs masuk lgverifikasi ktp tp g bs verifikasi by web g bs,1,-3,negative
,5,0,neutral
verifikasi ampe selusin ga kedetect capek verifikasi manusianya anjir,1,5,positive
suka,1,3,positive
dtw,2,0,neutral
kont,1,0,neutral
parahh,1,0,neutral
login ga eror mulu ngulang keterangan terverifikasi,1,-2,negative
aplikasi membantu menemukan relasidan klien mudah dihubungi dm instagram bnepb melayani pembuatan jasa undangan video berbasis web,5,18,positive
gimana sih udh berkali upload postingan gagal mulu tolong diperbaiki jaringan ku lancar udh pake wifi tetep gamau,2,4,positive
login aja susah verifikasi gagal udh bener emng laen,1,-3,negative
verikasi identitas asliemail terhubung kirim pintetap gak bisaaaagimana,1,2,positive
aplikasi mempermudah dlm pencarian loker trimakasih,4,-3,negative
aplikasinya aneh wkwk login make google dsuruh verifikasi keamanan hewan madep keatas salah gagal percobaan yg bener alhasil mohon maap uninstall wkwk aneh jg,1,2,positive
verifikasi tolol,1,-5,negative
login akun google notifnya kesalahan,1,-5,negative
aplikasi gila verifikasi aja dipersulit,1,0,neutral
apk gak verifikasi pake gambar orang kota elu lahir bego,1,7,positive
perbaiki aplikasi kendala login verifikasi yg berulang bintang apk,1,-4,negative
xa,1,0,neutral
nomor identigikasi pribadi data bni uangan bni tanda pkh nama muktadir bni ungan,5,-5,negative
ya allah stres gara verifikasi manusia selesai kode erorr maunya gimana sih min,1,2,positive
,5,0,neutral
tolong permudah login ya allah,1,12,positive
oh bb to use ni telp,5,0,neutral
trimakasih,5,4,positive
lowonganya kelas dewa tok,5,-3,negative
memuaskan,5,5,positive
hapus download gagal bantu hapus aplikasi perangkat hp tolong,1,-8,negative
mengembangkan usaha ikan asap,5,1,positive
mantep,4,0,neutral
verifikasi identitas kelarkelar,1,0,neutral
bagus info loker,5,-1,negative
akun gua batasipadahal ga ngapa in,1,-3,negative
kreeeen,5,0,neutral
verifikasi bikin ribett,1,0,neutral
bertele tele kebanyakan verifikasi ga,1,2,positive
kuis keahlian adakan bahasa indonesia,4,-1,negative
apk gajelas uda berkali kali verifikasi tp gabisa login hadehhh,1,0,neutral
good aplication busines,5,5,positive
after update error login verification captcha,3,-5,negative
sulit login,1,0,neutral
susah daftar,1,-2,negative
akun diretas verifikasi merespon login kecewa,1,3,positive
gak nh aplikasi udh pilih gambartapi aja ngulang mulu verifikasi nya,1,-3,negative
aplikasi mendukung buar pencari kerja,5,-2,negative
buruuuukkkk mempermudah pencari pekerja mempersulitnya gak otak,1,3,positive
aplikasi kacau verifikasi manusia berhasil catatan merah diatas verifikasi berhasil anehmohon penjelasannya bos admin berniat aplikasi,1,8,positive
menyajikan lowongan sesuai pengalaman,5,5,positive
verifikasi capcha nya error udah ngisinya,1,-5,negative
terimakasih linkedln update loker pekerjaan binggung mencari lowongan pekerjaan,5,8,positive
verifikasi gaje,1,-3,negative
okeee,5,0,neutral
verifikasi nya gak,1,0,neutral
tersambung dg orang profil bidangnya,5,0,neutral
response code nocaptcha valid fix that,1,0,neutral
baguss sangt berguna mencari pekerjaan,5,5,positive
verifikasi captca salah trus gmana ni,1,-4,negative
vertivasinya susah uninstall sosmed yg gampang,1,1,positive
aban abraham ship oildrilling deep sea aban abraham dinantikan hadir orang bernama vallery berharap berangkat berangkatkan singapore suka aban abraham menunggu perintah pt yg merekrut ku tpi jailin orang pt vallery aban abraham menunggu bagaiman kontak dg vallery,5,5,positive
woi login aja susah human verifikasinya apps nya rusak tolong perbaiki,1,4,positive
useful app,5,0,neutral
linkedin si login aja gagal udah verifikasi berkali kali aja ga login diulang ulang milih gambar gajelas udah muncul notifikasi verisikasi berhasil disuruh milh gambar udah berkali kali tetep gabisa,1,2,positive
ga niat aplikasi ya min,1,0,neutral
respon cepat,5,5,positive
tolong developer apk nya login,1,3,positive
verifikasi salah mulu sampah,1,-6,negative
parah aplikasi linkedin aman akun kena hack rekening terdebet utk trx lakukan,1,-16,negative
ngerjain org verifikasi smpe sejam dh slesai d ulang terusss jelek banget aplksi nyaaaaaaaaaa,1,-6,negative
semoga ajbdengan aplikasi linkedln mempermudah mencari pekerjaan yg sesuai good,5,1,positive
asu gabisa login verifikasi udah bener ngulang asu,1,3,positive
good bye,1,2,positive
ma nt ap,5,0,neutral
penghubung jaringan,5,3,positive
verifikasinya bikin gila,1,3,positive
verifikasi coba gak login ya tinggal login susahnya ribet jam gak masuk masuk verifikasi tebak gambar,1,-1,negative
bagusmenambah wawasan dunia usahaterima kasih,4,3,positive
verifikasi jelasssss,1,0,neutral
buruk,1,-5,negative
login kebanyakan blabla akun hack,1,-2,negative
verifikasi kacau bener ngasal pas gambar salah,1,4,positive
login gambar klik salah,1,-2,negative
bikin akun ga payah susahnya ampun aplikasi eror mulu data dimasukkan,1,-11,negative
sumpah aja ngk login please perbaiki bug nya,1,1,positive
verifikasi brengsek dikerjain gambar binatangparahhh,1,-3,negative
loginnya sulit udh jam ngabisin isi keamanan doank website apps smua,1,2,positive
app linkedin dta abay f dts moga dlm sistem android red makasi by hambha dhaife,5,-3,negative
verif gajelas captcha trus trusan sampe jam,1,0,neutral
gajelas anjir verifikasi ulang mulu,1,3,positive
login ga bad,1,-4,negative
verifikasi,1,0,neutral
woi akun gue ga login ga login simple aja verivikasi udah bener gue isi ga login stress,3,4,positive
verifikasi indetitas dibagian ktp sesuai ketentuan tulisannya coba udah diulangin kali,1,5,positive
verifikasinya nyusahin udah diklik gambar muncul notif kode nocaptha valid diisi dicoba login tebak angka aja alihin tebak gambar,1,11,positive
verifikasi gk,1,0,neutral
instal,1,0,neutral
bermanfaat,5,5,positive
aplikasinya mendukung,2,0,neutral
buruk akun terkena hack aplikasi menangani halhal mengganti password sulit ribet,1,-17,negative
hapus akun,1,-3,negative
cobak abis update gabisa dibuka samsek,1,1,positive
aplikasi mempersulit login aja susah udah masukan identitas udah gambarnya gagal kantor langsung kah,1,-7,negative
verifikasi mohon perbaiki terimakasih,2,7,positive
gak sampah,1,-4,negative
aplikasi bermanfaat mencari pekerjaan,5,1,positive
recaptha udah berhasil ngulang sampe kali alhasil kesel uninstall kasih bintang,1,0,neutral
verifikasi capcha nya bikin stres tolong benerin udah bener pilihanya ulang aja,1,3,positive
ga jelassssssssssss,1,0,neutral
aplikasi kena hack gimana yak nyoba login stelah verifikasi ktemu nya ganti sandi doang aneh,1,-3,negative
verifikasinya gak berkali kali tetep aja gagal mempersulit login,1,-3,negative
aplikasi puas,5,-1,negative
terima kasih membantu,5,8,positive
login akun susah skarang login g kayak,1,-6,negative
oke,1,2,positive
terbaik,5,5,positive
ga panggilan pakai promo,1,3,positive
login aja error,1,-4,negative
aplikasi kayak asu login susah,1,-10,negative
programmer,5,0,neutral
login susah benerr lucu aplikasi,1,-4,negative
login lupa sandi akun otomatis mengikuti prosedur disaat kode banget ulang aplikasi,1,-3,negative
baguslah,5,0,neutral
mohon maaf login aja verifikasi mulu ga selesai selesai bingung bat apk knp sih captcah eror mulu,1,9,positive
verifikasi muncul keterangan verifikasi selesaianda membuktikan manusia muncul eror nocaptcha valid isi gak break app,1,-1,negative
melewati tahap verifikasi,1,3,positive
verifikasi nya ya tolong perbaiki,1,7,positive
login susah bgt verifikasi pk suara dh dilakuin udh bener pdhl tp verif lg yg gk ky gni bgt,1,2,positive
amaze apps,5,0,neutral
gk login,1,0,neutral
umpama,5,0,neutral
semoga bermanfaat,3,5,positive
paham fitur penggunaan aplikasi,3,-3,negative
verifikasi diisi gagal,1,-4,negative
verifikasi susahnya ampun,1,-2,negative
ngelooping data verifikasi,2,-3,negative
mayan,4,0,neutral
g,5,0,neutral
verfiikasinya pdhal bener udh bolak nggk login maaf kau uninstal aja,1,4,positive
josss,5,0,neutral
bermanfaat akun domain pribadi,5,5,positive
susah log out aplikasi nya,1,-7,negative
agus,5,0,neutral
ret bintang,4,0,neutral
susah bgt dapetin kode verifikasi,1,-6,negative
verifikasi nomor kodenya ga muncul muncul sampe nomornya gabisa daftarkan coba daftar udah susah,1,2,positive
m,3,0,neutral
sulit banget loginnya ya udah ganti gmailpun nggak login verifikasi data kirim ktp muncul verifikasi data,1,6,positive
ga minat berhubung sdh bawaan hp samsungj plus ga kadang pengen unsistal ga update yg perusahaan buruh yg umur th kepepet tokyg diatas sih perusahaan yg indonesia sukanya max th usia pengen kerja biar modalaja sulitliat diluar negeri aja kerja dipabrik seneng yg muda tok hrd pea bgt hrd umur tua ngak ngotakhrd ganti th aja smua,1,41,positive
keren verifikasi nya gampang tidsk rumit cocok orang darah rendah auto darah,1,6,positive
semoga,4,0,neutral
gak daftar susah,1,-2,negative
kegunaan aplikasih sih serius nanya kaga paham,1,-2,negative
aneh ngisi captcha udah bener outputnya salah mulu hadeuhh gimana ko gitu yaa kirain udah dibetulin bug nya eh kaya gini,2,7,positive
bad kesalahan,1,-9,negative
coba dlu,1,2,positive
keep up a good work,4,5,positive
linkedin bagus ga,3,2,positive
bintang,5,0,neutral
xilumoxofl kk c mmm,5,0,neutral
delete aja verifikasi aja susah,1,-4,negative
mentok teka teki capcha aja sih selebihnya ngga lebihnya,1,-6,negative
jg download verifikasi nomor telp aja ribetnya ya tuhan,1,8,positive
,5,0,neutral
oz a sao selamat,5,5,positive
terealisasi terima kasih,5,4,positive
captcha error cant login,1,-5,negative
verifikasi manusia alien,1,3,positive
dasar aplikasi aneh masuk persulit verifikasi nya,1,-3,negative
verifikasi udah benarbenar ngulang sistem maintenance gimana ya login aja susah banget,1,-1,negative
sipil engineer,5,0,neutral
bad recaptcha verification,1,-4,negative
anjir,1,1,positive
memuaskan,2,5,positive
suka aplikasi,5,-1,negative
linkedin keep crash the application auto close each time its start,1,-6,negative
membantu promosi produk usaha hebatnya gratis,5,12,positive
mantap utk keuang,5,5,positive
verifikasi teka teki gak muncul,1,1,positive
bintang kasih,1,2,positive
semoga berkah aamiin,5,6,positive
okelah kalo mantap keren banget bos,5,9,positive
too difficult to pass in select picture for pass verification eventhough password be correct,1,0,neutral
,5,0,neutral
error melulu,1,-8,negative
ganti merek intil,1,3,positive
ngstck tolol,1,-5,negative
ok ok ol,4,8,positive
bagus membantu informasi pencari kerja,5,10,positive
aplikasi bagus membantu,5,2,positive
verifikasi gak ngotak udah masi aja verifikasi,1,1,positive
goooood,5,0,neutral
verifikasi chapta udah bener ngulang gk selesai selesai,1,7,positive
capek asik verifikasi truss,1,8,positive
akun dibatasi gajelass bangett,1,-2,negative
verifikasi nya gimanaaa butuh ngerjain tugas pusing pusing dah,5,-19,negative
,4,0,neutral
less,2,0,neutral
s jl panjaitan l k llllll e gyyyyylorwret ye jin,1,-3,negative
proses melamar susah ribet,1,-6,negative
sya usulkan bagiab verivikasi diganti pakr mobil motor benda krn yg skrg manusia pintar ber iq tdk sanggup menyelesaikan verifikasi menyulitkan pelanggan dgn verifikasi yg anehsy sdndiri sudh coba verifikasi belasan kali tdk karna gambarnya kura tdk,1,12,positive
verifikasi captcha diulangi pilihan susah login,1,2,positive
ok membantu sya menemukan loker daerah,5,10,positive
apk nya ga udh login pke email trs udh verifikasi pke captcha verifikasi pke ktp udh msih ga masuk bikin emosi aja respon,1,3,positive
parah verifikasi captcha gagal mend pake website,1,-9,negative
optimal,5,0,neutral
susah akun,1,-3,negative
verifikasi gagal,1,-4,negative
coba masuk akun verifikasi captchanya nggak muncul ngeselin bye linkedin,1,-7,negative
aplikasi pencuri data identitasdi suruh verifikasi identitas ktpsetelah ambilmala akun block,1,-13,negative
suka apl,5,3,positive
ngapa susah bgt si daftar doang et verivikasi robot gila ya pant aja bnyk yg rate bintang eleuh,1,7,positive
toko sembako,5,0,neutral
i rarely use linkedin since i no longer work at hepp but i suggest you explore more if you find a lot of benefit on the network,5,-5,negative
wow amaze,5,0,neutral
okay,5,4,positive
apaanmau masuk lg gak bsngisi chapcta gagal teruskocak,1,-7,negative
kek fesbuk,5,0,neutral
sdh memilih gambar yg menghadap tp diulangulang,1,2,positive
mw,1,0,neutral
linkedin mantaaaap,5,0,neutral
ok,5,4,positive
diklik daftar fb ga bisamacet login ga masuk,1,-2,negative
play pii,5,0,neutral
gk login,1,0,neutral
okey,5,0,neutral
,5,0,neutral
malas linkedin kalo anak mudah dewasa,1,-1,negative
lul,4,0,neutral
aplikasi terbaik panggilan kerja aplikasi terimakasih linkedin,5,4,positive
keren bngt,5,0,neutral
ok banget,5,5,positive
butuh hak buatu tujuan kantor trsedia bingung email,4,-5,negative
,1,0,neutral
masyaallah niat download cari kerja bikin emosi ni app verifikasinya pagi sore masuk,1,0,neutral
hoax,1,-5,negative
mauu ngasih tau pengguna sayasaya memberitahukan yg ad linkedin loginnya ribetcode verifikasi kgk masuk akallama smpe lumutanuntuk code verif kgk muncul kali linkedin harap diperbaiki yg sekian terimakasih,1,0,neutral
pilih metode login pakek google pilih akun apaapa alias masuk akun kali coba,2,-10,negative
dlm tahap pembelajaran,5,0,neutral
gagal verifikasi mulu oyyy,1,-2,negative
apk gk sumpah,1,3,positive
linkedin download foto,1,3,positive
muantul bro,5,0,neutral
gak akun gak,1,0,neutral
aq kasih bintang duluklau bagus aq tambahin bintang nya deh,2,4,positive
an application that have a different color from other social media,5,0,neutral
verifikasi captcha uda bener ngulang terusan verifikasi gak kelar uninstall aja the captcha verification be success but it keep go ask the captcha again and again uninstall it,1,7,positive
thank you aplikasi membatu,5,2,positive
buruk batasi akun coba masuk bbrp kali berhasil g alasan apapun jarang respon pusat bantuan g d sarankan,1,2,positive
mulis artikel linkedin,5,-4,negative
nggk kirim nomor hp nomor gue aktif kirim kode verifikasi banget,1,4,positive
bad user experience especially about user account,1,-4,negative
mohon diperbaiki proses verifikasi login verifikasi sistem merespon berulang kali verifikasi gagal,2,-2,negative
time waste verification,1,0,neutral
very useful apps to connect with many professionals,5,0,neutral
anjir masuk aja foto ktp dah ya kali gw kirimin foto ktp gw kali gw nemu aplikasi mita foto kartu id udah kayak pinjol aja,1,1,positive
lemot,1,-5,negative
susah bet masuk,1,-6,negative
bug beranda not up to date,1,1,positive
jual neli bobit tanaman danjual beli bibit lele,1,3,positive
mudah mudahan terima perusahaan amin,4,13,positive
szàzaew azzwwwswswwwsw,2,0,neutral
recruitment officer cipaganti,5,0,neutral
bermanfaat,5,5,positive
ptarga dipa kencana,5,0,neutral
lambat,5,1,positive
kesel stlh update gabisa download foto video postingan bgt,1,-2,negative
ngupdate lhooo ngupdate,2,0,neutral
link udah gapernah langganan saldo kepotong alasan langganan tolong kebijakannya lumayan loh langganannya rb,1,11,positive
kode verifikasi nya gak kirim kirim,2,1,positive
komunikatif bermanfaat,4,5,positive
cari kerja gak,1,-1,negative
good thank you,5,9,positive
,5,0,neutral
semoga membantu proses pekerjaan,5,8,positive
nice face line up,5,4,positive
maksimalkan,5,0,neutral
daftar akun google,4,1,positive
padek,5,0,neutral
suruh nebak hewan udh bener tp kode captcha valid gak tau gmn mksudnya,1,-6,negative
login ga lg lg,1,0,neutral
terbantu informasi pekerjaan,5,5,positive
ķ yy ģ i hb nc,5,0,neutral
update nya nggak bagus error upload foto error load,2,-4,negative
ya setujuh postinhan,5,4,positive
apps pntek,1,0,neutral
tntrr nt nntnn n n nn on n n mmnmmnn nnnnn nnnnmnnm nn mm nnenj i bi i j j video o lope n tc unbk sss r s s,2,0,neutral
mengikuti linkedln merespon lamaran kerja,5,8,positive
semoga bermampaat,4,0,neutral
membantuterimakasih,4,0,neutral
very nice app,5,4,positive
bad appvery regret download it,1,-4,negative
menarik,5,4,positive
aplikasi membantu pelajar yg lulus sekolah yg dapet kerja sesuai yg,5,16,positive
mw login aja ribet verification nya uninstall,1,-3,negative
koneksi keilmuan terbuka,4,5,positive
ya sngat sukaa,5,4,positive
verifikasi nomor telpon masukin verifikasi nya disuruh masukin nomor kudu nomor kagak pake nomor,1,-5,negative
foto profil user muncul diupdate aplikasinya lowongan pekerjaan linkedin pilihannya jobstreet payah,1,7,positive
kode verifikasi lupa sandi membutuhkan membuang,2,-6,negative
aplikasi gajelas nyusahin cuih,1,-4,negative
memperbarui aplikasi aplikasi disininya kak haha,5,-8,negative
macem macem verifiksinya sulit pake yg aja bnyk,1,-3,negative
,2,0,neutral
mantap apk nya,4,5,positive
aplikasi yg mempertemukan pencari pekerjaan pencari produk,5,2,positive
daftar aja dipersulit susah banget verifikasi aja,1,1,positive
okkkkk,2,0,neutral
oke bermanfaat,5,7,positive
daftar tida tau ni,5,-3,negative
pensiunan pt pelabuhan indonesia ca karang setra hotel bandung,5,-3,negative
bagus nambah wawasan pencari kerja teman,5,4,positive
f pppppppppppptuhan kastuhan kase akang jodoh pe tamang biar itam mo gurinda tuhan kase akang jodoh pe tamang biar itam mo gurinda tuhan kase akang jodoh pe tamang biar itam mo gurinda assalamu alaiku wrwb keluarga puti berduka orangtua papa opa almarhum hiran puti ka hino tel akang jodoh pe tamang biar itam mo gurinda tuhan kase akang jodoh pe tamang biar itam mo gurinda,4,28,positive
love this app,5,5,positive
aplikasi babi pemeriksaan cepat babi salah,1,-13,negative
percumah mosting lowongan gak lowongannya penuh aplikasi handphone aja,1,-3,negative
salah grup pelaku bisnis,4,-5,negative
tap mantap,5,5,positive
buka,3,3,positive
thank you very much for make easy our communication wihh rach others warm best grettings foto linkedin,5,7,positive
trimakasih,5,4,positive
aplikasi ga jelashabis download buka kode verifikasi nya ga masuk sinyal lancar,1,-3,negative
lupa password persulit masuk hapus aja ga,1,-4,negative
stick verifikasi,5,0,neutral
verifikasi gagal,1,-4,negative
mantapppp,5,0,neutral
susah bgt verifikasi nya ajg,1,-3,negative
maksa,1,-5,negative
bagus kumpulan orangvorang hebat,5,2,positive
good app and keep it up,5,5,positive
hemat kuota telkomsel flash nya,5,2,positive
malangmalang,3,0,neutral
bagus perbedaan versi web kinerja optimal,5,0,neutral
coba apliksinya,4,2,positive
berguna,5,5,positive
biat akun aja udah ngebug,1,1,positive
waow,5,0,neutral
menuhin ram,1,0,neutral
mohon linkedinaku naikin bintang nya kalo bahasa kuis keahlian bahasa indonesia versi android dibawah android,3,-3,negative
pake tes verifikasi keamanan gak,1,0,neutral
yg gk beres dgn kode verifikasi nya,1,-3,negative
aplikasi bawaan yg dihapus,1,-1,negative
ferifikasi mudah,5,4,positive
linkedin semoga bermanfaat pencari kerja lapangan kerja perbarui linkedin tampilan mudah dimengerti orang semoga,3,17,positive
suka linkedin uang app dana terpotong berlangganan linkedin mohon bijakan nya utk kembalikan,2,8,positive
in linksdln bagus membantu menemukan temanteman kontak cari teman linkedln iniaplikasi menarik membantu sekaliterima kasih,5,17,positive
okl,5,0,neutral
ga verifikasi,5,0,neutral
,3,0,neutral
post gambat gird geser samping,5,-3,negative
coba dikabarin,5,2,positive
blum spenuhnya,5,0,neutral
sadar akun lupa email kontak password menghapus nya akun yg terimakasih ditunggu responnya,3,8,positive
,5,0,neutral
bug mulu kesel,2,-3,negative
coba perbanyak referensi perguruan tingginya,3,2,positive
keren inovatifgbu,5,0,neutral
sukak,5,0,neutral
membantu,4,4,positive
iyaaaa,5,0,neutral
download cmn verifikasi aja susahnya ampun bener disalahin lho nyoba verifikasi nyampe xan apk nya nggak sesusah pdhl nggak recommend pokoknya gausah download yg kesabarannya setipis tissue dibagi,1,-6,negative
memudahkan cari pekerjaan share pengalaman dunia pekerjaan rekomended nih cari kerja sekedar berbagi pengalaman,5,12,positive
apps bansat verif verif ktp coba,1,2,positive
hti,4,0,neutral
aplikasi membantu mencari pekerjaan pekerja lepas,5,1,positive
aplikasinya bagus membantu sy pekerjaan mengenal orang orang rekruter perusahaan sy pekerjaan disalah perbankan,5,16,positive
apk kagak ribet banget lu tong,1,-6,negative
mantappp ok,5,4,positive
buruk tdk diintal hp skr,1,-5,negative
please update your apps bug in apps all,5,-3,negative
tukar informasi pekerjaan jesempatan prngetahuan,5,6,positive
when im log in to the linkedin app it always show a warn check your linkedin app even though im already in the linkedin app try click resend nothing happen try another way namely verify use sms or message nothing happen i have try dozens of time to log in always fail the application inform me that i be tell to check the linkedin application but i have not be able to enter the applicationhow can you check if its still outside the login,1,0,neutral
sumpah ya ngerasa ditipu percobaan premium nya udah batalin premiumtapi gak approve saldo gue ilang jt,1,4,positive
membantu sosialisasi,5,4,positive
lumayan menaruh informasi portofolio,5,5,positive
kasih bintang kaeran mencoba nya,1,2,positive
sulit d pahami verifikasi nya rumit,1,-5,negative
membantu pencarian pekerjaan,5,7,positive
gk log inganti pasword ditolak permanenribet,1,-4,negative
aplikasi bodo verifikasi lambat,1,-8,negative
good apps really enjoy this,5,8,positive
aja download pengguna sampe verifikasi nomor telepon banget berulang kali pencet kirim kode ga dikirim sampe load apps nya keulang pakai nomor gabisa ganti nomor tetep aja verifikasi lambat,1,7,positive
kenap aplikasi nya update sumarry deskripsi job and fill requerment blank mucul review titik tolong repond,3,-8,negative
tergabung grup family laman web browser terlindungi terhubung tersinkron grup family reward brave token mudah cepat aman terkendali beruntung memuaskan,5,8,positive
very bad verification login problem,1,-8,negative
bagus neht,5,2,positive
yoman yairus,5,0,neutral
t wt,5,0,neutral
n,5,0,neutral
tambang pt andari,5,0,neutral
ikutin abaaba perintah pusat tenggara barat,5,3,positive
verif login gagal,1,-4,negative
membantu manfaat,5,9,positive
komunitas profesional bagus tukar menukar informasi pengembangan karir bisnis,5,14,positive
kah aplikasi menghasil uang,1,-4,negative
recommend,4,0,neutral
gobloggggg iklan setangua nonton muncul iklan goblog,1,1,positive
semoga rejeki aamiin,5,6,positive
aplikasi ti,1,-4,negative
aplikasi ter hebattt verifikasi ga haha,1,-4,negative
gimana akun lupa sandi udah konfirmasi nomor handphone masukkan nama gak maksudnya gimana mohon bantuannya,1,5,positive
aplikasi bagus membantu profesional aplikasi memudahkan pencari kerja mencari pekerja,5,3,positive
p,5,0,neutral
she csr department,4,0,neutral
bagus,5,2,positive
mantaappp,5,0,neutral
gw praktisi it aja bingung pakai linkedin tombol gw pencet ga nemu kolom page company,1,-1,negative
gjls ni app ngelagbugnya hp gue sd,1,0,neutral
membantu,5,4,positive
akun dibuka konfirmasi,1,3,positive
eksis,5,0,neutral
mendekatkan,5,0,neutral
one of the best professional social media applications in term of feature user interface information completeness be all good thank you linkedin,5,9,positive
upload file dokumen portfolio gagal tulisannya eror uk file ga dr mb berhasil upload tbtb eror,2,-9,negative
stupid developer engineer i cant see my own old post,1,0,neutral
aplikasi nya aneh g prnah download tpi pemberitahuan kalo akun email trdftr tibapdhal aplikasi ny aja ngga,1,-8,negative
aplikasi busuk banget sumpah maksudnya suruh nebak gambar ngehadap keatas salah ampun dah,1,-12,negative
uninstal aplikasi,1,-4,negative
verifikasinya mudah coba berulang kali model aplikasi keuangan kelas google serumit orang aplikasi linkedin putar,1,-2,negative
mudahan bermanfaat orang,5,6,positive
bnyk aplikasi smg mmbantu,1,-4,negative
andi bilang k unit mm k trda unit m,5,-8,negative
à,1,0,neutral
make your applicattion stable,5,0,neutral
tmgrab rp,5,0,neutral
apk patut dihapus playstore appstore,1,2,positive
mantap,2,5,positive
à,2,0,neutral
membantumeski terantu,5,0,neutral
nga rugi app linkedln,5,-5,negative
senang bergabung linkedin,5,1,positive
bsru coba,4,2,positive
mulu buka,3,5,positive
schedule post ya kasih bintang,2,6,positive
cobain,4,0,neutral
sumpahhh ya riset sandi verikasi verikasi truss gada slesainya dimuter muterin aja ga slesai mkasutnya gimana sih aplikasinya udah update udah aja,2,6,positive
isi nya serius gw mah market bercanda,5,-7,negative
aplikasi ok,5,0,neutral
,3,0,neutral
memuaskan,4,5,positive
akun hilang dibuka,1,3,positive
akun batasi alasan yg jelaskatanya suruh verifikasi data ikuti petunjuknya batasi permanenmaksudnya gmnbener bener kecewa penyelesaian,1,0,neutral
smoga brmnfaat,3,0,neutral
informasi memperluas wawasan berfikir,5,2,positive
donwload mend udah bikin cv macem ujung ujung ngelamar nya aplikasi kocak,1,-14,negative
wq aa annnkkkkkokokokkmlù,4,0,neutral
aplikasi cacat login salalu aja verifikasi kiamat ga login verifikasi,1,-11,negative
job search,5,0,neutral
good app,5,5,positive
daftar sms verifikasi ulang nomor spam,2,-2,negative
membantu mencari pekerjaan,1,4,positive
خخظكممنتدصثىفقفوقولثنف قف ثا بىقبثرمحخقخنههنننن,4,0,neutral
bergunaa bangett fiturnya jugaa baguss,5,-2,negative
membantu profesional mencari pekerjaan sesuai dgn bidang kerjanya,5,7,positive
oke mantap,5,7,positive
video,5,0,neutral
bagus keren,5,2,positive
mksih,5,0,neutral
lulus nunggu panggilan prakerja jobdb aplikasi berguna bagus just put extra layer security,5,9,positive
mantull,5,0,neutral
gk instal login iklannya mengganggu mengganggu udah instal pakai hp,1,8,positive
bikin akun ga dibuka hilang aneh banget aplikasi nyuri data gimana,1,1,positive
rancu loker apk,1,0,neutral
blm,4,0,neutral
aplikasi sampah kalo emang niat aplikasi pencari kerja knp register platfom tolol,1,-15,negative
lamaran memperkerjakan,1,0,neutral
pengalamn setatus menjoba arti tujuanya,3,1,positive
semoga kelacaran,5,0,neutral
ga bsa nerima kode,1,-3,negative
pesan koneksi tp balas profil nya anggota linkedin namanya temukan tau ya pencarian fee indonesia orang pekerjaan yg salah kah dr pengaturan terima kasih,5,5,positive
bagus app network ide pengalaman network akun follow,5,4,positive
login aja susah bikin pusing,1,-6,negative
sya mempelajari aplikasi perdana muncul d layar,4,-3,negative
iklan masukkalau kurangi iklan aplikasi nyaterima kasih,4,-2,negative
ive be join linkedin quite a while it be useful for my interest so thank you dev,5,5,positive
login aja susahpadahal pasword memasukan kode,1,-2,negative
the good,5,5,positive
kali verifikasi diperhatikan susah dipermudah dipersusah,1,-3,negative
actually i enjoy this application to contact anyone in the world,5,3,positive
saldo dana terpotong berlanggananmohon refund akun dana,5,7,positive
login aja susah banget,1,-1,negative
linkedin,5,0,neutral
semoga,3,0,neutral
anyoaseo waht cewat abikafa,3,0,neutral
aplikasi gak bermanfaaat direkomendasikan,1,-4,negative
tolong akun linkedin batas,5,0,neutral
abal abal verifikasi pilih gambar ga cumi kuras kuota,1,-2,negative
tolong biar permudahkan logingambar bikin ribet,1,0,neutral
oooooooon kk o by knjkmi kk ijo mm oh ok ok hhoy my of gbk iook off n km kk m miliki iiooik my kkkkkk m xx xx km ok ui,4,10,positive
notifikasi muncul,4,1,positive
gak teka teki e,1,0,neutral
kualitas ok loker valid,4,8,positive
ngga login pakai facebook eror,2,-6,negative
this app help us,5,2,positive
bagus dipakai lahan informasi kawan,5,4,positive
semoga berkualitas,5,4,positive
bug mohon diperbaiki bergabunglogin,1,2,positive
login pake no telpon gak susah banget notifikasi masuk nya,1,-5,negative
yusuf,4,0,neutral
linkin,1,0,neutral
aplikasi memakai hand phone komunikasi,1,-2,negative
harga premium sangaaattt mahaaaallll seharga juta gilaaa,1,7,positive
butuh pekerjaan profil mesti pekerjaankan tolol nmanya,1,-10,negative
developer game huggy wuggy,1,2,positive
verifikasi gambar tulisan kode respon kode nocaptcha valid isi,1,0,neutral
mantabz,5,0,neutral
hidup pianotergantung orang yg memainkan nya,4,2,positive
salah pilih gambar menghadap keatas milih gambar jungkir keatas pilih aja gambar normal mestinya mata kasih bintang biar baca ulasan udh sifat manusia mencari negatif positifnya,1,5,positive
a y l,4,0,neutral
cari pekerjaan keluarnya berbeda,1,-4,negative
daftarnya susah banget pertaanyaan bidoh,1,-2,negative
lupa password sy ganti sesuai dgn password yg ideal sy pakai akun lupa herannya karna password tsb bikin pass alhasil pass yg terpaksa lupa karna kerjaan x gagal login linkedin akibat ulahnya bikin password yg blom pakai ganggui kerjaan orang time waster,1,9,positive
kermaks,5,0,neutral
gak pilh daerah,1,0,neutral
taik bolak verifikasi katak setannnnnn apk nya,1,-5,negative
aplikasi nya membantu pencari kerja pemula aplikasi histori lowongan pekerjaan masukan tolon bantuannya kedepan,2,1,positive
semoga pengha silanyang lemayan hpterima kasih,5,2,positive
verifikasi nya khusus orang sakit,1,-5,negative
not worthed to be instal,1,0,neutral
good applicationnice for jobseeker,5,5,positive
cocok ds yg lulusan sma smk,1,4,positive
makasii linkedin pekerjaan via apps ku bertemu jodoh ku hihi,5,8,positive
ok pokoknya gak linkedin buruan instal aplikasinya yaaaa,4,3,positive
udah dicoba berkali kali aja update,1,3,positive
,5,0,neutral
mencari cocok pesaing loker berat kalah,5,-3,negative
googli com in play,5,0,neutral
blm tau aflikasih nya bagus langsung bintang,4,1,positive
app penipu lowongan kerja,1,-2,negative
alhamdulilah membantu,5,7,positive
aplikasi sagat berguna baget yg susah nyari kerja,3,-2,negative
membantu pekerjaan,4,7,positive
banget,5,1,positive
uji coba,5,3,positive
dahlah biarkan bintang yg berbicara,1,-5,negative
aplikasi pencari kerja ajapercuma pasang aplikasi pencari kerja tpi klo ujung ujung nya make orang dalem,4,-8,negative
aplikasi bermanfaat,5,1,positive
ex,3,-1,negative
recomend aplikasi ribet sulit sungguh buruk,1,-9,negative
sip cocok medsosnya orangorang karir,5,4,positive
lemot babi,1,-9,negative
this be a good appli,5,5,positive
knp ribet banget sih login ajja persulit,1,-3,negative
aplikasi goblokkk verifikasi bener salah,1,-5,negative
ga visa memsaukan nomor tlpn mendaftar,1,0,neutral
bagus aplikasinya,4,2,positive
ho,2,0,neutral
download daftar pas masukin nomor telpon suruh verifikasi pakai kode tp kodenya tunggu gk dikirim ulang dikirimi kode pas udah masukin kodenya app nya pas daftar nomor gk dipake hadeh ribet uninstall,1,-2,negative
very good clear information and connect,5,5,positive
bagus aplikasi,5,-2,negative
gak rekomen cari kerja udah ribet ga efektif ga hasil jobstreet ngelamar ujung nya bikin akun platform payah platform nya,1,0,neutral
wifi not connect,1,0,neutral
ga berfungsi,1,0,neutral
captcha ramah,1,5,positive
limabintang,5,0,neutral
semoga mnyenangkan,5,0,neutral
terbaik application nya for our transaction for a while for be business,5,5,positive
suka aplikasi,5,-1,negative
eh aplikasi anjnggggggg juta kau tarik saldoku aplkasi penipu download aplikasi biadab,1,-5,negative
cari lowongan kerja,4,-1,negative
hapus ulasan publik,3,0,neutral
informasi sdh gaya hdpku titik,5,-1,negative
error error gajelas banget aplikasi,1,-13,negative
gaa daftar ga pervikasinya pas code trus kirim ga masuk masuk akun nya coba kali nomor valid be you okaydude,1,2,positive
sih akun gw hilang pas buka connect nya kaga perasaan udah nyampe aplikasi kaga cihhhh,1,5,positive
be the best,5,0,neutral
membantu trima kasih,5,7,positive
smoga kecamatan menyerap oksigen bahasa indonesia,5,-7,negative
bagus,5,2,positive
aplikasi bagus berhubungan orang orang dsri perusahaan,5,1,positive
sosial media mencari pekerjaan share pengalaman apapun seputar pekerjaan simple inovatif cool,5,14,positive
capek banget linkedin udah akun verifikasi statusnya kali cek kek gitu barusan coba lg dikirain peningkatan minimal login dimintanya foto ktp udah ikutin smua syaratnya jg gak yah gimana gambar foto ktp mmg blur hubungin call center infonya linkedin gak menyediakan call center au ahh uninstall lg aja kecewa bgtlah akun gak diakses ckckckk,1,7,positive
keren,5,0,neutral
puas mudah mencari pekerjaan,5,7,positive
the best app,5,0,neutral
,5,0,neutral
auto uinstall gue gak tau bodohgue bodoh aplikasi nya bodohgak masuk kehalaman utama nya nih aplikasi binatang menghadap keatas,1,-15,negative
woyyyyyyy susah banget login nya menu log in tolonglah diperbaiki,1,-2,negative
udah instal liat ulasannya ngeriiii wkwk auto uninstalllll,1,2,positive
aplikasi tolol,1,-9,negative
verifikasi menyebalkan salah payah,1,-4,negative
coba,3,2,positive
aplikasi bagus kerrenn terimakasih linkedin membantu komunikasi orang orang hebat,5,9,positive
semoga dpt pekerjaan,5,3,positive
banyakmembantu,5,0,neutral
banya jumplink aplikasiwebsite,1,0,neutral
coba aja,5,3,positive
aplikasi hapus pake pe lang me palang palangem bae,1,-7,negative
driver,5,0,neutral
takut rungkad kak main disitus kalo kakak nya rungkad saldo kakak,2,5,positive
verifikasi gak yah klik gambar sya x yg salah pdahal perintah gmbarny,1,-2,negative
sngt puas,5,3,positive
wawa fx nq zizah nu,5,-3,negative
aplikasi linkedin bersifat publik,5,-4,negative
,5,0,neutral
verifikasi efisien membuang tenaga memilih gambar hasilnya salah aplikasi verifikasi buruk,1,-8,negative
semoga,5,0,neutral
aplikasi tertolol gua kenal verifikasi terbodoh gua liat udh gua klik gambar menghadap salah udah gua ulang ttp salah auto uninstall bye,1,-20,negative
c f,2,0,neutral
aplikasi linkedln bagus meyempurnakan koneksi jaringan dimanapun,5,3,positive
lowongan bnyak hoax,2,-5,negative
download,5,0,neutral
good apps,4,5,positive
menyarankan nama profil akun bagus mengisi no last name nama terimakasih,4,9,positive
redeem,1,0,neutral
aplikasi tolol kirim pesan aja berlangganan mend kalo murah ban aja nih aplikasi ga,1,-2,negative
captcha foolish,1,0,neutral
ttsamson,2,0,neutral
belajar saham,5,3,positive
search engine not work properly in job tab the result doesn not match with keyword update home tab expire,1,0,neutral
p,5,0,neutral
edit intro ga simpan kesalahpahaman mulu,1,-1,negative
b registrasi sampe email aja ga masukdi capchanya sulitsangat friendly user,1,1,positive
verifikasi sumpah susah banget hewan gak leher suruh milih menghadap keatas udah gitu dibalik,4,-6,negative
great place to share anything about people development,5,3,positive
linkedln,4,0,neutral
aplikasi oke menghubungkan recruiter dgn job seeker,5,-2,negative
interest,4,0,neutral
memudah mencari wawasan,5,-3,negative
terhubung resources,5,0,neutral
be the best give invormations,5,0,neutral
susah banget verifikasi nya pernyataannya nya ga make sense tolong dikembangkan aplikasi nya,2,-3,negative
terimah kasih informasih,5,2,positive
postingan,5,0,neutral
mudah temukan tujuan terdukung penuh berhasil memuaskan penuh keberuntingan,5,12,positive
,4,0,neutral
download jelek membantu,1,-1,negative
bagus bermanfaat,5,7,positive
gabisa masuk apk verifikasi berulang,1,-3,negative
good for bahasa,5,1,positive
melamar arahkan situs web disuruh akun klo udh klik lamar langsung kekirim ya tp digiring situs web merepotkan,4,5,positive
mommmmmmomomom,5,0,neutral
ribet verifikasi login nya,1,-4,negative
aktif ever,5,2,positive
hilang uang k gara kaga pemberitahuan update premium berkelanjutan saldo lenyap konfirmasi,1,-2,negative
verifikasi nya gimana nggak,1,1,positive
ok cakep,5,9,positive
update apikasinya cepat tgl desember update tgl desember sdhminta update,1,3,positive
menarik tampilan ui nya moga fitur penunjang,4,9,positive
bģpx,2,0,neutral
my god what the f be that choose image that point up verification it basically all be same image how i suppose to log in to my account with this app can you just make a normal emailphonequestion verification,1,-3,negative
memiliki akun memiliki koneksi tibatiba akun linkedin alasan otomatisasi pengikut kecewa keputusan linkedin sesuai prosedur,1,5,positive
fkanwik,5,0,neutral
verif,1,0,neutral
media ter update efektif bursa karir,5,5,positive
up,5,0,neutral
membantu membantu pencari kerja,5,10,positive
bermanfaat bag,5,5,positive
terimakasih linkedln,5,5,positive
,1,0,neutral
update,3,0,neutral
akun batasi gk ngapain,1,0,neutral
coba semogah bermanfaat,5,7,positive
verfikasi ratusan kali ttp gak diulang ulangverifikasi dgn bodohtunjukan gambar yg menghadap yg bener sya klik gambar bnr diulangi nya sya coba klik gambar yg salah gak,1,7,positive
ribet skip udah kaya aplikasi jadul,1,-9,negative
aplikasinya bagus,5,2,positive
membantu mencari pekerjaan kapal,5,1,positive
good apk,4,5,positive
aplikasi terburuk gk profesional akun akun pialang aman akun gk salah diblokir parah sumpah sampah diapk email diblokir permanen komplain resmi disertai bukti menginformasikan salah kandidat dilinkedin mengunakan pengalaman palsu eh akun yg dblokir linkedin gk transparan ya parah dah mudah mudahan linkedin kedepak dr playstore,1,-13,negative
aplikasi ajang pencapaian hidup,4,-5,negative
rada ribet,1,-4,negative
terima kasih,5,4,positive
coba bagus sy kasih pull,4,6,positive
mengecewakan,1,-3,negative
gg gebyf,5,0,neutral
loker palsu pialang dll bahaya kadang pakai linkedin akun link orang gk utk menjelekan,1,-5,negative
rd rdand the end of my drr tre earth and i id the same thing e tf r eye rt,5,0,neutral
siiiip,5,0,neutral
oimifub io,1,0,neutral
sy membutuhkan alat pertanian membatu teman yg kesulitan mengolah tanah percetakan sawah pakei buruh mahal trimakasih likedin,5,2,positive
,5,0,neutral
very good app about work better if any people post not relate about work please ban,5,4,positive
serius nanya app sprti ya mnggunaknnya,3,-2,negative
cermat,5,0,neutral
membantu manfaat,4,9,positive
updatetan tolong donk udah terintegrasi perusahaan gampang daftarnya nggak suka kali ngelamar masuk web registrasi bagus keterima kagak habis diteror web notif lamaran numpuk gmail oh ya tolong donk nggak notif gmail terganggu,1,18,positive
chenes chef,5,0,neutral
knpa gabisa download ni aplikasi,1,-4,negative
force close device xiaomi mi t,5,-2,negative
suka aplikasi linkedin memiliki manfaat membangun relasi,4,7,positive
aplikasi ga daptar bergabung aja dipersulit mendi dihapus play store,1,-7,negative
aplikasi bagus mencari lowongan kerja refernce,5,-3,negative
tes,2,0,neutral
it be good to build a good connection with profesional person,5,10,positive
opsional,5,0,neutral
i k i,2,0,neutral
verifikasi berkali,1,0,neutral
edyu,2,0,neutral
very helpful in social media,4,0,neutral
linkedin bagus,5,2,positive
muter diverifikasi nomer,1,0,neutral
login nya bikin pusing kepala kode keamanan cepat yg ga masuk akal login aja susah,1,-9,negative
,5,0,neutral
login aja verifikasinya susah banget hadeh,1,-5,negative
bagus top bgt,5,7,positive
mencoba,5,0,neutral
membantu info loker,5,1,positive
useful,5,0,neutral
why i can not post for more picture wheres the carousel feature,2,-2,negative
login susah pake peringatan manusia ente binatang pake teka teki cari binatang madep koplok,1,-3,negative
gasssssss,5,0,neutral
aplikasi gak buka keterangannya kesalahan jaringan aneh banget,1,2,positive
x bikin akun kena blokir,1,-6,negative
oke bagus,1,4,positive
ok,5,4,positive
apl bagus membantu berinteraksi luas amaze terbaik cuci service sofa surabaya sidorajo gresik pole lantai cuci gordyn,5,14,positive
bagus nya keren,5,2,positive
akun diblokir alasan kebanyakan kirim permintaan koneksi pake manual pake alat otomasi apapun bikin ga akses pas udh daftar ya ribet,1,12,positive
gimana min ga login,1,0,neutral
nya yaa not simple and complicate not human friendly too many question more optional may helpfull,3,3,positive
bagus cermat,5,2,positive
,3,0,neutral
linkedinamplikasi pasang bering ret bintang,5,4,positive
verifikasi nya gajelas,1,0,neutral
bolak mulu,1,2,positive
parah perusahaan,1,-2,negative
berkenalan dg tingkat direksi perusahaan mengenal perusahaan sejenis usaha ber interaksi posisi jabatan u diskudi,5,6,positive
baguslah pokoknya,5,-3,negative
susah bgt login verifikasi sesuai arahan log in,1,-3,negative
coba,3,2,positive
goof,5,0,neutral
x akun sy dibatasi yg aktif yg kali sy ikuti lg aturan nya verifikasi ktp tp msh blm aktif salah sy dmn,5,0,neutral
new job notifucation more than month info new opset,1,-3,negative
terimakasih,4,5,positive
bintang keren,5,0,neutral
aplikasi membantu terkoneksi orang menemukan info loker,5,2,positive
pakai linkedln premium gratis sebulan ga pemberitahuan ee dana terpotong account nya pemberitahuan email membeli linkedln premium parah hati,1,2,positive
moga aja apk nya bermanfaat ya,5,11,positive
mengirim pemeberitahuan loker email pas coba cocok,1,9,positive
good for communication,5,5,positive
e seseaßetqws,3,0,neutral
good app to all employee and company to get connect,5,5,positive
membantu orangorang mencari kerja,5,3,positive
coba,4,2,positive
aplikasi download buru,1,-3,negative
aplikasi membantu koneksi pekerjaan bisnis,5,8,positive
bermanfaat sukses linkedln,5,8,positive
aq cari pekerjaan suruh bayar perbulan,1,-1,negative
aja bintangnya,3,1,positive
membantu,5,4,positive
d tutup akun,1,-2,negative
rekan seniman lukis negara berbagi kultur tradisi budaya berbagi info seputar seni rupa,5,11,positive
bagus buanget,5,2,positive
terimakasih tweter masuk,4,2,positive
gajelas aplikasinya keamanan ga masukk yg install dri pda marah mend,1,-5,negative
aplikasi taik login pake verifikasi itupun salah,1,-13,negative
oke,3,2,positive
cepat cv terbaru dibandingkan log in website aplikasi,1,3,positive
ml,2,0,neutral
okdh,4,0,neutral
apk gak mendingan hapus apps storeplaystore sampah kek gini,1,-10,negative
terimakasihlinkedln,5,0,neutral
semoga dapet job,5,2,positive
menambah jaringan,5,6,positive
perusahaan php lamar kerja diliat doang dibiarin ndak reliable cari kerja projekan min tindak perusahaan cuman post lamar kerja gak hire,1,3,positive
mintak yg hilang tutup hp layar yg segi anny buka tutup layar mohon tolong ya terimakasi bantunya,5,7,positive
masuk update ulang aplikasi pindah destop menu handphone,1,-6,negative
experience the best of teacher,5,0,neutral
membantu informasinya,2,6,positive
aplikasi bagus,5,-2,negative
,2,0,neutral
verifikasi login nya gak diganti yg login susahnya mampus gk berhasil,1,-5,negative
membantu memasukkan pengalaman ya linkedin temanteman mohon bantuannya,5,12,positive
,5,0,neutral
okay,5,4,positive
uang masuk dr odeo tekhnologi pinjam uang atw apapun jd jgn kirim uang,1,-1,negative
akun disiruh verifikasi data disuruh upload ngga login,1,-7,negative
bintang sy blm mencoba unplod aplikasinya,2,0,neutral
bermanfaat bertemu rekan rekan seprofesi,5,15,positive
recomend eh pas make verifikasi sulit plus load lemot ga worth pake ni apk,1,0,neutral
tes,3,0,neutral
lelet lemot,1,-5,negative
semoga jobseeker kesempatan skill diperusahaan,5,0,neutral
apk error gak login,1,-5,negative
masuk akun aja susah kali,1,-5,negative
bohong,1,-5,negative
disuruh mengisi langkah keamanan selesai diisi langkah keamanan muter ccd,1,10,positive
registrasinya main,1,2,positive
saran aplikasi linkedin pemilik amerika serikat indonesia maaf mendukung penggunaan media cocok terima kasih,1,12,positive
duluh tinggl asmat papua sy menagis mama bapa kampung puji tuhan mama sayang sy anak kandung,1,18,positive
best app,5,0,neutral
haiii pengguna lamaran beeikan panggilan rekan yg mndapat pekerjaan aplikasi kalo shering sedng butuh kerjaan terimakasi,3,1,positive
josssss,5,0,neutral
m,1,0,neutral
masuk update gak update gak masuk,1,-6,negative
,5,0,neutral
daftar ngga nomor hp udh tulis dikirim kode keisi diulang nomor hp ngga ketiga pas tebak gambar no viled trus si gmna blm dftr tpi nomor udh susah kya dibaned,3,1,positive
okr,5,0,neutral
human right be important or notyou know until noi in they controli still in gobal a prisoner in jailpekanbaru jailriauindonesiai be john yok choy what can i do ask for help another country not one country will help meask for sos they sameis this world not ones of country say somethink to this two countryyou think fosce me can make me to stoptolet the world know whats be happen in this indonesiais how painful and unfair to methey take my parvate personal human right,5,5,positive
aplikasinya bagus siip,5,2,positive
super bintang dah,5,0,neutral
good the aplikasi,5,1,positive
login sesuai perintah verifikasi berujung login,1,3,positive
mempermainkan orang kali mencoba daftar verifikasi lihat keatas sd ok masuk salah coba kali kau makan aplikasi kau sakit aja hati orang kau,1,-2,negative
pikir lowongan kerja sales yayasan ribet ya,1,3,positive
keren banget,5,1,positive
semoga bermanfaat,5,5,positive
tolong bantu kerja samanya,5,8,positive
oke,3,2,positive
verifikasinya aneh banget udh ambil menghadap aja salah,1,-3,negative
no educatio,1,0,neutral
mantul pisan,5,0,neutral
sulit dapatkan lowongan kerja tamatan sma,1,4,positive
aplikasi bagus bermanfaat pekerja student,5,6,positive
berharap usia sdh senja,5,4,positive
yaasss,5,0,neutral
propesi digitalisasi masuk zamannya karir bertambah bukannn digantikan robot karna bisnis propesi hadir ahli bidang level pendidikan masuk kepentingan,5,-1,negative
mantap,4,5,positive
langganan premium mahal kirim permintaan koneksi dibatasi rugii boss,1,11,positive
ribet banget ya giliran pencet lamaran perusahaan nya,1,5,positive
langganan mahal cuk jt,1,5,positive
okgood,5,0,neutral
login aja g,1,1,positive
masuk verifikasi sulit salah log in mohon solusinya kak,2,-2,negative
membantu proses mencari pekerjaan,5,5,positive
aplikasi asu masuk aja susah bngt,1,-9,negative
akun logout login linkedin please back my account,1,-3,negative
very helpfull for job seeker,5,0,neutral
gk linkedin udah berkalikali akun blokir,1,-3,negative
apk gk bolak mlu gak msuk msuk gak rido download gak bkin apk,1,0,neutral
obzakdm l okk,5,0,neutral
birokrasi pemerintahan,5,0,neutral
mantaapp,5,0,neutral
daftar persulit,1,1,positive
bagus utk yg semngt utk mncri pekerjaan,5,5,positive
vervikasinya tolong benarkan salah,1,-1,negative
ikaln,1,0,neutral
waw suka apk,1,3,positive
keren akun profesionalitas,5,0,neutral
kayak daftar nya,5,-2,negative
tu uduu t uu fc ht uji i uu uuuuh u uu uuu i u tu,3,1,positive
hi,5,1,positive
gak login login susah bgt verifikasi gagal datanya,1,-7,negative
berharap membantu,3,8,positive
you,5,0,neutral
i bv,3,0,neutral
aplikasi khusus pendidikan d up lulusan smksma nangis install apk,1,-9,negative
sue lamarnya susah daftar kemana berbauar ribu,1,-2,negative
search terbatas kecuali premium,1,5,positive
aplikasi dunia cari pekerjaan,5,-3,negative
daftar tp verifikasi mulu abis verifikasi notelp trus verifikasi nyari kerjanya klo ngurusin gambar menghadap mulu heiiiiii,1,8,positive
nice,5,4,positive
masuk aja susahharus tebak tebak n kayak bocah sd aja gambar nya gak,1,4,positive
panggilan linkedin,5,0,neutral
terima kasih linkedin,5,4,positive
keren membantu,5,4,positive
oi masuk akunt gw gmna rei adit sh qwp gilaaa,1,-3,negative
ribet sesimpel,1,-4,negative
nice and useful apslove it,5,4,positive
cepat info terima,5,2,positive
terimakasih,3,5,positive
coba tp hoax sy hapus,2,-6,negative
pengurus lansia,4,3,positive
membantu mencari pekerjaan sesuai dgn pengalaman kerja,5,11,positive
wajah eeeeeeeee,2,0,neutral
masuknya sulit disuruh tebak gambar robot,1,3,positive
aplikasi yg mudah nambah pengetahuan relasi kawan wawasan butuh loker,5,2,positive
alhamdulillah mudahken jalannya terserah alloh swt deh,5,2,positive
apk niih aseeem gagal log in kirim kode keamanan x,1,-5,negative
masuk verifikasi okelah kandemi keamanan beres verif ko log in log in verif aja ngulang disitu ga masuk masuk,1,-8,negative
aplikasi terbaik dibidang ya bermanfaat aneka bidang ilmu lapangan kerja,5,22,positive
ok,4,4,positive
kocak robot kaga inimah milih gambar kodok menghadap keatas udh klik ttp kga mao menghadap kmana kah,1,-4,negative
sassooiaßlxalmalalalaekikķß⅔⅔ video,4,0,neutral
nyari kerja d persulit blk pendaftaran k apk,1,3,positive
oke,5,2,positive
mencari info loker,5,-6,negative
sulit masuk login,3,-3,negative
lupa makan,4,2,positive
cari lowongan kerja amerika serikat jaman suka warnet malam malam seminggu warnet,5,-2,negative
mm mm m j k k mm m kn k,5,0,neutral
,5,0,neutral
nyangkut,1,0,neutral
aplikasi gajelas registrasi ajaa ribet sms ga muncul mucul,1,-7,negative
ok ok,5,8,positive
,5,0,neutral
ribet masuknya,1,-4,negative
link in perbaiki informasi profil preferensi industri diganti rumah produksi tetep aja bertuliskan merah mohon diisi gitu,2,15,positive
membantu dlm berkomunikasi,4,4,positive
bintang upgrade menyusul mencoba apk upgrade info ketersediaan lowongan kerja ditawarkan thank,2,3,positive
alhamdulillah bagus,5,7,positive
kasi bintang dlu,3,-3,negative
up to date inovatif,5,0,neutral
bg bgt ya w y harigbhb,2,4,positive
wis okeh,5,0,neutral
akun bikin bolak menu pendaftaran,3,3,positive
min astaga gue verifikasi tebak gambar hewan ngadep ya gue tau jir gambar aja gajelas burem warnanya bikin blur kepotong makan banget loh,1,6,positive
eesses ez,2,0,neutral
aplikasi job seeker palinh fav karna uiux nya enak dipandang mudah dipahami,4,10,positive
linkedin yess,5,0,neutral
三一一 一 v j v j ccxxxxxxnwahb bewbqb一一一一一s我,4,0,neutral
gandeng karna buta mata otak filosofi,5,-2,negative
membantu pencari kerja negeri negeri,5,6,positive
senang aplikasi linkedin kenalan bertemu teman teman profesi karirdan saran ajakalau bisajika postingan politik dlldiluar fungsi linkedinjangan postingterima kasih,5,6,positive
mendaftar apk ni bolak pendaftarannya masukin email nomor telfon nama verifikasi telfon stlh lanjutkan ulangi daftar isi nomor telfon nmor yg verifikasi dpt dipakai nomor nmor yg coba bolak kecewa,1,6,positive
aplikasi profesional inspirasi kemajuan khalayak sukses salam hormat,5,-4,negative
t r,3,0,neutral
yayyaay,5,0,neutral
properti tanah jateng,5,0,neutral
aplikasi yg bermanfaat,5,1,positive
verifikasi log in nya ribet manusia ga make sense,1,-1,negative
susah banget sih verifikasi nya bikin emosi aja auto uninstall,1,2,positive
bintang dulukalau apkikasi nya bagus full,3,2,positive
kga download stick mulu ulang ulang jga udh android pdhl,3,2,positive
ga edit deskripsinya dibenerin deskripsinya,3,0,neutral
ok semoga terbaik,5,9,positive
teruslah berinovasi,5,0,neutral
,5,0,neutral
apk anh suruh verifikasi gk lol bgt sih,1,-2,negative
aplikasi berguna,1,1,positive
app njancoooook babi,1,-4,negative
bagus aplikasi,5,-2,negative
mantep,5,0,neutral
akun ter log out ya,1,4,positive
login aja gabisa bilang manusia disuruh klik gambar menghadap keatas salah mulu app buta gabisa bedain,1,-1,negative
oky,5,0,neutral
great information,5,3,positive
good and experience,5,5,positive
good good,4,10,positive
sy kasih klu manteeep kasih lg,3,4,positive
resto cafe hotel bandung cook cdp sous chef chef,5,0,neutral
nyoba,4,0,neutral
b,3,0,neutral
cool,5,2,positive
hurt,3,0,neutral
niat cari job kerja pas masuk udah daftar deskripsikan gambar hewan gambar menghadap bermanfaat banget ribet udah x salah mulu emang banget pastiin kalo login manusia diperbaiki aplikasi bikin ribet orang aja permudah penggunanya gimana si heran,1,5,positive
,5,0,neutral
apps bagus langsung kasih bintang dah,5,4,positive
l,2,0,neutral
aplikasinya payah sekelas linkedln programmerrnya pro bikin sistem diaplikasinya error gak berfungsi diupdate aplikasi membantu daya aplikasinya gak diupdate errorr nya,1,-9,negative
aplikasi inidan membantu,5,0,neutral
semoga linkedin membawaku pekerjaan impianku,5,3,positive
trimhkasi udh mengaktifkan yg butuhkn,5,0,neutral
bagus jd mudah mencari lowongan kerjato,5,3,positive
tolong tinggkat min apk nya bugus,2,3,positive
never,2,0,neutral
here,4,0,neutral
good pencaker,5,5,positive
kali buka moga memenuhi harapan,4,1,positive
mencoba,3,0,neutral
semoga membantu,4,4,positive
susah masuknyakayak nyuri ajabintang ga layakkesal,1,-3,negative
ok,5,4,positive
maaf pelajari,3,2,positive
gewd,5,0,neutral
fiture membatalkan premium gak berfungsi aja menjenjebak konsumen membayar tagihan gimana sih linkedin parah,1,-5,negative
bagus melamar mudah,5,6,positive
sangatsangat membantu keren banget,5,5,positive
,2,0,neutral
membantu mencari pekerjaan,5,4,positive
bagus sayang ga loker post slta sedih liat kenyataan apk linkedin kudu s wae,5,2,positive
ampunsy udh bnr gk suka bgt kayak gini sampah udh masuk login bnr diulang,1,-7,negative
,1,0,neutral
nyusahin anying,1,0,neutral
aplikasi iklan nya gua malas download,1,-11,negative
aplikasi nya bagus sy kendala utk update admin bantu terimakasih,5,6,positive
linkedin be not for profesionalism platform because many people especialy indonesia update something status to goverment harassment and i think linkedin let in happen,1,0,neutral
linkedln mantap lha,3,5,positive
samagt bagus,5,2,positive
keren membantu menolong jobless,3,8,positive
thank likedln,5,4,positive
suka aplikasinya jarang buka,5,6,positive
tolong keamanan verifikasi nya eror susah masuk,1,-7,negative
mntap,3,0,neutral
tolong nyampah email terimakasih,3,4,positive
masuk login aja ribet pake gambar gajelas permudah ngapa,1,-4,negative
gatau gimana berlangganan premium linkedin,5,3,positive
melengkapi profil gangguan gak tolong perbaiki donk,1,6,positive
smoga kerjaan yg berusaha dn berdoa,5,9,positive
bina rumah sambung rumah dapur pagar ikat batu mengecat rumah pasang ciling double top kitchen bungbung leak pasang tile pasang pintu,5,30,positive
jasa pengiriman cargo,5,-1,negative
bonus kuota bonus kuota,5,4,positive
maaf kasih dlu,3,4,positive
aplikasi dowloam laptopkah,3,-4,negative
kasih bintang menginspirasi,5,2,positive
verivikasi gambarnya gitu,1,0,neutral
i do not know what happen with this owner linkedln be ban my account from the website but thank,1,4,positive
aplikasi akses google,1,-2,negative
force close september,3,-2,negative
good app,4,5,positive
laaawo,1,0,neutral
gak nyangka daftar linkedin data bocor wkwkwkwk banget chat whatsapp yg coba penipuan wa gw,1,-3,negative
aplikasi bagus manfaat nya mencari kerja membangun network membangun,5,2,positive
temen,5,0,neutral
salam dfm,5,0,neutral
ni knpa updategmbarny putih pdahl jringn bgusknpa y,3,-4,negative
log in verifikasi nomoe teros,1,0,neutral
ftcrgt ya gak g,4,4,positive
blm dpt kerja dr linkled jd kasi bintang,2,-1,negative
kasih kalo membantu ku bintang,4,6,positive
membantu bermanfaat,5,9,positive
pembaharuan profil gak,1,0,neutral
heran gabisa diakses kalo blm update,1,4,positive
semangat,4,4,positive
search by post,1,0,neutral
seaching berdasarkan postingan ga ya,3,0,neutral
gak search post eror algoritma nya rusak,1,-1,negative
pencarian tuju liat postingan gabisa,1,5,positive
oke ditingkatkan lgi sistem pencarian nya thank,5,2,positive
,5,0,neutral
recruiter,5,0,neutral
jabal boma,5,0,neutral
tata usaha smp umkm,5,4,positive
verifikasi keamanan cepatnya susah suruh nyari menghadap,1,-7,negative
menyimpan keterangan jenis bidang perusahaan sesuai yg,2,6,positive
membutuhkan pekerjaan lulusan sma mencari pekerjaan dimanapun membaca lokernya yg dibutuhkan d s udahlah terimakasih linkedin,5,12,positive
aplikasi nya udh ok tpi tolong min oknum penipuan ko sampe lolos gitu kena tipu loh,2,-4,negative
bismillahirrahmanirrahim kunfajakun amin ya robbal alamin,5,7,positive
tñm w,2,0,neutral
jelek jngn donlod boros kuota,1,-12,negative
login tebak gambar ya email password sesuai,1,12,positive
verifikasi gajelas su,1,0,neutral
very need,5,0,neutral
mantap,5,5,positive
aplikasi membantu,5,0,neutral
klo bintang kasih minus bintang,1,-1,negative
mantab,5,0,neutral
mohon perbaiki,2,2,positive
foto profil diunggah,5,3,positive
so far so good,5,5,positive
verry good,5,5,positive
ga pakai gmn hapusnya,1,0,neutral
bagus,5,2,positive
belajar,4,3,positive
membantu terima kasih link in,5,8,positive
gak daftar login,1,1,positive
tolong update berdasarkan lokasi diperbaiki filter cari berdasarkanokasi kemana,3,-4,negative
good aplikai,4,5,positive
nelareza,5,0,neutral
login aja ribet banget,1,-2,negative
verifikasi nya bikin emosi udah klik sampe kali nyoba msh gak terverifikasi gue robot aplikasi sok emang org butuh banget sampe verifikasi kayak gitu mend hapus nih aplikasi kayak org butuh aja,1,-22,negative
cfddllele ff lollvfgolo,5,0,neutral
k,5,0,neutral
mudah cepat membantu terima kasih linkedin ok be the best,5,19,positive
mudah mudahan terhubungnya linkedin teman,5,5,positive
fotonya disebarluaskan hak izin ya,1,0,neutral
mengesankan,5,4,positive
melamar ribet alihkan website,2,-4,negative
semoga aplikasinya,5,0,neutral
profil gak diperbarui kirim email gak balesan,1,2,positive
mw update ga disuruh coba terusan,2,0,neutral
linkedin aplikasi membantu memudahkan mencari pekerjaan alhamdulilah kali dapet pekerjaan karna informasi linkedin,5,13,positive
loker nya mulu ga berubah ga dipanggil,1,1,positive
blm yg pas,5,3,positive
indonedia,4,0,neutral
menguntungkan,5,4,positive
dihargai,5,0,neutral
iyq,5,0,neutral
manfaat nya bagus terimakasih,5,12,positive
bintang aja karna postinganya,3,1,positive
mengecewakan,5,-3,negative
an exceptional network platform,5,0,neutral
please melamar yg kirim panggilan kerja orang itupun panggilan gedung perusahaan ruko gerangan mohon evaluasi rekruitmen nakal,3,1,positive
min gak tutup akun ya,1,2,positive
mechanical electrical pip plumb pipe hydrant structure,5,0,neutral
,4,0,neutral
jaringan koneksi userbos relasi terbuka terbantulinkedin aplikasi digital pemersatu manusia modern,5,13,positive
tolong linkedin berwenang saldo dana terpotong pembayaran google linkedin otomatis pin melakukannya pembayaran apapun uang,1,9,positive
bagusnya coba,4,2,positive
log in aja ribet bgt,1,-3,negative
jj tipis,5,0,neutral
info lokernya,4,-3,negative
coba yg tau bermanfaat tugas,5,2,positive
em bb nyata nyatnyata nnnn nyataih kak request ya oee r iii,3,8,positive
apk udah masukin kode verikasi lwt telpon aja g,1,-2,negative
taknks,5,0,neutral
lagu all o l ok loooo omk ooo ll lool ooom k mmm o mm ooo oloo ooom ooo ko o o o lop l l ol oolooomlllooomok koplo oo llp looklopoo o koo o o oo,3,3,positive
membantu informasi nya,5,6,positive
semoga dpt perkerjaan,5,0,neutral
awesome app,5,0,neutral
sip keren,5,0,neutral
alsixll,4,0,neutral
ldiperkosa,1,0,neutral
gak login aja susah jaringan bagus tes gak,1,3,positive
trima kasih,5,3,positive
jarang buka,3,3,positive
sipil kontruksi,5,0,neutral
bintang dapet kerja,1,4,positive
gas,5,-4,negative
bagus,4,2,positive
pake prenium suruh uji coba gratis bayar duluan namanya ujicoba gratis uji coba bayar bayarnya rb gak papa rb pulak hadeh manipulasi bahasa nya lo,1,6,positive
ok sip,5,4,positive
diperbaiki,5,0,neutral
komunitas sosial profesional,1,6,positive
ashu kagak lihat lamaran gua,1,-3,negative
kerja,5,2,positive
membantu,4,4,positive
verifikasi nya kek,5,0,neutral
nice helpful app,5,4,positive
masuk aplikasi ndak note email,5,-10,negative
ya min perbarui profil edit yg udah simpan edit disimpan hilang aktivitas deskripsi nya menggugah dokumen logo kampus universitas jember ngga,1,-2,negative
makasih,5,4,positive
mntap,5,0,neutral
im happy with join link,5,6,positive
good,5,5,positive
uninstal,1,0,neutral
great place for build connect and personal brand,5,3,positive
saszaeass,5,0,neutral
,5,0,neutral
daftar aneh memasukkan kode dikirim link in bintang aplikasi,1,0,neutral
ngelamar kerja masuk aplikasi kayak gitu mend nggak download aplikasi aja,2,-10,negative
informatif,4,0,neutral
aplikasi diinstall perangkat android,1,-4,negative
bagus mencari kerja,5,1,positive
daftarnya ribet,1,-4,negative
waowwwwww,5,0,neutral
memudahkan mencari pekerjaan mecari teman profesi,5,3,positive
so far so good,4,5,positive
aplikasi bagus insight relasi,5,1,positive
menemukan fitur mengirim file pesandm,1,2,positive
ngasih captcha gausah ribet mao masuk aja gagal,1,-11,negative
good,4,5,positive
top,5,5,positive
ya ok in,3,8,positive
wow,4,0,neutral
ot sd,1,0,neutral
ya to,2,4,positive
be yg mantapannn,5,0,neutral
aplikasinya error ya,2,-1,negative
mudah opsinya,5,4,positive
good performance,5,5,positive
oll mnm vv bbuk iku ul,3,0,neutral
informasi pekerjaan terhubung rekan kerja calon rekan kerja sebatas mengenal aplikasinya membantu,5,22,positive
good aftermon,5,5,positive
tldak akanlagl mencetak struk,5,-5,negative
baguuus,5,0,neutral
semoga jalan,4,0,neutral
ribetga da lowongan kerja yg aceh selatan,1,2,positive
mantap,5,5,positive
market agent to century bandung,5,-1,negative
ok joss,4,4,positive
,5,0,neutral
bagus,5,2,positive
juos,5,0,neutral
susah banget masuk aja susahnya ampun verifikasinya,1,-6,negative
bagus aplikasinya info lowongan kerja,4,1,positive
emboh,4,0,neutral
sip dlu,4,0,neutral
terima,4,2,positive
good app membantu,5,9,positive
inovator,5,0,neutral
help me for career share career webinar reference network and job vacancy,5,2,positive
bergabung dgn linkedin masuk email pribadi langsung muncul diprofil diperusahaan tahap proses recruitment mohon penjelasan terkait menerima konfirmasi diterima menunggu proses recruitment tahap selanjutanya,5,6,positive
ko susah si udah masuk akun,5,-6,negative
pakaimelamar nggak tembus respon kendala lamaran tolong tanggapan lamaran kirim perusahaan,1,17,positive
sungguh mantap aplikasi nya,5,5,positive
helpfull,5,0,neutral
kwren,5,0,neutral
good bisniss,4,5,positive
aplikasi mantap,5,1,positive
platform bagus profesionals,5,2,positive
jos,4,0,neutral
pengemudi,5,0,neutral
ribet login nya pake tekateki udh gitu salah mulu gambar nya aja kaga juntrungannya,1,-3,negative
nice,5,4,positive
aplikasi tholol verivikasi login sampe x nggak masuk,1,-6,negative
verry good,5,5,positive
aplikasi gk jelasssss verifikasi keamanan gk ngulang x tetep gk cocok,1,0,neutral
bagus ukt info pekerjaan,5,2,positive
too much ask for ubdate,1,0,neutral
fantastic,5,0,neutral
good n smooth,5,5,positive
kali masuk bisapadahal email password verifikasi manusiapadahal email password benarhuffffftttt,1,-3,negative
hse profesional,5,0,neutral
bagus la,2,2,positive
lumayan bagus sih,4,3,positive
menambah relasi,4,6,positive
piye yo verifikasi gagal dikon mileh gambar kewan madep duwur gambare duduhno silit pilih teliti ora ngefek opo mneh ngacak bolak balek tetep gagal lha x x megelno jempolan tangan gaweo sak karepmu sehat,2,-5,negative
akunpun ribet,2,-4,negative
pertemannan,5,0,neutral
membantu mencari pekerjaan mencari kepastian forum forum kejelesanya masi ragukan,4,5,positive
linkedin good aplikasiontl like itsucses always,5,5,positive
wawasan ilmu pengetahuan bidang industri,4,8,positive
keren banget business owner,5,1,positive
gk genah masuk apk aja verifnya susah bner klo gambar oke suruh salah aja ulang lgi hahaha apk jembootte ga,1,-4,negative
oke banget,4,3,positive
bermanfaat pencari kerja,5,7,positive
lupa pasword login ulang verifikasi gambar gagal,3,-1,negative
very good in look for business relations,5,5,positive
the best of best,5,0,neutral
oo ya,1,4,positive
bagus link pekerjaan,5,5,positive
keren banget,5,1,positive
pekerjaan software engineer full remote wfh mantap,5,8,positive
orang sukses,5,3,positive
verifikasi nomor aja susah,1,-2,negative
nagus,3,0,neutral
mohon diperbaikisudah verifikasi verifikasi menurus selesainya nih dikasih,1,4,positive
aplikasi memudahkan mencari magang berguna,5,1,positive
membantu perkembangan dunia n teman negara,5,7,positive
what what see sssugjr,5,0,neutral
verivikasi brapa x gk bisaa gk bresss,1,0,neutral
butuh uang,5,-5,negative
luarr biasaa,5,0,neutral
hèee,5,0,neutral
aplikasinya sih masuk mesti tebaktebak gambar,1,-4,negative
semoga linkedin jalan pekerjaan,5,3,positive
aplikasi sarana mencari cari peluang kerja harapkan,5,-8,negative
lumayan wawasan dunia tetangga,3,2,positive
very good,5,5,positive
dp kolextor,5,0,neutral
,5,0,neutral
mantap nambah relasi,5,8,positive
membantu banget pencari kerja,4,7,positive
dubhe corp,5,0,neutral
busuk akun direstricted gak,1,-5,negative
sulit mencari lowongan kerja mencari usia,1,-4,negative
thank linkedln,5,4,positive
aplikasi membantu pejuang pencari kerja bagus,5,4,positive
ya suka aplikasi,5,3,positive
fleksibilitas dashboard menarik,5,4,positive
bagus membantu peluang berkarir,2,6,positive
bagusisinya orang smart,5,0,neutral
tolong ya kak linkedln ku gak dibuka mohon bantuannya,5,9,positive
good,5,5,positive
media sosial positif bagus informasi karir,5,12,positive
bermanfaat nama alamat perusahaan start up terimakasih,5,13,positive
kalo dah dapet kerja kasih sempurna,3,6,positive
apikasinya berjaringan,5,0,neutral
good apllication,5,5,positive
nyoba,4,0,neutral
keep up the good work,5,5,positive
aplikasi membangun berguna,5,1,positive
susah bgt update nya,1,-3,negative
tombol back hp tampilan halaman sblmnya mohon diperbaiki input jenis pekerjaan filternya,3,6,positive
update,4,0,neutral
no market semen padang wilayah bantenterimakasih,5,0,neutral
link in be you safe for member why my linkin app appear not my account,1,-2,negative
membantu mencari teman pekerjaan,5,4,positive
aplikasi terbaik membuka berfikir memperbanyak sahabat saudara,5,5,positive
sanagat membantu pekerja,5,7,positive
buka smoga membantu,5,7,positive
wro,5,0,neutral
deep,5,0,neutral
buka komentar lihat profil akun,3,6,positive
nyesel banget dowload app susah verivikasi nya slalu salah trus ketipu,1,-11,negative
berbagi informasi,5,4,positive
gakbisa daftar sekian maksih langsung gua uninstall,1,1,positive
ribet nyari kerjaannya masuk link link,1,-9,negative
membantu nambah relasi,5,7,positive
info thank,5,1,positive
,3,0,neutral
operasional director,5,0,neutral
coba bagussayatambahin,3,2,positive
semangat dg aplikasi mbantu support,5,4,positive
pendatang mudah amplikasi membantu,3,8,positive
i io,5,0,neutral
rejeki,5,4,positive
bisnis,5,3,positive
thank,5,4,positive
terbiasa mega channel parabola visaid,5,3,positive
tap,5,0,neutral
,3,0,neutral
terarah teman berbedabeda,5,0,neutral
mudah komunikasi,5,6,positive
terimakasih linkedin kesempatan pekerjaan orang linkedin seru gapernah kecewa aplikasi pemakaian jd aplikasi yg buka schroll harinya,5,5,positive
pusing kambingnya,1,-4,negative
bagus kebutuhan orang,5,6,positive
puas keren sih membantu banget update informasi pengetahuan,5,14,positive
terimakasih,4,5,positive
semoga jalan,5,0,neutral
jossss,5,0,neutral
kalo gak nebak gambar gak bacaasal nyerocos aja nob,5,3,positive
nice to meet and connect with our friends and other,5,7,positive
membutuhkan pekerjaan daerah banyuwangi link membantu cari pekerjaan,5,7,positive
oke bagus menyimpan cv yg berguna,5,9,positive
membantu cari loker depanya,4,1,positive
knp mm n n kmna m,3,0,neutral
bermanfaat menambah wawasan,5,8,positive
lengkap mudah,5,6,positive
cari kerjaan favorit,5,-1,negative
no good,2,5,positive
incredible bussiness application,5,0,neutral
aplikasi si ko dowload mulu pdhl dah batalin,3,-5,negative
bantu ovo ya kak uda capay carik makan sampay hinak orang sabar mecarik makan anak ku kak,5,6,positive
baikin verifikasinya login akun aja ribet bannget,1,-3,negative
crazy app why be the verification so difficult and keep repeat even though its true but be tell to keep on verify stupid application better move to the jobstreet application if this be the case,1,0,neutral
aplikasi membantu pencari kerja indonesia,5,2,positive
relasi bisnis channel pekerjaan terbuka pertahankan kualitas,5,17,positive
membantu meningkatkan relasi forum dikusi,5,9,positive
a very good network to find and establish relationships with new relationships,5,5,positive
jancox,1,0,neutral
wushang,5,0,neutral
aplikasi bagus pekerja menjalin relasi pekerjaan,4,7,positive
link memuas,5,0,neutral
applikasi rusaak udah coba bikin akun slalu aja perbaiki laah,1,3,positive
susah bgt vertifikasi nya,1,-3,negative
aplikasi ok,5,0,neutral
ribet masuk nyhrs ulang,1,-7,negative
cis,3,0,neutral
percobaan,5,0,neutral
halo dimana kontak team support mengganti nomor telepon nomor telepon mati terimakasih,4,17,positive
mencoba insya allah bagus aamiin,5,9,positive
bantu ya,5,7,positive
branch manager ptmandala multifinance tbk,5,0,neutral
ok banget,4,5,positive
bonafit dipercaya,5,0,neutral
ratu adil imam mahdi dana raksa,5,14,positive
aplikasinya bagus membatu mencari pekerjaan relasi profesional tingkatkan layanannya,5,7,positive
oil,4,0,neutral
bagus banget bantu orang yg cari kerjaan,5,5,positive
tdk yg info lokernya cenderung facebook,1,-5,negative
sangt bagus,5,2,positive
update terbaru deeplinknya eror login eror,1,-4,negative
driver dump truk,4,0,neutral
nice appthanks,5,4,positive
very good,5,5,positive
now komen,4,0,neutral
exxelent aplication,5,0,neutral
stres nyelesaiin verifikasi keamanan nyari kerja kamfret,1,-4,negative
jembuot,5,0,neutral
membantu,5,4,positive
udah kali dapet panggilan kerja kali ga satupun yg asli hoax semuamasa iya tes pt yg berbeda tesnya samadi ruko lgitolong tingkatkan lgi biar loker penipu laporkankasian yg lulus yg pengalaman kena tipu,1,-2,negative
membantu pencari kerja,5,6,positive
ga masuk,2,-3,negative
verifikasi teka teki nyaa aneh dah aja salah ga,1,-2,negative
membanru,5,0,neutral
bagus aplikasi nya,5,-2,negative
aplikasi ribet mempermudah mempersulit,1,-11,negative
sit,1,0,neutral
upload foto profil background jam sinyal oke wifi oke but app nya,2,7,positive
aplikasi berguna pencari pekerjaan,5,4,positive
breakthrough app,5,0,neutral
linkedln membantu cari informasi linkdln perlukan linkedln siiiipppp,5,3,positive
apk gak,1,0,neutral
log innya aneh,1,4,positive
ga ngaruh dapet kerja udah pake dr jaman kuliah sampe penggunaan,1,4,positive
apk taiiiii udh bener verifikasinya terusan suruh verifikasi ga beres aja bikin apk tebak gambar gaush bikin apk kaya ginian niat hati nyari peluang dibikin pusing,1,5,positive
klau salah panggilan kerja apk kasi bintang,3,-5,negative
bermanfaat,5,5,positive
fungsi,3,0,neutral
kiano bi a p,2,0,neutral
gk masuk yah tulisan akun dibatasi udah verify identitas dihubungi hubungi please tolong cari kerja kuliah,1,-3,negative
great job,5,3,positive
pns konsultan bidang civil engineer,5,0,neutral
gy,3,0,neutral
membantu sekalimenambah jaringan pertemànan koneksi nya,4,9,positive
enjoyer,5,0,neutral
slamat malam linkedinmohon bantuannya mengganti nmr simcardtetapi kode verifikasi k nmr yg lamadan lupa password,5,-3,negative
cool,5,2,positive
freeze lag force close intinya jelek,1,-7,negative
hahaha,5,0,neutral
bagus pertemukan orangorang,5,2,positive
gagal teka teki gambar nya dimensi nya apk nya sih taikkkk banget,1,-1,negative
be good,5,5,positive
upload foto gagal mulu sih,1,1,positive
bneran ga sih lokernya panggilan tp ga pt nya,2,0,neutral
ay,2,0,neutral
ditingkatkan lgi,4,0,neutral
hidup simpel brooo ribet verifikasi aja ribet banget,3,-1,negative
membantu personal brand,5,4,positive
apitas,4,0,neutral
goody good,5,5,positive
ribeettttyou know ribet its confuse me to log in its to much verifikasi,3,-4,negative
nyaman,5,4,positive
ga verifikasi,1,0,neutral
tes,1,0,neutral
aplikasi kntl daftar ngak juh,1,-3,negative
ga tau deh ngomong,5,-4,negative
kl,4,0,neutral
aksesnya sulit verifikasi berulangulang,1,0,neutral
jempol,5,4,positive
membantu bermanfaat,5,9,positive
aplikasi bermanfaat professional,5,1,positive
gk,1,0,neutral
in,2,0,neutral
sih logindoang suruh pilih gambar arah mulu dipilih gak sesuai mulu login doang aja ribet bener,1,7,positive
verifikasi nomer slalu gagal gak bis masuk aja ya solusinya gimana,1,1,positive
membantu informasi lowongan pekerjaan,5,9,positive
semoga mmbantu,5,0,neutral
om join,5,1,positive
jarang akses,5,2,positive
cari kerja susah tolong susah maksudnya gmn si susah banget verifikasi disuruh pilih gambar menghadap keatas tp gagal,1,-13,negative
daftar udah susah sungguh buruk diperbaiki sistemnya y pdhl pakai wifi blank aja gk gerak load eror nunggu smpe gtu j uninstal j ni,1,-5,negative
gak isinya cuman orang pamer jabatan pamer kerjaan soksokan ngasih motivasi isinya sampah lo cuman budak kagak belagu dah,1,0,neutral
mencoba kasi bintang,2,-3,negative
gak lowker langsng lamar ya kdng hrus unduh aplikasi laink kayak glits jobstrest gtggt ribet,2,-7,negative
thank linkedin,5,4,positive
membantu mencari koneksi pekerjaan,5,6,positive
jossss,5,0,neutral
or,2,0,neutral
membantu,5,4,positive
liit n,3,0,neutral
dchitdbk,5,0,neutral
puas pelayanan terimakasih kak ditingkatkan ya kk puas usaha amanah,5,24,positive
aplikasi game bagus teman yg suka permainan btc bertaut unik mudah bermain kasih bintang sy tinggal tunggu pencairan dana proses mudah mudahan pengalaman hasil memuaskan,5,31,positive
mudah mudahan,5,5,positive
gak login,1,0,neutral
aplikasi mempermudah orang pekerjaan sesuai dinginkan,5,-1,negative
trim link,5,0,neutral
okkkkkk,5,0,neutral
universiity researcher profesional consultant in environment for north sulawesi government since environment impact assesment consultant waste water discharge assesment in several private company,5,0,neutral
link n jaringan yg bermanfaat,5,8,positive
membantu komunikasi bisnis pekerjaan,5,12,positive
can anyone tell me how to get verify by number i try couple time it didnt work respon kode nocaptcha valid diisi this be waste my time a lot,2,-4,negative
min berantas pt pt yg penipuan saring bener pt fiktif yg tertipu kasihan yg cari kerja tertipu,2,6,positive
gatau aja kali ya kalo pas tambahin media kolom pendidikan pengalaman gitu kaga upload kaya nya linkedin lemot banget aja kejadian upload media metode link gdrive gitu kaga bisabisa tolong bug kaya gini diperbaiki tampilan nya udah bagus lemot nya kalo upload media,5,9,positive
memuaskan,3,5,positive
ko gak masuk yaa bingung nih aplikasinya uninstall aja dah gak gunain nya daftar mulu gak masuk heran dah,1,-4,negative
permintaan pertemennan,5,0,neutral
liat,4,2,positive
info pekerjaan yank nggak pesan masuk disuruh interview pt pt nggak masuk lamaran pt penipuan apk,1,-2,negative
aplikasi simple verifikasi simple pokoknya serba simple,5,2,positive
membantu pra perjuang mencari kerja,5,3,positive
lowongan pekerjaan palsu penipuan,2,3,positive
meningkat intelegensia pengetahuan,5,4,positive
lnformatif,5,0,neutral
cobah,1,0,neutral
menarik,4,4,positive
want more new friends and share experience on social media,4,3,positive
sinyal g,5,0,neutral
aplikasi pencari kerja yg bagus,5,0,neutral
bagus menarik,5,6,positive
suka,5,3,positive
sulit menginstal link,3,0,neutral
very good apl,5,5,positive
mm mama k,4,4,positive
tolong linkedin perbaiki iya jaringan sinyal bagus kouta g login,1,8,positive
gentot istri tetangga china ketagihan,5,-3,negative
ok bnget,5,4,positive
manajer,5,0,neutral
ok pokoke,5,4,positive
up date mengosongkankan download yg down load,1,-3,negative
alhamdulillah thank about your information linkedn,5,9,positive
voba,5,0,neutral
perasaan ganti pasword tp sll gagal masuk aplg verifikasi berkali gagal gambar katak,1,-6,negative
bingung banget login ulang gimana nama pass salah udah diulang berkali pass,1,-3,negative
sippplahhhh,5,0,neutral
tq bravo,5,4,positive
elegan,5,4,positive
membantu mempermudah link mencari informasi penjuru dunia,5,-2,negative
semoga mudah cepat diperngerti,5,7,positive
akuntan pt bank danamon indonesia,5,0,neutral
informasi job,5,2,positive
bahasa asing mengerti,1,-2,negative
membanth,5,0,neutral
daftar akun verifikasinya kek ajg,1,1,positive
pake aplikasinya suruh login berulang kali ya udah login disuruh login menerus,1,0,neutral
semoga bermanfaat kasi bintang,5,2,positive
bintang menjadikan perjalanan karir mudah menyenangkan,5,8,positive
menunjang karir,5,-3,negative
senior general managermanage all aspects to build the prospectus high rise land and commercial properties,5,-3,negative
jgn donlot verifikasi nya gila,1,3,positive
ooow,5,0,neutral
i get job from this app,5,0,neutral
verifikasinya susah gambar mengarah keatas bolak gk repot apps,1,-10,negative
so,5,0,neutral
aplikasi terkampret yg prnah gw downloadmmau verifikasi aja susah nya ampun pakai kuis nebak hewan menghadap atasudah semuapas salahulang awalhidup udah ribet ribet,1,-13,negative
aplikasinya bikin ketagihan pencari kerja semoga cepat panggilan kerja buka aplikasi,5,3,positive
gak tau,3,-4,negative
kebanyakan loker ngga jelashampir yayasan,1,0,neutral
taiiiii,1,0,neutral
nice sytem,5,4,positive
mudah,5,4,positive
semoga memudahkan berkomunikasi efektif,5,8,positive
nyari lowongan dipersulit verifikasi,1,-2,negative
good app i hope more better of future,5,7,positive
bagus,5,2,positive
terima kasih aplikasi,5,0,neutral
masuk update udh update tin apk ayoo,3,-3,negative
survivor,5,0,neutral
top aaja,5,5,positive
bilang pasword salah mengubah pasword langsung klik lupa pasword kode autentifikasi udah pake aplikasi google miscrosoft authenticator sesuai penunjuk kode dinyatakan salah gimana min hub kontak linkedin respons,1,-6,negative
,5,0,neutral
informasi bermanfaat dunia pekerja usaha,5,12,positive
apkne ruwet mas sng gena ae,1,-4,negative
blm terbukti,5,3,positive
occ,5,0,neutral
halaman tersedia,1,4,positive
loadingnya lambat,1,1,positive
bagus praktis,5,6,positive
nih aplikasi apaansih pilih gambar menghadap keatas kaga bida ajgg sampah banget,1,-7,negative
gaei,5,0,neutral
good aplikasi,4,1,positive
good day,5,5,positive
,5,0,neutral
goood,3,0,neutral
great job,4,3,positive
aplikasi yg bermanfaat,5,1,positive
link id bobrok ga log in,1,-5,negative
gambar verifikasi gagal teruuuuus,1,-2,negative
manteeb bangett,5,-2,negative
susah verifkasiyo mumet minn,1,-7,negative
bagussss,3,0,neutral
aplikasi bagus bermanfaat seprofesi pelaut aplikasi linkedin bermanfaat,5,4,positive
biasahebatkitasaya pribadi merasakannyakita terhubung teman yg beragam latar pekarjaankehidupanekonomiws pokoke top markotop,5,2,positive
kode verifikasinya ribet rancu,1,-7,negative
berguna mempromosikan disamping menambah rekan sahabat,4,19,positive
loker palsu penipuan yg mengatasnamakan pt a b tolong filterisasi merekomendasikan loker bodong,1,3,positive
terimakasih membantu,5,9,positive
cook train commis oberoi hotel commis carnival cruise line kontrak river cruise line kontrak chef de party,5,1,positive
apk,1,0,neutral
ix,5,0,neutral
min tolonggggggggg x coba verivikasi gagal help mari lakukan pemeriksaan keamanan cepat mah gak cepat udah dibukabuka udah jelasjelas bener gagal servernya bermasalah,1,9,positive
great app,5,3,positive
jainalktbr,5,0,neutral
suka linkedin dijadikan jualan produk,3,7,positive
udh ngisi kode tpi terusan diulang coba perbaikin bug nya,1,-1,negative
bagus membantu,5,6,positive
susah banget masuk apk nya gak suka,1,-2,negative
login user and pass bener,1,3,positive
amaze,5,0,neutral
membantu mencari relasi pekerjaan,5,7,positive
always be communication to others one and believe in and believe in good body jaringan empuk strategi perjumpaan hubungan warga penjaringan nyata tunjukkan probadi wewenang pemikiran cari berpikiran positif sejuk iman motivasi kuat,1,27,positive
yg nanya verifikasi nya fokus baca verifikasi aja males gmn kedepannya yg menghadap keatas gambar yg posisinya berdiri yg kesampingkebawah ga paham otaknya beneran dengkul,5,2,positive
berguna,4,5,positive
teka teki nya menyulitkan masuk,1,-3,negative
verifikasi gambar terossssssss,1,2,positive
ribet verifikasinya,1,-4,negative
gooood,5,0,neutral
aplikasi mempermudah mencari lowongan pekerjaan mempersulit teka teki,1,-7,negative
gajelas login verif muli,2,0,neutral
optimal,5,0,neutral
tdk membantu,1,4,positive
gjls verifikasinya,1,0,neutral
ajg ni apl,1,0,neutral
coba semoga bagus,5,4,positive
pengalaman spv sales oprasional manager perusahaan fcmg,4,5,positive
sip,5,0,neutral
mmo l mo iyanmkl nn mk,5,0,neutral
pendidikan,5,0,neutral
respon positif,2,6,positive
verifikasi salah sulit,1,-4,negative
cerita gk,1,2,positive
ayo bro download linkedln bebarengan,5,4,positive
aplikasi bagus dunia kerja menambah koneksi,5,6,positive
thank linkedln,5,4,positive
kgk perbaruhibukannya bagus jelek susah,1,-9,negative
aplikasi buang verifikasi nya,1,-7,negative
barangsiapa kemudharatan muslim allah kemudharatan barangsiapa merepotkan menyusahkan muslim allah menyusahkan hadits riwayat abu dawud nomor at tirmidzi nomor dihasankan imam at tirmidzi,1,28,positive
jelek bgt gak registrasi verifikasi nya gak support,1,-1,negative
suka masi linkedln in,5,3,positive
verifikasi tertolol,1,0,neutral
gak kirim pesanmasa upgrade premium dulumana mahal,2,5,positive
gak faham,5,0,neutral
bagus bangeut,5,2,positive
nyusahin teka teki gambarnya bikir ribet,1,-4,negative
mengalami apapun alah nya berjalan lancar,5,3,positive
ok dech siip,5,4,positive
great aps,5,3,positive
why must the verification be so complicate and confuse,1,-2,negative
good job,5,5,positive
jajajaja,5,0,neutral
puas,4,3,positive
x xc,4,0,neutral
susah cari kerja,3,-4,negative
manfaat mencari pekerjaan,5,5,positive
aplikasi,5,-4,negative
bagus bnget,5,2,positive
verifikasi menyulitkan,1,0,neutral
apk gimana siii verifikasi aj terahirnya salah mulu pdhal udah bener,1,-1,negative
ribet bgt verifikasi salah ngulang berkali ujungnya gagal hadeh,1,-16,negative
bagus membantu,5,6,positive
sistem keamanan diperbaiki,1,-4,negative
lumayan,5,1,positive
aplikasi lumina,1,-4,negative
teka teki sesat,1,-4,negative
membantu temen postingan stres mahal lakukan jenjang anak cucu ki te,3,-2,negative
udah ceklis dah bener teka teki nya disuruh verifikasi lg trusan knapa sih mesti ribet gitu pilih gambar hewan ngadep jelekkkk bngeeettttt apk mesti gimna coba bikin akun linkedin nya,1,-10,negative
jelek,5,-5,negative
tingkatkan kualitas kuantitas memuaskan kebutuhan pelanggan terima kasih,5,21,positive
membantu menemukan informasih pencari kerja mohon menyulitkan,2,10,positive
so good be very good,5,10,positive
ok informasi,5,6,positive
alhamdulillah suami kerja aplikasi linkedin,5,3,positive
bekrjadi ptalmrugisbagai mnijr mrangkapdnganskrtariat,5,0,neutral
ĺqq,3,0,neutral
top ok,3,9,positive
bermanfaat tukar berbisnis,5,6,positive
log memikirkan badak menghadap,1,-3,negative
ganti sandi kode autentifikasi,1,0,neutral
bertebaran kawan,5,-5,negative
teka teki sulit ga,1,0,neutral
susah verfikasi ribet,1,-7,negative
informasi nya keren,5,2,positive
membantu jobseker,5,4,positive
lalot,1,0,neutral
perintis pendiri pasar lelang agro jawa barat badan ketahanan pangan sbg kelompok kerja khusus pendiri koprasi pasar lelang agro provinsi jawa barat,5,-4,negative
tq for job,5,4,positive
aplikasi sampah login aja susah verivikasi nya kayak sampah,1,-17,negative
nya permudah persulit,1,0,neutral
connect,5,0,neutral
mantapsss,5,0,neutral
bagus job seeker,5,2,positive
verification tolol apk gak masuk,1,-8,negative
apasih gajelas verivikasi nya salah mulu cape gw anjir tebak gambar ga udah udah gajadi dah make linkedin ribet,5,-14,negative
aplikasi membantu,5,0,neutral
linkedin fb tautan berbau politik event forman e bicara politik silahkan aplikasi,1,-3,negative
teralalu susah blok verifikasi gambarnya,2,-3,negative
mudah informasi,5,6,positive
ndaftar tpi isinya inggris,3,0,neutral
,1,0,neutral
bintang ga verifikasi gagal klik gambarnya udah bener,1,-1,negative
susah banget teka teki nya memeriksa keamanan yg sentuh gambar yg menghadap coba pas selesai pasword yg salah nggak ngulang,1,0,neutral
in sukses,5,3,positive
be profesional be my habit,5,0,neutral
oi developer knp sulit banget verifikasi gambarnya ya hadap salah dah mire in layar,2,-2,negative
membantu menyusahkan tebak gambar log in bertele tele aplikasi harap cepat hapuskan pembodohan public teman keluarga anjurkan memilih aplikasi,1,15,positive
ribet pake banget ngebantu ngebatu bikin kesel,1,-8,negative
yeah fantasty dinesty good like this full peaople fire and puy people good like life for you nice ok,5,16,positive
mast kasih bintang pakai keamanan tebak gambar salah,1,3,positive
qw ew e,3,0,neutral
bagus babget,5,2,positive
mempermudah mencari kerja,4,-4,negative
rporì,1,0,neutral
gak ngerti banget sma pemeriksaan kemanan nya no ngasal ttp acc tpi pas yg serius jg salah mulu heran sumpah,1,5,positive
coba yah,4,2,positive
suka linkedin komunikasi teman share pekerjaan sesuai kualifikasi,4,13,positive
bikin tes keamanan ribet cari kerja gabisa lewatin tes tebak gambar gajelas gini,1,0,neutral
msntap jg apl in,5,0,neutral
sistemnya ribetlo nyediain aplikasi lowker aplikasi pisikotes,1,-8,negative
jaringan informasi,4,5,positive
aplikasi jelek banget verifikasi ribet banget verif kode otp aplikasi aplikasi pinjol yg masuk,1,-25,negative
aplikasinya instal mentok,1,-5,negative
no comment,3,0,neutral
teka teki yg sulit pahami udah coba salah bingung teka teki verifikasi,1,-2,negative
bagus psikotesnya gambar,4,4,positive
marabika mitra global sumarorong kab mamasa prov sulbar,2,2,positive
aplikasi dableg login aja suruh nebak kodok bego,1,-7,negative
verivikasi keamanannya ribet bikin pusing,1,-8,negative
spg sepatu pt dodo garmen pt mentari mulia berjangk,5,3,positive
aplikasi ngerjain orang doang tembak gambar masuk udah bener tetep aja disalahin tolonglah aplikasi yg mudah masuknya,2,-10,negative
sistem verifikasi bener lahsuruh madep tepatyang ceklis posisi berdiri normaldijawab berdiri normalkurang gimana kocak,1,-3,negative
ko aplikasi nambah gax jlassnya aja sdh jlass sandy nya bnr truss ferivikasi brulang ydh jgn download,1,-3,negative
apk busuk bikin emosi,1,-2,negative
bagus cuman pemberitahuan orang menyukai ulasan klik ulasan,4,9,positive
lanjutkan,5,1,positive
knapa gk verifikasi,1,0,neutral
susah bgt utk verifikasinyatilong dipermudahtq,1,-3,negative
masuk aja susah najis,1,-9,negative
membantu aplikasi,5,0,neutral
sulit mengupload dokumen sertifikat sortirnya user,1,0,neutral
platform ribet,1,-4,negative
mantapppppp benerrrr,5,0,neutral
bangke ni apk bikinn emosi aja,1,4,positive
linkedin mantap,5,5,positive
lamar pekerjaan mudah linkedin,5,7,positive
,3,0,neutral
o,1,0,neutral
daftar verifikasi modar,1,-4,negative
android aneh bgt ya,1,8,positive
ga teka tekinyauninstal ajalah,2,0,neutral
aplikasi mengesalkan yg,1,-4,negative
cari loker,5,-3,negative
ga masuk aja,1,-2,negative
buruk teka teki udah sejeman sampe reset password aja teka teki kalo nyusahin bilang aja,1,-3,negative
kerenn,5,0,neutral
elrty,5,0,neutral
ih bagus banget,5,3,positive
download tp bintang survey nya,1,0,neutral
mudahmudahan cintanya,4,0,neutral
kesel banget deh linkidn pas verif susaaaah banget ngegampangin orang nyusahin orang,1,0,neutral
udah ribet spam email lulus loh apply ndak kelanjutan spam email,1,-8,negative
bagus kalangan pencari kerja,5,4,positive
linkedin verifikasi aja ribet nauzubillah mah ga bermutu banget pinter dikit napa,1,0,neutral
ujungujung nya calo yg mnta adm duluan lu jaman kompeni,2,0,neutral
habib sholikhin,3,0,neutral
losss,5,0,neutral
qaàqu u u u u u xxt,3,0,neutral
bagus,5,2,positive
bermanfaat menambah pengetahuan wawasan,5,12,positive
membantu job seeker,5,4,positive
ribedin orang pakai tebak gambar,1,5,positive
masuk aja ribet banget,1,-5,negative
ok terimakasih bergabungkoneksi jaringan,5,12,positive
tdk suka verifikasi keamanannya mend teka teki benda seperi verifikasi keamanan google menghindari robot cari gambar hewan menghadap ujungujungnya salah mohon diperbaiki,1,0,neutral
so far so good,5,5,positive
puas app,5,3,positive
klo berilah yg mudah jgn yg ribet kasihan yg tua gx tau,3,-4,negative
blm dpt kerjaan dr link lowongan hadeuhhh,1,2,positive
dimana mauan situ jalan perjuangan menghianati hasil,4,3,positive
mantap linkedln,5,5,positive
cakep,5,5,positive
,4,0,neutral
ok bgt,5,4,positive
linkedim ret bintang tigakenapa sulit sinyalnya band,3,0,neutral
aplikasi plg gajelas yg prnh gw downloadmau login aja dipersulit chatcha,1,-3,negative
hy oedt,4,1,positive
siip,5,0,neutral
ok n top,5,9,positive
this link good to me,5,5,positive
tingkatkan ya linkedln,5,4,positive
bermanfaat menambah relasi wawasan,5,11,positive
hayo,5,4,positive
kalo membantu termudah jgn ribet lewatin tebak gambar kali coba gagal manusia otak kerja menekan manusia yg berproduktif kecewaaa linkedln,1,11,positive
baikdan membantu,5,4,positive
very good aps,5,5,positive
muantabbbek,5,0,neutral
linkedin membantu pekerjaan impian cari kerja linkedin aja,5,10,positive
good harapan dikembangkan utk mempermudah user,5,2,positive
wake,5,0,neutral
good apk,5,5,positive
good platform for jobseekers,5,5,positive
good connection,5,5,positive
bagus banget,5,3,positive
mantaaapp,3,0,neutral
membantu informasi,5,6,positive
fine,5,3,positive
burukverifikasinya gagal mempersulit orangtolong diperbaiki min,1,-4,negative
when i be go to verify the image i try time and it never work even though it be correct intention to make it easier to find work but have be break by a situation like this please fix bug and make it easy for us,1,-5,negative
sertivikat pengalaman kerjasio aktif,4,4,positive
susah masuk yaterlalu ribet,1,-10,negative
sagat bagus,5,2,positive
when edit my privacy settings why suddenly redirect to a job search page,2,0,neutral
santri pondok pesantren amanatul ummah sedah menempuh pendidikan mahasiswa universitas ciputra surabaya,4,0,neutral
omg login aja kode capcahnya eror mulu emosi,1,-1,negative
staff ppic supervisor ship general admin,5,0,neutral
very helpful,5,0,neutral
sngat bermanfaat,5,5,positive
berhenti aplikasi verifikasi data aja susah,1,-9,negative
baikmembantu ruang pencaker recruiter berkoneksi,5,-3,negative
lowongan pekerjaan nya,4,3,positive
aplikasi ribet,1,-8,negative
lumayan,4,1,positive
luas beruntung terhubung terlindungi privasi aman memuaskan,5,12,positive
nñt,2,0,neutral
linkedin informatif profesionalmudah digunakansederhanalengkap memiliki tantangan mencari pekerjaan,5,0,neutral
membantu mencari lapangan pekerjaan bisnis,5,10,positive
kesel banget sumpah sm linkedln skrg tahap verifikasinya gagal trs logika aja klo manusia hewan gak login tolol tolong perbaiki lg ya kecewa akut,1,-4,negative
pengalaman pekerjaan linkedn,3,5,positive
jozz,5,0,neutral
udah kode captchanya gagal masuk tida parah tolong diperbaiki loginnya aja lamar kerja sulit masuk aplikasi udah sulit duluan,1,-14,negative
ngelamar nya gimana sih klo make aplikasi ni udh daftar aplikasi tidk bacaan melamar pekerjaan klo lowongan kerja nya tamatan smk yg usia nya udh engga muda,1,-4,negative
sampahmau daftar bikin kesel tolong perbaiki chapta nya,2,-1,negative
membantu peluang pekerjaan impian,4,10,positive
verifikasi nya ga maaf ya uninstall aja,1,7,positive
gila terfokus bahasa inggris nggak filter bahasa begara,1,-4,negative
cari gambar menghadap dengar gambar nya ajah mengahadap aneh nih gambar kaya lintas zebra cros jembatan mobil,1,8,positive
susah banget login nya gk acc,2,-2,negative
sungguh,5,4,positive
terima kasih bergabung,5,0,neutral
keamanan ribet beut akunnya bete ah,1,-9,negative
nice app,5,4,positive
,5,0,neutral
h mobil apaivf dĺprsp tyŕ,2,1,positive
job vacancy on board ship,5,0,neutral
sumpah kesel bangetniat hati daftar linkedin ngga mood problem aplikasi nya daftar website nya pas tahap verifikasi gagal sesuai gagal sampe pegel nih niat hati download aplikasinya mudah eh nambah kesel ngga daftar stick pas daftarkan email password tolong pengguna kecewa tolong diperbaiki yah linkedin,1,2,positive
perbaiki kode captcha pendaftaran berlanjut verifikasi gambar terhenti tahap error terbaca verifikasi suara berhasil mengulang,3,-1,negative
kuliner,3,0,neutral
lumayan bagus,4,3,positive
kasih bintang,3,2,positive
d mn,2,0,neutral
bermanfaat pencari kerja,5,7,positive
verivikasi berkali kali g,1,0,neutral
tingkatkan kualitas aplikasi,5,0,neutral
good work,5,5,positive
okeetopp,4,0,neutral
,5,0,neutral
very goods,5,0,neutral
akurat,5,0,neutral
bagus aplikasi membantu,5,2,positive
kontruksi,5,0,neutral
oke banget linkedin,5,3,positive
cook nationalcook chinese cook western,3,0,neutral
good link,5,5,positive
lumayan membantu loker yg dipasang,4,5,positive
gabisa download ya gagal tau solusinya gmn ga,3,-1,negative
linkedin membantu utk merekrut karyawan tks linkedin,5,7,positive
aplikasi yg bagus utk pencari kerjacuma akun yg fakeatau akun penipuyg ujung nya loker palsumohon linkedin menyaring akun palsu,4,-5,negative
bedt,5,0,neutral
good for the apps,4,5,positive
keren utk aplikasi informasi kerjannya,5,-2,negative
,5,0,neutral
boger operator,5,0,neutral
w rb,4,0,neutral
,4,0,neutral
susah daftar edit profil nya,1,-2,negative
memuaskan professional,5,5,positive
,5,0,neutral
kumpulan orang rajin,5,4,positive
apk gk ygy,1,0,neutral
bagus apk nyamantap,3,2,positive
bagus informatif,5,2,positive
,3,0,neutral
okay,5,4,positive
semoga bermanfaat pekerjaan mantap,5,13,positive
informatif komunikatif,5,0,neutral
tolong daftar akun please,1,1,positive
sorry auto delete,1,-7,negative
kebanyakan d s lulusan dibawah susah banget cari lowker,3,-3,negative
susah verifikasi diluar indonesia susah sign in buffer aplikasinya gerak lambat,1,-5,negative
tingkatkan linkedin,5,0,neutral
menambah ilmu memperluas jaringan peluang dimasuki menambah motivasi,5,16,positive
instruksi langsung sgb swing motor ex garap besok td yg prepare langsung japri mas topik ya hose pcs dgn meter flange dn pasang ex line boom rh lh merger line arm sh buatin flange ukuran dn adapter pcs lurusss buatin flane ukuran dn adpater pcs clamp dn pasang clamp dn pasang modif hose yg kepasang motor travel rhlh ex dg valve biar steer uni,2,20,positive
mohon hama slalu mengikuti manusia mengemblem memeras mnghnghalang financial hapus berguna mnjadi kacung musrikkasihan perintah meniru,1,11,positive
siiiiip,5,0,neutral
,5,0,neutral
mantap info pekerjaan semoga rezeki,5,8,positive
amaze every time,5,0,neutral
i hope its good start,4,5,positive
dicobain insya allah,3,5,positive
gambar hewan g,1,2,positive
withdraw,5,0,neutral
,3,0,neutral
aplikasi pencari kerja karyawan profesional advokat psikolog direktur manager hrd dll,5,4,positive
g k,3,0,neutral
oj,4,0,neutral
dgn,5,0,neutral
link payah verifikasi udah bener gagal mulu ribet login aja kode verifikasi sms aja lemot,1,-9,negative
itumemang udah gak silakan,2,1,positive
jpbooss,5,0,neutral
susah daftar akun verifikasinya banget salah mulu,1,-3,negative
ok good so many job search,4,9,positive
informasi lowongan kerja terupdate dipercaya,4,4,positive
pengalaman tua tuatua kladi,5,-2,negative
msh blm komplit,4,0,neutral
lowongannya lumayan lemgkap sayang kebanyakan membutuhkan pengalaman minimal sekian linkedin juara aplikasi,4,1,positive
bwt buktinya format nya jls pengguna sdh mrskan klw pemformatnya membuahkn hasil,3,4,positive
masuk verivikasi gambar,2,-1,negative
ahlinya consultant resto cafe hotel dlm pembenahan n market,5,1,positive
good relationship,5,5,positive
mei,1,0,neutral
semoga kerja aamiin,5,4,positive
hoax info valid,4,-8,negative
profesional teamwork mandiri team berkomunikasi,5,-2,negative
,5,0,neutral
semoga aja,3,1,positive
buka,2,3,positive
susah log kode verifikasinya terkirim gmail,2,-6,negative
dd z,2,0,neutral
pelukis senior,4,-3,negative
lumayan,2,1,positive
memuaskan good,5,10,positive
bu bu ami,5,0,neutral
g aa hee lk ja fol vfd ij es campur,4,5,positive
wawasan informasi job kedepannya,5,2,positive
stupid verifikasi,1,0,neutral
im a linkedin user for a long time job vacancies on linkedin seem to be just ads sorry i say that,3,-3,negative
social media for professional entrepreneur,4,0,neutral
aplikasi bagus membantu kerja negeri,5,4,positive
bagus peluang tawaran memilih tinggal keberanian,5,3,positive
parah aplikasi nya berkalikali coba nebak verifikasi gambar salah mulu kali ketemu aplikasi gini auto unfollow aja,1,-11,negative
,4,0,neutral
linkedln mengembangkanpryeksi fitur kesuksesan meraih citadan cinta idamidamkan apllikasi bagusnya bagus suka banget,5,9,positive
linkedin ok dahh,5,1,positive
baguss,5,0,neutral
login gak masuk sih mentok cumam pekerjaan trakhir tolong diperbaiki,1,-2,negative
gak melamar buffer melamar,2,0,neutral
akun dibatasi verifikasi pemberitahuan email,1,-3,negative
akun login akun berisi data pribadi,1,-3,negative
suka tibatiba gak akses,4,5,positive
,1,0,neutral
kode keamanan sulit bikin pusing,1,-7,negative
,5,0,neutral
motivasi n membangkitkan semangat utk dpn karna rezeki sulit diprediksi,4,10,positive
fesbukan,5,0,neutral
good connect to everyone,5,5,positive
belom faham menggunakannya,4,1,positive
susah verifikasiauto and uninstall,1,-3,negative
aplikasi yg buruk,1,-9,negative
aplikasi ndak daftar akun tdi,1,-6,negative
linkedin kesempatan terhubung profesional menambah relasi peluang,5,6,positive
mohon diperbaiki postingan linkedin seharian post foto kemarin,1,5,positive
ike,5,0,neutral
tolong pengembang aplikasi akun dibatasi login akun dibatasi sulit lowongan kerja,1,1,positive
hotel sapadia bundaran s kota pasir pengaraian rokan hulu,5,-3,negative
aplikasi inovatif,5,-4,negative
good applicationvery recommend,5,5,positive
guru bnn,5,3,positive
top mantap fokus semangat positif,4,21,positive
like komentar kesalahan,1,-5,negative
terimakasih linkedin berterimakasih management linkedin aplikasi bermanfaat masyarakat dunia butuh pekerjaan mudah aplikasi pekerjaan aplikasi percaya aplikasi menolong orang berusaha pekerjaan aplikasi berhasil berterimakasih,5,11,positive
lowongan coba apply respon niat gak buka lowongan loker benda langka antik pajangan,4,2,positive
sunguh berguna,4,5,positive
er,3,0,neutral
memperluas wawasan,5,0,neutral
sngt bermanfaat,3,5,positive
bagussaya belajar,5,3,positive
very helpful application for seek a job,5,0,neutral
aplikasi sih fungsinya tujuannya,5,-4,negative
panduan diawal lumayan sulit dipahami lulusan slta highschool gak fitur nya,3,1,positive
pas masuk isi pengalaman kerja bermasalah apl nya solusinya,3,9,positive
the one better aplication,5,2,positive
cocok,5,4,positive
mantap membantu,5,9,positive
menarik,3,4,positive
verifikasinya konyol suru pilih gambar yg menghadap smuanya hadap gambarnya,1,-3,negative
linkedin mantapjaringan internasitional yg membantu sepluruh lapisan masyarakatsukses,5,7,positive
best rat,5,0,neutral
pemanen sawit,2,0,neutral
love this apps and very good for us,5,10,positive
very amaze,5,0,neutral
cek sertifikat vaksin,3,-4,negative
membantu mencari informasi,5,3,positive
membntu dlm pncarian loker,5,0,neutral
memperoleh pengalaman,5,2,positive
very good application and very easy for use,5,5,positive
,5,0,neutral
memasak,1,-3,negative
very bad with new verifikasi make me can not log in,1,-4,negative
ngelag ya error,1,-1,negative
job tipu tolong diseleksi,1,3,positive
fix,5,0,neutral
tolong lowongan apply dilamar direspontidak perusahaan tolong ditampilkan berandapencarian email pemberitahuan pekerjaan infokan pekerjaan apply nya terima kasih,2,16,positive
security propesional,5,0,neutral
aplikasi daftar aj ga,1,-3,negative
terima,1,2,positive
aplikasi nya bagus,3,-2,negative
coba dah,1,-1,negative
llkintil,5,0,neutral
pertemanan batas kasta terendah kasta tertinggi,5,0,neutral
ok membantu,5,8,positive
uang langsung terpotong k akibat berlangganan uang membayar rumah sakit,1,-2,negative
mantap aplikasi inikita cari pekerjaan,5,1,positive
okay bagus,5,6,positive
green the earth and provide food for the world community,5,0,neutral
baguss beberpa peningkatan,4,0,neutral
good and useful,5,5,positive
ko okkooopm,5,0,neutral
mantaab,5,0,neutral
pekerjaan,5,3,positive
bagus menguntungkan,5,6,positive
solusi mencari loker,4,0,neutral
mempermudah aktifitas,2,-3,negative
apkx membantu z mencari pekerjaan z suka bangetytt,5,7,positive
pengembangan sayang kerja,4,8,positive
membantu cari pekerjaan info share of job,5,1,positive
lumayan bagus,4,3,positive
assalamualaikum,5,3,positive
pakai,5,0,neutral
ga verifikasinya,1,0,neutral
bagus terhubung langsung jajaran hrd nya,4,5,positive
aplikasi gk jlas tebak gambar sdh tpi kluarnya salah trs,1,-3,negative
great professional apps,5,3,positive
tolong dibantu solusi pemecahan verifikasi tahap nomor ponsel karna nomor ponsel terdaftar acount handphone berganti mempunya akses verifikasi email berhasil tahap,5,14,positive
lumayan,4,1,positive
bintang,5,0,neutral
sih blm yg wow,2,0,neutral
aplikasi nya bagus teman,3,-2,negative
berguna sekalibagi yg mencari karier menambah wawasan,5,5,positive
paham linkedin menampilkan iklan loker kah langsung apply kah stiap apply masuk situs,2,0,neutral
,3,0,neutral
excellent,5,0,neutral
e,5,0,neutral
akun bermanfaat,1,5,positive
profesional perkebunan tebu pabrik gula,5,0,neutral
buka gimana,4,3,positive
membantu yg mencari pekerjaan,5,4,positive
oke i like it,5,2,positive
pubilk,5,0,neutral
,5,0,neutral
terkoneksi orang pintar,5,3,positive
okesip,5,0,neutral
oklpl r,5,0,neutral
payakumbuh,1,0,neutral
mantappppp,5,0,neutral
info loker akurat,5,-3,negative
verifikasi gambar salah,1,-2,negative
yg ga bs isi keamanan liat contoh gambar yg contoh yg aja yg diklik jgn wujud yg pokoknya yg dgn contohnya contohnya bs diliat pas udah kali salah klik,5,5,positive
ok mantab cerot,5,4,positive
bintang brkata,3,0,neutral
buktikan manusia nggak bener,1,7,positive
semoga pekerjaan,5,3,positive
linkedln update info perusahaan yg aktif yg sdh tutup peluang job yg diarahkan actual update pt tenc indonesia sdh tdk aktif peluang job pt jgn dikirim krn sy mantan karyawan nya,4,4,positive
sqngay bagus,1,2,positive
okkk,5,0,neutral
good application for network,5,5,positive
csaawe,3,0,neutral
ya suka,5,7,positive
support me,3,4,positive
sosmed bermanfaat,5,5,positive
berguna,5,5,positive
dismond,5,0,neutral
kalo cr kerja koneksi gampang y g yg nganggur kakek wkwkkwk,5,8,positive
blm prnah dpt pnggilan kerja tuhh blm ni aplikasi ny,1,-2,negative
tolong koneksi golongan premiun gratis,4,9,positive
t ct x vu u cg buuuu buuuu ub hhhhhhhhhh ym,4,0,neutral
sih verifikasi verifikasi gk sebel,1,-5,negative
sangsat bagus,5,2,positive
sewa jasa angkutan barang,4,4,positive
teknologi ilmu computer at google,5,4,positive
thank you for cooperation,5,4,positive
kakehen iklan,1,0,neutral
tolong iklan youtubenya keseringan ganggu cok,1,-1,negative
ga,1,0,neutral
mengganggu,1,4,positive
persewaa tenda dekor,5,0,neutral
paham,5,0,neutral
aplikasi bagus bermanfaat mencari lowongan kerja sesuai minatkeahlian bakat aplikasi mudah gampang digunakkan kalo mengerti menggunakkan tool tool aplikasi,5,11,positive
kawan ilmu,5,4,positive
semoga,5,0,neutral
aplikasi bermanfaat,5,1,positive
sedia semangat,5,6,positive
good for community profesional,4,5,positive
membangun relasi asyik,5,3,positive
bru coba bos,1,5,positive
very guudddd,5,0,neutral
lumayan,3,1,positive
membantu job seeker,5,4,positive
bagus,3,2,positive
cepat dapet kerjaanmantaabb,4,5,positive
rekomendasi,5,0,neutral
coba belajar,2,5,positive
,5,0,neutral
berguna untk terkoneksi dgn temanrelasi bermanfaat sdg butuh loker,5,8,positive
cok mala suruh ngisi kode ngisi manusia matane picekkk,1,-7,negative
yuks ok,5,4,positive
i murah,5,3,positive
tolong bukaan togel d jam malam,3,2,positive
asu,1,0,neutral
be the best,5,0,neutral
mantaabb,5,0,neutral
aplikasinya bermanfaat memperbanyak koneksi mempermudah pencarian kerja,5,6,positive
,3,0,neutral
due,4,0,neutral
aneh transaksi dana yapdahal gak nyantumin,1,12,positive
aplikasi linkedln membantu jobsekers,5,0,neutral
cek,3,-4,negative
good job it must have new version,5,5,positive
bagus utk menambah relasi selamat n maju,4,13,positive
auto uninstal app ga,1,0,neutral
bagus app linkedin bagus referensi lowker ya diperbanyak,4,8,positive
upd,5,0,neutral
apansih apk daftar aja pake gambar,1,4,positive
good my parnert and my job,5,5,positive
verifikasi aja ga,1,1,positive
ajang pamer pencitraan dapet kerjaan kagakharga hilang loker isinyaa gitu aja ngabisin kuota doang space memory,1,3,positive
ok,4,4,positive
elek pol polan gak rekomen blas rek,1,-3,negative
menyebarang sungai,5,0,neutral
membantu pencari kerja,5,6,positive
mantap nian,5,9,positive
,4,0,neutral
amaze good luck,5,9,positive
susah updaterudettt,1,-3,negative
verifikasi gk masuk masuk,1,-6,negative
keren,3,0,neutral
bikin ribet sih bergabung pake verivikasi gambar bekali kali gada masuk masuk kalo kaya gini mah males org login bangrut aja udah dr bikin ribet,1,-17,negative
menakjubkan,5,3,positive
niatnya cari pekerjaan ehh disuruh main puzzle udah bener pilih gagal mulu tolong admin,1,2,positive
size,5,1,positive
gak make gak tau,1,-4,negative
coba,4,2,positive
dolo ya,3,4,positive
clean and clear,5,0,neutral
suka apk link,5,3,positive
,2,0,neutral
gajelas tebak gambar nya udah kali aja gabisa masuk,1,3,positive
buka ig,5,3,positive
mohon masukan link in menu pengalaman industri diedit kunci adakah solusi,1,10,positive
awesome thank you,4,4,positive
mohon kembalikan uang karna memakai fitur premiumnya harganya mahal juta merugikan,1,5,positive
pengangguran berpengalaman,3,0,neutral
linkedln be great place to meet friends and partner from worldwides,5,6,positive
bintang blm liat hasilnya,2,2,positive
good social media to boost humanity need,5,5,positive
inspire,5,0,neutral
gimana industrinya gabisa diisi udah isi tetep aja jdnya kosong kosong gaada optional milih industri aja tolong bantuannya pesan solusi kasih bintang,1,1,positive
sederhana,5,3,positive
semoga bermanfaat,5,5,positive
gold,3,0,neutral
badabest,5,0,neutral
bagus bs nambah teman mudah mencari informasi mencari pekerjaan cocok kemampuan,5,13,positive
un instal gmna,1,0,neutral
,5,0,neutral
gimanaa daftar aja teka tekinya salah muluuu repott,2,-2,negative
industri panel mvlv sd industri telekomunikasi sd,5,0,neutral
terimakasih linkedln aplikasi bgus pencari kerja,5,3,positive
verifikasi nya ya mohon diperbaiki,1,6,positive
sign in apk bodoh,1,0,neutral
lamaran pakai bahasa inggris berbayar bagusan aplikasi sebelah,1,-13,negative
goodan informations,5,0,neutral
app linkedin sdg ganguan yaa dr kmaren g bsa d download gagal nyampe macet disitu ga maju,2,-4,negative
bermanfaat dunia kerja,5,8,positive
bagus menyenangkan,5,6,positive
mannnnnnnapppppp,5,0,neutral
coba bintang,4,2,positive
salah verifikasi an step step gagal,1,-8,negative
aplikasi rusak verivikasi gambar salahkan otp berhasil masuk,1,1,positive
bagus inovatif lingkungan dunia kerja terlali commercial harga premiumnya sangaaaaat mahal,4,12,positive
aplikasi bagus,5,-2,negative
masuk akun linkend,5,-3,negative
bagus untu k refrensi profile,5,2,positive
unistal karna berguna,1,5,positive
sosial pengertian umat,5,10,positive
vertifikasi bug,1,0,neutral
aplikasi bermanfaat mencari kerja menambah relasi wawasan pekerjaan,5,9,positive
,5,0,neutral
kirim notifikasi tungguin gak masuk kirim telp g,1,1,positive
ga sign in gblk,1,-4,negative
menambah wawasan meningkatkan karir,5,3,positive
imail terban jdi susah,4,-7,negative
pengalaman pertambangan sumatera selatan manufacture negeri china hongkong manufacture negeri jakarta bogor,5,2,positive
,5,0,neutral
aplikasi bodoh verifikasi udh bener salahin tolol,1,-6,negative
stasus org yg nongol bknnnya info loker mend hapus aja,1,-7,negative
p ler,1,0,neutral
gud app,5,0,neutral
no hasil,2,3,positive
assalamualaikum warahmatullahi wabarakatuh hai temen nama sahda rela mencari pekerjaan aplikasi pekerjaan,5,10,positive
bagus informatif,5,2,positive
ngelamar via linkedin dialihkan web alamat email panggilan tes yg masuk dicek alamat kantor tsb penipuan tolong linkedin biar dipercaya,1,1,positive
semoga membantu,4,4,positive
update ya update nya,3,4,positive
maju,1,0,neutral
,5,0,neutral
membantu inspirarif,5,4,positive
terkereennn,5,0,neutral
semoga bermanfaat sukses,5,8,positive
mantap membantu dunia periklanan,5,10,positive
aplikasi bekukan akun warn perna linkedin main bekukan akun warn pemberitahuan main bekukan akun bekukan tdk berbuat postingan aneh download klo tdk kecewa,1,1,positive
kermaks,5,0,neutral
ayo buruan download linkedln let go,5,5,positive
setres luu,1,0,neutral
terimaksih linkedlntelah memudahkan mencari kerjadan mengasah skill,5,4,positive
belabelabela,1,0,neutral
good,4,5,positive
sdh instal ngk uplikasinya hp klu masuk ply store,2,-3,negative
aplikasi keren,5,-4,negative
berterimakasih,1,0,neutral
bagus,5,2,positive
kasi bintang dulumoga bermanfaat,3,2,positive
parah si verifikasinya gagal udh pencet yg bener bgtu aja sampe gw emosianknp si nyashin,1,-7,negative
good apk,4,5,positive
tingkat naikkan,5,2,positive
apl nya ok,5,4,positive
jtoxy,1,0,neutral
membantu mencari rekanan,5,1,positive
linkedln bermanfaat,4,5,positive
bagus ya,3,6,positive
kena go lumayanan,4,-3,negative
kereenn,5,0,neutral
membantu jaringan,5,7,positive
apk gak verifikasi susah bener coba gambar yg normal salah coba gambar hadap salah aneh bener dah payah,1,5,positive
verifikasi suruh tebakan aplikasi memej,1,-6,negative
gabung aplikasi in sahabat tp aneka pekerjaan profesi yg bermanfaat dech,5,6,positive
apasih linkedin gak diakses udh premium bayarnya mahal jt heran jd males deh langganan,1,3,positive
terimakasih,5,5,positive
bermamfaat,5,0,neutral
y klo dah dpt kerjaan bener app bru aq full in bintangnya,4,2,positive
tank,5,0,neutral
gmn si verifikasi salah bener jwbn yg bener,1,2,positive
okkk,4,0,neutral
semoga secepatnya kabar ditempat aamiin,5,7,positive
not bad,3,-4,negative
very much experience with linkedin,5,0,neutral
good job,5,5,positive
mantaapp,5,0,neutral
khusus orangorang pro bidangnya lulusan smasmk rekomen pake aplikasi,3,-4,negative
aplikasi bobrk verifikasi aja kyk anak tk gak lolos udah maen puzzle nya ampek ratusan kali gak lolos sinting lu,1,-16,negative
verifikasi susah verif email nggak gambar gambar aneh tesnya sulit sbmptn,1,6,positive
download bos,5,3,positive
wiraswasta,5,0,neutral
alhamdulillah,5,5,positive
,1,0,neutral
ard,3,0,neutral
bonti,5,0,neutral
kasih bintang ya percobaan,1,6,positive
login aja dipersulit aplikasi toloi,1,-3,negative
bismillah,5,4,positive
maklpoh,5,0,neutral
siip oke,5,2,positive
daftar aja suruh cocokin gambar binatang mengahadap lu bikin app info loker bikin game puzzel hh unin aja dah,1,-1,negative
daebak,5,0,neutral
linkedin penggunanya golongan populer namanya penggunanya,5,5,positive
gooooood,4,0,neutral
kek babi daftar akun aja susah kali,1,-5,negative
sentuh gambar menghadap verifikasi nomor aplikasi buruk,1,-6,negative
sales area executive,4,0,neutral
bagus banget aplikasinya sarankan kaum muda linkedin banget kalo semenjak liat postinganku langsung bikin personal brand ya,5,11,positive
penggunaan apk yg rasakan manfaatnya swbatas baca baca informasi doang,1,13,positive
kemudahan utk berinteraksi komonikasi info bisnisdan loker,5,0,neutral
diarahkan mantap,5,5,positive
verifikasi linkedln menyusahkan memilih kucing menghadap keatas,2,4,positive
gambar nya yg akurat boss bikin bingung aja verifikasinya gambar bikin bingung,1,5,positive
oce,5,0,neutral
peneliti nutrisi reknologi pakan,5,0,neutral
lowongan kerja cool,1,4,positive
great,4,3,positive
,3,0,neutral
direktur utama pt pandu perdana borneo,5,6,positive
okeee platform termantap,5,0,neutral
daftar teka teki salah,1,-3,negative
keep healthy,5,0,neutral
kalo bagus bintang,3,2,positive
top app,5,5,positive
masuk akun melanggar standart komunitas,1,-6,negative
amaze,5,0,neutral
its great happiness aji the great be very very great so far so good so what have a nice time sniper,5,22,positive
belom masuk,4,-2,negative
sy akses akun update tp ttp tdk diakses hmm,3,2,positive
gabung disuruh pilih gambar kambing menghadap au ahhh gelap cancel aja gabungnya,1,-13,negative
ferifikasi gambar robot susah betulmales pakai aplikasi awalsudah ribet,1,-9,negative
𝓖𝓪𝓴 𝓭𝓪 𝓶𝓪𝓷𝓯𝓪𝓪𝓽 𝓾𝓷𝓲𝓷𝓼𝓽𝓪𝓵𝓵 𝓪𝓳𝓪,1,0,neutral
taok,3,0,neutral
great application,5,3,positive
sangatpuas,5,0,neutral
awas penipuan,2,4,positive
ingi belajar diusia terima kasih ilmu yg sinitrims,5,11,positive
good personality in to work and powerfullnes in the application to me,5,5,positive
akun daftar dibatasi akses mengecewakan melanggar,1,-5,negative
cek email gmn lupa email sya tolong adakan cek email login thank,4,0,neutral
tolong arah,5,4,positive
đx nģtin,4,0,neutral
nn inon,5,0,neutral
verifikasi x gagal,1,-4,negative
pingin berbisnis lahan proferty industri,4,2,positive
lowongan saudi arabiariyadh cablesaku x saudi riyadh cablespengen lagiterima kasih,5,2,positive
aman cepat,5,3,positive
mumtaz mahal,4,1,positive
membantu mencari informasi lowongan pekerjaan,5,6,positive
,3,0,neutral
bnyak oknum penipu mohon tanggapi dgn serius,5,-7,negative
pekerja,5,3,positive
amaze menyenangkan,4,4,positive
membantu membutuhkan pekerjaan,5,7,positive
biar bintang bicara,5,1,positive
job hunter,5,0,neutral
bgs banget,5,1,positive
udah seminggu gabisa akses udah versi terbaru udah hapus cache gabisa,1,3,positive
ze,4,0,neutral
heloo saudara selutuh dunia pakailsh application linkedin okay best agpbergabunglah srlalu memskai application linkedin okay,5,9,positive
good and the best,5,5,positive
,5,0,neutral
membantu,5,4,positive
berpartisipasi,2,3,positive
verifikasi terbodoh,1,0,neutral
nambah ribet gak kaya akun aja ribet,1,-5,negative
top bgt,5,5,positive
bagus baget,5,2,positive
wadah pencari kerja terbaik alam semesta,5,9,positive
hjkji,5,0,neutral
its good,5,5,positive
why be it so difficult to post multiple photos even i have update the app please fix it,2,-5,negative
first time,5,0,neutral
profesional karakter,5,0,neutral
hihi,5,0,neutral
sy kasih bintang sy blm paham y blm,4,2,positive
linkedin bagus berinteraksi pengguna sdh,5,3,positive
operator forklift,5,0,neutral
couldnt enter into my account,1,0,neutral
kecewa linkedin tindakan dianggap melanggar akun linkedin dibatasi mohon pemecahan linkedin mengecewakan respon pembatasan akun lambat respon merugikan aplikasi linkedin akun,1,-2,negative
apknya ribet ga enakan pakai jobstreet mudah pahami simpel,2,3,positive
gak nyari kerja aplikasi sekian ratus lamaran berbulan gak satupun keterangan dokumen yg dilampirkan baiknya,1,-3,negative
apk nya buruk kecewa,1,-5,negative
bikin verifikasi yg bener gblk,2,-1,negative
cari kerja kuli bangunan gak aplikasi,3,-5,negative
bener bener profesional,5,6,positive
coba dlu,2,2,positive
mohon developeradmin linkedin lowongan kerja berkedok hoax via adm mohon klarifikasi jobskeer melamar perusahaan inginkanterima kasih,5,6,positive
mudah,5,4,positive
ok,5,4,positive
gimana sih verfikasi salah udah mencet gambar yg menghadap keatas,1,-2,negative
aplikasi bagus simple relevan mencari pekerjaan bertele aplikasi jobseeker yg,5,-3,negative
verifikasi login rumit,1,-5,negative
cari kerja sampingan,2,-1,negative
aplikasi ga login aja mesti verifikasi gambar yg ga,1,-4,negative
mantapps,5,0,neutral
aplikasi hape error yasaya buka via web komputer web hape error,2,-11,negative
bagus informasi,5,4,positive
okkk,4,0,neutral
bagus menambah jaringan,5,8,positive
daftarnya ribet,1,-4,negative
,2,0,neutral
rekomendasi bagus utk membangun karir,5,2,positive
very bad app verification of go alone be so hard it doesnt make sense its always wrong fix the picture,1,-7,negative
aplikasi top,5,1,positive
apk nya praktis daftar disuruh verifikasi keamanan berkali hufff,1,3,positive
berpikir out of the box reality,5,0,neutral
gblk apk info loker aplikasi tebak gambar susah verifikasi,1,-9,negative
wahh aplikasi biasaa wajib download,5,-6,negative
susah kerja aj instal ginian uninstal,1,-1,negative
right brother,4,0,neutral
oke bofohin masuk verifikasi apk nya,5,-1,negative
yg tebak gambar otaknya eror,5,-1,negative
bai,5,0,neutral
tolong mengakses linkedin website laptop aplikasi playstorehandphone check internet okey aplikasi diberpaharui dibuka silahkan dicoba kendala jaringan,3,4,positive
ust ikhsan,5,0,neutral
verifikasi doang bisaverifikasi mohon dperjelas dn keamananyatq,1,3,positive
andaikan wajib pengalaman pekerjaan berhubung mahasiswa pintar bintang tq ur apk,2,7,positive
oke bngt,5,2,positive
verifikasinya sulit,1,0,neutral
helpful apk,5,0,neutral
membantu informasi lowongan pkerjaan,4,6,positive
memudahkan salah pilihan membantu mencari pekerjaan,5,8,positive
membantu proses mencari kerja,5,4,positive
bagus bergabung orang orang hebat,5,-2,negative
ϻᴏe,5,0,neutral
ready,5,1,positive
aamiin,5,2,positive
plis bantu pekerjaan,5,6,positive
aplikasi membantu jobseeker,5,0,neutral
as,5,0,neutral
mudah cepat dlm verikasi kode,5,4,positive
bagusssssss,5,0,neutral
aplikasi linkedin membantu berkomunikasi langsung kabar berita apapun,5,1,positive
berguna,5,5,positive
wow ajah,5,0,neutral
daftar susahtolong ganti verifikasinya via no hpsend code otp,1,4,positive
aplikasi su asu asulo dongdot aplikasi turunan nyesel,1,-12,negative
mantul,5,0,neutral
the server really bad,2,-4,negative
semangat pagi optimis pesimis keluarga yte team bintang indonesia membentuk trobosan peningkatan finansial akurat padat terpercaya aman boyadi banyuwangi mengambil trobosan meningkatkan finansial karenakan dampak covit meluluh lantahkan perekonomian rakyat indonesia solusi program modal resiko hasil aman silahkan simak,5,21,positive
mks,5,0,neutral
,4,0,neutral
go a head go success,4,0,neutral
goodmantapss,5,0,neutral
good aplc,5,5,positive
aplikasi memandang orang sebelah mata kaya cantik smart udh dipanggil nya yg profesional belom terkenal blm karya dipandang emanng pilih kasih perusahaan yg terdaftar link kasian org yg lulus nyari kerja tp ga dilirik kecewa sih kecewwaaaa,1,8,positive
aplikasi bug samsung s update tolong dibantu,2,1,positive
bikin kesel deh susah log in nya,1,-8,negative
mudah ketimbang web mendukung bahasa indonesia,5,0,neutral
good opturnity,5,5,positive
hallo team dev verifikasi nya dirubah recaptcha langkah verifikasi dipahami manusia normal hatur nuhun,1,13,positive
crane operator,5,0,neutral
blm,1,0,neutral
terhubung orangorang terhubung peluang aplikasi linkedin memudahkan terhubung orangorang halhal kehidupan profesional bangun kembangkan jaringan profesional baca berita bisnis industri terbaru temukan pekerjaan impian profil linkedin resume profesional capai karier bar,5,18,positive
be the best,5,0,neutral
berguna membatu kalangan usaha,5,8,positive
menghubungkan relasi info job,5,0,neutral
tau,1,-4,negative
maju sukses pln pondok kopi tuk tema teman tanbahan kerja diluar,3,5,positive
very cool,5,2,positive
membantu,2,4,positive
simple,5,3,positive
well do,5,0,neutral
bener neee,2,3,positive
wellhead x mastree,5,0,neutral
agama kerukunan agama mental spiritual,2,-3,negative
semoga segerakan aamiin,5,2,positive
bagus media informasi nya,4,4,positive
easy connect to relation so many network good experiance,5,5,positive
jaringan bagus login susah udh update,1,2,positive
belajar bisnis penggalama,1,6,positive
sy sdh terdaftar blm member sdh terdadtarno id kirimkan,4,1,positive
berpikir positif cool,5,6,positive
bagus sekalk,5,2,positive
mempermudah lowker terbaru,4,1,positive
koneksi bisnis bagus,5,7,positive
,5,0,neutral
mudah mudahan iny membantu sya yg habis phk hiks hiks,5,12,positive
bingung,1,0,neutral
menjalankan bisnis talk fusion enak jual produkkerjanya dirumah dapatnya dolar menit,4,9,positive
aplikasi gak jelasbaru login dikasi keamanan jdi salah salah aplikasi cari kerjaan nebak bikin aplikasi yg bermanfaat lh gblk,1,-20,negative
ragu ragu lo bawa bank mandiri nunggu panggilan takutnya tipu aplikasi,2,-11,negative
there be many job that show on there thank for linkin make this app,5,6,positive
selamat siang development komplain terkait akun nonaktifkan verifikasi identitas mohon dibantu proses pembukaannya tks,4,7,positive
nice info,5,1,positive
berguna banget,5,6,positive
bermanfaatttttt,5,0,neutral
mantap mak yus,4,5,positive
,5,0,neutral
aplikasi hasil kolaborasi facebook jobstreet semoga kedepan fiturfitur mendukung pelaksanaan source proses rekrutmen karyawan,5,-1,negative
aplikasi membantu bidang memperluas jejaring sosial negerithank you linkedin,4,4,positive
paham aplikasi,2,-4,negative
aplikasi cacat verifikasi gambar dah salah dah nyoba pakek hp tetep aja salah perbaiki aja verifikasi gambarnya,1,-19,negative
akun,1,0,neutral
ga aplikasinya pas masuk pake gmail ga verifikasi udah nyoba x nebak gambar salah pas make nomor percobaan langsung masuk pas suruh ngirim kode udah dikirim udah dimasukan kode nya eh kayak gitu mesti ngirim ulang kode nya kasih bintang,2,-9,negative
lancar,4,4,positive
let himo ooloooolol oll,2,0,neutral
i hope make better,5,2,positive
wwconm moktar,5,0,neutral
bagussangat membantu,5,4,positive
rumit,1,-5,negative
tes kemanusiaan nya bikin gw puyeng mo muntah tes manusia gak masuk akal,1,-7,negative
kocak apk ga ngasih kode verif bintang udah cocok,1,2,positive
senang dgn link menambah informasi sahabat,5,14,positive
great app to connect with professional,5,3,positive
down load aplikasi mudah kemudahan,5,0,neutral
wow aplikasi membantu,5,0,neutral
verivikasi ajg gapernah bener blok,1,0,neutral
ribet daftar nyabaru nyari lowongan kerja aja udah persulit ribet nya indonesia,1,-6,negative
memudahkan mencari informasi bisnis pekerjaan,5,8,positive
membantu pencaker,5,4,positive
mencari kerja diaplikasi ilmu tergantung bagaimna mnggunakan mencari relasi,5,6,positive
valuable,5,0,neutral
mantap aplikasi membantu,3,5,positive
kontraktor,5,0,neutral
good,2,5,positive
susah utk login,2,-3,negative
mencari bintang jaminan god luck to me,3,1,positive
waras,5,2,positive
bismillah semoga izin allah perantara aplikasi secepatnya pekerjaan amin,5,6,positive
google job,5,0,neutral
oke mantap jiwa,5,7,positive
mengenal,5,1,positive
good aplication,4,5,positive
dasar aplikasi gila verifikasi nya lucu aja bkin org emosi,1,6,positive
ok baggus,4,4,positive
dahlah uninstal pemeriksaannya susah gue,1,-6,negative
sya kasih bintang panggilan aplikasi trimakasih tipu nya kasih b kalo panggilan skali gagal berhasil menandakan aplikasi real membantu mencari kerja,1,4,positive
blum dapet kerja,3,4,positive
membantu menyajikan pasaran lowongan kerja,4,6,positive
spider domino,1,0,neutral
terimakasih kasihini membantu,5,9,positive
kalo dibuka web ngelink ya link app nyahadeh,1,4,positive
ok,5,4,positive
app berhentimenutup paksa menekan tombol halaman post sticky footer tingkatkan bintang setika teratasi,3,-7,negative
tebakan gambar bikin puyengdah gw manusia robot cari loker,2,2,positive
semoga aplikasi membantu mempelajari pengetahuan digital,5,4,positive
bagus membantu,5,6,positive
semoga cepat kerjaan yg seauai skil sya linkedln,5,5,positive
good to look for job,5,5,positive
membantu,5,4,positive
jalinan kaca indah,5,3,positive
realisasi tk panen tgl div hk div hk div hk div hk total hkrealisasi tk panen tgl div hk div hk div hk div hk total hk,4,-3,negative
suka banget applikasih semoga semoga maju yah,5,4,positive
terang kesulitan masuk karna teka teki kodok kasih bintang aja,1,-5,negative
komonikasi info pekerjaan,4,0,neutral
mantaps,5,0,neutral
ditingkatkan,3,0,neutral
very nice,4,4,positive
sep,5,0,neutral
pressurepro salam kenal,5,3,positive
susah verifikasinyagak,1,-3,negative
,5,0,neutral
susah banget loginya masak login aja nebak katak link loker permaiann katak aneh,1,5,positive
cuman aja yanebak gambar salah,1,-1,negative
blm d cek nih,3,-4,negative
gk download apliksi ni,1,0,neutral
ngapain maen tebak tebakan anj apk cari kerja maen game gw kasih bintang karna jelek,1,7,positive
seluas angkasa,5,0,neutral
lumayan bagus,5,3,positive
mencoba,5,0,neutral
ux of latest version not too impressive on android if you on deep search and open a profile then tap x back you will back to first result its annoy but overall i see some improvement on ui design,3,-3,negative
sekalj info loker linkdin,5,-3,negative
anjrsebenarnya zihgw kn apus apk gitu k pencet uinstal apk,5,-2,negative
okeeee,5,0,neutral
spesis offf,1,0,neutral
verifikasi nebak gambar pas step terakhirnya salah udh dicoba berkali step yg gagal gak rekomendasi aplikasinya kecewa,1,-1,negative
this media add more infornations especially which be correlate with my science and experience background,5,0,neutral
verifikasi nya bikin emosi bgt,1,3,positive
just like and more easy to browse search job update,4,0,neutral
good the best application,5,5,positive
mendukung,5,0,neutral
butuh kerja operator exca,5,-3,negative
update,5,0,neutral
lowongan penipuan banget hati hati guysss,1,5,positive
good for your businness,5,5,positive
tolong login pakai gmail nggak udah update uninstal turus coba instal login nggak,2,7,positive
semoga bermanfaat kasih tau membutuhkan,5,3,positive
cari berita lowongan kerja,5,-5,negative
senang,5,5,positive
susah panggilan interview,3,-3,negative
aplikasi nya verifikasi masuk nebak gambar hewan mend dikasih kode captcha deh nebak gambar,1,-4,negative
ok banget aplikasinya,5,5,positive
guru sekolah,5,6,positive
berbagi sedekah menerima,5,5,positive
easy to look for the joband share with each other,5,0,neutral
test,4,0,neutral
,4,0,neutral
bank syariah,5,0,neutral
this app be awesome,5,0,neutral
update,5,0,neutral
bagus,1,2,positive
linkedin bagus,5,2,positive
to markotop aja,5,1,positive
hidup dam penintan ham,5,-1,negative
payaaaaahhhh gue gak login dr,1,0,neutral
mangapa install aplikasi instal,5,-4,negative
mudah ber interaksi penjuru kawan,5,4,positive
semoga bermanfaat janji manis doang,5,11,positive
koneksi informasi bermanfaat,5,9,positive
membantu,4,4,positive
memperbaiki kerusakan mesin,3,0,neutral
terimakasih dicoba ya,5,11,positive
membantu info job pekerjaan terimakasih linkedln,5,9,positive
bisnis karir,5,3,positive
klo blh tau ap sih kegunaan alpikasi menghasilkan uang tunai,3,3,positive
manfaatnya mudah mencari pekerjaan,5,7,positive
aplikasi gk verifikasinya aneh banget najis,1,-3,negative
upload video bug yg proses upload,1,1,positive
oioooloĺ,1,0,neutral
berguna,1,5,positive
bintang,4,0,neutral
pengguna tolong bina ya kawan,5,8,positive
rahayu mudana inengah,5,4,positive
hello im a linkedin user and have a problem when use it my internet connection stable but how could i cant see linkedin homepage even i cant search my friends profile or change my profile hope you fix this i know it be hard cause im developer too,4,1,positive
membantu informasi lapangan pekerjaan,3,12,positive
mantap ne krn info x akurat,5,2,positive
saran penempatan cv tolong usa perbaharui aja outomatis terhapus,1,6,positive
keren bagus,5,2,positive
mbantu dlm informasi,5,2,positive
mandor proyek rumah tinggalsaluran air berpengalaman th bidang proyek rumah tinggal,5,10,positive
bismillah semoga pekerjaan layak,5,10,positive
yg dpt pekerjaan kah,5,3,positive
selau menjankan berdua royalitas obsesi trs,5,2,positive
ceopendiri perusahaan startup,5,3,positive
dih ga login bbrpa akun gw lgsg kena suspend pdhl gw ga kesalahan krna bikin akun blm bbrpa minggu dah males pake linkedin ribet,1,-22,negative
maantap,5,0,neutral
bagus,4,2,positive
bagus bngeett,5,2,positive
sy kasih bintang smoga sy cepat pekerjaan yg sesuai pengalaman kerja sysebagai groun stafporter trimakasih wassalam,5,19,positive
good saran aja verifikasi mode suara mudah gambar,5,16,positive
aplikasi berguna jobseeker recruiter employee bermanfaat menambah wawasan relasi,5,12,positive
meet people,5,0,neutral
goodjob,3,0,neutral
jalan peluang,5,0,neutral
yup,5,0,neutral
pokoke apik sippp,5,0,neutral
kuran tau,1,-4,negative
aplikasi bagus kasi bintang jooooozzzz,5,-5,negative
daftar aja susah banget menyusahkan,1,4,positive
jhosss,5,0,neutral
nice,5,4,positive
mitra logam,5,2,positive
terima kasih,5,4,positive
membantu aplikasi pendukung,5,4,positive
mantab bagis,5,0,neutral
semangat,5,4,positive
fk tinjau lamaran kerja gk udh diklik button tinjau gk sinyal mah emg app rusak,1,0,neutral
erasyus,4,0,neutral
tv na sional,1,0,neutral
update,1,0,neutral
ya linkedin kalo masuk verifikasi nya sulit,1,1,positive
linkedn,5,0,neutral
asenliu,5,0,neutral
ok semoga dapet kerja,5,8,positive
bermanfaat mencari pekerjaan,5,5,positive
membantu mencari hubungan,4,1,positive
f,4,0,neutral
torurism bromo destination,5,0,neutral
wow keren,5,0,neutral
pengguna aktif linkedin alhamdulillah puas,5,11,positive
logistik,5,0,neutral
aplikasinya uninstal lg gara gambar badak hadap k jd susah bgt msuk,1,-5,negative
good apshelping professional to connect,5,5,positive
this be good apk but please fix bug its really annoy after update why i cant open and always try again even i have good signal,3,2,positive
qhse,5,0,neutral
terbantu hadirnya aplikasi mudah mengupgrade membranding perusahaan,5,3,positive
linkedin terkadang dibuka terkadang aneh sih apk yg lancar lancar ditangani kendalanya thank,1,22,positive
membantu pencari kerja,5,6,positive
berbagi pengalaman motivasi yukk kendor semangat nya orang kaya dermawan sukses menaklukkan dunia,5,17,positive
mantap bosque,5,5,positive
membantu mendapatakan kandidat sesuai qualifikasi akun premium biaya langganan akun premium recruiiter,5,15,positive
cari kerjaan,5,-1,negative
thank good,5,9,positive
toolpusher,5,0,neutral
memperluas jaringan bisnis relasi semoga kedepan berlangganan yg berbayar mempermudah menjangkau target luassalam sukses tim linkedln,5,4,positive
memudahkan,5,3,positive
aplikasi mantap,5,1,positive
bagus pisan,5,2,positive
kali daftar tp ituin gambar coba berkali salah trs gajelas,1,1,positive
menghubungkan perusahaan pekerja profesional,4,6,positive
god info,4,-3,negative
potensial individu memperluas network ilmu,5,4,positive
amin,5,3,positive
mekanik n security butuh kerja pengembangan tanaman herbal jahe merah,4,6,positive
mohon bantu,5,5,positive
akun non aktifkan login,1,0,neutral
mejadikan inspiratif peluang nyata,5,4,positive
gooddd,4,0,neutral
dandut,5,0,neutral
aplikasi bajngan bikin verivikasi human aja ribet banget suruh milih gambar hewan ngadep keatas udah dipilih yg ngadep keatas aja salah dicoba puluhan kali salah bikin recaptcha yg bener,1,-10,negative
linkedin,3,0,neutral
oks,5,0,neutral
apk ga foto profil edit logo eh taunya hapus alasan melanggar hak cipta,1,-5,negative
gbs post,5,-2,negative
,5,0,neutral
daftar perusahaan menyakinkaneh tahunya pesan wa panggilan ujungnya yayasan bilangnya yayasan aja duit,3,7,positive
apps bagus,5,2,positive
syukron,5,0,neutral
terimakasih bermamfaat,5,5,positive
habis update error gak buka mohon perbaiki,1,3,positive
bermanfaat,5,5,positive
goood,5,0,neutral
semoga membantu mencari kerja,5,3,positive
bermanfaat,5,5,positive
membantu informasi pekerjaan,5,9,positive
aplikasi linkdeln membantu mengembangkan bisnis makanan online,5,6,positive
aplikasi jelek pas dibuka layar putih aja,1,-9,negative
mantap penuh info akurat,4,2,positive
sistem kerja menarik berani jalin relasi jaringan online google keep improve yourself,4,8,positive
ad,2,0,neutral
exit,5,0,neutral
aplikasi berak kerja udah bayar perbulan gila lu yaa saraff,1,-2,negative
very good,4,5,positive
oke,4,2,positive
ok linkedin,5,4,positive
good aply,4,5,positive
terimakasihbanyak manfaat yg,5,5,positive
meet people around the world with the many type of job the get just good,5,5,positive
ttor,1,0,neutral
ok banget,5,5,positive
helpfully for job seekers,5,0,neutral
ytunnel,5,0,neutral
luas jaringan looker aja sih selebihnya bagus,5,9,positive
bagus,5,2,positive
bagus,4,2,positive
maaf,4,2,positive
manfaat orang hebat dalamnya,5,5,positive
coba dl ya bintang qu,3,6,positive
bermanfaat,5,5,positive
mohon maaf langganan linklendl batalkankarena perusahaan jalan macet mohon maaf terima kasih informasinya sugi,5,21,positive
vangke verifikasi gambar gua g masuk akses link gw verifikasi yg bener,1,1,positive
tolong kembalikan akun linkedin akun akses akun linkedin tolong linkedin tolong diproses akun linkedin dikembalikan normal,3,13,positive
bagus,5,2,positive
linkedin error status,1,-5,negative
applikasih yg bermamfaat trima kasih,5,3,positive
membantu cari relasi,5,4,positive
beneran linkedln asli kah gak masuk takut data disalahgunakan udh kirim ktp,1,2,positive
aplikasi terbaik pencari pekerjaan berbagiinformasi pekerjaan,5,7,positive
bagus,5,2,positive
ee e eee e ee e e rře ddre d e reee ee e e e r er dddeddr dd r rr r de f umah dvrrrr r divre drrr fçqqqqqq qrfr de f qr d qt,4,0,neutral
tebak gambarnya susah ga apk jelek,1,-5,negative
aja kendala daftar akun,5,2,positive
very helpful aplication,5,0,neutral
aplikasinya bagus bug bs gambar orang menganti profile banner profil warna putih restart website mobile jg ttp min mohon perbaikannya terimakasih,4,7,positive
nya ga trlalu rumit,5,-5,negative
pengalaman ungkapan,5,2,positive
membantu pencari lowongan pekerjaan betulbetul sesuai pengumuman lowongan,4,7,positive
maaf kasih bintang aplikasi tgl reset nama mengulang terpaksa uninstall memasangnya gangguan server perbaikan,4,-1,negative
suka aplikasi mohon maaf,3,3,positive
top thank you,5,9,positive
coba kasih bintangsoalnya upadate aplikasi in,4,0,neutral
jajal ya,5,0,neutral
gimana proses verifikasinya gak kiriman kode verifikasi via sms udh berkali nyoba gak kode sms,3,-5,negative
jodsssd,5,0,neutral
wowww keren,4,0,neutral
nice project,5,4,positive
hahahahaha bagus gaes,5,2,positive
lua,5,0,neutral
linkedin bego ga gunaa profil dasboard dah perbarui dg perusahan yg tpi search browser yg muncul masi pekerjaan laman browser,1,1,positive
when dark mode,3,0,neutral
istimewa,5,0,neutral
next,5,-2,negative
tau mempergunakannya,1,-4,negative
thx linkedin,5,0,neutral
boros memori,1,-5,negative
mantap,3,5,positive
semoga jalan rejeki yg berkah allah,5,13,positive
iya oke,4,2,positive
semangkin n cemerlang menyatukan msypendidikan,5,1,positive
aplikasi terima kasih linkedin,5,0,neutral
fery good info,3,2,positive
terimakasi membanti,3,0,neutral
mendaftar terkecoh pilih aja gambar yg normal posisinya jg selesai informasi berguna,1,11,positive
professional network tempatnya,5,0,neutral
mantapsmoga,5,0,neutral
verifikasinya gmna si mempusingkan,1,0,neutral
aplikasi gajelas bikin emosi doang,1,0,neutral
lumayan bagus menyusun cv fitur alhamdulillah pekerjaan wartawan keep the good job guy,5,16,positive
so useful,5,0,neutral
sengaja merubah premium mahal bangetdan batalkan susahhh banget,1,2,positive
semoga bermanfaat,5,5,positive
terbaik malikat bersayap,5,9,positive
aplikasi membantu,4,0,neutral
pusing pala sayaa,1,-4,negative
good for network,5,5,positive
aplikasi mantulll,5,-4,negative
verifikasi nya gimana si ko ribet bgt yapengen masuk dibikin ribetttt,1,-7,negative
hubunganantrapembisnis,5,0,neutral
oke trim goodjob brother,5,2,positive
aplikasi membantu pekerjaan applikasi,5,3,positive
membatu good,5,7,positive
bsik,4,0,neutral
apl bagussssterpercaya loker,2,0,neutral
proses log in sulit lupa password password nonaktifkan akunnya payah linkedln,1,2,positive
,1,0,neutral
infonya fast respon and feedback,5,2,positive
uyeee,4,0,neutral
bismillah ikhtiar semangat,5,11,positive
good apps,5,5,positive
recomended orang kerja perusahaan negeri,5,5,positive
bsgus,4,0,neutral
mudah info loker,5,1,positive
aplikasi bagus upload lainlain susah aplikasi spam,1,-12,negative
siiplah,1,0,neutral
mntapzzz,5,0,neutral
aplikasi mencari kerja koneksi pekerjaan yg bagus mudah efektif,5,11,positive
update gabisa post linkedin mohon perbaiki,1,2,positive
verifikasinya lucu ya gambar kodok dg posisi jawablah tekateki benarbenar manusia aplikasi serasa kuliah filsafatapa manusia manusia ya,1,17,positive
susah bikin akun dipersulit,1,-3,negative
help me to be there please,5,-1,negative
great apps with knowledge share and network for us,5,3,positive
tolong selektif merekomendasikan pekerjaan iklan joble selektif memilih pekerjaan tanggung pribadi jobseekerpemula percaya keaslian loker linkedin pengechekan latar perusahaan tertipu tolong jaga kepercayaan melamar linkedin,2,14,positive
never stop on always that be my write when the knoledgement about it minus little misunderstand have make anything not interest,3,0,neutral
kedepan,4,0,neutral
,2,0,neutral
maaf verikasinya jgn gambar kodok geli liatnya susah milih gambarnya,3,-5,negative
bagus,4,2,positive
gudlah,5,0,neutral
bagus unutuk mencari kerja,5,1,positive
good info,5,2,positive
bagus,5,2,positive
aplikasinya bgus ksuka,5,0,neutral
pembangunan,3,0,neutral
best,4,0,neutral
membuahkan hasil,5,3,positive
informatif,4,0,neutral
good i like that,5,5,positive
bsgus,5,0,neutral
mantab kasih bintang,5,2,positive
positif kerja an sesuai,5,9,positive
memudah sya mencari pekerjaan,4,0,neutral
yuhuu,5,0,neutral
apk ga bermutu nebak gambar ga wkwk payah,1,5,positive
,5,0,neutral
best be the best,5,0,neutral
gak masuk yak udah pake google,1,-3,negative
ksi gntng dlu klo bgus bru nmbh,3,0,neutral
tau,1,-4,negative
kayak nya mantap aplikasi,5,-2,negative
membantu,5,4,positive
good job,5,5,positive
go,2,0,neutral
aplikasi yg menginspirasi,5,-4,negative
apk nie membantu yg mencari pekerjaan nya skrg cari kerja susah,5,0,neutral
kurangin bintangnya puas,1,3,positive
makasih keribetan yg bikin,1,4,positive
verifikasinya gambar kayak gitu gak buang ganti gambargambar mudah,1,3,positive
membatntu mememukan jenjang karir,5,0,neutral
good and smart,5,5,positive
linkedin terbaik,5,5,positive
siip,5,0,neutral
membantu mencari info lowongab pekerjaan terkoneksi global,5,4,positive
dahsyatnya bagus,5,2,positive
ok,3,4,positive
normal,3,1,positive
ok app,5,4,positive
aplikasi bagus bermanfaat,4,3,positive
informasi bermanfaat trimakasih link,5,11,positive
lease land lease margot margonda ttg margonda raya putri amelia bergandeng ardon sekian,5,0,neutral
tolong info data dishare google google hapus payah,5,-6,negative
semoga download app kerja app aamiin,5,4,positive
ok membantu menambah wawasan,4,11,positive
kerenn,4,0,neutral
ponijo mumet,5,-4,negative
aplikasi internal,4,-4,negative
lumayan la,3,1,positive
good apk nya ketemu teman be ok gaes klau bnyak hadiah nya hehehehe,5,14,positive
ya tuhan daftar gimana nih mbakmas pusing tolonglah bikin emosi suruh pilih gambar kodok menghadap uda puluhan kali coba gk masuk akun pake no gagak mulu pake suara uda gagal tolong aplikasi daftar sesusah pusing emosi tekan kodok tadik gagal mulu ok ok relax sabar sabar sabar orang sabar sayang tuhan,1,32,positive
pencarian dibatasi,1,0,neutral
asik keren,5,4,positive
kasih bintang aplikasi asli bagus,5,2,positive
cocok,5,4,positive
þ,4,0,neutral
memuaskan,3,5,positive
portal pekerjaan yg tampilkan yg terbaruu,3,3,positive
komunitas profesi dibidang profesionalitas kerjaan dioptimalkan no berbayar,5,1,positive
aplikasi oke banget sukses linkedin,5,2,positive
perusahaan yg lamar hasilnya nihil,2,-1,negative
good job thank,5,9,positive
nonggol ya dpt panggilan kilk email,5,4,positive
coba,5,2,positive
aplikasi mulu,1,-2,negative
semoga kali nyoba,3,0,neutral
cant login this app,1,0,neutral
aplikasi bagus pecari kerja menjalin network orang,5,0,neutral
so good,5,5,positive
tolong,3,3,positive
bermanfaat sih sabar menunggu rezeki berusaha mencari pekerjaan satupun perusahaan merekrut app linkedin,5,16,positive
yuhu,5,0,neutral
excellent,5,0,neutral
rizal,4,0,neutral
a pioneer app to expand professional network and the biggest professional culture,5,0,neutral
pengobatan alat vital pria wanita bandar lampung,1,-8,negative
aplikasinya bagus professional saking profesionalnya ysampai gk mudah penjelasan pekerjaan pas melamar pernyataannya pake b inggris aduh susah pahami,1,13,positive
belief in the just world,5,0,neutral
ok all,5,4,positive
thn team market,5,1,positive
this verry good apps,5,5,positive
mantaplah,5,0,neutral
komenya ko pke leugewage english,3,0,neutral
ya,3,4,positive
tolong dikunci privasi akun menghubungkan aplikasi,5,-1,negative
special tax,5,4,positive
membantu mencari info kerja,5,0,neutral
tahap percobaan,3,0,neutral
bagus aplikasi coba,5,0,neutral
media sosial buruh wiraswasta terima kasih,4,8,positive
ga loker,3,0,neutral
cba dlu okey pa x,4,-5,negative
suka kadang error,4,1,positive
tolong linkedin cari pekerjaan yg lokasinya batam keluarnya singapura ya,5,7,positive
aplikasi,5,-4,negative
aplikasinya gmn sih login aja susah bgt suruh milih gambar gk ad habisnya,1,-4,negative
keep it up linkedin,5,0,neutral
macet melulu,5,-3,negative
weel play,5,0,neutral
halo arifin rais,5,4,positive
bagus utk menjalin relasi hubungan dunia kerja dunia nyata,5,13,positive
bermanfaat mencari pekerjaan,5,5,positive
aktif beraktifitas,5,2,positive
up date new informance,5,0,neutral
okkkk,4,0,neutral
q kasi no,5,-3,negative
good for search job,5,5,positive
aplikasinya bagus sanganf membantu info loker,5,3,positive
hapus,5,-3,negative
cool,5,2,positive
mantab,5,0,neutral
good share information for telecomunication,5,5,positive
sipppppp,5,0,neutral
susah masuk verivikasi kya tau pusing gue ngasin kouta ajh,1,-14,negative
program yg sesuai masak tinggal nunggu kode verifikasi dah berpuluh kali daftar gak kirim,1,4,positive
mantaap,5,0,neutral
terima kasih inpo yg bermanfaat,4,9,positive
koki,5,0,neutral
gembel,1,-5,negative
bintangnya dulubelum coba,3,2,positive
mantappp,5,0,neutral
mudah utk menghubungkan profesional,5,4,positive
bgs mudah mengerti,3,6,positive
good app,5,5,positive
bermangaat,5,0,neutral
edward z,1,0,neutral
membantu mencari kerja aplikasi yg keren,5,-1,negative
saldo dipotong link id persetujuanjngn instal,1,2,positive
qc ei inspector compex atex,5,0,neutral
mengatsi masalahh,5,0,neutral
sgt mmuaskan mnjlnkan pkrjaan skrg krna aplikasi mnmukan pkrjaan trmksih link,5,-4,negative
pertemanan luas informasi pekerjaan thank link,4,12,positive
aplikasi nya hapus nggak paham maaf ya link hehe,5,0,neutral
excellent application,5,0,neutral
terbantukan,5,0,neutral
bagus brand personal,5,2,positive
woworuntu,5,0,neutral
bagus banget aplikasinya,5,3,positive
tim hrd,5,-4,negative
membantu mencari teman,5,1,positive
experts,5,0,neutral
bergabung aja susah bgt,1,-6,negative
ķoòook mcinta han putoh kawen han jadeh bajei jih lon bloe dumpue lon watei meu cinta geu tanyoe tatem khianat keu lon hai dinda laen kamita katung keu lakoe pakon uroe jeh keu lon ta cinta sipeu noh jiwa gata keu lon nyoe mu pakon jinoe meu nyoe lon tabalah tuba tabri keu lon nyoe hanco hate lon agei ter timpa bite hana bak gata adoe tatem meu kawen laen dinda pilihan bapa tatung keu lakoe rugoe meu janji meu rumoh tangga,4,2,positive
l,4,0,neutral
verifikasi login,1,0,neutral
membantu pencaker,5,4,positive
ekselen aplikasi,5,-4,negative
tingkatkn,3,0,neutral
good aplication for link of job and public relations,5,5,positive
perepisional,5,0,neutral
terimakasih linkedin,5,5,positive
sayang suka,5,6,positive
bug ya kli,5,4,positive
uptodate,5,0,neutral
open new path,5,-3,negative
bintang,5,0,neutral
mantap,5,5,positive
asik,5,4,positive
semoga human manusia selamat world dunia akhirat aamiin insya allah protector waterman superman spiderman hyperion,5,16,positive
nice i like it,4,4,positive
susah kerja,1,-1,negative
bagus banget nih bro,4,3,positive
mencari wawasan,5,-3,negative
frepect and good,5,5,positive
sy bintang instal cobaa apknya terima kasih,3,4,positive
dimengerti,1,0,neutral
bermanfaat menunjang karier,5,2,positive
bagus infonya,4,2,positive
i hope gws,4,2,positive
bisnis ku,5,3,positive
terima kasih,1,4,positive
aplikasi bermanfaat,5,1,positive
nice job app,5,4,positive
great aplikasi,5,-1,negative
bermanfaat,5,5,positive
novita l es ztari,5,0,neutral
not good,2,5,positive
linkedin sangant membantu jobseeker mencari informasi yg sayangkan terkadang koneksi internet tersendat koneksi internet bagus saran memperbaiki koneksi yg tersendat diperbaiki lg terimakasih,5,29,positive
gimana ya login verifikasi susah banget,1,2,positive
membangun memperluas jaringan,5,3,positive
bgus,2,0,neutral
more than enough,5,0,neutral
help,4,2,positive
bermanfaat utk berbagi lowker berjuang utk menghidupi keluarga,5,11,positive
thank you linkedln,5,4,positive
bag,5,0,neutral
terimakasih linkedin tim bermanfaat pengguna individu perusahaan sejenisnya,5,10,positive
verivikasi susah nya ampun malas kasih bintang,1,-4,negative
oke oke oke,5,6,positive
panggilan sehat mengatas namakan perusahaan apliasi,1,7,positive
gajelas daftar gabisa ngapain dibikin aplikasi,1,-3,negative
hybrid app cari kerja online portfolio profil pro,5,-1,negative
ya q,2,4,positive
nice link,5,4,positive
terimakasih mengembangkan aplikasi sarana penghubung pencari pemberi kerja god bless you,5,3,positive
so need for help,5,2,positive
semoga bermanfaat,4,5,positive
nice apps,4,4,positive
aplikasi nya mantap gak ngebosenin,5,1,positive
excellence link in the world,4,0,neutral
great platform for professional comunity,5,3,positive
very very good aplication,5,5,positive
very good sosmed,5,5,positive
memperifikasi aja ribet bgt yah gambar menghadap keatas udah diklik bener aja salah diulang kali salah ribet bgt si nyetbkin kesel aja,1,-13,negative
awesome,5,0,neutral
terima kasih linkedin semoga berkah sukses,5,11,positive
membantu,5,4,positive
this app be very helpfull,5,0,neutral
orang merendah hati,5,2,positive
kebanyakan korban wa perusahaan aneh aneh gak cek sih perusahaan nya pakai siup donk,1,8,positive
membantu kecurigaan kebenaran perusahaan semoga,3,7,positive
kerjakan upaya terbaik apapun yg diamanahkan padamu,5,6,positive
aplikasix sngat bagus mebantu orang dpat informasi pekerjaan bintang aplikasi,5,3,positive
tau,5,-4,negative
salah safety officer pt tunas jaya perkasa,5,7,positive
goollllll,5,0,neutral
cair,5,-1,negative
ngak verifikasi,1,0,neutral
banget,3,1,positive
manfaatnya,5,3,positive
platform membantu staf ahli mencari pekerjaan informasi keahlianya pencari tenaga kerja ahli membutuhkan,5,11,positive
aplikasi ampas sih tes pemeriksaan cepat bikin ribet anjengg,1,-8,negative
membantu menghantar apapun sukses,5,7,positive
berguna,5,5,positive
,5,0,neutral
ya bagus,1,6,positive
good job,5,5,positive
bagus gin,5,2,positive
sampoernah,5,0,neutral
permapi perhimpunan usaha masyarakat pertanian indonesia wadah penghimpun potensi usaha pertanianternak perikananpotensi kelautan penelitian pemerhati pengusaha bidang pertanianternakperikanan potensi kelautan hulu hilir menyatukan tekat sikap gerak memajukan kesejahteraan kecerdasan masyarakat pertanian pelaku agribisnis,5,11,positive
good app,5,5,positive
standar,5,-2,negative
sulit memperbaruinya memakan ruang penyimpanan,3,-7,negative
b aja,3,1,positive
apknya bagus maslahnya banyk bug masuk aja maslahnya nasuk maslah jaringan uda jgn download apk mend pindah jobstreed kedala,1,4,positive
bodoh verifikasi mu jelasgambar nya ngawur gak login,1,0,neutral
ribet pake gambar arah arah yg gajelas,1,0,neutral
akun nonaktif,1,0,neutral
suka banget aplikasinya membantuku,5,4,positive
mempromosikan loker tolong perusahaan nya yg perusahaan nya korban panggilan yg buka loker perusahaan terkait jasa calo penyalur yg uang mengatasnamakan seragam adm dll dapet kerja kagak tolong perhatikan selektif korban penipuan,1,13,positive
rusak fega andriana fega fanfiction handra sukanya,1,3,positive
aja,3,1,positive
pekerjaan,4,3,positive
mengakses bbrp orang dg jabatan professionalism,5,0,neutral
melamar pekerjaan tombol tinjau hiasan click no response very bad for the biggest sosmed jobseeker,1,2,positive
good social media for professional people,5,5,positive
woo nya membantu pertemanan dunia menambah wawasan penuh dunia dunia sejarafilmmusic lagu pendidikan dll,5,12,positive
good luck ok,5,13,positive
membantu terhubung orang,4,4,positive
mengisi kemanan akun masuk halaman login,3,-1,negative
melestarikan budaya kerja cinta pekerjaan diembani,5,8,positive
situs khusus pencari kerja pencari pekerja berkomunikasi berinteraksi langsung bagus,5,10,positive
bagus n keren,5,2,positive
bangga berkecimpung dunia bisnis media linkedin terima kasih dukungannya semoga aplikasi terbaik kedepannya,5,12,positive
membantu didunia kerja,5,6,positive
mantap apknya,5,5,positive
buka,1,3,positive
ok thank,5,8,positive
upload foto linkedin update mohon penjelasannya,4,5,positive
good apl,4,5,positive
,5,0,neutral
log in,5,0,neutral
linkeidn saingannya nambah bagus terpuruk kualitasnyaribet,2,-2,negative
linkedln membantusemoga maju sukses,5,3,positive
teknik pertambangan,5,-4,negative
jaringan luasvery much,5,3,positive
masuk tp blum dpt kerjaan dr an,3,-1,negative
mmbntu info,5,-3,negative
muharamin,5,0,neutral
nyaman dipakainya,2,4,positive
qa,1,0,neutral
like this,5,0,neutral
smangat,5,0,neutral
akun dinonaktifkan alasan yg sial,1,-5,negative
satucinta,5,0,neutral
sulit menggunakannya,1,0,neutral
takut menghadapi seberat lakilaki pantang mundur jiwa sejati hrus kuat,3,2,positive
gak ngirim cv,1,0,neutral
verifikasi masuk gajelas,1,-3,negative
be really useful for make new contact and connect with people i know but my account be ban for long time with no solution thank linkedin,5,4,positive
masalh signal full jdi ga dpet informasi skali,2,2,positive
suka menginfokan seputar skill pengalaman isi cv diurutkan rapi terhubung industri perusahaan diminati,5,13,positive
mantap sukses selaleu,5,8,positive
so slowly,3,0,neutral
aplikasi bapuk verifikasi dibikin susah,1,-7,negative
ak kirim pap km biar km prcaya kalo ak manusia,1,6,positive
juancok buagus,5,0,neutral
very good app hope we meet good work and relation here the best of the best,5,10,positive
periksa keamanan masuk login maunya ap terimakasih,1,-4,negative
chat ajh kudu bayar parah,1,-1,negative
aplikasi bagus,5,-2,negative
apkh cari job,4,-3,negative
becanda kah login verifikasi pake nebak hewan menghadap keatas pake hewan pilihan kek pilihan sampe,1,10,positive
very powerful and useful,5,0,neutral
nggatheli cok,1,0,neutral
info lowonganya penipu,1,-7,negative
kali upgrade nya,1,0,neutral
aplikasi karyawan pencari kerja,5,1,positive
aplikasi diperbaiki verifikasi pengguna masuk aplikasi dipersulit gambar keterangan,1,-8,negative
haloooo pegawai linkedin yth main blokir akun enaknya info hapus data linkedin butuh aplikasi kesalahan apaapa tibatiba akun non aktifkan informasi dimana letak profesionalisme memposting postingan berisi konten hoaks penipuan sejenis,1,-19,negative
interestingwe can hear so many exsplane n how n why from very succesful man and woman on the worldvery exitead,5,-3,negative
bagus mohon dipermudah settingannya melamar pekerjaannya,4,4,positive
aplikasi membantu menambah ilmu didalam aplikasi orang hebat inspirasi terapkan terimakasih linkedin,5,5,positive
semoga membantu,4,4,positive
tolong dri link in klo basmi qnet nipu yg post loker harap diperketat sertakan surat resmi prusahaan,1,3,positive
aplikasi berguna menambah wawasan membantu menciptakan lapangan kerja membutuhkan,5,13,positive
aplikasi nya membantu pencari kerja mepersulit org dgn verifikasi yg ga ga berkali coba sdh puluhan kali salah mulu gambar kodok nya taw ngadep kiri kanan suka lo dah menyebalkan maaf uninstall app jelek berguna,1,1,positive
bad,2,-4,negative
good program,5,5,positive
pakai,4,0,neutral
many benefit to look for job seeker try it,5,0,neutral
mencoba,1,0,neutral
verifikasi daftar pengguna sulit udah coba berulang kali tetep salah maaf bintang ya makasih,1,10,positive
bintang,5,0,neutral
tolong gimna sii mksdnya si kodok susah,1,-2,negative
si bikin akun aja dibikinn ribet verifikasi aplikasi taai,1,-7,negative
aplikasi bagus penuh degan,5,-2,negative
job portal membantu penggunanya,5,4,positive
gatau makenyatp kayanya bagus,4,-1,negative
email,3,0,neutral
maintenance,5,0,neutral
coba dlu dah,5,-1,negative
medsos berkelas banget,5,1,positive
ntap,5,0,neutral
good aplikasi,4,1,positive
oke,4,2,positive
aplikasi ga bgt msuknya susah ga,1,-7,negative
akun tibatiba dinonaktifkan akunnya tugas kuliah mohon bantuannya mengaktifkan akun mohon tangani terimakasih,3,9,positive
proses pemblokiran kesal,2,5,positive
why be it slow when run the application be too slow and a problem occur i have be upgrade every time but the problem persist i cant use it even to view the homepage or notifications,1,-8,negative
membatudan bermanfaat aplikasi nya,5,1,positive
terima kasih bantuannya,5,4,positive
aplikasi aplikasi membawa go internasional go world wide,3,-8,negative
field asistant,4,0,neutral
motivasi yg yg diambil pengalamanyg berbagi suka duka pengorbanan kesuksesanbisa dijadikan semangat yg,5,16,positive
the best of application for job seeker many utility of skill and utility of experience for your improvement career,5,0,neutral
gimna sih verifikasi nya,4,0,neutral
aplikasi bagus membangun network,5,-2,negative
llllloppopoo,3,0,neutral
bagus,1,2,positive
kak pc gt gak klo onlinedi pc hrus verivication gt susah,4,-3,negative
salesman,3,0,neutral
boga group bakerzin hurricanes grill pancake co by dore,5,0,neutral
aplikasinya bagus mantap,5,7,positive
semoga berhasil cari loker,5,0,neutral
pa rudy gbr blk mesanine dimensi nya unp eddy susanto,5,-5,negative
good job,5,5,positive
tlong donk byk bngt info loker yg hoax d skip,2,-8,negative
masuk aja susah apk gajelas,1,-5,negative
koneksi,3,2,positive
iklan proses daftar rumit mesti bayar,1,-5,negative
bagus info pekerjaan aktivitas kerja relevan teman,5,4,positive
verifikasi,1,0,neutral
fiktur,5,0,neutral
cool,3,2,positive
aja info loker,3,-2,negative
purno,5,0,neutral
alhamdulillah kenalan pengusaha,4,5,positive
dipercaya sepenuhnya perusahaan penipu hati hati melamar pekerjaan,1,3,positive
what the hell be thisthis app doesnt suit medont download ityoull regret it later,1,0,neutral
coba kasih bintang bagus memuaskan bintang jelek copot,4,7,positive
membantu mencari relasi kerja,5,6,positive
coba yasemoga sesuai harapan sayathank you,4,5,positive
ok thank,5,8,positive
kerja,4,2,positive
gk aplikasi gak penghasilan,1,-4,negative
pemandu wisata karaton sumenep th,4,0,neutral
aplikasi aplikasi yg utk pencari kerja freshgraduate experience rekruiter manfaat positif yg tergantung yg mengolahnya terimakasih linkedin,5,11,positive
semangat belajar,5,7,positive
selaluh setia selaluh sehat walafiat aktifitas sehari,5,0,neutral
sy berbagay plat stainless lainya cover cladding intalasi eskalator tks,5,3,positive
jaabvwa rtaag a p qqi fff ga gt ttvtjj,5,0,neutral
terima kasih linkedin memperbarui aplikasi berkala memperbaiki bug meningkatkan performa fitur membantu terhubung jaringan profesional membina karier,5,7,positive
𝘁𝗼𝗹,1,0,neutral
susah ya kerja aplikasi,3,-1,negative
semoga pekerjaan mudah,5,7,positive
aplikasi zaman now bagus,5,-2,negative
aplikasi apaaan si kaga niat lu ya biar orang download doang astaghfirullah jahat,1,-5,negative
verivikasinya drai gambar kodok banteng gak yg bener udah pilih sesuai,1,1,positive
instal aplikasi ntar nyeselll udah jelek dipersulit verifikasi disuruh pilih gambar badak menghadap keatas salah mulu udah bener nyesel habisin kuota doang,1,-16,negative
great app for people to get connect in industry area but unfortunately sometimes its hard to solve the verification methodetried to select the same picture can you give more easier method to login i hope you will hear this,3,3,positive
paham,1,0,neutral
jelek banget pas verifikasi gak masuk akal coba berkali kali salah,1,-6,negative
amira tent perusahaan bergerak bidang jasa sewa tenda perlengkapan alat pesta perusahaan perorangan mengadakan event wed pernikahan launch grand open peresmian pabrik bazar ulang jenis tenda tenda roder tenda roder dekorasi tenda roder dekorasi vip tenda roder transparan tenda dekorasi pernikahan tenda bazar tenda event tenda kantor market service tenda gudang amira tent,5,26,positive
membantu ingormasi lowongan kerja,5,6,positive
user friendly bermanfaat utk karir bisnis layanan profesional kesulitan verifikasi dsb yah seleksi alam gausah pake linkedin dtg langsung aja pos satpam bawa map,5,9,positive
sentuh gambar hadap atastpi up tepathddhhhh apaanngk bgt,1,3,positive
jaringannya universalmembermember mancanegarabanyak orang orang nih,5,0,neutral
aplikasi membantu,5,0,neutral
jelek bgtt verifikasi aneh bgt,1,-1,negative
susah cocokin gambarnya,1,-3,negative
sentuh gambar yg mengadap keatas pala kau cape udah plis ga yg instal loginnya persulit mend instal joobstreet apk loker yg,1,-1,negative
akun kali nonaktifkan payah ad niatan berbuat jahat iseng,1,-7,negative
w z,5,0,neutral
recruitment abal abal bodong,1,0,neutral
i have good experience for instal this application its help me to reach more job than before thank,5,11,positive
scam,1,0,neutral
tensi aj ni app dah tau login lgsung pake email tp end ny email lg utk msuk,1,-11,negative
good info update if you need for the job,5,2,positive
perbaikin verifikasi bnr,1,0,neutral
obb,5,0,neutral
bgus bnget jjjj,5,0,neutral
login daftar susah aneh bgt verifikasi suruh pilih gambar yg menghadap klik salah coba sampe kiamat,1,-5,negative
dibuka buruk,1,-5,negative
,5,0,neutral
pas login isi kode recaptcha ga ya x keamanan sistem aplikasi ga acc aplikasi,1,-6,negative
sorry nih kasih bintang akun aja susah banget disuruh cari gambar hadap dicoba berkali ttp salah,1,-8,negative
akun bakai email berbeda tetep aja ga uninstall aja terimakasih,1,3,positive
apaaa sihhh diverifikasi susah ya disuruh pilih gambar yg menghadap tetep salah gatau dahhh kecewa,1,-6,negative
,5,0,neutral
sdh lana ditinggalkan,3,0,neutral
yahsmoga dgn sgala yg perlukan lancar,5,4,positive
way,5,0,neutral
terimakasih membatu orang,5,7,positive
ga app nya,1,0,neutral
ga donlot,1,0,neutral
aplikasi bangke,1,-4,negative
lambat ya,3,5,positive
banget nih aplikasi,5,-3,negative
pelayanan nya memuaskan suka,5,11,positive
poor,4,-4,negative
maaf kasih bintang akun dinonaktifkan alasan dipulihkan tetep ngga,1,2,positive
job description good,5,5,positive
musimaplikasimusiklgukenangan,1,0,neutral
ga diupgrade ga dibuka aplikasinya,1,0,neutral
i cant login to my account,1,0,neutral
membatu bersosialisasi,5,2,positive
,5,0,neutral
akurat,5,0,neutral
aplikasi nya lucu yaa bikin orang darah,1,3,positive
,1,0,neutral
ok banget,5,5,positive
diperbaiki,5,0,neutral
membantu,5,4,positive
ikuti kuisnya versi bahasa indonesia nya nya,2,-4,negative
semoga bermanpaat,5,0,neutral
uninstallnya gimana,3,0,neutral
aplikasi gak enak gak verifikasi pakai gambar gak memgarah jagan instal maaf,1,5,positive
dikasih bintang biar dinotice konfirmasi gambar mbe yg hadap keatas sulit sih unik emang bikin emosi org yg gatau,5,10,positive
maaf verifikasi nya konyol suruh cari kudanil lihat sampe tanggan gempor gak berhasil berhasil,1,3,positive
,2,0,neutral
update app nya berat buka bugentah kuota penuh internet daerah lumayan bagus tolong pengembang app nya perbaiki,2,7,positive
biar produkku dulumodal trùs join fi linkedin,5,2,positive
menemukan orang orang profesional bidangnya,5,2,positive
info lokernya akurat,5,-3,negative
gatau buka aplikasi terhenti muat ulang hmmmm,2,-5,negative
gimana ya gabisa login karna sistem keamanan memilih gambar eror berpuluh kali salah gabisa masuk tolong dibenahi,3,-6,negative
aplikasi ngga download bro nyesel kalo download,1,-11,negative
god luck,5,4,positive
amaze for legal network,5,0,neutral
𝙳𝚊𝚙𝚊𝚝 𝚝𝚎𝚖𝚊𝚗 𝚔𝚎𝚛𝚓𝚊,5,0,neutral
bagusssss bangetttt,5,0,neutral
oke mantap,5,7,positive
membantu,5,4,positive
semoga bermanfaat,5,5,positive
login laptop aja pake verifikasi gambar kodok kagak login hp ga seribet aplikasi ga ga ribet udah berhasil verifikasi dilaptop aja ga emosi gue,1,-3,negative
akun aja dbikin ribet gk apk gk jls,1,-3,negative
gimana mengembankaa usaha maksimal,5,4,positive
dana prakerja,1,4,positive
aplikasi bagus pencari kerja,5,0,neutral
mudah mencari kerja bnyak nya koneksi linkedin,5,5,positive
haha suruh cari yg mnhdap smpe biar nungguing giliran biar mnghadap ttp aja salah heemmm gak beres gak apk nya,1,-3,negative
o k,5,0,neutral
the app be really waste my samsung phone device storage thats why i give a one star rat,1,-2,negative
goooddd,5,0,neutral
aplikasi yg membantu,5,0,neutral
pelayanannya sinyalnya kadang hilang didaerah parung,4,6,positive
kurir,5,0,neutral
solusi motivasi sip daaaaah,5,6,positive
ngelamar login login udah gitu pas regist gagal dasar anak dajjal,1,-4,negative
gajelasssss masuk susah bnr,1,-6,negative
ga paham gunaan nya apl tolong jelasin,2,3,positive
joźzz,5,0,neutral
mencoba,5,0,neutral
bersyukur masuk linkedin bermedia sosial,5,6,positive
teka teki nya nyiksa sumpah,1,-1,negative
memanfaatkan kesempatan kesempitan serahkan urusan yg maha kuasa tuhan yme mudah mudahan kemudahan,5,18,positive
verifikasinya susah dipilih coba pakek hp laptop tolong diperbaiki kalo kyk gni ngk biaa akunnya salah dri tekateki gambar suara,1,2,positive
susah verifikasi iq jungkok,5,-3,negative
coba daftar aja susah pilih gambar dibilang salah,1,-3,negative
yoss auto uninstall dev lu ngabantu orang mempersulit orang masuk disuruh verfikasi aja dipersulit gk banget,1,-3,negative
cocok,2,4,positive
sangad,5,0,neutral
,1,0,neutral
ok,3,4,positive
i cant sign in so annoy,3,0,neutral
yeah,4,0,neutral
bagus mempermudah mencari pekerjaan dipertemukan orang circle,5,-1,negative
hubungan kerja simpel praktis,5,9,positive
daftar aja dipersulit gimana makenya,1,2,positive
cb dlu,4,0,neutral
menambah relasi,5,6,positive
bismillahirrahmanirrahim assalamualaikum warahmatullahi wabarakatuh,5,3,positive
udh download gak akun payah,1,0,neutral
log in daftar udah coba verifikasi berkali kali tetep ga,1,3,positive
semangan putus asa,2,6,positive
membantubagi,5,0,neutral
tolong tambahkan mode gelap please add dark mode,5,-4,negative
divisi keuangan admin,3,0,neutral
akun apk ga berguna terimkasih,1,5,positive
bagus untk persahabatan benua,5,6,positive
setia melayani,5,-1,negative
prakerja,5,0,neutral
,5,0,neutral
membanti,5,0,neutral
susah verifikasinya gambar kodok yg pilih salah,1,-9,negative
xzaz,3,0,neutral
,5,0,neutral
memuaskan,5,5,positive
aplikasi membantu cari kerja curhat kerjan doang kebanyakan share pengalaman doank,1,6,positive
execelent,4,0,neutral
suka padasoso orang diya tida poka,5,3,positive
dibanding aplikasi job seeker yg,5,-4,negative
tdk ok,2,4,positive
suka eror buka responsangat kecewa si,1,2,positive
jelek kesalahan login mend web,1,-10,negative
its good for connect people in the world,5,5,positive
dapatkan,3,2,positive
berjumpa teman hebat,5,0,neutral
keren mantap,5,5,positive
lumayan lancar update,3,5,positive
driver and bangunan proverty,5,0,neutral
akun cek ulasan akun bantuan hapus aplikasi,1,-8,negative
kuaaaatrrroooieeekk update,5,0,neutral
jrlek,1,0,neutral
log in susah siiih bolak gagal heran deh,1,-3,negative
bikin paket gua abiszz,1,1,positive
maaf ya kasi bintang share link video youtube linkedin aplikasi linkedin eror aplikasi linkedin terpaksa uninstall,1,-13,negative
bagus,2,2,positive
verifikasi pakai teka teki cari kerja susah dimakin susahi hadeh,1,-8,negative
maaf kasih bintang aja kecewa bangat dgn apknya disuruh pilih gambar yg menghadap verifikasi susah bangat udh pilih yg puluhan kali gagal trs kecewa bangat dowloadnya,1,-6,negative
verifikasi aja susah banget pusing,1,-5,negative
linkedln membantu berusahatank you linkedln,5,4,positive
kemarin yg bobol akun ku linkedlnuntung sdh privatskrng lihat yg pakai akunku disinimangkanya download linkedlntolong jk nama yg bobol pakai akun ku inisaya tdk bertanggung jawabkarena tdk linkedlnskrng dowload yg memakainya,5,-5,negative
goog,5,0,neutral
niat aplikasi download daftar verifikasinya salah tolong aplikasi,1,-8,negative
info mengenal job yg,5,-2,negative
membantu wawasan,5,4,positive
update mulu,1,2,positive
nagih gaji rate aplikasi wkwk,1,-4,negative
membantu akses kedunia berbagi pengalaman mencari pengembangan kegiatan usaha,4,14,positive
syrat nya susah,1,-3,negative
semangattttttt,5,0,neutral
ksh dl blm dpt krj,3,0,neutral
lihat,1,3,positive
ç c k,4,0,neutral
mantap,5,5,positive
oke banget informasinya,5,5,positive
keren,4,0,neutral
apk tolol susah kali daftar aja ribet verifikasinya muter gak,1,-10,negative
aplikasi mendidik patut apresiasi,5,1,positive
sumpah udh kali masuk aja susah banget hahaha fix uninstal,1,-1,negative
verifikasi ya ribet udh d suara berhasil d alihkan tebak gambar cepat salah berkali kali salah uninstall ribet,1,1,positive
sulit pemeriksaan kemanannya login,1,0,neutral
aplikasi membantu terimakasih linkedln,5,5,positive
up,5,0,neutral
break verifikasi udh trus disuruh verifikasi berkali kali aplikasi break,1,-6,negative
asu login nya susah nian bangsat,1,-4,negative
susah daftarnya udah masukin no hp disuruh ngulang pas udah dimasukin gak dicoba login akunnya gak,3,0,neutral
exlusive good,5,5,positive
good pokok nya,5,8,positive
memudahkan,5,3,positive
bagusmantap,5,0,neutral
coba jalan,5,2,positive
manfaatnya,5,3,positive
hei dev klo aplikasi yg bnr ya tolol bngt gmpang email gmail dripada login linkedin dsruh pecahkan tekateki situ tolol n brengsek orang download app cari kerja bermain teka teki yg gk bermutu boss,1,-13,negative
nice apps to get good opportunity,4,9,positive
linkedin media sosial yg bagus membangun jaringan profesionalitas kerja,5,11,positive
mantab,4,0,neutral
ok,4,4,positive
opsional,5,0,neutral
informasi begabung linkedia terimakasih,4,7,positive
kualitas tingkatkan,5,4,positive
动dota 不卡,1,0,neutral
tlg masukkan perangkat yg gagal dlm mengaktifkannya,1,-1,negative
rumah tangga tanggung jawabmu waregza dela hoya sidabutar yg lari tanggung pembayaran garuk piringan div sinar mas kandista asslap ptsampoernaagro tbk kebun sumber sawit oki palembang janjimu bayar hasil kerjaku asisten yg ingkar janji rp tunggu niat baikmu malu almamatermu malu tanggung jawabmu asisten,5,-7,negative
nice job,5,4,positive
halo kecewa linkedin akun nonaktifkan melalukan larang mencoba memverifikasi akun ditolak mengikuti rule tolong kembalikan akun,1,0,neutral
mencari pekerjaan tes gambar menghadap keatas,1,2,positive
krend,5,0,neutral
bagus,4,2,positive
the good job,5,5,positive
verif nya susah sih udh mumet cari kerja mumet verif nya gajelas jga clue nya yg bener aja bgtu dipersulit banget,1,-7,negative
gabisa uninstall,1,0,neutral
super,3,3,positive
memudahkan bertransaksi,5,6,positive
kali sa mo masuk up date truss yha,3,-3,negative
perusahaan pialang ya dikasih linkedln laporan ditindaklanjuti kalah platform sebelah,1,-7,negative
good to know and implement linkedin as a partner of my career,5,5,positive
bagus menambah link bisnis,5,8,positive
membantu lowongan kerja,4,6,positive
bagus bnnngggeeettt,5,2,positive
too,3,0,neutral
mayan,5,0,neutral
membantu,4,4,positive
,2,0,neutral
gak diuninstall,1,0,neutral
testimoni,5,3,positive
link luas wawasan terbuka lebar,5,9,positive
berguna profesional,5,5,positive
komunikatif n peduli,4,4,positive
,5,0,neutral
guten,4,0,neutral
keren aplikasi nya,4,-4,negative
lumayan,1,1,positive
terbukti pekerjaan,1,6,positive
nice for look job,5,4,positive
aplikasi nya bagus,5,-2,negative
android koneksi,4,2,positive
bagus aja,5,3,positive
gak daftar terosssssssssssss gagal akun gitu aja,1,-2,negative
keren,5,0,neutral
tolong gak login bikin akun gak,1,3,positive
great apps and super useful,5,6,positive
,5,0,neutral
ngak tau,1,-4,negative
gabisa akun udh masukin nomer eh aja puter,1,1,positive
support lifestyle,5,4,positive
suka aplikaai,5,3,positive
v good,5,5,positive
woah,5,0,neutral
aplikasi mencari kerja aplikasi curhat pekerja,1,-4,negative
penasaran,5,-3,negative
lupa sandi log in ribet bgt verifikasinyaaaa,2,-3,negative
membantu menambah relatiin,5,7,positive
susah daftar verifikasi kodok zuma gagal gambar menghadap keatas ga pilihan kodok zuma keatas menyusahkan pencari kerja plissss,1,3,positive
profesional berkembang on the linkedin of the best thank,4,4,positive
membantu ad lowongan ngasih tauterima kasih linkedln,5,9,positive
ribet hrus verik gambar salah mulu ga mutu,1,-1,negative
rekomendasi menjalin hubungan kerja profesional,5,2,positive
semog,3,0,neutral
simpel bijaksana efisien efektif,5,13,positive
ninggalin linkedin aktif,3,-2,negative
bikin akun gabisa kalo gabisa login gtu aja trs,1,1,positive
daftar susah pemeriksaan robot salah daftar akun tetep ajh salah,2,-9,negative
bismillahirrahmanirrahim assalamualaikum warahmatullahi wabarakatuh,5,3,positive
sungguh,5,4,positive
terbaik inovatif,5,5,positive
info lowongan kerja yg akurat job seeker,5,-1,negative
radio,5,0,neutral
linkedl very good,5,5,positive
membuka pesan bnyk mengirim pesan sayajadi tau informasi teman teman,1,2,positive
bagus ringan berisi mantap,5,9,positive
bermanfaat mudah dipelajari,5,9,positive
jelek bngett,1,-5,negative
good for the information,5,5,positive
great channel to connect with industry professional,5,3,positive
hidup perbuatan,4,2,positive
suka,5,3,positive
update bro,2,0,neutral
pas update parah ga scroll bawa mohon perbaiki,3,1,positive
aplikasi,5,-4,negative
informatif,5,0,neutral
step by,5,0,neutral
menjalin relasi,3,3,positive
like it,5,0,neutral
good to work with,5,5,positive
ra paham,2,0,neutral
linkedin bagus mohon ditingkatkan fiturfitur menariknya,5,4,positive
aplikasi,5,-4,negative
rekomendasi,5,0,neutral
mantap,5,5,positive
maaf tertarik,1,4,positive
colll,5,0,neutral
versi dark mode linkedin,3,0,neutral
aplikasi ringan,5,-2,negative
dicoba,1,2,positive
not nice low respon when i try to cancel for pay take money very bad,1,2,positive
coba dlu,5,2,positive
bagus banget membantu,5,7,positive
paham masu alvikasi,5,0,neutral
success linkedlngood job,5,0,neutral
good,5,5,positive
teramat loker abal palsu yg muncul sistim it nya ga verivikasi komplit an absah an pt cv nya dipilih domisili a yg nongol daerah lucu banget aplikasi it nya newbie ya,1,3,positive
gk log in log in,2,0,neutral
bantu segalahal menmbah ilmupengetahun kreatifitas,5,3,positive
,3,0,neutral
admin akun nonaktif ya pdahal gk ngapain cman apply kerja aja tolong bantuannya,1,10,positive
,5,0,neutral
ok jos,5,4,positive
ok l,1,4,positive
yeoa,5,0,neutral
manfaat,5,5,positive
verifikasi nya ngga tahap verifikasi salah,2,-6,negative
mncoba,2,0,neutral
terhubung jaringan profesional menyenangkan menambah ilmu lingkungan jaringan positif,5,24,positive
sangay membantu jobseekers mencari kerja,5,3,positive
juossstenanpokoke bnyk info menarik plus sngt pnting seputar loker,5,3,positive
masuk aja payah kali pengamannya payah,1,-2,negative
asswrwb mintak saran sy login email account facebook,5,2,positive
aplikasinya bagus banget,5,3,positive
lumayan,3,1,positive
its very good,5,5,positive
im happy to have this link thank you for the attention and your kind,5,9,positive
berharap membantu,5,8,positive
fositip tingking,5,0,neutral
mudah cepat,5,7,positive
aplikasi membantu terhubung kolega kolega sahabat sahabat,5,8,positive
aplikasi bagus cepet gak lemot kyk aplikasi bank cib,5,-9,negative
tebak tekateki mempercaya benarbenar manusia what can i ask again be the person who makesowns this apk really human unanswered question,1,6,positive
nyari kerja udh lulus s,5,5,positive
terima kasih aplikasinya keren silaturahmi cari rekan bisnis dll,5,8,positive
bagus bintang nya,4,2,positive
fuk with security check linkedin i always mistake,1,1,positive
good app i like it,5,5,positive
membantu pencari kerjaterima kasih,5,6,positive
tingkatkan,5,0,neutral
its look good help us to find job make network and coordinate with industri where we want to work,4,7,positive
terimakasih linkedin platform share portfolio profesional thank,5,9,positive
ndak,1,-3,negative
siiiippo,5,0,neutral
mantap keren,5,5,positive
bnyak relasi bagus,5,5,positive
tolong info nya masukin berkas lamaran aplikasi nya gmna ko ga ya mohon info nya,5,-1,negative
uup,5,0,neutral
ox makadih,3,0,neutral
pengalaman dapatkan linkedln,5,4,positive
app ne bagus bgi,5,2,positive
lumayan mantep sich,3,1,positive
pengalaman,4,2,positive
gimana akun dinonaktifkan gajelas mulia admin,1,0,neutral
mati,1,4,positive
tolong logintulisannya akun nonaktif trus akun tulisan dipakai orang kannn gimannaaaa takut akun dipakai orang bertanggung,1,4,positive
membantu bintang linkedin,5,4,positive
menerima,3,3,positive
keren banget mengkoneksikan perusahaan,5,4,positive
dapet kerjaan platform nggak pecah telor pecah telor wkwkwkwk,5,5,positive
best profesional medsos,5,0,neutral
aplikasi profesional akun dinonaktifkan pemberitahuan data real akurat melangar,1,-8,negative
p p,5,0,neutral
ragamdan manfaat apl linkedin ilmu pengalaman orang orang expert bidangnya menambah kepercayaan sukses maju sia siakan waktumu u bergabung linkedin membuatmu tersenyum bahagia ayobergabung linkedin,5,19,positive
inih mechanical engineriing specialistd yg mengembangkan imtaq iptek yg dpt bangku sekolah tk lulus kuliah,5,9,positive
keren membantu mencari info lowongan pekerjaan terhubung langsung orang orang profesional sukses,5,7,positive
senang bermanfaat,5,10,positive
terbaik,5,5,positive
,3,0,neutral
m mencoba,2,0,neutral
kali bikin akun kali akun nonaktifkan gak apps log out the best,1,0,neutral
cakep,3,5,positive
maksudnya berbayar ya,3,0,neutral
źc mv,1,0,neutral
bagus mengembangkan poto kampung inggris tempirai pali apk linkedln terimakasih linkedln,5,7,positive
aplikasihnya bagus gaees,5,2,positive
linkedin be good,5,5,positive
if you find for a pro connection this be be the app,5,0,neutral
oke oke,3,4,positive
akun pas login google ga login manual gabisa tulisannya menunggu gimana sih,2,0,neutral
ok,1,4,positive
ms maksud manfaat nya utk sy br mencoba buka,5,11,positive
very good apps,5,5,positive
berbeda versi buka postingan,1,-1,negative
semoga dpt kerja linkedin,5,2,positive
recomended,5,0,neutral
apk gjls ngentod,1,0,neutral
parahh gak bisaa masuk sekalii udh uninstal ulang tolong diperbaiki,1,0,neutral
aplikasi bagus menunjang profesionalitas profesi,5,-5,negative
suka,5,3,positive
mantaf bermanfaat terimakasih,5,10,positive
gk verifikasi udh jwb suruh ulangi,1,-2,negative
aplikasi media sosial berguna berfokus dunia pekerjaan memudahkan mencari pekerjaan minati bertemu relasi orang,5,17,positive
keren tawaran kerja,5,2,positive
coba dark mode nyaman si,4,6,positive
nya orang professional,5,0,neutral
aplk yg membantu menghubungkan dgn relasi yg,5,7,positive
surat vaksin,2,0,neutral
gk bsa kebuka verifikasiggl trus ribet,1,-4,negative
menambah memperbesar link insight,5,3,positive
nyoba,5,0,neutral
habis update kau terbuka,1,6,positive
okq,5,0,neutral
media social beda lainprofessional berwibawa,5,1,positive
ok suka,5,7,positive
loker bohong,1,-5,negative
burik,1,0,neutral
gak buka tolong perbaikithanks,3,6,positive
d update koq foto profil nya hilang wkt d lg gak muncul lemot postingan org foto video gak bs muncul,1,6,positive
good media to everybody for skill share information,5,5,positive
kode keamanannya susah salah salah,1,-14,negative
execelent,5,0,neutral
jooooooopos,5,0,neutral
bagus efektif,4,7,positive
small chages can make a big difference,5,0,neutral
salah jejaring sosial profesional diakses orangorang kalangan profesional aksessibel profesional muda disabilitas sensorik netra,5,-2,negative
trimks impormasi pekerjaan,5,3,positive
ketemu teman,3,1,positive
ok harapan,5,4,positive
upadate gambar foto,1,5,positive
tolong perbaiki bug nya aplikasi nya ga dibuka coba diinstall ulang terbuka device poco f pro,1,4,positive
susah kalauminta updatenon aktifkan aja,1,-2,negative
mantap,4,5,positive
top bangetok,5,5,positive
susah login nya bikin pasword nya,1,-3,negative
linkedln aplikasi terbaik pertahankan kwalitas,5,2,positive
aplikasi membantu pencari kerja,5,2,positive
vesbuk,4,0,neutral
semoga dpt membantu mencari pekerjaan driver,4,4,positive
,2,0,neutral
blm paham pungsi nya,5,0,neutral
,5,0,neutral
sampaah,1,0,neutral
smoga aja dapet kerja,5,5,positive
aplikasi benarbenar menambah relasi kalangan pekerjaan alumni jurusan info terbaru terkait lowongan kerja mantapp linkedin,5,5,positive
komplit,5,0,neutral
susah login,1,-3,negative
semoga linkedin urusan yg membawa jlan sukses motivasi orang aplikasi terimah kasih,4,4,positive
abis donload disuruh verifikasi robot dsruh milih gambar yg menghadap susah bedainya bingung nyari yg menghadap gmna org palanya tolong verifikasi laen,1,-3,negative
gagal terusssaplikasi ni,1,-4,negative
mantappp,4,0,neutral
bagus pelamar kerja,5,4,positive
e ek mah aplikasie,1,0,neutral
walpaper,5,0,neutral
membantu informasi kerja perusahaan membantu oramg berkomunikasi kerja,5,17,positive
verifikasi rumit,1,-5,negative
mantabbsemoga pekerjaan keberkahan mrlalui aplikasi,5,-1,negative
bantuan beras seliter pangan sehari bansos klurahan rt no kranji bekasi barat rahmat,5,-3,negative
membantu mencari pekerjaan,5,4,positive
go,5,0,neutral
mksh kmi bergabung aplikasi,2,-6,negative
link ajh,5,0,neutral
mantull,5,0,neutral
crash pas quis lencana udah nomor mantep bgt,1,-4,negative
akun sehari dipakai udah kena nonaktif penjelasan pelanggaran pelanggaran,1,0,neutral
semoga lbh,5,0,neutral
bagus terimakasih ya,5,11,positive
job information,5,0,neutral
bermanfaat mencari kerja,5,4,positive
mengajar smp tri tunggal surabaya pengalaman peroleh disana teman teman kerja kepala sekolah berwibawa berat hati pindah tugas diterima pns smpn tulangan sidoarjo jawa timur ditempat kerja mengenal teman teman pengalaman disana mengembangkan keahlianku pendidik mengikuti pelatihan,5,25,positive
tolong data hapus,3,-3,negative
iya aplikasi sayat bagus,5,-6,negative
good luck,3,9,positive
menghubungkan profesi relasi latar,5,3,positive
goodlah,5,0,neutral
goder,1,0,neutral
laode serfian naisa nya laod serdin,5,0,neutral
sitijindanbenar pemakai,5,0,neutral
sopi bagus,5,2,positive
perusahaan palsu yg buka lowongan,1,6,positive
mantapp,5,0,neutral
berani kasih bintang bagus pertahankan,5,5,positive
bergerak bidang perdagangan pertanian,5,0,neutral
s a b p awlz t tjw t,3,0,neutral
mantap nih aplikasi nya membantu pasang iklan,5,9,positive
connect people,5,0,neutral
agus suparru republik,5,0,neutral
aplikasinya,5,0,neutral
sih linkedin suka loadingnya kadang tibatiba load menganggu aktifitas sceoll,5,6,positive
y,5,0,neutral
linkedln aplikasi menginspirasi membantu,5,0,neutral
scaffolder,5,0,neutral
juli today i change the star that previously give a star rat then update the change to star because my account have absolutely no access to use again please fix again,1,-3,negative
bagus share information hard work negara,4,2,positive
ga tau aplikasi,1,-8,negative
pas akun verifikasi nya bolakbalik hmmmmmm,1,3,positive
nagus link persahabatan berbisnis,5,4,positive
jaringan internet lancar,5,7,positive
lumayan,5,1,positive
lumayan,4,1,positive
bagus bngt,5,2,positive
semoga jembatan rejeki apk linkedin iniamin,4,0,neutral
jelek ni aplikasi nya,1,-9,negative
linkedinperlindungan dasar hukum kamibersamamoe akoeselamanya,5,3,positive
download pembuatan akunnya susah banget verivikasinya mutermuter pertanyaannya manusia,1,1,positive
aplikasi gunanya merugikan,1,-4,negative
ya kabar,5,6,positive
informatif bidang profesionalisme,5,0,neutral
youtube facebook indonesia nang nanggroejih atei,4,-5,negative
memuaskan hasil,5,8,positive
wokee,5,0,neutral
wawzer,5,0,neutral
kumu sic ajivf,1,0,neutral
gabisa masuk gak,1,-3,negative
q qaa,3,0,neutral
pdhl apk nya ga jg ga prnh download tp knp tb apk ter install,1,0,neutral
ntap,5,0,neutral
bengek banget nih nggak ganti foto profil,2,8,positive
aplikasi bagus menghubungi orang kenal,5,2,positive
teman,1,0,neutral
paham manfaatnya,2,3,positive
baiiiiiiiiiiiiiik,5,0,neutral
mabtap,5,0,neutral
uhu,5,0,neutral
membantu berkomunikasi lbh,3,4,positive
keburu kesel sma katak nya milih jam ga pernh benr taikaplikasi ga jels,1,-10,negative
pribadi,5,0,neutral
dapet kerja kgk update mulu,1,3,positive
ok,5,4,positive
linkedln,1,0,neutral
app,5,0,neutral
sipppp,5,0,neutral
poco x pro,5,0,neutral
sumber informasi yg akurat luas era informasi peluang kerja informasi jaringan bisnis yg linkedin,5,17,positive
nicw,5,0,neutral
bintang sdh,4,0,neutral
akun nonaktifkan gak ngapa ngapain,1,0,neutral
masuk aja susahnya ampun kode keamanan nebak gambar madep gak,1,-5,negative
bagus,1,2,positive
apps bagus mantaplah pokoknya gue dapet kerjaan,5,3,positive
lengkap,5,2,positive
pergaulan,4,0,neutral
nice good,5,9,positive
mudah melamar pekerjaan,5,7,positive
mebantu,4,0,neutral
,5,0,neutral
gimana aplikasi,4,-4,negative
dibutuhkan,5,0,neutral
nikjl,5,0,neutral
bagus utk cari pekerjaan dimana,5,2,positive
gak memposting sih berkali kali coba memposting,3,2,positive
seep,5,0,neutral
rekomen,5,0,neutral
membantu menarik pribadi share informasi tau berita ter update dunia oilgas pribadi nicevery nice cheer for you all,5,7,positive
apk gak layak,1,3,positive
manfaat aplikasi uninstall aj,3,1,positive
update,1,0,neutral
ribet donload vertivikasi gua sangka robot,1,-4,negative
kirim lamaran diarahin melamar via jooble dapet panggilan interview penipuan hedeuh,3,4,positive
aplikasi jasa keuangan asuransi kl cari kerja jasa keuangan tempatnya asuransi,5,3,positive
serve w srundeng w,5,0,neutral
mudahan mudahan bs bermanfaat,5,7,positive
membantu konektifitas kolega mempermudah mencari informasi pekerjaan,5,3,positive
mantap jiwa boss,5,5,positive
sy kena tipu tks,1,-3,negative
bagus bermanfaat,4,7,positive
nya,5,0,neutral
terimakasih bantuannya,5,5,positive
lamar kerja nya ribet,1,-2,negative
aplikasi memudahkan,5,-1,negative
staf pengajar asessor lembaga sertifikasi profesi politeknik pertanian negeri pangkep,5,0,neutral
mantaf,5,0,neutral
membantu memnerikan informasi,3,6,positive
top bagus banget,5,8,positive
mantb semoga bagus,5,2,positive
menarik,3,4,positive
liat kolom komentar orang perusahaan yg muji muji pengen diangkat karyawan yg ditulis aja,1,16,positive
membantu mudah puas,5,11,positive
facebook bisnis,5,3,positive
goyang,3,-4,negative
pejuang kerja mohon doanya mendoakan pekerjaan,5,7,positive
e,1,0,neutral
negatif komen,1,0,neutral
manfaatnya,1,3,positive
,3,0,neutral
linkedin be one of the best application,5,0,neutral
good job end alwos becare full,5,5,positive
tlg bantu menyelesaikan mslh,5,6,positive
bnyak mendapatjan infoyg susah d ditrmpat,5,-3,negative
aplikasi maksa ponsel samsung dihapus nonaktifkan,1,-9,negative
brlajar,5,0,neutral
trim,5,0,neutral
gabisa daftar login gimana ngasih rat bagus,1,6,positive
membantu kamiterimakasih,5,4,positive
kecewa aplikasi kali akun nonaktifkan pemberitahuan,1,-7,negative
app jobseeker terbaik,5,5,positive
aplikasi membantu temen yg mencari pekerjaan berbagi informasi,5,4,positive
terimakasih linkedln,4,5,positive
bagus membantu,5,6,positive
alhamdilah bertemu orang orang hebat apk,5,2,positive
warna,5,0,neutral
siplah,5,0,neutral
apk dihapus device,1,0,neutral
,5,0,neutral
kasi,3,-3,negative
susah verifikasi,1,-3,negative
nya keren berjalan langsung ngaco eh akun google nonaktifkan tujuan membaca data prangkat dll,1,4,positive
membantu terimakasih,5,9,positive
membantu mohon linkedin menyaring lowongan bohong,5,1,positive
mrnyebalkn,1,0,neutral
klo cari kerja klo cari pidio canel yutup hasbiar,5,-4,negative
kasih bintang banti klox membawakan hasil merugikan bintang,2,5,positive
very good for fine job,5,8,positive
very excellent andf useful,5,0,neutral
ribettt suruh milih gambar kodok menghadap aja gitu sampe nenek gue idup,1,-3,negative
sio,5,0,neutral
xba,3,0,neutral
dinas pertanian,5,0,neutral
bermanfaat bisnis pertemanan top leader negara menyukai linkendin,5,17,positive
mbuh gag ngerti opo ne,5,1,positive
oke,5,2,positive
god very nice,5,4,positive
good and many things to learn from all the world profesional persons,5,5,positive
coba,2,2,positive
m,5,0,neutral
gak butuh aplikasi,1,-9,negative
aplikasi kaga loker nya kg mendingan copot sue,1,-6,negative
keren tampil beda,5,-1,negative
nya,4,0,neutral
ui dark mode will be nice d,3,4,positive
hariono,5,0,neutral
oprator produksi,5,0,neutral
ribet banget sih verifikasi udah ku dgn bener salah,1,-4,negative
username,5,0,neutral
smngat,5,0,neutral
bagus,1,2,positive
berguna,5,5,positive
pedagang,1,0,neutral
bagus,5,2,positive
bermanfaat cari tau lowongan kerja,3,0,neutral
kecewa situs aplikasi penggunan situs aplikasi akun x nonaktifkan pemberitahuan mengunggah meposting halhal bertindak kriminal kejahatan diluar undangundang materi postingan menjual property akun menjual memposting property nonaktifkan mengirim verifikasi ktp hasil nya nol,1,-25,negative
verifikasi aje ribet,1,-4,negative
bntang nya,3,0,neutral
top marko top,5,10,positive
tolong follow up email mohon tim ahli perhatikan,1,1,positive
dwld thn dpt panggilan itupun penipuan,1,0,neutral
mantabtp sayang nya pekerjaan nya ngga nentuin,4,4,positive
min nebak gambarnya gimanasalah mulu njir akun,1,-1,negative
baguuusss,5,0,neutral
fabricationerrection construction project,3,0,neutral
good,5,5,positive
tingkatkan qualitas aplikasi nya,4,-4,negative
,5,0,neutral
menjadikan mudah,5,4,positive
menolong dunia kerja,5,7,positive
aplikasinya,5,0,neutral
soksokan udah dewasa download,5,2,positive
bagus,5,2,positive
aplikasi membantu,5,0,neutral
coba kasih bintang semoga aplikasi membatu mencari pekerjaan,3,2,positive
velemboket,3,0,neutral
,5,0,neutral
gk make,3,0,neutral
wew,1,0,neutral
menyimpan slide,5,0,neutral
bagus banget kereeen,5,3,positive
,1,0,neutral
kembangkan,5,0,neutral
ok banget,3,5,positive
cooolll,5,0,neutral
bagus mantap,5,7,positive
relasi terkoneksi,5,6,positive
bagus profesional,5,2,positive
mudah mudahan bagus,3,7,positive
lowongan tdk cocok dgn kemampuan sy,1,8,positive
beralih platform bisnis pekerjaan platform sosial media sedih komentar balas pastikan robot developer customer support,1,10,positive
bagus bermanfaat,4,7,positive
mntap,4,0,neutral
good apps help to get a job,5,7,positive
juuooos,3,0,neutral
menambah teman bagus,4,5,positive
pemberangkatan,3,0,neutral
perusahaannya kebanyakan pasif responnya proses recruitment,3,4,positive
aplikasi berguna,5,1,positive
semangat menyerah,5,0,neutral
lowongan tp ndk yg d respon bsa ya postingan modus,1,3,positive
mantap gunain,5,5,positive
keren tempatnya pekerja,5,3,positive
beguna,5,0,neutral
pemeriksaan cepat ribet,1,-1,negative
linkedln didepan,5,0,neutral
u uhhh uh h ikmal lnnuuulnunlllnhu,5,0,neutral
trima kasih aplikasih,5,3,positive
nice recomend bngettttt pengguna mengoprasikannya,5,5,positive
operator produksi scanner,5,0,neutral
aplikasi bagus menambah relasi informasi terjangkau berbeda aplikasi instagram facebook twitter lainlain link in diharuskan halhal berkaitan dunia pekerjaan ditambah fitur job course menambah skill pengalaman,5,10,positive
good job thank,5,9,positive
bermanfaat,1,5,positive
bagus,3,2,positive
bintang,5,0,neutral
membantu dlm mencaro informasi kerja,4,8,positive
informasi pekerjaan akurat,4,5,positive
terimakasih menjadikan dunia,5,6,positive
kemudahan,5,3,positive
barokah slamet,5,0,neutral
trimakasih,4,4,positive
sampahhhhhhh susah daftar,1,-2,negative
apl membntu,5,0,neutral
manfaat,5,5,positive
apl jelek nya permanen download mulu,1,0,neutral
semoga jodohnya mencari pekerjaan,5,0,neutral
penawaran kerja nganggur,5,-1,negative
dimzbimz,5,0,neutral
aplikasi nggak gunanya,3,-3,negative
gabung linkedin semoga jodoh melamar membantu,3,2,positive
lately the application often crash cant reload and cant log back in must be reinstall,1,-4,negative
mnataps,5,0,neutral
nrmal kem bali l,4,0,neutral
mantep,5,0,neutral
aplikasi cocok jobseeker,5,0,neutral
adandanc,5,0,neutral
mangisundaun,5,0,neutral
linkedin bagus membantu,5,6,positive
verifikasi disuru milih badak kearah udh dipilih aja salah gajelas ni aplikasi,1,-9,negative
premium career group useless,1,2,positive
aplikasi bermanfaat dunia kerja pendidikan profesional,5,4,positive
semoga membantu pekerjaan apapun yg positif amanah kolaborasi istikomah,5,16,positive
login nya ruwet bikin betek bos emang gak login yg gampang,1,3,positive
membntu bnaget,5,0,neutral
samsung a,5,0,neutral
daftar aja nggak login tolong diperbaiki,1,6,positive
pengalaman coba moga lancar,5,9,positive
dr kesuma halim msc,5,3,positive
good suka,5,8,positive
melamar masuk link susah mengaksesnya,1,-6,negative
ok,5,4,positive
menarik,2,4,positive
aplikasinya lemot koneksi apapun lancarmohon diperbaiki lancar,1,1,positive
aplikasi kebanyakan diisi org yg bergaya berlagak sultan spt ahli dlm bidang usaha dll postingan ucapan selamat motifasi yg knyataannya pemberi motifasinya motifasi omongan yg kelebihan yg kenyataannya trbalik info hoax,1,-9,negative
kga tau blom donlot,3,-4,negative
fuvejobdserre,1,0,neutral
hapus aja bos aplikasinya verifikasi ribet bgt gagal kek maling aja sampah,1,-10,negative
bagus ditingkatkan lowongan kerja wilayah aceh,4,4,positive
mantaap,3,0,neutral
dlu y,3,0,neutral
i like this applikation,5,0,neutral
surip,2,0,neutral
masuk ajaa persulit hadeh gimana majuuu,1,-7,negative
membantu cari lowongan kerja recommend sih ya,5,7,positive
lowongan nya gak update,1,0,neutral
recomended,4,0,neutral
gabung aja mesti verifikasi parah susah,1,-15,negative
menambah jaringan shering knowledge,4,6,positive
,1,0,neutral
membantu pejuang amplop coklat,5,7,positive
menyebarluaskan ide ide ber hak paten mbuat alat optik pembaca keping cakram vcd cd dvd brd lensa camera smartphone,5,1,positive
myo,3,0,neutral
bagus utk link sosial,5,6,positive
hadeh,1,-4,negative
daftar dah pake data g bisapayah,1,-5,negative
coba bagus ditambah bintangnya,4,4,positive
guru matematika,2,3,positive
susah banget verifikasi manusia nyaa udh coba berkali kali tetep salah muluu,4,-1,negative
tingkatkan,5,0,neutral
lumayan lh,3,1,positive
sippp,5,0,neutral
isi nya perusahaan bodong kayak nya perusahaan penipu interview uang x nama pt nya bedabeda nya muka copet amit amit awas hati hati,2,1,positive
aplìkasi membantu,5,4,positive
kredible,5,0,neutral
need improvement on job opportunity,3,0,neutral
moga membantu,5,5,positive
filter lokasi lowongan pekerjaan tolong tambahkan area makassar terimakasih,5,11,positive
good application for good professional,5,10,positive
lamar kerja,5,2,positive
wali santri,1,0,neutral
,5,0,neutral
kasih klo bagus bintang,2,4,positive
download,5,0,neutral
a a mcd hv,2,0,neutral
blajar linkedln,5,0,neutral
berkelas ni ngak orang masuk,4,-3,negative
pass,2,0,neutral
good to know and good for the relation,5,10,positive
ja,5,0,neutral
bagus mencari kerja,5,1,positive
cocok pengguna layanan plexibel,4,8,positive
make sure aplks be agreat aplks,4,0,neutral
ubah sistem verifikasi nya,2,-4,negative
updatenya cepet,4,2,positive
nice app for professionals,5,4,positive
linkedin bagus kembangkan ya,5,6,positive
bermanfaat karier,5,5,positive
nggak ngerti pakai aplikasinya gimana tamat kuliah terima kasih,3,10,positive
bagus,5,2,positive
mohon bantuan ny,5,2,positive
mantaaàp membantu,5,4,positive
sulit membatalkan premium kena tagihan bln menyebalkan,1,-1,negative
ntah gagal verifikasi gambar disaat akun udah dipilih sesuai perintah menghadap keatas sistem jawabannya salah,3,-7,negative
coba,3,2,positive
membantu menampilkan pengalaman kerja mencari pekerjaan,4,8,positive
berpihak penindas penjajahan,1,0,neutral
pu min,5,0,neutral
linkedin membatasi pertemanan level director berteman langsung batalkan linkedin,1,-3,negative
terimakasih membantu,5,9,positive
bagus,3,2,positive
membantu dalan ulasan berita akurat terima kasih team linkedin,5,8,positive
mantap jiwa,5,5,positive
good comunication,5,5,positive
apikasi linkedin akun logout log in pas verifikasi manusia ketemu gambar katak putih susah memverifikasi nya saran ga ganti aja format verifikasi manusianya pake gambar katak tolong pulihkan akun linkedin login,4,13,positive
mantaps,5,0,neutral
nice app thank,5,8,positive
always,5,0,neutral
not good,1,5,positive
mantaabbbb,5,0,neutral
parah klo kaga mao diperbarui kaga bukainimah minggu klo liat d play sture diperbaharui paksaan,1,-3,negative
cobs,5,0,neutral
mudah dimana,5,4,positive
makasih,4,4,positive
aplikasi menyulitkan,1,-4,negative
only for professionalist its work,4,1,positive
mudah mudahan bagus info peluang kerja,4,6,positive
up wow,5,0,neutral
blm info dr,3,-3,negative
keren parah sih aplikasi membantu,5,-5,negative
politik masuk ranah kerja sampah,1,-6,negative
update,2,0,neutral
good application for profesional,5,5,positive
dinas pekerjaan tata ruang kota metro alumni institut teknologi bandung jurusan sistem teknik jalan raya universitas lampung jurusan teknik sipil,5,-11,negative
thank you linkedin team,5,5,positive
keren,5,0,neutral
bertemu teman karir,5,2,positive
thankz you,5,0,neutral
panti asuhan alanshaar talise pusat palu,5,5,positive
membantu,5,4,positive
zionism,1,0,neutral
informasi lowongan pekerjaan informasi pekerjaan membantu,5,14,positive
teman yg sukses yg msh merenangi lautan usaha,5,5,positive
daftar aja susah verifikasi ga,1,-1,negative
mudahan dapet jerja,4,3,positive
supervisor housekeep,5,0,neutral
too much not important post it should be filter due the difference of purpose not like instagram or facebook,1,0,neutral
linkedin akun facebook,5,0,neutral
,1,0,neutral
apl,5,0,neutral
tau ga gimana hapus aplikasi,1,-11,negative
terima kasih besarny apk linkedln team membantu orang menggapai suksesnya thank ya,5,17,positive
good for me,5,5,positive
not kkiii,1,0,neutral
please bring murz account back,1,-3,negative
menolong terima kasih,5,8,positive
siipppp,5,0,neutral
sukaaaaaaaaa,5,0,neutral
goddess,5,0,neutral
good app,5,5,positive
,4,0,neutral
selamat malam penerimaan kerja ya,5,10,positive
bagus aplikasinya,1,2,positive
mdhan dpt kartu pra kerjaamiiiiiiiin,5,0,neutral
membatu yg mendekat,5,2,positive
capek urus kerjaan,5,6,positive
trial gratis suruh bayartaek,1,2,positive
coba kasih bintang smg milik amin,5,8,positive
aplikasi yg membantu semuah orang,5,0,neutral
membantu bermanfaat,5,9,positive
ol,5,0,neutral
aplikasi bagus berkiprah profesional komunitas profesional bertemu profesional dunia,5,3,positive
tempati saa,2,0,neutral
saran klik alamt email langsung terhubung alamt email tolong kayak job street langsung apply alamt pt terima kasih,3,12,positive
kebaikan,4,4,positive
mantap linkedin,5,5,positive
belajar menambah wawasan,5,6,positive
ok banget tunggu ntr dksih lgi bintangnya khn bertahap hehe,3,6,positive
membantu berbisnis,5,4,positive
sagat membantuluarbiasatetap eksisyaami,5,0,neutral
excellent application,5,0,neutral
sy blm cuba lg,1,0,neutral
semoga bermanfaat,5,5,positive
very good,5,5,positive
puas pakai apk update bagus berkembang keren the best,5,5,positive
perfomancenyagood job,4,0,neutral
pengalaman yg pahit nganggur thm gara setan corona,3,-12,negative
menyukai kali pakek aplikasi,3,0,neutral
,2,0,neutral
akun bajak mohon bantun nya makasih,3,2,positive
sippp update info pekerjaan,5,0,neutral
macari hall hall yg brmanfaat,4,0,neutral
ok mantap,5,9,positive
ngk ngerti,1,1,positive
mencoba link,5,0,neutral
informasi kawan rezeki,5,5,positive
bermanfaat,5,5,positive
aplikasi bodoh gw daftar ratusan kali gabisa pake google dll tolong benerin sampe apk dead apk tlol,1,0,neutral
bintang allahuma sholli ala muhammad wa ala ali muhammad bismillahirohmanirohim alhamdulillah hirobil alamin olays cyber team setia siaga cepat,5,5,positive
bagus membantu,4,6,positive
sngt bgus,5,0,neutral
keren,5,0,neutral
easy and simple to use,5,3,positive
koneksi,4,2,positive
servis ac,5,3,positive
start follow,4,0,neutral
menjurus,1,0,neutral
i love linkedin because it give a new atmosphere to my life,5,3,positive
freelanceadvocatstaf administrasipeneliti,5,0,neutral
dicoba,4,2,positive
g uploap foto error pilih,2,-4,negative
akun aktif,5,2,positive
bagus membantu,5,6,positive
good info,5,2,positive
tambahin opsi non pengalaman biar ga ribet ngelengkapin data profilenya,1,-4,negative
makasih udah nyediain aplikasi informasi luas tersebar luas masyarakat udah pakai aplikasi alhamdulillah skrng udah perkerjaan sesuai spesialisasi saran pemula sabar ya karna nggk instan update mencari informasi lowongan aplikasi,5,21,positive
aplikasi yg bagus untu share informasi,5,0,neutral
linkedin berguna menambah jaringan pengetahuan informasi pekerjaan komunikasi,5,22,positive
good opportunity,5,5,positive
wow jelek banget,5,-4,negative
berjualan pupuk,5,0,neutral
tahe emgpertanyaan keamanan yg gambar hewan salah mulugajelas bgt,1,-2,negative
aplikasi babi udah masukin ya kamar kerja udah kelar tinggal klik lamar ga notif nya maaf kesalahan taik,1,-6,negative
aja,3,1,positive
good,5,5,positive
link berguna,4,5,positive
lestoran waiterbroker,5,0,neutral
mantap pangilan pilih,5,3,positive
be okay,5,4,positive
parahbru mw pake apk nyaeh errorpadahal data uda msuk semuasaya sarankan downloaddr pda nyesal nnti,1,-7,negative
update linkedin,4,0,neutral
smart,5,0,neutral
simple but important,5,3,positive
membantu spesifik,5,4,positive
semoga menghasilkan,3,0,neutral
excellent,5,0,neutral
gada perusahaan nyangkut ditambah perusahaan nipu doang,1,7,positive
aplikasi yg membantu mencari pekerjaanmembangun relasi informasi yg luas,5,5,positive
biadang dunia it ai education,5,1,positive
woi banteng gmn si ga bsa yg menghadap org smua kepala nya d puter doang fakk,1,-2,negative
yooomann,5,0,neutral
berharap menyambut yg cemerlang sebelumnyasemogaalloh menghendakiamiin ya robbalalamin,5,12,positive
ĺumayan,3,0,neutral
membantu n teman yg profesionalterima kasih,5,6,positive
lumayan bagus,5,3,positive
terbantu,5,0,neutral
sukses,5,3,positive
nice apk,5,4,positive
knp muter molo mo diupdate,1,0,neutral
bagus banget apk nya,5,3,positive
inspiratif dapatkan linkedin info loker yg motivasi bergabung,5,-2,negative
aplikasi gak iklan ga nyambung perusahaan gak,1,-1,negative
informasi yg bermanfaatpeluang karir perusahaan bagus,5,7,positive
menjalin keseluruh dunia teman bisnis linkedin,5,4,positive
thanksto link me to all freinds,4,0,neutral
guud,4,0,neutral
susah masuk gagal teka teki ajah ga,1,-10,negative
lumayan menambah relasi,5,7,positive
bagusss,1,0,neutral
,2,0,neutral
membantu,3,4,positive
mantab,1,0,neutral
mechanik,5,0,neutral
tabss,5,0,neutral
mohon diperbaiki aplikasi nya mengakses web kalo aplikasi gak aneh pake android versi sekian terimakasih,3,3,positive
memakai seringsaya pakak linkedin profesional bidang fitur lengkap ringkas loker kadang membuka link terkadang binggung,5,6,positive
membantu dlm info update,5,1,positive
alhamdulillah aplikasi membantu pekerjaan aplikasi terima kasih,5,8,positive
keren profesional,5,0,neutral
thx appnyago to chat,5,3,positive
mantab utk cari lowongan relasi kerja,5,2,positive
yaa membantu sih,5,4,positive
aplikasi profesional,5,-4,negative
this application can help me to get new people to good carrier and get business motivation thank you linkedin,5,11,positive
mantaaab,5,0,neutral
perumit test tekateki diawal masuk,1,-3,negative
knp aj yh,2,0,neutral
sangst membsbntu,5,0,neutral
bagus maaf pendapat hihi,5,4,positive
best for share very recommend,5,0,neutral
informasi lengkap,5,4,positive
mencoba,5,0,neutral
busuk kali aplikasinya,1,-5,negative
ya bos,1,7,positive
aplikasi gajelas masuk aja tes ribet banget berkali kali gabisa,1,-9,negative
mencapai yg harapkan sesuai permintaan atasan,5,6,positive
bagus membantu mencari kerja yg sesuai harapan,4,8,positive
konsultan pengawasan proyek pabrik high rise build,5,0,neutral
apk yg membntu dimusim pendemi in mncri info kerja,4,-1,negative
jelek akun dininaktifkan,1,-5,negative
askamandey,3,0,neutral
ulasantanpa tujuan yg,2,0,neutral
in be the best,5,0,neutral
app nya bagus byk teman yg,5,2,positive
as asepirima,5,0,neutral
aplikasi error,1,-9,negative
the best,5,0,neutral
membantu promosi produk,5,7,positive
best super,5,3,positive
gratis,2,4,positive
aplikasi bagus membangun relasi informasi terjangkau pekerjaan,5,6,positive
kawan,3,0,neutral
instal,4,0,neutral
linkedin good,5,5,positive
ado aplikasi parah,1,-9,negative
mendalami keuntungan aplikasi,4,0,neutral
maaf ya dikasih bintang abis diupdate gabisa diakses disuruh coba,1,9,positive
membangun relasi kerja,5,5,positive
kali login gagal sandi salah masuk ubah sandi,1,-11,negative
orang kerja wajib linkedin,5,0,neutral
instal disuruh cari binantang yg mengarah robotnya bilang salah mend hapus,1,-16,negative
good tank you,5,5,positive
good aplikasi,5,1,positive
mencari pekerjaan,5,0,neutral
sungguh membantu mencari pekerjaan,5,8,positive
bener aplikasi ribet daftar aja susahthis be not recomended,1,-3,negative
amezink,5,0,neutral
ditingkatkan pelayanan nya,5,3,positive
gak udah dimasukin bener verifikasinya ngulang mulu sampe tulisan malampauin batas,1,2,positive
good pokonyaa,5,5,positive
membantu informasi,5,6,positive
aplikasi mantap yes,5,4,positive
membantu menambah wawasan,5,7,positive
keamanan nya salah mulu susah perasaan,3,-5,negative
pt atsumitec indonesia,2,0,neutral
aplikasi bagus,5,-2,negative
pengguna yg terhormat izinkan apl,5,1,positive
bagus swxaplokasinya,5,2,positive
kau link aq inin universaltrims,5,0,neutral
verifikasi teka teki anjay susah,1,-6,negative
semoga,4,0,neutral
be good,4,5,positive
kasih bintang dl,3,2,positive
update informasi terkini peluang bisnis pekerjaan yg dibutuhkan utk konsumsi publik kalangan,5,11,positive
in this application there be no feature to report scam vacancy and still there be a lot of scam vacancy in website i can report them but i didnt see linkedin really block people who have the account and the vacancy page that be another reason why i didnt continue my premium account on linkedin data security be weak,2,-10,negative
diperbaiki,4,0,neutral
visualisasi halamannya diperbaiki ditingkatkan,4,0,neutral
look to round of word,5,0,neutral
,5,0,neutral
good recommend aplikasi mudah dimengerti,5,5,positive
knp sih masuk aja susah bgt,1,-5,negative
google,5,0,neutral
mantaaabbbb,5,0,neutral
aplikasi keren,5,-4,negative
,5,0,neutral
terimakasih partisipasi nya,5,8,positive
keren bgt,5,0,neutral
very good and professional,5,5,positive
,2,0,neutral
great app we can connect people in the world and every company easy,5,3,positive
lumayan bertemu orang orang seprofesi pekerjaan,4,6,positive
aplikasi paham,1,-4,negative
kasih bintang aja,4,3,positive
tolong bantu kauntuk kerja,5,8,positive
abi thank,5,6,positive
aplikasi bagus,5,-2,negative
koq tdk tau tolak proses suruh kirim pesen perusahaan ga tau link no contac perusahaan tersebuttolong simple pelamar mudah ngelamar tau status lamaran klo tolak tdk ngelamar perusahaan,3,-3,negative
ribet masuk,1,-7,negative
bertanda tangan nama hendra gunawan alamat cilacap jateng umur pt nawakara group pengalaman sd security th pt yasindo tama tangerang km jabatan anggota security th daesun enginering project semen nusantara cilacap korea jabatan anggota security th sd pt gardatama nusantara project semen cibinong cilacap th nawakara group,5,1,positive
sepppp,5,0,neutral
bermanfaat,4,5,positive
nice aplication,5,4,positive
mukulsaekh,5,0,neutral
link hpwnkgdwztmmfw alex leonardi lahir dimedantgl oio,5,3,positive
bergabunglah dg group in inshaa allah bermanfaat,4,10,positive
godjob,5,0,neutral
orang pintarcerdas orang tapiorang mudah hebatlah orang hidupnya bermanfaat aamiin,5,11,positive
tolong tambahkan mode gelap,4,-1,negative
i just need max days job apportunities not weeks ago,2,0,neutral
apk yg bagus membantu,5,6,positive
ribet,1,-4,negative
ribet login aja suruh main teka teki gajelas suruh pilih gambar yg menghadap gambarnya diputar ga uninstall bye sampah,1,-12,negative
alasan akun terblokir suruh verifikasi kartu id gak cocok capek ladenin bot digmail,1,4,positive
very helpfully,5,0,neutral
i get many information,5,0,neutral
,4,0,neutral
taiiiiiiiiiiiiiiiiii,5,0,neutral
kurun minggu berpuluh puluh lamaran lamar gak yg panggil giliran email masuk perusahaan telusuri kantor gak jelasalias penipuan udah bosen kali orang nyoba nipu linkedin linkedin kawan kawan nya jobstreet dll isinya iklan lowongan penipuan coba ajah cek persatu lowongan and on the way you uninstal pembohongan,1,-4,negative
v m,5,0,neutral
maaf cuman ngasih bintang aplikasinya ya disuruh pemeriksa keamanan cepat memiliki akun mohon penjelasannya terima kasih,1,16,positive
mantaaaaap,5,0,neutral
eva rini pengalaman ga,5,2,positive
aplikasinya bagus akun dinonaktifkan,4,2,positive
semoga depannya,5,0,neutral
very nice,5,4,positive
verry god,5,0,neutral
produk nasa bermanfaat respon cepat puas layanan informasi yg dimengerti,5,21,positive
jasa linkedln,5,4,positive
,5,0,neutral
apk jelek,5,-5,negative
kadang tulisan wa,4,3,positive
ok for rekomendasi job and conection,5,4,positive
akun login buka aplikasi konfirmasi email susah login konfirmasi email dikirim link login email,1,4,positive
good great ok,5,12,positive
yaa,5,0,neutral
aplikasih muda pahami belajar membantu bergabung mencari peluang bisnis negara sendir negara tetangga,5,1,positive
good update,4,5,positive
nggak layak bintang,1,4,positive
komentar enak knapa pilihan tolak pembaharuan klo pilih tolak,1,0,neutral
aplikatif,5,0,neutral
linkedin good information and thank good idea,5,14,positive
jos mantap,5,5,positive
bgs menambah relasi,5,6,positive
,4,0,neutral
krenn,4,0,neutral
sayasuka pertemanan duniaapa yg dunia ekonomibisnis aktifitas yg jarang orang ketahuilov linkedlnsaya mendukung mu,5,1,positive
wadah stakeholders pelaku bisnis real update mantaappp,5,5,positive
thats so usefull,5,0,neutral
bagua,4,0,neutral
nice apps,5,4,positive
bismillah,3,4,positive
mantaap,5,0,neutral
sjzrs dring,4,0,neutral
tolol nyari kerja aja susah developer niat gk sih bantu verification aja susah nya kaya ujian national dasar badak edan tabak gambar salah mulu,1,-6,negative
josss,3,0,neutral
lumyan,5,0,neutral
jelektidak notifikasi kejelasan,1,1,positive
ya begitlah ya biasalah,5,8,positive
ok aplikasinya tp agk sdkit kurng ngerti tatacaranya,4,5,positive
sgt bagus,5,2,positive
tdk login verifikasi masuk akal thx,1,-3,negative
melamar pake aplikasi satupun gak panggilan not rekoment pen arian kerja cuman bikin rame aja gak pala berfungsi bagus,1,3,positive
,2,0,neutral
keren cari loker,5,-3,negative
jainal,5,0,neutral
masuk sekedar daftar aja susah nya ampun banteng kodok suruh pilih arah binatang nya putar aneh nya x percobaan ngk lolos bintang bikin ribet,1,-15,negative
kirii,5,0,neutral
mantap jaya,5,9,positive
this application be design very important and useful but surprisingly the introduction to the application in indonesian so refer to the language i ask aja automatically indonesian language application please shorten the advertise time relate to specific platforms banners and avoid commercial ads that suck up internet quota and also avoid buy anupgrad in apple developers be very provesional instead of beg keep in mind that usersmembers have not receive the result of their op,4,-2,negative
enough,4,0,neutral
aplikasi su suka,5,-1,negative
good postingan video postingan pengunjungnya poin hadiah,5,11,positive
membantu yg mencari kerja,5,3,positive
mantab,5,0,neutral
berbayar ngirim email gratis gak bat,1,1,positive
bagus banget,3,3,positive
krn kucoba,1,0,neutral
berteletele sign apply akun web perusahaan melamar,2,3,positive
moga cepat diterima koki,5,6,positive
bagus banget,5,3,positive
ok,4,4,positive
i like it to upgrade up skill in entreoreneur,5,0,neutral
bagus appsnya,5,2,positive
udh pnya akun link wktu sy via kiriman email dr link tp pas sy donlod aplikasinya login gk bs mengenali email no hp hasilnya hrs bikin akun barumengecewakan,1,3,positive
kerja proyek tambang batubara openpit underground kerja iron ore project kerja proyek tambang chromium proyek tambang nikel,5,6,positive
good sosmed,5,5,positive
best and very recommend,5,0,neutral
not help me yet to get a new job,4,2,positive
semoga kedepannya lbh amin,5,3,positive
bermanfaat membangun hubungan bisnis,5,8,positive
cepat,4,3,positive
aplikasi nya membantu,5,0,neutral
js rna a bg an,4,0,neutral
mntab,1,0,neutral
good,3,5,positive
bermanfaat,5,5,positive
hnarma,4,0,neutral
menenukan teman teman bersemangat mencari pekerjaan kantoran,5,4,positive
pembaharuan pencarian dibatasi penggunajobseeker diarahkan premiumberbayar bayar makan sulit jobseeker mohon perbaharui,1,4,positive
exellent,5,0,neutral
bagus bermanfaat,5,7,positive
pekerjaan rewinding countruksi mecahanik pekerjaan sipil,5,6,positive
user friendly,5,0,neutral
,5,0,neutral
halo please improve the appearance of the fee when use the post filter very inconvenient easier the previous filter post feature,1,-2,negative
bintang,3,0,neutral
go stei sebi depok,5,0,neutral
appl yah sagt bagus,5,2,positive
siip,4,0,neutral
mencoba,1,0,neutral
motivasi kreatip berteman bnyak membantu terima kasih linkedin,5,8,positive
sulika,1,0,neutral
aplikasi bagus bapakibu bayar kirim cv inmail,4,1,positive
pengganti penelusuran,4,3,positive
loginbaru mengetik alamat email aplikasi,1,-4,negative
aplikasinya membantu berguna bagus,5,11,positive
teman hehe,5,0,neutral
jaya terusss,5,4,positive
why i can not upload my cv or resume pdhl sy udh format pdf,2,-2,negative
suka liat lowongan pekerjaan,4,8,positive
esukasi,5,0,neutral
ok cepat aktifitas bisnis,5,10,positive
tolong diperbaiki verifikasi verifikasi gambar kodok salah memilih kodok menghadap terima kasih,1,1,positive
work hard and job busy end dipicull doit finish the help teknologi be simple,5,5,positive
berbisnis perdagan ikan,5,0,neutral
verifikasi kek ujian psikotest niat beda tp nyusahin end user ux nya benerin yg friendly dikit suruh analisa muka katak yg menghadap kek mna pake sound arahin gambar lgtolong perbaiki login verifikasinya sayanglah udh bagus aplikasi,1,-7,negative
ga nih apkdibikin ribet apply job,1,-4,negative
senang liburan kepantai gad dn labuan haji,5,8,positive
aplikasi penuh skill komunikasi nya insfirasi,5,-2,negative
bergabungjd sy bri bintang dlusesuai perkembangan nti bru bri bntg,4,2,positive
,5,0,neutral
ancak tau craxa,5,-4,negative
gapernah instal ni apk knp nginstal sndiri sihh ksel,1,-5,negative
manfaat menambah koneksi,5,10,positive
aplikasi terbaik,5,1,positive
anna king abdurrahman,5,0,neutral
bagus responnya semoga bermanfaat,5,7,positive
aplikasinya udah bagus pas plis keamanannya verifikasi melaui email pake tebak gambar udah berkali kali ngejawab tetep aja salah gimana nasib linkedin kalo gak login garagara gak nebak gambar,2,9,positive
facebook instagram whatsapp youtube in twitter,5,0,neutral
apk recomended,5,0,neutral
i like,5,0,neutral
trima ksh infonyalinkedlnsmoga lbh brmanfaat lgi org byksukses slaludan tingkatkan mutu kwalitas info,4,1,positive
good for relationships,5,5,positive
pokok nya ok banget deh,5,8,positive
bagus kasih bintang yaa,4,4,positive
app cobain ya cocok keren,4,8,positive
senang bs berkenaldgn org,5,5,positive
bagus lupa loker cocok citacitanya penulis,5,7,positive
alhamdulillah aplikasi membantu,4,5,positive
bagus bgt ya,5,6,positive
menambah wawasan,5,3,positive
aplikasi lemot bikin emosi doang,1,-5,negative
recommend apl,5,0,neutral
,5,0,neutral
bagus ketemuan linkedin aman nyaman,5,6,positive
akun nonaktifkan yah,1,0,neutral
semangat trus,5,4,positive
very good media,5,5,positive
i cant save my any profile change really really great,1,3,positive
aplikasi in bagus,5,-2,negative
makasi linkedin,5,0,neutral
memperluas jangkauan penawaran pekerjaan,4,3,positive
mantap membantu,5,9,positive
sy coba x jam sma aplikasi taik,1,-7,negative
ggod jd bnyak tw orang cari pekerjaan persiapan skill kedepannya talhanks linkedin baca doakan ya kedepannya kerja arab solat masjid nebus dosaku banget aamiin,5,18,positive
ga diverifikasi,1,0,neutral
informative mudah dipakai,5,4,positive
thank you semoga barokah n sukses menjalankan bisnis selesai ya,5,16,positive
membantu,5,4,positive
its help to connect with my proffesional friends and get a lot of knowledge,5,0,neutral
yeeeesss,4,0,neutral
sgini dlu aja,3,1,positive
bidang busnis,5,0,neutral
bermanfaat mengembangkan bisnis relasi yg,5,11,positive
login dibuka,1,0,neutral
good job linkedin,5,5,positive
baguss banget aplikasi,5,-3,negative
,1,0,neutral
blum perna memakainya blum tau gunanya,2,-4,negative
aaaqq,5,0,neutral
dahsyat,4,2,positive
star,5,0,neutral
pengen,5,3,positive
lokernya kaga yg ngeliatin status foto and video orang yg mudjur lahir,1,6,positive
kursdolar,5,0,neutral
nice application give new perspective and spesific friendly on field job area,5,4,positive
profesional aplikasi membantu orang ilmu jenis pekerjaan isi didalam jaringan sosial iniadalah orangorang hati orangorang yg profesional bidangnya masingmasing salah satunyaorang pekerjaan aplikasi menjalin hubungan profesipekerjaan sukses aplikasi linkedin sehat team work nya,5,17,positive
good inspiration,5,5,positive
aplikasi sa gat bangus,5,-4,negative
bidang,5,0,neutral
thenks app good,5,5,positive
ok,5,4,positive
semakinmempermudah pencari kerjaa sipok,5,0,neutral
membantu,5,4,positive
okelh,5,0,neutral
berkelas,5,0,neutral
semoga bermanfaat,5,5,positive
aplikasimu login akun email akun alamat email ngaco banget sih benerin tuh aplikasimu hub bikin akun bener aja cek email email lingkedln menandakan email email akun benerin sistemnya gimana sih,1,1,positive
luas jaringan,5,6,positive
membawa hasil,5,3,positive
ningalan kedungtuban,5,0,neutral
good and great,5,8,positive
min promosi aplikasi min,5,-4,negative
melamar kerja praktis,3,6,positive
semoga linkedin ni membantu partner kerja yg sesuai,5,9,positive
bru tes,3,0,neutral
linkedin bagus donwload alpikasinya,5,2,positive
linkedin keren dgn updatean orang hebat lowongan pekerjaan nya,5,3,positive
cepat akurat,5,3,positive
bgus mencari pekerjaan,5,0,neutral
good for relationship,5,5,positive
,5,0,neutral
bermanfaat mohon ditingkatkan,5,7,positive
i like this,5,0,neutral
terukur,5,0,neutral
linkedin informasinya berguna silahturahmi,5,7,positive
t,4,0,neutral
linkedin membantu mencari info pekerjaan tolong disempurnakan fitur chatnya mudah atractive terimakasih,5,13,positive
blank on notification,1,0,neutral
,2,0,neutral
okeeee,5,0,neutral
this aplication so far so good,5,5,positive
appbagussemoga manfaat,5,5,positive
bagus membantu informasi lowongan kerja,4,10,positive
aplikasi tdk bermanfaat khalayak hapus aja bikin full memorybuang data,1,-4,negative
terima kasih linkedin relasi ku perlahan bisnis logistik ku berkembang,5,10,positive
best,5,0,neutral
aplikasi ga gede gengsi doankk ga bantu sulit anyway budaya riset app ga kebutuhan cari kerja huhhhh ngapain pake skill enakkan ngeblog buang buang pembayaran kridit ga fleksibel kebutuhan lokal,1,6,positive
amaze apps for job seeker,5,0,neutral
tolong kasih informasi lokerlowongan kerja yg akurat imbalan duituang yg merugikan mengecewakan si pelamar,5,7,positive
sya senag,3,0,neutral
aja dulusoal nya kerasa hasil nya,3,4,positive
bismillah semogah kerja impian contohnya sanbox ㅋㅋㅋ,5,9,positive
goodmembuka jaringan pertemanan,3,3,positive
please add dark theme nowadays mostly apps add dark theme feature for best experience,4,-3,negative
santuy error,5,-5,negative
simple mudah mengerti,5,9,positive
suka semoga berjaya,5,7,positive
pakai semoga bagus,5,2,positive
berguna mencari lowongan,5,2,positive
bagus tdk terbelokir bintang,4,2,positive
bagus bermanfat bngun komunikasi,3,4,positive
app membantuthx,5,0,neutral
sf ptperivera logistic hotel seratta sf ptkencana digital print sf bank danamon sf ptbeton perkasa spv wulling sf astra daihatsu,5,5,positive
coba,3,2,positive
top daah,5,5,positive
greaatt app,4,0,neutral
kak upload linkedln susa ya menunggu antrian apload info loker kak want to ask sis how come upload it on linkedin huh always wait in line want to upload besides the locker info can it or no sis,3,-5,negative
bagus mencari pekerjaan,4,2,positive
sukses,5,3,positive
lumayan sih loker blm puas,4,4,positive
tau pungsi nya,5,-4,negative
pas menambah info job patokan upgrade skill,5,3,positive
membantu pekerjaan,5,7,positive
linkedin sungguh luarbiasa,5,4,positive
bagus bermanfaat profesional,5,7,positive
gagal akun,1,-4,negative
mudah,5,4,positive
,5,0,neutral
status server,5,0,neutral
mantap fan cepat,5,8,positive
terbaik,5,5,positive
membuka pesan,1,2,positive
mill manager palm oil mill,5,0,neutral
min dark mode,4,0,neutral
gimana login coba kalo disuruh pecahkan teka teki mulu nya ga yg bener sm,2,5,positive
sipb,3,0,neutral
aplikasi kerjaan aplikasi lowongan pekerjaan,1,-3,negative
membantu parapencari kerja,4,6,positive
semoga ttp bermanfaat,5,5,positive
cb dl yah,3,0,neutral
very good,5,5,positive
bissmillah dapet kerjaan,5,4,positive
info kumunikasi linkedln td nya sulit mudah order jd lancar,1,5,positive
mantull,5,0,neutral
cepet informasi,5,4,positive
bertemu teman tukar pengalaman mencari kerja dipercaya,5,4,positive
hi linkedin terimakasih hadir ruang berbagi ilmu pengalaman orang orang hebat,5,13,positive
bergabung orang yg berpengalaman,5,0,neutral
masuknya susah tebak gambar salah verivikasi ngga,1,-4,negative
thank all good,4,9,positive
tahap belajar dn bimbingan mg cpt pinter dlm membangun vetube jaya kompak jari,4,5,positive
lamaran kerja nya,5,2,positive
linkedin mantap,5,5,positive
semoga semoga,4,0,neutral
sungguh bermanfaat,4,9,positive
tau da loker smk,5,-4,negative
parah facxxxx main blokar blokir maaf akun linkedin dinonaktifkan akun dibatasi akibat kesalahan mengirimkan permohonan memverifikasikan identitas browser desktop,1,-8,negative
aplikasi linkedin memudahkan terhubung orangorang halhal kehidupan profesional bangun kembangkan jaringan profesional baca berita bisnis industri terbaru temukan pekerjaan impian profil linkedin resume profesional capai karier,3,18,positive
,1,0,neutral
the best of the best friend thank for watch and happy indonesia day nyaman hati nyaman saku nyaman kawan nyaman indonesia dunia sport amerika sport korea sport china sport taiwan sport maintenance server with bismillah yra aamiin subchanalloh alhamdulillah yra aamiin subchanalloh alhamdulillah yra aamiin,5,48,positive
aplikasi membantu mencari perkerjaan yg sesuai ga nyesel poko nya,4,-7,negative
,2,0,neutral
berguna peluang,4,5,positive
uninstall aplikasi,1,-4,negative
bagus utk menambah pengalaman berkenalan pemilik perusahaan manager,5,10,positive
susah banget uninstall terkesan aplikasi linkedln hmmmmm,1,-6,negative
nice to professional work,5,4,positive
long away from spain to live in my own country indonesiathen star this horible pandamic hope everything be oke in the future,5,5,positive
coba asssik bermanfaat,5,7,positive
susah gabung email sandi susah masuk trus verifikasi tebak gambar gak buka buka linkden nya,1,-3,negative
kumpulan orangorang sukses,5,3,positive
ntah gue yg bego aplikasinya yg buruk dftrlogin aja muter dstu aja sory nihil bintang,1,-7,negative
help me,5,2,positive
,3,0,neutral
lihat menghadap keatas,1,3,positive
,5,0,neutral
nyaman aplikasinya,5,4,positive
bagus keren aplikasinya berpuas diriyaaa mas mbak,5,2,positive
mencobanyasemoga bermanfaat,4,5,positive
melamar pekerjaan linkedlnsagat membantu sy utk mencari pekerjan cocok utk sayatrimksh linkedln,5,8,positive
aplikasi nya jelek fungsinya kayak medsos mend ganti aja namanya,1,-8,negative
bagus like,5,2,positive
not really help me to find a job,3,2,positive
it easy to make communication with one who we need and efficient,5,0,neutral
aplikasi membantu mencari kerja memperoleh ilmu praktisi hrd ulasan nya bermanfaat,5,11,positive
aplikasi update fiturfitur media konten syarat teknologi platform it canggih,5,-4,negative
aplikasinya bagus,4,2,positive
sukasekali aflikasi,5,0,neutral
say jd kryawan pt minamas langgeng muara makamur,5,9,positive
ok,5,4,positive
greatest,5,0,neutral
dear mr mrs base on the information there be some require job be need at your company i be so interest with your offer for the joint with your roomates company be available and suitable with my requirements as project management consultant pmcmechanical inspectorqa qc weld inspectorndt inspectorflange management i have an adequate basic communication skills friendly attitude manageable person hard worker a dynamic person target orient and eager to learn comp,5,2,positive
aplikasi nya bagus utk belajar menambah relasi,5,7,positive
,4,0,neutral
apknya baaba,3,0,neutral
ga konfirmasi alamat email banget,1,4,positive
,5,0,neutral
krn terhubung orang orang sukses,4,3,positive
gak login,1,0,neutral
aplikasi asuutembak gambar verfikasi nya gagal mulupadahal udah bener tu gambar madep atassasuu emangnyeseeelllll siiall,1,-1,negative
membantu mencari relasi bisnis luas,4,10,positive
maaaaaaantaaqqap,4,0,neutral
infomatif,5,0,neutral
its agood songs,5,0,neutral
hai linkedin team terima kasih membuka kesempatan start up impian saran kedepannya reminder to do list pengguna kebingungan app kali thank,5,15,positive
help me for new oppurtunity,5,2,positive
oke sipp,5,2,positive
mengerti,1,2,positive
login ulang aja ribet banget pilih keatas yg gue salah muluhadeeehhhapa gua robot,1,-11,negative
dicoba,4,2,positive
memudahkan membangun relasi koneksi dunia kerja,5,11,positive
good network,5,5,positive
belim liat faham,5,2,positive
,5,0,neutral
,5,0,neutral
slamat soretrimks hadirnya st mohon ijin dgn hormatbantuan kontrol pemanduan pengelolaan sinkronisasi n personelisasi informasi status dn data jg pembayaran dl,5,4,positive
gua gk aplikasi hp gua tp gk diuninstall,5,-10,negative
bangga aplikasi,3,-1,negative
key account manager,5,0,neutral
bagussss,5,0,neutral
walt disney pleasayou can me joba,5,0,neutral
pas feriv salah,2,-1,negative
aplikasi memudahkan mencari kerja,5,-2,negative
coba,5,2,positive
aplikasi cari job good be good,5,3,positive
ok enak pokonya seneng buka akun,5,15,positive
sih pas lengkapi profil gagal,1,-1,negative
suka belajar,4,6,positive
koq nggak uninstall uninstal aplikasi linkedin,1,-3,negative
good link,5,5,positive
spektakuler,5,0,neutral
ga masuk app ya alamat email ga terdaftar lwt web masuk mohon arahannya bintang berubah direspon,1,1,positive
tolong langsung lamar linkdln langsung prantara daftar web hire today yg thank,2,14,positive
biarkan bintang berbicara,5,-2,negative
mengecewakan gak masuk cuman klik gambar gak sukses,1,-1,negative
bermanfaat n membantu mencari lowongan pekerjaan yg n bagus,5,11,positive
kemudahan komunikasi menyeleksi gabung linkedln update konsumer mencapai tujuannya,5,0,neutral
cba duu,5,0,neutral
good performance,4,5,positive
akun ban alasan,1,0,neutral
bermanfaat jaringan bisnis,5,11,positive
stone jump andalkan tuhan yesus kristus,5,3,positive
s informatika skill php js html css mysql look for job,5,-4,negative
thats great much better and helpful,5,5,positive
kasih nya coba,3,4,positive
,5,0,neutral
bagus batasi,1,2,positive
semoga kedepannya membangunnusa bangsadan agama,5,-3,negative
asyik,5,0,neutral
luuar biasaa applikasi dpt terhubung orang pintar cerdas kaya ilmu,4,6,positive
kasih bintang mencoba,3,2,positive
kereennnnn,5,0,neutral
membantu utk smua orang utk pemula yg berpengalaman mencari dukungan support atw pekerjan terima kasih linkedin,5,17,positive
coba,2,2,positive
i try,5,0,neutral
nice apk,4,4,positive
connect more,5,0,neutral
tertarik artikel sistem operasi android,5,-5,negative
ik,5,0,neutral
pengisian bio mahasiswa kendala ya maaf kesalahan coba coba tetep ga,3,5,positive
terhubung dg teman,5,0,neutral
good app,5,5,positive
dicoba,3,2,positive
media sosial yg membantu yg mencari kerja,4,7,positive
beneficial and update,5,0,neutral
membantu mencari info pekerjaan,3,1,positive
very nice and support,5,8,positive
apk apk anjg verifikasi gambar salah yg sembarang suara suara sepertintv saluran salah gila apk gk abisi quota aja,1,-7,negative
cucok,5,-1,negative
best,4,0,neutral
jarang pake,5,0,neutral
video diputar otomatis pengaturan mengontrol video menarik,4,7,positive
,5,0,neutral
good information on job thank for you,5,9,positive
bismilla mengikuti kebijakan link,3,6,positive
job terbaru semoga,4,4,positive
penjual tanaman hias pembuat taman bali,5,4,positive
dunia butuh elemen air membentuk pertumbuhan global,5,-5,negative
good job,5,5,positive
ak lm buka aplikasi ni kasih bintang,3,1,positive
advokat konsultan hukum,5,3,positive
luarbiasa,5,0,neutral
bagus apl y semoga sy pekerjaan terimakasih,4,10,positive
trash,1,0,neutral
orangorang hebat,5,0,neutral
aplikasi yg bagus dunia kerja,5,1,positive
tampilan nya bagus jaringan terperdaya cocok relasi bermutu,5,16,positive
sr manager general manager,5,0,neutral
membntu,4,0,neutral
set x,2,0,neutral
susah berhenti maruk,1,-6,negative
,5,0,neutral
,2,0,neutral
aplikasi gilabisa gilain orang,1,-4,negative
top abis,5,6,positive
coba btg dlu ya,3,6,positive
gabisa ganti foto,1,6,positive
i cant make a school yard plis i need a solution about this thank,3,4,positive
membantu berbagi pengalaman,4,8,positive
bermanfaat,5,5,positive
,5,0,neutral
aq mncoba aplikasi trlalu qu phami wlaupun sdah lma hp qu,4,-4,negative
menambah jaringan koneksi usaha,5,9,positive
,4,0,neutral
such a weird and unclear verivication instruction,1,0,neutral
hoax sesuai yg d datengin,1,-2,negative
membantu terima kasih linkedln,5,8,positive
uyy,5,0,neutral
bagus membantu profesional share pencari lowongan pekerjaan yg prestistrima kasih linksemoga devlop trus peningkatan layanan,5,14,positive
suka linkedln conectivitas,4,3,positive
membantu,5,4,positive
linkedln percaya,1,2,positive
gud,5,0,neutral
sip ok,5,4,positive
linkedin masuknya susahmasih mudah joobstreet linkedin pelayanan nya bagus lambat,1,10,positive
lumayan,5,1,positive
terima kasih wadah jobseeker semoga linkedin profesional,5,4,positive
ganti foto profil banget ya gak diganti,4,11,positive
goodthanks,5,0,neutral
thn pengalaman kerja produksi dye,5,4,positive
please be kind what be those weird animals picture i wan na relog to my linkedin acc but you didnt help me,1,-5,negative
sdh melamar dr smpai panggilan kerja dr perusahaan yg lamar dr linkedlnkecewa,1,6,positive
goodsemoga dapatkan pekerjaan link inaamiinpandemi corona berantakan,5,0,neutral
cobak,3,0,neutral
muhun,5,0,neutral
semoga jalan,5,0,neutral
mantaff,5,0,neutral
suka cita,5,3,positive
mohon benahi sistem verifikasi masuk akun gambar tertahan verifikasi masuk akun mohon perbaiki kedepannya opsi,1,-4,negative
penginstalan kali mulu,4,2,positive
,3,0,neutral
uh kgb,1,0,neutral
optimalkan,5,0,neutral
apk asw habishabiskan paket update gk login,1,4,positive
informasih,5,0,neutral
ok,5,4,positive
on the track thank for your intention,4,4,positive
driver dump truck,5,0,neutral
mantap terhubung hr perusahaan info lulus seleksi cv kabari,5,10,positive
update cepat,5,3,positive
minggu kemarin,2,0,neutral
berbelit belit,1,-3,negative
beguna membantu,5,4,positive
refresh page linkedin mobile memiliki akun premium coba uninstall log in gagal tolong perbaikannya,1,7,positive
selamat semoga orang indonesia mudah hasil maksimal sumber,5,15,positive
gitu udah login,5,0,neutral
mantap gamenya bro,5,5,positive
aplikasi bagus menarik mudah berkomunikasi sektor bisnis lowongan kerja,4,11,positive
i be think that im not the only user who have be experience down server of linkedin whether by mobile apps or webpage for developer please kindly fix this issue since its quite bothersome,3,-5,negative
keren parah,5,-5,negative
nice,5,4,positive
susah relogin linkedin nya mohon bapakibu saudarai login pake vpn moncobanya work itsebelumnya susah login log out akunku membantu teman,5,0,neutral
aplikasi bagus banget,4,-1,negative
lulusan sma gak,4,0,neutral
login update,1,0,neutral
situs erorrrrrr,2,0,neutral
sayat membantu,5,0,neutral
puas informasi,3,5,positive
deskripsi pekerjaan,5,-1,negative
bad,5,-4,negative
download,1,0,neutral
suka aplikasi membantu,5,3,positive
can not refresh please fix it,1,-1,negative
gak dibuka suruh verifikasi menyentuh gambar menghadap gambarnya,2,0,neutral
update lose connect,1,0,neutral
hadeeeeeh linkedin terooooss gk update newsfeed huuuuuu,1,0,neutral
virussaplikasi merusak ponsel lihat komentar negatif dibawah nyesal pokoknya,1,-4,negative
applikasi profesional membantu orangorang butuh pekerjaan the best,5,2,positive
verifikasi ribet bangeet gilaaa link masuk verifikasi cepat appstore salah verifikasi aneeeh oooyy alien manusia,1,-5,negative
berkualitas,5,4,positive
operator split,5,0,neutral
linkedin membantu,5,4,positive
apk,5,0,neutral
blm ladi nasabahnya,3,0,neutral
no komen lahh harap perubahan yg lebihh,1,7,positive
nice,5,4,positive
iyq,3,0,neutral
kasih bintang dlu karna msih pemula,1,2,positive
terhibur,5,0,neutral
mudah info pekerjaan,5,4,positive
indonesian mine broker,5,-3,negative
instal gak daftar,1,1,positive
dede haryanto fporpilwebsite meta trader senang bahagia in linkedin bagiku anugrah kebahagiaan buatku doaku semoga in linkedin jaya dikalangan dunia trimakasih yg sebesarnya dede haryanto modelator grup publik,5,20,positive
lowongan tmn dwng,5,0,neutral
why cant reset the password,1,-2,negative
bagus,5,2,positive
mantap bisnis,5,8,positive
instal ga daftar,1,1,positive
izajah kalo gada pengalaman kerja gk terpakai,5,4,positive
terima kasih cepat mudah,5,11,positive
ra urusan,5,0,neutral
daftar udh setengahnya verifikasi keamanan aja hadeuh,1,2,positive
iyh,5,0,neutral
cant refresh error pls check,1,-5,negative
pe rnah pakek,3,0,neutral
mencari kerja,4,-1,negative
aplikasi bagus profesional mohon penambahan fiturfitur dark mode aplikasi linkedin,4,-2,negative
good job,5,5,positive
hank,1,0,neutral
berita job offer nya admin selektif yg sifat nys penipuan sekarsng,5,-7,negative
apps warna berremu orang hebat hebat,4,0,neutral
nya ngubah bahasa bahasa indonesia gimana ya,2,-4,negative
bagus banget,5,3,positive
okay banget,5,5,positive
log in refresh fee uninstall install ulang install ulang log in,3,2,positive
g,3,0,neutral
terima kasih aplikasi,5,0,neutral
moga berhasil,5,4,positive
semoga kerja,5,2,positive
sorry sy tdk dipanggil menghadap,3,-5,negative
dpt berjumpa relasi terima kasih,5,7,positive
linkedin udah ga akses linkedin web app ga refresh beranda coba loguot ga login coba install ulang tetep aja tolong perbaiki,1,13,positive
apk rusak gak login bodo gak,1,-2,negative
iya dicoba,2,2,positive
bukakan,5,0,neutral
penulis,3,0,neutral
bagus,5,2,positive
kasih bintang karna blom mencoba nya nnt sdh bagus kasih bintang full,2,6,positive
ok,5,4,positive
perbaiki kerusakan secepatnya,1,3,positive
terbaik aja ya,5,10,positive
bagus loker,5,2,positive
semangat pagi salam sehat selamat sukses bahagia,5,21,positive
pelayanan memuaskan profesional,5,8,positive
suka aplikasi membantu the best,5,3,positive
manyap,5,0,neutral
hello linkedin i think you have a bug with navigationbar in your apps when i open the apps in homepage bottom not follow grid system with the top,1,4,positive
linkedkemarin nge refresh status ga coba logout sampe uninstal instal login ehhhhh ga login kembalibahkan mengganti password ga bisaapa salah,1,0,neutral
great apps,5,3,positive
membuka linkedin mobile web notice lowongan kerja masuk email bukak link nggak sungguh kesal harap admin secepatnya respon email thank,2,20,positive
end frontier sdh aplikasi linkedin tdk akses bbrp kali coba updategagal uninstall re install sdh dicoba mobilephone sdh tdk support,5,6,positive
aja ya riet pakenya mengerti rumit,1,2,positive
membantu komunikasi,5,6,positive
bermanfaat apk terima kasih linkedin,5,9,positive
good for hotelier,5,5,positive
cinta lindkein,5,3,positive
off mencoba masuk akun aman nyaman yg koment masuk download login login mudah login,5,2,positive
makasih linkedin,5,4,positive
bertemunya profesional bidang,5,0,neutral
coba,1,2,positive
i hope this application really fit what i envision bring together and make connections between professionals more accessible,5,4,positive
okey bnget,5,0,neutral
mayang sari,4,0,neutral
download aplikasi cma mw mncri org yg mw beli ginjal gw yg minat dn serius bls sja email gw,3,-3,negative
seharian coba login linkedin webmobile hasilnya blm dibuka membalas panggilan pekerjaan sungguh kecewa linkedin,1,13,positive
mohon bantu admin my job kurirexpedisi terimakasih,5,10,positive
jozbro ws d lanjot teros aplikasine mantaap,5,0,neutral
membantu,5,4,positive
instal update terbaru refresh fee app linkedin yg,3,6,positive
linkedln bagus menambah relasi lokal internasional,5,8,positive
mantap terhubung negara teman negara meningkatkan hubungan bisnis menjankau negara,5,8,positive
kereen ni app saingan instm salam vtuber vtuber depok,5,0,neutral
menambah koneksi orangorang hebat,5,5,positive
marine safety equipment,5,0,neutral
cepat,5,3,positive
mudah mudah an membantu,5,12,positive
bangus menbangun relasi,5,3,positive
semoga kuisnya,5,0,neutral
aplikasi keren membantu membutuhkan berkomunikasi teman kenalan,5,0,neutral
ya akun nya keluarterus login pemberihatuan akun blokpadahal apatolong tau,1,0,neutral
good apps and opportunities,5,5,positive
aplikasi menambah ilmu,5,3,positive
oke bagus,5,4,positive
i hope to improve again my gadget be break or linkedin need to be improve every time i open linkedin it always show sorry we cant upload your fee please try again disappoint please improve please improve please improve as twitter good apps thank,3,-8,negative
okee,4,0,neutral
memudahkan z terhubung temanrelasi pejuang pencari kerja informasi,4,7,positive
perusahaan nya perbanyak biar mudah mencarik kerja,5,10,positive
memudahkan mencari pekerjaan,5,3,positive
risal gg,5,0,neutral
link eformbricoidbpum,5,0,neutral
bnyk loker bodong,1,0,neutral
apps bagus,5,2,positive
belajar,5,3,positive
coba boss ku,5,2,positive
coba dl,2,2,positive
mantaff,5,0,neutral
apps bagus hati kelakuan org yg berniat disosmed,5,4,positive
ruangan utk update nambah ruangan,1,0,neutral
siil,5,0,neutral
pola butik,5,3,positive
mantab jiwa,5,0,neutral
,2,0,neutral
all be good,5,5,positive
aplikasi nya membantu,5,0,neutral
jaringan,5,3,positive
harapan apk ads loker tolong mudahkan log in perusahaan melamar pekerjaan mudah,5,13,positive
mantaffsilaturahmi nya,5,0,neutral
terima kasih aplikasi bermanfaat,3,5,positive
good aplication,5,5,positive
bermanfaat membantu mencari rekan kerja,5,12,positive
diupdate tdk bsa mengubah profil mengisi pengalaman kerja semoga diperbaiki,2,6,positive
gabisa login yaa udah kali masukin email gabisa,1,0,neutral
faster and update info,5,-3,negative
semoga yg cari pekerjaan semoga cpt mndapat pekerjaan semoga yg cita bahagiain ring tua semoga terkalbul terwujud salam seduluran,5,-1,negative
ribet daftar kode udah bener ga masuk masuk,1,-9,negative
aplikasi membantu,4,0,neutral
baguskeren,5,0,neutral
aktifkan fitur dark mode layar perangkat,5,0,neutral
i love,5,5,positive
cepat bermanfaat,5,8,positive
good luck linkedin,4,9,positive
,5,0,neutral
awsome,5,0,neutral
penipuan aja ya aplikasi investasi lowongan pekerjaan,4,4,positive
awesome,5,0,neutral
mambantusekalai,5,0,neutral
oke linkedin,5,2,positive
sy dpt bansos jt sy pedagang keliling pakai akun anak sy,5,-3,negative
aktiv,5,0,neutral
susah buyers,3,-3,negative
akun susah ya,2,1,positive
akunlama sy knp ngilang g otmatis lg y,4,-3,negative
bagus,5,2,positive
teman wawasan,5,0,neutral
ok,5,4,positive
membantu lengkap informasinya,5,8,positive
akun gw berubah cant acces,1,0,neutral
mencari pekerjaan menemukan teman mencari koneksi membagi inspirasi,5,-2,negative
membantu pekerjaan,5,7,positive
okee,5,0,neutral
seminggu error gak,1,-5,negative
bintang,5,0,neutral
sgt bersyukur bnyak informasi pekerjaan,5,10,positive
yah akun linkedin ku eror ga akses linkedin tolong dibantu,3,3,positive
mendownload nyapoto kedonglot memori hp coyyyy,1,0,neutral
good,5,5,positive
sensional,5,0,neutral
mantap cepat,5,8,positive
mabtul,1,0,neutral
bintang blm dicoba,3,2,positive
kerja jd operator mesin menyopir lokomotif menyopir forklip,5,2,positive
membantu pekerjaan,5,7,positive
bagus aplikasi nya,5,-2,negative
bagus,5,2,positive
mksh,1,2,positive
,4,0,neutral
kaasih dlu tes klw bermanfaat ya aq tmbah bintangx lg,2,9,positive
linkedin terkoneksi relasiklien bisnis sy yg hilang kontak thank linkedin,5,15,positive
yooooo,5,0,neutral
mencoba katnya bagus y udah deh sy kasih bintang,5,4,positive
bagus mencari loker cari relasi cari referensi teman pas kasih tau ttg apk bingung pakainya,5,-3,negative
buka aplikasi link website postingan yg berulang yg laman utama mohon diperbaiki postingan yg tampil yg terbaru koneksi ribuan yg muncul lg lg yg berminggu postingannya muncul,3,10,positive
sambungkan aplikasi yg,5,-4,negative
kemarin login gak ya login sinyalnya bagus,1,6,positive
,3,0,neutral
can not go through quickly slow progress,2,1,positive
lro ati,3,-1,negative
top,4,5,positive
muncul tulisan maaf kesalahan d refresh,3,0,neutral
ya baguslah,4,4,positive
mantap gin aplikasi info loker gin,5,-2,negative
senior supvrehabilitation,3,-3,negative
mntep,4,0,neutral
nani wijaya,5,0,neutral
goodjob,5,0,neutral
sy kasih bintang sy hasilnya sy donlod linkedln loker utk sy yg cocokternyata loker yg cocok utk sy yaah informasi lokernya yg nongol skrg hapus aja ahh sia sia buang ķuota ajakwkkwkkwk,1,-9,negative
kegunaan ya udah kegunaan ya kasih bintang,2,18,positive
daerah tangerang loker nya ya,5,4,positive
coba,3,2,positive
nggak,5,1,positive
maister injection mold skill silver,3,0,neutral
木中一 弘,3,0,neutral
informasi pekerjaan ilmu,5,9,positive
perbaharui login ya klik lupa password mohon bantuannya,2,7,positive
apply perusahaan alihkan web yg alhasil email spam web yg udah kunjungi hssshhh bingung,2,3,positive
,5,0,neutral
semoga lelah ku nilai ibadah,5,13,positive
,2,0,neutral
tolong sedian translate,3,3,positive
pas dibuka perbaharuipas diperbaharui tulisan china gitu gak login yg bantu gimana memperbaharui login,2,6,positive
semoga pekerjaan yg sesuai ekspektasi,5,6,positive
aplikasi bagus apply lowker d sni silahturahmi orang hebat,5,-2,negative
aplikasi teramat bagus utk owner karyawan calon karyawan,5,4,positive
mmbntu,5,0,neutral
berjuang pekerjaan relasi linkedin,5,6,positive
bagus mengembangkan bisnis berbagi bisnis,4,10,positive
link bagus login mengalami eror kenal,3,4,positive
aplikasi yg positif no sara memotivasi job seeker,4,-7,negative
gk jls bet login aja susah mesti teka teki spiral dl,1,-5,negative
prtama kali make sy kasi bintang ok,4,1,positive
not response when login,1,0,neutral
t inspirasi,3,-3,negative
assalamualaikumsaya kasih bintang dulusetelah berhasil kerja lengkapi bintangnyatrims,3,7,positive
pepek akun nonaktifkan,1,0,neutral
wahh mantap,2,5,positive
refresh ga ya giliran logout ga masuk klik lupa sandi ga bantu ga,2,10,positive
tingkat fasilitas informasi,5,5,positive
semoga pekerjaan linkedln,5,3,positive
menarik aktual,5,8,positive
aplikasi berguna banget ujian butuh banget aplikasi bintang buatbaplikasi iniii,5,-5,negative
app error,3,-5,negative
bagus,3,2,positive
hai masuk diaplikasi mudahan mnamba wawasan orang,2,1,positive
aktif kn,5,2,positive
melamar pekerjaan dialihkan aplikasi website laindan akun,3,-1,negative
terbantu informasi terhubung dunia kerja,5,5,positive
puassss,5,0,neutral
link membantu mencari kerja,5,3,positive
gak diunins,1,0,neutral
qcdi ptmnaptphgptpathlab indônèsia,3,0,neutral
in,4,0,neutral
meubel lokal,4,0,neutral
wanita sabar,5,5,positive
tolong tes kuis nya bahasa indonesia tq,2,3,positive
bermanfaat membina hubungan relasi teman semya,5,8,positive
gk buka,1,3,positive
hoax boong,1,-9,negative
relefan,5,0,neutral
pengenalan akun,5,5,positive
coba dlu klo dah oke,4,1,positive
bagus bagus bagus,5,6,positive
ngapain instal apk,1,0,neutral
mencoba yg terbaik,5,5,positive
,1,0,neutral
blm kasih ulasan krn gabung,3,0,neutral
bermanfaat job niaga,4,5,positive
,3,0,neutral
semoga membantu,3,4,positive
sy suka bgs,5,3,positive
berharap kedepan nya info loker linkedin dimudahkan login ditingkatkan rat informasi lokasi domisili yg sesuai dipertahankan kinerja melamar online via linkedin membantu kandidat anak bangsa hebat berkarir sukses,5,10,positive
jan download,1,0,neutral
very good for relationship,5,5,positive
josss,5,0,neutral
keejariusk ms msnmnka,5,0,neutral
jaringan linkedin membantu membangun jaringan bisnis,5,13,positive
jaringan relasi terbaik,5,11,positive
gdnice app awesome,5,0,neutral
jos banget,5,1,positive
linkedln oke,5,2,positive
aplikasi y membantu kasih bintang,3,2,positive
fresh graduate,5,-2,negative
keren easy to use very useful,5,0,neutral
informasi update,5,2,positive
tets aldi novendru aldi taerr,5,0,neutral
masuk nyuruh milih galaksi spiral milih kerjaan,1,-8,negative
after update this application i cant make post change my pic profile everything about upload pic video not work so useless,1,0,neutral
aplikasi yg memudahkan menemukan mencari relasi dunia pekerjaan,5,5,positive
lumayan muda mudahan kerja,3,2,positive
bagus mempertemukan orang berbagi informasi,5,6,positive
pasang foto profil ya ganti hilang,5,17,positive
daftar pas kode verivikasinya yg ngirim nomer verifikasinya nomer hp personal ya xxxxx gitu program resmi aplikasi kode ferivikasi yg mengirim resmi aplikasinya nomer hpnya takut jaman skrg bnyk hacker bertanggung,3,1,positive
coba ya kayaknya bagus,1,5,positive
pengguna semoga lebihh dri yg kmrn yg terbaik jln yg terbaik jln yg terbaik untk kedepannya,3,16,positive
udah pake aplikasi utk dunia kerja semoga bermanfaat barokah aja tksajkh,5,5,positive
halo perkenalkan indra aplikasi yg berguna ilmu pengguna linkedin,5,7,positive
thank linkdlin,5,4,positive
keren banget deh,4,1,positive
terpercaya,5,0,neutral
,1,0,neutral
bermanfaat pelaku usaha berbasis umkm,5,6,positive
kasi bagus langsung kasi,2,-1,negative
mudahan mamfaat,3,1,positive
aplikasi kontennya terawat penyakit online iklan yg terkontrol,5,-3,negative
great,4,3,positive
sih gak hapus sampah,1,-7,negative
the rigth way to get work,5,0,neutral
membantu pengangguran pekerjaan,5,3,positive
suka,5,3,positive
profesional,5,0,neutral
lau bgus sya tmbahin bintang ya,1,2,positive
yesus,3,0,neutral
membantu mencari pekerjaan,5,4,positive
kreatifitas bagus,5,2,positive
kerjaan dr aplikasi top,5,3,positive
update nya keren cuman gak fitur cek profile ya,5,0,neutral
please add a region filter thx,5,-3,negative
no yg hubungi bantu ganti password ganti no tlp,5,9,positive
,5,0,neutral
not interest,1,0,neutral
njayani,4,0,neutral
sanfi,5,0,neutral
membantu bisnis,5,7,positive
kucoba deh,3,0,neutral
sooo damn good,5,5,positive
informasi dunia kerja berita bagus,4,3,positive
memudahkan karir kerja,5,5,positive
lumayan bagus,4,3,positive
mantap n bgs bgt,5,5,positive
keren banget aplikasinya aplikasi lowongan pekerjaan sukai semoga lowongan kerja aplikasi dipercaya,5,-2,negative
hiburan orang tua,5,-4,negative
geogle jualan pakaian merek sepatutasgordeninterior properti bs bertambah,5,-4,negative
dihalaman utamanya bahasanya inggris isinya video berita informasi perusahaan gak lowongan kerjanya ya cari gak ketemu,2,3,positive
lamar pekerjaan aplikasi aja web yg,1,0,neutral
keep acronym be world first,5,0,neutral
okbanget,5,0,neutral
great n excelent,5,3,positive
semoga jaringan luas,5,6,positive
good aplication for network jos tenan,5,5,positive
zead,5,0,neutral
help for search opportunity of new job,5,2,positive
coba,5,2,positive
aplikasi linkedin bagus yg cari kerja terimakasih linkedin,5,2,positive
maxim ojol murah meriah,5,6,positive
hallo nama randy aldhi kurniadi aplikasi bagus membantu karier merasakan sistem bug nya harap aplikasi linkedin membuka jalan salah starup indonesia gojekovo buka lapak tokopedia,5,0,neutral
good,5,5,positive
mantapsangat membantu,5,4,positive
mohon diperluas bidang lowongan kerjanya persyaratan pemberi kerja tks,4,4,positive
apknya mantap dah,5,2,positive
bunga,5,3,positive
my best friend to make it connection in the world of work space,5,0,neutral
membantubagus,5,0,neutral
membantu utk mencari dibutuhkan menambah wawasann,5,4,positive
ntaps,5,0,neutral
semoga bs kantong gue,5,1,positive
menambah wawasan relasi jaringan,4,9,positive
menyukai aplikasi semoga wawasan meluas kehidupan,4,2,positive
gak memperbarui,1,0,neutral
bagus membantu mencari info job,4,0,neutral
ngelamar aja beli premiyum tay,1,3,positive
help other people expand network,5,2,positive
apasih gaje,1,-7,negative
pelajari caramakainya,5,0,neutral
menyambung persahabatan,3,4,positive
operator weld,4,0,neutral
lowongan krja yg ditawarkn tingkat profesional tp persyaratan trlalu ketat membatasi pelamar yg profesional dlm mencari pekerjaan dr segi usia disamakan dg pelamar menengah kebawah yg lulus kuliah gaji yg ditawarkan tuk profesional sgt tdk sesuai dg pengalaman kerjanya disamakan dg yg lulus kuliah informasi lowongan dibuka perusahaan kebanyakan hnya sbg syarat hrd mencari kandidat yg pd sdh menemukan calon karyawan bnyak penipuan tnpa penyaringan,1,17,positive
info lowongan pekerjaan,5,0,neutral
linkedin membantu jaringan dunia professional,5,8,positive
bagus bermanfaat lhoh,4,7,positive
penipuan filternya ketat gimana pinter pinter nya jobseeker kalo milih loker,1,5,positive
coba boskalu bagus tambahin bintang nya,4,4,positive
menambah wawasan ilmu,5,7,positive
faster,5,0,neutral
bagus smoga sukses trusssss,5,5,positive
nyoba kalo bagus ane ksh lagie bintang,3,2,positive
pokoknya recomended,5,-3,negative
keren banget deh,5,1,positive
bermanfaat profesional,5,5,positive
berjuang,5,0,neutral
info kerjaan sesuwai domisilo dongsetidak nya prsaratanya sma smk sedrajat trimakasih,5,3,positive
good communication,5,5,positive
sosial media sukai iklimnya positif membantu orang pekerjaan membantu perusahaan menemukan karyawan semoga taun jon sesuai harapan,5,25,positive
bintang karna aplikasi membantu,5,0,neutral
mayan,3,0,neutral
very excite and very good for meet up with a new friends with good appearance,5,13,positive
bagus utk koneksi,5,4,positive
super digital akses,4,5,positive
bismillah semoga bis bermanfat kedepannya aamiin,5,6,positive
,5,0,neutral
its okey,5,0,neutral
,5,0,neutral
suka,5,3,positive
mantap utk network,5,5,positive
berbagi lokernya,5,2,positive
recomendasi yg masuk kasih bintang,3,-1,negative
mantap kali bah,5,2,positive
mantap jaringan bisnis pekerjaan nya,5,14,positive
mah sarjana doang smk,1,1,positive
bismillah semoga aplikasi ya bermanfaat aamiin,5,11,positive
membantu,5,4,positive
bagus dapet kerja ny,5,6,positive
sraz nnr te e tt,5,-2,negative
halo kak email masuk apk mohon penjelasannya,2,0,neutral
gila lu gw ga pasang apk nya pasang gila lu yak,1,14,positive
nyaman,3,4,positive
app inibanyak pengalaman yg dapatkan,5,4,positive
membatu,4,2,positive
susah,1,-3,negative
membantu informasi pemberdayaan masyarakat,5,6,positive
semoga mudah lancar pekerjaan yg sesuai kemampuan amin,5,21,positive
great really u have to try this application,5,3,positive
keren membantu,5,4,positive
berjalan,5,0,neutral
faham,5,0,neutral
ga buka lowongan lamar ga,1,3,positive
semoga linkedin bermanfaat,4,5,positive
linkedin kayak sosmed,3,-3,negative
depe,5,0,neutral
pencari pemberi kerja dunia data pencarian data perusahaan cari semoga sesuai,5,0,neutral
membantu pengen koneksi bidang pekerjaan belom ngerti pakainya semoga aplikasi berguna yaaa,5,15,positive
i really like this site a lot of products be offer maybe it can be a reference for those who want to find something they want,5,-5,negative
membatu,5,2,positive
mantap linkedin,5,5,positive
bermanfaat menjalin relasi komunikasi positif,5,14,positive
n,5,0,neutral
cari kerja ok,5,3,positive
,5,0,neutral
bermanfaatbanget,5,0,neutral
,4,0,neutral
menguasai truk tronton thn,5,0,neutral
info bagus membantu,3,3,positive
good aplication,5,5,positive
mantulll brooo,5,0,neutral
mengganti foto profile,1,3,positive
very good,4,5,positive
bagus aplikasi cari kerja,1,-3,negative
,1,0,neutral
siph,5,2,positive
oke sip,5,2,positive
ok aja,2,5,positive
good luck for linkedin membantu,5,13,positive
hemm bagus sih update nya cakep berkembang the best,5,7,positive
skali,5,0,neutral
nyoba tau kerjaan pas terimakasih linkedln udah ngebantu nyariin pekerjaan pokonya aplikasi bermanfaat lupa tingkatkan aplikasi nya,5,3,positive
bagus berguna,4,7,positive
mudah informatif,5,4,positive
just new,5,0,neutral
ax pembaca layar,1,0,neutral
aplikasi nya ribet,3,-8,negative
maknyos,5,0,neutral
yez,5,0,neutral
good lahsangat mudah referensi mencari teman,5,6,positive
tuti hanta pu telepon amam rew,5,0,neutral
moga bermanfaat dg linkein,5,6,positive
tolong bantu pas melamar pekerjaan alihkan link yah update nggak tolong solusinya,1,19,positive
update aja aneh semoga kerjaan aplikasi kalo gk uninstall,3,3,positive
karaoke fp,5,0,neutral
aplikasi keren menambah jejaring support karir,5,3,positive
bagus membantu membangun cv,5,6,positive
siiippp unduhan,4,0,neutral
this be good,3,5,positive
minggu linkedin mengupdate wall status yg error,3,-5,negative
hoy,5,0,neutral
membantu mencari pekerjaan sesuai,5,7,positive
susah uo date,5,-3,negative
banayak info loker yg berguna,5,2,positive
sukasekali,5,0,neutral
mantap kali ka tolong dibantu ka job kerja,5,12,positive
linkedln sngt bagus,5,2,positive
i like this applicationit can help me to find job,5,2,positive
lesgo,5,0,neutral
mantap selamat pagi rekanrekan perkenalkan hanan darmawan barangkali rekanrekan membutuhkan jasa penerbit jaminan bank garansi bg surety bondasuransi proyek bos procedur cash collateral jenis bg sb jaminan penawaran bid tender bond jaminan pelaksanaan performance bond jaminan uang mukaadvance payment jaminan pemeliharaan maintenance bond jaminan pembayaran paymen bond spd jaminan pembayaran asuransisurety,5,16,positive
bgus,1,0,neutral
terbaik belajar ilmu,5,12,positive
knapa gni buka akun lindkedln lari aplikasi hadeuuh kecewa ga,1,-3,negative
kali,3,0,neutral
satpam,5,0,neutral
ok,5,4,positive
lambat lodinhnya masuk,2,-2,negative
aplikasi bagus mengenal orang orang yg sdh sukses dunia kerja mereperensikan orang pekerjaan mengenal orang karakter semoga apk unatuk membantu orang orang yg butuh relasi peluang kerja,5,13,positive
bagus,5,2,positive
sya pengguna aplikasi linkedlnsangat bermanfaat utk menunjang wawasan disiplin ilmu utk pencapain dunia usaha budaya dri latar belakangsemoga linkedln sukses,5,11,positive
good application to relationships among workers in the world thank you linkedin,5,9,positive
senang aplikasi linkdĺn membantu koneksi jaringan,1,10,positive
semoga dapet kerjaan aolikasi,5,4,positive
belajar,3,3,positive
job recommend,5,0,neutral
sip deh,5,0,neutral
good app,3,5,positive
i worker,5,0,neutral
nyoba semoga sykses,3,0,neutral
keren tampilan histori nya,4,1,positive
fitur link in stories samsung a android update ya min thank,4,8,positive
membantu pencarian kerja,5,6,positive
bagus,5,2,positive
kegunaan aplikasi,5,0,neutral
email udah ku masukkan pasword udah ku masukkanudah ku konpirmasihkan gmail ku konpirmasihkan lagitolong perbaikin,2,0,neutral
bitang an,3,0,neutral
woww amaze,5,0,neutral
senang nya linkedin,5,5,positive
tuhan yesus memberkati,5,3,positive
aplikasi membantu profesional membangun koneksi jaringan sukses linkedin,5,8,positive
help me awesome,5,2,positive
luaaaaar biasaaaaaa,5,0,neutral
aplikasi berharga,5,-1,negative
gus mifto,1,0,neutral
bagus admin koq sy post sy ga muncul beranda,3,4,positive
bagus pencarian pekerjaan,5,5,positive
membantu trim,5,4,positive
membantu proses pencarian kerja,5,7,positive
uu tutuiuhj,5,0,neutral
biak bos,5,0,neutral
apk useful for everyone,5,0,neutral
aplikasi yg mantap beselancar keman bertemu teman temanpokoknya mantap keren,5,8,positive
banget lowongan kerja bagus bagus,4,7,positive
mengubah profil kinarja karyawan,5,3,positive
,5,0,neutral
slmsaya familiar dgn metode manajemen yg simple utk menangani suply chain dr pemesanan material manage gudang mnaging prosesschedule line balance produksiwip finish goods yg berorientasi dead line delivery forecast sales level stock yg mengacu pd kbutuhan produksi dgn continous improvement team operations manufakturing development menghasillkan leadership busiines proses excelence yg mendorong perusahan utk bersaing dgn competitor positif,3,2,positive
terima kasih ya,5,8,positive
gk buka,1,3,positive
iam as a local bird guide since till now in merauke region west papua indonesiaspecially wasur national park and other areas near merauke region,3,0,neutral
belajar,3,3,positive
bosun experience ahts and psv operation offshore mexico uae asia indonesia,5,-4,negative
andika,5,0,neutral
sangag berguna menambah wawasan koneksi,5,10,positive
nice and great,5,7,positive
memuaskan pencari kerja lokal negri,5,7,positive
tolong bantu tul lamaran kerja nya,5,8,positive
profesional helpfullness,5,0,neutral
coba,4,2,positive
saangat membantu pekerjaan,5,7,positive
aplikasi kl downloadnya gampang gk hapus aplikasi gk lamar aplikasi lowker jancoook,1,-11,negative
yes yes,5,6,positive
semoga bermanfaat,5,5,positive
setuju dgn aplikasi in,5,0,neutral
akun nonaktifkan menerus gak ngapa ngapain butuh banget tugas kuliah udah bikin kali payah banget nyusahin,1,-3,negative
bermamfaat,1,0,neutral
nungguin bilang i love you nungguin mui menyetujui lebel halal botol ciu lgi gabut wkwk,5,2,positive
professional link,5,0,neutral
nyoba,5,0,neutral
linkedin tolong mengerti disaat melamar pekerjaan diarahkan link website,3,8,positive
taksi driver,2,0,neutral
dagnut,5,0,neutral
ntap,4,0,neutral
mantab membantu,5,4,positive
yes good luck,5,12,positive
coba makai kasih bintang,3,4,positive
tolong bantu media,5,6,positive
membantu sebagi pencari kerjauntuk info seputar pekerjaan lowonganperkembangan dunia usahamenambah koneksi teman sahabatterimakasih,5,7,positive
kali akun linkedin kali akun nonaktifkan apk mambantu malas sya hapus aja,1,-6,negative
ngagur bermanpat banget yng rumah semoga cepet nemu kerjan yab,5,4,positive
f c v,2,0,neutral
bagus bikin yambah wawasan,1,2,positive
linkedln bertemu orang didalamnya negara mengenal yg membantu informasi dilinkedln membuka jendela dunia biasaaa,5,10,positive
bismilah,5,0,neutral
cocok pencari kerja menambah koneksi berkesempatan pekerjaan,4,14,positive
this app be very nice,5,4,positive
respon info lamaran,5,-1,negative
mencoba duly,5,0,neutral
alhamdulilah instal link lihat penjuru dunia thank link membantu my bisnis,5,15,positive
usaha,2,1,positive
membantu salam semangat,5,8,positive
woww good app,5,5,positive
mencoba ngak pas hapus langsung,5,3,positive
terbaik terimakasih,5,10,positive
puas maksimal,5,6,positive
good experience get new opportunity to work,5,5,positive
apps yg recommend topik yg diangkat seputar dunia kerja bermanfaat perkembangan karir disamping kesempatan open network off course,5,7,positive
mmmmmmmm mmmmmmmmmmmmmmmmmmmmm mnww bck,4,0,neutral
sya jd lbih bnyak tau info lowobgan pkerjaan,3,-7,negative
aplikasi bagus nermanfaat menjalin hubungan pertemanan dibidang pekerjaan,4,1,positive
need more job information,5,0,neutral
gila darah membuatku beku pakai ungu,4,7,positive
membantu maju,5,4,positive
efektif cari informasi pekerjaan informasi wawasan,5,9,positive
dunia luas,5,4,positive
design wwt audid energi and environmental,3,3,positive
kkkkkkkk puass,5,0,neutral
well application fot job seeker,5,0,neutral
tema gelap utk android dunk,3,-4,negative
h,4,0,neutral
nyesel aktifkan update versi ngebug buka buka mend uninstall aja,1,2,positive
supppper,5,0,neutral
bagus profesional but for now why all the user like facebook in deferrent with fb im borned,1,0,neutral
mohon info bantuannya lowongan pekerjaan real,5,4,positive
mudah mudahan membantu melamar kerja utk orang,4,11,positive
markotoptoptop,5,0,neutral
membalas pesan,1,6,positive
aplikasi bagus menambah jejaring,5,1,positive
gud profesional,5,0,neutral
nice app,4,4,positive
mr ayah aftulchabib bunda tatistibahati mys ayah bunda,4,6,positive
sulit kerjaan,1,2,positive
oke coba,5,4,positive
sangatt membantu pekerjaan,5,7,positive
gabung ah dlu klo linkedin nya bagus ya,2,1,positive
mancin,5,0,neutral
cewe bsa boking,5,0,neutral
great apps,5,3,positive
bagus membantu,5,6,positive
kerja,4,2,positive
kerja hentinya,5,2,positive
ratu kiduk,5,2,positive
terdepan wawasansharing kemajuan jobstreet berubah,5,0,neutral
if you can give me back my restrict account ill give u more star just a dumb app suddenly restrict account without permission and never give any solution if i dont need this for my business ill never install u,1,0,neutral
goodrespon cepat,5,3,positive
im bachelor degree from civil engineer i have experience in build house hotel hospitaly road industry etc,5,1,positive
mantap brofull rekomended,5,5,positive
ogah ahh bnyk mkn memory hp ogud,1,-3,negative
terimaksih membantu,4,8,positive
joss pokoke,5,0,neutral
good job,5,5,positive
baguswalaupun memdapat pekerjaan linkedlntetap semangat berusaha,5,10,positive
bagus sngat membantu,4,6,positive
mencoba mengunakan aplikasi linkdln,2,-4,negative
bagus pelamar kerja wajib inst linkedin,5,2,positive
bagus membantu,5,6,positive
mohon maaf kasih bintang salah menaruh keahlian mengubahnya,5,5,positive
maju,5,0,neutral
bagus,3,2,positive
kalo udah dapet kerjaan bintang,4,4,positive
upload video,3,0,neutral
tes aplikasi,4,-4,negative
trim,5,0,neutral
ok membantu aplikasi,5,4,positive
apk bermanfaat membantu berkarir penuh edukasi positif,5,13,positive
cobal,3,0,neutral
best of the best profesional worker,5,0,neutral
mencari kerja susah yg membantu informasi yg mengunakan,5,2,positive
bagus aplikasi y,5,-2,negative
semoga bermanfaat,5,5,positive
membantu berbagi mencari informasi pekerjaan,5,8,positive
semoga sukses aplikasi linkedin,5,-1,negative
dapet kerja,1,4,positive
driver slama sim b polos laring paket,1,2,positive
mengubah lokasi susahgagal,3,0,neutral
susah dimengerti kayak bos,1,-3,negative
bagus informatif profesional,5,2,positive
terimakasih,3,5,positive
beda dgn yg jd bnyk kenal teman bidang pekerjaantrmksh linkedin,5,1,positive
nggak login email dicoba berkali kali nggak,1,4,positive
suka,4,3,positive
berguna calon pra kerja,5,7,positive
lumayan bagus,3,3,positive
mantabbb good job,4,5,positive
prakerja menambah ilmu,5,7,positive
agido,1,0,neutral
membantu,5,4,positive
email verifikasi kendalanya emailnya giliran bikin pdhl email udh dri dlu d pke giliran lmr krj ora iso,2,3,positive
semangat pagi menang,5,9,positive
semoga mudah cari pekerjaan aplikasi,5,0,neutral
thank u linkedin membantu semoga impian,3,11,positive
modal usaha,5,3,positive
d download,1,0,neutral
i like it,5,0,neutral
pengalaman warehouse gudang paham cek masuk barang gudang fifo mengendarai forklift,5,-5,negative
good job not bad,5,1,positive
good social media,5,5,positive
tobot galaxy,5,0,neutral
l,2,0,neutral
lamar kerja mantap,5,7,positive
linkedln,4,0,neutral
mudah mudahan membantu,3,9,positive
membantu mencari inpo,5,1,positive
lumayan mencari pekerjaan,3,1,positive
ok jjj,5,4,positive
membantu mengembangkan network,5,4,positive
coba dlu,4,2,positive
ok suka,5,7,positive
,1,0,neutral
upgrade ga masuk ya ampun disuruh upgrade kemaren,1,0,neutral
membantu terhubung orangorang d profesimantul,5,4,positive
ok rekann kenalan,5,4,positive
link,5,0,neutral
klw pas email pake verifikasi udah paspun dijawap ngk login emosi aja,1,7,positive
valid informaton,5,0,neutral
mantap aplp,5,5,positive
aplikasi ngentot tdk login,1,-4,negative
sanggat puas,5,3,positive
good connection platform,5,5,positive
maju trus berilah yg terbaik indonesia,3,5,positive
bintang karna terhubung singacir,5,0,neutral
lambat,1,1,positive
linkedin mengenal karakter orangdari situ belajarlinkedin mantap pisan,5,6,positive
mantap,5,5,positive
bermanfaat mudah,5,9,positive
josd,5,0,neutral
info lokernya update,3,-3,negative
so good so like,5,5,positive
situs penipuan loker,1,0,neutral
good pisan,5,5,positive
,5,0,neutral
membantu mencari loker,5,1,positive
dilirik pesan andalan aplikasi biar download buka aplikasinya,1,2,positive
good profesional,5,5,positive
tipu lowongan untung blm jd berangkat bali,1,-1,negative
linkedln aplikasi yg baikmembantu banget pencari kerja pekerja membangun komunikasi,5,4,positive
aplikasi membantu dlm mencari teman pekerjaan,5,0,neutral
mencoba app,3,0,neutral
aplikasi bagus memperkenalkan publik,5,-2,negative
mudah mudahan info lowongan pekerjaan,4,5,positive
aplikasi google potensial pengembangan bidang komunikasi ok thank,5,9,positive
bantu pekerjaan,1,6,positive
sorry ya retingnya appnya coba,1,2,positive
suka,4,3,positive
belm sya gna knjdi kash bintng dlu,1,0,neutral
baguuuuuusss,5,0,neutral
aplikasi linkedln upgrade akun nonaktif membuka aplikasi linkedln mohon bantuannya membuka aplikasi linkedln akun pulih terimakasih,1,-5,negative
bintang deh pemula nih,3,0,neutral
keren banget,5,1,positive
ffi,5,0,neutral
love this app to open mindset worker object train of intuition create good content and good insight,5,12,positive
awesome,5,0,neutral
dewasa,5,2,positive
aplikasi nih nyedot pulsa,1,-7,negative
,3,0,neutral
aplikasi terbaikmembantu kebutuhan,5,0,neutral
semoga menemukan mitra kerjasama yg,5,7,positive
good and amaze app membantu,5,9,positive
job,5,0,neutral
coba ya,2,6,positive
membantu jobseker,5,4,positive
nicee,5,0,neutral
membantu dapet kerja semangat hidup perjuangan keep smile and self healthy,5,14,positive
mine open pit fropesionalpop minerbalicen cy police bfamiliar excavatorloderdozergradertruckgood leadershipdisplinneroriented mine target prod liading pointhaul riadaccessdisposal west dumpdewateringexcecution mine design mpeexperienced spv prod levelheoperatorspull certification by mine dealerh heavy epuipment ability to crew mine ship by shiprostered man power shipoprdriverchekerall support crew minimize prod costingbujeda and hard work to mine target,3,0,neutral
bagus terbaik,5,7,positive
terimah kasih appk ni membantu mencari inpormasi semoga bermanfaat suka good,5,16,positive
bismillahmudahan ak dsini gmpng mendpatkan pkerjaan yg baikdn cpt mndptkn,5,0,neutral
lumayan amplikasi berfungsi,4,1,positive
memuaskan membantu mencari pekerjaan,5,9,positive
bagus promosikan product,5,2,positive
bug upload video glitch menu utama komen company ribet heran aplikasinya microsoft bug fiturnya optimal,1,0,neutral
ok memuaskan dunia bisnis,5,13,positive
kasih bintang dah loker blm yg respon,3,1,positive
terima kasih tim kerja aplikasi linkedin,5,-2,negative
ngabantu,5,0,neutral
coba,4,2,positive
ok lahlbh diupgrade lg komunikasi lbh,5,6,positive
,5,0,neutral
linkedin membantu cari info loker,5,-2,negative
run in,4,0,neutral
pengalaman kerja thn bidang persepatuan sepatu merk nike usia kendala kerjaan semangat kerja muda usia kepala semangat kepala hehehehe,4,17,positive
alhamdulillah bantu mencari pekerjaan terima kasih,5,12,positive
pembangkit listrik bahan bakar plm permanen magnet menggantikan peran sumber energi terbarukan,5,4,positive
nic,5,0,neutral
mantap mantap,5,10,positive
membantu banget jaringan wilayah indonesia,5,8,positive
terima kasih membantu,5,8,positive
veriy good,5,5,positive
dgn aplikasi mudah pekerjaan,5,3,positive
membantu pengembangan,5,7,positive
terimakasih membantu lgi,5,9,positive
i want try,4,0,neutral
happy,5,5,positive
bismillah semoga aplikasi linkedin pekerjaan secepatnya,5,6,positive
terimakasih,5,5,positive
medsosnya jobseeker market purchase,4,0,neutral
,5,0,neutral
bagus,5,2,positive
good koneksi bertambah,5,2,positive
banget cari informasi pekerjaan,4,3,positive
mudah perkenalan dgn siapapuj yg,5,4,positive
busnis yes,5,3,positive
pengalaman kerja bidang plastic mold injektion operator produksi helper teknisi,5,4,positive
update app,5,0,neutral
membantu mencari perkerjaan,5,1,positive
good for career,5,5,positive
keren,4,0,neutral
mantap appsnya interaksi usernya oke yg info seputar lowongan yg tdk terlewatkan,5,7,positive
membuka jasa sketch wajah lukis tote bag pasarkan media sosial whatsaap facebook instagram shoppi tiktok dll,5,10,positive
good service,5,5,positive
bagus sih perusahaan ku tinggal yg pakai app haha,4,6,positive
puas,4,3,positive
job job,5,0,neutral
gangguan ya keterangan kesalahan,2,-1,negative
top and good,5,10,positive
kebanyakan penipu lokernya udah dateng kantornya ehh biaya admin hadehhhh parahh lahhh,1,0,neutral
sla,5,0,neutral
aplikasi berguna menjalin network profesional,5,1,positive
bagus mudah,5,6,positive
trim,5,0,neutral
ret yah gak login tolong defeloper gimana solusinya,1,6,positive
membantu mencari pekerjaan,5,4,positive
nice and give inspiration,5,4,positive
instal tdak ya,1,4,positive
mantul berbagi bisnis,4,5,positive
lom d kaji rinci blum paham,4,4,positive
semoga membantu mencari pekerjaan,5,4,positive
coba minmudah mudahan cocok bermanfaat yeterimakasih,3,12,positive
profesional social media menghubungkan orang lintas profesional pekerjaan,5,3,positive
lumayan bagus beda yg,4,1,positive
mantap aplikasi yg menyenangkan,5,5,positive
good luck,5,9,positive
mantaf abis,5,1,positive
bisnis,4,3,positive
brulll,1,0,neutral
terbantu aplikasi mencari pekerjaan mudah,4,0,neutral
good aplication,5,5,positive
blm tau bagustidak,2,-4,negative
instal apknya muncul dekstoplayar utama handphone tolong respon,2,6,positive
market,1,0,neutral
ok ni,5,4,positive
blum paham belajar melamar linkedln,2,3,positive
topmargotop,5,0,neutral
tampilan,5,1,positive
bermanfaat orang terimakasih linkedin,5,10,positive
mantap,5,5,positive
aplikasinya mantapsangat membantu beraktifitas,5,4,positive
star for you,5,0,neutral
sdah bagus trus berivasi linkedin bisah bersaing aplikasi,5,-2,negative
cerita mreka pengalaman bertambah,5,-1,negative
informatif mempermudah memperluas jaringan kerja,5,2,positive
upload postingan gagal cari koneksi komunikasi dg pengguna linkedin terhubung gagal total perbaiki spy cepat respon,2,-1,negative
membantu,5,4,positive
membantu mencari informasi jaringan,4,6,positive
top bgt sukses,5,8,positive
coba ya tau memuaskan,5,7,positive
aplikasi urusan pekerjaan the best,5,-1,negative
ok jg,5,4,positive
semoga membantu,5,4,positive
aplikasi profesional,5,-4,negative
aplikasi yg membantu pekerjaan,5,3,positive
bug,2,0,neutral
,4,0,neutral
very exelent help us and share with any profesion,5,2,positive
great app good app terbaik pisan bermanfaat jobseeker,5,18,positive
orang bijak pandang baiknya menata dunia,5,4,positive
alhamdulillah mempermudah utama relasi tersebar bertambah sei donesia,5,0,neutral
good application for profesional employer connect share and care,5,7,positive
driver dt operator hdoht foremen priduksi,5,0,neutral
membantu mencari pekerjaan kontrak suasana pekerjaan bidang pekerjaan lokasi negeri negeri tersedia,4,18,positive
good,2,5,positive
tukang jait sepatu,5,1,positive
bagus berita lowongan pekerjaan,4,1,positive
oke sih,5,2,positive
its oke,4,2,positive
mencari informasi,5,-1,negative
provider job inside the linkedin be pretty difficult not simple as we send the reguler email,2,3,positive
berita ko d nonaktifkan anehh apakahh padahl gw updet cumb promo jasa doang engg yg berbau nrgatif,5,4,positive
jual mobil,5,2,positive
aplikasi mendukung mencari pekerjaaan menambah wawasan jaringan pertemanan bisnis pengembangan bisnis,4,8,positive
hi admin why i cant add friend to my linkedin ya please to repair your apps so that your apps can useless to other thank,1,4,positive
hatihati melamar lowongan pekerjaan linkedin penipuan,2,3,positive
mantaappp cuyyyy,4,0,neutral
membantu mencari pekerjaan,5,4,positive
ssmoga berhasil aamiin,5,5,positive
mudah mengerti bagus pemula,5,8,positive
good aplkasi,5,5,positive
aplikasi yg pencari kerja,5,-2,negative
melamar download aplikasi ya,3,0,neutral
spam,5,-3,negative
informasi loker mudah,5,6,positive
ko udah donload ga masuk donload aplikasi tertipu,1,-7,negative
kro teman pakai linkedin premium,1,2,positive
provider job yg link in ribedga bikin simpel,2,3,positive
kasih bintang dl bljr ya,3,6,positive
hidup kadang ditindas menindas tergantung menjalaninya hidup inipun takkan semanis kembang gula,5,8,positive
pas,5,3,positive
kasih aja ya masoh ngerti gimana aplk ribet,4,4,positive
membantu lowongan yg gak update belibet iklan aplikasi jg,5,0,neutral
orang nyari kerja lamah ngisi data kerjaan pt kerja aplikasi aneuh,2,-3,negative
kaya sosmed,5,2,positive
pake aplikasi rekomendasi pekerjaan,1,-1,negative
teruslah berjuang menolong orang yg membutuhkan pekerjaan,5,7,positive
rain on me,5,0,neutral
ranty sumy,5,0,neutral
terimakasih link membantu,5,9,positive
an aplikasi lengkap pencarian kerja wilayah kota pekan utk kotakota yg nya yg,1,-1,negative
goodjob,5,0,neutral
linkedlin mantap,5,5,positive
cari kerjaan liat konten postingan orangorang yg sukses anjing yg aplikasi,1,-4,negative
link in membantu,5,4,positive
membantu menambah jaringan ber bisnis,5,13,positive
semangay,5,0,neutral
suka aplikasi,5,-1,negative
senang,5,5,positive
no coment,4,0,neutral
membantu memperbanyak silaturahmi,5,4,positive
hear of sales pt asia berjaya mobilindo mazda cibubur,5,4,positive
coba fh,5,2,positive
,5,0,neutral
posotif,5,0,neutral
halo linkedin ya aplikasi mendebit atm langganan unconnect kartu debitnya settimg aplikasi google berlangganan akun linkedin sia sia dollar resesi tolong respon donk,1,-7,negative
menghapus link,1,-4,negative
kasih bintang,4,2,positive
tolong developer linkedinsebelumnya linkedin buka login ulang input password salah repassword yg da say yg dri linkedin verifikasi identitas bsa tinggal nunggu balasan cek email berhasil login ulang dri linkedin gabisa berulang,1,7,positive
okelah,5,0,neutral
uptudate biar optimal,5,1,positive
tolong aplikasi informasi lowongan kerja akurat kebanyak orang mengatas namakan perusahan penipuan kali melamar penipuan mendowload aplikasi harap perhatikan kebenarannya dirugikan masyarakat mencari pekerjaan masyarakat mancarin kerja jangaj permainkan,1,4,positive
koki masakan indonesia chinese food,5,3,positive
bermanfaat mudah linkedln terima kasih linkedln,5,13,positive
sangattt membantu bagus nya yg pencari kerja karna info loker,5,5,positive
sip mantap,5,5,positive
aplikasi sampah kaya gini didownloadbikin emosi ajah,1,-3,negative
berpengalaman menjalin informasi menarik pembisnisbila informasi modal bisnis,3,17,positive
pakai,1,0,neutral
thank you aplikasinya ga cari loker aja buka relasi luas,5,11,positive
cigin laghi e,5,0,neutral
semangat mencari,5,1,positive
lowongan kerja tipu,1,2,positive
coba,1,2,positive
aplikasi positif kalangan pokoe baper,5,1,positive
semoga cepat berkerja berkarir,5,3,positive
jos markojos,5,0,neutral
tugas,5,-1,negative
pls automatically for update,5,-3,negative
knp akun nonaktif ya gimana aktif,3,6,positive
membantu mencari informasi kerja,5,5,positive
aplikasi bagus bermanfaat,5,3,positive
halaman isinya promosi yg g dukun pesugihan dll mo cari pekerjaan dukun sy wkwkwkw sry kasi bintang,1,-9,negative
medsos pro terbaik,5,5,positive
pengalaman kerja pt cahaya bintang plastindo pt bumi menara internusa,5,4,positive
masuk semoga bermanfaat slalu,5,2,positive
coba ajah dlu,5,2,positive
tolong tingkatkan jangansaya kcewa bnyak lowongan sinih uang sbelum pekerjakanpnipuan,1,3,positive
linkedin,4,0,neutral
kebersamaan,3,0,neutral
semoga sukses,5,3,positive
menambah wawasan,5,3,positive
tolong bantu gimana login nya udh daftar tulisan nya mentok selamat mohon pencerahan nya,3,6,positive
lancar lancar,4,8,positive
terima kasih tingkatkan performa signal hp pemancar signal,3,4,positive
berbagi pengalaman teman dr kalangan,5,4,positive
appnya membantu banget kawankawan yg mencari pekerjaan,4,5,positive
ef,3,0,neutral
maaf bintang krn pelajari gobann dgn linkedin kalo menawarkan jasa bgmn,2,6,positive
jual beli,5,3,positive
,5,0,neutral
great apps,5,3,positive
bagys,5,0,neutral
siipcepat,4,0,neutral
tolong diperbaiki aplikasinya user membuka akun personal bertindak melanggar aturan linkedin,3,-6,negative
nice this aplication,4,4,positive
welder combinationsmawfcawmigalloyssaluminumstick and tigand gouge auto tankg ltgegw gavw,5,0,neutral
,1,0,neutral
kendala ya gak bsa masuk,2,1,positive
enak mudah,5,9,positive
kakutdk fleksibel informasi garingtidak asli linkedin,3,4,positive
aplikasi bermanfaat semoga linkedin sukses,5,4,positive
,2,0,neutral
menjaring hubungan praktis,5,4,positive
cafe and resto,5,0,neutral
aktif,3,2,positive
nice aplikasi,5,0,neutral
very goodconnect every one,5,0,neutral
ok siip,4,4,positive
hp,5,0,neutral
apapun bentuk nya menduplikat data pribadi mencoba mempublikasikan pribadi org kebagian intim uud nya sengaja mempublikasikan nya akun acak mengclaim uang rekening pribadi tolong ihk tindak lanjuti agen yg td sebutkan udah kelewat batas kerugian yg lakukan sehari mengclaim uang ratusan situs resmi id ofliinekan,1,-10,negative
sbgai sumber berita ulasan lintas berita yg bgi pembaca penyampai berita,5,-9,negative
nnti naikin baguss,3,0,neutral
sedot wc mandiri,5,-3,negative
applikasi jejaring terbaik,5,5,positive
thank link in,5,4,positive
good job sasaran pencari kerja,5,7,positive
best application,5,0,neutral
instal android tab a sistem lolipop linkedin support lolipop,1,0,neutral
pertahankan pelayanan perketat pengawasan produk abal abal,5,7,positive
membangun karier sesui keahlian,5,3,positive
oke mksh,5,4,positive
very good and simple to use,5,8,positive
semoga,4,0,neutral
kerja keras bhagiakan orang tua,5,-2,negative
membantu joobseeker,5,4,positive
kren aplikasinya,4,0,neutral
anthony azmingo lingkungan hidup sumbar,5,5,positive
membantu pencari kerja,5,6,positive
ome,5,0,neutral
sesuai kebutuhan,5,7,positive
welder at aramco,5,0,neutral
ga ngrti gunainnya ga buka,1,3,positive
menemukan sahabat orang yg berpengalaman dlm profesinya,5,10,positive
tolong dicek akun linkedin dr pagi td postingan nya perubahan akun dibajak,5,8,positive
nyari kerjaan,4,0,neutral
platform bagus,5,2,positive
nice and easy to use,3,4,positive
infornatif,5,0,neutral
mengecewakan,2,-3,negative
dituduh alat otomasi mengirimkan undangan menggunakannya,1,1,positive
link,5,0,neutral
good aplication,3,5,positive
semoga may,4,0,neutral
alhamdulillah info loker d,5,2,positive
tau,5,-4,negative
bru ya lihat kerjanya,1,7,positive
mohon bantuannya akun nonaktifkannonaktif sadar perbuatan merugikan melangar ketentuan mohon bantuannya terima kasih,1,10,positive
lumayan bagus,3,3,positive
terimakasih in,5,5,positive
terbaik memudahkan manfaat masyarakat,5,13,positive
donwlond aplikasi,5,-4,negative
sukaa,5,0,neutral
membantu bagus,5,6,positive
good app and really inspire thank you linkedin,5,9,positive
info continue top,4,2,positive
awesome,5,0,neutral
aplikasi yg membantu,5,0,neutral
architextural,1,0,neutral
membantu pengguna linkedin,5,5,positive
slowly but sure,5,0,neutral
komplit kurangi iklan fee storytks,5,0,neutral
aplikasibgus,5,0,neutral
tess dlu,2,0,neutral
budidayajamurtiram,5,0,neutral
bsgus,5,0,neutral
bibit id prayitno,5,0,neutral
sulit bs buka,2,3,positive
greattt,5,0,neutral
ajah ya,3,4,positive
lagibaysk,5,0,neutral
ok job,5,4,positive
very useful thank a lot,5,-1,negative
media sosial profesional,5,4,positive
,5,0,neutral
aplikasi bagus cari kerja pandemi,4,-8,negative
manager kebun,5,-4,negative
oksiip,5,0,neutral
aplikasi update pas klik tetep aja ga buka tolong fix problem nya min,3,2,positive
berguna mencari pekerjaan menambah temanteman berpengalaman,5,12,positive
bagus banget aplikasi,5,-1,negative
d bank danomon kendari jabatan account officer bank mega kendari jabatan team leader ukm pt endapan mineral andalan semesta pt bososi pratama jabatan finance division,4,1,positive
sy kasih bintang dl belajar aplikasi,1,1,positive
sip salam kenal sudut desa,5,3,positive
membantu koneksi lingkungan pekerjaan,5,12,positive
simple ringan bermanfaat,5,10,positive
aplikasi hebat terpercaya,5,-4,negative
mencoba,3,0,neutral
mencoba keberuntungan kerja aplikasi,5,2,positive
kasih bintang klo bagus br,3,4,positive
pengembang tolong diperbaiki mash yg tipu cari pekerjaan bikin perusahaan yg menerbitkan info lowongan pekerjaan bikin profil perusahan dgn kasih kolom komentar linkedln info lowongan yg gak tipu,2,5,positive
nup,1,0,neutral
very help and usefull,5,2,positive
bidang peternakan,3,0,neutral
mudahan peluang bisnis rejeki manjur god bless,5,12,positive
keren mnrt su d kumpulan orang positif,5,4,positive
bagus mencobs,5,2,positive
siti asitia,1,0,neutral
pejuang pahlawan,4,0,neutral
bintang dlu blm memahami appl inikegunaanya soryy,1,3,positive
aplikasi terkini,5,-1,negative
top,3,5,positive
membantu mencari pekerjaan blm pekerjaan da inspirasi orang yg biasadan sukses mengenal orang yg sukses,5,11,positive
membantu mencari relasi usaha pekerjaan nice,5,12,positive
,3,0,neutral
terimakasih bantuanx cari inpormasi loker,5,2,positive
bagus stop work sayang mohoh perbaiki terimakasih,3,13,positive
mantaaappp,4,0,neutral
toko,4,0,neutral
ijazah nya sma ga download takutnya insecure,2,0,neutral
manfaatnya,3,3,positive
coba yah maaf blm ksih bintang,3,4,positive
siiippp,4,0,neutral
,2,0,neutral
easy for use,5,0,neutral
apk buruk mohon perbaikan nya,1,0,neutral
post tapiii gagal,1,-4,negative
partnership,5,0,neutral
aplikasi nya,1,-4,negative
,5,0,neutral
aplikasi bagus menjalin profesional bidangnya mencari pekerjaan,5,-2,negative
otp,5,0,neutral
nice good job,5,9,positive
bagus,5,2,positive
kasih bintang dlu blum kerjaan linkedln,3,4,positive
oke terima kasih,5,6,positive
salah aplikasi memperluas jaringan kerja,5,-3,negative
kasih bintang join in application lihat perkembangan job kedepannya thank,2,12,positive
great experience,5,3,positive
nglamar apk hoax panggilan,1,-5,negative
topp,3,0,neutral
yosh,5,0,neutral
membantu membuka menemukan orangorang hebat diseluruh dunia terkait perusahaan pekerjaan salam,5,10,positive
mantapp kasih bintang,5,2,positive
linkedin profesional menjembatani ilmu pengalamanpengalaman diaplikasikan dunia kerja relationship,5,7,positive
anehini aplikasi jejaring sosial follow mengundang teman blokir keterangan akun tangguhkan krna penggunaan alat otomatisasi alat otomatisasi yg namanya jejaring sosial bebas donk banyaknya teman batasi,1,1,positive
membantu,5,4,positive
masi coba,1,2,positive
bermanfaat pertemanan loker,5,5,positive
membantu terima kasih,5,8,positive
bermafaat,5,0,neutral
blum coba kasi ret dlu,3,-1,negative
suka dengqn gagasan,5,3,positive
cobadulu,5,0,neutral
gabisa download,1,0,neutral
ok thx,5,4,positive
ga bs update status ya dah update aplikasi,3,-3,negative
aplikasi membantu,4,0,neutral
blum buka sepenuhx,1,3,positive
foto terkini jm yg,4,6,positive
xaźstories,3,0,neutral
semoga bermanfaat orang memakai aplikasi,4,1,positive
bagus bermanfaat,5,7,positive
sya bintang dlu klau oparasi aplikasinya bagus sya tambahkan,3,2,positive
anjirr ni aplikasi ribet bgt mo lamar mesti login aplikasi trs nulis ulang pengalaman kerjanya aja gue yg pengalaman kerjanya mo sombong ribet bgt nulisin lg ribeeeetttt,1,-17,negative
if you have power you must be a winner,5,0,neutral
usefully,5,0,neutral
susah download,2,-3,negative
keren keren keren,5,0,neutral
mencari pengalaman pengetahuan,5,3,positive
ok aj,5,4,positive
masi instl nyobain,2,0,neutral
dapet kerja mantap,5,9,positive
recommend to install this application,5,0,neutral
sungguh menambah wawasan terhubung orang orang berpikiran positif memudahkan berinteraksi sosial harap dijaga postingan mengandung sara semoga membaca postingan yg bersifat mendidik bravo li god bless,5,22,positive
masuk udah ga masuk akun nonaktifkanperasaan ga nonaktikan akun gimana nih pengembang nya bikin ribet pengguna pemula,1,-9,negative
increase knowledge,5,0,neutral
udah akun dsini,5,0,neutral
loker nya,3,0,neutral
semangat,5,4,positive
blom job,5,0,neutral
bagus info loker,3,-1,negative
gimana,1,0,neutral
awsomeeee,5,0,neutral
belom lampiran nomor telepon teman,1,1,positive
good applikasi,5,5,positive
membantu mencari rekan kerja mencari kerja,5,6,positive
great app for our bussiness,5,3,positive
ok seru,5,9,positive
yes ok good,5,12,positive
asyik ajaisinya profesional,5,0,neutral
informasi terkait profesi,5,-1,negative
cari informasi kerja lowonganini nya,5,1,positive
semoga membantu pekerjaan,5,7,positive
bikin company page gabisa mulu interface nya bikin bingung udh nyari bikin company page menu help udh diikutin instruksi nya tetep aja gabisa menu instruksi interface aplikasinya gak,1,1,positive
sya bru mempelajari penggunaan aplikasi,3,-3,negative
membantu karier membangun network,5,4,positive
thank info lowongan kerjanya sayang blm menerimanya,5,4,positive
tolong login akun ngk masuk,4,0,neutral
membatu mencari pekerjaan,5,2,positive
afternoon sis before apologize why my account be deactivate i have already create a new account but keep it deactivate what do i do i have already verify the id card through the laptop but still cant ask for the repair i need it my id card have be scan and stil l cant because,1,-2,negative
bagus mempercepat jalan meniti karier kesuksesan,5,4,positive
gaje info loker ga gk panggilan maksa update,1,-11,negative
aplikasi bagus bg calon penguasaha pembisnis krn aplikasi inspirasi yg ternilai,5,-9,negative
nice n good,5,9,positive
semoga membantu orang pekerjaan sesuai passion wallet,5,10,positive
i like linkedin,5,0,neutral
sy kasih bintang job kalo apply berlangganan yg premium min info loker yg post apply diarahkan situs dimna sign up situs masukan min permudah apply lamaran kerja,3,5,positive
professional business,5,0,neutral
aplikasinya tdk diuninstall,1,0,neutral
berguna untk pencari kerja,5,7,positive
wawasan,5,0,neutral
good aplicasithanks,4,5,positive
good banget,5,6,positive
ignite,5,0,neutral
aplikasi bijak,5,-1,negative
mator suwun,3,0,neutral
intalasi sipil baja ringan plapon kusen almunium,5,2,positive
,5,0,neutral
apk bagus bermaanfaat,5,2,positive
puas aplikasi,5,-1,negative
set wae,3,0,neutral
aplikasi oke instal,1,-2,negative
bagus,3,2,positive
informasi,5,2,positive
jios,5,0,neutral
mengikuti tayangan chaenel menyukai muda mudahan bagus menarik,5,12,positive
mudah mudahan pekerjaan bantuan,5,8,positive
aplikasi yg membantu jobseeker,5,0,neutral
ribet gunainnya gak kyk apk sebelah tinggal apply,1,-7,negative
kasi bintang klw apk nya beneran bagus kasi,1,-1,negative
aplikasi bagus pembelajaran motivasi terkoneksi profesional bidang pekerjaan,5,7,positive
baikk,5,0,neutral
,4,0,neutral
membantu memperluas jaringan pekerjaan,5,10,positive
berguna,5,5,positive
semoga sukses pekerjaankuamin ya allah,5,12,positive
membantu dlm berkomunikasi,5,4,positive
cobatp lumayan membantu,2,5,positive
membantu bngt nih,5,4,positive
bermanfaat komunitas jobseeker,5,7,positive
cepat,5,3,positive
bagus profile individu prosesi profesional bidang individu,5,2,positive
gk sesuai,1,3,positive
oke,5,2,positive
bermanfaat info terimakasih,5,7,positive
cc t wf b,4,0,neutral
mantabb,5,0,neutral
info pekerjaan meluas,5,2,positive
oke membantu,5,6,positive
mantap,5,5,positive
,3,0,neutral
membantu mencari pekerjaan pengetahuan menyalurkan ilmu usaha bakat mempermudah orang diseluruh dunia individu maju tangguh berkepribadian kuat,5,22,positive
berguna bgi yg mencari pekerjaan,5,5,positive
familiar,3,2,positive
aplikasi linkedin bagus bangeet,5,-2,negative
suka membantu,5,7,positive
bagus kalin,5,2,positive
mengenal dunia profesional terima kasih linkedin,5,6,positive
hilarous moment yet bond time to cherish good memories and share stories of achievement in life family education work area entrepreneurship pro bono consult and alive learn platform in order to maintain between career paths experience curve x education learn curve kudos to jeff w linkedin families,5,3,positive
terbaik pelayanan loker yg membutuhkan akurat,5,8,positive
bagus banget aplikasinyasangat membantu,1,7,positive
goodjob,1,0,neutral
semoga bertambah wawasan dunia,5,-4,negative
mingguan aplikasinya dibuka close,1,-2,negative
tolong linkedin ban akun yg bernama asi dwi setianingrum beliau ambil nosaya sbg masuk aplikasi bkl lapor berwajib,1,-3,negative
everything be good for the info,3,2,positive
zoom sekolah online tari balet sebagainyatadi kehapus,5,4,positive
suka aplikasinya,5,3,positive
membantu menguatkan koneksi dunia kerja terima kasih linkedin creator team xoxo,5,11,positive
memahami program komputer akuntansi sap erp accurate excel pajak all tax ppn control werehouse internaltaudit analisis finansial report exim internal audit account project perbankan rekonsiliasi market intern extern,5,8,positive
driverofrator porklif,5,0,neutral
bermanfaatpada situasi akun in tau maaf nya pake pas zaman kulia aj,5,1,positive
membantuterima kasih,5,2,positive
informasi yg bagus,4,4,positive
bagus si hp gw ga muat anjing,5,-2,negative
terbantu terhubung cepat,5,3,positive
ムムムム,3,0,neutral
design grafis,5,0,neutral
bagus berkesan,4,2,positive
good,5,5,positive
bagus membantu,5,6,positive
berguna mudah penggunaannya,5,9,positive
kebanyakan lowongang penipuan bgst,1,2,positive
memudahkan mencari peluang lapangan pekerjaan sesuai pengalaman good luck linkedin,5,20,positive
fine,5,3,positive
info loker yg masukkok didominasi surabayadomisili tegaljateng,4,-3,negative
bermanfaat thx linkedin,5,5,positive
much information in this app,5,0,neutral
aplikasi bermutu coyy,5,-1,negative
pedoman hidup,5,2,positive
good aplication,5,5,positive
mohon kembangkan memudah pencarian pekerjaan pencari kerja mohon awasi perusahaanperusahaan penipu uang walk in interview terima kasih linkedin hormat fidal jourdan christian,5,9,positive
aplikasi sosial media positif mudahmudahan terjaga,5,6,positive
expand the network and its development,5,0,neutral
thank linkedln,5,4,positive
akun nonaktifkan gmna ya tau gmna biar aktif,5,3,positive
jos,4,0,neutral
profil pakai foto upload berkali,2,3,positive
mebcobaa,5,0,neutral
tolong diperbaiki force close mengisi form data apapun terimakasih,1,5,positive
aplikasi membantu menemukan solusi pekerjaan,4,8,positive
oktolong fee nya,5,0,neutral
semoga membantu,5,4,positive
account excecutive ptindolife pensiontama thn,5,0,neutral
nice,5,4,positive
good relationship among profesional worker,5,5,positive
mudah upaya kerja penuh kerja paruh,5,6,positive
,1,0,neutral
mempermudah jaringan,5,0,neutral
coba aplikasi bintang,5,-2,negative
nyoba ntar kalo membantu bermanfaat tmbah bibtangnya,3,9,positive
membantu dlam mencari relasi ruang lingkup dunia kerja,4,-1,negative
mencoba,5,0,neutral
paiping kontraktor listrikbersertifikatpernah ptjayanti grup baglistrik bersertifikatdp ptindocater bersertifikat sekarangkarena korona rumahkan,5,-4,negative
listrik,1,0,neutral
in,2,0,neutral
coba belajar,5,5,positive
gk recommend,1,0,neutral
no comment,5,0,neutral
bagus syh kasih bintang,5,4,positive
good order,4,5,positive
nawe,1,0,neutral
link bagus,5,2,positive
semogga sanggat membantu,5,4,positive
recomended platfrom media social,5,0,neutral
linkedin susah buka,1,0,neutral
top partner situasi,5,5,positive
bermanfaat fitur lengkap,5,7,positive
mengerti pelajjari,5,2,positive
this be amaze app where every one can share their experience and opinions so we can know which be the right,5,0,neutral
aplikasi bermanfaat,5,1,positive
paham entak knapa nyaman linkedln mensos mositif,5,1,positive
membantu sekaliuntuk terhubung teman teman berkarier bergai perusahaan,5,7,positive
feel good,5,5,positive
nice tons of knowledge improvement network,5,4,positive
membantu wira usaha,5,5,positive
helpfully,5,0,neutral
nggak tau krn instal,2,-3,negative
,3,0,neutral
lupa linkedln ku nya,5,1,positive
membantu aplikasi good nih,5,5,positive
baca motivasinya sih lokernya,5,3,positive
kerenmudah mencari link pekerjaan,5,0,neutral
semoga kerjaan,3,2,positive
blm kerjaan,5,2,positive
membntu pengembangan jejaring portofolio,5,5,positive
goodd,5,0,neutral
bukadaftar nulis spt yg dimintaeeeehh lg berkali,1,0,neutral
semoga fasilitas pengguna aplikasi maju,5,-1,negative
salah platform media sosial tepatnya platform personal brand,5,0,neutral
n,3,0,neutral
great as well,5,3,positive
no togel,1,0,neutral
aplikasi bagus pencari kerja head hunter,5,0,neutral
aplikasi bagus membantu,5,2,positive
love it so much help in my professional community a lot of feature can be use,5,2,positive
nice,5,4,positive
semoga platform terpercaya memeberikan info lapangan pekerjaan mempertemukan orang,5,3,positive
semoga membantu kerja kluarga linkendin,5,6,positive
biang men,5,0,neutral
aplikasi mendukung karier,5,-4,negative
semoga dapet jodoh,5,5,positive
,5,0,neutral
,4,0,neutral
oo,5,0,neutral
pesan pengguna linkedin mohon bantuannya gaya postingan update status tempatnya contoh postingan nyinyir sindiran instansi publik memancing komentar bermanfaat berhubungan dunia profesional kerja mengotori media online sekelas linkedin silahkan lanjutkan attitude media thx,5,2,positive
operator engine roomloaderboilersterilizer,3,0,neutral
terima kasih infonya,4,4,positive
susah ribet rumit ga info jga nyesel klo download dh,1,-20,negative
sulit banget login nya ga,1,1,positive
,3,0,neutral
mengikutin linkedn mencari pekerjaan smoga sy mendapatkn pekerjaan,5,3,positive
donlooth mudahan kerja pasitif tingking aja,5,4,positive
membantu mencari pekerjaan orang hebat penguna aplikasi,5,0,neutral
membantu pekerjaan,5,7,positive
aplikasi mengunggah foto memaksa mengunggahnya aplikasi otomatis tertutup,1,-7,negative
semoga aplikasi membantu dlm mencari pkerjaantrima ksih,5,-3,negative
membantu pencarian kerja aplikasi membantu,5,6,positive
mantap insfiratip,5,5,positive
the best,4,0,neutral
terimakasih membantu aplikasi,4,5,positive
semoga d bantu,5,3,positive
suruh muterin bola susah serasa ejekkkk ngatain klo bener manusia emnk anjing main hp,1,-6,negative
hse,5,0,neutral
aplikasi bagus sih hadirkan dark mode ya versi,4,2,positive
karna linkedin mengenal orang orang yg freshgraduate ceo perusahaan semoga pekerjaan aamiin,5,9,positive
cba dlu,5,0,neutral
aplikasi bagus temanteman profesional nambah wawasan,5,-2,negative
kenalan,5,0,neutral
bingkai salah inovasi linkedin bagus gerak cepat kebutuhan penggunanya,5,9,positive
easy,5,0,neutral
bintang berbicara tpi berbayar sih min,5,-6,negative
steam turbine specialist,4,0,neutral
very good social media for search job,5,5,positive
cobak manfaat bintang ya,2,9,positive
aplikasi yg aplikasi memudahkan jobseeker recuiter menemukan orang profesional wawasan yg luas apapun,5,0,neutral
easy to find job,5,0,neutral
pakai jaringan profesional jaringan medsos yg berbeda dibandingkan jaringan share sehubungan dgn dunia kerja perush apapun pokoknya yg sifatnya positif teman rekan yg kenal via linkedin kenal didunia nyata linkedin pekerjaan yg sesuai dgn yg masya allah semoga linkedin sukses berkembang aamiin,5,39,positive
good information job,5,5,positive
coba yee,3,2,positive
aplikasi mata peluang kerja menambah wawasan dunia kerja,5,2,positive
goodservice,5,0,neutral
aplikasi nya tdk dpat uninstall ya beritahu meng uninstall nya,1,0,neutral
support,5,4,positive
usfull,5,0,neutral
mantap mencari koneksi relasi,4,7,positive
familier jd kasih bintang ok,3,6,positive
linkedin mudah praktis loker mantap,5,13,positive
hati yg nyari kerja via online penipuan,2,2,positive
mantap maju berkembang,5,5,positive
interest,5,0,neutral
membantu mencari lowongan kerja batam,5,3,positive
membantu mencari pekerjaan relasi dll,5,7,positive
aplikasi simple mudah membantu koneksi pekerjaan,3,12,positive
senang aplikasi relasi berbagi informasi cepat semoga fitur fitur tambahan yg menjadikan aplikasi the best,5,12,positive
fhoto aset ppa jambi,5,0,neutral
mudah mencari peluang kerja,4,3,positive
keren luarbias,5,0,neutral
mantaapppp,4,0,neutral
info akurat,5,-3,negative
mithacanopy,5,0,neutral
mantap,1,5,positive
sgt suka,5,3,positive
lemot banget update doang pdhl jaringan inet oke,1,2,positive
apk bagus bermanfaar menambah relasi,5,8,positive
termotivasi,5,0,neutral
pengalaman jdi driver forklip,5,2,positive
ok,5,4,positive
pekerjaan tersedia diaplikasi mayoritas halaman dibuka dilamar lowongan yg expire akses not recommend,1,9,positive
useful,5,0,neutral
bagussss,5,0,neutral
jaringan kerja,5,5,positive
why now if post it always crash and when log in again upload be queue,3,-6,negative
all good amaze,4,5,positive
berbagi ilmu,4,6,positive
bufferingnya detik bermasalah premium apps huhu,1,2,positive
bagus senang,5,7,positive
mudah lengkap,5,6,positive
job seeketered,5,0,neutral
akses akun gk tau,3,-2,negative
thank linkedin,5,4,positive
top aplikasi linkedin semoga sukses,5,4,positive
mudah membantu,5,8,positive
perluas wawasan,5,0,neutral
sanga membantu,5,4,positive
posisi bldg manager pt sgrs bni jakarta,4,0,neutral
,1,0,neutral
gratis bayar ya,1,9,positive
aplikasi membatu,4,-2,negative
bagus bangga aplikasi linkedln,5,1,positive
menghapus mengganti email linkedln gimana ko gabisa trmksh,5,-4,negative
menarik didapatkan,5,4,positive
belom masuk aplikasi nya,5,-6,negative
ko kemarin download gamaju sampe skrg,1,0,neutral
ngak pake d downlod ngak buka aplikasi,4,-1,negative
coba,4,2,positive
vv mben nggak papa,1,1,positive
bagus klo lancar top deh,5,11,positive
bad akun nonaktifkan,1,-4,negative
bermanfaat menambah persahabatan lowongan pekerjaan,5,15,positive
membatu,5,2,positive
semoga gak bnyak iklan,5,0,neutral
aplikasi keren,5,-4,negative
good relationship,4,5,positive
membantu menjalin komunikasi pekerjaanthank so much,5,6,positive
membantu mencari kerja blum kerja darii apl,4,5,positive
aplikasi membantu mencari kerja hasilnya semiga hasilnya aplikasi,4,-5,negative
login masuk aja dibikin ribet bolak instal,1,-6,negative
aplikasi mengupgrade memperkaya wawasan dunia kerja aplikasi menambah network terbaik pokoknya,5,0,neutral
apk buyan,1,0,neutral
mantap,5,5,positive
mempermudah mencari karir,5,-6,negative
knp nonaktifkan,1,0,neutral
ex driver ptcakra karya nusa,5,2,positive
smoga membantu,3,4,positive
kerja kerja kerja hasil menghianati hasil,5,12,positive
bermanfaat banget nambah link pertemenana mencari membagikan info loker motivasi pekerjaan dll,5,6,positive
operator boiler,5,0,neutral
lanjutkan good,5,6,positive
langkah kuambil,1,4,positive
berasa profesionalnya,5,-2,negative
baguss,4,0,neutral
jaranf dibuka tp pembaruan teus,1,4,positive
membantu mencari pekerjaan relasi pengetahuan menyalurkan ilmu bakat usaha yg mempermudah orang dunia mengisi menimpa ilmu individu yg berkarakter maju unggul tangguh yg berkepribadian kuat sungguh takjub dgn aplikasih yg akurat terpercaya yg dipercaya manusia mengembangkan bakat ilmu talenta ekonomi tekhnologi kemanusian semoga aplikasi salalu,5,47,positive
kasih bintang kesal download apk bru suruh upgrade gimna kali,1,4,positive
mudah mudahan pekerjaan sesuai,5,11,positive
ok banget,5,5,positive
koneksi profesional,5,2,positive
keren menunjang bisnis,5,0,neutral
q coba,5,2,positive
aja ya,1,5,positive
situs situs yg ikutisaat add temandan didalamnya tokoh dunia yg mumpunidan kali terlupakan,3,1,positive
informasi akurat,5,2,positive
continuos improvement,5,0,neutral
aflikasi bagus masyarakat,5,2,positive
bismillahirrahmanirrahim,5,0,neutral
terima kasih link in lanjutkan,5,5,positive
terimakasih link,5,5,positive
every information be provide more clear,4,0,neutral
i love use this app for personal brand thank yoi,5,9,positive
piter,5,0,neutral
semoga bermanfaat,5,5,positive
membantu mencari kerja pekerjaan ya link in,5,10,positive
motivasi orang sukses,5,6,positive
thank linkedin,5,4,positive
lbh kreatif dgn fitur bermanfaat lbh muda berkomunikasi terimakasih,2,12,positive
suka aja,5,4,positive
aplikasi payah mudah bannedsering me non aktifkan account peringatan salah satunya kena,1,-7,negative
berani merubah quality presentase nya,5,0,neutral
aplikasi bermanfaat membantu,5,5,positive
membantu,5,4,positive
multiusage,4,0,neutral
membantu memperrmudah mencari teman pwkerjaan,5,1,positive
bermanfaat pengembangan hidup kehidupan,5,10,positive
point az ntar klo ngebantu kasih,3,2,positive
preet,2,0,neutral
great experience with linkedin,5,3,positive
menerima informasi lamar kerja koresponden dll,5,7,positive
membantu,3,4,positive
aplikasi job yg membantu bermanfaat good job,5,10,positive
berkenalan orangorang pekerja propesional,5,0,neutral
perusahaan mebel import,1,5,positive
bermanfaat menambah wawasan pengetahuan,5,12,positive
eror kalo cek profil foto lelet suka eror,1,-6,negative
aplikasi alamat teman yg sudahlaama bersua alhmdulillah allah hu akbar syukron masha allah,5,6,positive
mantap keteu jodoh,5,8,positive
logisticstrading and suppler produck briquetepalm kernel shell and palm kernel mil,5,-3,negative
loker lari blogo mencantumkan no wa pas dicek perusahaannya yg,1,1,positive
info lowongan kerja terbaru,5,3,positive
aplikasih bagus mecari kerja,4,4,positive
bagus sngat membantu,5,6,positive
mudahan membantu mencari pekerjaan,5,5,positive
easy use,5,0,neutral
solutif,5,0,neutral
excllence,5,0,neutral
mantuuuulllll,5,0,neutral
aplikaei linkedin membantu mencari info pekerjaan koneksi perusahaan terimakasih,5,11,positive
suka informadi,5,3,positive
bagus membantu,5,6,positive
good performance,5,5,positive
berguna cari kerjaan,4,4,positive
cepat akses,5,5,positive
informasi ter update,4,2,positive
cobah,3,0,neutral
simple berkratif,5,3,positive
membantu mencari info pekerjaansehingga profile pencari loker,5,-2,negative
diandalkan memuat menemukan berita menguntungkan,5,2,positive
riweh loginnya banyakan iklan,1,0,neutral
bagus banget nih,5,3,positive
aplikasi memudahkan data,5,-4,negative
recomend,5,0,neutral
good be the best,5,5,positive
informasi bagus,5,4,positive
verry verry good and helpfull application i give five for you,5,5,positive
mantaappooo,3,0,neutral
minggu aktif linkedln buka aplikasi akun nonaktifkan,1,1,positive
insight,5,0,neutral
hapus keahlian link gimana sih gak ikon hapusnya,4,0,neutral
informasi semoga bermanfaat yg,5,7,positive
aplikasi bagus semoga allah mudahkan mndpat pekerjaan dsni,5,6,positive
so far so good for the function to jobseeker,5,5,positive
tolong diperbaiki jaringannyalelet banget memainkan video aja elearning,1,5,positive
terimakasih senang aplikasi,5,6,positive
trimakasi membantu dlm mencari pekerjaan dipertemukan dgn org yg profesional,5,4,positive
aplikasi tercepat,5,-4,negative
good bro,5,5,positive
aplikasi profesional keren,5,-4,negative
informatif bermanfaat,5,5,positive
error,2,-5,negative
membantu mencari pekerjaan,5,4,positive
very user friendly and useful,5,0,neutral
wonderful and amaze to around the world with link digital,5,0,neutral
aplikasi membantu pekerja pencari kerja pemilik usaha pengelola perusahaan,5,12,positive
mencoba,5,0,neutral
semoga,5,0,neutral
thankyou,5,0,neutral
linkedin ilmu lowongan,5,4,positive
good solution,5,5,positive
mempermudah,5,-3,negative
menginspirasi seneng banget ketemu dgn org yg bidang bidang sales market finance operation sukses li,5,10,positive
mga aplikasi nie bs membantu,5,0,neutral
mhon perbaiki lg,4,0,neutral
pengalaman ptpanca duta pekerjaan tugas sekolah praktek kerja lapanganmagang,4,9,positive
appbagus,5,0,neutral
semoga cepat kerjaan aplikasi linkedln iniaammiinnn,5,1,positive
aplikasi nya ok,5,0,neutral
best media for professional,5,0,neutral
membangun relasi komunikasi,5,5,positive
bertukar pengalaman informasi pekerjaan relasi,5,10,positive
now be better than before,5,2,positive
manfaat perihal lowongan pekerjaan koneksi menambah pengetahuan keterampilan kerja,5,19,positive
it be very nice linkdln aplication,5,4,positive
membantu memperluas jaringan bisnis,5,10,positive
sungguh bermanfaat,4,9,positive
bagus mantap bersosialisasi business,5,7,positive
semoga keuntungan pekerjaan sesuai diharapkan menginstall aplikasi,5,6,positive
good efective,5,5,positive
membantu mantap,5,9,positive
be good,5,5,positive
mantap membantu,5,9,positive
simple akurat,5,3,positive
aplikasi bermanfaat,5,1,positive
pom,5,0,neutral
pengalaman berbeda,5,-2,negative
sing,5,5,positive
manfaatnya,5,3,positive
pemakaian aplikasi semoga menemukan job sesuai dgn basic dsini,4,1,positive
blm berhasil dpt kerja,1,5,positive
satisfy,5,0,neutral
drever truk,5,0,neutral
smga dpet kerja amin,5,6,positive
nyepam email ga satupun cv w terima interview nasibnasib,1,2,positive
ikat mitra bisnis rugi,1,1,positive
,5,0,neutral
berharap koneksi pekerjaan yg sesuai,5,12,positive
i like it,4,0,neutral
mencari jalan,5,-3,negative
clash of clans,5,0,neutral
alhamdulillah postingan berhasil menemukan mitra bisnis karyawan hebat terimakasih langsung kasih bintang,5,28,positive
good for job sharring network,4,5,positive
help to find job,5,2,positive
paham,5,0,neutral
,5,0,neutral
lelet connect internet problem utama,5,-4,negative
ko susa masukan akun,3,0,neutral
senior accountant,5,-3,negative
professional applikasi,5,0,neutral
keren permudahkan mengganti foto profil,3,3,positive
pdhl pake,5,0,neutral
this be a good app,5,5,positive
membantu,4,4,positive
menambah jaringan profesional memperbesar peluang,5,6,positive
maasyaa allah keren,5,5,positive
mantap membantu,5,9,positive
linkedin kereeeennnmantaaaapp,5,0,neutral
aplikasi terbaik profesional,5,1,positive
aplikasi professional menghubungkan pencari kerja pemberi kerja ajang diskusi terkait pekerjaan political social budaya dll pastinya applikasi aura positive bermanfaat ikuti,5,2,positive
be oke,5,2,positive
bermanfaat aplikasi menjalin relasi profesional mencari peluang karier,5,1,positive
salah akun dinonaktifkan salah mencoba memperbaharui mohon penjelasannya terimakasih akun diaktifkan bintang terimakasih,1,4,positive
gooodd,5,0,neutral
update loker,5,0,neutral
mohon maaf aplikasi membantu berharap perbaikan kedepan terimakasih,1,16,positive
tersambung teman,4,0,neutral
bagus,5,2,positive
coba,5,2,positive
bagus link produsen konsumen,5,2,positive
goog for new information and share relationship,5,0,neutral
bagus membuka mitra usaha,5,5,positive
bagus media sosial profesional,5,6,positive
aplikasinya jelek uda masuk email berkali kali suruh masuk pake email gak,1,-13,negative
terbantu menjalin hubungan komunikasi profesional bidang pekerjaan,4,5,positive
senang terhubung orang orang pintar high level hotel sayang beruntung kali coba apply loker,5,15,positive
mudah informasi pekerjaan blm cocok lowongan kerja sya,5,15,positive
mohon maff nya admin linkedin ga mencari koneksi ya ga menambah teman,1,8,positive
aplikasi ga penggunaan ribet developer webnya anak magang,1,-10,negative
app ni bagus,5,2,positive
bintang dlu karna jga blom tau apk,1,-4,negative
aja,5,1,positive
mantaps,5,0,neutral
tngkatkan,5,0,neutral
linkedln,2,0,neutral
very nice good job,5,9,positive
sulit menambah foto profil,5,6,positive
mantap lh udah,5,5,positive
,1,0,neutral
jobseker berbagi pengalaman,5,4,positive
aplikasinx bagus,1,2,positive
de,3,0,neutral
harap bersahabat pemakai aplikasi,4,1,positive
mantap aplikasi no jaringan propesional,5,4,positive
sukses tim ui ux,5,-1,negative
da,1,0,neutral
membantu pemula profesional,5,4,positive
aplikasi recomended utk lamar kerja,5,-2,negative
goods app best be best,5,0,neutral
menambah pengetahuan dunia kerja,5,10,positive
bad aplication,1,-4,negative
petualang,5,0,neutral
i give i will see and ill add more thank,4,4,positive
wau senang apk cari beneran walailupun tau fungsinya,5,1,positive
good and semoga dpt kerja sesuai keinginanaamiin,5,10,positive
coba install,3,2,positive
masuk aplikasi log in tulisan akun nonaktifkan udah bikin akun x gmail berbeda jelek banget,1,-15,negative
wartawan riau segitu aja putuskan beralih posisi nya tks,5,-5,negative
aplikasi yg bermanfaat,5,1,positive
okok ok,4,4,positive
bagus tpi pas bayar loadingnya ganti foto profil gagal ya,3,12,positive
good day n good luck no safety guality n guantity,4,14,positive
u,2,0,neutral
this application be very good especially for us business entrepreneurs who need a lot of work relations,5,0,neutral
menambah link,5,3,positive
i dont like,1,0,neutral
blm blm tau fungsiny,1,-4,negative
terima kasih menanggapi keluhan,5,4,positive
tolong loginlogin,1,3,positive
not bad,5,-4,negative
membangun,5,0,neutral
aplikasi bermanfaat terima kasih linkedln,5,5,positive
bagus koneksi bertambah,5,-1,negative
aplikasi yg mendukung informasi peluang pekerjaan,5,1,positive
salam sukses,5,3,positive
be good,3,5,positive
bagus,3,2,positive
menarik,5,4,positive
keren i like it diterima ditolak gimana paham linkedin,5,-2,negative
lowongan kerja aktifkadaluarasa tolong iklankan lgagar update,1,5,positive
good job,5,5,positive
berperan dlm diskusi dngn orang orang perusahaan,5,3,positive
excellent,4,0,neutral
terhubung profesional,5,0,neutral
mantapp jaringan profesional nya,5,3,positive
sarana belajar professional pekerjaan,5,6,positive
very helpfull to connect withvprofesionala,5,0,neutral
suka aplikasi manfaat berkenalan praktisi ahli profesional perusahaan bidang bisnis terimakasih,5,12,positive
donglod,1,0,neutral
social justice,5,0,neutral
pas download susah banget ya berhenti diangka,1,5,positive
sulit fahami,1,0,neutral
membantu memperluas relasi,5,7,positive
good,5,5,positive
gambarnya tulisan in namanya linkedin hehe bagus aplnya makasih,5,6,positive
mengganggu notifikasi,3,4,positive
mudah dioperasika,4,4,positive
sy suka aplikasinya,5,3,positive
aplikasinya mantap,5,5,positive
jos,5,0,neutral
bagus bikin cepet darah,1,8,positive
min klik yg berkalimat coba premium gratis berlangganan ya takutnya disuruh bayar berlangganan membatalkannya min,2,15,positive
driver pengalaman thn,5,2,positive
sy kash ya coba tambh bintangnya,2,6,positive
very good,3,5,positive
scspesial,3,0,neutral
hasil aplikasi,2,-1,negative
g bisaa unistall dn download sendriii,1,0,neutral
suka membantu,5,7,positive
applikasi yg bagus jaringan perkerjaan,5,5,positive
lumayan bagus,4,3,positive
the bast,5,0,neutral
khaznaa,5,0,neutral
lowongan palsu,4,0,neutral
uninstall sajagak bgt berguna bagiku,1,5,positive
gabung apl,3,-5,negative
pencipta lagu dangdut jawa,4,2,positive
indahnya info yg sya trima terima kasih bantuannya akn sya instal perangkat sya membaik,5,-1,negative
semoga keberuntungan,5,4,positive
ya menampilkan komentar,4,4,positive
,4,0,neutral
berkelana,5,0,neutral
coba ya,1,6,positive
aplikasi yg bagus membatu,5,0,neutral
aa,2,0,neutral
komentar,5,0,neutral
,4,0,neutral
et dah appni update teros,3,-3,negative
jelek permainan jelek yg setuju diejek keluarkan like my komenku ya,1,-5,negative
informasi inspirasi,5,-1,negative
ngak buka,1,3,positive
praktis,5,4,positive
akun dibuka,1,0,neutral
i can get more relation good job,5,5,positive
keren abis thank linkedin,5,5,positive
nice i can join imformation,5,5,positive
,3,0,neutral
mengerti perbankan dibantu,5,4,positive
samsung skrng aplikasi ga,1,-4,negative
blm instal,1,0,neutral
best application,4,0,neutral
gk tau ni aplk ap,3,-4,negative
akun hapus google hilang minggu,1,0,neutral
krn blm pelajari lbh,3,0,neutral
apk membantu thank,4,8,positive
coba dlu,4,2,positive
semoga allah swt membimbing jalan yg diridhoinya,5,5,positive
,5,0,neutral
bagus bermanfaat,3,7,positive
ga ganti profil note nya gagal mohon,1,1,positive
informasinya,3,2,positive
keren gin,5,0,neutral
terimakasih membantu pengguna,5,10,positive
kerja pt young lim,5,2,positive
linkedin membantu bermanfaat mencari loker menambah link dunia kerja,5,12,positive
terimakasih bantuannya,3,5,positive
semoga perkejaan,5,0,neutral
mantap,5,5,positive
info job,5,-3,negative
jos,5,0,neutral
membantu jaringan pencari kerja,5,9,positive
,5,0,neutral
semoga membantu sy utk mencari pekerjaan mitra bisnis dll,5,9,positive
tdk inztal,5,0,neutral
tlong admin ajarin aq gmn cra menh hasilkan uang,3,0,neutral
ya deskripsinya aplikasi menilai bagus mengembangkan usaha membuktikannya,3,-1,negative
g bs donload,1,0,neutral
ratu adil satria piningit imam mahdi utk presiden ri,5,17,positive
coba,1,2,positive
medsos dg basic profesikeren,5,0,neutral
bagus aja hasil nya,5,6,positive
thn sopir,1,0,neutral
link bagus org mencari pekerjaan membuka lowongan kerja,4,4,positive
membantu min makasih,4,8,positive
good apply,5,5,positive
buka,5,3,positive
ambyar,5,0,neutral
good informasi for job,5,7,positive
menikmati,5,-3,negative
cobak,1,0,neutral
bintang soalny lom ad yg low pekerjaan ny,4,3,positive
fenv,1,0,neutral
mudahan terbantu info lowongan pekerjaan,5,1,positive
tirimakasij,1,0,neutral
pas banget pemuda pemudi belajar jdi pengusaha sukses,5,12,positive
bagus,4,2,positive
good,5,5,positive
semoga membantu,5,4,positive
bidang perniture,1,0,neutral
apk berbayar males main,1,-5,negative
situs yg bagus,5,2,positive
membantu informas,5,4,positive
yoi,3,0,neutral
mode gelap untun linkedin,3,-4,negative
ok man,5,3,positive
mamah,1,-4,negative
yh bgus,5,0,neutral
get my wife maybe,5,0,neutral
memuaskan utk post linkedin,5,5,positive
ya,4,4,positive
akun nonaktivkan sj stlah tdk buka pas login nonaktif gimana sih,1,6,positive
,5,0,neutral
linkedl membantu utk info lowongan pekerjaan trimks bantuan perhatianya,3,4,positive
alhamdulillah wasyukurillah,5,5,positive
mantap jiwa,5,5,positive
bagus,3,2,positive
selalulah berbuat,5,0,neutral
mudah mudahan bermanfaat,5,10,positive
very good very helpful,5,5,positive
bagusmembantu,5,0,neutral
membantu karir babyak relasi teman,5,7,positive
good luck lindekin,5,9,positive
apk desain pelajar kah mahasiswa pekerja,1,8,positive
aplikasi bernanfaat info membangun relasi orang mohon jaga kualitas tingkatkan,5,4,positive
sya cuba duluh syabelumperna pakai apk ni jd,5,0,neutral
belajar menghasilkan uang butuh bimbingan admin nya bodoh bidang teknolgi terima kasih mohon bantuannya,3,1,positive
bisnis tradding,5,3,positive
mantap tingkatkan,5,5,positive
aplikasi bagus batas status mendukung kegiatan bisnis,4,1,positive
nn iye,5,0,neutral
klo bagus d tambahin bintang,3,2,positive
terimakasih app linkedin,5,5,positive
linkedln biasaterima kasih linkedln,5,2,positive
modus,1,-3,negative
bantu yah,5,3,positive
i get my account lock because i try to connect people wht problem,1,-6,negative
jaringan,5,3,positive
site engineer and administration logistic engineer administration project archive administration administration system,2,0,neutral
heem,5,0,neutral
ribet banget keamanan pemilik akun baguslah,5,0,neutral
membantu mencari pekerjaan,5,4,positive
wauuu good apply thx,5,5,positive
gagal download jaringan kuat berhenti,4,1,positive
aplikasi membantu,3,0,neutral
bad application,1,-4,negative
oke,5,2,positive
membantu informasi pekerjaan sesuai kompetensi bertemu relasi kolega yg suitable,5,20,positive
perbaiki sytem bug shortcut mempermudah akses aplikasi terkenal memuaskan,4,5,positive
,5,0,neutral
goods,5,0,neutral
biarlah kau pergi kau ber samaku,5,1,positive
mantul percobaan,5,0,neutral
semoga bermanfaat dimasa sulit,5,5,positive
sma karna mencoba,5,0,neutral
gampang fahami,5,4,positive
gak butuh,1,-5,negative
bantu,5,3,positive
top network market place,5,5,positive
semangat,5,4,positive
sikat abis,5,1,positive
ok dibanding bersi lawas,4,5,positive
ya lumayan bgiitt,3,5,positive
aplikasi macem nikontol,1,-6,negative
informasih job cepat,4,3,positive
good aplikasi dunia kerja,4,4,positive
susah kerja applikasi info info job nilai positifnya,2,-2,negative
akun fb buka bagimna cra ya lupa sandi fb ya,1,12,positive
kosen pintu jendela dll,4,4,positive
capek isi captcha gak sukses sukses ribet bye,1,5,positive
pembaruan informasi update data penyebabnya,4,3,positive
gak,1,0,neutral
bagus tuk cari kerja,5,1,positive
not bad,2,-4,negative
trima kasih,5,3,positive
suka,5,3,positive
mantulbro,5,0,neutral
aplikasi kontol gua udah akun bangsat masuk kagak gimana suruh recapcha trus ttep gak masuk anjing gak download gak,1,-32,negative
omong,5,-4,negative
lemayan,1,0,neutral
repot instal daftarhapus,1,-5,negative
mencari kartu prakerja,5,-3,negative
very good for make self be much to introdution,5,5,positive
terima kasis,5,2,positive
noob,1,0,neutral
blm paham,3,0,neutral
tau makainya,5,-4,negative
gk,1,0,neutral
menyapaikan terima kasih bayak linkedln teleh aman sempurna,5,7,positive
,3,0,neutral
yg spesifik,5,0,neutral
godt luck aplikasi mudah informasi seputar loker kereeen bngt aplikasi,5,2,positive
i love it thank for developert,5,9,positive
akun login alasan batasi mengembalikannya petunjuk link in mengembalikan akun case,1,0,neutral
minggu update nguras data,1,-3,negative
technologinya digital super kamar dangang world,4,3,positive
many update no job,1,0,neutral
terima kasih aplikasinya bagus banget,5,7,positive
bingung ijasah s d ken urang sd ge te tamat,1,6,positive
okem,4,0,neutral
oke,5,2,positive
sosial,5,4,positive
,5,0,neutral
informasi terkait dunia industri dunia usaha mudah didapatkan,5,6,positive
mencari pekerjaan muda,5,-2,negative
vadmin,5,0,neutral
kadang susa daftar nya,3,4,positive
mantap mudah menerima informasi,5,14,positive
link be make our friendship closely give love for all of the world,5,5,positive
membantu terhubung dunia kerja relasi,5,10,positive
good connect,4,5,positive
membantu anak anak muda yg negri negri,5,-4,negative
ketagihan kasih bintah,5,-1,negative
permainan,5,0,neutral
apliksi bagus dn membantu,5,6,positive
ulasan stiker kosong,5,-1,negative
yg lg cari peluang pekerjaan bagus,5,2,positive
apk ok,4,4,positive
membutuhkan apl inintuk mempermudah download fb whatsapp,4,-3,negative
akun nonaktif kejelasan,1,1,positive
aplikasi bagus semoga membantu,5,2,positive
akun dinonaktifkan kejelasan benci mkanya bintang perubahan penambahan bintang terimakasih,1,16,positive
tolong perbaiki,3,3,positive
jajal kasi ajj ea kalo cocok n bagus kasi full bintangnya,4,-4,negative
steady,5,0,neutral
kebabyakanrating rat,5,0,neutral
sih berharap aplikasi akun dinonaktifkan tolong diperbaiki thank,1,7,positive
live up,4,3,positive
tingkatkan kualitas,5,4,positive
jg,4,0,neutral
terimakasih,4,5,positive
linkedin oke bangun relasi,5,5,positive
cari kerja,5,-1,negative
mengulang updad adil,2,4,positive
aplikasi bodong penipuan anjg jan ad yg instal ntar nyesel sumpah,1,-11,negative
agungagung,5,0,neutral
udah pakai linkedin tdnya aja kemaren login akun nonaktif ya koneksi yg,5,7,positive
coba,2,2,positive
good news,5,5,positive
mantul terimakasih luarbiasa siplah,5,5,positive
good bener,5,8,positive
dipake udah diperbarui,2,0,neutral
ketinggalan informasi terkait perkembangan dunia kerja terimakasih,5,6,positive
membantu jaringan pekerjaan terima kasih sukeses,5,14,positive
membantu aplikasinya dikit update saran update dibikin sebentar sebentar update kesannya kyk labil,1,-6,negative
gak menyangka aplikasi berguna comunitaz better,5,3,positive
kasih bintang ya,2,6,positive
trainingg dky yyyyyy,4,0,neutral
install ga ga install dipake cc apk apaaaaaa,1,0,neutral
tugioto perusahaan industri aluminium panci wajan,1,3,positive
oke lahh,5,2,positive
sihsetiap login udah akun sebelumnyatidak akun dinonaktifkansetelah diperbaharui aplikasinya akun dininaktifkansebenarnya salah akun apatolong ditindaklanjuti,1,-4,negative
info loker nya tdk dilengkapi dg alamat perusahaan kantor yg lengkap no telpon kantormeskipun dr loker perusahaan,4,5,positive
tanahwa,5,0,neutral
mudah praktis,5,8,positive
suka applikasi linke lin membantu,5,7,positive
terima kasih linkedin terhubung dg orang profesional alhamdulillah kerja apk,5,11,positive
bagus tp uda d lamar pangilan,4,2,positive
membantu memudahkan mencari pekerjaan yg membutuhkan,5,7,positive
senang bergabubg linkedin kmarin akun nonaktifkan menerimanya daftr pakai akun nonaktifkan pemberitauan yg akun yg bergabung nonaktifkan yg dinonaktifkan linkedin bgimana ya pdhal tdk apapun mohon infonya,1,5,positive
linkendin application be very good can help me to find a job thank you for the linkendin application,4,11,positive
hrus dpat menghubungi org yg group,3,1,positive
coba,3,2,positive
recomended jobsekers telaten nambahin connection,5,4,positive
nyaman,5,4,positive
semoga bermanfaat bg pengguna,5,6,positive
apk beneran bagus gak sih cari kerja,1,4,positive
bagus berguna,5,7,positive
aplikasi cerdasgoodtopnice,5,-4,negative
aslmkm kbr bagus bener linkedin suka gunakanlah,2,8,positive
media sosial nya kaum bisnis,5,7,positive
ok membantu,5,8,positive
setelan sulit ubah,2,0,neutral
bagus org,5,2,positive
isi chat message dihapus diarsipkan aja diarsipkantolong diperbaiki message yg spam kaya nawarin produk pengen hapus aja message spam,3,6,positive
josd,5,0,neutral
stronggers always,5,0,neutral
my account be go,2,0,neutral
smoga slalu bermanfaat,4,5,positive
mon agebei aplikasi rua pateppak,1,-8,negative
mantap bro,4,5,positive
j,3,0,neutral
good enough,5,5,positive
connect world,5,0,neutral
smga bermanfaat,3,6,positive
sistem berhenti,4,-4,negative
dllu ya,4,4,positive
the best link,5,0,neutral
coba,4,2,positive
mantaps,5,0,neutral
terima kasih sdh fasilitas lbh dlm karir bisnis,5,9,positive
bergabung lupa fasword ribet yaa,4,-7,negative
waah siip membantu yg butuh pekerjaan yg serius,5,-3,negative
aplikasi nya membantu mksh linkedln,4,2,positive
cobain dlu,3,0,neutral
kerjaa iya,1,0,neutral
nyoba,5,0,neutral
lau bagus aq kasih bintang full,3,2,positive
masyaallah,5,0,neutral
kadang berat,3,3,positive
not help so muchbut thank you,2,6,positive
bagus ok,5,6,positive
masuk aplikasi linkedin nomer linkedin,5,-7,negative
okeoke,3,0,neutral
filter gak masuk akal udh input lokasi jakarta nampilin lowongan dunia gak bsa diurut yg terbaru kalah ama jobstreett hei muhasabah kapitalis,1,-2,negative
technik,5,0,neutral
denggan roha,5,0,neutral
fungsi manfaatnya,5,3,positive
insya allah bermanfaat aamiin,5,12,positive
impactful,5,0,neutral
projek,5,0,neutral
tolong ya bos yg baikyah perbaiki cepat bar panggunayh puas terimakasih,5,21,positive
berkualitas,5,4,positive
thank you,5,4,positive
pekerjaan mudah mudah dengn wb,5,11,positive
bermanfaat sarana informasi sektor pertambangan batubara,5,7,positive
aplikasi in mmang biasamlalui aplikasi in sya dpat krjaan,3,-8,negative
,5,0,neutral
terima kasih,5,4,positive
memperkenalkan bisnis,5,3,positive
bintang,2,0,neutral
lumayan bagus cari lowongan kerja kenal orang dgn profesi,4,5,positive
membantu cari pekerjaan,5,4,positive
permainan seru banget suka,5,9,positive
post be not sort by newest,3,0,neutral
semoga membantu orang yg kerja,5,6,positive
mantaappsssss,5,0,neutral
membanyu,4,0,neutral
aplikasi yg,5,-4,negative
maaf bintang susah mendownload aplikasi,1,-5,negative
berkualitas profesional,5,4,positive
ssya bintangnya,2,0,neutral
good kerennn,5,5,positive
powerful,5,0,neutral
semogah cita sukses,5,3,positive
bagussemoga bermanfaat,5,5,positive
contruksi bangunan,5,0,neutral
miss,2,-4,negative
membantu banget apk nya,5,5,positive
nyaman,5,4,positive
ajj,3,0,neutral
berbelit belit,5,-3,negative
mantul,5,0,neutral
alhamdulillahirabbil alamin,5,0,neutral
bikin akun gagal mulu,1,-2,negative
menyerah kunci sukses menyerah kunci hasil menyerah menyerah berhenti menyerah penuh juang menyerah hasil menyerah jatuh menyerah menyerah menyerah kesempatan,5,-21,negative
belom kerja kalo udah kasih bintang,3,5,positive
kirim nomer emba arni ladyxara kurma prom asia,2,2,positive
puas aplikasi inisangat membantu,5,3,positive
kl interviewcrew jgn mendetai jg engine,5,0,neutral
tks perkenalan linkedin,5,0,neutral
aprilikasinya bagus banget,5,3,positive
bintang dlu yaa bru nyoba,2,0,neutral
bagus berkualitas,5,6,positive
yo,1,0,neutral
anak pelajar,3,-2,negative
bagus banget aplikasi pekerjaan aplikasi linkedin sya bertrimaksih,5,-2,negative
very helpull,5,0,neutral
mantap simple n cepat,4,11,positive
berbintang,5,0,neutral
sup,4,0,neutral
dijaman moderen sosial media tanggo membantu seki tuk menemukan teman yg tinggal nya,5,11,positive
lumayan info loker kasih bintang yah,3,0,neutral
semoga kerjaan nya,5,2,positive
senang bergabung link motivasi tksh,5,4,positive
cobain dlu klw bagus ta kasi fuulll starnya,4,-4,negative
good job,4,5,positive
pelajari ya bintangnya,2,4,positive
kasih bintangkarena msalah liat fropil ampload videomohon accunt d perbaiki,3,4,positive
uji cobakasih bintang,3,1,positive
mudahan jobseeker terbantu dpet rezeki drj linkedin amin,3,7,positive
membantu,5,4,positive
sngat membntu,2,0,neutral
jarang,5,0,neutral
perusahaan terbesar d cianjur,4,3,positive
,3,0,neutral
lumayan login,1,1,positive
membantu mencari kerja,5,3,positive
okelah,5,0,neutral
jual beli telur bebek,5,3,positive
linkedin sahabat informasi setia terpercaya,5,2,positive
oker,5,0,neutral
link linkedin professional,5,0,neutral
supervisor,1,0,neutral
gabung nih,5,-5,negative
superviser,5,0,neutral
kasih bintang upload foto video mohon account perbaiki terimakasih,2,12,positive
lagu,5,2,positive
yeviyadi,5,0,neutral
mudah cari kerjaan,5,3,positive
tolong disaring akun spam menggangu pengguna,1,1,positive
semoga karya karya lebi berkembang,5,6,positive
g ngerti aplikasi ny,2,-3,negative
ui menarik sih kl,4,4,positive
daftar gagal,1,-3,negative
lemot lambat dlm upgrade butuh jaman,1,-11,negative
membaca ulasan teman teman mf tertarik tuk gabung,1,4,positive
,2,0,neutral
membntuku aplikasi,4,-4,negative
profesional,5,0,neutral
azik,5,0,neutral
so far so good,5,5,positive
kalo bagus tambahin,2,2,positive
cool,5,2,positive
media sosial serba aja,5,5,positive
tap tap,4,0,neutral
membantu,1,4,positive
unite,5,0,neutral
hasilnya,1,0,neutral
semoga dapet kerjaan,5,4,positive
aplikasi utk pencaker profesional,4,-4,negative
ok bngt,4,4,positive
trs mintah update,1,0,neutral
tolong tambahkan pembayaran linkedin premium,1,5,positive
mantul bossssss,5,0,neutral
senng,5,0,neutral
th tks butsi axiii sda th th masuk cpns guru,5,0,neutral
mendukung,5,0,neutral
apaansi,5,0,neutral
security houskiving,1,0,neutral
trimakasi semoga,5,0,neutral
sy ksh bintang yahkl bagus sy ksh bintang,3,2,positive
pengen nyari kerja,2,3,positive
krm pesan hrs premium,1,4,positive
salah aplikasi berfaedah,5,-4,negative
kenpa susah dptari pakaiy akun berulang kali gagal trus masuk alikasi yg mmbntu,1,-10,negative
good ide,5,5,positive
smoga membantu,4,4,positive
workshop produksi mesin finish percetakan,5,0,neutral
perencanaan jalan rel logistik,5,0,neutral
terima kasihh,5,2,positive
good linkin,5,5,positive
semoga kerja negri amin,5,5,positive
easy job,5,0,neutral
top,4,5,positive
ganti foto gagal,1,2,positive
ui nn mlkoxpp,5,0,neutral
lumayan aplikasi ya,2,1,positive
percobaan,3,0,neutral
lowongan kerja cari partner bisnis,5,2,positive
,2,0,neutral
techcnical mechanical engineer comisioning fitter bholthing assyembly test instrument equipment service oilfield manufacture,5,0,neutral
bingiiiit dowloud hadeeeeh,5,0,neutral
aplikasi bagus tuk karir,5,-2,negative
mudah cepat dipahami,5,7,positive
coba,4,2,positive
membantu pekerjaan market bertemu profesionaltapi sayang ga kirim video status mohon respon admin,5,18,positive
gk bs d hapus,1,-3,negative
i see first it i intend i give,3,0,neutral
bnyk manfaat nya info mantap,5,7,positive
suka,4,3,positive
good application,5,5,positive
luas relasi bisnis semoga bermanfaat,5,14,positive
info loker nya,3,-3,negative
coba ah,2,2,positive
good sih update poto gagal mulu dah,3,0,neutral
mencoba profil,5,0,neutral
muda membantu,4,2,positive
biak,5,-3,negative
coba,5,2,positive
gk ngerti dgn susunan gambar,2,3,positive
wiraswasta dlm bidang kay,5,0,neutral
tau,3,-4,negative
bagus friendly menolong,5,6,positive
bersih cerah,5,0,neutral
asik,3,4,positive
trim linkedln membantu sy yg lg ngangur,5,4,positive
tenang linkedin terarah,3,5,positive
indah,5,3,positive
wahhhhhh,5,0,neutral
senang,3,5,positive
edit photo profil gak klik save gagal,2,-4,negative
im perry d purnomo,5,0,neutral
anjing,3,-4,negative
memcoba,3,0,neutral
akun tutup penjelasan kesalahan kejelasan akun,1,-3,negative
tibatiba log in akun dinonaktifkan mohon penjelasannya,2,2,positive
bagus ok,5,6,positive
easy to meet people,5,0,neutral
good aply,5,5,positive
gak bis adi uninstal ya,1,6,positive
kontol,1,-5,negative
n,4,0,neutral
cepat up to date,4,3,positive
bagus nyari lowongan kerja,5,2,positive
lumayan penipuan kerja online disaring kasihan kawan kawan pencari kerja terima kasih,4,13,positive
menyimpan data data pengiriman gagal,1,-15,negative
really help for look job,5,2,positive
good appli,5,5,positive
sistem error,3,-9,negative
guud,5,0,neutral
porno,1,-5,negative
perguruan kuliah terdaftar linkedin menuliskan universitasnya ga susah move kolom,3,-1,negative
membantu mencari informasi dgn pekerjaan,5,6,positive
aq coba cari lowongan kerja sesuai umur skill,5,8,positive
membantu bermanfaat membangun jaringan bisnis luas,4,18,positive
okaeygood,5,0,neutral
akun hilang mengembalikannya,1,3,positive
mudah,5,4,positive
semoga membantu pengangguran,5,0,neutral
aplikasi mudah mencari pekerjaan,5,0,neutral
donlodnya knp ya,1,4,positive
jos membantu,5,4,positive
crew svitzer wijsmuller,5,0,neutral
membantu pencarian lapangan pekerjaan,3,10,positive
shin,5,0,neutral
membantu pencaker,4,4,positive
akun dinonaktifkan nggak lakuin jarang buka ujian kena nonàktif,1,2,positive
very good,5,5,positive
muda mainya,5,-2,negative
bagus seksli,5,2,positive
pengalaman bidang ritail xpdc market disiplinbertanggung,5,2,positive
alhamdulillah membantu,5,9,positive
bagus profesional,5,2,positive
maaf terpaksa uninstalsaya suruh masukan posisi pekerjaan terbarusetelah masukantetap aja masuki hate,1,-5,negative
good aplicasion,5,5,positive
hello admin akun nonaktif link tolong klarifikasinya ya,2,9,positive
mncoba karna mencoba,5,0,neutral
bingung akun non aktif up date,2,2,positive
j m,5,0,neutral
baguss,5,0,neutral
ciee aplikasinya,5,0,neutral
membantu utk informasi perkembangan dunia kerja,5,11,positive
baguss membantu,5,4,positive
mensyukuri nikmat allah terhitung hidup barakah tabarakallahu fikum aamiiin ya rabb al aamiiin,3,14,positive
good but i have problem can not upload pict or video,5,1,positive
membantu terima kasih,5,8,positive
memuaskan,5,5,positive
connect me to many profesional person in this world,5,0,neutral
bgus utk penyimpanan dokumenya,5,0,neutral
bermanfaat,5,5,positive
apk tolol,1,-5,negative
belom job info ok,4,2,positive
test,2,0,neutral
aplikasi berguna,4,1,positive
bagus infonya dg teman yg profesional carrier pemikirannyagood very good,4,7,positive
memuaskan,1,5,positive
coba dlu ya klo bagus lg bintangnya,3,8,positive
sanagat membantu pekerjaan,5,7,positive
likedin good,5,5,positive
giat pulang selamatg,5,0,neutral
mantap jiwa jiwa kentu,5,5,positive
bagus bagus,5,4,positive
indonesia indah,5,3,positive
bedebest,5,0,neutral
interest app,5,0,neutral
apknya mantul,5,0,neutral
heba memuaskan,5,5,positive
aplikasi membantu,5,0,neutral
terimakasih buatnya aplikasi android karna simpan data foto,3,-2,negative
okey banget,5,1,positive
gpod,5,0,neutral
ringan aplikatif,5,2,positive
jujur salut pembuat aplikasi aplikasi membantu lulusan mahasiswa mencari pekerjaan sayang sma kelas akun kebutuhan berkembang bantu negara mencapai citacitanya memerangi kemiskinan,5,7,positive
bertualang didunia internet mencari job terbaik sayamakasih linkedln,5,2,positive
bangga,5,3,positive
sobatdapur,3,0,neutral
muhammad faisal pemilik pt paypal pt bank mandiri cv pertambagan perusahaan teknologi perusahaan tambang emas olimpiade london pt paypal,1,6,positive
komunikasi mudah info terupdate,5,3,positive
bagus deh,5,2,positive
aplikasi linkedin kemudahan mengenalkan profil profesi perusahaan mencari profesi yg selaras terima kasih linkedin,4,6,positive
,1,0,neutral
bermanfaat membangun koneksi praktisi profesional dunia kerja,5,10,positive
ok membntu,5,4,positive
lije,5,0,neutral
mengerti,5,2,positive
informatif menyenangkan teman sahabat yg memiliki kompetensi profesionalis,5,11,positive
service panel listrik automatis genset gulung generator motor pompa,5,0,neutral
kenal orangorang hebat,4,3,positive
dark mode nya yg sdh pake koq blommanhattan mode,1,0,neutral
menyenangkan,4,4,positive
link terbaik utk koneksi bisnis,5,10,positive
twter,5,0,neutral
by to the future,5,0,neutral
mantap euy,5,5,positive
papua bangun perumahan rayat kabupaten kota papua hkhususnya daerah pedalaman dibangunkan perumahan rakyat,5,-1,negative
goodness,5,0,neutral
aplikasi jobseeker,5,-4,negative
terima,5,2,positive
cari pile,5,-3,negative
blm hasil prouek,3,3,positive
aplikasi bagus pencari kerja,5,0,neutral
thanx,5,0,neutral
lumayanlah,4,0,neutral
good work for linkedin,5,5,positive
,4,0,neutral
tolong linkedin perketat lowongan nya karna lowongan garuda indonesia berkedok penipuan travel permata terimakasih,1,11,positive
coba bintang,2,2,positive
easy to meet,4,0,neutral
profesi pekjerja tukang renovasi pergudangantapi ditawari pabrik operator pertanyaanya tdk status propesii to linkedin,3,2,positive
aoa akun,5,0,neutral
helpfully,5,0,neutral
mantap link,4,5,positive
membantu,4,4,positive
jual viagra asli jakarta,5,3,positive
semoga ditingkatkan lg,5,0,neutral
n,4,0,neutral
awesomeness,5,0,neutral
matap,5,0,neutral
terima kasih menjadikan linkedin portal menghubukan orangorang profesional,4,4,positive
nama arinusx bhbol,5,0,neutral
wardah,5,0,neutral
semoga membrikan yg terbaik trima kasih,5,8,positive
belom manfaat nya bahi sy,2,6,positive
easy to reach,5,0,neutral
i can not login,1,0,neutral
akun gue dinonaktifkan gimana ngebalikinnya sungguh terrrweeluuu,1,4,positive
up date info new job,5,-3,negative
bagus membatu,5,4,positive
bagus kalangan,4,2,positive
some login issue,1,0,neutral
durung fhm,3,0,neutral
mencari pekerjaan pertemanan,4,0,neutral
butuh mobil rental bus medan solusinya,5,-1,negative
mnatap,5,0,neutral
,5,0,neutral
mempermudah mencari nafkah,5,-3,negative
mantul,5,0,neutral
suka app share nambah wawasan sgt ok,5,7,positive
terkadang ak tersenyum mendengar kataorang pengacaran membela yg salah ak aja santai membela meluruskan pasal pasal yg tuduhkan y,5,-2,negative
okmantaf,5,0,neutral
oke joss,5,2,positive
aplikasi aplikaai berbayar,3,-7,negative
ape ni woyyy,1,0,neutral
kusuttt galou,5,0,neutral
alhamdulillah sukses,5,8,positive
perfec,5,0,neutral
coba bintang klo emang entar kasih ok,4,8,positive
ok bagus,3,6,positive
badu,5,0,neutral
membantu peluang peluang bisnis d dunia digital,4,8,positive
oke good application and profesional for job,5,7,positive
linkedln info lowongan terbaik pengalaman menemukan info terbatas wawasan luas kesempatan perubahan thank linkedln,4,17,positive
,5,0,neutral
gak paham,3,0,neutral
ret aja,5,1,positive
lihat ulasan,3,6,positive
coba aja,3,3,positive
terima kasih aplikasinya membantu,5,8,positive
aplikasi yg menguntungkan pencari kerja,5,2,positive
gimana sih melamar kerja aplikasi ngak ngerti ya mengikuti aja tolong kasih tau kasih bintang ya karna blum paham,2,14,positive
z x,3,0,neutral
aplikasi pelamar pekerjaan babi anjing kode verifikasi konek babilah aplikasi android,1,-16,negative
single,3,3,positive
,2,0,neutral
verygood,5,0,neutral
aplikasi bagusuntuk membangun komonikasi orangorang,5,-4,negative
calo penipu lu anjing,3,-8,negative
waw,5,0,neutral
akun hilang,1,3,positive
susah login,2,-3,negative
sabgat membantu,5,4,positive
utamakan pengalaman,5,2,positive
teman lowongan pttji alamat kantor daerah klender jakarta timur play yaa penipuan salah korban nya,1,-8,negative
sembahlah allah swt tuhan alam,5,10,positive
bagus suka,5,5,positive
always good,5,5,positive
mohon tolong ultras singamania pssi persian,5,5,positive
,5,0,neutral
bintang berbicara terimakasih,1,2,positive
linkadinfations,4,0,neutral
semoga bergabung linkedin secepatnya kerja,1,1,positive
linkedln bermafaat,4,0,neutral
masjun diesel,5,0,neutral
bagus asyik,5,2,positive
bagus penuh,4,2,positive
gmna menghapus aplikasi linkedin android,1,-8,negative
be good,5,5,positive
,5,0,neutral
siipp,4,0,neutral
trimakasih linkdlnhidup berwarna,5,1,positive
coba buka,3,5,positive
matsari sus,5,0,neutral
,4,0,neutral
membantu,4,4,positive
weell its okeaauuuu,4,0,neutral
good,5,5,positive
gamblang membacanya,5,3,positive
dipermudah accesnya,2,0,neutral
work link,5,0,neutral
sales manager,5,0,neutral
lumayan mmbantu,5,1,positive
membantu,5,4,positive
lulusan magister hukum mh universitas pembangunan panca budi medan memiliki pengalaman kerja thn sbg branch manager perusahaan konstruksi memimpin cabang disamping jg advokat legal,5,10,positive
oke sip,3,2,positive
nggak kirim pesan pribadi yah,1,5,positive
mudah an kerja amiin,4,6,positive
nice,5,4,positive
ditingkatkan fiturnya,5,0,neutral
membantu,5,4,positive
kog pas masukin no hp gak mulusya sdh pakai nomor gk bisaudh sya coba trus mlh no hp sya jdi gk smua,1,5,positive
aplikasi gajelas buka ngeclose,1,-1,negative
terima kasih linkedln,5,4,positive
good apps can find people a have skills and job vacancy,5,5,positive
beluk dapet kerja,5,4,positive
mntep,5,0,neutral
penggunaannya gimana tdk mengerti perlukan mencari yg butuhkan open bo vcs yg membutuhkan dana bantuan mantab,3,0,neutral
orang info lowongan pekerjaan sertakan pt alamat nomer wa tolong ditindak lanjuti karna penipuan berujung uangpemerasan terimakasih,4,8,positive
mantaaaap,5,0,neutral
suka,5,3,positive
dzz,3,0,neutral
super aplikasi,5,-1,negative
menggumpulkan informasi seputar dunia pekerjaan pendidikan top markotop,5,11,positive
impormasi berita perusahaan dunia,5,0,neutral
knapa aplikasi uninstal bahaya aplikasi jngan nge hack,1,-17,negative
ratna,5,2,positive
klo bagus ta tambai bintang nya,3,-1,negative
,1,0,neutral
gabisa msuk ssah,1,0,neutral
good program to make effetive systeme actually,5,5,positive
bermanfaat,3,5,positive
kasih bintang karna msuk aplikasi,3,-2,negative
speed q,5,0,neutral
coba,3,2,positive
diswansah taoiwan tao,5,0,neutral
membantu terhubung orang karir dunia,5,5,positive
coba ya,3,6,positive
okebanget,5,0,neutral
anjirrr,1,0,neutral
gimana ngerjain nya cok,5,-2,negative
pas,4,3,positive
joint,5,0,neutral
nice application,5,4,positive
guru hidup penuh suka duka hadapi semangat penuh pengabdian mengharap rido allah swt,5,18,positive
a professional network,5,0,neutral
midah,5,0,neutral
,5,0,neutral
membantu info loker,3,1,positive
muhammad faisal aceh pidie,1,0,neutral
susah akun daftar rumit gagal daftar pengguna,1,-9,negative
aj dlu,3,0,neutral
jos,2,0,neutral
mencari kerja anak makan rumput,5,0,neutral
ok joos,5,4,positive
coba,3,2,positive
bermanfaat bgt,5,5,positive
bagus banget apl,5,3,positive
bagus menjalin kerja dg rekanan,5,4,positive
oke oce,5,2,positive
okedeg,5,0,neutral
good jop,4,5,positive
bagus,4,2,positive
ok mantaplh,5,4,positive
the apps very useful for make connection,5,0,neutral
mantap selektif memilih memilah pertemanan,5,2,positive
bintang pahami aplikasi,3,-4,negative
sngat membantu,5,4,positive
ora nggo cilik,1,-3,negative
kecewa login akun nonaktifkan,1,0,neutral
utimarkus,5,0,neutral
okelah,4,0,neutral
kagum,5,3,positive
mantp membantu,5,4,positive
okeh,5,0,neutral
good aps,5,5,positive
dear developer ga uninstall ya app berguna hp,1,11,positive
bagus seh tp kebanyakan cmn jambu nya loker nya manfaatkan orang orang jahat,5,0,neutral
foto camera video wacth,4,3,positive
berharap aplikasi berkembang berharap aplikasi menambah fitur pencarian magang murid sma sederajat sekian terima kasih,4,10,positive
filim,5,0,neutral
good apl,4,5,positive
tolong bantu password wechat id sweetqu lupa login password,5,7,positive
job,5,0,neutral
linkeind gila akunq blokir hapus aja aplicasi play store pelayanan memuaskan,1,6,positive
agr bantu ipn up to date contoh org bilang tanah tanah soerga,5,3,positive
lumayan membantu,3,5,positive
good job,5,5,positive
hengingink kring,1,0,neutral
aplikasi sosial menambah relasi dunia kerja ilmu softskill,5,13,positive
,5,0,neutral
keren bro,5,0,neutral
bergabung,4,-4,negative
konvesional good,5,5,positive
moga bertambah wawasankeuangan memedai,3,-4,negative
sip yea,5,0,neutral
mengenal dunia bisnis yg berkembang yg peluang orang mencoba bergabung,5,1,positive
si momtok,5,0,neutral
jty ģftv ffff fgfgg ytt ttt,5,0,neutral
perbarui,1,0,neutral
good link aplication,5,5,positive
pengalaman dibidang landscape design interior eksterior vertical artisan,5,2,positive
bnyk tmn pnglm brtmbh bnyk,5,0,neutral
kasih bintang terima kasi bintang,3,1,positive
cakepp,5,0,neutral
tes dl,2,0,neutral
canggih,5,0,neutral
in,5,0,neutral
simpntok,5,0,neutral
experience have workmust by responsible all monitor regard on the project and program plan start and untill finish project,5,0,neutral
buruk,3,-5,negative
link luas calon pekerja,5,6,positive
mantapz,5,0,neutral
terima kasih linkedin bertemu orang hebat,5,6,positive
user friendly and good performance,5,5,positive
share informasi perihal pekerjaan,4,5,positive
mencoba,2,0,neutral
ketemu teman danjuga boss ucapan selamat dll,4,6,positive
berhubungan teman terbatas didalam negeri negeri,5,3,positive
bagussss buuuannngeeet,4,0,neutral
good job,5,5,positive
long,3,0,neutral
link sdh non aktifknmhn d aktifkn kmbli,5,0,neutral
moga mantap,5,6,positive
layanan sy pemakai aktive aplikasi,5,-1,negative
membantu cari kerja,5,3,positive
mantap,5,5,positive
,3,0,neutral
mmm a z w a q cofo,1,0,neutral
free member,5,3,positive
exit,4,0,neutral
simple cepat,4,6,positive
la la la,1,0,neutral
try to keep up,4,0,neutral
aplikasi bagus mudah melamar kerja panggilan kerjanya ya sekalinya dipanggil interview harua beli tiket traveloka penipuan,2,9,positive
keren bermanfaat,5,5,positive
gak login ya diupdate keterangannya dinonaktifkan,1,4,positive
maaf kalo cuman bintang doang,2,3,positive
mantav,5,0,neutral
exvellence,5,0,neutral
mksh bermanfaat,5,7,positive
mencoba,5,0,neutral
menarik,5,4,positive
baguss,4,0,neutral
semangattt,4,0,neutral
aplikasi gak gue masrakat desa gak butuh aplikasi kau bikin full penyimpanan hpku sj kau yg gue butuh cuman aplikasi game,1,-20,negative
coba entar bagus bintangnya,3,4,positive
pake aplikasi panggilan tes interviw,1,-4,negative
kasih bintang biar bahagia,5,7,positive
aman,5,0,neutral
cepat tersambung walupun jam sibuk,5,7,positive
,5,0,neutral
pengalaman da penuh keprihatinan tp bersyukur aja,5,10,positive
aplikasi buruk gk ad,1,-9,negative
tq,5,4,positive
ekstraordinary,5,0,neutral
mantul bro,5,0,neutral
amplikasi good,5,5,positive
terima kasih membantu orang mencari pekerjaan melamar linkedln yg bertanggung yg merespon lamaran lamaran yg kirimkan modus penipuan mohon linkedln perketat lamaran lamaran pekerjaan kirimkan yg bertanggung membalas lamaran modus terima pekerjaan berkedok penipuan waspadalah hati hati melamar aplikasi makasih,1,23,positive
ok masuk,5,1,positive
senang kenal byk org utk relasi lbj luas,5,14,positive
hubungan krja jdi lbih erat,5,0,neutral
pencarian lowongan kerja,4,2,positive
,5,0,neutral
v good,5,5,positive
hastina,5,0,neutral
akun dinonaktifkan melanggar aturan,1,-5,negative
sangàt membantu info pekerjaan teman,5,4,positive
keren membantu shear layanan informasi,2,9,positive
entrepreneur,5,0,neutral
,4,0,neutral
aplikasi yg berguna membangun relasi mencari referensi kerjaan,5,3,positive
masuk gambar lampu lintas kapok gua deftar kerjaanya,1,-3,negative
lowongan yg tawarkan tp ya pindah aplikasi ya ngak ngaruh cv linkid kedepanya tinggal share aja,2,7,positive
teman responden,3,0,neutral
link menyediakan info lowongan kerja link kebanyakan menyediakan info jualan iklan produk perusahan pengaturan aflikasi rumit ribet praktis simpel aturan,1,4,positive
fungsional aja,5,1,positive
as usual,5,0,neutral
linkin ok,5,4,positive
good account can help increase business,4,7,positive
full bintang mantap,5,5,positive
nice,5,4,positive
pt hasta prima industri qc pass ptcitra solsindo lestari baq cut pthoco asia industri operator produksi,5,8,positive
membantu mencari kerja,4,3,positive
semoga alternatif,5,0,neutral
berharap memohon aplikasi membantu membutuhkan pertolongaminamin ya raabal alamin,5,8,positive
membantu mengembangkan karier,5,4,positive
pengelola koperasi th,3,0,neutral
apk linkedin kaya error gitu update mohon bantuan nya,4,-1,negative
bermanfaat mudah,5,9,positive
top dah,4,2,positive
hmo,4,0,neutral
penipuan,1,0,neutral
d pt pakoakuina pt lavida herculon,4,0,neutral
pasang aplikasi manfaatnya,4,3,positive
belom tau kegunaanya,2,-3,negative
sempit jaringannya fasilitas penawaran pekerjaan,1,1,positive
jos gondos,5,0,neutral
sya lihat penipuan info lowongan kerja sekedar saran utk kedepan membantu filter info loker tks,2,5,positive
good application,5,5,positive
lumayan biar ga jenuh tau dunia,3,-1,negative
membantu,4,4,positive
sangatt bagusss,5,0,neutral
oke deh mantap,5,7,positive
god,5,0,neutral
yg membajak akun sayatlg alih,4,-5,negative
mantul abis,5,1,positive
berteman baikjgn cari permusuhan,4,-11,negative
nilai tinggikarena mencoba,3,5,positive
,4,0,neutral
manis cinta,1,8,positive
maju trus,4,0,neutral
simple relevan,5,3,positive
memudahkan mencari loker,5,0,neutral
sebagaijurumasak driver,4,0,neutral
quick easy,5,0,neutral
mencari peluang,4,-3,negative
good and clear,5,5,positive
membantu mencari teman bisnis,5,4,positive
perusahaan berskala menawarkan lowongan kerja iming gaji syarat pelamar menyetor uang membayar bentuk persyaratan yg menyetorkan uang apapun bentuknya perusahaan fiktif tipu waspadalah kejahatan dimana modus berbeda,3,-1,negative
informasi lowongan pekerjaan rentang perusahaan update menjangkau negara,5,8,positive
coba newbi,4,2,positive
mantap aplikasunya,4,5,positive
membantu skli,5,4,positive
terimakasih linkedin,5,5,positive
wastap,3,0,neutral
mudah mudahan mantap,5,10,positive
semoga melayani,5,3,positive
ok bagus,5,6,positive
good aplication more connection,5,5,positive
puny bumi sebelah,5,-4,negative
mantul,4,0,neutral
aka akara tialara,5,0,neutral
qp pelaminan poskan adfghjkllxcvbb جئتكم,1,4,positive
bagus maju,5,2,positive
see dee,5,0,neutral
key,5,0,neutral
sanggat membantutp tolong yg unsur penipuan harap blok apk biar apk in mantaaap,5,7,positive
coba bagus,4,4,positive
good experience with linkedin relate to the job,4,5,positive
ok,5,4,positive
update informasi,5,2,positive
please to reopen my account,3,-3,negative
nice apps very usefull,5,4,positive
terupdate tru,4,0,neutral
likethis,5,0,neutral
membatu merekomendasikan peluang pekerjaan mantab,5,5,positive
yoi,5,0,neutral
ckp membantu modu penipuan mengatas namakan perusahaan memungut biaya kunjung respon yg pelamar kerja yg menyetorkan uang nama perusahaan browse pum alamat g valit terdaftar ijin usaha hati hati penipuan mengatas namakan perusahaan beeskala memungut uang pelamar kerja,2,24,positive
belajar,1,3,positive
yess okey skali,5,0,neutral
kondisi teratur,5,4,positive
dlm membangun jaringan relasi,4,6,positive
akuadalah,5,0,neutral
jhajal,5,0,neutral
bgus lh,3,0,neutral
simple useful and easy for build trust,5,3,positive
oookee siiip,5,0,neutral
aplikasi linkin mebgupdate informasi terbaru sahabat linkin bermanfaat membangun hubungan relasi pertemanan,3,14,positive
yah,4,0,neutral
very good aplication,5,5,positive
ok txs,5,4,positive
google,3,0,neutral
appyg bagus,5,2,positive
pengalaman butuh ilmu info komplit,5,-2,negative
,5,0,neutral
bagus ngirim lamaran gak panggilan interview,2,2,positive
link baiktp diposting dr situs webbisa diverifikasi,4,0,neutral
coba ntr bintang nya kl bgus,1,2,positive
uji,4,1,positive
melebihi yg terbaik better,5,7,positive
gif keyboard,5,0,neutral
patnam,5,0,neutral
ta bari bilang yoba,5,-3,negative
aplikasi bagus menambah pertemanan membangun jaringan dunia pekerjaan bermanfaat membantu individu mencari pekerjaan,5,17,positive
make my life conect wide with profesional people,5,-2,negative
mantao,5,0,neutral
kontol,5,-5,negative
baikkkk,3,0,neutral
semoga kedepannya membantu iklan iklan terimakasih,4,9,positive
ok sip,4,4,positive
sgt,4,0,neutral
bagus aq tambahin,1,2,positive
mantap jiwa,5,5,positive
mlim batre kk lowmmi,2,0,neutral
avjaksis,3,0,neutral
akun google bermanfaat pemilik akun mudah publik alamat rumah kantor promosi usaha,5,16,positive
pengajar,5,3,positive
me v,3,0,neutral
bintang ya,3,4,positive
gdjob,5,0,neutral
aplikasi lowongan kerja bagus satupun perusahaan menanggapi lamaran kerja aplikasi,4,4,positive
terima kasih,5,4,positive
bagus membantu utk informasi,5,8,positive
development manager,4,0,neutral
i like this aplication,5,0,neutral
bagus cepat ulasan publik berita postingan,5,4,positive
mohon bantu loker sesuai jurusan,5,8,positive
informasi pekerjaan terbaru,5,9,positive
kesempatan kpd pencari kerja,5,2,positive
nggak nggak gedegede repot nafasnya bola gģg kemarin,3,-3,negative
gak perbarui,3,0,neutral
nya loe klo ngelamar loe limpahin aplikasi lainaplikasi cacat,1,-9,negative
tdk mencari kerja membuka laman perusahaan jasa informasi tenaga kerja yg validitasnya informasi hoaks data pribadi terkirim dikemudian disalah orang bertanggungjawab menginfiltrasikan kepentingan korbankan linkedin deskripsi pelamar disesuaikan perusahaan pencari tenaga kerja yg dilamar deh good job linkedin,3,26,positive
app,2,0,neutral
membantu informasi pekerjaanterima kasih linkedin,4,8,positive
bidang clean sevise,5,0,neutral
kerja jembatan ujung gad,5,-5,negative
i have be use the app i often get a fake job and even i have apply some company but they give no respond until the applications become expire really disappoint and help nothing better jobstreet and kalibrr that usually notify the applicant whether its reject or accept but fine at least respond be help,1,9,positive
sekretaris,5,0,neutral
membantu informasi jetenga kerjaan wiraswasta,5,8,positive
manteb,5,0,neutral
opesional,5,0,neutral
mudahmudahan canggih bagus,5,2,positive
mencoba semoga manfaat nya,4,5,positive
nice apps for businessman,5,4,positive
menderita,5,-5,negative
coba ok,4,6,positive
sangatt membantu akun info lamaran bumn akhirny coba cobaa alhamdulillah rezeki diterima kerja bumn,4,15,positive
staff hrd,5,0,neutral
why not can my open this aplikasi,1,-9,negative
keren,1,0,neutral
okk,2,0,neutral
pengembang tanah kapling,2,0,neutral
goid app,3,0,neutral
salam kenal,4,3,positive
i love linkedin,5,5,positive
lanjutkan,3,1,positive
terinakasih,5,0,neutral
loker penipuan pake travel,1,0,neutral
mengakses akun infonya non aktif tlong konfirmasi nya linkedin,3,5,positive
jujur sih pekerjaan ditawarkan ribet perusahaan palsu terletak dibekasi ampun cari kerja ditipu,1,6,positive
y ium,4,0,neutral
spv kansai paint,4,0,neutral
birsa lowongan kerja yg palsu berkedok agen consultimg,4,-1,negative
atagommo,1,0,neutral
menambah wawasan prosfek karir wira usaha,5,4,positive
manrap,5,0,neutral
optimalkan,3,0,neutral
mencoba,3,0,neutral
masukerror,5,0,neutral
coba lu,1,2,positive
yg jujur,3,4,positive
aplikasi bermanfaat,5,1,positive
rindu pekerjaan,2,5,positive
maicin,5,0,neutral
v v,3,0,neutral
mengerti perbankan,4,2,positive
future better more,5,2,positive
krus indo kirim,1,-1,negative
good to touch many enterpreneurs businessman and professionals from allover tje world,5,5,positive
ok bagus,4,6,positive
aplikasi terhenti,1,-7,negative
bergabung,2,-4,negative
thief app thx,1,0,neutral
qqn wkka cat kangen pantai pagatan,1,4,positive
ok up to date infonya,4,4,positive
log in akun sandi salah sandi tolong dibantu,2,1,positive
informasi lowongan kerja penipuan surat panggilan palsu untung aja sy slalu cek dlu keaslian email surat panggilannya asli palsu link perusahaan asli gak ketipu hatihati aja deh jgn cepat tergiur lowongan kerja ditawarkan mend cari informasi lowongan kerja link asli perusahaan asliy aja,1,24,positive
banyk informasi pekerjaan,5,5,positive
cancel but my saldo keep lose,5,2,positive
membantu mengembangkan link sejawat dangan pengembangan pengetahuan,5,11,positive
membatu tongong banyakin cabang apk kalo udah login linkedin ya udah ga login apk ribetcontoh cari pekerjaan apk coba melamar pekerjaan melamar pekerjaan apk kalo emang gitu mendi ga share loker kalo log apk oke,5,13,positive
blm peristiea,5,0,neutral
maaf,1,2,positive
gak aplod taekk,5,0,neutral
good good good good,5,20,positive
ok bagus membantu peluang mencari pekerjaan,5,10,positive
membantu mencari relasi,5,4,positive
sabar rendah hati penuh semangat meraih kesuksesan,5,6,positive
smga cepat pekerjaan,5,7,positive
make me always remember all my friends at each project,5,3,positive
blum tau,5,-4,negative
okok,5,0,neutral
pt asmo indonesia pt kartika alhajjar pt sarana media seluler pt semesta nustradestrindo,5,0,neutral
ngk buka aplikasiny,1,3,positive
kasih bintang email daftarin pas pembaruan egk masuk,1,6,positive
ngak berguna,1,5,positive
alhamdulillah apk membantu thank,5,13,positive
ya a,5,4,positive
menyukai,5,4,positive
memudahkan berhubung orangorang sukses bidangnya masingmasing,4,6,positive
suka,5,3,positive
tolong saring lowongan pekerjaan temukan x lowongan bodong nipu untung kejadia orang kasihan pastinya,3,13,positive
semangat perjuangan,1,4,positive
ribet,3,-4,negative
coba klo membantu pekerjaan kasih bintang,3,11,positive
blum dpt kerjaan,3,2,positive
aplikasi bermanfaat,5,1,positive
okay,5,4,positive
linkeid gateli cuk akunq masuk ndak pelayanan memuaskan lembiru aja plastore,1,3,positive
akun nonaktif,1,0,neutral
semoga bermanfaat untk kelanjutan informasi,3,7,positive
mayan,5,0,neutral
its very useful,5,0,neutral
tes tes law bagus bintangnya,4,2,positive
coba comen,5,2,positive
mudah mencari infomasi,4,1,positive
goodbye,5,-3,negative
belajar,4,3,positive
semoga membatu pekerjaan singapore,5,5,positive
ok,1,4,positive
penipuan loker gudang garam garuda penipun linkedln menipu orang,1,-3,negative
bagus sasaran,5,2,positive
good and suitable for employees who be look for the best work,5,5,positive
tinggal tanggerang cimone legok karawaci kp melayu,5,1,positive
the best,5,0,neutral
membantu job,4,4,positive
gw gak instal instal sndiri trs ud apus msih ttep ad app nya aneh,1,4,positive
berharap bergabung konektivitas masyrakat dunia,5,1,positive
mendukung,5,0,neutral
ijolajolimut bugis,5,0,neutral
dicoba ya,4,6,positive
aplikasi yg berbahayaterlalu jembatan rantai penipuan berkedok lowongan pekerjaantutup laporkan,1,-9,negative
pengguna,4,1,positive
info dipercaya realita,5,-3,negative
peluang karir,5,0,neutral
sukses linkedlnnl,5,3,positive
sip,5,0,neutral
bagus membatu,5,4,positive
pagi trimksih hadirnya smoga manfaat orang sallaam,5,6,positive
bagus aplikasinya,5,2,positive
berkomunikasi kawankawan seprofesional profesi,4,0,neutral
great,5,3,positive
mudah mencari loker teman,4,1,positive
akun non aktif,3,2,positive
yes mungkn,5,3,positive
mantabbb,5,0,neutral
hadir mencari teman dahabat yg hebat pengalaman iptek membagi kebersamaan yg yg mencari menambah yg sifat manusia terima kasih,5,8,positive
email palsu penipuanuang hilang,1,3,positive
keren abissss,5,0,neutral
long life aplications,5,-2,negative
relasi,5,3,positive
gk in akun nonaktifkan gk masuk gk knpa tolong admin bantu respon nya proses nya,1,6,positive
m ag ic,5,0,neutral
memuaskan,5,5,positive
pengoprasiannya,3,0,neutral
on,2,0,neutral
binasa,4,3,positive
sy kasih bintang semoga aplikasinya membantu,4,6,positive
c b i internasional att apm group,5,0,neutral
top membantu usaha,5,10,positive
dipelajari,1,0,neutral
aplikasi bagus,5,-2,negative
membantu berbagi ilmu pengalaman,5,12,positive
aplikasinya udah bagus sayangnya gak ngepost linkedin,3,3,positive
membantu pertemanan n bisnis,5,7,positive
membantu membangun jaringan,4,7,positive
baiklah,5,2,positive
meningkatkan jaringan pertemanan,5,3,positive
lumayan,3,1,positive
good apps membantu jobless mencati pekerjaan,5,12,positive
pakai aplikasi,3,-4,negative
mebantu,2,0,neutral
mantaaaapp bagus membangun jaringan professional,5,5,positive
aplikasi gg login udah update login ketik huruf langsung menu ya,1,3,positive
mencari pekerjaan,2,0,neutral
akun ga dibuka uda masukin email sandi bilang yg tolong cek,1,-1,negative
aplikasi gak bermutu install diperbaharui aplikasi bermodal kasih bintang admin tau kekurangan aplikasinya,1,-10,negative
mantap bgt,5,5,positive
sip,4,0,neutral
coba y bintang,3,2,positive
mohon maaf rate nyaa kasih bintang akun nonaktifkan linkedin,1,6,positive
tul,5,0,neutral
perferct,5,0,neutral
gooooooooood,5,0,neutral
aplikasi pencari kerja professional,4,-2,negative
bermanfaat hasil aplikasi,5,4,positive
my name sarif hidayat i be year old and i be available be a driver or private driver for expat,5,0,neutral
membantu,5,4,positive
,5,0,neutral
sya suka,4,3,positive
bagus mempertemukan orang hebat orang info lowongan kerja,5,1,positive
y i v,3,0,neutral
kasih,1,2,positive
kox ga masuk yh email ga masuk salah paswort udah bener masuk fb ga gmn apl nya,1,-10,negative
coba dlu,1,2,positive
bagus kaya sosmed yg,4,4,positive
wonderful,5,0,neutral
lengkap informasi nya,5,4,positive
yaa,5,0,neutral
pmbangunan mushola,1,0,neutral
ratna tarna,5,2,positive
execellent,5,0,neutral
semoga thank linkedln,1,4,positive
yamantap,5,0,neutral
lowongan lowongan buka website kadang yg login blm akun disitu alhasil ga ngelamar udah isi resume yg tp kalo ga ngelamar lgsg aplikasi ya,3,8,positive
perfect,5,0,neutral
thank for you to my google chrome apply android terbaru nya ok google play story sestem android one kn apply terharu android ok,5,16,positive
linkedin bgitu yg hp bsk terhubung kmana aja,4,1,positive
recommend menjalin relationship carier friendship batas,5,-3,negative
terbantu dgn info loker yg dibutuhkan,5,-3,negative
terima kasih bermanfaat,5,9,positive
mantap,5,5,positive
mmmwmwkw,5,0,neutral
instal aplikasi hp terkena,1,-4,negative
mantap brother,5,5,positive
tolong menguninstall aplikasi mengganggu merugikan segansegan memperkarakan ranah hukum terima kasih mohon responnya,1,12,positive
sih ribet bgt dialihkan web ngga langsung web pribadinya gitu aja log in aplikasi kecewa sih,3,-6,negative
bangus,5,0,neutral
hamid obing,5,0,neutral
bagud,2,0,neutral
email mengkonfirmasi alamat email ya konfirmasi mohon bantuannya,2,9,positive
sesui jaman texnologi,4,-2,negative
sngat,5,0,neutral
hebat,5,0,neutral
housekeep supervisor,5,0,neutral
login tp masukkan sandi otomatis halaman jadiya gabisa login,2,3,positive
okela,4,0,neutral
membantu,5,4,positive
,4,0,neutral
sip,4,0,neutral
terkuak mudah mudahan linkedln membuka arah simpel akun kumiliki,4,4,positive
bagus,5,2,positive
mantap bagus,1,7,positive
nyoba,1,0,neutral
komunikasi sahabat info terbaru job pekerjaan sesuai dibutuhkan,5,13,positive
susah verivikasi,5,-3,negative
mantulll,5,0,neutral
pesen sy apelikasinya perluas lg biar jangkonya luas jdi wawasanya bayak terima kasih alvin,5,8,positive
ga bagus,1,2,positive
nice aplikas,5,4,positive
god,3,0,neutral
easy to connect with amaze people,4,0,neutral
bagus nih,5,2,positive
suka close sndri,5,1,positive
bagus cepat,5,5,positive
rekomendasi aplikasi,5,-4,negative
in mantap,5,5,positive
hikmah jamela kangen,5,5,positive
cukk,5,0,neutral
this post very importance and nice linkedln,5,4,positive
menghubungkan teman seprofesi,4,0,neutral
mandiri usaha,5,-2,negative
aplikasinya pertemanan pertemanan tolong diusahakan id link bagus aplikasi bagus berbisnis,1,3,positive
semoga membantu pencarian pekerjaan,5,7,positive
akun indedned orang orang dalamnya adlah orng orng hebat memiliki kredit pendidik bangga mengikuti memiliki luas teman memperbanyak pengetahuan mengikuti akun smau ad dalamnya orang ornag memiliki wawasan laus suka bangga berteman terimakasih akun,5,27,positive
hcker akun nhur on,5,0,neutral
gak uang,5,0,neutral
coba yaa klau manfaatnya kasih bntng,3,7,positive
love it,5,5,positive
pelajari aplikasinya jd bintang,1,0,neutral
terimakasih membantu bertemu pembisnis owner,4,11,positive
aplikasi share link youtube,3,-4,negative
aplikasi ok,5,0,neutral
akun nonaktifkan seminggu linkedin iniharus mengadu dibagian tolong linkedin menanggapi,1,6,positive
sip sip,4,0,neutral
tau fungsinya,1,-4,negative
bissmillah,4,0,neutral
perdagang lepastu bangkrut,5,-5,negative
dilhatnya sih simplesaya coba kasih modus loga kitera pinjam online,5,1,positive
ya butuhkan bantu,5,7,positive
gagal login,1,-4,negative
top rate,3,5,positive
semoga,5,0,neutral
jalan jalan,5,0,neutral
more knowlegde about bussines,5,0,neutral
good info,5,2,positive
i dont know about you but i want to know you,4,0,neutral
,5,0,neutral
harap membangun karir,4,3,positive
br pake,5,0,neutral
aplikasi nya lumayan kreen,4,-3,negative
berteman utk jaringan teman profesional,4,0,neutral
,3,0,neutral
wum,4,0,neutral
lumayan bagus berguna keperluan,4,13,positive
tolong kembalikan uang dr kartu kredit dimana nya langganan gratis premium stop ambil rp dimana manfaat premiun impact nya sayathanja,1,16,positive
good app for job opportunities from around the world,4,5,positive
ok,3,4,positive
suka dagang,5,3,positive
susi yanti,5,0,neutral
why i cant find short cut icon in my phone,3,-2,negative
tolong ya linkind mudah menonaktifkan akun orang sistemnya ubah hp d cas masuk lg sdh non aktifkan kecewa tolong bgt bost teeimkasih,1,11,positive
good luck all injob,5,9,positive
good for your career level and share what youn learn in your office,5,5,positive
tukang laspipe fittermechanical,5,-2,negative
bagus aplikasinya,1,2,positive
john untung,4,3,positive
coba bintangx pul,5,2,positive
penajam,4,0,neutral
like to,5,0,neutral
aplikasi membangun konektivitas share pengalaman pengetahuan dunia kerja,5,5,positive
aplikasi sampah,1,-8,negative
muhammad faisal sultan aceh merdeka,5,0,neutral
bagus ga abal abal infonya,4,2,positive
blm hasil,1,3,positive
m,3,0,neutral
cobain,3,0,neutral
thats okey,5,0,neutral
manttap,5,0,neutral
sya kasih bintang,5,2,positive
top,5,5,positive
gak app nyampah email aja yg,1,-3,negative
ni aplikasi bagus tp edan update hr,3,-5,negative
hati hati iklan lowongan kerja bohong hati hati penipuan,3,5,positive
teman tukar pemgalaman membantu,3,5,positive
amaze app,5,0,neutral
ya suka,4,7,positive
m umjjb,5,0,neutral
disempurnakan lagimantafff,5,0,neutral
good job,1,5,positive
jodoh,5,3,positive
pakai,4,0,neutral
semoga beemanfaat,5,0,neutral
mantap update,5,5,positive
perluas koneksi perbaik jaringan relasi,4,8,positive
nice app,4,4,positive
melayani pembuatan kolam renang,5,1,positive
akun nonaktifkan akun kemaren nonaktifkan mengecewakan,1,-3,negative
aplikasi ni aneh memudahkan orang hack akun orang waspada,1,2,positive
tray,4,0,neutral
membantu lumayan,3,5,positive
bermanfaat,1,5,positive
,2,0,neutral
aplikasi membantu utk menemukan pekerjaan yg,5,5,positive
canggih,5,0,neutral
ganti nama samsung account,3,3,positive
seandainya bs diunisntal,1,-1,negative
good,5,5,positive
bagus tpi iklan lowongan kerja,4,4,positive
barang kali beroperasi bidang lestoran atw catring join sayuran negri,5,2,positive
berpengalaman,4,4,positive
inlco,5,0,neutral
aplikasi beguna,1,-4,negative
khushukha,5,0,neutral
ya membuka aplikasi sbg jalan mencari pengalaman merintis pekerjaan dimasa mudahan menambah wawassn ilmudan belajar orang sukses,5,12,positive
tas promosion,1,0,neutral
mantaf bro,5,0,neutral
jual beli rumah tanah gedung perkantoran sbg agen independent khusus jakarta pusat jakarta selatan jakarta timur depok,4,6,positive
ok mantaaaaaaap,5,4,positive
semenjak instal aplikasi rajin mandi rajin sholat berhenti mabok maksiat,5,5,positive
no good,1,5,positive
bagus bertemu orang orang pengaruh positif,4,11,positive
menambah wawasan dilinkedln menambah pertemanan,5,6,positive
sucesfull,5,0,neutral
god job,5,0,neutral
nyoba semoga cocok,5,4,positive
bisanya pengalamam uangtiap produksinya,5,0,neutral
verifikasi keamanannya,1,0,neutral
suip,5,0,neutral
exportir produck handicrafts,5,0,neutral
oke,3,2,positive
semoga bermamfaat,5,0,neutral
tau pekerjaan aktivitas kenalan,4,-1,negative
mencoba,2,0,neutral
membantu menghubungkan koneksi bisnis,5,9,positive
mencoba,4,0,neutral
aja boss,3,1,positive
didownload dibuka download nya lg gitu mulu mend didelete,1,2,positive
good pokona mah,5,5,positive
dr,5,0,neutral
maju posisi,5,0,neutral
godd,5,0,neutral
klo bagus ditamba,2,2,positive
,5,0,neutral
membantu,3,4,positive
bagus pencari kerja,5,4,positive
dlo klo bagus nti kasi,1,-1,negative
mantuls,5,0,neutral
masuk ribet,2,-7,negative
coba,3,2,positive
stlah thung login sekalinya login ktmu atasan lngsung masuk penawaran kerja hihihihii,5,2,positive
hiho ketuk menjeda,1,0,neutral
coba pake aplikasi makany kasih,2,0,neutral
mudah melamar pekerjaan,5,7,positive
jd pengalaman,4,2,positive
bagus,5,2,positive
aplikasi apaya menguntungkan gk ya,5,4,positive
profil linkedin bagus apply ditawari pekerjaan panggilan tokopedia surakarta apply sayang berhasil tahap wawancara semoga kesempatan berhasil,5,17,positive
yash,5,0,neutral
very good to build your network,5,5,positive
,5,0,neutral
aplikasi linkedin log,5,-4,negative
can not see the fee and update,3,0,neutral
goodmedia sosial terarah mengembangkan karier bisnissatu masukan tolong difilter konten layak tayang tempatnya sukses terima kasih,5,20,positive
aplikasi bagus,5,-2,negative
eror mulu apl nya,1,-2,negative
askabakansnsisms,3,0,neutral
yg telahmenjafi client traing,3,0,neutral
mantull,5,0,neutral
perusahaan memanggil joint,1,3,positive
lumayan,1,1,positive
tau fungsinya,5,-4,negative
bgus,5,0,neutral
penipuam isinya,1,0,neutral
aplikasi bikin kerja,5,-2,negative
membinungkan makenya sulit mengetri,2,0,neutral
great app,5,3,positive
siiiip,5,0,neutral
update,3,0,neutral
dpt informasi,5,2,positive
more easy to make network and promote,5,3,positive
semangat karir,5,4,positive
ok bngt,5,4,positive
achmadi jaya cenel,5,4,positive
i like it,5,0,neutral
aplikasi gak jelassss robot,1,-4,negative
aplikasinya membantu suka suka suka,5,13,positive
,2,0,neutral
mlehoiii,4,0,neutral
ok,5,4,positive
mudah pakai,5,4,positive
kurngi ikln please,1,-3,negative
pingin yg lbh mudahan sprti yg hrapkn,4,3,positive
mntap,5,0,neutral
buruk,1,-5,negative
bagus bermanfaat,5,7,positive
mengerti,1,2,positive
ghsgu,1,0,neutral
menambah jaringan pertemanan,4,6,positive
aplikasi sih nisdh hapus berulang ulang kali msh ajja,1,-7,negative
berguna membangun terimakasih,5,10,positive
kegunaan aplikasi tolong review,1,3,positive
very goood,5,0,neutral
ok good,4,9,positive
mengetaui lowongan kerja,1,2,positive
chef be the best work,5,0,neutral
blm paham,4,0,neutral
test d,3,0,neutral
efektif,1,5,positive
joint linkedin tibatiba minggu buka alasan akun orang connection mencapai orang mengganti email please help me linkedin,5,2,positive
bagus membantu,5,6,positive
you,5,0,neutral
murah hati kasih bintang nyoba,5,7,positive
semoga sllu mempermudah pengguna,5,-2,negative
kren,5,0,neutral
login,4,0,neutral
bnyk lowongan pekerjaan penipuan merugikan orang tolong perhatikan likedin,2,6,positive
aplikasi,3,-4,negative
mohon bantu menemukan perusahaan yg menerima tamatan slta from senior high school yg berpengalaman dibidangnya trimakasih,5,18,positive
why do this application prohibit and block kratom sales even though kratom have not be ban until now the loss that i have to my buyers be who be compensate,1,-6,negative
pemula,5,0,neutral
error,2,-5,negative
ok mantap,5,9,positive
b klau bgus apknya ditmbh lgi,5,0,neutral
gabung,3,-5,negative
ok,4,4,positive
drever bus kerajaan saudi tinggal propinsi jeddah daerah hamdaniah gaji bulanan minim banget walo sy bertahan liat kedepan nya mengerti mengatur bus musim kerja pelajari yg nama nya kerja travel umrah n haji pelajari travel umrah pelayanan yg jamaah nya alhamdulillah sy bersukur bangeut initerimakasihbuat,4,16,positive
ya mudah an slalu layanan nya,5,11,positive
jos gandos,5,0,neutral
akun palsulowongan abal pas dateng langsung diporotin,1,8,positive
be aap send linkedin,5,0,neutral
membantur,5,0,neutral
siplah,3,0,neutral
rat,5,0,neutral
mahin surabaya,5,0,neutral
huh,1,0,neutral
mantap broooo,5,5,positive
mantuul,5,0,neutral
coba ak kasih,3,4,positive
oke bitlytiruterapkanjalankan,5,2,positive
bgus sih tpi kadang susah ntuk bukaudh brbagai mcam aj gk ntah knpa nihaplikasi sohai nih,5,0,neutral
in,4,0,neutral
nice,4,4,positive
menbantu,4,0,neutral
binguuuung ahhhhh,5,0,neutral
sumpah nyesel download nyamau nyari info loker dapet panggilan hoax,1,-10,negative
membantu utk orang yg cari pekerjaan,5,4,positive
cool apps,5,2,positive
solusi terbaik pencari kerja,5,10,positive
ko,3,0,neutral
komentar hilang in jelek,1,-2,negative
gn aplikasi sehinga memudahkan orang masuk kerja aplikasi,4,-6,negative
buka apk bilangnya mengarahkan penginstalan penuh yg install update yg miliki versi terupdate aplikasi mohon bantuannya terima kasih,1,8,positive
kerja bagaiman,5,2,positive
coba buruk hapus aja,5,-5,negative
kren,3,0,neutral
bagus,4,2,positive
jos,4,0,neutral
ok josh,5,4,positive
for all job seeker i very understand how hard for seek a job nowdays but you have to know this this application help us to find some chance for job and absolutely yes it work for filter some job vacancy you could filter that by yourself no mistake in this fiture and you have a responsibility for filter which valid or not hopefully you all be wise for give a rat and some comment this application be help for find some job vacancy and you filter all of that thank,5,11,positive
ok,5,4,positive
insya allah diterima lamarannya pindah kerja,3,10,positive
nggak,1,1,positive
its very good,5,5,positive
bingung masukny,5,0,neutral
ga banget aplikasi,1,-3,negative
help many people to get friends and information,5,5,positive
simple,5,3,positive
bgus lumayan,5,1,positive
akun dinyatakan nonaktif perbaiki,4,0,neutral
jahenuja,5,0,neutral
nilai,5,5,positive
siif,5,0,neutral
berguna bagus,5,7,positive
masi mencoba,4,0,neutral
gak butuh aplikasi,1,-9,negative
gw suka,5,3,positive
bs aplikasi pencari kerja,5,-2,negative
aps cs,5,0,neutral
dicoba,2,2,positive
baguuuuuus,4,0,neutral
snagt membantu,3,4,positive
aplikasi memperbaiki fb akun yg lupa sndi langsung pkek lgi akun nya krn aplikasi,3,-4,negative
coba,4,2,positive
asik si menulis,5,4,positive
,5,0,neutral
berguna,4,5,positive
perna kilang nocikon malaysiaselangor,5,-3,negative
meningkatkan hubungan pertemanan,5,0,neutral
representative penampilannya,5,0,neutral
bagus cepat,5,5,positive
sgt mmbantu,4,0,neutral
good choice for us,5,5,positive
mantab,4,0,neutral
ribet,4,-4,negative
good job brother,4,5,positive
bagusmedia sosial profesionalhr jobseeker,5,4,positive
good link,4,5,positive
linkedin bermanfaat uk profesional pekerja informasiinformasi yg dunia pekerjaan informasi business update,5,14,positive
bagus menambah jaringan,5,8,positive
koi,5,0,neutral
sy coba,2,2,positive
membantu mencari info loker valid,4,-2,negative
jalur kemudahan sow we re tiule beaste bin jiu now eriale,3,-1,negative
membuka notifikasi pencarian berhasil perbarui,3,3,positive
ih,1,0,neutral
mantaaf,5,0,neutral
nonaktifkan akun,2,0,neutral
mengambil vidio twrus jadikan konten deh,1,0,neutral
susah dipahami,1,-3,negative
semoga sesuai bintangnya,5,3,positive
nembantu,5,0,neutral
cb,4,0,neutral
semoga berguna,5,5,positive
membantu jaringan luas dlm bidang usaha sy,5,11,positive
goog,5,0,neutral
mohon dikembangkan keamanannya akun palsu penipuan lowongan kerja situs menawarkan pekerjaan didatangi mengeluarkan uang alasan administrasi,1,7,positive
semga slalu andalan,5,0,neutral
unstal tpi aja terdftr dri google play updatebuka,1,1,positive
bagus membantu,4,6,positive
bagus aplikasi,1,-2,negative
dicoba klo bagus ntar bintang y,3,4,positive
bermutu,5,3,positive
matah,5,0,neutral
bagus,2,2,positive
nayamul,4,0,neutral
ok bermanfaat,5,9,positive
mudah infor masi kerja terima kasih linkedln,4,10,positive
menjual mengotrakan rumahruko tanahpabrik dll inget sy amen indohouse,5,-5,negative
membantu kehidupan sehari,5,4,positive
gud,5,0,neutral
good lahh,5,5,positive
shop,4,0,neutral
pengguna fb,5,1,positive
pernuh wawasan kinerja poll,5,0,neutral
bgus,4,0,neutral
berterima kasih buka geogle,5,2,positive
blanakan subamg,2,0,neutral
yoi,1,0,neutral
mantap mantap,5,10,positive
bagus klik bintang,4,2,positive
best way to sesrch job,5,0,neutral
bangsat post loker penipuan loker penipuan bawa nama perusahaan aply lamaran liat aply lamaran,3,1,positive
aman,3,0,neutral
bermanfaat,5,5,positive
membantu pencari kerja,5,6,positive
informasi pengadaan lokasi tanah area pergudanganpabrikasi perumahan diwilayah tangerang,5,2,positive
ooh,5,0,neutral
hemm,4,0,neutral
semoga membantu pencaker,5,4,positive
gak buka login bergabung gmail,1,-1,negative
oke laaah,4,2,positive
belom diterapkan maximal,1,1,positive
terimkasih kemudahan mencari pekerjaan,5,3,positive
mencobah nya semogah aplikasi bermanfaat,5,1,positive
butukan,3,0,neutral
jembatan share pengalaman,5,-2,negative
kasih bintang entar kalo bagus tambai,3,4,positive
apk ap ya q ngerti maaf emg gak tau,5,2,positive
makasi,5,0,neutral
okay bismilah,5,4,positive
aplikasi ngga,2,-6,negative
tdk petunjuk yg mereviso email utk melamar pekerjaan,1,3,positive
sajikan informasi tera bdate,5,2,positive
,3,0,neutral
ko coba bbrp kli login g ya,1,6,positive
good bgt link,5,5,positive
membantu,4,4,positive
ora du dinlot kang,1,-3,negative
apl mantap bangat,5,5,positive
nggk diamods nya gratis diamods nggk,1,4,positive
flm forno film porno,1,-5,negative
ooo,2,0,neutral
ok,5,4,positive
ganti foto profil gak load sinyal lancar mohon diperbaiki,1,12,positive
,3,0,neutral
mantul jokk,5,0,neutral
coba,5,2,positive
coba ya denis dena mbak dila suri,2,5,positive
aplikasinya jelek,1,-5,negative
baguus,1,0,neutral
zez,1,0,neutral
be ok,5,4,positive
memakai aplikasi kasih pakai insyaallah nambah bintang bintang,2,0,neutral
udah downld aplikasi dibuka suruh buka link menguras kuota,1,-5,negative
coba,4,2,positive
,1,0,neutral
belajar,1,3,positive
belom mendalami fitur,4,1,positive
ngak tau alasana sy tolak aplikasi lainpadahal data yg kasih udah,5,-13,negative
membantu membangun relasi,5,7,positive
zip,5,0,neutral
naguu,5,0,neutral
bug gak akses,1,2,positive
baikberguna,4,0,neutral
e bintang,3,0,neutral
sip,5,0,neutral
puas kinerja linkeddln,5,3,positive
,1,0,neutral
jelek,1,-5,negative
masuk aja banget paswod god bye aja,1,-3,negative
ok sipp,5,4,positive
blm,4,0,neutral
bagus bermanfaat,1,7,positive
cek biodata alungajl perintis kemerdekaancilacap,2,-4,negative
kereen,5,0,neutral
ntaps,5,0,neutral
aplikasi pengembangan karir bagus,5,1,positive
foto opooohakfjwidiwpqpmcnn kejadian inna jnelasfs more news foto si manis jalan bdg nama band na,3,14,positive
,4,0,neutral
ok oce,5,4,positive
bagus ya mas,4,6,positive
bagus lengkap ptofesional,5,4,positive
,1,0,neutral
sy mencari hasil pengumuman ppdb sman cikarang utara ga ya,4,1,positive
seve,5,0,neutral
ilmu mencari kerja mudah,5,7,positive
cepat,5,3,positive
kadih bintang ah,1,0,neutral
akurat,5,0,neutral
okedeh,5,0,neutral
,5,0,neutral
up,4,0,neutral
i like apk,5,0,neutral
susah mengaktipkan g as,5,-3,negative
tau berhasil,5,-1,negative
terbaikkk,5,0,neutral
bagus bangat ni app,5,2,positive
oks,5,0,neutral
,4,0,neutral
hidup indah sentiasa bersyukur,5,10,positive
membantu pencari kerja,5,6,positive
kadang mudah job via agency spt linkedln,4,7,positive
oiler crane barge in east marine,5,0,neutral
membantu,4,4,positive
bagus aplikasi,5,-2,negative
makasih kaka,5,4,positive
mantul bener bro,5,3,positive
okok sahja,5,0,neutral
tes,4,0,neutral
nice app for seek the network,5,4,positive
nambah kenalan orang hebat,5,0,neutral
iadi pasukan fod,5,-5,negative
mamtap,5,0,neutral
kepala produksi pengecoran logam,5,0,neutral
ok banget,5,5,positive
lumayan,3,1,positive
driver,5,0,neutral
aja blm d coba,2,3,positive
berselayar,5,0,neutral
blom panggil kasih,2,1,positive
aplikasi goblok nyesel gua download,1,-17,negative
,1,0,neutral
manteppp,5,0,neutral
perangkat desa,4,0,neutral
sngt mnunjang skli,5,0,neutral
very good,5,5,positive
gw butuh,5,-5,negative
coba ya aplikasi bagus fi bintang aplikasi hack akun orang ya,3,0,neutral
membantu sya mencari pekerjaan,5,4,positive
login memasukkan nomor telepon tulisananda memasukkan nomor telepon inikira kalo aplikaai bawaan udah uninstall duluhuuhhandphone samsung a,1,3,positive
rwr maulana muhammad pendiri nkri pendiri the unite nation pbb sunan tapaut hindia ones banker,5,4,positive
,2,0,neutral
,5,0,neutral
bagus banget berbisnis,4,3,positive
good aplikasi,5,1,positive
all right,5,0,neutral
suka,1,3,positive
bagus banget membantu,5,7,positive
coba,1,2,positive
kelulusan,3,0,neutral
oke,5,2,positive
good app,4,5,positive
memuaskan,1,5,positive
aalaa,1,0,neutral
up,5,0,neutral
apl nh penboong lg,1,0,neutral
force close isi sandi boss,1,0,neutral
aplikasi tai gk gunanyapetunjuk nya aj gk nyambung dobol cm bikin pusing ngoprek gk jls,1,-13,negative
sip,5,0,neutral
,5,0,neutral
dlu klu manfaatnya bru,3,3,positive
bagus pencari kerja,5,4,positive
gooooooo,5,0,neutral
mantappppp,4,0,neutral
sy suka,5,3,positive
informasi job tki,5,2,positive
skype,5,0,neutral
gimana daftar nya,5,1,positive
lowongan kebenarannya diragukan mohon d kroscek kebenarannya sekelas perusahaan freeport check penipuan,3,6,positive
mudah,5,4,positive
home at work,5,0,neutral
pedagang porang,5,0,neutral
syukuri yg aja,5,4,positive
kantol aplikasi in,1,-4,negative
bnyak,5,0,neutral
wow thats why we need be a special day,5,2,positive
aja,3,1,positive
mauza,1,0,neutral
nice app sgt berguna thank,5,13,positive
,3,0,neutral
kene sabung wafi upadte,5,0,neutral
ok,5,4,positive
bagus sih ditingkatkan ya,4,6,positive
aplikasi bagusbanyak koneksi yg dapatkan membantu mencari lowongan kerjatpi sy tdk bsa masuk aplikasi non aktifkan otomatisapa salah tolong diinfokan,5,-7,negative
kamers tembus pandang,5,4,positive
sangan suka,5,3,positive
apk daftar sekolah knp loker kerja,1,6,positive
load new page perbaikan rat for the respon,5,7,positive
sy suka memanggil gadis kota sy,5,2,positive
aplikasi gak iklan aplikasi sampah,1,-12,negative
emang jelek bagus,4,-3,negative
ff,5,0,neutral
nice one,5,4,positive
bagus lo,5,2,positive
setuju,4,4,positive
mw coba kayaknya bagus membantu kebutuhan keuangan,5,9,positive
daunload sakit perud,4,-5,negative
tes dlu,4,0,neutral
membantu bisnis jasa service ac,5,11,positive
apk tolol goblok kambing anjing adakan apk tolol gue doa in apk kakinya patah tangn nya biar gak apk tolol aminnnnnnnn,1,-26,negative
layanannya,5,0,neutral
adsz,5,0,neutral
bagus aplikasih,5,2,positive
love love linkend,5,10,positive
akun tibatiba susah login,1,-3,negative
mntab,5,0,neutral
terbaik,5,5,positive
suka,4,3,positive
yg,3,0,neutral
info lowongan kerja ga hasilnya,1,-1,negative
trey dl klu ok,2,4,positive
coba biar bintang aja karna aplikasi sdh terbukti,5,3,positive
mudah mudahan job,5,5,positive
connect profesional all arround the world,5,0,neutral
terima kasih sdh membantu,5,8,positive
memudah simple,5,3,positive
bagus oke,5,4,positive
good job,5,5,positive
gbo,5,0,neutral
,5,0,neutral
sman tangerang kota,1,-1,negative
membatu,5,2,positive
penipu,2,-4,negative
wiwin,5,0,neutral
aplikasi anjing bangsat penipu loklau hpus aja aplikasi bikin darah pkokx jgan ad yg instal aplikasi jamin psti nyesal sumpahh,1,-29,negative
aplikasi an katnya banjak fb orang,1,-4,negative
pengalaman taxi merubah nasib grabcar,5,2,positive
aplikasi merugikan harian mendownload gak upload foto gak nambah temangak upload foto propil,1,2,positive
bagus membantu,5,6,positive
bagus,1,2,positive
pelajari dl,3,0,neutral
intensif buntang,2,-2,negative
segini ya aplikasi membantu,4,4,positive
,5,0,neutral
pelayanan memuaskan,5,8,positive
suka,1,3,positive
akreditasi standar penilaian,5,-5,negative
banget nge downdlod nya udh jam gak selesai selesai,5,5,positive
vitmate,5,0,neutral
mambantusukses linkedin,5,0,neutral
dermo,2,0,neutral
bagus banget aplikasi memuaskn terima kasih bos ku,5,6,positive
very informative,5,0,neutral
pekerjaan bawa mesin,5,4,positive
soalx bintang nnti klo da lantik paman,3,3,positive
coba kalo bagus aki tambahin bintang mya,1,4,positive
bagus kalii,5,2,positive
jancokkkk,5,0,neutral
oohhh,4,0,neutral
coba,5,2,positive
d ptmegariamas sentosa juni september d pt panchadharma sentrabhakti oktober november alasanya berhenti tutup konnter habis kontrak,5,6,positive
mencoba,4,0,neutral
bagus bangat sosial,5,6,positive
bermanfaat,4,5,positive
permainan nya bagus,5,2,positive
mencoba,5,0,neutral
takuongtanah,5,0,neutral
membantu,1,4,positive
membantu,5,4,positive
of,5,0,neutral
mantep,3,0,neutral
mengagumkan,5,4,positive
puas,5,3,positive
mudah,5,4,positive
go,5,0,neutral
mantafff,5,0,neutral
kasih klw gacor kasih,3,4,positive
prestasi menentukan posisi,5,0,neutral
berhasil kasi bintang,3,0,neutral
bantu,5,3,positive
bergabung bln yg,5,-4,negative
nyoba y ksh bintang,4,0,neutral
menginstal aplikasi tip tip mengerti terimakasih linkedln semoga aplikasi maju amin,5,10,positive
pengalamnan pkl bln kantor bppd serang banten,4,-4,negative
toop,5,0,neutral
asyiap,5,0,neutral
kasih bintang mendaftar perkerjaan,4,2,positive
memakainya man,4,-1,negative
susah yg ndowload,3,-3,negative
brusor nga ni,5,0,neutral
bagus aplikasinya skill diubah rekomendasi bikin iri haha,4,-3,negative
spammmmmm,1,0,neutral
uji,1,1,positive
coba,1,2,positive
berubahnya aturan seleksi penerimaan siswa dg sistem zonasi merurut sy menghasilkan sdm kwalitas yg rendah,1,-6,negative
coba kasi bintan kalo bagus tamba bintanya,2,1,positive
,1,0,neutral
respec,5,0,neutral
mantap pol,5,2,positive
,1,0,neutral
siiippp dachhhh,5,0,neutral
pesan berbayar,1,-1,negative
aplikasinya menampilkan maaf kesalahan mohon diperbaiki,1,-1,negative
anu,5,-3,negative
membantu yg kerja info loker,5,3,positive
rumah tangga,5,3,positive
downlod ngak tau aplikasinya bagus,3,-2,negative
good luck,4,9,positive
login nama salah pdhl nama asli,1,-2,negative
aplikasiny tlg d tingkatkan,3,3,positive
bagus sekaliii,5,2,positive
aplikasi jelek sesuai postingan akun palsu yg menginfokn open recruitmenmohon aplikasi kenltentuan individubadan usaha yg id akun valid orang yg id akun sembarangan menrungikan orang,1,-16,negative
simontok,1,0,neutral
gw gk suka lu mendi lu pergi bangsat,1,-1,negative
permasalahan kesulitan memasuki nomor kode sandi,5,-6,negative
aplikasinya bagussss,5,0,neutral
bagus,1,2,positive
hai admin tolong tambahin kolom nama,5,6,positive
apl monyet,1,-3,negative
hobinya nonton,5,0,neutral
aplikasi tai masak udah download suruh daftar udah trus gak jls bgst buktikan robot verivikasi aja ribet sih ah tai,1,-16,negative
tele,5,0,neutral
pnsdoakan ya,5,4,positive
,5,0,neutral
profesional,5,0,neutral
tester,5,0,neutral
mmbntu sy dgn aplikasi,5,-4,negative
mantap bos,5,8,positive
loker usia max dapet,5,2,positive
membantu mencari pekerjaan,5,4,positive
bagusss,4,0,neutral
aplikasi vidhot,5,-4,negative
puas,4,3,positive
nice,3,4,positive
mo,4,0,neutral
sadtiryah denny,5,0,neutral
konyol,5,-3,negative
memperbarui status koneksi dll muncul keterangan maaf kesalahan refresh status pemberitahuan koneksi bagus,2,3,positive
smoga ga bhong,5,0,neutral
aktip,5,0,neutral
wae,1,0,neutral
pengalaman,3,2,positive
aja dlu,1,1,positive
terimakasih aplikasi semoga lancar kegiatan,1,8,positive
semoga mudah diakses,5,4,positive
sipp,5,0,neutral
suka,2,3,positive
enak pake cangkeme,5,5,positive
bin dlu gin,3,0,neutral
yowes sip,5,0,neutral
coba lagintah aplikasi,1,-2,negative
kuy,5,1,positive
membatu karna tau prosedur pendaftaran,5,-3,negative
orang sukses d li inspirasi didalamnya,5,0,neutral
good apps for look an opportunity,5,5,positive
off,5,0,neutral
so good,5,5,positive
coba pasang,5,6,positive
aq nyoba bagus ga nnti aq comen,4,2,positive
elika,5,0,neutral
aplikasi anjing daftar gak login kli aplikasi yg jgn asalasalan,1,-11,negative
goog,4,0,neutral
kasih bintang ya berhasil kasi bintang,2,6,positive
pengalaman linkin,5,2,positive
terima kasih,5,4,positive
loding nginstal nya gak jalan ya memori gak penuh tetep aja load nya gak ya data ku udah terisi udah nyala tolonv,1,8,positive
please add copy link in app and app lite i need thats,3,-3,negative
coba klu masuk akun fb sy,3,-1,negative
semoga membantu ksih bintang,5,4,positive
lowongan kerja koki,5,2,positive
info kegurua cpns,5,-3,negative
sanggar membantu,4,4,positive
linkedin membuka gmail bisnis sajakarna linkedin nilai,5,8,positive
civil supervisor,5,0,neutral
sanggat membantu karir,4,4,positive
cepat update,5,3,positive
pemacu,5,0,neutral
aplikasinya bagus,5,2,positive
nyoba kolo membantu link nih,4,4,positive
aplikasi taiikkkkk,1,-4,negative
operator lantai bor smpai sumatra jambisekarang ptkugup narama umpul area tambang ptfitembaga pura timika papua operator loder h h,3,1,positive
aplikasi anjir boongan jgn download,1,-3,negative
haheho,5,0,neutral
berguna menjalin relasi,5,8,positive
coba lhh klo hasil ny bagus kasih full bintang ny,2,9,positive
selamat sore daftar negeri cibinongbagaimana yah bu,5,6,positive
apik,4,0,neutral
oke bagus,5,4,positive
semangat berkarir menýesuaikan zaman mempermudah dgn aplikasi smoga bisamnambah wawasan sukses,4,0,neutral
mempermudah mencari pelajaran,5,-4,negative
jos,3,0,neutral
mantap jiwa,5,5,positive
nyoba,1,0,neutral
aplikasi linkedin bagus,5,-2,negative
good,5,5,positive
bagusssss,5,0,neutral
jelek banget,1,-4,negative
baguuss belajar,5,3,positive
blm semoga bermanpaat orang,4,0,neutral
yg bayar yg dbikin susah,1,-2,negative
dlu,3,0,neutral
kasih d coba,2,4,positive
gooooddd,5,0,neutral
content diluar job vancany,4,0,neutral
joss,5,0,neutral
semoga berhasil,5,3,positive
mantap sekaleei,5,5,positive
pengalaman mencari pengalaman,2,1,positive
bagus aplikasinya bintang aja,4,3,positive
bermanfaat,3,5,positive
membantu,3,4,positive
membantu yg mencari pekerjaan,5,4,positive
ااحمد الله,5,0,neutral
lumanyan,3,0,neutral
berlayar,5,0,neutral
hikmah,1,2,positive
klo ok sya lg,3,4,positive
aplikasi bermanfaat,5,1,positive
bgs banget aplikasi,3,-3,negative
tesss,5,0,neutral
berguna membangun karier persahabatan,4,9,positive
result,5,0,neutral
terimakasih membantu,4,9,positive
asiaap,5,0,neutral
halo kabar,4,3,positive
,1,0,neutral
mencoba,5,0,neutral
bagus membantumenambah teman dunia,5,3,positive
lengkap membantu,5,6,positive
mengerti,1,2,positive
bintang klu bagus aq bointag,3,2,positive
hot film,5,-4,negative
info bermanfaat,5,2,positive
kasi bintang,5,-3,negative
memudahkan,5,3,positive
mudahmudahan suksus,5,0,neutral
coba kalo bagus d kash lgi,2,4,positive
manfaat nya km,4,5,positive
tes,5,0,neutral
test,4,0,neutral
bener ga nyadap sms,1,3,positive
dfi,4,0,neutral
sip,1,0,neutral
ok tes,4,4,positive
good performance,4,5,positive
coba,4,2,positive
irsya,1,0,neutral
tolong admin perbaiki post gagal jaringan full kecewa tolong diperbaiki mohon apps membantu saudara yg membutuhkan terimakasih,1,16,positive
mengerti,5,2,positive
gua kasih nilai,2,4,positive
gak ad,5,0,neutral
telek,5,0,neutral
zhendy styawan,5,0,neutral
sib,5,0,neutral
adi,5,2,positive
mantap aplikasih,5,5,positive
pakai,5,0,neutral
pengecekan berhasil canggih,5,3,positive
lansung penuhkan udah kukasih bintang udah kukasih kau doakanlah biar mendownload minecraft pe gratis,5,5,positive
aplikasi bagusbuntuk bermain ml rank,1,-4,negative
coba kalo baguss full bintang ny,1,2,positive
sdh x jam login tdk login smentara tdk diaktifkan linkedln tolong diaktifkan sdh kali ganti password mohon utk direspon makasih,1,12,positive
biaya kulia stikes abi pertahun,5,2,positive
mohon info loker linkedln filter kebenarannya pengguna nyaman pencari pekerjaan aplikasi semoga aplikasi dikembangkan terima kasih sukses,4,6,positive
oky magdalena,2,0,neutral
aplikasinya bagusss mantappp cari loker,5,-3,negative
apk puri,3,0,neutral
kerja keras fokus kedepan hidup hidup,5,9,positive
aplikasi gak,1,-4,negative
kassa men,5,0,neutral
kasih bintang karan download gak tau gimana isinya,1,-2,negative
sy kasih nanty klw bnr sy ksh bintang,3,2,positive
memberikn informasi yg sangt bermanfaat dn,5,7,positive
coba,2,2,positive
bagu,5,0,neutral
cobaa,4,0,neutral
terbantu,5,0,neutral
go,4,0,neutral
bagus,3,2,positive
simotok,5,0,neutral
mbuh,5,0,neutral
a link to connect,5,0,neutral
bagus utk menambah jaringan,5,8,positive
aplikasi jejang karir,5,-4,negative
join,4,1,positive
yaa klo dah dpt kerjaan yg sesuai dg kriteria suami sy kasih,2,4,positive
gijil,1,0,neutral
pt tor ganda staff keuangan pengalaman organisasi individu kelompok,5,-3,negative
y tf this apps be on my phone,1,0,neutral
asyekkkkk,5,0,neutral
dear linkedin tolong berantas lowongan palsu masak sekelas linkedin lowongan gak resmi official lho lowongan bohongan gak malu,2,11,positive
bantu yaatrmkasi,5,3,positive
helpfull thank,5,4,positive
apl,5,0,neutral
nambah wawasan rekan teman,4,4,positive
ribet msu masup ny,1,-4,negative
oke muda mudahan bagus,5,3,positive
moga mitra bagus,4,5,positive
cobaa dulubagus kasih bintang,3,2,positive
tes,3,0,neutral
berjuangterus,5,0,neutral
membantu trimakasih,1,8,positive
mbar ff yuk,5,4,positive
terima kasih membantu,5,8,positive
good for search job,5,5,positive
aq coba z,3,2,positive
ngetes ni sebenar nya,1,0,neutral
kaloe emang best entar,2,0,neutral
tampilan manual blom otomatis,2,4,positive
siip,4,0,neutral
ok sip,5,4,positive
oce oce,5,0,neutral
li,5,0,neutral
selamat suci maaf besarnya,1,11,positive
semoga sukses,5,3,positive
bahasa jawa pentingkarena bahasa khas budaya jaga lestarikan,4,-2,negative
sayah kehidupan dunia,5,1,positive
sungguh,3,4,positive
oke boss,5,2,positive
ok baanget deh,5,4,positive
bagus kreatif,4,6,positive
good apps,5,5,positive
aplikasi linkedin jdi gampang cari kode,3,-6,negative
bintang krn blm dicoba klu bagus nnti ditambah bintangnya,3,4,positive
mantapppppp,5,0,neutral
allahuakbar,5,0,neutral
,3,0,neutral
aplikasi sgt membantu zc,5,0,neutral
bermanfaat memudahkan informasi lowongan kerja akurat,5,12,positive
simple and easy,5,3,positive
insyaallah membantu,5,6,positive
mantap,5,5,positive
bagus boss,5,2,positive
oke banget,5,3,positive
nice share your job,5,4,positive
okk,5,0,neutral
suka aplikasi,1,-1,negative
bagua,5,0,neutral
mantap infonya,5,5,positive
mencari pekerjaan,5,0,neutral
supervisor cvbintan harapan,4,0,neutral
susah d uninstall,1,-3,negative
byk pembajak email,2,0,neutral
lulusan s teknik mesin usu cargill tropical palm production supervisor pengalaman posistif perusahaan,5,1,positive
,5,0,neutral
puas,3,3,positive
be the best,5,0,neutral
relasi bisnis,5,6,positive
senang aplikasinya bermanfaat,5,10,positive
,4,0,neutral
lumayan bagus,2,3,positive
semoga posisi,5,0,neutral
terbantu mempromosikan corporate ami,5,3,positive
suka aplikasi linkedln,1,-1,negative
kereen,4,0,neutral
be the good,5,5,positive
very very very good,5,5,positive
lumyan membantu pencari kerja,5,6,positive
dlm,5,0,neutral
ya suka,4,7,positive
bagus mesti blm membuktikan,5,-5,negative
nyobain,2,0,neutral
tolong update loker pisahkan,4,3,positive
semoga ber inovasi,3,4,positive
good aplication,5,5,positive
cobabulu,1,0,neutral
mantav,5,0,neutral
joss silaturahmi,1,0,neutral
fahrulrozi tamat kuliah universitas sumatera utara fakultas ilmu sosial ilmu politik jurusan administrasi bisnis asurance bni life bancassurance spesialys pic asm area banda aceh pt propan raya icc kick koun area banda aceh sigli bernuan meulaboh pt mayora head office area lhokseumawe,5,16,positive
its really very good,5,5,positive
seeep,5,0,neutral
in,5,0,neutral
kah,2,0,neutral
,5,0,neutral
okeeeeeee,3,0,neutral
link id,4,0,neutral
bagus tingkatkan sllu update linkendin nya,5,2,positive
oke,5,2,positive
membantu aplikasi,5,0,neutral
job apl,4,0,neutral
of course,5,0,neutral
not bad,4,-4,negative
suka dukanyasemua jalannyasemoga ladang pahala,4,1,positive
semoga partner,5,0,neutral
god job,5,0,neutral
semoga bermampaat membantu mengembangkan bisnis,5,7,positive
foo,5,0,neutral
god job,4,0,neutral
nice,5,4,positive
sy buka aplikasi membantu terhubung orang dunia hebat unggul,5,4,positive
wakil ketua dprd abes sd,5,0,neutral
bagus membanhun jaringan,5,5,positive
goods,5,0,neutral
wou,5,0,neutral
tuban,3,0,neutral
duh,1,-4,negative
perkeren,2,0,neutral
goid,4,0,neutral
nnti klw bagus tmbahi lgi,2,2,positive
good membantu,5,9,positive
pemula bagus bintang,3,2,positive
aplks brengsek,1,-5,negative
membantu bngt,5,4,positive
manfaat nambah silaturahmi,4,5,positive
aplikasi g g masuk bikin habis kuota ja lu,1,-6,negative
aplikasi gunanya ya,1,0,neutral
okeh,5,0,neutral
suka,5,3,positive
harap trim,4,3,positive
sip,3,0,neutral
gagal mulu,1,-2,negative
dicoba broo,4,2,positive
to be good better,5,7,positive
for job,5,0,neutral
it may connect to my network,4,0,neutral
coba mengupdate ya perubahan,5,10,positive
hubungkan perangkat aplikasi android terhubung ponsel terhubung akun facebook boss ku,5,-4,negative
load forever,2,0,neutral
,2,0,neutral
good for new job,5,5,positive
,5,0,neutral
pegawai swasta,1,3,positive
buang iklan hp,5,-3,negative
cocok dicapai berjalan cepat,5,7,positive
maksa bgt,1,-5,negative
perna,5,0,neutral
bagus tpi kasih klau bnar mantap asli trus langkahnya tdak sulit kasih,4,13,positive
gool,5,0,neutral
mantaptapi tingkatkan jaringan sayasupaya cepat dgn anggota linkedin,5,3,positive
monyet,5,-3,negative
bagus lancar,5,6,positive
informasi loker relasi yg dapatkan,5,7,positive
berkelas,5,0,neutral
memposting loker bohong merugi jutaan kerja aplikasinya,1,-8,negative
i like be the aplicasion,5,0,neutral
parmank bocah,3,0,neutral
lamaran terkirim mentok harap tunggu sampe seharian tunggu terkirim statusnya harap tunggu,1,4,positive
namanya aplikasi kekurangan fan klebihan urusan kerja diatas mausia berusaha allah menentukan terima kasih ass wr wb,5,7,positive
nyoba,3,0,neutral
i feel unhappy because i cant log in even though i already have an account,1,0,neutral
mantap membantu,5,9,positive
aplikasi tai aja langkah keamanan gak berguna bikin aplikasi huuu goblok,1,-8,negative
kasih bintang,5,2,positive
nganggur,1,-3,negative
teramat membantuthanks,5,0,neutral
aplikasi,5,-4,negative
tambahkan fitur live stream mantap ditunggu updatetan terbarunya,4,10,positive
perkebunan kelapa sawit pma pt rea kaltim plantations group owner london inggris jabatan askep estate tepian,5,0,neutral
bagus,5,2,positive
bagus aja,4,3,positive
anak,5,-3,negative
membantu mencari kerja,5,3,positive
sebenernya loker cuman info doang,2,-1,negative
planet,5,0,neutral
kasih,4,2,positive
membantu menjalan bisnis,5,7,positive
aplikasi gk mutu tai,1,-6,negative
jelek bgt,1,-5,negative
try furst,4,0,neutral
membantu membentuk jaringan bisnis informasi dunia,5,13,positive
lumayan,4,1,positive
gabung,3,-5,negative
diupdate,1,0,neutral
kasih bintang,5,2,positive
donwload nya,1,0,neutral
mantaf,4,0,neutral
tunggu ditambah bintangnya,4,1,positive
dlu coba,4,2,positive
,5,0,neutral
ok pas bangetsangat optimal,5,7,positive
mantap sngt mmnbtu pertemukan arng yg tdk knl jdi teman,5,5,positive
cook banquet,5,0,neutral
aduuhh plisss recaptha robot apaanaku uda bener masukin sandi nyakenapa d persulit sih,1,3,positive
film prima judul jampang,5,6,positive
no comment,5,0,neutral
opertor batch palnt pt prafik musi gemilang operator batch plant ptholland ballast thiess join operation operator batch plant ptagro bintang cecker material ptleighton contractors indonesia projeck ccdt cikampek cirebon ouble track sigmen tekhnisi labbeton lapangan ptunggul beton remikon operator wheel loader ptpionir beton,5,0,neutral
yups,5,0,neutral
informasi komunikasi dipisahkan sosmed semoga,5,4,positive
ankut barang bahan bagunan,5,-3,negative
klo bgus bintang ok,3,4,positive
tolong utk loker,5,3,positive
mudah mudahan mendukung performa kerja hp,4,7,positive
ok punyaa,5,4,positive
bagus keren sangatbagus,5,2,positive
,2,0,neutral
ok joss,4,4,positive
sngt suka,5,3,positive
sih aplikasi jd wajib d samsung berguna hapus,1,-4,negative
note,5,0,neutral
,4,0,neutral
i do not like this app,2,0,neutral
kerjasamanya,4,0,neutral
lihat coba aplikasi dlo,3,1,positive
membantu cari loker kerja,5,3,positive
bagus yg sampaikanmenurutku,5,2,positive
aplikasi bagustapi muncul kesalahan tolong abaikan apdet koneksi sayatrims,1,-5,negative
sy kasih bintang dlu bagus sy genep in bagus sy in tolong d bener in aplikasinya bagus,4,14,positive
bintang,5,0,neutral
sy kasih klo ok sy ksih smua,3,6,positive
ya email masuk tulisan nya nonaktif linkedinpdhl email aktiftolong bantuan nya,4,1,positive
bermanfaat aplikasinyamembuat jaringan mudahmemudahkan mencari lowongan pekerjaan,5,8,positive
,5,0,neutral
ux,3,0,neutral
no coment baguzzzz,5,0,neutral
membantu pekerjaan,5,7,positive
okey,2,0,neutral
aj,1,0,neutral
dulue nantik emang sukses aq,4,3,positive
perbaikanuntuk menunjang fungsinya,2,-3,negative
,5,0,neutral
membantu bagus,5,6,positive
mantab,3,0,neutral
yusuf ganteng,1,4,positive
sy coba dlu,3,2,positive
oi baa ko aplikasi aa lo ko buruak bana dak buka,1,-1,negative
gogood,5,0,neutral
semoga beruntung,5,4,positive
ruqyah,5,0,neutral
asik info mambagun liat perkembangan biar buntang,3,2,positive
excellent,5,0,neutral
mall boemi kedaton lampung,5,0,neutral
lh,5,0,neutral
like this,5,0,neutral
coba,3,2,positive
rusdi boneka,5,0,neutral
suka banget,5,4,positive
good application,5,5,positive
ol,4,0,neutral
mantul,5,0,neutral
subhanallah,5,0,neutral
whatsap,5,0,neutral
mecoba,2,0,neutral
indonesia,5,0,neutral
memperluas network share knowledge,5,0,neutral
bismillahi,3,0,neutral
mantulll,5,0,neutral
ok mantab,5,4,positive
kasi pencari kandidatoke d skebanyakan pintanah kali modal pengalaman manaitu membantu bayak teorismk contohkalo merwka pengalaman kenapaharus sampe diplomatyah ajabuat pembuka lowongankebanyakan php,5,3,positive
tau,3,-4,negative
mencoba aja,3,1,positive
aplkasi bagus,5,2,positive
bisnis bidang kerajinan tangan bambu kayu,5,1,positive
keren banget dahtopppppp,5,1,positive
please increase the number of job openings in the application advice must be even tighter due to the many fraudulent company in the application,3,-3,negative
ga masuk,2,-3,negative
memudahkan usahawan pencari kerja,5,5,positive
detil maksimal,5,3,positive
bintang ya coal nya q udah bpak,2,4,positive
seru,3,5,positive
makasi abdet memperbaharui lancer bintang,5,0,neutral
menutup account memverifikasi kebenaran account pelanggaran upload yg terlarang policy aplikasi promosi market pengaruh quality guaranty,1,-4,negative
wow,5,0,neutral
bermanfàat,5,0,neutral
yes mantap,5,8,positive
goods,5,0,neutral
good app i hope i can find a good job here,5,10,positive
bagus,4,2,positive
blm ngerti gmn pake nya tank,3,1,positive
kemarin datangin lowongan kerja yg linkedln pas didatangi kantor calo bsa menyalurkan membayar uang jt setujui mbayar butuh pekerjaan menganggur kasih pekerjaan dijanjikan sesuai domisili yg ditawari kerjaan yg diluar domisili berbeda perjanjian awaldan yg tercantum diiklan linkedln nya,1,2,positive
well app,5,0,neutral
pekerjaan aplikasi ininamun bs menambah koneksi pastinya berguna,4,9,positive
aplikasi lawas,5,-3,negative
informasi lowongan pekerjaan informasi,5,7,positive
smg bermanfaat,5,5,positive
bongak,1,-5,negative
good very helpful please make it more improve again in the future thank you so much,5,6,positive
great,4,3,positive
greaatt,5,0,neutral
ku,4,0,neutral
aplikasi yg keren lihat kerjaan negeri,4,1,positive
bagus bermanpaat,5,2,positive
pengembng rakus kelaut aja low x gagal,1,-3,negative
trimakasi linkedln membantu,5,4,positive
bagus membangun jaringan,5,5,positive
kasih bintang lihat,4,5,positive
pokoke mantaazazaaaaaaappp,5,0,neutral
joss,4,0,neutral
semoga pekerjaan terbaik,5,8,positive
tes,5,0,neutral
menjalani hdup bkn apanya,3,0,neutral
pulihkan aplikasi akun mail prangkat yg terhubung,5,-4,negative
susah log in nya,2,-3,negative
hay,5,1,positive
aj,5,0,neutral
,4,0,neutral
menambah wawasan pengalaman berbagi informasi perihal pekerjaan,5,12,positive
ya coba nh,4,6,positive
mantap sagat detail peluwang kerja,5,9,positive
coba,5,2,positive
mantab,5,0,neutral
selamat bergabung,4,1,positive
iping,5,0,neutral
yuo,3,0,neutral
mudah berkarir,5,4,positive
top markotop video yg dishare dpt download trim,4,5,positive
operasional,5,0,neutral
good apl,5,5,positive
,4,0,neutral
bagus relevan,5,2,positive
profesional solid surface tangerang indonesia,5,0,neutral
biar lbih pinta hp nya,5,1,positive
beautiful beautiful,5,0,neutral
matap,5,0,neutral
pip supervisor,5,0,neutral
professional be linkedln,5,0,neutral
aplikasi ok,5,0,neutral
aplikasi bagus,5,-2,negative
success,5,0,neutral
wuuss wussss,5,0,neutral
status informasi,5,2,positive
cakep,5,5,positive
bagus,3,2,positive
bagus membantu,4,6,positive
,2,0,neutral
linkedln sy ngga buka solusi y,4,4,positive
teknikal manager factory,5,0,neutral
ksih,5,0,neutral
aplikasi nih ngabisin kuota doank ga masuksumpah kecewa,1,-6,negative
baguuuuus,5,0,neutral
jancok berterima kasih aplikasi,5,-5,negative
vendor pttpse pembuatan part part tankvessel assemble tank standard,3,0,neutral
mantap banget membantu segalannya,5,10,positive
mudah mudahan kelancarannya amiiiin,5,5,positive
gg mmbantu,1,0,neutral
buka langsung install,1,6,positive
ok la,5,4,positive
aplikasi tai kaga gunakang goblok udah login aja katasndi aplikadi ai tai snjing,1,-18,negative
kenalan,5,0,neutral
bismillah,5,4,positive
daftar login mulu app,1,3,positive
ok tank,4,4,positive
hang fee hilang,3,3,positive
keren membantu,5,4,positive
,5,0,neutral
coba ya bagus,3,8,positive
sephh,4,0,neutral
suka aplikasi linkendln,4,-1,negative
,4,0,neutral
belom,5,1,positive
pembaharuan mulu,1,2,positive
good,5,5,positive
uuf,5,0,neutral
baguus,5,0,neutral
berani tampil,5,1,positive
siipppp,5,0,neutral
mantap apk nya,5,5,positive
mabii,5,0,neutral
a gs h,5,0,neutral
yoba,4,0,neutral
lambat mendownloadnya,3,1,positive
ni,5,0,neutral
membantu proud,5,9,positive
quick n fast response,5,0,neutral
etc,3,0,neutral
coba bagus next bintang,3,2,positive
tas dlu klo bagus entar ditambah,4,2,positive
nice for exploration and mine information,5,4,positive
bokep jepang,5,-5,negative
membantu dlm mencari kerja,5,3,positive
blm dicoba jd blm,1,2,positive
sherly,5,0,neutral
dounlod gak,1,0,neutral
blok,1,0,neutral
baguslah,5,0,neutral
conecting people,5,0,neutral
berlutut didepan mahat magandihe,5,-2,negative
kasih mudahan julo membantu renovasi rumah,3,14,positive
bagus jujur profilnya,5,6,positive
smoga membantu,5,4,positive
bermanfaat informasinya,5,7,positive
dasar z zx,2,0,neutral
ya,2,4,positive
hay adminmoderator thank for your attention to my complaint why i cant to access linkedin but as my connection be so well i hope youre fix that thank,1,7,positive
mempermudah mencari pengalaman pekerjaan memperbanyak teman,5,-1,negative
mntul,3,0,neutral
good luck,5,9,positive
asisten maintenance supervesor mekanikal enginering,5,0,neutral
blm nyobav,5,0,neutral
kabar gembira solusi keharmonisan pasutri masyarakat kota bandar lampung klinik pengobatan alternatif bpk abdul azis asing keahlianya pengobatan keperkasaan pria jantan keluhan obati melayani keluhan pria wanitabagi yangkurangjantan seputar alat vital solusinya klinik pengobatan bpk abdul azisbagi pria memiliki ukuran penis panjanganda menentukan lingk,5,1,positive
menyimak,5,0,neutral
sungguh bagus,5,6,positive
terima kasih linkedin membantu pekerjaan sesuai alhamdulillah perusahaan yg ternama,5,22,positive
exelence,5,0,neutral
edukatif and informatif siiip,5,0,neutral
i think this be place who care important about job,5,2,positive
ribet,2,-4,negative
good for refrence,5,5,positive
ga d buka yh,3,3,positive
info lowongan kerja,5,-1,negative
ribet linkedln masuk susah paswod udh,1,-10,negative
property,5,0,neutral
membantu,5,4,positive
bagus sich kemarin post yg berguna yg aneh,5,11,positive
bagus,5,2,positive
pengelasan,5,0,neutral
good idea,5,5,positive
operator,5,0,neutral
sati kalo udah pekerjaan gua kasih bintang dah,1,-1,negative
ok,5,4,positive
bissmillah,4,0,neutral
aplikasi linkedin bintang membantu sukses,5,3,positive
dicoba asik kaga aplikasi oke linkadln,2,4,positive
tes dlu,5,0,neutral
membantu mengakses web linken,5,4,positive
linkedin ku tulisan china ya update store playstore ya akhcoba nonaktifkan hapus versi model ga,5,8,positive
pemula,3,0,neutral
mantap membantu,5,9,positive
semoga memberiku kerjaan servis kompor gas,3,-3,negative
mantapp,5,0,neutral
sederhana aja,2,4,positive
pemenang terkalahkan,4,3,positive
oky,5,0,neutral
thr your program,4,0,neutral
bali,5,0,neutral
linkedin mantap deh,4,5,positive
lumayan bagis,2,1,positive
coba,3,2,positive
mengenal luas,2,4,positive
godd,5,0,neutral
perfectg,5,0,neutral
membantu,5,4,positive
mencari teman banyaknya,4,0,neutral
keren,5,0,neutral
bagus membangun jaringan,5,5,positive
linkedin applikasi tercepat,5,0,neutral
coba bagus gk ny,5,4,positive
tetew,5,0,neutral
belajar,4,3,positive
easy to use good for search any job,5,5,positive
good social media,5,5,positive
i can find new job by linkedln,4,0,neutral
blokir,1,-3,negative
bagus bgt ktm tmn info loker jdi mudah,4,3,positive
pelayanan bagus berguna market,5,10,positive
tapmantap,5,0,neutral
terkesan informasi yg didalamnya,5,2,positive
good jobbaru nyoba,3,5,positive
bs yg sy cari,1,-3,negative
coment sm translate ya yg muncul beranda,1,6,positive
huff,4,0,neutral
ok dehhnya in linkedln ok lh,3,8,positive
nnib,5,0,neutral
aja ntar dapet pekerjaan ku tambahin,3,6,positive
nyobain,3,0,neutral
yg berkerja linkedln info nya ya gansist,2,1,positive
i love it,5,5,positive
mudahan memuaskan,4,6,positive
info akurat terima kasih linkedin,5,1,positive
susah masuk nya,1,-6,negative
nya linkedin membantu bianis,4,4,positive
coba dlu,3,2,positive
good application for next generation,4,3,positive
percobaan,2,0,neutral
trima kasih,5,3,positive
xxuç,2,0,neutral
super,5,3,positive
membantu promosi,5,4,positive
berkommunikasi teman,5,0,neutral
membantu mencari kerja,3,3,positive
membangun relationship bidang profesi pekerjaan,5,3,positive
expert,5,0,neutral
,3,0,neutral
nnti ksh klw uda bgus,2,0,neutral
tolong difilter lowongan kerja yg tolong lihat detail perusahaan check kebenaranya akhirakhir marak penipuan oknum bertanggung memasang rekomendasi link in job search mengalami tertipu,2,20,positive
kalo sy cari lowongan pekerjaan lihatnya,3,0,neutral
oky,1,0,neutral
aplikasi d update up date kalah minum obat,1,-14,negative
suka sulit masuk,5,0,neutral
suka banget,5,4,positive
mantabbb,5,0,neutral
goodis,5,0,neutral
never give up,5,0,neutral
manntap,5,0,neutral
berharga,5,3,positive
bagus banget kasih bintang bintang,1,5,positive
bagus mudah aplikasinya mendukung,5,6,positive
semangat berjuang,5,4,positive
aplikasih memuaskn,5,0,neutral
bagusss,5,0,neutral
aplikasih mendukung utk informasi yg akurat,4,2,positive
mantap lanjudkan,5,5,positive
kerja pt star cosmos,2,2,positive
love li,5,5,positive
nge friends,4,3,positive
coba dlu,1,2,positive
semoga membantudan tolong linkedin hapus peringatan perusaahn menipumasih perusahaan menipu dsni,5,0,neutral
mantaplah bamyak relasi,5,3,positive
senang linkedin menghubungkan frofesional hebat,4,5,positive
membantu inspiration,5,4,positive
,5,0,neutral
aplikasi khontolll,1,-4,negative
blm tai krgunaannya,4,-5,negative
terhubung,5,0,neutral
thank you linkedinaplikasi menyenangkan membantu kehidupan keluarga thank,5,20,positive
good apps,5,5,positive
appnya mantap,4,5,positive
aja,2,1,positive
smoga bermamfaat,4,0,neutral
kalah lieur,1,-7,negative
dawafh,3,0,neutral
knpa daftar gini payah ah,1,1,positive
baguss jossss,1,0,neutral
nyoba,3,0,neutral
goodgoodgood,5,0,neutral
bergabung orang,5,-4,negative
,2,0,neutral
pengalaman pengawas lapagan produksi,5,2,positive
soezar,5,0,neutral
cba,1,0,neutral
dlu,2,0,neutral
mudah fitur,5,4,positive
ya membantu,3,8,positive
tambahkan tks,3,0,neutral
l like,5,0,neutral
kasih,2,2,positive
bysa bysa,1,0,neutral
its good,5,5,positive
keren,2,0,neutral
nanya namax cari kerjaan nganggur,1,-5,negative
anggota profesional tugas pekerjaannya terbuka membantu menangani,4,3,positive
pengalaman,4,2,positive
idont know whats fiil,3,0,neutral
karna blm manfaatnya,2,3,positive
i love you sheikh hamdan,5,5,positive
bintang dulumoga amanah yg kuat,4,7,positive
berguna,1,5,positive
cinta,5,3,positive
pakai setelahnyamoga manfaat,4,5,positive
nyoba dl,4,0,neutral
mudah terhubung,5,4,positive
,5,0,neutral
no pain no gain,5,0,neutral
coba ya,4,6,positive
dlu,4,0,neutral
good jop,5,5,positive
busuk,1,-5,negative
maksa pembaharuan,1,-5,negative
r bokep,5,-5,negative
bgus,1,0,neutral
klinik pengobatan alternatif bpk abdul azismelayani keluhan pria wanitabagi jantan seputar alat vital solusinya klinik pengobatan bpk abdul azisbagi pria memiliki ukuran penis panjanganda menentukan lingkaran cm cm cmpanjang cm cm cm cm cmdan hasilnya permanen dijamin aman efek sampingmetode pengobatannya diurut alami ramuan tradisional herbal bantu doa,5,3,positive
wre pengairan brawijaya supervisi tol road,3,0,neutral
bagus aplikasi,5,-2,negative
gak tau gunanya,5,-4,negative
seru,5,5,positive
quality control laboratory,5,0,neutral
mo,5,0,neutral
best news work,5,0,neutral
jgn lupa tanggal april pilih prabowo sandiaga salahudin uno,5,-5,negative
bintang,4,0,neutral
tesssterrrr,3,0,neutral
jdi mantul mantep,4,0,neutral
sy pedagang kaki gimana spy dagangan sy laris,3,0,neutral
coba ya kasih bintang,3,8,positive
m,3,0,neutral
menambah relasi silaturrahmi,2,6,positive
semoga mantap,3,5,positive
bagus,5,2,positive
aplikasi,1,-4,negative
setijuhui,5,0,neutral
aplikasi yg bermanfaat dunia kerja keep it up,4,4,positive
tau dpt kerja disiniaminnn,3,-2,negative
mencari job,4,-3,negative
good apps i like it,5,5,positive
lowongan pekerjaan hr,3,3,positive
kirim barang wahana express wonoayu aja,5,3,positive
aja yaa,4,1,positive
link ok,5,4,positive
entar ditambah kl bagus,3,2,positive
coba,2,2,positive
coba dlu,3,2,positive
saye kasi ntar kalok udah saye tes lancar maksimal gue tambahin okey good nice,3,13,positive
,2,0,neutral
oke oje deh,5,2,positive
lumayan simple menarik mna lowongan kerja amin,5,13,positive
mbohlah bingung,3,0,neutral
okee,3,0,neutral
lumayan bagus kenal broker negeri,5,3,positive
dicoba duluthankss,4,2,positive
nambah bintangx,2,0,neutral
cb bintang dl kl ok br bintang y br psng apl,1,4,positive
sllu kalah inggin merasakan kemenangan,5,-4,negative
,3,0,neutral
memasang foto profil,2,3,positive
learner,5,0,neutral
membantu aktivitas kenerja,2,4,positive
hei shbt smualam kenal,3,3,positive
mahasiswi,5,0,neutral
coba dlu ya,2,6,positive
elok,5,0,neutral
keren terhubung,5,0,neutral
maek,5,0,neutral
proyek konstruksi baja desain besi,4,4,positive
ox semoga tambh ilmu,5,4,positive
dear linkedin team please upgrade linkedin cv template i hope that can realize,5,0,neutral
bagud,5,0,neutral
hebat mantap,5,5,positive
aq iso ketemu konco lawas neg kene,5,6,positive
tai gak uninstal,1,-5,negative
be okey,5,0,neutral
sanggat sukaa,5,0,neutral
ssuuiho,5,0,neutral
membantu mencari pekerjaan,5,4,positive
media interaktif yg mamadai era glabalisasi,5,0,neutral
appnini bagus bnget mnjadi jmbatan pengebang,5,2,positive
bagusterima kasih,5,2,positive
inoget,5,0,neutral
semoga bermanfaat orang gak login,3,5,positive
bintang duluy gak upload foto size y kecilkan,2,4,positive
bintang,1,0,neutral
gk daftarpun mengecewakan,1,-3,negative
aplikasi mendukung menakses informàsi aplikasi,4,-8,negative
segini aj ntr klw bgus aq kasih,3,2,positive
kasih,3,2,positive
dusta dihatimu,5,0,neutral
bagus menjalin relationship worker and business,5,2,positive
bagus bagett,5,2,positive
pnglmn,3,0,neutral
berbisnis,5,0,neutral
bug,1,0,neutral
ja,5,0,neutral
wonderfulyes,5,0,neutral
kg ĺ mm,1,0,neutral
good job,4,5,positive
apk ngentot stupit,1,0,neutral
membantu informasi lowongan peluang kerja org,5,8,positive
coba,2,2,positive
linkedln semoga bermanfaat,4,5,positive
pomade herbal merk gloss,4,2,positive
perna,5,0,neutral
moleklah,3,0,neutral
daftardbcncomidbisnisokermaryaulfah,5,0,neutral
mencoba bagus,5,2,positive
ganti akun ig,5,3,positive
jual beli,3,3,positive
gabisa login bos,2,3,positive
,5,0,neutral
menambah relasi kerja,5,8,positive
no komint,1,0,neutral
instal membutuhkan info kerja perusahaan,5,2,positive
good helpfull,5,5,positive
untk silaturrahim,5,0,neutral
good application,5,5,positive
akun google bersifat publik,5,0,neutral
why i cant download,5,-2,negative
pelaut indonesia,5,0,neutral
senang,5,5,positive
aplikasi semoga bermanfaat,5,1,positive
bagus bermanfaat,5,7,positive
oke banget,4,3,positive
maju cepat,5,3,positive
,4,0,neutral
mantap utk membantu,3,9,positive
wa,5,0,neutral
d coba,5,2,positive
bismillah,4,4,positive
kenal orangsemoga,5,3,positive
menjalin persaudaraan,4,0,neutral
linkedln yg terbaik diprofesi kerja,5,7,positive
mencoba,3,0,neutral
siip,3,0,neutral
kontruksi sipi kontruksi baja,5,0,neutral
mempermudah pertemanan,5,-3,negative
sanggat membantu jaringan persaudaraanand bisnis,5,10,positive
membantu,5,4,positive
lovely,5,0,neutral
mantapsangat membantu,5,4,positive
menarik moderen,5,4,positive
by ok,5,4,positive
ga daftar tulisanya gagal mulu sinyal g,1,-1,negative
lengkap,5,2,positive
kagak login,1,-3,negative
kayak,1,-3,negative
ling,4,0,neutral
bagus utk karier,4,2,positive
susah nihh,1,-6,negative
sy bergabung dgn in linkedlnterimakasi,5,-4,negative
bagus masuk putar puter gak login payah aplikasi ya,1,-1,negative
terbalik,5,0,neutral
joba,5,0,neutral
mudah mudahan membantu,4,9,positive
,5,0,neutral
memperluas nettwork,4,0,neutral
good comunication,5,5,positive
ok good,4,9,positive
cant open,1,-3,negative
yanto,5,0,neutral
lanjutkan pahami,5,1,positive
mantap surantap top markotop,5,10,positive
wish you get better and better,5,4,positive
aplikasinya bermutu,1,3,positive
mencoba,5,0,neutral
produsen spandek pasir,5,0,neutral
gak ngerti tpi bintang aja lgsung hahaha,5,2,positive
,4,0,neutral
membantu bagibyg membuthkan unt berbagi informasi menjalin kerja,4,10,positive
josh,5,0,neutral
good application connect people in the word you dont need meet your friend just open this application know everything,5,2,positive
good job,5,5,positive
lumayan,2,1,positive
update liat profil status fee,3,2,positive
massining,5,0,neutral
udh terĺalu bgs nich aplikasi gguna y utk penggaguran yg yg lulusan menggetahui dunia tuch,4,-3,negative
pt so good food,5,5,positive
pok oke oke,5,4,positive
membantu terima kasih,4,8,positive
best app,5,0,neutral
melmar kerja mastpi mna hrus ngantr lmran nya,5,2,positive
membantu dlm pekerjaan trmksh,5,7,positive
login daftar gak tolong perpajakannya,2,4,positive
very excelent to find any information for seafarers job,5,0,neutral
yui,5,0,neutral
ok siiip,3,4,positive
menambah wawasan,4,3,positive
bagus cari pekerjaan,5,2,positive
like,4,0,neutral
rf telecomunication vsat,4,0,neutral
foreveer,5,0,neutral
gua loe bintang,5,-3,negative
mmmm,2,0,neutral
porno ama hewan,1,-5,negative
moga mnfaat,5,1,positive
positif bermanfaat menjangkau informasi relasi,4,14,positive
ngit,5,0,neutral
how not try,4,0,neutral
bitlymaxtube,5,0,neutral
good job for us,5,5,positive
sangatmembantu,5,0,neutral
bintang tau manfaatnya,2,-1,negative
good aplication and service,5,5,positive
bagus aplikasinya,5,2,positive
psbu,5,0,neutral
teka teki sila,1,1,positive
jos pokoke,5,0,neutral
servis elektro kipaskomporsanyomejikommesin cucidlk,4,3,positive
always correc abaut data,4,-3,negative
ntaps,4,0,neutral
coba,1,2,positive
good must be better from before,5,7,positive
tank very much,5,0,neutral
humas ofrator exsavator,5,0,neutral
apl hubungan luas,5,3,positive
excellent,4,0,neutral
i have some problem with mobile version cannt open any update or check who accept my invitation,1,-6,negative
login kali susah jaringan jelek taunya nggak isi biodata appnya membantu,2,2,positive
cant sign up why,2,-2,negative
menjabat supervisor perusahaan mewa fod,5,3,positive
membantudan berbagi pekerjaan,5,5,positive
lihat,2,3,positive
ok bgt,5,4,positive
sippp,5,0,neutral
ok good aplication,5,9,positive
salah aplikasi sosial terbaik,5,1,positive
membantu terkait pekerjaan,5,4,positive
suka x,5,3,positive
hebat,5,0,neutral
main bola ps ade da n manang pertandingannya,5,2,positive
toop,3,0,neutral
lo,5,0,neutral
membantu berinteraksi dlm bisnis mencari info lowongan pekerjaa,4,1,positive
trial,5,0,neutral
mantap jaringan profesional mudah,4,12,positive
bintang duluklu bagus kasih bintang,3,4,positive
ko gua gabisa masuk sih,1,-6,negative
hb nn ubb ya d u hu u mmi,4,4,positive
ko nggak log in diaplikasi yah,1,1,positive
puas apliksi terimakasih,3,8,positive
bermanfaat,4,5,positive
membantu informasi peluang kerjathenks,5,6,positive
kerennn,5,0,neutral
cepat membantu sy jasa profesional,5,11,positive
sgt bgus m mebantu job yg sesuai dgn keahlian yg kt very good hen hau yung,5,11,positive
linkedin,5,0,neutral
login dpt bacaan pengguna challenge ya,5,7,positive
fil,5,0,neutral
aplikasi good membantu,5,5,positive
coba menarik,5,6,positive
informasi tangkap membantu perancangan,4,3,positive
mo coba,5,2,positive
semoga sllu info kabar terbaru,3,3,positive
nice app,5,4,positive
semoga bermanfaat,5,5,positive
nyaman linkedln koneksi tantangan percaya mempromosikan semoga kedepannya,5,11,positive
verry good,5,5,positive
berpetualang,2,0,neutral
terimaksi partivasinya,1,0,neutral
kasih bintang,3,2,positive
coba dlu,1,2,positive
aplikasi penipuan lowongan kerja mohon waspada,1,3,positive
sgt bgs nimbrung linkedin moga peluang yg,5,1,positive
mantaff top joosss,5,5,positive
belajar menambah pengalaman mengikuti kemajuan tehnologi masadepan,5,11,positive
ga update jd ga bsa kebuka,1,0,neutral
siplah,5,0,neutral
siip joos,5,0,neutral
great,5,3,positive
luas akun linkedln,5,3,positive
mechanical,5,0,neutral
bidang penerbitan bukubuku sospol,5,0,neutral
pengelaman,5,0,neutral
linkeldn memudahkan menjalin relasi informasi global,5,8,positive
lumayancukup membantu,3,4,positive
pt pkss,5,0,neutral
menambah inspirasi,5,0,neutral
goodapps,5,0,neutral
very good,5,5,positive
linkedin applikasi professional kelas intellektual dunia global,5,-2,negative
coba klaw bgus,5,2,positive
coba,5,2,positive
kasih,5,2,positive
bagud,5,0,neutral
kasih bintang bagus ta kasih bintang,3,3,positive
be the best,3,0,neutral
keren bingit,5,-5,negative
membantu pencari kerja,5,6,positive
terima kasih,4,4,positive
,5,0,neutral
oke baguuuiiuuuuus,5,2,positive
membantu dlm pekerjaan,4,7,positive
coba aja,1,3,positive
bermanfaat utk profesional,4,5,positive
fantastic,4,0,neutral
oke deh,4,2,positive
,5,0,neutral
membantu wawasan,5,4,positive
membantu,5,4,positive
membantu mencari informasi,5,3,positive
salah menambah relasi menambah pengalaman wawasan orang orang hebat profesi berbeda beda,4,1,positive
menakjubkn,5,0,neutral
layanan,2,3,positive
aplikasi cari kerja online ya ngelamar sll gak mentok suruh hubungi wa pas hubungi wanya yayasan trus yg bilang yayasan in duit bener gimna ya info donk bro,2,-1,negative
semoga,5,0,neutral
melihatmu,5,0,neutral
menyukai,5,4,positive
bermanfaat utk membangun relasi profesi,5,8,positive
bagusasa,5,0,neutral
oke,5,2,positive
g instal,4,0,neutral
sengatsengat bagus,4,2,positive
bagus membantu iformasi kabar terbarucukup bagus good joobs,5,15,positive
coba,4,2,positive
wahsap,5,0,neutral
bintang,2,0,neutral
gambira banget kerja yank membantu,5,9,positive
okeyy,5,0,neutral
bgud,5,0,neutral
,5,0,neutral
ggod job,5,0,neutral
membantu berbagi ilmu,5,10,positive
kasih bintang yakalo bagus,4,4,positive
super,5,3,positive
aplikasi susah login,1,-7,negative
semoga lancar lolos modal terimakasih kerja samanya,3,9,positive
bagus update informasi bisnis relasi tks linkedln,5,10,positive
mantaap bertambah lg teman,5,-5,negative
bagus aja,3,3,positive
lumayan elu manyun,5,4,positive
pip project control civil site mager at asahimas project engineer at wokatuba lube oil blend plan at federal oil project civil engineer at pdsu factory pic pip project at mitsubishi chemical project,5,-4,negative
teman loker lulusan sma,5,0,neutral
solusi pengembangan pengembangan usaha,5,10,positive
ikutan bagus ajah,4,6,positive
yess noo yeessss,5,0,neutral
its verry good,5,5,positive
semoga pelayanan terimakasih,4,8,positive
bagus,2,2,positive
mbikin buku koleksi file file screenshots buku pengalaman smartphone kalinya hidupnya,5,4,positive
bermanfaat membantu,5,9,positive
pekerja keras berintegritas,5,3,positive
suka,5,3,positive
salesmen,4,0,neutral
tani,5,0,neutral
iya loh aplikasi,5,-4,negative
bagus utk kompetensi,5,5,positive
mencari teman professional,5,-3,negative
,5,0,neutral
coba klo fix kasih full star,1,4,positive
bintang duluh kasih tamba bintangx,2,2,positive
ksh yah coba,3,2,positive
keren,5,0,neutral
nyobah,3,0,neutral
baguss banget,4,1,positive
nambah sahabat yg positif,3,8,positive
good amaze,5,5,positive
brian wahyu,5,4,positive
aplikasi linkedin membantu,5,0,neutral
lumayan sih membntu,5,1,positive
coba lihat,2,5,positive
klo dapet gua kasih jempol keluargaku,4,5,positive
staf sma n tukka,5,0,neutral
terimakasih doakan berhasil,5,8,positive
oke but nojobs apply that give result for me,4,2,positive
kalo dah krja kasih bintang,5,-1,negative
bintang yaoke,2,0,neutral
coba dudu,3,2,positive
semoga berjalan sesuai dambakan thank you,5,7,positive
mengalami kesulitan mengakses bolakbalik password berhasil linkedin,3,1,positive
melamar fleksibel mudah membantu membagi menentukan peluang karir,5,8,positive
good a job,5,5,positive
memudahkan mencari pekerjaan,5,3,positive
tes tos,3,0,neutral
bersemangatpemu da ok,5,4,positive
good program,5,5,positive
i get some professional friends and some job,5,3,positive
coba deh,4,2,positive
tolong disaring job yg buka lamaran bener palsu kena tipu untung langsung tlp trus nanya perusahaannya,1,11,positive
sy sllu gk dapar orderandsisi orderan turah gk d ambilinsdangkan puya sy gk bunyi seklaliduduk hp internet samadmn kesalahan y,5,-3,negative
membantu memperbanyak tali silaturahmi,5,4,positive
still difficultly to search the job,3,0,neutral
thank to linkedlnfully helpfull to contact people and friend and find out job vacancy,5,4,positive
kepala sekolahketua relawan tingkat desa kabupatensekertaris kksketua komiteketua kppsketua yayasanketua rant ormas,3,1,positive
aplkasi yg tdk login ribet ngisi nya jg ribet g praktis eh skrng mlh non aktifkn g login dwnload prtma kali sdh sprti,1,-4,negative
,3,0,neutral
bagus,5,2,positive
pelajari kasi bintang,2,-3,negative
akun non aktif verify dgn upload ktp gagal mohon pencerahan ny,1,-3,negative
membantu info loker,4,1,positive
bagus membantu,5,6,positive
sipp,5,0,neutral
dpt kerjaan yg meninggalkan anak dirmhterima kasih linkedln,5,-3,negative
mudahn manfaat nya bwt sy,4,5,positive
dpt job aplikasi inibravo,5,-4,negative
ka whatsih be lahdak rugi,5,-5,negative
pergi rumah nenek moyang bagus mengunduh aplikasi android mas anton selamat senyum he he he,5,5,positive
mudahan dapet kerjaan bagus keluarga,5,11,positive
thank for linkedln,5,4,positive
nam,5,0,neutral
nyoba,5,0,neutral
kalo ijazah smp engak,1,0,neutral
teman,5,0,neutral
mengeluh,5,0,neutral
great apps,5,3,positive
membantu,5,4,positive
menghapus pertemanan fb,1,-4,negative
pemberitahuan notifikasi gak dibuka,1,-3,negative
aplikasi yg bagus bisnis,5,1,positive
mantap berhubungan dunia kerja,5,8,positive
butuh pekerjaan,5,-2,negative
bguss,4,0,neutral
suka,1,3,positive
coba duluya,3,2,positive
kirim foto video aplikasi,3,1,positive
ok,5,4,positive
bagus,5,2,positive
gimana ngecek angsuran difif bos,1,3,positive
bismillah semoga membantu aaamiiin,5,8,positive
coba ja,5,2,positive
s boliologi,5,0,neutral
kasih aja,4,3,positive
iklan masuk,3,-3,negative
anyink lu bangsat,1,-5,negative
dicoba,3,2,positive
anjing,5,-4,negative
mempermudah mencari lapangan pekerjaan,5,0,neutral
asu,5,0,neutral
mantap kali l,5,5,positive
t o p,5,0,neutral
membantu informasi,5,6,positive
app pokeh cok mancokan engak taeh buccok mun taoh taeh buccok ye engak aplikasi riah pokeh pokeh patek anjing,1,-5,negative
coba ya liat,5,8,positive
ya,5,4,positive
aplikasi linkedin membantu mencari pekerjaan menambah teman berbagi pengalaman,4,7,positive
aplikasinya bagus,3,2,positive
very usefull apps for professional network,5,0,neutral
kasih bintang aplikasinya bagus,3,4,positive
coba,1,2,positive
yg trbaik sllu,5,0,neutral
matapp bengatt,5,0,neutral
bagus cuman nyari kerja aja ngebangun resume menarik fitur berharap mengakses fitur fitur tolong gratis cost premium nya,5,20,positive
waoo mantpp lbh dkt silahturahmi nya dn bs menambah wawasan,5,3,positive
bagustetapterkoneksi,5,0,neutral
toppp,5,0,neutral
bertele upgrade premiumnya susah,3,-3,negative
cobak,5,0,neutral
memperbarui yowhattsap,1,0,neutral
coba,3,2,positive
pekerjaan dr ssini,1,3,positive
keren klo bintang ny sampe seribu gw nilai bintangny sampe seribu,5,5,positive
apknya okk suka,4,3,positive
kerja,5,2,positive
smntra bintang dlu,3,0,neutral
tibatiba bocor disekolah temen kelas tau malu banget,1,-8,negative
,5,0,neutral
semoga bagus,5,2,positive
semoga membantu,5,4,positive
good choice,5,5,positive
nice aplikas,5,4,positive
bagus menambah jaringan,5,8,positive
akungagal mulu gbs buatpke email google aja gmn nih,1,1,positive
bangke penipuan aplikasi,1,-4,negative
mencoba,5,0,neutral
bntang aj klo bgus bru bntang,1,0,neutral
smart,5,0,neutral
coba ya,3,6,positive
seep mantab,5,0,neutral
tes,3,0,neutral
semoga berjaya,1,4,positive
mantaaap,5,0,neutral
belajar endorse,5,3,positive
cpat gak bayak ribet,5,-4,negative
toyota,4,0,neutral
mempermudah terhubung teman kenal,5,0,neutral
aplikasi tersedia terima kasih untk pencipta,5,4,positive
bintang,4,0,neutral
general superintendent,4,0,neutral
aangat,5,0,neutral
membantu berkomunikasi hebat terhormatthankyou,5,4,positive
sy melaporkan kpd linkedin lowongan pekerjaan yg palsupenipuan sy harap linkedin meningkatkan keamanan akun lowongan palsu tsbt salah kasusnya rssiloam yg brda daerah banjarmasin dgn modus penipuan dgn transfer uang utk akomodasi travelhoteltiket pp yg diganti sdh rspusat siloam yg brda bali sy curiga langsung rs membuka lowongan smpai pagi sy lihat lowongan n msh aktif,1,13,positive
coba ntar klo ok bintangnya,3,6,positive
profil bisnis bagus relasi kerja,5,10,positive
manstapp,5,0,neutral
senang bergabung linkedln menambah wawasan pengalaman,5,6,positive
nya,5,0,neutral
yes,3,3,positive
coba dlu moga berkah,3,7,positive
kemudahan akses mudah cepat,5,12,positive
nya,5,0,neutral
oke,5,2,positive
lol,5,0,neutral
mantap find me leyla kapoor,5,5,positive
mkasih,5,0,neutral
mantabb,5,0,neutral
cari jodoh,5,0,neutral
bagus cpt info yg bermanfaat nambah wawasan luas,5,7,positive
ya,5,4,positive
siip mantap,5,5,positive
sangar,4,0,neutral
coba a kasi,3,-1,negative
dipaksa mendownload,1,-4,negative
منتاف,5,0,neutral
buka,4,3,positive
segini kalo nyari loker kasih bintang,3,0,neutral
kerennn,5,0,neutral
rray,3,0,neutral
pemula,1,0,neutral
bintang aja udh ku coba ya kasih,3,9,positive
siiip,3,0,neutral
kasih bintang,5,2,positive
like,4,0,neutral
sdh oke,5,2,positive
sya cbk dlu nntk sya tambahkan bintang ny klw bguss,5,0,neutral
,3,0,neutral
,5,0,neutral
coba,3,2,positive
ok oba ah,5,4,positive
ckba,3,0,neutral
siiiip,5,0,neutral
semoga carikan pekerjaan,5,3,positive
ya ya ya,5,12,positive
semoga gak yg,5,0,neutral
nyoba,3,0,neutral
penuh,1,0,neutral
yunu,5,0,neutral
anjing,1,-4,negative
bias,5,-2,negative
fmwhastapp,5,0,neutral
bagus bgi org yg paham manfaat aplikasi,5,3,positive
menemukan klien cepat nggak aplikasi,5,6,positive
mengerti aplikasi inikarna pelajritapi sya apliksi keuntungnnya sabaiknya,4,-2,negative
keren,5,0,neutral
semoga penipuan,4,0,neutral
aplikasi gk bohong full bintang dah,3,-12,negative
dicoba,4,2,positive
aplikasi kontol bangsat,1,-14,negative
tingkatkan,4,0,neutral
membantu,5,4,positive
bg,5,0,neutral
terimakasi,5,0,neutral
ok kakak,4,4,positive
info lokernya,3,-3,negative
mantap coba,4,7,positive
lemak men gratis,5,4,positive
yeah,5,0,neutral
termakadi,5,0,neutral
coba dl,3,2,positive
tempatnya pengetahuan,5,4,positive
info dunia,5,-2,negative
jaya truss,1,4,positive
sya suka dngan aplikasi,5,-1,negative
coba,4,2,positive
keren anjay,5,-3,negative
semoga masuk amin,5,0,neutral
overall ok,4,4,positive
ok ctp sy blm dpt peluang bagus dri linkedin,5,6,positive
real,5,2,positive
sesuai,3,3,positive
ya diandakkan,4,4,positive
mohon perbanyak loker,4,2,positive
,5,0,neutral
semoga apk tdk mengecewakan,5,-3,negative
semoga gk bhong lemot aplikasi laen,3,-9,negative
membantu nyaman,5,8,positive
mantwp,5,0,neutral
semoga gk bohong lemot,5,-10,negative
siiiip,3,0,neutral
good,5,5,positive
good application,5,5,positive
super,4,3,positive
memuasksn,5,0,neutral
mlm bos,5,3,positive
hebat,5,0,neutral
apik,5,0,neutral
super duper,4,3,positive
aplikasi ok,4,0,neutral
terap pertahankan,4,1,positive
mantaff,4,0,neutral
gw heran app tuh kya social media yg hubungin dgn hrd drpda pncari kerja nya sndri suka share opini pribadi,3,9,positive
mudahan bermanfaat n membantu,5,10,positive
aplikasi profesional bagus tingkatkan,5,-2,negative
loding suka klo buka aplikasi nya pake biaya klo buka informasi,4,7,positive
wei yan,5,0,neutral
mudahan bermanfaat ya,5,10,positive
aplikasi yg bgus,5,-4,negative
membantu,4,4,positive
versi update lambat,1,1,positive
sempurna,5,3,positive
pemberi informasi yg bagus,5,4,positive
bingung pengiimran nydata a,5,0,neutral
terima kasih membuka jalan berkarya berkarir bersosial,5,7,positive
mantap,5,5,positive
susah lihat who view the my profile,5,0,neutral
bnyk info pekerjaan yng bagus,5,2,positive
perbaikin,3,0,neutral
goodjoob,5,0,neutral
sukses,3,3,positive
,5,0,neutral
semoga loker yg,5,0,neutral
mudahan,3,1,positive
inpormasi layanan kerja cepat,3,8,positive
bermamfaat teman yg,5,0,neutral
dlu ya,3,4,positive
menghina apk fungsinya instal pembuatnya butuh orang instal rat jelek hargai berkomentar menghujat karya aplikasi bermanfaat menandingi komentari sekianv,5,-10,negative
blm ngrti pakeny,3,0,neutral
big love you,5,5,positive
aplikasi koyoll cok bed celeng opo ojok instal aplikasine engkok koen longor goblok yoooooooooooooooooooo,1,-9,negative
oky keren bngt,5,0,neutral
terima kasih linkedin,5,4,positive
very good and support career,5,9,positive
mengenal semunyaa,5,1,positive
semoga membantu untk mengejar mimpi,4,2,positive
ok bnget,4,4,positive
jaringan luas,5,6,positive
yess,5,0,neutral
dont mory,4,0,neutral
senang,5,5,positive
okokokkkkk,5,0,neutral
nyoba,5,0,neutral
membantu siiplah,5,4,positive
logintiba aplikasi,2,-4,negative
daftar pakek akun gmail sampek skarang gabisa ya mohon konfirmasinya sdh nerima sandi konfirmasi sms,2,13,positive
mohon perjelas peluang kerja cocok profil,3,8,positive
,5,0,neutral
membantu menemukan pekerjaan,4,9,positive
the best program,5,0,neutral
tingkatkan,4,0,neutral
diliat dulunanti klo bagus gw kasih bintang,3,4,positive
mantap,5,5,positive
sukses makasih y,5,7,positive
bermanfaan,5,0,neutral
linkedin good job,5,5,positive
kasih bintang dlu,3,2,positive
like it,4,0,neutral
media komunitas bisnis terpercaya,4,5,positive
maknyussss,5,0,neutral
,5,0,neutral
mudahmudah bermampaat,4,0,neutral
link berharap temukan kawan,4,4,positive
ok ok ok ok,5,16,positive
imformatif,4,0,neutral
bangat log innya,4,0,neutral
rumayan,3,0,neutral
mantaps,5,0,neutral
semogga bermanfaat,5,5,positive
mencoba cari peluang usaha,5,-2,negative
salam sukses,5,3,positive
bermanfaat utk network,4,5,positive
profile linkedin ganti foto profile post foto search perusahaanmohon bantuannya tim linkedin aplikasi linkedin membantu terhubung jaringan profesional yg perkebunan,5,8,positive
suka app nya,5,3,positive
semoga sukses aplikasinya makaimal,4,3,positive
oye,5,0,neutral
okmantap,4,0,neutral
aplikasi bagus,5,-2,negative
linkedin alternatif utk bersosialisasi pencarian kerja yg dpt diandalkan,5,2,positive
intinya aplikasi jobstreet,1,-4,negative
simpan foto kesalahan,2,-5,negative
aplikasi suka,5,-1,negative
app keren,5,0,neutral
well well well,4,0,neutral
ismazing,5,0,neutral
mengenal penjuru negeri,4,-2,negative
sya suka aplikasi,5,-1,negative
mudah kerjaan,5,6,positive
mwngikuti alur perkmbngan sj,5,-4,negative
paham manfaatnya,5,3,positive
good job,4,5,positive
aplikasi pendukung bagus,5,2,positive
wow boedoet,4,0,neutral
berbagi loker berbagi temen temen,5,4,positive
ya,4,4,positive
dicoba dlu,3,2,positive
orang profesional mudah temukan berita menjari pekerjaan,5,3,positive
tes,3,0,neutral
very good in information,5,5,positive
bismilah,5,0,neutral
coba kalo bagus kasih full bintang,3,6,positive
yg update info lowongan kerja,5,-1,negative
coba,5,2,positive
semoga bermanfaat pribadi orang yg membutuhkan,5,5,positive
gunakn yg in ginkn,5,0,neutral
coba dlu,4,2,positive
gede banget,5,3,positive
bagus,2,2,positive
ok bos,4,7,positive
membantu,5,4,positive
mantaaap,5,0,neutral
bismillahbaru dipelajari,5,0,neutral
setuju aflikasi,5,4,positive
linkedin okey,4,0,neutral
nyoba kalo hasil nya memuaskan kasih full,3,10,positive
semoga,5,0,neutral
only some time but forever,4,1,positive
nyoba,4,0,neutral
terimakasih utk aplikasinya yg bermanfaat,5,10,positive
yes bnget,5,3,positive
besy,3,0,neutral
very giodandthan good job,5,5,positive
aplikasi y nih coba brg x dapet jodoh,4,3,positive
coba hahaha,5,2,positive
nieh aplikasilemot,1,0,neutral
bagus bwt aplukasi,5,2,positive
dgn cepat menemukan teman yg brgbung,5,5,positive
coba bagus nggak,4,5,positive
saematur nuwun,3,0,neutral
ngumpulnya orang profesional kadang yg lebay,4,-1,negative
perjuangan doa,5,4,positive
bagusaplikasi inisangat mendukung wirausaha,5,0,neutral
chet ml udah bagus banget,5,3,positive
suka,4,3,positive
aplikasi terhenti,3,-7,negative
bru coba,3,2,positive
mencoba,4,0,neutral
formula,5,0,neutral
bermanfaat orang membutuhkan info pekerjaan,5,5,positive
,5,0,neutral
yu,5,0,neutral
objective like us,4,0,neutral
cemana ubh data,5,-3,negative
suka aja,5,4,positive
paham,3,0,neutral
good,5,5,positive
aplikasi bagus fb fungsi menambah koneksi pertemanan kerja mencari pekerjaan,5,5,positive
lol,4,0,neutral
teruslah yg,4,0,neutral
bagus membantu mencari lowongan pekerjaan,4,6,positive
bingung,3,0,neutral
why content result for search feature remove that be very helpful for me to find post from people,3,-2,negative
bgs pengguna milenial,5,1,positive
bagus,3,2,positive
bagus appnya kalo pinter,5,7,positive
bibtang kluar aplikasi ribet ngak,1,-8,negative
bismillah walhamdulillah,4,4,positive
find new job,5,0,neutral
biasalah,1,0,neutral
jgn lemot jaringannya,5,-5,negative
nyoba neh,3,0,neutral
good my aplikasi,5,1,positive
permudah utk browser,5,0,neutral
bangga gabung dilinkedln,5,-2,negative
oke aplikasi bagus,4,0,neutral
aplikasi bagus membantu,5,2,positive
tingkatkan,5,0,neutral
membantu siifff,5,4,positive
ulasan,5,3,positive
terima kasih menambah persahabatan,5,11,positive
blm mencoba,3,0,neutral
aplikasi keren,5,-4,negative
menghasilkan perkembangan ekonomi,3,2,positive
bismilah dah nyoba dlu tar kalo suksess aya bintangnyee,5,0,neutral
senang banget,5,6,positive
uhuyyy,5,0,neutral
aq suka kli dgn app membantu,4,7,positive
dibuka berharap bagus,3,6,positive
it komputer,5,0,neutral
tes,5,0,neutral
good application,4,5,positive
good web,5,5,positive
tergabung jg bergabung dgn link kesempatan bagus utk bersosialisasi lingkungan lokal,5,1,positive
linkedin tolong berpolitik linkedin hapus akun nya,4,0,neutral
maop,5,0,neutral
siiip,4,0,neutral
kali donlot app dpt notif terima panggilan utk interview hire langsung via emailhanya info pekerjaan itupun info lowongan bidang yg gelutijadi cenderung pekerjaan teman kerabat maaf copot app dr hp sy,2,9,positive
terimakasih info nya membantu,5,6,positive
senang bergabung krn dpt informasi yg butuhkan ketemu dgn teman,3,4,positive
mendukung pencarian karir,4,0,neutral
cuba,5,0,neutral
bagus membangun jaringan orangorang profesional,4,5,positive
menarik,5,4,positive
yaa,2,0,neutral
bermanfaat,5,5,positive
sheeft,5,0,neutral
aplikasi mencari peluang,5,-7,negative
great application,5,3,positive
tingkat kn,5,1,positive
coll,5,0,neutral
mantaps,5,0,neutral
trimakasih,4,4,positive
good apps to relate with friend and find new job,4,5,positive
mantaap bs menambah jaringan relasi,5,9,positive
berkarya nyata meraih rejeki,5,11,positive
semoga bermanfaat,3,5,positive
login ribett,1,0,neutral
menyenangkan dalammembangun relasi,5,7,positive
yalumayan komunikasi,3,2,positive
pokoe top maju truus,4,5,positive
membutuhkan lowongan pekerjaan driller tool pusher oil gas,5,-1,negative
i love this aplication,5,5,positive
bagus mantap,5,7,positive
ane ksh bintang yah,3,0,neutral
percobaan bintang,4,0,neutral
aplikasi membantu,4,0,neutral
aplikasi ya,5,0,neutral
bagus terbantu umat dunia nice apk,5,10,positive
oky,4,0,neutral
,5,0,neutral
bintang ya,4,4,positive
manatap,5,0,neutral
gak tu aplikasi,3,-4,negative
alus wa lumayan,5,1,positive
no comment,5,0,neutral
sipp,5,0,neutral
iya,3,0,neutral
dipaksa update,3,-4,negative
memudahkan hubungan,5,3,positive
sip pokoe,5,0,neutral
delihgtful,5,0,neutral
login aplikasi,1,-4,negative
ok,5,4,positive
semoga bermanfaat,4,5,positive
aplikasi good,5,1,positive
profil pencaharian kerja,5,2,positive
good app,5,5,positive
mboh ra,1,0,neutral
umpat balarut,5,-4,negative
cari kerja,4,-1,negative
pembaruan mulu,3,6,positive
,5,0,neutral
,5,0,neutral
setuju,5,4,positive
,5,0,neutral
sukka,5,0,neutral
keep eidjdbj bajingan janfok,5,0,neutral
ok guy,5,4,positive
its work,3,0,neutral
info info terbaik aplikasi linkedin,5,-5,negative
aplikasi ya faham karna perangkat,3,0,neutral
ngerti,3,1,positive
dana darurat membantu mengatasi keuangan,5,9,positive
memudahkan sarana imformasi scr nasional internasional flm hub professionalan,5,3,positive
allright,5,0,neutral
gunanyavuntuk coaba,1,0,neutral
ksi bibtang,2,0,neutral
linkedin nett work orang,5,0,neutral
goods jooobs,4,0,neutral
test dulusaya butuh pekerjaan coba likeidtq,3,0,neutral
percobaan,4,0,neutral
thank,5,4,positive
blm tau fungsinya utk,4,-4,negative
bergabung link in menambah pengetahuan,5,3,positive
pengen mencoba aplikasi ya coment yg ok thx linkedln,3,7,positive
menginspirasi,5,0,neutral
semoga bermanfaat,4,5,positive
terinspirasi,5,0,neutral
sup,5,0,neutral
blm tau,5,-4,negative
membantu pencari kerja promo bisnis,4,12,positive
bagus aplikasi membangun usaha,5,-1,negative
login,3,0,neutral
faham kegunaan linkedln,3,4,positive
thank very muchi like it,5,4,positive
my home,5,0,neutral
membantu koneksi kerja,5,8,positive
ok,4,4,positive
mssuk eko,5,0,neutral
bagus mencari pekerjaan,5,2,positive
no coment,5,0,neutral
acc downkk,4,0,neutral
siip,3,0,neutral
bagus berkomunikasi teman perusahaan,4,5,positive
pulsa,5,-3,negative
relasi hubungan bisnis luas,5,9,positive
suka,4,3,positive
maju,5,0,neutral
thank,4,4,positive
bagus oke,5,4,positive
sip,1,0,neutral
god linkelit,5,0,neutral
lahbintang dlu ya,3,4,positive
ya ksh bgs lgi,4,4,positive
banget okee coy,5,1,positive
aplikasi bagus utk tuker informasi,4,0,neutral
siper,5,0,neutral
job in,5,0,neutral
bagus referensi jaringan kerja,4,7,positive
puas cepat,4,6,positive
jaringan yg luas,5,6,positive
nk coba,4,2,positive
semoga applikasi membantu,5,4,positive
kasih bintang dlkalo bnr bermamfaat langsung naikin bintangy,2,5,positive
very important application,5,0,neutral
caba ya law bagus,3,2,positive
aplikasi gak up foto galeri udah sesuai ketentuan,2,2,positive
aplikasi nya ribet,1,-8,negative
tap,5,0,neutral
ganti foto profil unggah mohon bantuannya mengatasinya,2,8,positive
mencoba semoga ilmu pertanian pepaya kalifornia,4,4,positive
perfeck,4,0,neutral
aplikasi nie tdk akurat mencari dikota terdekat ribet banget,2,-9,negative
,3,0,neutral
very good for look for job,5,5,positive
lengkap,5,2,positive
gooooooood,5,0,neutral
,5,0,neutral
temukan peluang binisusaha lowongan pekerjaan apl aplikasi baguss,5,-1,negative
bagus aplikasinya,5,2,positive
manfaat,5,5,positive
exellent,5,0,neutral
alhamdulillahatas bantuannya,5,0,neutral
coba aja,4,3,positive
semaksimal manfaat keprofesionalanseseorang arah yg,5,6,positive
baguspertahankan performa,5,0,neutral
tlong bntu sy bwt pekerjaan yg cocok,4,7,positive
bangsat email engga dibuka,1,-5,negative
mantabs,4,0,neutral
sip oke,5,2,positive
belajar,5,3,positive
lumayan,3,1,positive
bagusss nyari pekerjaan tolong d tingkatkan,5,4,positive
masok,5,0,neutral
yes,5,3,positive
,5,0,neutral
berguna,3,5,positive
ok deh,5,4,positive
gak bagus,2,2,positive
walàpun aganya oke,5,2,positive
membantuthanks,5,0,neutral
sukses butuh perjuangan,2,-2,negative
trmksh smg bermanfaat,5,5,positive
sosmed berfaedh,4,0,neutral
tingkatkan keamanan data base nya,4,-3,negative
gak faham nya aplikasi,1,-4,negative
linkedln aplikasi menemukan pekerjaan sesuai,3,4,positive
sy merubah foto profil klik uploadsimpan proses trs internet lancar mohon perbaiki,4,10,positive
sgat,5,0,neutral
bingung dg aplikasi gunanya ya,3,0,neutral
mudahan membantu,5,5,positive
dikembangkan aja,4,1,positive
infus dangan dana halal,5,4,positive
morwati,5,0,neutral
sepenting kasih bintang full aja,5,3,positive
siiiiip dah,5,-3,negative
nti,3,0,neutral
enkk,5,0,neutral
o yess,5,0,neutral
belajar,3,3,positive
ok,4,4,positive
perbaiki sistem,4,-4,negative
aplikasi berbayar,3,-7,negative
faham aplikasi nya opo yoo,3,-4,negative
sukses,4,3,positive
ok sngat membantu good,5,13,positive
siiip,3,0,neutral
bagus nambah channel kerjaan,5,4,positive
must be correct for update,4,0,neutral
mempermudah utk melamar pekerjaan,5,0,neutral
ngak tau tujuan,3,-4,negative
bagus aplikasinya,5,2,positive
smga brmanfaat,5,1,positive
pakakpakak,2,0,neutral
teman,5,0,neutral
suka aplikasi teman,5,-1,negative
coba donwload klo bagus kasih rant yangbpenuh,2,6,positive
siiip bantu,5,3,positive
ok membantu,5,8,positive
peluang,4,0,neutral
utk membuka wawasan,5,0,neutral
top banget,3,6,positive
membantu brteman rekan,5,8,positive
suara,3,2,positive
joss,5,0,neutral
pokok bagus deh,3,5,positive
nice app nice to meet other people with great job,5,11,positive
semoga job kerja safety link,3,2,positive
hallo,4,4,positive
bagus tuh,3,2,positive
semoga yg sukses,5,3,positive
berguna suka,5,8,positive
info kerjaan,5,-1,negative
bismillah coba,4,6,positive
harapan semoga canggih lgi,4,0,neutral
semoga bissa ngebantu,5,0,neutral
lumayan,4,1,positive
nice,2,4,positive
lumayan amanah temen,3,6,positive
aplikasi bermanfaat orang tp org gw berhubung aplikasi terpasang bawaan samsung galaxy a parahnya lg ga uninstal ya jd pajangan yg mubazir,1,4,positive
lumayan info yg bermanfaat,3,3,positive
should be develop,5,0,neutral
semoga barokah,4,0,neutral
ane coba dl semoga bermnfaat,3,2,positive
suka aplikasi krn info yg butuhkan pekerjaan teman yg menambah saudara,5,2,positive
semoga membantu pemecahan untikkehidupan,5,4,positive
familier facebook,4,0,neutral
,5,0,neutral
anjing gk bsa gabung nyesel download app gj,1,-14,negative
mantaaaaaap polllll love yuuuuooo,5,5,positive
cba ko gk bisaya,2,0,neutral
coba dlu klo bagus bru bintang,4,4,positive
bego aja orang dikibulin aplikasi nyari kerja,2,-3,negative
i like it,3,0,neutral
demoga karir amin,5,3,positive
ditingkatkan mutunya,3,0,neutral
pertahankan,4,1,positive
mencoba b aja kalo masuk akal sehat kasih penuh b,3,4,positive
bagus,5,2,positive
persehabatan,2,0,neutral
lg coba,4,2,positive
ga search postingan orang kunci search orang pekerjaan puas nya,2,9,positive
,4,0,neutral
udh brpa kali ganti pass ttep ga masuk kamvrettt sbenernya yg salah sih heran gua,1,-3,negative
baguz,5,0,neutral
bagua,5,0,neutral
semoga sukses,5,3,positive
memudah info bermanfaat peluang bisnismantab,5,2,positive
ne aplicasi eror banget,1,-3,negative
mudah komunikasi dg teman,5,6,positive
the camera reimagined samsung galaxy ss,5,0,neutral
semoga bermanfaat,4,5,positive
mencoba,4,0,neutral
keren,4,0,neutral
smoga aplikasi diminati,4,-4,negative
cobanunggu,4,0,neutral
misi nih udah coba akun kali gagal ya udah uninstall trs install tetep mohon konfirmasi nya,3,7,positive
berusaha tuk usaha,5,4,positive
semoga berjalan lancar berkarya amin,5,10,positive
this application make you reach more than just an information,5,0,neutral
semoga bermenfaat,3,0,neutral
bagus,5,2,positive
tingkatkan konte feednya,3,0,neutral
tetep semangat meraih,5,4,positive
bagus mamfaat,5,2,positive
ok aje,5,4,positive
ditingkatkan,5,0,neutral
,3,0,neutral
cepat,4,3,positive
lanjutkan,5,1,positive
suka applicasi,4,3,positive
many people get dream some true togther and many still wishly,5,0,neutral
membantu linkedin,5,4,positive
cobak dl,3,0,neutral
so pretty good,5,5,positive
linkedin membantu tambahan pengetahuan membutuhkannya terima ladihj,5,15,positive
tingkatlan kwalitas nya pantau prusahaan modus pnipuan,5,-1,negative
daftar member daftar gagal,2,-2,negative
its a good for seek the job,5,5,positive
pengguna aplikasi berguna,4,2,positive
semogaa,4,0,neutral
,5,0,neutral
,5,0,neutral
joss,4,0,neutral
sesuaikan penggunaan butuhkan,3,1,positive
login akun,2,0,neutral
why cant i delete the certificate that i post the fund only appear try it,3,-4,negative
thank you for your current job vacancy,5,4,positive
matap praktis,5,4,positive
payah paksi bb q redmi x aja lelet login susah,1,-2,negative
semoga bermanfat,5,0,neutral
dipakai,1,0,neutral
semoga bermanfaat,4,5,positive
peluang peluang,4,0,neutral
gak,1,0,neutral
link in,5,0,neutral
terima kasih semoga bermanfaat pengguna,5,10,positive
inspiratif,5,0,neutral
klu bener bagus sy kasih bintang,1,7,positive
error on vivo y,1,-5,negative
blm dpt instalkrn aplikasi lainthank,5,-4,negative
perusahaan menawarkan info lowongan pekerjaan valid info penipuan seharus nya management linkedin memfilter info lowongan pekerjaan pasang aplikasi linkedin,2,0,neutral
membantu pekerjaan,5,7,positive
aplikasi yg membantu menemukan karir job yg sesuai kebutuhan,4,9,positive
formal,5,2,positive
langsung bintang,5,3,positive
terima kasih,5,4,positive
semoga manfaat mudah difahami aamiin yra,5,11,positive
semoga bermanfaat,5,5,positive
for development of this app thank you so muchbecause this app i can get an opportunity for get a job thank you and keep go,5,8,positive
aplikasi mudah ribet,5,-4,negative
iklannya,5,0,neutral
sipppp,4,0,neutral
paham apl,4,0,neutral
terima kasih diijinkan bergabung in syaa allah berkah,5,9,positive
notif pas dibuka eror,2,-1,negative
semoga acc,4,0,neutral
semoga bermanfaat tuk sukses slalu,5,8,positive
bagud,5,0,neutral
cba aplikasi riben ngga,5,-6,negative
bagusmeskipun dapet pekerjaan hasil apply linkedin,5,8,positive
sip,3,0,neutral
linkedln ok urusan pekerjaan bnyk dsni,5,7,positive
daftarnya gak situ daftar aja gk gmn gunain aplikasi,5,-2,negative
bantu nyari loker driver engga,5,1,positive
coba,3,2,positive
sekses,5,0,neutral
suka aplikasi,4,-1,negative
gk ngerti,1,1,positive
membantu mencari pekerjaan,5,4,positive
bagus pengajuan proposal cepat sy terima kasih,5,9,positive
coba aplikasi nya,3,-2,negative
fo bagusits goodthanks,5,0,neutral
ok banget mantap,5,10,positive
lumayan membantu,5,5,positive
bermanfaat cari kerja,4,4,positive
coba ya,5,6,positive
lengkap informasi,4,4,positive
mantap puollll frank,5,5,positive
ajibbbb,5,0,neutral
bagys,5,0,neutral
menarik membantu keresahan pencari kerja,3,10,positive
coba semoga bermanfaat,4,7,positive
nyoba,5,0,neutral
bagus kalimat profesional linkedin,5,-1,negative
error,1,-5,negative
penasaran ama aplikasi inibuat fungsinya,4,-7,negative
sip alaisip tekesip tekesip,5,0,neutral
membantu,5,4,positive
aplikasi membantu terima kasih,5,4,positive
mantap,5,5,positive
br nyoba,5,0,neutral
membantunya,5,0,neutral
cari kerjaan susah,3,-4,negative
terhubung relasi peluang berkarir berbeda,5,-1,negative
bagussss bgt sangatttt membantu dlm komunikasi,4,6,positive
bagus membantu mencari relasi kerja trima kasih,4,11,positive
bagus mencari pekerjaan kolega mancanegara,4,2,positive
good job membantu,5,9,positive
ok banget,5,5,positive
mantab bnyk koneksi negeri,5,2,positive
membantu uinformasi,4,4,positive
coba,5,2,positive
bagus,5,2,positive
membantu pribadi bidang perhotelan semoga sukses terbaik,5,12,positive
semoga berguna masyarakat aplikasi,5,1,positive
bermafaat,5,0,neutral
semoga orang aplikasi,4,-4,negative
knp tdk bsa diinstal,5,0,neutral
bermanfaat komunikasi sosial,5,11,positive
semoga bermanfaat,3,5,positive
klo bagus ksih bintang,4,2,positive
top suka,4,8,positive
ok thank,4,8,positive
okee oke,5,2,positive
cocok daerah,5,4,positive
paham miss,5,-4,negative
nggih,5,0,neutral
good aplikatif,5,5,positive
membatu perlancarlah,5,2,positive
terima kasih,5,4,positive
penasaran aplikasi,5,-7,negative
coba dlu ya,5,6,positive
kasih bintang yaklo bagus aplikasi ya tambahin lg bintang yamau coba dlu,4,6,positive
membantu koneksi teman bisnis,5,9,positive
naice,5,0,neutral
bersatu usaha,5,0,neutral
bug memuat komentar keterangan koneksi menyambungkan buka komentar,5,5,positive
blon fapat kerja,5,2,positive
tingkatkan,5,0,neutral
tingkatkan kinerja,3,0,neutral
semoga aplikasi mengatagorikan relasi berdasarkan minat pencari kerja,5,1,positive
bagusok,5,0,neutral
try first,5,0,neutral
net human nice,5,4,positive
bohong,1,-5,negative
good app for all,5,5,positive
,5,0,neutral
bagus,5,2,positive
the best aplikasi pendobolaan mleded,5,-4,negative
menyenangkan skali,5,4,positive
ok good job,4,9,positive
pokoknya ok,5,1,positive
smoga lancar,5,4,positive
siip,5,0,neutral
terima kasih,5,4,positive
aplicasi pea eror mlulu aplicasi anjing tai,1,-13,negative
,5,0,neutral
smoga mudahkan pencaker pekerjaan,5,3,positive
career indefinitely,5,0,neutral
mudah cari relasi,5,4,positive
sipp,3,0,neutral
knp bias akun slalu gagal memuat akun motif ny,1,-6,negative
update trus nih aplikasi seminggu update sampe kali,3,-4,negative
,5,0,neutral
caustamermarchet,5,0,neutral
membatu berbisnis,5,2,positive
okay coba,3,6,positive
menggunakanya mudah trm ksh aplikasi,4,0,neutral
gtu,5,0,neutral
coba,3,2,positive
ora ngerti,4,-2,negative
linkedln mantap bos,5,8,positive
orang orang hebat,5,0,neutral
bagus aplikasinya tau info yg update mantappp,5,-5,negative
oke,5,2,positive
berbagi ilmu manfaat kerjaan hehe,4,13,positive
sri aini,5,0,neutral
bagus aplikasinya,4,2,positive
lihat dl,4,3,positive
mas mba bro sy habis instal aplikasi hp sy terserang virus trojan virus menyerang selesai instal apl sy buka trojan menyerang hp sy why salah sy padamu,5,-8,negative
uhuuyyy so,5,0,neutral
senang,5,5,positive
goods,5,0,neutral
memudahkan informasi,4,5,positive
aplikasi aplikasi,4,-8,negative
smg dpt membantu,3,4,positive
bagus banget kalo yg gak donload nyesel aja liat you tube apli kasi keren you tubenya,5,-2,negative
gmn tuk dpt informasi pekerjaan yg update kalo aplikasi membantu ucapkan terimakasihplus rate,3,5,positive
mboh,1,0,neutral
ku suka plikasi,4,3,positive
tau,3,-4,negative
mohon respon nya,5,4,positive
linkedln,4,0,neutral
tes ya,3,4,positive
membantu kadang respon perecrut tolong tampilkan lowongan kerja smk email perusahaan,5,17,positive
mantaaaaabbbe,5,0,neutral
good job,5,5,positive
pokok nya mantap,5,8,positive
slow,5,1,positive
membantu bagus,5,6,positive
tes ah,4,0,neutral
panduan aplikasinya,5,0,neutral
good luck for app,5,9,positive
pokok nya mantap deh,5,8,positive
membantu,5,4,positive
semoga bermanpaat,4,0,neutral
kalo bagus suka nya,3,5,positive
dicoba ahhh,5,2,positive
mantapppo,5,0,neutral
cing sukses,5,3,positive
pemula mohom bantuannya trim,4,0,neutral
tolong bantu,5,6,positive
mohon direspon jwban nya tks,5,2,positive
membany,5,0,neutral
no thank,5,4,positive
mencoba tau acc,3,-4,negative
full,5,0,neutral
downloadnya kaya cacing lolaapa app dapet kerjaan sesuai harapan bintangnya,4,5,positive
percobaan,3,0,neutral
god job,4,0,neutral
bgus menbantuh,5,0,neutral
test dl gin,3,0,neutral
itsagood,5,0,neutral
tamban modal sampingan pas libur,5,8,positive
membantu sukses dipercanggih,5,7,positive
good app,4,5,positive
liat dah,5,-1,negative
mendaftarnya gimana sih gak,1,0,neutral
buka uaha,4,3,positive
sgt bgus bnget,5,0,neutral
recomended,5,0,neutral
suka banget membantu,4,8,positive
blm ngrti maksudnya,3,-1,negative
sip,5,0,neutral
baguss,5,0,neutral
blm brp jam update udh update lgi,3,0,neutral
baguzz,5,0,neutral
berusaha maju,5,3,positive
nyoba,2,0,neutral
mengkoneksikan pakar diberbagai bidang keahlian,5,2,positive
cocok banget,5,5,positive
simple ya sistem aplikasinya,3,3,positive
gabung usaha service ac,5,-4,negative
aplikasi membantu,5,0,neutral
membantu usaha,5,5,positive
tau didalam nya,4,-4,negative
kereeenn,5,0,neutral
,5,0,neutral
bravo,3,0,neutral
good job i like,5,5,positive
barangkali yg cocok n pas,5,7,positive
zuka,4,0,neutral
canggih,5,0,neutral
muantap boss,5,0,neutral
unggul berkarya,5,3,positive
lamaaaaa,1,0,neutral
help me look job for security officer thank so much,5,6,positive
i like gather and connect in your programnice to meet u all,5,0,neutral
bagus tambahin,3,2,positive
coba hp gw ilang klw ktmu nnti gw tmbah bintangnya jdi,2,-3,negative
,5,0,neutral
membantu,3,4,positive
membantu pencari loker mudah,4,8,positive
keren karna koneksi ide berpikiran maju,5,2,positive
membantu,5,4,positive
coba ea,4,2,positive
tai,5,-5,negative
klau alhmdllh,5,0,neutral
bintang kalo bagus ditambah,3,2,positive
memvantu,5,0,neutral
tahap mempelajari aplikasi,5,-4,negative
because any time you give me information and chance,5,0,neutral
bermanfaatterima kasih,5,2,positive
ya sip,4,4,positive
membantu pengembangan karir,4,7,positive
ya lumayan,4,5,positive
mantap semoga sukses,5,8,positive
semogaa,4,0,neutral
yoon to easy a life,5,-2,negative
aplikasi,3,-4,negative
i be like it,5,0,neutral
cool,4,2,positive
semoga bermanfaat aplikasi ya,5,5,positive
bingung,3,0,neutral
dicoba yes bintang,4,5,positive
temukan,5,0,neutral
sukses slalu,5,3,positive
perbaharui trus tp gak perubahan masuk akal bs update,4,1,positive
maw coba dlu nanty klo bagus tmbh,3,4,positive
smoga ter bantu,3,3,positive
nyoba nyoba,5,0,neutral
coba dlu nnti okaq,4,2,positive
uninstal,1,0,neutral
baruau coba,5,2,positive
nice aplikasi,4,0,neutral
mengakses akun ya reset password email sukses coba log verivikasi keamanan pernyataan akun pengguna coba cari layanan cs mencari solusi ketemu bantuan,2,13,positive
awam tp gpp,5,0,neutral
semoga bermanfaat,5,5,positive
good all,5,5,positive
semoga aplikasi linkedln sukses trus,5,-1,negative
coba dl,1,2,positive
lumayan blm mengerti,4,3,positive
bagus network,5,2,positive
coba klau bagus kutambah bintanya,3,4,positive
membantu,5,4,positive
bagus menghubungkan profesional,5,2,positive
yes,4,3,positive
upload foto profil,4,3,positive
mantap,5,5,positive
sukak bermanfaat,5,5,positive
solusi yg,5,3,positive
coba kalo bagus aq,3,4,positive
coba,5,2,positive
berhenti asus padfone s android,1,0,neutral
menyukainya mencari,5,-3,negative
,5,0,neutral
coba dluklu bagus ku bintang nya,3,4,positive
membantu yg susah,4,1,positive
bintangnya ya,4,4,positive
coba,5,2,positive
coba,5,2,positive
good socmed,5,5,positive
maju,5,0,neutral
tal,1,0,neutral
cepat gampang caribteman bisnis,5,10,positive
,5,0,neutral
semoga sukses akulaku,5,3,positive
semoga bermanfaat,5,5,positive
blm,4,0,neutral
promo bisnis,3,6,positive
,5,0,neutral
i like it,4,0,neutral
hubungi terminal,5,-3,negative
mantap menambah pengetahuan,4,12,positive
dulunanti bagus,4,2,positive
bgus linkedin supya memudahkan dunia medsos,5,4,positive
membantu terhubung teman teman,5,4,positive
pelayanannya ditingkatkan,5,0,neutral
menghubungkan teman mantan mantan,5,-6,negative
top jka yg brhubngan dngan akulaku,5,5,positive
yg terbaik,5,5,positive
sandi rubah bolak tetep aja login bilang sandi salah gimana sih,1,-3,negative
nggak senang,3,6,positive
bilang aplikasi jelek download tau aplikasi fungsinya tujuannya cari tau fungsinya orang tau bisnis bermanfaat,5,-20,negative
mudahn bermamfaat,5,0,neutral
its the best,5,0,neutral
live your passion,5,3,positive
pengalaman,5,2,positive
dus kalo bagus,2,2,positive
bismilllah,5,0,neutral
uninstal,1,0,neutral
ga daftar,2,1,positive
bagus pengalamanok,5,2,positive
cocok pelajar lulus berkarier,5,10,positive
good,5,5,positive
bagus klau butuh,5,-3,negative
good,5,5,positive
tolong permudah akses masuk aplikasi manapun terimakasih,3,3,positive
coba dl klau bgs tmbh lgi,3,2,positive
mantap membantu,4,9,positive
ok,5,4,positive
sip,5,0,neutral
nice,5,4,positive
jarang,3,0,neutral
mantab proteksi pasangan,5,0,neutral
semoga diproses dg cpt,4,1,positive
nyobak,5,0,neutral
thank for the application of the most important thing,5,4,positive
hoax lowongannya so hati,4,-3,negative
,4,0,neutral
membantu tampilan,4,5,positive
tai,1,-5,negative
kk kangen,5,3,positive
aplikasi stupidbuang kuota aja ga,1,-5,negative
tes,4,0,neutral
baiklah,5,2,positive
bermanfaat,5,5,positive
gabung,4,-5,negative
coba,1,2,positive
kasih bintang aja,4,3,positive
anying,5,0,neutral
jaringan menambah wawasan cerdas,4,6,positive
keren jah,5,0,neutral
inlinkedin,5,0,neutral
tau ah,5,-4,negative
daftarnya gabisa sy robot kocag,4,0,neutral
paten,5,0,neutral
coba dlu,3,2,positive
nice with this,5,4,positive
good for new employee,5,5,positive
membantu,4,4,positive
alhamdulillah banjarmasin suka sekaliterima kasih,5,10,positive
whataps ganti,1,3,positive
utk cri kerja,5,2,positive
recommend,5,0,neutral
smoga bermanfaat,5,5,positive
smga bermnfaat,5,1,positive
gta vice city full version free game download,5,5,positive
indah,4,3,positive
update wakok mlah ketemu nginstal linkedinapk tk,1,1,positive
mg bagus aja,4,3,positive
splikasi tai,1,-5,negative
mantap,5,5,positive
kalo bagus kasih ful bintanya,4,4,positive
yes,4,3,positive
coba bismilah cari kerja tau dapet,5,-1,negative
puas linkedin,5,3,positive
menarik suka,5,7,positive
aplikasi najis goblok jijik gua download,1,-21,negative
d lihat,3,3,positive
semoga bermanfaat bahan mencari informasi,5,1,positive
semoga manfaat,5,5,positive
ok ok laaaah,5,8,positive
mga bermanfaat,3,5,positive
koyok telek,1,0,neutral
download gak tau aplikasinya berfaedah ato ngga,1,-2,negative
,5,0,neutral
aplikasi fio ndere,2,-4,negative
ig rickymarttt,5,0,neutral
menarik,2,4,positive
manntap,5,0,neutral
memudahkan orang pekerjaan,5,6,positive
keren,5,0,neutral
good job my aplications,5,5,positive
sy ksh dl yaaa mw liat dl klo bagus sy ksh full,2,4,positive
dicoba,3,2,positive
ngk,2,0,neutral
semoga memuaskan,3,5,positive
,3,0,neutral
lowongan kerja ngga berhasil mah yg gatau kerja aplikasi,5,0,neutral
aplikasi gk jls goblok bikin penuh memori doang tolol,1,-13,negative
mantaap,4,0,neutral
nyoba kl bagus kasih full,3,4,positive
nol,5,-3,negative
sy download aplikasinya to gak ya,5,4,positive
memperluas penhetahuan,5,0,neutral
bagus perbarui,3,2,positive
yes,3,3,positive
bagus kasih bintang bnyak,1,4,positive
nyoba klo bagus kasih bintang,2,4,positive
ww,2,0,neutral
mengerti maxud tujuanya,2,2,positive
blum coba,5,2,positive
nyoba,1,0,neutral
bagus belanja paket cicil,4,8,positive
ulu semoga bermanfaat,3,5,positive
aq senang sekli,5,5,positive
mntaaaap,5,0,neutral
cukhp bzgus,5,0,neutral
moga gak kaya dah ngisi formulir eh gak d acc,5,0,neutral
semoga bermanfaat bagus,5,7,positive
trima kasih infonya,5,3,positive
bagus like full,3,2,positive
good for job seeker,5,5,positive
mohon acc ya,5,6,positive
masuk dek,5,-3,negative
sata coba ya menark,4,6,positive
buktikan dl yaaa,3,0,neutral
gimana nya,5,0,neutral
bravo linkedin,5,0,neutral
good bro,5,5,positive
semogga acc,5,0,neutral
ewako,5,0,neutral
kasih bintang tau limit lg,4,-2,negative
kasi bintang bantu android yg hilang,4,3,positive
donwload aja bangatkuota habis,1,4,positive
terima kasih,3,4,positive
mudah mudahan bermanfaat amin,5,13,positive
kasi bintang mohon acc ya makasi,5,3,positive
nya segini dullu,3,0,neutral
nyobain dipelajari,3,0,neutral
keren banget kenal orang aplikasi,5,0,neutral
dicoba,5,2,positive
menyesal,1,1,positive
,4,0,neutral
diva teknik rubber,5,-2,negative
dicoba dlu,4,2,positive
tau manfaat nya,2,1,positive
dicoba yahhh,3,-1,negative
olike,5,0,neutral
susah memanfaatkan akademis krn lbh utk kontak kontak berita tulisan pendek,4,-2,negative
tunggu kerja sinii bintang,3,3,positive
mantappp,3,0,neutral
yup gitu aja,2,1,positive
ksh bintang dllu but nyoba,4,0,neutral
aplikasi bermanfaat,4,1,positive
media sosial,4,4,positive
memuaskan kasih bintang,3,7,positive
instal log in invalid browser chrome mohon konfirmasinya,2,0,neutral
br mo cb,2,0,neutral
god,5,0,neutral
good kasih duluuu y,4,7,positive
good good good,5,15,positive
kasih bintang dicoba okk,3,4,positive
bagus,5,2,positive
kasih segitu yamasih coba,3,1,positive
coba,3,2,positive
coba dlu klo bgus,3,2,positive
kasih segitu coba,3,1,positive
force close,1,-2,negative
smoga pengajuanku cepat acc,4,3,positive
gak tau,5,-4,negative
ak enak,5,5,positive
mantaf coba,4,2,positive
seneng,5,5,positive
,5,0,neutral
ajah,3,0,neutral
ok dicoba,5,6,positive
fitur diperbaharui,4,0,neutral
login username password,3,0,neutral
,3,0,neutral
good apps my network be grow by the way i cant upload picture and videos from my galery can u figure it out thank,5,9,positive
semoga membantu meberikan lowogan kerja memuaskan menghasilkan,4,11,positive
wish get a job,5,0,neutral
gatau,5,-1,negative
gak log in gimana,3,0,neutral
bertele app ribet bikin puyeng,1,-8,negative
membantu pelayanan,5,7,positive
aplikasih terkini,5,3,positive
no komen,5,0,neutral
lengkap ga meragukan,5,-1,negative
wahyuni,4,0,neutral
,5,0,neutral
kasi bintang,5,-3,negative
pengganti facebook,4,3,positive
mantap sa,5,5,positive
very good semoga bermanfaat salam sukses,5,13,positive
buktikan,4,0,neutral
coba semoga membantu,5,6,positive
as news info link,5,-3,negative
sae pisan,5,0,neutral
bguss tambahin bintqx,4,0,neutral
selamat,5,5,positive
mdh mdahan membantu ksh aj dlu,3,4,positive
aplikasinye luarbiasa,5,0,neutral
menolong,5,4,positive
semangat,4,4,positive
nice,4,4,positive
salam khatulistiwa,5,0,neutral
suka banget,4,4,positive
gabung,5,-5,negative
nice application very like it,4,4,positive
bintang yaaa,3,0,neutral
very good fantastis,5,5,positive
bgs,5,0,neutral
sngat membantu bosku,5,4,positive
coba mudahan berhasil,3,6,positive
coba coba brooo,4,4,positive
kayaknya keren nih,5,-3,negative
mantapkeren abis,5,1,positive
verry good,5,5,positive
bermanfaat,4,5,positive
bitlymaestrooptimacare,5,0,neutral
,3,0,neutral
lumayan bagus,2,3,positive
as usually,4,0,neutral
so easy to me look for job,5,0,neutral
tap gays,5,0,neutral
yah kalo bagus nambah,4,2,positive
,2,0,neutral
its good,5,5,positive
beyond,5,0,neutral
,4,0,neutral
bagus,5,2,positive
menjalin persahabatan yg bagus,5,6,positive
info yg uptudate,5,-3,negative
serasa mengenal dunia smakin,5,2,positive
good job linkedin,5,5,positive
memahami,4,3,positive
good job i like it,5,5,positive
install kl udah pakai naikin rat,4,0,neutral
dicoba,5,2,positive
mencobasemoga bermanfaat,5,5,positive
coba d kasih bintang karna blm tau manfaat ny,3,5,positive
membantu semoga ditingkatkan,5,4,positive
smoga bermanfaat smua,4,5,positive
komen bagus aja dah dr benjol,5,0,neutral
ko ga login yaa tau salah dimana,3,-8,negative
ood,5,0,neutral
aplikasi dihapus android,1,-4,negative
kasi deh klo bagus,4,-1,negative
kali dapet kerjaan aplikasi tentunyakarena allah,5,5,positive
membantu senang,5,9,positive
selamat,5,5,positive
good for relationship,5,5,positive
uasss,5,0,neutral
membantu mencari pekerjaan sesuai dg pengalaman bertemu dg teman teman dg mudah,5,15,positive
very ood,5,0,neutral
bermanfaat menambah link utk ruang lingkup pekerjaan,5,3,positive
okkeee,5,0,neutral
utk memperluas professional network,5,0,neutral
membantu bisnis,5,7,positive
kerenmembantu,4,0,neutral
dl ya,3,4,positive
very good application,4,5,positive
bingung dng apk,4,0,neutral
kesalahan mulu kalo login,2,-3,negative
berguna dlm mencari pekerjaan,5,5,positive
aplikasi ngerti update oreo,5,-3,negative
coba ya,3,6,positive
dicoba dlu,4,2,positive
berguna banget aplikasi info pekerjaan,5,2,positive
good la,5,5,positive
soip,5,0,neutral
slalu kasih informasi loker,5,4,positive
semoga cepat pekerjaan,5,6,positive
amaze platform,5,0,neutral
menambah relasi kerja d,4,8,positive
top bgt,4,5,positive
sippp,4,0,neutral
lumayan sih mhl,3,1,positive
bermanfaat utk mencari pekerjaan sesuai latar pendidikan sesuai pengalaman kerja,5,15,positive
margreth imelda magdalena sembay,5,0,neutral
tooop markotop,5,0,neutral
trus tingkatkan kwalitasmu,5,0,neutral
jayantiputramandiri,5,0,neutral
alhamdulillah menunjang karir,5,2,positive
ntah apl gw update oreo aplikasi samsung gw besok berguna nih apl,5,1,positive
mantap abisss,5,5,positive
hebat,3,0,neutral
good work,5,5,positive
coba ya,4,6,positive
info loker,5,-3,negative
very good,5,5,positive
bagus banger mencari lowongan kerja,5,1,positive
dluklu bgus bru,3,0,neutral
aplikasi bagus jaringan kerja,4,3,positive
superb,5,0,neutral
bagus aman,5,2,positive
hallo linkedin menemukan bug handphone memposting foto foto simpan adakah solusi terima kasih,3,16,positive
good like,5,5,positive
apl yg bagus,5,2,positive
berkarya,4,3,positive
mengalami kesulitan masuk,5,-5,negative
lihat perkembangan,4,5,positive
the besth apl,4,0,neutral
cobalah,5,0,neutral
semoga berguna kedepannya,3,5,positive
dlu,4,0,neutral
good joob,5,5,positive
lumayan bagus,4,3,positive
mencoba,5,0,neutral
yes,4,3,positive
full ok,5,4,positive
optimis,5,0,neutral
keren dn menarik,4,4,positive
semoga berkah,3,4,positive
bntg bertmbh liat perkembangan nyhh aja,3,5,positive
kasih bintang,4,2,positive
super,5,3,positive
semoga mensejahterakan keluarga,5,4,positive
coba,3,2,positive
bug dimana gabisa ganti profile foto profil dsb mohon diperbaiki,3,8,positive
kasih bintang duluklo bagus bintang,4,4,positive
sy mengikutin akun jd sy ksh bintang dikemudian ok,4,4,positive
ya,4,4,positive
вíntαng ntαr kαlαu αppnчα вαguѕ вαru dєh ѕαчα tαmвαhín вíntαng lαgí,4,0,neutral
membantu profesional,4,4,positive
ya berkah,4,8,positive
suka banget,5,4,positive
yesss,3,0,neutral
mendukung kinerja,4,0,neutral
bintangnya,4,0,neutral
klo bagus jd,3,2,positive
mantappppp,4,0,neutral
kerjaan sy,4,2,positive
membantu ntr tambahin bagus,4,6,positive
dulukalo bagus,3,2,positive
terimakasih teumanseumuanya,5,5,positive
membuka peluang bertemu orang org hebat,4,2,positive
bagus menghibur,4,2,positive
ribet gak dicerna,3,-4,negative
memuaskan nambah,4,5,positive
kasih bintang dluklau aplikasinya bagus bru tmbah bintang,4,4,positive
,4,0,neutral
test use,3,0,neutral
win streak,5,0,neutral
ksh aja,4,1,positive
az,3,0,neutral
ngak jlass,1,0,neutral
dlu bintangnya nnti ditmbah bagus,4,2,positive
coba moga bermanfaat,4,8,positive
coba kalo bagus nambah bintangnya,4,4,positive
bintang dluklo bagus naikin b,4,2,positive
bermanfaat mencari link,5,2,positive
cakrp,5,0,neutral
ga login ngapain download,1,0,neutral
terbaik,5,5,positive
okbanget,4,0,neutral
good app,5,5,positive
bintang kalo ok tar ta tambahin,3,1,positive
smntara dlu kl bgus sya taambah lg,4,0,neutral
test dl,4,0,neutral
mantap gua kasih pul bintang nya,5,4,positive
i like this,5,0,neutral
makek,3,0,neutral
yesterday,4,0,neutral
ari ieu teh aplikasi naon bere bintang heula we urang tatanya kmha make na,3,-7,negative
membatu,5,2,positive
keren banget nih,5,1,positive
okm,5,0,neutral
cocok share pengalaman kerja,5,8,positive
smg bermafaat,5,0,neutral
jangkauan segmen,4,0,neutral
bintang kalo bagus,4,2,positive
coba,4,2,positive
app bawaan malesin gk uninstal,1,-1,negative
bagus mea ambah teman,5,2,positive
aplikasi sgt bermanfaat,4,1,positive
gooood,4,0,neutral
make be best,5,0,neutral
utamakan prifasi edukasi penuh kesabaran,5,5,positive
bergabung,3,-4,negative
sip,4,0,neutral
semoga berguna informasi kerjaan job peluang usaha,5,10,positive
ok bingit,4,-1,negative
cari wawasan,5,-3,negative
aplikasi nya keren abis,5,-3,negative
lumayan membantu,4,5,positive
aplikasix membantu mantappp,5,4,positive
kasih bintang,3,2,positive
men,1,0,neutral
smga bgs,4,1,positive
medsos keren profesional abal abal salut banget keren,5,1,positive
blm mencoba boss,5,0,neutral
mudah diakses,5,4,positive
like this,4,0,neutral
bagus bgt,5,2,positive
blum pake app ni siklo bagus aqu kasi bintang,3,-1,negative
memudah info,5,-3,negative
istimewahhhhh,5,0,neutral
semoga membantu,3,4,positive
aplikasi nya bgus,4,-4,negative
good nice,5,9,positive
mksdny ap ko hrus donlod aplksi emg klo donlod gx trima pinjmn ny,2,0,neutral
aplikasinya lemot banget ya upgrade lancar ga pakai app versi lawas aplikasi lancar,3,5,positive
akrab lg,5,3,positive
coba du ya gin,3,6,positive
sdh thakun jd barupemula gak beres link,2,0,neutral
i like,4,0,neutral
greatest,5,0,neutral
alus,5,0,neutral
top,5,5,positive
oprasional,4,0,neutral
faham manfaatnya,4,3,positive
ok teman bisnis usaha motifasi sukses linkedin,5,11,positive
bintang azha,3,0,neutral
blum thu,5,0,neutral
jajal dipit,3,-4,negative
krenn,5,0,neutral
senang penuh aplikasi,5,1,positive
faham si tpi d coba aj dlu semoga bermanfaat,3,7,positive
toppp,5,0,neutral
ok jg,5,4,positive
lanjutkn,4,0,neutral
good aflikasi,5,5,positive
telat promopromo iklan,3,-5,negative
trimakasih smoga sukses dpn nya,3,7,positive
good job,4,5,positive
tau manfaatnya,5,-1,negative
semoga,5,0,neutral
goodjobs,5,0,neutral
coba,4,2,positive
wake banget,5,1,positive
mantaaaf,5,0,neutral
maju,5,0,neutral
coba dlukawan,3,2,positive
ok banget,4,5,positive
bagus baget,5,2,positive
membantu mencari referensi dunia bisnis,4,5,positive
good for my refrensi,5,5,positive
semangat,3,4,positive
oh,5,0,neutral
semoga membantu,4,4,positive
sy suka,5,3,positive
good for look for job,5,5,positive
dunia pertemanan,5,1,positive
sansangat membantu,5,4,positive
not bad,4,-4,negative
masuk aja susah log aja langkah keamanan ngisia gk tgah jam ulang benci gk berguna,1,9,positive
,5,0,neutral
mengalami gangguan buka hp dibandingkan fb socmed,2,6,positive
sinyal nya jelek,1,-5,negative
best performance,5,0,neutral
be verry nice driver in bali,5,4,positive
lowongannya berbelit belit,2,-3,negative
bagus berbobot aplikasi nya sempurnakan,4,0,neutral
ayoooo lombok,5,0,neutral
aplikasi menjijikkan log in ga habis recaptca nya,1,-6,negative
membantu,5,4,positive
login uda ganti sandi tetep tolong solusinya admin,1,9,positive
asyik,5,0,neutral
lihat bgm,3,3,positive
koneksi kawan n,5,2,positive
terhubung tp info lowongan ga,4,-3,negative
klo cari pekerjaan,4,0,neutral
let try and continuos improvement,5,0,neutral
dapet bintang,3,2,positive
semoga apik,5,0,neutral
ntar lo udah coba naikin bintangx lgi,2,2,positive
,4,0,neutral
nyoba semoga bermanfaat,5,5,positive
coy,4,0,neutral
,3,0,neutral
bagus mmbantu,5,2,positive
coba dul,5,2,positive
good apps for get a job,5,5,positive
lazangww,5,0,neutral
mendukung trima ksh,5,1,positive
coba,3,2,positive
uji coba,3,3,positive
new,5,0,neutral
blajar,5,0,neutral
i like this,5,0,neutral
coba digratiskan,4,2,positive
puas,4,3,positive
,3,0,neutral
ajah,5,0,neutral
nyuba,4,0,neutral
haru up todate lg dt anggotanya,3,0,neutral
tahab nyobain,3,0,neutral
pengetahuan,4,4,positive
bersikap bertindak sederhana,5,-1,negative
membantu,5,4,positive
jngan orang kecewa,5,0,neutral
terima kasih bagus utk teman nambah info,4,3,positive
jalani,3,0,neutral
the bezt,5,0,neutral
semoga cpt,3,0,neutral
coba dlu si,5,2,positive
memperluas silahturami,5,0,neutral
semoga membantu akun,5,4,positive
mudahan bs membantu,4,5,positive
mudah diakses,4,4,positive
i like,5,0,neutral
cba cari tau iya,3,-7,negative
its work,5,0,neutral
klo bagus,3,2,positive
membantu hubungan kerjasama kontraktor,5,7,positive
membantu and thank,5,8,positive
c,4,0,neutral
bagus wawasan,5,2,positive
bagus tuk pebisnis n menambah wawasan,5,5,positive
jos,5,0,neutral
memudahkan mencari koneksi terhubung orangorang,5,2,positive
ouch,5,0,neutral
wahana share informasi uptodate,5,2,positive
menambah wawasan,5,3,positive
tolong klo virus iklan halau,5,3,positive
keren status yg blok jg jgn smua gk ya blok,4,4,positive
goif,5,0,neutral
king,5,0,neutral
lowongan,5,0,neutral
mudah imformasi,4,4,positive
nice for information jobbles,5,4,positive
bantuannya gak masuk gagal akun berubah bintangnya,1,-7,negative
bagus tingkatkan,4,2,positive
okkk thankss,5,0,neutral
ok i want join,5,5,positive
bisnis lancar,5,7,positive
bagus relasi pengetahuan,5,9,positive
nice application,5,4,positive
membatunya,5,0,neutral
app yg berguna anak negri,4,2,positive
sy suka bnyk jaringan luas,5,9,positive
kasih klw krjaan sino tambahin bintang nya,2,2,positive
lemot,3,-5,negative
aplikasi keren teman ilmu pengetahuan,5,4,positive
marvelous and splendid,5,0,neutral
its oke,4,2,positive
sempurna,5,3,positive
bqik,3,0,neutral
bagus bgtbnyk dpt tmn br yg bs bnt kt utk cari kerjaan br tp syglinkedin sy tb hilang,5,4,positive
bagus kuntk mencari pekerjaan relasi,4,5,positive
menghubungkan akulaku,5,0,neutral
ok tingkat kn,4,5,positive
puas akulaku,5,3,positive
memudahkan bertemu rekan yg dllm pekerjaan,5,12,positive
membantu menemukan dunia pekerjaan idamidamkan,5,10,positive
waowww hebat,5,0,neutral
good,5,5,positive
bnyak temen,5,0,neutral
good people good vibe,5,10,positive
good and safely,3,5,positive
coba dl,5,2,positive
thank you very much,5,4,positive
jancok,5,0,neutral
terima kasih smoga bermanfaat,4,9,positive
mejehlah sakieu mah,5,0,neutral
lamaran menghubungi terima kasih,1,5,positive
klu bermanfaat kasih bintang,3,7,positive
klu bagus ditambah bintangnya lg,4,2,positive
kenal dgn org org sukses dpt jd motivasi utk lg,5,9,positive
puas,5,3,positive
aplikasi yg beeguna bagus,5,-2,negative
dl y klo bgus q,2,0,neutral
biar puas dikasih bintang,5,6,positive
okeythanks for apps,4,0,neutral
hade ey,5,0,neutral
bagus,5,2,positive
energi terbarukan mari,5,7,positive
gua kasik bintaang,5,-3,negative
bagus dlm pengembangan jaringan,4,8,positive
klo msk gak dpt n lelet,1,0,neutral
coba duluklo bagus bintang,2,4,positive
bermanfaat,5,5,positive
utamakan mencoba,3,0,neutral
biarkan bintang bicara,4,1,positive
bagus,5,2,positive
menambah relasi bisnis,5,9,positive
ok,5,4,positive
kasih bintang ntar jelek turunkan ya,5,1,positive
,3,0,neutral
bintang,2,0,neutral
ngerti aplikasinya,2,1,positive
terima kasih semoga bermanfaat,5,9,positive
tau aplikasi coba deh,4,-6,negative
membantu tingkatkan kualitasnya,4,4,positive
moga solusi,5,4,positive
salaam slmat pagi trimakaziiih bantuanya,5,1,positive
coba kalo bagus bintangnya,4,4,positive
mantaapp,3,0,neutral
menguntungkan,5,4,positive
ogood,5,0,neutral
sukses cari kerja,5,2,positive
ya hahahahah,4,4,positive
bagus skali,5,2,positive
σk bngt,5,0,neutral
bintang ah,3,0,neutral
bintang bagus ntar lgi,2,2,positive
applikasi good,5,5,positive
aplikasi bagus komunikasi bisnis lancar,4,7,positive
i like it,5,0,neutral
great work pokoknya bagus,5,2,positive
menarik,3,4,positive
tingkatkkan lg,4,0,neutral
mudah membantu,5,8,positive
coba linkedin kasih foto sampulhahah,4,7,positive
aplikasi g jlas,1,-4,negative
verify captcha susah masuk,1,-6,negative
can not install may be my phone suck im use himax,5,0,neutral
nice apps,5,4,positive
ntar tambahin klo bermanfaat,3,5,positive
bagus sy krng mengerti,4,4,positive
sukses ya,4,7,positive
terbantu terbantu,5,0,neutral
gooden,4,0,neutral
oke bnget,5,2,positive
membantu mohon permudah apply lamaran kerja,5,8,positive
link job architect,5,0,neutral
oke syafaruddin berjuang pekerja buruh mari rapatkan barisan kawan,5,9,positive
klo bgus nnti tambahin,3,0,neutral
good,5,5,positive
bnyak info bisnis,5,0,neutral
more job need to be publish,5,0,neutral
cek,4,-4,negative
nats toserbaolshop,5,0,neutral
hati akun gmail membajak bajingan,1,-3,negative
gatau,3,-1,negative
yes,5,3,positive
mantaf,5,0,neutral
good semoga bermanfaat,5,10,positive
semoga dijadiin informasi lowongan kerja,3,4,positive
hebatnya,5,0,neutral
positif gabung dgn linkedl,5,-1,negative
joss top joss top joss top joss,4,15,positive
membantu mencari informasi loker motivasi pekerjaan,5,9,positive
ngajuin akulaku,4,0,neutral
bermanfaat,3,5,positive
gimana sih daftar pake akun google gagal aja yah tolong penjelasannya,2,1,positive
bagus info lowongan kerja,4,1,positive
mantap dah,5,2,positive
cari investor sawit,5,-3,negative
berinteraksi,5,0,neutral
coba klo bagus bintang nya,3,4,positive
use it and you will connect to world,5,0,neutral
lihat aplikasinyasmga aja ngembantu akuinsya allahaamiin,4,4,positive
yg dpt krja app,3,0,neutral
siiipp,5,0,neutral
perbaiki,3,0,neutral
ko sy ga mengajukan pinjaman,5,0,neutral
coba semoga bermanfaat,4,7,positive
gk up,2,0,neutral
coba yah,3,2,positive
good look and representatif,4,5,positive
tingkat kuawalitasnya,4,1,positive
ok,5,4,positive
bagus mengerti,4,4,positive
bice app,5,0,neutral
best aplikasi,5,-4,negative
yah ngga ganti foto profil,2,4,positive
tob,4,0,neutral
hamba mu uang,5,0,neutral
dlu aja klo bagus,2,3,positive
alus ngabantu pisan hade,5,0,neutral
ingintau,5,0,neutral
thank linkedin,5,4,positive
mantap,5,5,positive
gak buka close update,5,1,positive
menyukai info welder,5,1,positive
bagus aplkasinya,4,2,positive
suskses,5,0,neutral
i need you,5,0,neutral
akulaku yess,5,0,neutral
sijp,4,0,neutral
info pekerjaan lengkap membantu,4,6,positive
greet,5,0,neutral
mantap nambah modal,5,7,positive
mantap nian,5,9,positive
very helpfull and can learn many thing also can connect with many high profesional in many field of businessman,5,0,neutral
menunjang usaha sy menambah relasi rezeki,4,7,positive
senang membantu mencari pekerjaan,5,9,positive
bermanfaat,4,5,positive
mudahan,5,1,positive
bintang coz aq br nyobak aplikasi,3,-4,negative
ribet,4,-4,negative
why i cant use my phone number to verification i already try different phone number,1,-2,negative
membantu,5,4,positive
bermapaat wlpn ribet,5,-4,negative
membantu info kerja,4,3,positive
bravo,5,0,neutral
parah bikin akun gagal langsung uninstal ajah,1,-6,negative
please message free tq,5,4,positive
bagusdan bermanfaat,5,5,positive
membantu,5,4,positive
coba kalo bagus kasih bintangnya,3,6,positive
gagal masuk akun payahhh,2,-7,negative
bagus c x,5,2,positive
lumayan teman,3,1,positive
aplikasi sampah registrasi ajaa gak gak,1,-8,negative
maju,3,0,neutral
sigab,4,0,neutral
great aplications,5,3,positive
masuk jd hebatnyatunggu kalo bintang mu,3,-3,negative
hebatmantapgood,5,0,neutral
keren my lovely linkedin,5,0,neutral
sy tidk aplikasi nya d copot tp gk y,2,-3,negative
ok,4,4,positive
mencoba,3,0,neutral
coba klok bagus aq kisih penuh,3,4,positive
cuba dlu,3,0,neutral
payah masak nomor cuman dibisa dipke wktu daftar pas dicoba nomornya suruh ganti pasdiganti gk masuk sekrng gk nomor yg dipke trus daftar pke daftar aj repot gimna ngasih solusi admin tolong balasan solusi,1,18,positive
laah,4,0,neutral
,4,0,neutral
oke,3,2,positive
makasih dpat ngebantu,5,4,positive
moga,5,1,positive
bagus,1,2,positive
terima kasih semoga informasi pekerjaan,4,9,positive
berguna bermanfaat detail lengkap akurat terima kasih in,5,18,positive
bagus baut reperensi,5,2,positive
topapp,4,0,neutral
app nice,5,4,positive
semoga pekerjaan yg,5,3,positive
semoga sukses,4,3,positive
the best choice to conected,4,0,neutral
ruang interaksi profesional kemajuan personal komunal,5,0,neutral
trimakasih smoga bs membuka peluang bs pekerjaan sesuai dgn profesi sy,3,10,positive
,4,0,neutral
cari kerja utk perubahan,5,3,positive
mencoba,3,0,neutral
wasteful and bad security validation please build app more best,1,-7,negative
logout giliran login susah akun blokir aplikasi aneh,1,-3,negative
sinyal jelek,5,-5,negative
senang bergabung,5,1,positive
dipermudah lengkap lg fiturnya,4,2,positive
lowngn sepi,3,-3,negative
siiippp,5,0,neutral
excellen,5,0,neutral
loker beda aplikasi lainkarena postingannya berbobot berguna,5,1,positive
yes,3,3,positive
memudahkan mencari pekerjaan,5,3,positive
perdana,5,0,neutral
sucess be my right,5,0,neutral
bermanfaat terimakasih,5,10,positive
nunggu acc,3,1,positive
hai salam sejahtera sukses yah,5,6,positive
terimah kasih,5,2,positive
suka aplikasi tpi lebi klw update lg,5,-1,negative
bermanfaat pd orang knpa tdk d,5,5,positive
mantaaps,5,0,neutral
membantu meng up personal brand membantu menebar kebaikan bermanfaat,4,17,positive
embuh lahh,2,0,neutral
good seller,5,5,positive
ok jiwa,5,4,positive
suka skali,5,3,positive
ok sih,5,4,positive
goddd,5,0,neutral
nice y,5,4,positive
laper,5,-3,negative
okey good,4,5,positive
good appsgo a head,5,5,positive
direkomendasikan,5,0,neutral
coba jelek instal bagus tabah bintang nya jelek ngak kasih bintang,3,1,positive
membantu,5,4,positive
jual beli ac,5,3,positive
oke,5,2,positive
good for comunication for expert engineer,5,5,positive
great way to connect people arround the world,5,3,positive
semoga akurat login email reqruitment mudah,5,4,positive
bagus membantu,5,6,positive
ok deh,4,4,positive
yg membutuhkan pekerjaan,4,3,positive
update ya aja si,5,5,positive
goooood,4,0,neutral
semoga sukses,5,3,positive
aplikasi belajar mohon bimbingan nya terimakasih,5,3,positive
akulaku membantuku,5,0,neutral
mantap banget,5,6,positive
tamabh oke,5,2,positive
membantu mencari loker,5,1,positive
akulaku mantap,5,5,positive
mantap oke banget top,5,13,positive
sukses,4,3,positive
mencoba,5,0,neutral
sukses slalu a l,5,3,positive
inovasi terbaik,3,9,positive
membuka wawasan,4,0,neutral
i have a little problem about this applicationcan not be installplease solve my problemthanks,5,-4,negative
sukses trus akulaku n trus maju jaya,5,7,positive
top banget,4,6,positive
senang banget begabng liken,5,6,positive
membantu kepepet dana,5,8,positive
mantaffff,5,0,neutral
oke mantap,5,7,positive
alus pissan,5,0,neutral
its justice,4,0,neutral
tolak,1,-4,negative
joz,5,0,neutral
dicoba,2,2,positive
okesekali,5,0,neutral
oke de semoga maju jaya selaluaju,5,6,positive
goodaplikasi,5,0,neutral
goodmaju akulaku,5,0,neutral
ok sukses maju trus akulaku,5,7,positive
siiiiiiiiiiip,5,0,neutral
,5,0,neutral
gimana si h,3,0,neutral
aplikasi oksemoga laku berjaya tuk kedepannyaamiinn,5,0,neutral
apik,5,0,neutral
ok ok ok,5,12,positive
mantaf akulaku sip,4,0,neutral
mantappppppp,5,0,neutral
bagus jobseeker,5,2,positive
mencoba,4,0,neutral
semoga kesuksesan,5,0,neutral
aj,4,0,neutral
good job,5,5,positive
memperbaikin jalan hidup,4,2,positive
bagus jobseeker,5,2,positive
tee,5,0,neutral
bikin tertarik,5,2,positive
mudahan job yg sesuai,5,4,positive
very good for info job vacancies cookabcook,5,2,positive
susah downloadgagal trsjadi bt,3,-3,negative
for silaturahmi,5,0,neutral
meningkatkan komunikasi temanteman,5,2,positive
bintang,3,0,neutral
akulaku semoga jaya maju tdk mengecewakan bener nyata,5,8,positive
upload poto gallery,5,0,neutral
bagus,3,2,positive
deh tr klo bgus d tmbahin jd,4,0,neutral
ok bgt,4,4,positive
suka namba pengalaman dunia kerja,5,8,positive
semoga loker yg mauantafffbisa nambaj wawasan pembelajaran,5,0,neutral
keren manusiamanusia keren semoga bill gate founder microsoft,5,0,neutral
emezing,5,0,neutral
tes,5,0,neutral
bagus aplikasi bnyk peluang didunia pekerjaan,5,1,positive
ok deh,3,4,positive
berkah,5,4,positive
access utk pencaker dn perusahaan,5,3,positive
senang aplikasi,4,1,positive
berharap dpt kerjaan multi nasional dgn income amaze,5,6,positive
ngebantu,5,0,neutral
membantu bidang info loker,5,1,positive
percobaan,4,0,neutral
best app,5,0,neutral
insha allah berqah,5,5,positive
good application,4,5,positive
terhubung profesi berbagi pengetahuanistilah dunia selebar daun kelor,5,3,positive
membantu impormasi pekerjaan ngobrol dgn teman teman lamatks,5,8,positive
aplikasi bagus sifat nya memajukan orang,5,-2,negative
bs byk info loker pengalaman interviewe byk perusahaan,5,2,positive
semoga perusahaan yg amanah utk melangkahi keluarga,4,12,positive
bintang bintangnya,3,0,neutral
good work,5,5,positive
linkedin jejaring sosial membantu profesional mengenal berbagi kebaikan amin yra,5,18,positive
aplikasi inikita referensi pekerjaandan teman bertukar informasi pekerjaan,4,1,positive
bintang yar ditambah,4,0,neutral
semoga aplikasi wasilah alloh swt diterima perusahaan yg terbaik berkahamin yra,5,6,positive
bagus,5,2,positive
bintang ja klau bagus tambh bintang penuh,3,2,positive
bagus cari keerja,3,-1,negative
ku sih yes,5,3,positive
oke promote profile,5,5,positive
aja ya coba,3,7,positive
mantaaaap,4,0,neutral
membantu,5,4,positive
lihat y,3,3,positive
hem bingung aplikasi,3,-4,negative
wewww,3,0,neutral
klobbagus ksh bintang,4,0,neutral
mantap bro,5,5,positive
dulhu kalo aplikasin nya mendukung full bintang bri,3,0,neutral
very interest,4,0,neutral
susah,1,-3,negative
nice job,5,4,positive
pakai,5,0,neutral
i ya lihat,5,7,positive
lumayan seru nambah ilmu,3,10,positive
udah sip kasi bintang,3,-3,negative
kasih klo beneran kasih full,2,7,positive
yobaa,3,0,neutral
bintang,3,0,neutral
ga didownload ulang,1,0,neutral
semoga sukses,5,3,positive
liat,3,2,positive
paten loh,5,0,neutral
bintang aj bagus,3,2,positive
mantp,5,0,neutral
suka,3,3,positive
suka,3,3,positive
testimoni nnty nambah,3,3,positive
mantapppppp,5,0,neutral
coba mencoba,4,2,positive
membantu utk share,3,4,positive
oke,4,2,positive
sy suka aja app nya,4,4,positive
ok,5,4,positive
bermanfaat,5,5,positive
mudahan bermanfaat,3,6,positive
,3,0,neutral
nice apps,5,4,positive
mudah mencari pekerjaan,5,4,positive
coba bintang,3,2,positive
duluklo bgus sy,3,0,neutral
maknyusssss,5,0,neutral
nyoba klo bagus,1,2,positive
manfaatkan halhal yg positif,5,4,positive
bintang,3,0,neutral
muantabss,5,0,neutral
execellent,5,0,neutral
coba yaaa,2,2,positive
app nya bagus,5,2,positive
bermanfaat utk menjalun network,5,5,positive
mantap membantu,4,9,positive
membantu,5,4,positive
semoga sukses sukses,5,6,positive
mantapz suka app nya,4,3,positive
lihat deh,3,3,positive
,5,0,neutral
likeeee,5,0,neutral
ruaarrr biasah,5,0,neutral
coba ditayangkan lowonga kerja yng membantu pencari kerja terima kasih,3,14,positive
seru jg,4,5,positive
aplikasi yg ok,5,0,neutral
hatur nuhun,5,0,neutral
membantu,5,4,positive
membantu bagusterima kasih,5,6,positive
salah nya mengawali usaha apapun yg berusaha berkarya,3,0,neutral
more more to relation ship,5,0,neutral
dibantu memperluas wawasan,4,2,positive
kereeen,5,0,neutral
semoga bagus,5,2,positive
ok bngt,5,4,positive
berkenalan orang,3,-3,negative
pervect,5,0,neutral
bewbie,5,0,neutral
mantaap,5,0,neutral
memuas gk biki kecewa,5,0,neutral
membantu bagus terima kasih,4,10,positive
w a w,5,0,neutral
gabung nih,5,-5,negative
iok,5,0,neutral
thx mudahkan,5,0,neutral
tess,3,0,neutral
brrmanpaat,5,0,neutral
bgus dlm penkembngan,5,0,neutral
informasinya semoga akurat yah,4,2,positive
top,5,5,positive
e kursi sofa cabang bandungjakarta baguuus,3,0,neutral
,5,0,neutral
trimakasih kemudahan,5,7,positive
bring my job,5,0,neutral
sbagussss,5,0,neutral
menolong orang,5,4,positive
dood,5,0,neutral
network luas,5,3,positive
semangat,5,4,positive
tdi download msih login gmn nh,1,0,neutral
siiplah,5,0,neutral
antap tingkatkan,4,-5,negative
permudahkan terima kasih,5,4,positive
coba,3,2,positive
butuh kerja,4,-3,negative
maaf msh train,1,2,positive
membantu membangun hubungan,5,4,positive
jelek,1,-5,negative
lokerya,3,0,neutral
makasih gin,5,4,positive
loker abal,1,0,neutral
top among the pop,5,10,positive
menambah wawasan,5,3,positive
dicoba,4,2,positive
pintu sukses kerja keras berdoa,5,9,positive
luarbias,5,0,neutral
belm terdownload ya,5,4,positive
ebergik,4,0,neutral
,3,0,neutral
login aja login valid,1,1,positive
koneksi,5,2,positive
apklsi good,5,5,positive
udah daftar login logout nyoba login gabisa paswrd salah udah verivikasi email sms ttep gabisa login tetep paswrdnya salah gimana,1,-7,negative
dah login gak masuk,1,-6,negative
lumayan membantu,5,5,positive
terhubung mudah,5,4,positive
gooig,5,0,neutral
kasih bintang dlu yah qu blom tau aplikasinya kaya gmnah,4,0,neutral
membantu,5,4,positive
coba kl bagus kasih bp ntang,3,6,positive
semoga bermanfaat,5,5,positive
cayooo,4,0,neutral
goo job,5,0,neutral
membantu,3,4,positive
payah gk login gak daftar masukin kode keamanan menu payah,1,-2,negative
aplikasi,5,-4,negative
coba dlu klo coba,5,4,positive
register log in redmi note x snap,2,0,neutral
simply and nice,4,4,positive
geeat app,5,0,neutral
good i like it,5,5,positive
bagus dgn nya,4,2,positive
bintang aja deh,3,1,positive
bermanfaat membantu orang,5,9,positive
mengesankan sekalicepat akurat,5,4,positive
mudahn,5,0,neutral
i have a job becase this app thank very recommend,4,4,positive
good job,3,5,positive
jajal yg bru,4,-4,negative
coba kalo jelek kurangin bintangnya,5,-3,negative
m good,5,5,positive
semoga membantu mencari pekerjaan lagithanks,5,4,positive
membantu,5,4,positive
gc buka,4,3,positive
nyoba,4,0,neutral
memudahkan layanan,4,6,positive
bermanfaat,5,5,positive
kuuuk,3,0,neutral
yes,5,3,positive
wa kasi,3,-3,negative
blom tau bru mo coba,3,-2,negative
gi go,5,0,neutral
memperbanyak sahabat,5,4,positive
samsung galaxy s s,5,0,neutral
daftar pakai email tp gabisa masuk daftar ulang email nya terpakai berti daftar yg ud tp login ttp gabisa masuk,1,-3,negative
oke linkedin wawasan,3,2,positive
semoga slalu memamfaatkan kesempatan berbagi peluang,4,2,positive
iya oke,3,2,positive
semakun mantab,5,0,neutral
pemula,3,0,neutral
hati hati loker penipuan ane ketipu jngan srh transfer uang dg alasan apapun,1,4,positive
ditingkatkan mutunya thx,5,0,neutral
bagus,4,2,positive
wow,5,0,neutral
bagus sih tp gmn ya nambah jangka jd,5,9,positive
ok banget lindked,5,5,positive
ok,5,4,positive
,4,0,neutral
bgis,5,0,neutral
coba klo bagus tambahin bintangnya,4,4,positive
get smart,5,0,neutral
berbagi informasi pengetahuan teman,4,8,positive
blm apk ni pengen coba az,3,5,positive
membantu orang nilai manfaat dohabat,4,14,positive
nya gimana ka,3,0,neutral
iba,3,-5,negative
menyukai,5,4,positive
ngk paham aplikasi tp kasih bintang ja,5,-2,negative
mebantu laklakii atauperemuan yg butuh kerja,5,-3,negative
blm fasilitas upload resume data seandainya perbaikan usahakan kapasitas uploadnya minimal mb,3,1,positive
jooosssluar,5,0,neutral
im gon na try,3,0,neutral
brharap solusi pendapat inpormennya,5,3,positive
ok ok yes,5,11,positive
test dlu,3,0,neutral
great,3,3,positive
mantep ajha,5,0,neutral
menginspirasi,5,0,neutral
sukses sllu,5,3,positive
eklusif,5,0,neutral
liat aja,2,3,positive
profesional comunity,5,0,neutral
mantaffff jiwa,5,0,neutral
coba coneksi,3,2,positive
,5,0,neutral
membantu,4,4,positive
no comen,3,0,neutral
sambungan luas,5,3,positive
menolong mencari pekerjaan sesuai kemampuan,4,11,positive
mantab,5,0,neutral
berbagi pengetahuan informasi,5,8,positive
mencoba,5,0,neutral
membantu mencari pekerjaan,5,4,positive
hallow all comunity likein salam kenal sy mrjaiman sagala from indonesia,5,3,positive
linkedin wahana seiring kemajuan teknologi informasi linkedln manfaat,5,7,positive
tempe,2,0,neutral
oke,4,2,positive
verygood,4,0,neutral
thank membantu,5,8,positive
semprul,5,0,neutral
manfaat info bisnis linkedin,5,5,positive
bagua,5,0,neutral
sya sgt suka aplikasih,3,3,positive
infornasinya membantu,5,4,positive
the best of the best,5,0,neutral
,5,0,neutral
didownload pas dibuka gambar doangagak kecewa,3,5,positive
app taikkkk bikin akun g bisaaa rugi download,1,-5,negative
bagus ntar d tambahin,3,2,positive
tolong perbaiki fiturnya lowongan hoax berujung penipuan,2,-2,negative
terpakza download kredit akulaku,3,0,neutral
so far so good,4,5,positive
hopefully could be make me stronger,3,0,neutral
tolong pulihkan aplikasi virginiaifit ifit,5,-1,negative
gokil,5,0,neutral
tes dl,5,0,neutral
membatu,5,2,positive
coba low gak ribet tmbh,4,-2,negative
coba ya ok ditambah bintangnya,3,10,positive
akurat,5,0,neutral
tp blm dapet kerja pake aplikasi,5,0,neutral
jempol,4,4,positive
terima kasih mrmbantu,5,4,positive
bergabung,4,-4,negative
daftarnya gk,2,0,neutral
mudah mudahan peluang pekerjaan cepat,5,11,positive
bsa ngajuin pjman,5,0,neutral
menginstal,5,0,neutral
membantu,3,4,positive
semoga aplikasi dapaat membatu yg mencari pekerjaan mempermudh,5,-2,negative
pokoknya mantap banget,5,3,positive
ok,4,4,positive
its ok search to job,5,4,positive
bermanfaat relasi pekerjaan,4,11,positive
good app for all people,5,5,positive
super,5,3,positive
br mencoba,4,0,neutral
bilang orang penggunanya yg bilang apk gak ngebantu belegug,4,0,neutral
no coment,3,0,neutral
memudahkan terhubung teman,5,3,positive
okthanks,4,0,neutral
pemakai applikasi terbantu terima kasih,3,4,positive
oke salut,5,2,positive
orang yaa penggunanya gak asik,5,4,positive
get job,5,0,neutral
trimaksih,4,0,neutral
gabung linkedln,5,-5,negative
up,4,0,neutral
bergabung,5,-4,negative
we be link in,5,0,neutral
coba,3,2,positive
q gabung,5,-5,negative
lumayan membantu,4,5,positive
ok,3,4,positive
baguuuus,5,0,neutral
semoga cepat pekerjaanamiinn,5,3,positive
terimakasih memasang linkedin iklan,5,5,positive
smga bermanfaat,5,6,positive
tdk mengerti,1,2,positive
membangun relasi kerja,5,5,positive
lope,5,0,neutral
gtw,3,0,neutral
mantap mengembangkan profesionalisme,5,5,positive
sgtu dlu blm tau isia heheheh,3,-4,negative
semoga membantu,5,4,positive
bermangpaat,5,0,neutral
rumit verifikasi,1,-5,negative
pemula,4,0,neutral
relationship,5,0,neutral
membantu skali kenal kalangan orang,5,7,positive
aplikasi terbaik seputaran job and experience,5,1,positive
bermanfaat pebisnis,5,5,positive
very helpfull,5,0,neutral
bermanfaat,4,5,positive
lemot klw hp,1,-5,negative
masuk linkedin khusys pekerja propesional,5,0,neutral
menambah informasi,2,5,positive
makasih semoga cepat kerja,3,9,positive
senang bergabung,5,1,positive
joss gandos,3,0,neutral
menarik ni kayaknya,5,1,positive
bermanfaat terimakasih,5,10,positive
bintang ya klo mantap langsung bintang,2,12,positive
ok,5,4,positive
busines,4,0,neutral
let be friend,4,0,neutral
tingkatkan kualitas app nya ya,4,8,positive
susah mendaftar pas bergabung lamaaaa skali knpa gtu modelnya,2,-4,negative
sgtu dlu,3,0,neutral
siep,4,0,neutral
good apk menambah wawasan lbih mudah teman yg berpengalaman dunia bussines indonesia,5,17,positive
lumayan nambah wawasan,4,1,positive
bos,3,3,positive
terimakasih linkedid,5,5,positive
sing lancat,5,5,positive
coba tau,4,-2,negative
job bagus,5,2,positive
sanagat suka,5,3,positive
coba pengalaman,4,4,positive
goodthnks,5,0,neutral
terbaik,5,5,positive
the thumb,5,0,neutral
tahap tahap tercapai sukses,4,6,positive
sabgat nembantu,5,0,neutral
ti,4,0,neutral
memasang suka,5,3,positive
bagus jg,4,2,positive
iya kerja bintang nya,3,2,positive
waw coba download deh nggk nyesel,5,-3,negative
coba dulukalau oke bintangnya,4,4,positive
baguus,5,0,neutral
dapatkah cinta sejati,4,6,positive
walk of fame city as lose,5,0,neutral
insya allah bagus bintang nya,5,7,positive
terima kasih good luck,4,13,positive
terimakasih aplikasi yg membantu,5,5,positive
capek log in verifikasi blasss gak log in,1,4,positive
perusahaan fiktif semudah orang it linkedin jebol email spam bertebaran dimana,2,-5,negative
hoaks sih ok,3,4,positive
mudahan bermanfaatamin,5,1,positive
terimakasihminta bantuannya pekerjaan,4,3,positive
semoga sukses bermanfaat,4,8,positive
manntaaappp,4,0,neutral
suksess,5,0,neutral
good job linkedln,5,5,positive
linkedin membuka wawasan barupeluang usaha barumembangun hubungan kerjasama legalsukses anggota linkedin,5,1,positive
sukses aplikasi linkedin,5,-1,negative
terimakasih linkendin berkat apk mudah mndpatkan pekerjaan alhamdulilah kerjaan sesuai yg harapkan bagus,5,23,positive
very nice,4,4,positive
usaha terima kasih linkedin,5,5,positive
udah pnya linkedin tp faham dn bru tw dosen wktu bliau ngajar klo trnyta bsa untk lbh mudh cari pkrjaan smga ya bsa untk lbh mdah cri job skrng kasih bntng dlu deh,3,4,positive
sy download mudahan bs membantu dlm mencari pekerjaan,5,5,positive
simply informatif and easy to use,5,0,neutral
i just instal and my command good,5,5,positive
bintang dulusoalnya penipuan atsnma prushaanmhon tingkatkan keamanan,3,0,neutral
terimah kasih sy kesempatan,5,2,positive
coba pakai gw kasih bintang dlu,5,4,positive
mabtap,4,0,neutral
ga bs cri kerja,1,2,positive
senang bertemu teman,3,7,positive
membantuthanks,5,0,neutral
rumit,5,-5,negative
coba x z acc bintang z langsung pelicin acc,5,5,positive
bagus,3,2,positive
klo bagus tmbahin bintag nya,3,2,positive
download blm coba kasih ja,2,4,positive
joz bagus,5,2,positive
semoga yg sesuai app berjalan tambahkan bintang nya trim,4,3,positive
nyaman,5,4,positive
id like to link in a blink,5,0,neutral
simple luarbiasa,5,3,positive
lg pengen belajar sih app,5,6,positive
tuh tmn yg deh,5,0,neutral
teman wawasan pengetahuan,5,4,positive
linkedin informasi informasi memperbaharui wawasan dunia pekerjaan usaha mantap,5,14,positive
mantabbb,4,0,neutral
yacari teman aja,3,1,positive
good applications,4,5,positive
menjalin persahabatan,4,4,positive
informasinya akurat,3,2,positive
bagus sih kalo realisasi,3,-1,negative
penambah koneksi good job,5,7,positive
ok oc,5,4,positive
msntap,5,0,neutral
suka mempermudah sosial media,4,4,positive
bagus menambah teman,5,5,positive
semoga bermanfaat bagus,4,7,positive
semoga berhasil,5,3,positive
semoga cepat pekerjaan,3,6,positive
wish you all the best,5,0,neutral
cari patner,5,-3,negative
want try,5,0,neutral
coba,3,2,positive
memudahkan mencari pekerjaan,5,3,positive
dlu kalo gampang tgl nambah,4,4,positive
aplikasi yg bagus membantu pekerjaan,4,5,positive
,5,0,neutral
goodjobs,3,0,neutral
test,4,0,neutral
semoga sukses,4,3,positive
bagusssssss,5,0,neutral
place support,4,4,positive
bagus membangun jaringan good for jobseeker,4,10,positive
klo bagus bintangnya nnti jd jendral ya,4,6,positive
apkikasi yg memperkenalkan profesi thx,5,0,neutral
aja nyaa semoga bermanfaat,3,6,positive
bagus bet aplikasinya,5,2,positive
coba apl,3,2,positive
daftar,4,1,positive
elegant,5,0,neutral
oke banget,4,3,positive
dlu dech yaam,4,0,neutral
bagus promosi,4,2,positive
people so awesome their jobthanks,5,0,neutral
semoga bermanfaat menjalin persahabtan,5,5,positive
anak tolong bantu,2,3,positive
bagus tingkatkan,4,2,positive
alfred hocsdi,5,0,neutral
semoga sllu kebaikan bgi,5,4,positive
mencoba kalo ok ya diterusin,3,8,positive
senang brgabung disinismoga prshabatan ttp trjlin selma nyaslm hock,5,5,positive
near perfect,5,0,neutral
tester,5,0,neutral
linkin park,5,0,neutral
coba dlu,4,2,positive
membantu menemukan teman kerjaan,5,8,positive
pokok e joss,5,3,positive
nyobian heula,3,-2,negative
silaturrahim,4,0,neutral
cba,3,0,neutral
terimakasih berbagi informasi,5,9,positive
mengenal orang berbagi dunia pekerjaan,5,7,positive
senang bertemen thank sihar albert auditor gbu,5,9,positive
ok good,5,9,positive
oke utk ajang informasi karier,4,1,positive
professional,5,0,neutral
sip update,5,0,neutral
yusepul dah,5,-3,negative
,5,0,neutral
banget,4,1,positive
ukey,5,0,neutral
membantu tolong up date info job terpercaya,5,4,positive
kali aplikasi moga info pekerjaan sahabat sahabat,5,5,positive
,3,0,neutral
aplikasinya bagus penggunanya bagus bertanggung yg gak bener isinya mengatasnamakan managemant,5,7,positive
lumayam,3,0,neutral
hoyong damel,5,0,neutral
membantu pencari job,5,4,positive
yoiii,5,0,neutral
coba kebenaran aplikasi,3,-2,negative
good informations for job,5,5,positive
actually this aplication not bed but i dont udestand why in message not any attrach for file like excel power point word and ect and the data for aplication so big and slow load please give me feedback and hope this app can be better than this time,3,-5,negative
it be counten very well,4,0,neutral
penguna tolong rinci,1,3,positive
semoga menbawa berkah,5,4,positive
aplikasi memverifikasi main tebak gambar menjengkelkan maaf ya sy uninstall terimakasih tebak gambarnya,1,17,positive
no coment,2,0,neutral
peminat linkedln,5,0,neutral
coba masuk,4,-1,negative
aplikasi menxukung peluang usaha,5,-3,negative
dinamis,5,0,neutral
semoga beruntung,4,4,positive
menyukainya,5,0,neutral
bagus tearah,4,2,positive
kasih bintang menarik terimakaih,3,6,positive
oknum yg tdk bertanggung dgn mengatasnamakan rekrutmen jdi lbh berhati tolong min kyk gini sgera diatasi,2,3,positive
bintang bagus kasih,2,4,positive
,5,0,neutral
teman saudara,5,0,neutral
bin lelet,3,0,neutral
ok kuotanya update update,3,4,positive
bagus kadang lelet,4,5,positive
realiaaai kebenaranya,5,0,neutral
sop,5,0,neutral
robot muncul ketik gambar dg solusinya,1,6,positive
okey okey,5,0,neutral
bagus kalangan bisnis,5,5,positive
membantu jobseeker,5,4,positive
,4,0,neutral
okey bagus,5,2,positive
ok membantu,5,8,positive
pantang menyerah,5,-8,negative
linkedln kirim video ya,5,6,positive
congratulation,5,0,neutral
mudahan membantu mencari kerjaan,5,4,positive
coba,5,2,positive
lumayanlah nyoba,3,0,neutral
hallo everyone,5,4,positive
good aplikasi,5,1,positive
jos,5,0,neutral
its something new for me awesome,5,0,neutral
not bad,2,-4,negative
coba aja gw kasih bintang,5,5,positive
d coba,3,2,positive
menjalani hidup,5,5,positive
pangkas yg bermanfaat,4,5,positive
coba aja syiapa tau rizeki kerjaan,5,1,positive
domain email abal abal tolong diberinfitur report filter yg semacm semoga bermanfaat orang terjebak lowongan kerja palsu,3,10,positive
eror lambat input or edit profil,1,-3,negative
perkembangan ilmuyg bagus,5,4,positive
info job updeet,4,-3,negative
god jobb,5,0,neutral
dullu aja,2,1,positive
verifikasi sampe mnit sndri udah kaya teka teki keamanannya ribet,2,-2,negative
bagus banget,4,3,positive
siip dah,4,-3,negative
semoga,5,0,neutral
kucoba,3,0,neutral
aplikasi,5,-4,negative
lengkap kebutuhannya,4,2,positive
smoga sukses,1,3,positive
manjalon pertemanan bisnis,5,3,positive
very nice,4,4,positive
try first if its good ill give star,4,5,positive
beruntung kenal tenaga profesional,4,10,positive
kucoba dlu y klo ok kitatambah bintngny,4,4,positive
hidup diiringi doa usaha,5,7,positive
vmonoton utuk aplikasi chat tren moderen,3,-3,negative
good virtual design,5,5,positive
membantu banget,5,5,positive
look for job,4,0,neutral
more friends more opportunities,5,3,positive
ya terbukti tambahin,3,7,positive
knp utk verivikasi langkah keamanan bgt yah nya install,3,4,positive
semoga brmanfaat bru coba,4,2,positive
aplikasi memudahkan mencari pekerjaan,5,-1,negative
sukses,5,3,positive
nice,4,4,positive
smoga bermanfaat slalu,4,5,positive
ssh x bk linkrn,3,0,neutral
mantaf,4,0,neutral
suka,4,3,positive
tingkat online shop company profile,5,1,positive
aplikasi keren banget,5,-3,negative
nice,5,4,positive
top skor,5,5,positive
semoga kesuksesan,5,0,neutral
awesomoe,5,0,neutral
inspiratif,5,0,neutral
pokoknya keren,5,-3,negative
mamtap,5,0,neutral
like it,5,0,neutral
mempermudah say mendowload bahan kuliah,4,-4,negative
mantap bayak teman,4,5,positive
toap,5,0,neutral
oklah,4,0,neutral
informasinya usaha pas businis,5,6,positive
b,5,0,neutral
pemula,5,0,neutral
bermanfaat,5,5,positive
ok shiip,5,4,positive
pokoknya oke oce,5,-1,negative
gak upload artikel gambar file,4,-2,negative
informasi teman dikota,5,2,positive
bagus berteman,4,-1,negative
ferfect,5,0,neutral
memperbanyak temana,4,0,neutral
nice work,5,4,positive
bagus terhubung dunia luas,5,6,positive
a completeplatform for your professional career,5,0,neutral
bgus,4,0,neutral
excellent,5,0,neutral
very very very good,5,5,positive
membantu kebersaman dlm persahabatan,5,8,positive
your besttt,5,0,neutral
mencoba yg,4,0,neutral
media share positif pengguna medsos mari berbagi memperkaya wawasan kebinnekaan indonesia,4,11,positive
belajar and mengajar,5,3,positive
harap capta hilangkan krn menganggu klik klik tp gk kelar,1,6,positive
semoga,4,0,neutral
blm tau krna blm pake,3,-4,negative
bermanfaat,4,5,positive
semoga good,5,5,positive
banyk solusi dr aplikasi trma ksh,5,-1,negative
berbagi kesuksesan,5,2,positive
coba,5,2,positive
pengguna,5,1,positive
sipp,4,0,neutral
semoga membantu menambah relasi,5,10,positive
ditingkatkan,5,0,neutral
mantap bagus aplikasinya,4,7,positive
coba kalu bagus kasih full,3,6,positive
diferent and usefull,5,0,neutral
keren,4,0,neutral
tar ya dicoba dlu,4,6,positive
membantu pencari kerja menambah relasi,5,12,positive
we be the water solution,5,0,neutral
membantu sich,4,4,positive
bahus,5,0,neutral
daftar,1,1,positive
coba aplikasi mna kualitanya,3,-2,negative
ooo kk,5,0,neutral
login masuknya proses login diulangulang,1,1,positive
gampang mencari teman kerjaan,5,3,positive
good apps i like it,5,5,positive
joss,3,0,neutral
blum cobak nti klu ok tk blang sanggat membantu sekedar bintang makasih,5,12,positive
top,4,5,positive
ntar klo bagus tambahin,3,2,positive
sy coba dl mdh bagus apl ya,3,8,positive
mantep bsa ama org org sukses,5,3,positive
aplikasi,5,-4,negative
baguslah aplikasinya,4,0,neutral
membantu,5,4,positive
cobai,4,0,neutral
iklan,3,0,neutral
superbly usefull keep up the good work,4,5,positive
ziiippp,5,0,neutral
oke,5,2,positive
masuk kasih bintang,4,-1,negative
dunia luas,5,4,positive
good keep it up,5,5,positive
masuk linkedin dipermudah,4,-3,negative
mencoba dulukalau bermanfaat bintang nambah,3,5,positive
menambah koneksi,5,5,positive
bagus sngt membantu,5,6,positive
males banget buka linkedin kalo share gk langsung ngambil gallery masuk berkas susah nyari foto upload,1,-2,negative
udah lengkap aplikasi nya tambahin,2,-2,negative
lin bsa komunikasi ama rekan sepropesi cari peluang,5,3,positive
mem bantu pencari kerja sesuai skil,5,8,positive
sngat mmbantu sya full kn bintang ny,3,0,neutral
admintolong diperbaikisaya udh kali kirim fitur pesan aplikasi hasil nya gagalmohon tanggapannya pengembang aplikasi,3,-1,negative
salam hormat,4,0,neutral
log out,3,0,neutral
seruuuu,5,0,neutral
bintang aja bagus ditambah,3,3,positive
sy coba,4,2,positive
bintang sempurna,4,3,positive
mencoba bagus d kash full,2,2,positive
just like it,5,0,neutral
kalo bagus langsung,2,5,positive
aplikasi nya log out ya buka aplikasi linkedid log in,2,-1,negative
semoga lbh bagus lg pencari kerja dpt informasi seputar lowongan kerja,3,8,positive
bintang dlu klo udh paham tingkatkan,3,0,neutral
tank you,4,0,neutral
bergabung,3,-4,negative
mencari tau kegunaan nu,5,-3,negative
coba menarik kasih bintang full ok,4,12,positive
coba deh,5,2,positive
,4,0,neutral
senang,5,5,positive
sdg dlm percobaan,4,0,neutral
membatu zy,5,2,positive
dlu nnti klau bgus bru bintang,3,0,neutral
all shall be perfect,5,0,neutral
kasi bintang dl bagus promosi jenderalok,3,-1,negative
yesgood,4,0,neutral
bizzz,5,0,neutral
nih coba ydah kasih bintang dah tanggung aflikasi abal uadah panggilan kerja sampay,5,1,positive
app be the best,4,0,neutral
jooss,5,0,neutral
semoga bermanfaat ijin nyoba and jempol full,5,9,positive
we hope linkedin be fine than the others,3,3,positive
knpa susah aq bikin akun,3,-3,negative
membantu informasipekerjaan,5,4,positive
bagus share info loker,5,-1,negative
yaw,5,0,neutral
mencoba yg,4,0,neutral
bermanfaat berbagi pengetahuan,5,11,positive
good karier,5,5,positive
membatu activity kinerja,4,2,positive
thanj for your kinds,5,0,neutral
sarana pertukaran pengetahuan,5,5,positive
maknyuss,5,0,neutral
seep,5,0,neutral
oke,5,2,positive
bagus cari loker,5,-1,negative
mantp,3,0,neutral
can ngarti euyyy,5,-3,negative
thank bro,4,4,positive
ok dech,3,4,positive
supoort,5,0,neutral
bintang duluntar kalok bagus tambahin,3,2,positive
yes allrigth,5,3,positive
good performance,5,5,positive
cocok,4,4,positive
test ya,3,4,positive
coba,5,2,positive
like,1,0,neutral
menjadikan hidup mudah,5,6,positive
berharap membantu,3,8,positive
bagus berguna mencari informasi,5,6,positive
good luck,4,9,positive
coba dlu yah aplikasinya,4,2,positive
gimana sih gabung nya udah nulis yg perintah tapii langkah keamanannya yg bikin susah,1,-4,negative
applikasi membantu unt informasi yg berguna info lowongan pekerjaan,5,11,positive
good,4,5,positive
mempermudah menemukan loker good job,4,4,positive
mantabbb,3,0,neutral
come joint travel a lombok island,5,0,neutral
blom hasil join apk,4,4,positive
bergabung lanjutannya,3,-4,negative
ga ya kl infonya gak pakai bahasa ingris sy gak ngerti,5,1,positive
suka,5,3,positive
wawasan,4,0,neutral
pake app jd blm ngerti bgt,2,1,positive
coba,4,2,positive
ketemu,5,1,positive
membantu,5,4,positive
membatu banget link in temanketemu teman menambah wawasan mencari pekerjaan,5,6,positive
ja,3,0,neutral
aplikasi yg bermanfaat pekerja profesional,4,4,positive
ok ok,5,8,positive
berwawasan luas,5,3,positive
tyop,5,0,neutral
coba dlu y bagus bintang lg,3,4,positive
gool aplikasi,5,-4,negative
kl,3,0,neutral
yahlumayanlah,4,0,neutral
no understand,3,0,neutral
aplikasi menghubungkan pencari kerja dunia,5,-1,negative
aplikakasi,5,0,neutral
soiip,5,0,neutral
bgus,2,0,neutral
nyobain dlu,5,0,neutral
bergina banget informasinya,3,3,positive
bagus yaa insya allah,4,7,positive
lu,3,0,neutral
coba yaa,3,2,positive
make bintang kalo bagus,3,2,positive
kali akun hilang gitu aja email sandi aj gak buka tolong donk blas bagimana biar akun,1,11,positive
puas aplikasinya,5,3,positive
sulit display nya berat page nya,5,2,positive
bintang karna pendaftarannya sulit,3,0,neutral
happy fun,5,5,positive
semoga aplikasi mendaparkan pekerjaan,5,-1,negative
dunia maya dh macem akun,2,-1,negative
membantu sahabat,5,8,positive
kelebihannya,3,0,neutral
hati hati loker penipuan berdalih biaya akomodasi mengatasnamakan travel,1,3,positive
membantu menjadikan chanel diseluruh dunia,5,5,positive
berharap sesuai,3,7,positive
okay,4,4,positive
awesome by eastjava,5,0,neutral
ok,4,4,positive
terimakasih lk in,5,5,positive
suka,5,3,positive
jenpok rek,5,0,neutral
bingung aplikasinya,3,0,neutral
berkerja network yg,4,0,neutral
bergabung gagal melulu sih,2,-11,negative
membantu cari kerja,5,3,positive
verfikasi sandi berulang kali,2,0,neutral
susah tuk login nya,3,-3,negative
jaya,5,4,positive
menarik,4,4,positive
manis,5,5,positive
siiip,5,0,neutral
sayangnya terjemahnya,3,1,positive
minat teman aja yg ngasih tau,2,4,positive
me and yu,5,0,neutral
bagusnya,5,0,neutral
,5,0,neutral
gooodd,4,0,neutral
xp cp motor atv,4,0,neutral
いい,4,0,neutral
cb,3,0,neutral
hp sulit snyt krng bgus,3,0,neutral
saran masukan linkedln lowongan penipuan filter,1,2,positive
mayalah,3,0,neutral
sulit masuk,4,-3,negative
membantu meningkatkan network,5,4,positive
lihat,4,3,positive
memuaskan,2,5,positive
terpecaya,5,0,neutral
install,5,0,neutral
ga akses web ya,4,6,positive
verifikasi masuk nya susah bgt gak susah masuk verifikasi robot sungguh sayangkan,1,-8,negative
aplikasi bagus membatu,5,0,neutral
thank,5,4,positive
goodverry good,5,5,positive
sukses nda mesti mahal,5,1,positive
penipuan mengatasnamakan perusahaan mencari pekerja karyawan uang,1,6,positive
bagus memudahkan mencari teman pekerjaan,4,5,positive
dipelajari manfaat nya,4,5,positive
yess,4,0,neutral
terima kasih linkedln berkat km jd mudah mencari pekerjaan menemukan byk teman perusahaan lokal negeri,5,14,positive
pngguna min,4,0,neutral
aplikasi linkend cepat profil teman,5,-1,negative
semoga usaha berkembang,4,1,positive
wow super aplikasi,5,-1,negative
help full,5,2,positive
linkedin mantapp,5,0,neutral
oke try,3,2,positive
good job,3,5,positive
pertahankan kemudahan,5,4,positive
coba tau aja langsung dpt kerjaan,5,4,positive
nyoba,2,0,neutral
salam perdodara an sh terate,3,0,neutral
membantu bisnis,5,7,positive
pembaruhan ko stiap minggu sihh,3,-2,negative
nya bagus semoga bermanfaat,4,7,positive
tolong diterjemahkan bahasa indonesia benci gw apl gak download sih,1,3,positive
good tool,5,5,positive
coba aplikasinya kalo bagus nambah,3,4,positive
samgat membantu,5,4,positive
until now update why update again and again but if your signal bad can not conect if we travel around and get bad signal in some town only say bugbugbug please we need this app make update help everyone in everywhere in africa cuba or small island no name thx for att,3,-9,negative
good inspirator,5,5,positive
manfaatnya,4,3,positive
kasih aja coba semogah bermanfaat,5,10,positive
paket internet as hajar mendownload mb,5,-1,negative
optimal,1,0,neutral
info terbaru dpt inform lwt email,4,1,positive
sip,3,0,neutral
good solution creditial global,5,5,positive
tes ya nmbh lg deh,3,4,positive
good application butmake simplethanks,4,5,positive
good aplication,5,5,positive
kerjanya akurat,5,0,neutral
ok babget,5,4,positive
profesi profesionalisme,5,0,neutral
you kb you,5,0,neutral
okmoga sukses,5,3,positive
cocok b,3,4,positive
aplikasi sbenarnya bagus suka aplly lowongan sign in pas pakai sansi salah nggak melamar kemanapun,2,1,positive
excellant,5,0,neutral
mudahan bermanfaat,5,6,positive
ga login,1,0,neutral
bisnis,5,3,positive
bagus simpel informasinya,5,7,positive
yaaaa keren bngt lahhh,5,1,positive
keren banget terpercaya,5,1,positive
membantu informatif,5,4,positive
universal lingkup luas cocoknya yg kerja negri yg dicari yg kelas s pengalaman bahasa default inggris cocok fresh graduate keamanan ketat penipuan mengatasnamakan pt terkenal iming gaji dicari wanita embel mess dibuktikan persyaratan kualifikasi yg persis beda pt,1,-1,negative
okkkk,5,0,neutral
pusing bayar sekolah pinjaman daftar kuliah butuh dana juta,5,3,positive
very nice n good,5,9,positive
aplikasi terbaru tpi tman msih smga dpet yg bru,5,1,positive
fiturnya bagus,5,2,positive
siipppp,4,0,neutral
mantapppp,4,0,neutral
pindah kartu memory,5,1,positive
link sy srlalu dukarcfy buka krn luoa password sy saranksn coba afmin libked fafilitas penggsntiisn password simpel safe jsngan fpt google ribet,3,4,positive
iklan,3,0,neutral
good i like,5,5,positive
bagus komunitas profesional,5,4,positive
great app,4,3,positive
lbh formal,2,2,positive
oke,3,2,positive
yg sederhana,2,3,positive
salam sukses,5,3,positive
seep ok,4,4,positive
i like linkedin,5,0,neutral
jempolan tuk d coba biar up date,5,7,positive
mahalnya,5,0,neutral
nyoba kasih y,2,2,positive
informatif membantu,3,4,positive
update biar keren,4,1,positive
cari baiksp tau blanx,4,-7,negative
ntar,3,0,neutral
bast,5,0,neutral
link be the best,5,0,neutral
apagk ngèrti,4,0,neutral
puuas,5,0,neutral
coba,3,2,positive
link to,4,0,neutral
user pemula meningkatkan pelayanan,4,3,positive
utk komunikasi informasi,5,4,positive
bagus gsn,4,2,positive
bagus,5,2,positive
okbanget,5,0,neutral
mayan,3,0,neutral
gk,1,0,neutral
sayangnya aplikasi tdk disalin teks aplikasi,3,-10,negative
top la,5,5,positive
tetep ok,5,4,positive
mudah,4,4,positive
bismillaah tes yaaa cari kerjaan cocok in syaa allaah,3,3,positive
coba dlu,4,2,positive
suka bagus banget,5,6,positive
help me to find out my friends connect with them thank,4,9,positive
dicoba duluaq kasih bintang,3,4,positive
kasih dlu ya krna bru coba versi android yg web suka,4,11,positive
bagus,5,2,positive
aplikasi highclass keren,5,-4,negative
emang sip,3,0,neutral
tes dul coba,4,2,positive
bintang nya ya,4,4,positive
bagus partner kerja,5,4,positive
bagus bermanfaat pebisnis,5,7,positive
simple network bussines,4,3,positive
cb ya klo bgs ok,4,8,positive
ga ngerti ni tamu,5,1,positive
tuk informasi berbagi cerita slalu terbaik,4,11,positive
coba,3,2,positive
aplikasi d pasang nyampe jam nggak muncul,2,2,positive
menolong,4,4,positive
leh,5,0,neutral
tes,4,0,neutral
testimoni,5,3,positive
bagus koneksi,5,4,positive
helpfull application,5,0,neutral
god job,4,0,neutral
bener kah,5,3,positive
mantappp,5,0,neutral
ariestriwahyudise,5,0,neutral
semoga,5,0,neutral
bismilah test ya,5,4,positive
keren n mantab,4,0,neutral
bru pakentr klo bgs d bintangnya,3,0,neutral
aplikasi top banget smoga smakin ngetop,5,2,positive
bagus bersatu teguh bercerai,5,1,positive
i so happy to use this application can help me to join other people and to share about some business thank,5,12,positive
aplikasi membantu kawan,4,0,neutral
bagus guy,3,2,positive
lumaya membantu,3,4,positive
menambah relasi,5,6,positive
the best for teacher,5,0,neutral
terkenal tpi blm prnah nyoba,5,5,positive
klo bagus nambah,1,2,positive
tank sngat membantu,5,4,positive
coba ya,4,6,positive
its so excite meet the best people on their world,5,0,neutral
berguna link,5,5,positive
suka kadang sulit mendaftar cari pkerjaan,4,3,positive
bug update profil,2,0,neutral
coba gimana jogetnyaklo mantab gpp,3,2,positive
matnap bagus,5,2,positive
perbaharui,5,0,neutral
keep go,4,0,neutral
gabung ga aktiptapi linkedin setia,3,-9,negative
semoga sukses slalu,5,3,positive
ribet masuk keamananny ribet ulang masukny,2,-11,negative
kalo bagus,3,2,positive
mαπtααp βroo,5,0,neutral
sukses ya,5,7,positive
dl kl bgs br tmbh,3,0,neutral
be good,5,5,positive
simple easy acces,5,3,positive
kalo bagus bintangnya,3,2,positive
bermanfaat menjalin komunitas pengembangan relasi,5,13,positive
great app for link the professional each others,5,3,positive
semoga berguna,5,5,positive
godjob,4,0,neutral
semoga manfaat job,4,5,positive
memudahkanku menemukan relasi,5,5,positive
tau masuk aplikasi ket login valid lewati puluhan keamanan ganti sandi hapus data masiihhh aja hadeeeuuhhh,1,-13,negative
block iklan,2,-4,negative
ok referensi,5,4,positive
dicoba,3,2,positive
memperluas hub kerja,5,2,positive
malas pakai,1,-4,negative
sya senang suka dngan app,5,8,positive
mencoba,3,0,neutral
manfaatnya,3,3,positive
bertukar informasi,4,2,positive
mencoba peruntungan dr sebu app,4,4,positive
kalo membantu kasih bintang,3,6,positive
mencobaklo bagus n bintangnya,4,2,positive
jaringan,5,3,positive
okeeeeeeeeeeeee,5,0,neutral
bagus banget,5,3,positive
kenemu,5,0,neutral
membantu fresh guadate,5,2,positive
lengkap,4,2,positive
coba yaa,4,2,positive
sipp good,4,5,positive
br download smg manfaat,3,5,positive
mempermudah hubungan pekerjaan,4,0,neutral
aplikasi positif,5,0,neutral
menyukai,5,4,positive
mantap mudah an berguna,5,14,positive
good opportunity,5,5,positive
tester yach,3,0,neutral
smga kedepannya lg,4,1,positive
tigɑ ɗʆuɳɑɳti kɑʆɑu รɗɑɦ ɓiรɑ ɓɑʀu kɑรiɦ,3,0,neutral
sy mudahan promosi bisnis,3,4,positive
kl diperbanyak lg info,5,-3,negative
thank,5,4,positive
ntr klo bagus tamba,3,2,positive
pengaturan email notifikasi,3,0,neutral
i love linkedin,5,5,positive
mempelajari,4,0,neutral
아 좋아해,5,0,neutral
msa cobaan kl ngs tambsh,2,-5,negative
the best for aplikasi,5,-4,negative
aplikasi bagus,5,-2,negative
this application be very good thank,5,9,positive
dlu membantu,3,4,positive
menambah kreatifitas tersendiri,4,3,positive
unt menerima info yg positif,5,4,positive
senang banget,5,6,positive
good apps,3,5,positive
mantap sya kerja,5,7,positive
kurangi hoax,4,-5,negative
i love dd,5,5,positive
goodtingkatkab,5,0,neutral
permudah,5,0,neutral
app linkedin emang top lahhanya dibenahi lagikl aq send masages org yg aq knal gak kebuka tool send masages nya bro thank,4,9,positive
amaze,4,0,neutral
,5,0,neutral
mantap,4,5,positive
penis,5,-5,negative
sagat membantu,3,4,positive
good tpi jgn suka lemot lg,4,3,positive
this be world your the control,4,0,neutral
good,5,5,positive
gurih,5,1,positive
trim,4,0,neutral
coba,4,2,positive
meningkatakan relasi,4,3,positive
good boy,5,5,positive
no komen,2,0,neutral
good for organitation,5,5,positive
pencari kerja linkedin yg pas mencari kesempatan karir recruiter yg linkedin mencari talent yg sesuai tugas mengisi profil selengkap pengalaman pendidikan kursus dll pertimbangan recruiter menghire,5,5,positive
best moment,5,0,neutral
ditingkatkan programnya,5,0,neutral
good job bro,4,5,positive
bagus ngerti pake nya hehehhe,5,3,positive
mantap om,5,5,positive
go on top,5,5,positive
utk membangun jaringan,5,3,positive
sangatembantu,4,0,neutral
good apps very recomended this apps,5,5,positive
moga membantu mantap,5,10,positive
dicoba ntar ditambah bintangnya kalo bagus,1,4,positive
lu manyun,3,0,neutral
good joobs,4,5,positive
bermanfaat utk pengguna,5,6,positive
gak didonwload kesalahan tulisannya,1,-5,negative
senang dgn aplikadi,5,5,positive
helpull,5,0,neutral
greaters,5,0,neutral
membantu menamba rekan mencari pekerjaan,5,8,positive
good lumayan mencari pekerjaan,5,6,positive
ok ajj,5,4,positive
pembaruan mei aplikasi dipindahkan micro sd this application can not be move to sd card,1,0,neutral
coba,3,2,positive
mantap,4,5,positive
siip,5,0,neutral
bagus utk mengembangkan jaringan,5,5,positive
agrobisnis and gemstones,4,0,neutral
pendapat,5,0,neutral
jet a job easily,5,0,neutral
linkedin be the best,5,0,neutral
mantaap,3,0,neutral
memahami,2,3,positive
semoga eksis,5,0,neutral
menyukai,5,4,positive
coba semoga bagus,5,4,positive
i cant write my note for my friendsnhmm,3,0,neutral
yeahh,3,0,neutral
lihat ahbaru suka,3,6,positive
its just begin for growth,4,0,neutral
maaf belajar,3,5,positive
oke untk yg sudh fham,3,2,positive
ketemu teman,4,1,positive
tanda,5,-2,negative
lumayan nambah pergaulan,3,1,positive
maju teknologi tuntut utk mempelajarinya teliti yg bermanfaat,5,2,positive
coba dlu,4,2,positive
asik relasi good job link,4,12,positive
bingung cari linkedin mohon pengarahan penjelasan usaha bidang likendin anggota,4,0,neutral
aja ya,3,5,positive
koneksi kerja,4,4,positive
jaga sholat,5,7,positive
sy kasih bintang dlu,2,2,positive
save bahagia,5,4,positive
membantu,3,4,positive
mogamoga aja ngebantu banget,5,2,positive
mohon,5,2,positive
amaze sosmed for the future,5,0,neutral
bagus tingkatkan,5,2,positive
bintang ya ntar ditambah,4,4,positive
sip,4,0,neutral
kereeeeennnn,5,0,neutral
bagus menyukai,5,6,positive
be happy,3,5,positive
bagus,5,2,positive
mantab aplikasi mend jadikan bb simpel dah gak makan makan ram hp lowend,5,-2,negative
hidup lillahi taalaa,5,2,positive
app mudah,3,4,positive
coba kalo bagus,3,4,positive
kembalikan data ku,5,-3,negative
i always renew this app but still cant move in micro sd card why,5,-2,negative
coba klo bagus nnti mudhan membantu,3,8,positive
payah,1,0,neutral
good for job seeker,4,5,positive
lumayan cari info loker nya,5,-5,negative
interaksi yg maju bravo,5,3,positive
,4,0,neutral
baguss bangettt,5,0,neutral
manyap,4,0,neutral
new app clean and responsive,5,0,neutral
bagus lahh,4,2,positive
moga sukses,5,4,positive
awam,5,0,neutral
kiro kiro iso ora iki,3,-3,negative
blm coba,3,2,positive
sippp,3,0,neutral
lina,5,0,neutral
lumayan aja,3,2,positive
berjuang henti,5,-4,negative
i love this apkits very useful,5,5,positive
bagus bisnis,5,5,positive
membantu fresh graduet,5,2,positive
greatt,4,0,neutral
great aplikasi,5,-1,negative
mempermudah mencari orang terkait pekerjaan,3,-6,negative
very helpful to find a new job,5,0,neutral
inovatif,5,0,neutral
mewujudkan pekerjaan mudah,4,4,positive
membantu mencari relasi jaringan kerjathnks,5,7,positive
buka coba semoga bermanfaat,5,10,positive
mudahan dpt pekerjaan yg bagus,5,6,positive
membantu,5,4,positive
mencoba bintang,3,0,neutral
urang update,3,0,neutral
mantapp,4,0,neutral
lumayan bermanfaat,4,6,positive
,4,0,neutral
job,5,0,neutral
nyoba ya,2,4,positive
spam instal i hate i do uninstal but spam notif,1,-11,negative
,3,0,neutral
ga,2,0,neutral
program kenyataan,5,0,neutral
semoga bermanfaat,5,5,positive
sya coba bintangnya yaaah,2,2,positive
mencoba semoga aja,4,1,positive
baguss banget,5,1,positive
bagus skali,5,2,positive
mantab qolbu,5,0,neutral
,5,0,neutral
sumanget,5,0,neutral
udh download gak buka,5,3,positive
relasi plus info,5,2,positive
membantu,5,4,positive
nyoba dlu ah,3,0,neutral
membantu dlm belanja,5,6,positive
bertemu dgn yg tlah miskomunikasi,5,2,positive
perpect,5,0,neutral
percobaan,5,0,neutral
good choice,3,5,positive
admin memakai aplikasinya,5,0,neutral
mudah mudahan menerima,4,8,positive
kasih bintang dlu tar klo bagus bintang,3,4,positive
force close bad problem but good app,5,-5,negative
tes deh,2,0,neutral
be,4,0,neutral
bermampaat,4,0,neutral
suka bisnis,3,6,positive
pokoke apik,5,0,neutral
susah log nya sdh berkali kali,4,-3,negative
media koneksi terpercaya,5,2,positive
mantao,4,0,neutral
keren banget okay,5,5,positive
coba,3,2,positive
dlu z,4,0,neutral
semoga membantu,5,4,positive
bagus blog,5,2,positive
daftar,3,1,positive
apapun dimanapun handal,4,0,neutral
good application,4,5,positive
coba ribuan kali tetep ga log in,1,2,positive
mendukung kesuksesan,5,0,neutral
ciba,3,0,neutral
siiiip,4,0,neutral
cobq duli,5,4,positive
lumayan membantu,4,5,positive
ok weldone,5,4,positive
woww,4,0,neutral
coba n belumtau,5,2,positive
fabulous,5,0,neutral
keeereeen,5,0,neutral
membantu,4,4,positive
ya iya,5,4,positive
mudah bermafaat,5,4,positive
gak enk,1,0,neutral
insyaallah,5,2,positive
siep,5,0,neutral
good dah,5,2,positive
cukuo berguna,5,5,positive
indah berbagi iklas,4,5,positive
sample and easy,5,0,neutral
unduh,5,0,neutral
bagus nambah link orang profesional,5,2,positive
just go ahead progress,4,0,neutral
lumayan upgrat lgi biar lbh bgus,3,2,positive
good super mudah dapatkan apartemen harga terjangkau,5,17,positive
lowongan gak nerima bohong makai applikasi,3,-5,negative
bagus info kerjaan,5,1,positive
jarang peluang,3,0,neutral
pertahan meningkatkan mutu,4,3,positive
logout,3,0,neutral
semoga rejeki pekerjaan yg harapakan linkedin,4,7,positive
bagus mohon ditingkatkan mudah cepat,5,11,positive
membantu meningkatkan jaringan kerja profesional,4,9,positive
thank linkedin find place work more easy,5,4,positive
lemot,5,-5,negative
semoga bagus aplikasinya,5,2,positive
very great appl silahkan mencoba,4,6,positive
lbih ok,5,4,positive
aplikasi terbaik,5,1,positive
up terusss,1,0,neutral
ok,5,4,positive
coba moga bermanfaat,3,8,positive
just do it karim,5,0,neutral
tolol,1,-5,negative
sy kasi bintang dlu klau bagus tau kasih,3,-3,negative
im engineer,5,0,neutral
smoga succses,4,0,neutral
be verry good,3,5,positive
gòod for proffesional communication,5,0,neutral
coba yah,4,2,positive
mengesankanterimakasih,5,0,neutral
gut,5,0,neutral
this good aplikasi,5,1,positive
bagus,3,2,positive
bagus krn semntara lg sibuk,3,6,positive
very good app,5,5,positive
dg linkedln sy bs lbh tau informasi dg cpt,5,-2,negative
tess,3,0,neutral
coba mencobak,5,2,positive
aplikasi nya mohon bantuan nya,5,-2,negative
many thank for accept in linkedin hope fine to get network,4,7,positive
padat berbobot,3,2,positive
pretasi yes narkoba no,5,3,positive
tolonglah memories,5,0,neutral
bintang entar klu udh coba bagus entar lg,2,4,positive
goodyear,5,0,neutral
linkedin membantu bijaksana salam,3,5,positive
mantab,5,0,neutral
suka banget dgn aplikasi membantu,4,4,positive
the good conection,5,5,positive
,3,0,neutral
membantu link pekerjaan good job,5,12,positive
bagus hasil sumber belajar berbagi informasi,4,12,positive
baij,5,0,neutral
bagus membantu karier,5,6,positive
membatu bangeet,5,2,positive
bagus,4,2,positive
ditingkatkan akses loginnya,5,2,positive
soo far good,4,5,positive
bagus mempermudah komunikasi kembangkan,4,1,positive
awesome app,5,0,neutral
bgus,4,0,neutral
bagus,5,2,positive
apk nya bagus ih memudahkan komunikasi,5,7,positive
sipsemoga bermanfaat,5,5,positive
cba dlu yeh,5,0,neutral
media yg positif,5,4,positive
god,4,0,neutral
mantabzzz kerreennnzz pokonyaahhh okeehh bang deehh,5,0,neutral
good job,5,5,positive
its ok,3,4,positive
kereeeennn,5,0,neutral
it still buggy cant put unlisted company name please fix it,3,-3,negative
like this app to help us find a new job,4,2,positive
mantap bro,5,5,positive
suka ruuuaaarrr biiiaassaaa,5,3,positive
media yg ruarrr hebat suka suka,5,6,positive
semoga succes patner,5,0,neutral
ye,5,0,neutral
membantu mengembangkan jaringan,5,7,positive
error force close,2,-7,negative
keren kenal sahabat negri thx,5,7,positive
aggre,5,0,neutral
god job,5,0,neutral
coba pengalaman,3,4,positive
it should not need payment for full feature,4,0,neutral
elek,5,0,neutral
membantu mudah,5,8,positive
aplikasi bermanfaat,5,1,positive
be oce,5,0,neutral
bagus cari relasi,4,2,positive
suka mencobanya,5,3,positive
new ready,5,1,positive
memperluas jaringan terbatas,4,6,positive
kreatif partisipatif,5,4,positive
good for business,5,5,positive
good informations always,4,5,positive
nice,5,4,positive
biar lancar smua,4,5,positive
membantu menghubungkan dunia,3,5,positive
good aplication,5,5,positive
sukses,5,3,positive
future apps,5,0,neutral
ok z klo promo usahaku,5,7,positive
yes i like,5,3,positive
jaringan,5,3,positive
memperluas jaringan good lahhh,4,8,positive
oke utk dicoba,5,4,positive
limit gratis tpi knp nya pulsa doang,3,2,positive
nice application,4,4,positive
sebal,2,0,neutral
membantu mencari pekerjaan,5,4,positive
oke bgt,4,2,positive
bermanfaat berjejaring nambah pengetahuan,4,9,positive
nice and very nice,5,8,positive
good,4,5,positive
sip jos,5,0,neutral
keren aja,5,1,positive
mantap abieeezzzz bro,4,5,positive
nice app,4,4,positive
sii,5,0,neutral
membantu mantappo,5,4,positive
yes i do,5,3,positive
i like this apps,5,0,neutral
jaringan luas,5,6,positive
bangsak,5,0,neutral
hello worlds,5,2,positive
aplikasinya kalo perbarui kemacetan,3,0,neutral
cukur puas,3,3,positive
hello kitty,5,2,positive
berita berbobot,5,-2,negative
mudah mudahan bisnis,4,8,positive
nice,5,4,positive
nice,5,4,positive
blm coba mudah mudahan bermanfaat,5,12,positive
suka aplikasi mengirimkan pesan orang,4,1,positive
bagus aplikasinya,5,2,positive
nice app and recomended,5,4,positive
peluang menambah wawasan,4,3,positive
aplikasi android wajib instal bermanfaat,5,-1,negative
klo dah ditrima krja br nmbah bintang lg,4,-3,negative
tes bagus kasih,3,4,positive
nambah informasi,4,2,positive
nice apps,3,4,positive
kecewa akun dibatasi,1,0,neutral
bagus meningkatkan ilmu pengetahuan,5,10,positive
informatif membantu utk orang yg mencari pekerjaan,5,4,positive
,2,0,neutral
keren banget nih,4,1,positive
linkedln kirim pesan balas pesan pengguna linkedln yg laintiap balas pesan ktanya pesan gagal dikirim mohon tanggapannya,2,13,positive
bahagia,5,4,positive
like cv online to promotion our life,4,-2,negative
goodvery good application,5,5,positive
msih mencoba,3,0,neutral
aplikasi,4,-4,negative
nice to have,5,4,positive
make a simple get information,5,3,positive
berguna,5,5,positive
buka link padwordnya bilang salah,1,-1,negative
bermanfaat utk,4,5,positive
ok good,5,9,positive
semoga bs org yg sukses,3,3,positive
nnti dtmbh klo bagus ya,3,6,positive
not bad,3,-4,negative
nyoba klo realty ya tambahin,3,4,positive
lanjutan,5,0,neutral
joss gandos,5,0,neutral
kebutuhan diandalkan,4,4,positive
i love you,5,5,positive
coba dlu deh,5,2,positive
good app,4,5,positive
linkedln top,5,5,positive
ksh dulukl bgs tambahin,3,0,neutral
kasih dlu,3,2,positive
coba dulubarangkali dpt job,3,2,positive
like this for aplication,5,0,neutral
bapuk,1,0,neutral
good relation information for me,5,5,positive
good,4,5,positive
coba,4,2,positive
memahami,3,3,positive
sya coba,4,2,positive
semoga membantu bismillah,5,8,positive
proses instalnya android,2,1,positive
mantab bri,5,0,neutral
lumayan bgus entr bintangnya,3,1,positive
sulit masuk,5,-3,negative
coba semoga bermanfaat,5,7,positive
penyemangat kehidupan,5,0,neutral
mendaftar masuk akun,1,-3,negative
kjooooss,5,0,neutral
coba,3,2,positive
bgus aplikasinya tolong jringannya jgn trrlu yg bgus krn h susah,5,0,neutral
lh,5,0,neutral
linkedin ok,5,4,positive
big help and a lot of information,5,-3,negative
i like it,5,0,neutral
semoga dpt membantu,4,4,positive
linkedin yng terbaik berita wahidiyah,5,1,positive
its very easy to contact people,4,0,neutral
my linkedin be mspk cadsena,5,0,neutral
resep,4,3,positive
cona dulj,2,0,neutral
dicoba nih,3,2,positive
bangus nih aplikasi keren tp q coba,3,-2,negative
ok jg,3,4,positive
susah installnya susah daftarmya susah loginnya,1,-9,negative
masuk mohon dantuannya terimakasih,3,4,positive
mboch,5,0,neutral
