text,rating
kulu kulu,5
terbaik,5
mention orang ya,1
mudah mudahan rezekiku biaya hidup,5
bagus,5
ananias simon malakabu,5
ok,5
aneh buka kolom jaringan aplikasi,1
i cant register always try again,2
terima kasih linkedin nama abdul yasmin sorotan dunia,5
google payments privacy notice last modify november the google privacy policy describe how we treat personal information when you use google products and service if you be under the age of you can find additional resources in the google teen privacy guide google payments be offer to google account holders and your use of it be subject to the google privacy policy in addition this privacy notice describe google privacy practice that be specific to google payments,5
bagus,1
semoga slalu sukses canggih,3
kurangi iklan,5
excelent,5
tolong ajariysaya berpengalaman terimakasih,5
mantap aplikasi nya,5
keren,5
semoga sukses tercapai,5
akun login minggu semenjak habis post portofolio mari pemeriksaan keamanan cepat faktanya akun log in mohon bantuannya,2
aplikasi pencuri memotong saldo dana,1
kotak black screen kalo ganti sandi ya ulang dll,1
memuaskan,5
aplikasi linkedln kedepan nya terkoneksi aplikasi whatsapp mempermudah obrolan pencari kerja pemberi kerjatingkatkan fitur kedepannya pengguna aplikasi udah bagusbaiksemoga bagus aplikasi amin sukses kedepan nya aplikasi maju,5
mantap,5
memasak menyajikan makanan dimakan tamu,5
aplikasi bagus bermanfaat,5
good,3
bagus,4
login susah ya trs udah login apk nya lag parah mohon diperbaiki ya,1
aplikasi membantu berguna,5
,5
platform konsep keamanan tolol tau bisanya akun kena pembatasan permanen bikin verifikasi persona dipake aja namanya pemaksaan aja biar data pribadi udah gitu verifikasi aja nunggu load seabad menghadapi captcha tolol,1
bahasa indonesia andi mijriana gula merah,5
akurasi pencari kerja top,5
oke,5
pamer posisi curhat,1
aplikasi bagus,5
tolong ya dibantu penutupan akun penghapusan akun load berfungsi maksudnya ya tolong dibantu hapus akun linkendin susah aplikasi langsung dihapus linkedin susah terimakasih,2
notifikasi akun nonaktifkan login mari lakukan pemeriksaan keamanan cepat banget udah jam ga muncul bener,4
good menyukai,5
amaze,5
verifikasi susah warga negara indonesia memiliki passport ktpsim verifikasi warga indonesia,2
mantab,4
aplikasi bagus warna tampilannya sederhana menarik info berguna berkenalan bergabung tim tim hebat negeri tambahannya aplikasi komentar tombol terjemahan bahasa memudahkan mengerti bahasa mohon maaf terima kasih,5
aplikasi membantu,5
aplikasi cocok sampingan,5
manusia,5
bagus,5
okbos,5
keren media teranotasi ai,5
login susah buffer jaringan bagus,1
baguss,5
good job,5
merepotkan memaksa orang masuk linkedintapi respon cepatbikin susah habiskan,2
aplikasi membantu koneksi bisnis,5
aplikasi bermanfaat ntah memahami penggunaan aplikasi aplikasi repot terkadang suka melihatlihat pekerjaan aplikasi kebanyakan loker palsu putuskan menghapus aplikasi terimakasih linkedin,3
usefull app,5
bermanfaat menambah wawasan pengalaman,5
cari kerja,5
membantu informasi pekerjaan cari,5
aplikasi busuk cokmau verifikasi email aja susah banget,1
load mulu jaringan lancar tungguin sejan ga kelar kelar,1
apk ribet tolol gagal login blokir akun kebanyakan aturan bagus nya kaga,1
p z,4
lumayanlah,5
okay,5
pemeriksaan cepatnya berulang ulang lodingnya ga nih apk,1
ari rahayu,5
loginnya susah sumpah bikin emosi udah masukin nomor hp nomor gak dipakai ganti nomor hp sampe kali gak pecahin teka teki udah pilih dibilang kosong pilihan emang gilalah bikin badmood,1
kreeen abiss,5
jarang buka akun kena batasan verif nya ribet udah kali verif kaga kebuka,1
logout tutup,3
aplikasinya bagus banget min sampingan uang jajan pokoknya rekomen banget kerja sampingan pelajar uang jajan tambahan,5
aplikasi bagus,5
akses data pribadi orang hapus bug masuk,1
gabisa upload ya,1
aplikasi linkedinsangat membantu pencari loker,5
sanggat berguna,5
jelek banget dah verifikasi identitas error persona nya aneh aneh suspend gak salah sumpah nih aneh banget dah kadang load sampe abad dah pemeriksaan nya,1
bveaqis,2
assalamualaikum,5
akun x hack orang negeri akun terverifikasi terhubung nomor handphone email verifikasi,4
aplikasi gajelas duit gue ketarik dana,1
good goosss continue teransfaran for below alias zaini muhammad zaini,5
good apps,5
,5
uang ambil apk,1
keamanannya pas mereset sandi gak ganti kesalahan koneksi,1
lowongan yg uptodate,3
semoga informasi akurat manfaat penguna apk,5
ga dpt kerja satt,1
login aja pake ktp linkedin curi data orang ya ga online akun langsung hibernasi emang memaksa pengguna aktif tolol nggak nyampe,1
ok,5
audah,5
tease mee to get the chance iw,5
tolong perbaiki bug aplikasinya udah banget bug nya benerbener ga gunain,2
mempermudah perluasan relasi,5
worst apk,1
hp ku,1
senang tersambung dunia profesional dunia update pengetahuan dunia kerja,5
alhamdulillaah baarakallahu fiikum,5
aplikasi membantu koneksi bisnis lancar,5
taiii anjimm gw pulihin akun ga gubris gubris udh mingguan,1
gabisa masuk pas captcha gambar berkali kali diulang,3
suka bug tayangan profil ga like konten ga kalo udah refresh munculnya ga update udah ga update cari loker suka ga kontennya bagus aplikasinya,1
ngga masuk udah verifikasi,1
best,5
aplikasi nyaa menguji kesabaran udahh akun kali udah besoknya huftt capee nyoo lamaa,4
,5
orang flex pacarku cari kerja susah banget sebel deh apasih jt pekerjaan,1
good,5
busett dah apk cok daftar aja susah bgt muter dikemananan niat apk gak sih bug gini gak difiks pdhl ngeluh udah tau susah nyari pekerjaan diindo ditambah apk nya gini mulu nambah stress sih berharap mulu ama ginian mulu kekuar lingkaran setan,1
mohon perbaiki apply sesuai atur apply mohon direset terbaru mohon kembalikan set pencarian pekerjaan,3
gajelas tot,1
susah banget verifikasi bug nya aneh permudah akses masuk nya,1
akun gatau hack gimana nomer hp berubah gabisa login,1
dah tibatiba nonaktifkan udah gitu login muter muter mulu,4
lampiran perihal dfhaljkl,4
mendaftar akun aplikasi mengecewakan berbagi ilmu rekan profesi menambah wawasan terima kasih,5
,5
aplikasi jelek bug,1
coba daftar ngk maaf mulu yg maaf kesalahan silahkan coba gw coba gitu mulu,1
linkedin uang k info chat ya alamatkehiduan guy,5
,5
the app so slow to verify fasr security it aint work at all when i forget my my password,1
daftarkan akun gabisa,1
waaaaoow asyik,5
hasil postingan kolom pencarian tolong dibaca komen tolong diperbaiki bikin susah orang,1
aplikasi profesional membangun kesadaran mahasiswa kreatif produktif,5
aplikasi ga daftar akun udah cs website ig lempar lempar bad pelayanan bad aplikasi bad,1
tbtb pembayaran otomatis rb,1
like,5
cari kerja mudah mudahan bermanfaat,5
jlek nonaktifkan ape,1
semangat,5
mantap,5
gak membuka akun,2
cerita yg bagus,5
berguna,5
verifikasi chaptha diupang maksudnya min benerin lahh mempersulit aja,1
jelek banget susah login kyk babi,1
buruk aplikasi login susah dipersulit pemeriksaan keamanan cepat sesuai tulisannya cepat lamban koneksi internet memori lancar kendala internal perangkat internal aplikasi error mencoba diberbagai perangkat hasilnya kalo perubahan aplikasi ajukan repoke playstore mengecewakan,1
berbulan masuk aplikasi perbaiki,3
good terhubung profesional,5
bagus,5
membantu job seeker,5
linkedln sya bagus,3
stuppid,1
linkedin membantu karir,5
ga login verifikasi boot ga,1
bakrie contruction site manger medco coridor,5
masuk aja ga sampe pemeriksaan cepat ga bener,1
ok,5
mangkin aneh,5
mantap,1
diupdate bermasalah,1
oke membantu,5
aplikasi nya bagus membantu menambah aktifitas menghasilkan,5
iklan youtube,1
terkoneksi dg rekan,3
mentokkkkkk,1
login ae angel e ampun,1
urg,3
pemeriksaan keamanan cepat nya gimana si aneh banget gajelas,1
tolong kembalikan uang ketarik otomatis akun dana senilai sengaja terpencet fitur langganannua mohon kembalikan uang karna membutuhkannya,1
aplikasi gilak cari uang yg halal jgn nipu,1
connect duolingo,1
semoga bermanfaat orang,5
wow my account get restrict,1
tolong perbaiki masuk akun akun linkedin ganti hp coba masuk linkedin,1
kasih bintang full,5
bug update,3
the application be very good it keep update but the bug be never fix so whats the point of update continuously,1
top,5
gak masuk menunggu keamanan gitu,1
susah login nya,1
ipandi,5
takut coba,1
membantu,5
cantumkan nama muhammad isro noor orang masuk perusahaan fakta,1
terbantu dengab adanaya aplikasi linkedin,5
apk nya periksa keamanan cepat lambat,1
amaze to have more excite story,5
masuk susah akun data kebobolan bagaikana sih linkeln,3
senang aplikasi berkoneksi profesional mencari pekerjaan kecewa postingan berkaitan pekerjaan linkedin kena shadow ban pertemanan dibatasi seminggu orang harap linkedin memperbaiki mengalami kejadian,4
linkedin membantu skali,5
gak masuk tolong perbaiki,1
aneh ga login lg,3
aplikasi nya stres bikin akun gak login trs email nomor smaa kesalahan nama trs bikin akun ilang tolong kebijakan,1
kegunaan aplikasi,1
coba,4
errorrrr muluu oyyy,1
linkedin membantu dunia profesional personal brand,5
email mohon buka,5
aplikasi gak berfaedah udh langganan nya mahal,1
mantao,5
linkedin be truly one of the best platforms for professional network and career opportunities it make job search so much easier and more effective even across countries and continents a great tool for connect professionals worldwide,5
loadingnya kali jam berhasil cape nunggu sumpah,1
oke,5
belom dapet kerjaan,5
ribet verifikasi id dah tetep aja gabisa aplikasi kocak,1
apk coba mualai login udah persulit,1
daftar ko gak,3
guud,5
,5
kekurangannya boros kuota,4
its ok,4
i delete linkedin because i be force to verify it which cost money,1
cost consultants consult quantity surveyors,3
oke mantul,5
beruntung,5
upload foto profil ganti aja gaes apk linkedin upload foto alasan gimana tuh,1
tolong bantu,5
super apps trully link in your circle network koneksi and silaturahmi best ever have and show off on search engine as valid legitimate apps,5
hilang fitur terbaru video reel loadingnya,5
pemeriksaan keamanan,1
bagus share lowongan pekerjaan,5
login aja susah sih,1
gabisa loginpadahal jaringan aman gada kendala,1
gagal verivikasi ktp cahaya gambar,1
aplikasi membantu pennggalaman,5
opsional,5
aplikasi sampah lamar login dlu hiredtoday pas udah login ujungujungnya langsung aada tulisan menemukan halaman asli sih mah sampah bangett mend hapus aja nih apk playstore ga jugaa auto uninstal apk busuk,1
aplikasi belibet akun aja susah,1
membantu usaha,5
login aj dipersulit gk kacau aplikasi bugg,1
verifikasi data lambat responsif lambat,1
pelajari berkembang komunitas positif,5
iklan mengganggu,5
aplikasi utk pencarian kerja dgn tampilan easy interface,5
jos jisht,5
mari lakukan pemerisaan cepat cepat apanya sejam gua nunggu muter muter load nya programer lu auth aja verifikasinya ganti aja gua,1
bagus informasi yg butuhkan linkedin cuman kekurangan jg penyusup penipuan yg post job seejers utk menjerat korbannya kedepannya harapan tolong linkedin bs memfilter penipuan yg merugikan pencari kerja negara australia penipu menawarkan kpd sy gani tggi uang yg nilainya tdk dgn alasan pembuatan visa kerja tolong tdk linkedin terima kas,5
pengalaman kesalahn sistem kesalahan tsbt akibatnya akun,1
pemeriksaan keamanan cepat,1
mudah mencari,5
beneran gk ntar hoax gw kasih bintang klo bener gw kerja apk gw kasih bintang,3
cant log in and cant receive verification code to mobile number maybe bankrupt,1
kren memuaskan,5
kehidupan harapan,3
aplikasi tolol kah udh brp kali dw ulang ttp ga login memeriksa keamanan pake kuota sinyal bagus diperbaiki ga banget aplikasinya,1
akun thn pas thn buka susah bgt loding banget,1
gak banget cok udah verifikasi pake ktp aja gak login tolong perbaiki,1
oc,5
yha,5
pencarian pekerjaan postingan kolom pencarian muncul angka total postingan muncul postingan orang mohon diperbaiki,1
membantu info terkini,5
menu tampilan postingan error menampilkan postingan kalangan,3
gak filter postingan kalo apply kerjaan memudahkan banget,3
fitur hasil search postingan muncul search kunci jakarta hasil postingan muncul,1
bagus,3
all information be good and very useful,5
gak verifikasi pas masuk verifikasi gmail eror bulakbalik,4
terperinci dipercaya,4
login ulang karna hp restart pas giliran verifikasi persona udah kirim permintaan udh udah dicek berkala gitu tolong diperbaiki gimana edit permintaan verifikasi diperiksaditerima udah dicoba masuk suruh foto id tp pas difoto udah kirim permintaan sampe csnya dicari ga bikin laporan dr webnya login ya karna ga login bikin laporan,1
aplikasi sampah ribet,1
link robot terjebak topeng purapura,1
aplikasi gjls gabisa login ngestuck pemeriksaan keamanan cepat,1
bermanfaat mencari relasi,5
aplikasi kagak untung pas download posisi gue udah kerja gue coba donlot pengen dpt peluang kerja yg tp isi nya yg post loker bodong email kagak da respon isi nya flex jabatan ngeluh update status yg nongol wallujung nya kerjaan aplikasi sebelah,1
belajar,4
jujur dibantu,5
temcamsct,1
mudah mudahan pekerjaan,5
dah aplikasi nya pas login pake email teka teki udah pilih visualsuara udah bener ulang teka teki nya aja mentok situ mohon perbaiki,1
pindah akun pas masukin akun google knp layar putih ku tunggu tolong maksudnya,1
login karna ditolak akses trus,1
tolong tingkatkan aplikasi nya,5
keamanan data aplikasi buruk akun kebobolan orang asing udah masang verifikasi langkah ga pakai aplikasi ampas hati hati kalo pakai aplikasi kalo mend pakai aplikasi jobseeker,1
akunnya sulit,1
udah linkedin blok bikin akun x ganti email ganti nama ganti foto gk ujungnya linkedin verifikasi data verifikasi id ktpsim dll hasilnya ujungnya zooooonkkk buang aja bintang aplikasi,1
aplikasi gak mencuri data pribadi sajah hati hati aplikasi akun kena hack retas orang akun fi batasi permanen detai data identitas pribadi batasi mengecewakan parah pencuri data identitas pengguna menutup akun pengguna penyelesaian tolong jual data,1
ribet login ulangnya kaga masuk mentok tulil,1
bikin akun sampe x kena restrict gatau dimana udah verif identitas akun gabisa nyusahin akun udah connectionnya hilang gitu aja,1
berlangganan dana ketarik tolong solusinya d refund,1
,5
,5
gak,1
nice platform sosial media for job search,5
login kudu selesain captcapas jawabannya bener diulanginya lagidungu emang,1
belajar,5
akun batasidan berganti nama udah setor identitas resmi bahaya nihh,1
akun sesuai data linkedin masi memblok akun berusaha coba login gagal kecewa kesalahan infokan blok,1
login pemeriksaan keamanan cepat nge stick situ gimana yg mw cari loker disitu,1
kau judol ya dataku,1
umur th cari loker soper pribadi,5
pokonya bintanglah,5
berpengalaman bidang interior pengerjaan plapon,5
mahal bgt harganya upgrade premium dr harga jtkita cari loker buang duit,5
good aplication,5
super app,5
tolong balikin uang duit dana tibamelakukan pembayaran aplikasi uang makan keluarga tolong kembalikan,1
utk membantu jembatan,5
informasi lengkap,5
mantep,4
login linkedin tulisan mari periksa keamanan cepat haya berhenti disitu menampilkan apaapa login linkedin adakah solusinya plis tolong respon fatal bangay suruh upload dokumen udah maish nghk udah setahun lohj,1
buruk tibatiba akun dibatasi proses pendaftaran akun barunya dipersulit,1
login,1
bagus luas mencari lapangan pekerjan,5
bermanfaat membantu,5
susah verifikasi akun menonaktifkan konfirmasi pengguna,1
mendownload aplikasi,5
excellent,5
error terusss udh diupdate ttp gk dibuka tolong team dibantu,1
good aplication,5
membantu banget mencari pekerjaan sesuai sklill pengalaman dabest linkedln,5
good app nice,5
gimana akun kena ban,1
this application be very important for me it help me a lot in look for a job basically star for this application,5
rumah tanga,2
akun premium mahal banget posisi mencari kerja jta umrumk cuman jtaan,2
aplikasi yg rekomended,5
nice application for find relation or a job,5
verifikasi aja ribet banget ktp chip sim pilihan kasih bilangnya paspor giliran ktp sim scan paspor fungsinya scan pake nfc benarbenar buruk,1
ya allah uang ketarik otomatis akun dana senilai nya sengaja kepencet fitur langganan nyasaya mohon kembalikan uang sayasaya membutuhkan nya,1
the best,5
akun ditangguhkan alasan pelanggaran sedikitpun kode verifikasi identitas dikirim alasan permintaan pertanggungjawaban linkedin memiliki customer service customer service berguna mengabaikan pesan dikirim,1
the best,5
alimanten,4
mantap,3
good application,5
membantu,5
aplikasi rampok gak iklas uang bayaran sekolah anak curi izin melakuan langganan tibatiba apk memotong saldo gak ridho gak iklas dunia akherat,1
top,5
ga login akun login auto email google login suruh masuk aplikasi login aja ga,1
gak ngotak harga berlangganannya diatas sejuta,2
membantu jobseeker,5
keep it up,4
tes,1
sistem keamanan linkin berbahaya hack orang otp dikirim email diakses orang,1
aplikasih berbahaya,5
mantab,5
verivikasi kyc gak akses login haduh haduh ribet urusannya ngirim form gak tembus gak tau gimna bingung kirim pesan gmail blm tanggapan payah siasia verivikasi wajah ktp batasi akun pikirkan aplikasi ya kyc batasi percaya kataku ribet urusannya,1
bantuan,1
ngak install ud berkali kali coba tp terkena bug,1
jelek login gk sinyal bagus,1
perasaan download deh kagak dah,1
mudah mudahan cepat diterima aplikasi,5
apk gajelas eror nya,1
politik membela masarakat,5
tip membatalkan p𝗶njaman uatas hubungi live chat wao alasan pembatalan siapkan data ktp ikuti langkahlangkah pembatalan instruksikan cs jam,5
aplikasinya keren banget terhubung orang dunia batas,5
bagus koneksi dikurangi penggunaan kecepatan internetnya provider indonesia nggak kencang internet nya buka halaman persatu internet nya kencang susah klo gitu kitanya,5
bug nya ga fix,1
apk nya berguna sistem eror daftar akun pokoknya berguna smaa,1
ga login udah berkalikali verifikasi ga ngapangapain akun dibatasi,1
udha berikn capca bnar aja salah,1
wartawan memiliki pengalaman media cetak siar digital,5
un,1
very smart,5
akun gk diapa apain nonaktif hadeh kocak,1
jarang login akun login pake device dipersulit reset sandi ujungujungnya verifikasi identitas,4
jelek perangkat hilang log in akuj,4
okey,5
pakai link internet mudah cepat,4
gak login salah sandi udh bener udh verifikasi sampe pake ktp aja salah gabisa login aplikasi gembel,1
semoga apl bagus kedepannya,5
lemot banget linkedin malam,1
admin aplikasi linkedin memproses pembayaran pertanggung aplikasi pemesanan pembayaran saldo langsung ludas pemotongan aplikasi,1
sistem nya mohon diperbaiki terkena bug verifikasi kali kesalahan sistem login mohon tingkatkan sistem membaca tolong like komenan up dibaca linkedin,1
aplikasi yg membantu,5
bagus membantu orang mencari pekerjaan tolong lulusan sma,5
knp akun dinonaktifkan bikin pelanggaran apapun tolong kembalikan akun,1
apk buruk memiliki batass masuk akal,1
flexibel,5
keren maju smart,5
aplikasi menyenangkan informasi bermanfaat,5
akun kebanyakan eror pdhl akun email tp tulisannya terdaftar kirim undangan connect orng tp gak masuk klo bintang ku kasih seperempat bintang,1
fleksible,5
aplikasi bagus menunjang pekerjaan pastinya ngelinked inkan dg profesional,5
gimana nge refund pembelian langganan nya saldo kesedot tolong kembalikan saldo,5
apk perbaikan kali akun tau penyebabnya,1
perbaikan pengaturan penempatan alatalat tulis pemisahan bentuk tulisan corp good luck repair,3
good,5
gajelass ngisi data maaf kesalahan linkedlntyd minimal benerin dlu apl kaya gini lulus play store,1
link titid problem tutup aja aplikasinya,1
kampung,5
memarik mebantu menghubungkan yg,4
sangatsangat ngebug log in,1
security check menyulitkan pengguna,2
good job,5
gagal upload pea,1
nya aja dongo pas login verifikasi kalo bot pas udah pas coba aja perbedaan tolong,3
nice,5
terbaik,5
lolaaabug parah perbaiki minudah komplen,1
basam,5
membatalkan akun premium pembayaran otomatis potong saldo pemberitahuan refund uang yg terlanjur dipotong mohon infonya,1
tolong verivikasi nya looo lakukan ketentuan gak macem platform aja sih terkenal kaga ribet iya janganjangan kau menipu verifikasi data,1
g dpt ap,1
susah cari kerja,1
bagus nyari info,4
pengalaman mengikuti praktek kerja lapangan salah pkspabrik kelapa sawit mekanik tyre salah pertambangan,5
,5
bagus kendala,5
akun coba,1
lolos lolos seleksi alam lop,3
perusahaan swasta wajib data legal,1
petani,5
kerja market,5
log in aja susah,1
daftar disuruh ngisi nomor hp udah ngisi kode verifikasi eh kodenya kirim kirim ganti nomor tetep aja gak dikirim pindah sms telfon tetep aja engga tolong bantu gimana udah sebulan nunggu kode verifikasi dapet udah berkali kali coba daftar tetep ajaa engga satupun kode verifikasi masuk,1
tolong banget ya ga masukmasuk akun berharihari pencet tombol verify with persona muncul notif tulisan youve already submit a request gitugitu aja sampe ganti presiden lakukan kirim data permasalahan linkedin help website resmi ngedm akun x nya linkedin tindak tolong penyelesaiannya kasih bintang udah bener terimakasih,1
log in ribet verifikasi stcuk memasukkan kode otp dibikin simple aja log in nya kalo ribet pastikan verifikasi nya berjalan,1
akun nonaktifkan urgent membuka akun,1
sengaja berlangganan aplikasi saldo potong mengajukan refund google harap refund saldo butuh uang bantu kerja nya boss,1
aplikasi errornya,1
dhau hare foto ne hau hakfodak x hau hanoin kal avo nana haluhan los ami no familia nebe uluk luta mos ba avo nana nia poltika atu lori timor ba ukun ann tiu nando ho naran konhesido c loriku tasi mane chefe no cf ba organizasaun colimlau fzthau hnia maun alin sira nebe sira oz oraganizasaun colimau mak hanesan armando alias kipar tiu mantos alias sakunar no tiu martinu no sira seluk tan nebe hau la temin iha nee nia oin quaze hanesan ho avo xanana deit dala barak ema,4
bagus responsif,5
lumayan,5
gak ngapa in akun linkedln dinonaktifkan mengganggu aktivitas linkedin,1
linkedin buruk aman aman aja menggunakannya buka appnya keterangan data ikutin alur verifikasi persona gagal upload ulang coba kali akun hapus linkedin kesal butuhkan terbaik pengguna hapus app bintang app,1
baikbaik,5
pabrik kelapa sawit,5
ari fikri,2
akun dibatasin mulu,1
mempermudah menghubungkan personal profesi,5
suruh tekan ya email dikirim gak apk apalah mempersulit login,3
ok ok,4
load very speed up,5
aplikasi membantu pencarian lowongan kerja pembuatan cv pemula,5
proses pemulihan akun responsif mencoba menghubungi platform x responsif verifikasi data aplikasi kemajuan stick berbulan masuk akal sekelas organisasi linkedin lambat memproses aduan penggunanya akun cepat tanggapan responsif pemulihan akun rubah penilaian bintang,1
aplikasi sih gak blokir mulu nyusahin bgt verif kodenya ga dikirim kirim nyusahin doang gak ngebantu,1
gak tolol apl ribet banget ajg pas bikin profile,1
daftar aja ribet verifikasi nomor telepon gagal,1
gajelas persona ga verif ga submit,1
bermanfaat,5
udah ga cs dikit dikit akun dibatasi et dah capek banget gua nunggu buang,1
tolong balikin duit infokan biaya potonganmya rb ambil kalo tau potongan kek gini pake taiii balikin duit cepetttt hati hati pake app duit rek dana habis ambilnya,1
eror udah daftar susah trus nya gk,2
tutup nonaktif akun ubah password akun mohon aplikasinya disempurnakan,1
kesalahan mulu anj,1
bosen kena batasan susah gabisa kayak apk ya batasannya ribet bgt ku hapus aja,1
sukses sukses linkedln,4
linkedin tolong diperbaiki login ya hrus verifikasi ya kode dr emailno telp tidk hrs suru klik notifikasi pd akun yg sudh login krn tujuan nya login otomatis device trim,2
aplikasi verifikasi identitas ktp indonesia ktp dokumen resmi dikeluarkan pemerintah paspor sulit nya negara indonesia dibilang masuk daftar harap pengguna hapus linkedin linkedin,1
bagus,5
android icon menghilang,1
mengingatnya,1
login hp suruh konfirmasi hp hp gak ganti hp blas edan aplikasinya,1
biaya langganan mahal,1
im truly grateful for linkedin thank to this app i be able to connect with the right people and land my current job its more than just a professional networkits a place full of opportunities and support for career growth,5
akun uda isi data besok nya akun nonaktifkan suruh selfie foto ktp tp akun bekukan fix aplikasi scam jual beli data transaksi ilegal,1
tolong donk diperbaiki akun nya tp orang login akun sesi login ubah sandi ga tolong perbaiki,2
menyenangkan,5
knp ya linkedin disurh akun mulu padahl udh akun mlh gk alasannya akun dibtasipusing ya allah akun kaya gitu mulu,1
woi reset password aja dipersulit tinggal kirim via email susahnya si notif lu aplikasi gak muncul woii,1
hello linkedin i hope that the very high level of privacy for each user be further improve by the way it work if we block the linkedin user account it will automatically block every link search engine and even all email on the device i really need it please improve it immediately thank,4
tibatiba force close aplikasi dibuka tolong perbaiki,3
bermanfaat,5
perbaiki sistemnya orang lu block aja pilih kasih deh,1
gak jelass gimana gak udah kasih data udah masukin foto ktp selesai login eh masukin disuruh login login verifikasi ktp sampe verivikasi sampe keterangan mengirim permintaan silakan coba sampe terusan,1
mohon diperbaiki akun login batasi,5
aplikasi payah load bgt,1
tolong update aplikasi tolong fasilitas melaporkan akun tindak,3
pt big,5
akun gw keblokir gw lupa uda gw login gbs skrng uda kerja jdi dah lupa keblokir gara intinya login ulang nya susah,1
udah persona berkali mencoba tetep nggak log in,1
good job,5
dibuka,1
pemula,4
aplikasi terhubung orang profesi berbeda berbagi pengalaman pengetahuan,5
sumber data bagus,5
tolong refund komfirmasi,1
akun gabisa masuk gmail satunya udh kirim code gak masuk verifikasi tulisan nya udh dikirim,1
aplikasi buruk akun verifikasi langkahterus nonaktif ngga kode email terkait alhasil akun terkena hack,1
aplikasi connection orang ga notif,1
ok good job,5
tolong perbaiki bug verifikasi persona reset password akun login notifikasi akun dinonaktifkanakun dibatasi menunggu minggu verifikasi persona diacc kirim national id drive license pusat bantuan kabar cs linkedin ditemukan orang indonesia mengalami ditanggapi menurunkan kepercayaan user keamanan kemudahan linkedin,1
luarbiasa,5
memudahkan menjalin koneksi orang memiliki minat kerja,5
sih ga bs masuk aplikasi mainteka teki ga bs login masuk akun tolong,1
bail,5
aplikasi pintar membantu pekejaan,5
aplikasi busuk memasukan kode sesuai aplikasi autentikasi keterangannya sesuai ampe akun block payah g,1
akun linkedin dibatasi akun akun dibatasi diverifikasi gak,1
kak mahasiswa kedapetan tugas fakultas kemaren coba masuk akun nya in senior ku gimana min udah susah susah loh buatnya nyari temen koneksi khianati usaha,3
login berhenti authencator masuk,1
pembibitan kelapa sawit lc tanaman sawit,4
hai min tolong kembalikan dana dana terpotong dana mencoba pengembalian dana coba tolong kembalikan berlangganan,1
tibatiba berlangganan aplikasi refund menghubungi costumer service kemana uang,1
kali akun akun dinonaktifkan selesai masukin data besoknya gak login tolong diperbaiki,1
akun login verifikasi mohon bantuannya,1
gak login hp untung laptop,1
semoga aplikasi bermanfaat penggunanya,4
tolong kembalikan dana sayatolong bantuannya kkkarna memakainyadan dana terpotong otomotifsaya mengizinkan transaksi,1
daftar dibikin susah ya jaringan stabil isi data sesuai masuk disuruh coba maksudnya,1
pakai hp reset tp sulit masuk persona tetep verifikasi email nomer hp dilakuin masuk akun kasih bintang,1
gak sebenrnya berhak bintang cuman gak opsi gak bintang jele banget sistem nya gak manusiawisaya dah akun cuman bermasalah mimin nya tll bngt buatbuat aplikasi memudahkan orang tolong ya jgn memperlambat kerja orang tll,1
pas daftar tulisannya maaf kesalahan silahkan coba deh,1
aplikasi ga jls verifikasi cepat trs pdhl udh akun,1
kenapaaplikasi link dibukasaya kevewa denganpelayanan datrilinked,1
,5
aplikasi bagus membantu mencari pekerjaan,5
bagus cari kerja semoga berkah pekerjaan kawan mencari kerja,5
aplikasi taik ad transaksi otomatis ad langganan saldo dana langsung hilang,1
error akun tibatiba ternonaktifkan login berkalikali bermasalah,1
gajelas gabisa masuk pas udh nyoba verif persona tpi gabisa,1
gk login stupid app,1
gatau alasan ga dibuka suruh login ulang pas udah login pesan akun dibatasi gabisa dibuka tolong nya,3
membangun relasi luas aplikasi,5
pengalaman terbaik mengenal kinerja,5
semoga berkah,4
nyari kerjaan akun non aktifkan apasi,2
menyambung koneksi akun orang pendingnya tolong optimalkan,1
bagus bermanfaat,5
cobasemoga bagus yaa,4
parah nih gak banget deh akun scan wajah ktp pas login login akun tetep engga mohon data dipakai ya terima kasih,1
good inspiratif,5
mantap bro,5
mempersulit,1
hello i would like to ask for a response from linkedin i be request assistance regard my account i have contact you via email facebook and x but there have be no response,5
sanget membantu cari kerjaan,5
bravo,5
tolong diperbaiki bug aplikasi nya akun mingguan beres isi data akun udh dipake buka aplikasinya akunnya gabisa dibuka alasannya akun dinonaktifkan akun dibatasi udh verifikasi identitas persona diproses sampe akunnya isi persona tulisannya edit alhamdulillah akunnya udh,5
gajelas kesalahan akun,1
akun gak dibuka lapor ntah kemana,1
menutup akun tolong apk konfirmasikan,3
ngestuck captcha,1
aplikasi nya aja ga download ko tagihan kirain aja yg ngerasa aneh ga berlangganan pas baca ulasan yg parah,1
aplikasi link meningkat bagus,5
kaga masukmasuk,1
tolong jgn tbtb batasi sehari bikin besokannya udah gt,1
kocakkk bangett akun nonaktifkanpadahal ga apapunkocak nih apk asli hadehhhhhh,1
kena hack tanggal agustus aplikasi sepenting kena hack mudahnya lakukan verifikasi data ktp sim prosesnya mesti nunggu kalo dipake linkedin data,1
bagus,5
semoga bermanfaat,5
barusan akun berubah nama foto pengalaman instansi pendidikan orang lainpadahal pertemanandm dimilik akun sayabug jeleknya privacy aplikasinya dibenerin tolong,2
menjalin mitra kerja membuka peluang bisnis usaha share informasi komunitas benua,5
aplikasi yg berguna ya ges ya mencari lowongan pekerjaan bray the best la pkoknya linkedln hehe,5
mantap sesuai,5
prove and fluent for professional at its community,5
payah daftar verifikasi capchat mulu udah berhasil ga rekomended bgt ni apk,1
aplikasi rusak login ulang kecewa aplikasi,1
gak akun tolong dibenerin berhenti verifikasi kode captcha berulang kali coba gak,1
bagus be,5
akun percobaan gratis kemarin pembayaran sepengetahuan mohon dikembalikn karna gk niatan langganan premium tks,1
dapetnya iklan kerjaan,1
ya allah tolong kembalikan uang ketarik otomatis akun dana senilai sengaja kepencet berlangganan tolong kembalikan uang membutuhkannya,1
aplikasi yg bagus,5
bagus portofolio,5
kebanyakan verifikasi,1
akun dilog out dr perangkat konfirmasi pas log in ribet ngirim kode konfirmasi akhiran nomor tp nomor dg akhiran email passwordnya udah pake kirim nomor rumit,1
jujur pengalaman dengana app sungguh aneh dimana verifikasi becus remind account jelek kendala buruknya pembuatan account,1
validitasnya data dipercaya,4
great link,5
semoga pekerjaan platform,5
platform bonafid,5
ga apk nya nomor aktif ga login udah coba pake nomor tetep ga ga banget apk nya,1
akun ban alasan,1
fitur bagus,5
gk login bikin akun aja error mulu,1
pencari relasi,5
,5
aplikasi kadang lambat loding membukanya gangguan jaringan eror aman bermanfaat,5
pro,5
akun d akses muncul notifikasi kode pin email aman,1
tolong kembalikan uang dana kesedot senilai juta aplikasi ovo telusuri transaksi link in tolong iktikad baiknya min kembalikan,1
mantap,5
login ajh gagal udah verifikasi data disuruh login giliran diklik tombol login layar putih ajh diclose aplikasi coba login gagal kesalahan kocakk,1
jujur kecewa aplikasi aplikasi uang dana hilang fitur berlangganan berlangganan tibatiba saldo hilang dana ribu mengajukan pengembalian dana respon tolong kembalikan uang jujur kecewa,1
tolong refund langganan min ga berlangganan,1
relasi,5
istimewa,5
kecewa linkedln dikit dikit muncul berlangganan chat penggunaan premium berlangganan chat orang tolonglah ga berbayar,1
pintar aplikasi loh ka sunguh an masuk akal nyata kecangihan aplikasi internasional gini ya ka orang organisasi gitu serius loh nyata koq hilang ya nyata kaka binggung koq udah ketemu organisasi apk cangih nya tanyai in koneksi orang cangih eh orang hebat gitu,5
bismillahirrahmanirrahim kerja,5
terbaik terpercaya,5
assalamualaikum selamat siang mohon kembalikan uang lupa me non aktifkan pembelian langganan rb tolong kembalikan uang memiliki uang uang bertahan,3
aplikasi tayi,1
keren,5
ngga dibuka aplikasi linkedin nya,3
error nggak login,1
nice and full of knowledge,5
bad apk gabisa login kocak,1
your linkedin system be incredibly frustrate for users all three of my linkedin account from the first to the third have be restrict and im have great difficulty log into my own account its illogical to have an account restrict just one day after create it and youre force me to complete persona verification ive already do it but i still cant log in and i desperately need access for work,1
apasi gabisa login anj bikin akun gabisa,1
mengalami kerusakan,2
akun bikin harian kena penonaktifan ga yg mencurigakan alasan aplikasi sangan buruk,1
tolong verivikasi nya tambahin kartu identitas ngga orang paspor tolong banget tolong ya memverifikasi akun aja susah,5
pembatasan akun pelanggaran apapun,1
disuruh verifikasi dowload linkedin handphone pesan lol your linkedin network will be back soon weve notify our operations staff that you be have a problem reach linkedin well get you reconnected soon kendala haha,2
nyoba masuk trs tpi lanjutberikutnya gk jaringan bagus bermasalah,1
buka akun mencoba log in informasi akun dinonaktifkan melanggar ketentuan berlaku mencoba log in web mencoba system identifikasi persona buruk proses indentifikasi seolaholah kartu id negara terdeteksi persona pengalaman buruk penggunaan aplikasi berbasis pekerjaan seumur hidup,1
mencoba langganan gratis linkedin tbtb terpotong otomatis berlangganan premium mengajukan refund menerima email sesuai ketentuan mohon bantuannya,1
halo tim link in mengajukan keluhan terkait pemotongan saldo rp akun google play langganan linkedin premium menyetujui sadar jarang aplikasi linkedin,3
pemeriksaannya ribet,1
masuk akun,1
mantap semoga berhasil,5
log in,1
oke,3
uang tarik rb langganan langganan mohon bantuannya uang nominal nya lumayan,1
daftar ngak ya tolong,1
now we have enter the era of ai agi and ai asi i hope linkedln continue to improve and increase its capabilities to become a super ai a super ai that can do anything that exceed humans an ai that can improve and repair itself an ai that can analyze and structure document accurately and in detail to make train on itself or the output that will be produce an ai that can be fully integrate into the entire system an ai that can be fully integrate into humanoid robots,5
gak masuk gak daftar udah milih verifikasi gak masuk aneh banget sih aplikasi,1
akun,5
tunggu sebentar,5
bug,1
akun aksesketika mengajukan keluhan respon lambat berminggu,1
aplikasi nya ga buka,1
membantu sekedar informasi kerja wawasan memperkaya disiplin ilmu bidang yg ditekuni,5
aplikasi login susah,1
semoga informasi d,5
login akun berhenti verifikasi identitas persona mengirimkan permintaan silakan coba seminggu perkembangan tolong bantuannya hubungi dukungan linkedin gak login ayo lahhhh,1
its a very helpfull app,5
gak login udh isi kode verifikasi halaman login udh x gtu btw,1
akun ga buka udh masukin data eh ga livechat ga email aplikasi ga aplikasi ga urus ya,1
bgus,5
manajemen linkedin ngak peduli penggunanyasaya login pc akun dibandsaya ajukan pengaktifan udh sebulan ngak dikasih solusiya mohon maaf apk hapus linkedin silahkan hapus akun yangk ush dibatasi silahkan dihapus,1
captcha nya perbaiki udah verifikasi selesai disuruh ngulang puluhan kali gak masuk akun,1
terbantu nya aplikasi,5
ah susah,1
bagus membantu,5
bermanfaat mencari lowongan kerja negeri,5
thank you for give me the opportunity to participate good luck to the team and the project,5
llinkedln bagus utk menjaring kolega pertemanan informasi terkait perkembangan perusahaan indonesia reach,5
akun konek orang ban diangggap bot app gajelas,1
gabisa masuukkkkk,1
login keakun berusaha email sandi ganti device solusinya admin aplikasi update bagus bobrok,1
kesalahan trs stp daftar,1
aplikasi rusak,1
jelek eror lemot aplikasi berguna berguna,1
mantap boss q,5
akun lingked id pembelian apapun apk kemarin terpotong saldo dana apk sepengetahuan pengembalian saldo dana respon apk mohon kawan kawan bantu viralkan biar gak korban,1
apk cacat susah login perangkat mobile,1
hp install ulang setelan pabrik akun kesangkut ga login hp,5
bagus menarik aplikasinya,5
ok tank you,5
sulit mendaftar,1
application that use to extend knowledge and network,5
aplikasi bagus,5
be good,5
good,4
akun kena disable x ngapa in disuruh scan id ktp ga detect apalah coba pas nyoba disable akunnya kocak,1
aneh link in makan memori update dibuka,1
mengulang masuk kedalam akun login google diarahkan manual email passwordpun ttp hasilnya pdhl sesuai kode verifikasinya,1
good,5
ditambah menu arsip foto video,5
haduh eror mulu ya uda versi terbaru,3
lumayan,5
aplikasi,5
senang nambah wawasan,5
membantuterima kasih,5
membantu menjalin kerjasama,5
sih login aja susah,1
sempurna,5
login susah,1
rusak ya applikasinya,1
aneh ga konek anjir,1
kenala gabisa masuk akun gabisa follow akun gabisa cari akun,1
masuk aplikasi nya ribet donglod ngabisin data aja ngak berguna,1
gak login tolong tangani,2
mantap informatif kerajaan,4
masyaallah terima kasih bantuan informasinya semoga terbantu perantara aplikasi linkedin semoga pendiri aplikasi yg manajemen karyawannya sihat jasmani rohani rezeqynya tercukupkan aamiiiin,5
semoga pekerjaan apps,4
bermanfaat dunia,5
aplikasi koncet minus udh ngisi captcha bener respon kode valid diisi koncet minus mend stop ajh aplikasinya,1
okeee sekaliiii,5
suka,5
,5
aplikasi gajelas cok nyoba suruh pilih gambar gada bener,1
developer memohon pengguna android memakai aplikasi kompatibel pikir hp nya memakai android indonesia semoga copy lihat,5
ga login berulangkali mencoba tp msh ga,1
aplikasi apresiasi loginnya menonaktifkan akun akun itupun terkena nonaktifkan onar halhal melanggar aturan linkedin setalah akun tibatiba nonaktifkan tolong kasih akun nonaktifkan pingin aplikasinya user nyaman aman,1
alhamdulillahterbaik,5
,5
aplikasi aneh saldo tibatiba hilang notifikasi apapun sedot,1
i get lock out of my account and can not contact support please help me regain access,1
login,1
ngak daftar ngak login ikuti langkah yg d suruh capta nya ngak ngotak bikin emosi,1
ribet,1
amaze,5
kesini ancurrrr,1
masuk apk login ulang verif nya,1
linkedin be the best,5
hello please take action to repair your application i cant log in very very poor application,1
login susah,1
aplikasi cacat hp ku kena reset pas coba login ulang linkedin suruh acc perangkat perangkat hp ku gada opsi login cacat banget sistemnya,1
bermanfaat,5
aplikasi nga verifikasi bolak nama orang kali,1
aplikasi gak login verifikasi wajah ktp dll login udah kek daftar akun daftar akun masuk aplikasi,1
mantap abis,5
login nya nyusahin banget freak,1
keren banget,5
aplikasi y mengerti,1
nyoba akun pemeriksaan keamanan respons kode nocaptcha valid diisi pdhl udh bnr dianggap salah mulu,1
,5
verifikasi linkedin yaa email penuh verifikasi gagal linkedin error tolong diperbaiki,1
aplikasi ga kaya masak login trs relog hp lockout direkomendasikan pencari kerja,1
bikin akun besok nya udah nonaktifkan solusi kahhh udah kali kayak gini akun porto hilang gara akun tibatiba gitu udah nonaktifkan,2
akses akun linkedin setahun dibuka verifikasi pakai persona coba kali dilaporkan linkedin error benarbenar mengecewakan,1
burik download karna cuman penuhmemori,1
aplikasinya bagus cmn tombol lamarapply kerjaan eror ya,4
nice application,5
mantap bermanfaat,5
informatif membantu mencari lowongan pekerjaan pengetahuan dunia pekerjaan,5
smpai linkedin kerja but i like aplikasinya,5
halo kemarin lupa matiin berlangganan premium business linkedin uang diambil terusin langganan butuh banget uangnya refundnya gimana ya mohon bantuannya banget uangnya refund langsung email masuk bilang sesuai ketentuan gimana yaa tolong bantuannya,1
kbanyakan kesalahn,1
good and professional aplication,5
membantu thank,5
aplikasi anjmau login aja dipersulitapalagi nyari kerja,1
membantu yg lg mencari lowongan pekerjaan,5
aplikasi buruk pengguna mengisi data tekateki keterangannya salah udah sampe metode suarapun tetep anggap salah,1
app yg dampak positip dlm hidup,5
great,5
lihat fiturnya,4
mantap,5
coba masuk akun apk pakai notif kode angka masuk masuk yah,3
link in be the best platform,5
akun batasi verifikasi id orang ni apk gak dipake,1
good job,5
sih capca muluu uda ulang aja terusss,1
apl susah log in email pasword otomatis masuk,1
ribet taikk udah login suruh login masuk nya kek pinjol aja,1
aplikasinya membantu login akun berhenti tahap verifikasi identitas sungguh aneh call center dihubungi aplikasi website logikanya menghubungi call center login kendalanya login proses verifikasi tolong perbaiki sistem verifikasinya terlanjur berlangganan premium,1
badbadbad very bad,1
memuaskan,5
bermasalah ga login,1
bagus koneksi nya,5
hadehh,1
aplikasi bagus bermnfaat informasi seputar dunia kerja,5
biar rat berbicara,1
keren tolong free trial premieum,5
bagus suka pakai aplikasi memperkenalkan dunia karir miripmirip sosial media blh memposting aktivitas pengalaman penghargaan yg dicapai blh lowongan kerja buka terima kasih linkedin,5
beware for user linkedin user i get hack and can not change my password when try to reset my password the otp be send by anson notif not from linkedin itself weak security compromise user information and professional connection how in the hell when i request for otp it come from third party ansontech,1
linkedin bagus value hadapan hrd verifikasi wajib id passport menyusahkan pengguna memiliki passport,3
aneh login aja tampilan verifikasi email password,1
tolong apk nya perbaiki cari loker ribet verivikasi robot udah gitu nge stick,1
ga register tolong diperbaiki,5
gk login nomer hp keganti ntah nomer sandi salah pengen upgrade keamanan ngerusak,1
apk kaga login aja susah bgd verifikasi kaga,1
semoga didalam koneksi linkedln,5
busuk nya daftar doang ko silahkan coba coba apk kocak,1
macet gak kesalahan gak keterangannya gak tau salah,1
membantu,5
,5
aplikasi sulit pakai ya bolakbalik log out aplikasinya verifikasi mulu tolong diperbaiki,1
mantap,4
great,5
mengapresiasi keberadaan aplikasi manfaat penggunanya mengalami kendala terkait akun tibatiba diakses membangun profil lengkap dalamnya mohon sistem verifikasi akun ditingkatkan keandalannya membantu akun masuk log in perangkat otomatis log out kali aplikasi,3
gjlas ni apk ngestuck caotcha ga selesai,1
seneng banget untung linkedin,5
aplikasi aneh udah kali verifikasi akun error mulu,1
aplikasinya gk gk login nomor nya bermasalah nomor hp ku cantum kemana ajah hadeh aplikasi canggih,1
amaze,5
nyaman dipakai anggota info berbobot,5
tibatiba akun diblokir verifikasi identitas mengunggah foto ktp sim paspor diunggah gagal,1
terimakasih,5
account have be restrict for a long time no response whatsoever my linkedin account have be restrict and can not be verify at the moment please help me resolve this issue,1
daftar ya alamat email password sinyal bagus bagus aja,1
nice aplikasi,5
tampilan aplikasi buruk futuristik,3
login,1
jelek bgt ga ngapa in akun ilang tibatiba kocak,1
papaku download berguna jelekkk,1
buruk x akun linkedin stick verifikasi keamanan apaapa tibatiba akun hilang tolong perbaiki proses verifikasi diharuskan paspor memiliki paspor tolong dipertimbangkan lihat orang mengalami,1
buruk log in nge stick giliran verifikasi data sesuai data udah sesuai pembuatan akun,1
emng gak login gak akun,1
capchanya jelek banget cok ngga diisi,1
plis saldo kesedot gara gara langganan plis bantuin min,4
aplikasi berguna,5
dunia pebisnis pencari loker aplikasi bermanfaat aktivitas manusia kepentingan aja,5
mantap,5
berbulan akun login nonaktifkan mengembalikan akun akun kali verivikasi captcha verivikasi data install ulang hapus cache dicoba aplikasi linkedin buruk customer service langsung cobacoba menonaktifkan akun menonaktifkan,1
daftat akun tangguhkan nonaktifkan gabisa buka kocak linkedin,1
bak,5
bagusan indeed glint jobstreet hatihati pengguna linkedin akunmu pembatasan kesalahan penyebabnya akun ditutup kehilangannya,1
,5
,5
wehhh kirim no hp pendaftaran apk no hp gw lngsung kesebar alhasil spam telponn gimana sih iniii bahaya banget,1
pekerjaan linkedin terimakasih,5
bermanfaat,5
simpel penggunaannya,5
recomended for job seeker,5
mantaplah,5
in bikin akun ga bs,1
suka platform linkedln orang hebat bnyak share pengalaman dunia kerja berbagi inspirasi linkedln menemukan teman,5
uang ambil udah ga premium ga pake aplikasi,1
haloooo seminggu stick pemeriksaan keamanan bolakbalik mulu udah bener pilih gambarnya,1
semoga bagus,4
mantapppp,5
teman teman bermasalah silahkan dm twitter akun linkedin help ikuti instruksinya responsif harian akun milikku diakses,5
sippp bos,5
kesalahan login,1
,4
hurang hire hurang hire direspon kagakk,1
kendala re login karna reset smartphone dihubungkan perangkat terkait device,1
bhsy,5
login dipersulit daftar dipersulit gimana coba,1
login mari lakukan pemeriksaan keamanan cepat pengguna tolol gimana aplikasi tolol,1
thank you for share great opportunity,5
aplikasi nya ya gabisa log in pakai akun putus asa bikin akun setelahnya log in pas log in keterangannya butuh verifikasi terusan gabisa masuk masuk stick verifikasi aja gapernah log in bikin akun tolong diperbaiki ya karna komplain,1
gabisa dibuka stick login,1
aplikasi tolol dinonaktifkan diaktifkan foto pegang ktp data luh apk pinjol kah,1
orang main game login ulang nya kek,1
ribet bgt timbang masuk akun doang smua org byk cmn ngurusin persyaratan login gajelas kek gtu apl sialan,1
dukungan online,5
jelek,2
great place to share and socialize,5
lu ngirim cv apapun aplikasi manapun aja gak nyangkut lamaran lu not recomended ordal,1
sosmed yg bagus elegance,5
login aja dibikin muter muter ribet udh gitu pas berhasil error,1
bagus pencari kerja,5
tks trrhubung kolega n family,4
update siih updatenya jelek bnget siih,1
normal,5
stick verifikasi keamanan kode pesan developer tolong diperbaiki mengecewakan apk,1
dicoba,5
gak masuk gak daftar bug nya pas halaman teka teki captcha,1
aplikasi stick ga login verifikasi berulangkali ga job project hancur gara gara aplikasi,1
linkedin udah seminggu aplikasi gak buka eror sistem nya gimana,3
aplikasi ga buka udah nunggu load login pakai wifi lancar pas login kebanyakan tulisan maaf kesalahan silahkan coba udah emang gila developer aplikasi ga,1
aplikasi x batasi alasan mengunjungi akun akun verifikasi data verifikasi batasi aplikasi ga mutu,1
nice all,5
perbarui mao,5
peternak bebek petelur lokasi metro lampung menambah relasi yh berhubungan usaha turunanya linkedin,5
login gagal mulu capta nya gajelas,1
aplikasi burukkkk gabisa login pake no hp menyusahkan pengguna,1
terima kasih layanan customer developer link mendengar keluhan memperbaiki bug yg alami terima kasih pelayanannya puas pelayanan yg g kepikiran g login akun linkedin,5
okey terimakasih aktifasi akun nya,5
ga masuk kode captcha diisi udah gua isi,1
lemot bgt apk nya,1
thank you for your service i can log in again to my account due to restriction by month behind your team very responsive,5
bagus mempermudah mencari loker,5
gk berguna,1
tolong sebulan login alasan verifikasi keamanan verifikasi mengupload identitas disuruh menunggu jam sebulan tindak lanjutan,1
login,1
mengalami,2
makasih dukungan salam persahabatan,5
gila login aja susah nya ampun verifikasi nya,1
tibatiba terlogout login stick halaman mari lakukan pemeriksaan keamanan cepat captcha verifikasi persona kejelasan linkedin tolong cepat diperbaiki,1
mantap informasi akurat,5
jejaringnya luas bnyk manfaat,5
knp ga login akun ku yaa cmn muterr masihh tetep ga bisaa udh bln lebihh,1
hhhhhmmm post ngga udah update parah,1
gabisa login akun stick halaman mari lakukan pemeriksaan keamanan cepat disitu situ aja mulu udah refresh tetep aja,1
busukkk gak login,1
jujur ribet bgt loker ga yg lolos aneh bgt,1
aplikasi jelek gabisa login pemeriksaan keamanan gak kelar kelar reset akun disuruh login login pemeriksaan keamanan gitu aja,1
,1
sign up buffer coba semalam buffer,1
hati hati berlangganan premium linkedin walletnya teratut linkedin saldo terpotong otomatis pemberitahuan persetujuan dikembalikan saldonya,1
gabisa login banget proses mari pemeriksaan keamanan cepat ya,2
aplikasi stick pemeriksaan keamanan cepat masuk bug diperbaiki,1
aplikasi jelek login aja ga stick mari periksa keamanan mulu akun,2
terkoneksi profesional penjuru dunia,5
mentok diperiksa keamanan udah nyoba diweb macem macem browser jg aja tolong fix problem nya,1
aplikasi membantu,5
berbulanbulan aplikasi linkedin dibuka load force close stick layar coba update hapus cache uninstall install ulang berkalikali perubahan mohon perbaikan secepatnya mengganggu aktivitas pencarian kerja profesional peluang notifikasi terlewat aplikasi diakses mengecewakan platform,1
udah bikin account kali tetep suka nge stick verifikasi ga apain malas pakai app linkedin,1
aplikasi bermasalah periksa keamanan cepat gaa cepat cepatnya berulang kali coba login hasilnya aja gajelas buang buang,2
pakai aplikasi ponsel mengalami kerusakan diakses masuk aplikasi ponsel login yg masuk konfirmasi ponsel yg rusak,4
great,5
bpkibu terhormat mengunduh aplikasi linkedin pendaftaran eror tolak dapatkah membantu perihal dapatkah solusi berhasil pendaftaran terima kasih,1
buruk bgt gimana apk nya tolong udh seminggu ga kebuka stick pemeriksaan keamanan seminggu nyoba login mutar smpe aplikasi tolong perbaiki,1
linkedln daftar mutermuter keamanan udah coba kali gitu stick keamanan ajaa tolong perbaiki yaa,1
keren,5
loadinh instal,1
login muter susah daftar ribet sistem ga kode ga muncul,1
ngelamar puluhan perusahaan gada tuh satupun yg ngerespon lowongan pajangan gada isinya,1
saldo gue dipotong rb konfirmasi emang aplikasi tolol,1
linkedin jd pilihan,5
aplikasi tololudah gue ikuti prosedur nya msak gk,1
juni login stick pemeriksaan keamanan,3
,5
membantu info loker,5
why cant i download this app,1
relasi rejeki,5
load,1
aplikasi login email akun kena pembatasan notifikasi ajukan verifikasi ktp nunggu pakai email verifikasi lebaran kucing gak muncul halamannya sabar coba bagus buruk,1
lakukan pemeriksaan keamanan cepat sampe dah setahun gak selesai selesai,1
ga dibuka link parah,1
error mulu sii,1
tolong developer diperbaiki login metode lupa password stick pemeriksaan keamanan cepat cuman fitur premium aja dipromosiin dn harganya ga ngotak giliran kek gini ngaret,1
downloadmau log in pemeriksaan keamanan cepat diulang kali tetep aja,1
,5
bermanfaat berinteraksi,5
susah masuk hapus aja aplikasinya bos,1
akun gw gabisa akses stick load kck,1
berfungsi buruk,1
aplikasi burik,1
verifikasi aja persulit nomor udh beli kartu gabisa,1
nice app,5
muter muter pemeriksaan keamanan udah minggu aja login,1
bagusservisnya,5
wow puas,5
cobalah,1
aplikasi error buka aplikasi disuruh login stack pemeriksaan cepat,1
gak ba bi bu ngasih rat alasan mari pemeriksaan cepat ujungujungnya halaman ditemukan perbaiki naikkan ratingnya,1
great job,5
why cant i log in again even though i have enter the password and the correct address always end in the security department quickly this doesnt make sense please quickly fix it immediately,1
lolaaa bgt aplikasinya,1
verifikasi akunnya bermasalah paspor ktp tolong diperbaiki ktp ga paspor terimakasih,1
ancur pemeriksaan bot,1
eror ga susah bikin akunnya eror mulu aneh udah coba berkali kali,1
apk buruk pdhl udh update udh regist trs pas login stick pemeriksaan keamanan udah bantuan email ga respons gj sii apk ngalamin kayak ga,1
gimana ya daftar susahnya pemeriksaan kemaanan,1
ga bikin akun lekk,1
bagus jaringan pertemanan,5
login akun install apk masuk web msh nyaman aman pc mobile web stlh install apk mlh gbs login sm skli tolong diperbaiki menyesal download apknya,1
sosial media kelasse lulusan sarjana lulusan d lulusan perguruan,5
apk login loding,1
bug stak pemeriksaan tolol,1
knp lakukan pemeriksaan keamanan kalo buka apk perbaiki,1
can not login,1
aplikasi gak daftar aja susah banget gak niat bikin aplikasi kayanya,1
tolong diperbaiki aplikasi profesional mencari kerja tolong perbaiki load akun akun log in,1
login stick,1
aplikasi bagus akurat terpercaya maaf terjemahannya indonesia gitu biar gampang baca ga terjemahkin terima kasih,4
ga login,1
aplikasi yg bagus menambah network,5
bukak daftar,1
login lemot,1
algoritma alami pertahankan afiliat denga ai jaringan memiliki emosional kemanusiaan nya terima kasih,5
buruk,1
loadingnya lamaaa,1
sumpah bingung banget si udah akun nyoba login ngebug mulu ni aplikasi kecewa,1
gajelas gabisa dibuka,1
aplikasi kont kaga masuk,1
kwkw apk downloadpas login pas keamanan dah muter muter mulu gak recommend,1
kesempatan,5
ribet bet anj gak kayak jobstreet,1
kebanyakan login error,1
susah loginapk nya berat masuk login,1
bug daftarini login doang ga,1
tolong tambahkan fitur kirim file dm smartphone memudahkan laptop komputer,4
login gk bug yaampun,2
aplikasi gajelas,1
ga masuk,1
membantu aqu bintangnya,3
bermanfaat,5
gk instal,4
apk maling uang,1
woiii akun hilang stick pemeriksaan keamanan gimana sih developer nya ayo perbaiki kembalikan akun nya,1
payah gak,1
aplikasi error ko muncul bawaan hp ga d buka bug nya bikin kacaw muterrr doang,1
lelet bgt apk nya,3
apasih kagak login melulu,1
kesini parah dasar pemerintah kagak dipercaya linkein ngaco kaya jobfair cuman pelipur hati doang cuman omon i can not upload my new cv pdf even the app get update still the botton doesnt work i can not renew my pdf cv many time and also i can not renew my profile in your app please fix this problems thank you,1
login stick verifikasi bot,1
apk bagus,5
login ga banget load nya sampe bikin akun plisss bantu ga login laptop hp,2
akun batasi alasan aneh kecewa verifikasi identitas kemdian batasi buruk,1
bug hp vivo y terclose detik,1
lelet yaa app aman aman aja susah banget login macem,1
gabisa login sinyal udah bagus,2
upload kartu identitas persona verifikasi data kunjung masuk login sungguh disayangkan,1
aplikasi nya lemot,3
good jobb,5
mohon diperbaiki dibagian mari pemeriksaan keamanan cepat udh nungguin cuman muter gabisa login,1
gbsa andalkan daftar aja gbsa load doang ribet bgtt,1
aplikasi buruk yg sy pakai login aj susah bgd ampun gk maintenance developer nya very very bad app,1
gerat,5
kesulitan login buffer pemeriksaan cepat kunjung selesai,2
login nya,1
greats,5
trash app many members have make report but linkedin have not respond useless apps like this be better remove from the playstore,1
gabisa login yg memperbaiki aplikasi gabisa gmna sih heran,1
jelek banget nyaaa ihhhh nge stick proses login lupa password,1
masuk mendaftarkan,5
aplikasi nggak nggak login,1
ga login aura,1
kaya kebanyakan orang stick halaman pemeriksaan cepat,1
pemeriksaan cepat bla bla bla bla gerak kaga,1
payah akun ditahan alasan lapor customer support membantu,1
muter d email notif masuk trus giliran login link in muter pakek data wifi aja d tungguin menit aj gx masuk aneeh y bug ny,1
membantu informasi bagus,5
bintang,5
sign inmendaftar loadingnya jaringan internet stabil,1
akun temporarily restrict unknown device coba login dr hplaptop coba login mencoba verifikasi id sesuai proses gagal sesuai tolong solusinya,1
bagus membantu,5
ga bs login jaringan bagus,2
login verifikasi keamanan ga masuk udh ditunggu tetep ga masuk aplikasi aneh,1
aplikasi payah buka pemeriksaan cepat masuk,1
pemeriksaan bot,1
aplikasi gjls stick pemeriksaan keamanan kocakkk,1
aplikasi terpercaya,5
aplikasi masuk aja ruwet,1
nomor telepon login akun eror nomor telepon tersangkut akun pls reset nomor telepon akun,1
tengkiyu,5
stick halaman pemeriksaan cepat membantu melindungi bot tolong diperbaiki dibantu,1
login koneksi oke,1
gara gara aplikasi sy uang sy dana ambil prabayar google play otomatis admin bantu refund pembelian otomatis sy sy kehilangan uang setara kerja sy minggu,1
okelahhh hp inter gabisa login,5
okey,4
aplikasi bagus bermanfaat suka,5
top markotop,5
muak bgt pliss gbs login stick periksa keamanan cepat doang,1
akun link berganti nama disalahgunakan gimna sih dah ketat verfikasi tetep dibajak orang aneh,1
aplikasi linkedin gabisa daftar gagal terusss gatau ya fungsinya aplikasi,1
bagussss,5
i have complain on facebook email and x but the response be very slow why be there a help feature for complaints if it take a long time to handle user problems,1
aplikasi dibuka kecewa,1
aplikasi anjir login muter muter dipemeriksaan keamanan cepat pdhl jaringan lancar dahh diulang ttp aja ga hasil bikin apk yg napamending pou jir kwwk,1
susah login,1
gak akun ora,1
stick verifikasi keamanan akun nomer kode dikirimkirim mohon diperbaiki,1
apk idiot ngebug g,1
terbanth tetima kasih,5
developer gimana sih gak akun login tolong diperbaiki,1
aplikasi yg membantu,5
stick security chec load,1
mantap good job,5
kocak ni aplikasi ribet login susah daftar stick keamanan cepat muter ga selesai selesai gimana sih perbaikin donggggg nyusahin bgt,1
parah sih stick pemeriksaan keamanan tolong diperbaiki akun persulit,1
informasi lowongan pekerjaan aplikasi,1
gabisa akses bngt gua coba daftar gabisa dr dlu huh,1
biarkan bintang bicara,5
linkedl bermanfaat,5
min tolong acc penggembalian dana kepotong otomotis karna jarang pakek aplikasinya,1
ketahui peluang,5
belom pengalamantpi masalh kerjaan insaallah,5
muanteb,5
direkomendasikan upload postingan teks error salah ketik menekan huruf huruf terketik direkomendasikan membangun image personal brand,5
halo developer mengakses login akun delay falam pemeriksaan keamanan tembus,3
ya pas login stick perikasa keamanaan cepat,4
mencari kerja,5
sih nge stick pemeriksaan keamanan udah berkalikali login aja stick nya disitu koneksi aman,1
aplikasi bagus manfaatnya,5
bagus fiturnya lengkap informasi,5
rihet eror,1
very good app,5
real,5
akun load masuk linkedin tulisan mari lakukan pemeriksaan keamanan cepat butuh bantuan bapaki admin,3
uang,5
aplikasi orang minder,1
memohon linkedin internasional indonesia membaca pesan mohon memohon memperbaiki bug semacamnya stick mari lakukan pemeriksaan keamanan cepat please diperbaiki akun berbeda hasilnya hormat christopper,1
membingungkan,1
baikterinsfirasi pemula mencari lowongan pekerjaan terbaru berdasarkan spesialisasi loker,5
upgrade premium menampilkan,1
gak login,1
gbisa login,1
stak periksaan cepat gak login,1
semoga kedepannya,5
gak akun eror,1
akun gagal,1
gabisa log in,1
hadeh rusak rusak,1
aplikasi error gk manfaat nya,1
up to date baca informasi,5
gagal akun,1
aplikasi ga ngestack mulu mend diban aja playstore,1
stick pemerikasaan banget jam,1
ngecoba login stick keamanan jaringan udah bagus udah hapus instal tetep gitu,1
emng kocak ni apk gk dipake,1
aplikasi ga uda kyc in masi aja gagalin,1
kumohon linkedin membaca pesan lapor linkedin akun login stick didalam mari lakukan pemeriksaan keamanan cepat bug semacamnya memohon memperbaiki akun tergolong permasalahan aplikasi memohon memperbaiki nya,1
linkedin susah login,1
log in nge stick pemeriksaan jam nggak login,1
my worst experience in use linkedin be when i take the initiative to increase security through factor authentication but then a few days later my account be unilaterally suspend by linkedin,1
aplikasi jelekkkkkkk parah login eror mulu gajelasss,1
okeee,5
mencoba,5
susah login g bngt ew,1
wonderfull,5
tolong diperbaiki akun gabisa udh coba device load dibagian pemeriksaan udh nyoba dilain ttp gabisa,1
aplikasi bagus ga melamar pekerjaan aja aplikasi nya,5
daftar akun pake no telp nomer telfon spam pakenya kode sms kode sms nya ga nomer spam,1
aplikasi yg membantu terhubung relasi teman teman tulisan bagus teman linkedin yg menambah ilmu utama informasi lowker linkedin yg update teman teman,5
appsnya jelek email korbankan tp akun terhapus gatau penyebabnya pas login sibuk aja kau tampilkan keamanan cepat tp ga login aneh,1
error mulu dah login aja ribet banget ga muncul muncul,1
system keamanan verifikasi buruk memuaskan,1
search with hastag keywords be no longer possible be it,3
kecewa aplikasi tgl april berlangganan aplikasi kekurangan saldo gopay pembelian diwaktu bersamaan menghapus aplikasi lupa menon aktifkan berlangganan tgl mei saudara mengirimkan saldo gopay saldo terpotong otomatis terima karna aplikasi pengajuan pengembalian dana,1
ya login,1
apk tolol,1
pas login bgt loadingnya,1
login,2
gak login woi pengguna kagak bet dah,1
lumayan bagus,5
berguna banget,5
very good,5
buruk susah login,1
gabisa login,1
engga bikin akun stick pemeriksaan keamanan,1
login ya,1
daftar masuk ngga udah cari penyebab nya gogle cari tetep aja ngga,2
update hasil postingan memudahkan mencari pekerjaan tolong kembalikan hasil pencarian postingan tolong beritahu setelan salah,2
bagus,5
mantab aplikasinya,5
kasih bintang tau susah masuk akun coba atur ulang password gak pesan muncul pemeriksaan keamanan aplikasi rusak hancur labil tolong kembalikan akun,1
jelashampir sebulan akun batasi,1
topbgt,5
ga login sih mari lakukan pemeriksaan cepat bnget abis tuh muncul halaman tersedia,1
mengembalikan dana kepotong berlangganan kepotong sepengetahuan,1
menarik,5
gila susah banget loginnya,1
aplikasi opo iki su ora kenek,1
anggap aja sdh bagus,5
susah masuk keamanan muter,3
super,5
gimana stuk pemeriksaan keamanan cepat,1
akun gabisa dibuka mentok pemeriksaan keamanan cepat,1
stick pemeriksaan cepat sih,1
proses verifikasi keamanan penyelesaian,1
mesin pencarian memposting muncul kunci eror postingan orang alasan postingan upgrade mohon perbaiki,1
aplikasi tolol,1
search bandung postingan hasilnya,3
tolong perbaiki fitur search nya fitur search filter terbaru tampil postingan terbaru terfilter kunci nya contoh mencari postingan kunci ternate filter terbaru postingan terbaru mengabaikan kunci ternate tolong kembalikan memudahkan mencari postingan tolong perbaiki,1
lemot njiinggg,1
leader,5
email notifikasi linkedin memuakkan lamalama kirim notifikasi ga sesering nofitikasinya condong pemberitahuan langganan premium ga,2
pemeriksaan cepat mengganggu login mohon diperbaiki,1
load memeriksa keamanan cepat download x,1
apk jelek login verifikasi mutermuter gak,1
daftar aja gk verifikasi kemanan muter,1
gabisa search postingan orang ya,1
pengisian nya ribet,1
ok,2
cari loker persulit login kode otp gak muncul munculuninstal,1
nambah wawasan perkenalan mudah mencari kerja magang mahasiswa berteman langsung hrd nya chat an comment nya bagus aplikasi,5
good platform,5
yg mengalami log out ga masuk alamat email password stick pemeriksaan cepat walopun uninstall reinstall ulasan diperhatikan admin linkedin ya perbaikan,1
beneran gak perbaikan linkedin mengeluhkan susah login loh mengecewakan,1
kocak ni apk ngestuck mulu keamanan login,1
membantu,5
stick pemeriksaan keamanan,1
bagusi,5
susah banget verifikasi akun nya suka eror mulu,2
best,5
muter gak kagak masuk,1
goid,5
keren,4
very very very lag when in security verificationeven though my internet connection be stable,1
apply lamaran nya ribet kalo hiredtoday susah pakai aplikasinya,1
daftar,2
errorlogin buang waktuu,1
membantu app,4
masuk akun load mulu ditungguin ga kelar kelar internet lancar kocak,1
ga daftar,1
aplikasi tolol susah bener login aja stick pemeriksaan robot,1
kode otp gamasuk masuk disms,1
masuk,1
login nomer telpon,1
tolong gimana ga buka apk nya aplikasi doang logout pas buka apk nya hrs login trs lodingnya banget lgi tolong linkedln perbaiki lgi,2
good kendalah data rusak jln cek,5
tolong perbaiki akun aja gabisa developernya perbaiki biar memudahkan login,1
error proses akun,1
keren membanru,5
akun login akun dibatasi ga,1
link bantu masuk caterpillar,5
nice projecto,4
helpful relational joyful to get brightul future,5
saldo dana dipotong aplikasi pengembalian dana karna membeli paket langganan premium,1
stick pas login pemeriksa keamanan cepat tolong diperbaiki,1
cant login on google mail and cant reset password on pc its always error and buffer couldnt connect,1
aplikasi buruk diupdatean aja gak login stick dibagian mari lakukan pemeriksaan keamanan cepat udah loh aja gak diperbaiki diupdate nya perbaikan bug perbaikan bug diperbaiki coba gak ngaruh aja gak hadeuh umpan kayak gini gak dibales developer emang aneh gajelas app,1
membantu informasi seoetaran lowongan pertambangan,4
mantap,5
aplikasi gak jelass udh berhasil daftar gk dibukak tb tb akun dibatasi disuruh verivikasi persona udh selesai verifikasi disuruh nunggu maksimal x jam ud tunggu sampe gabisa dibukak aplikasi gak,1
good,5
load mulu cuman login,1
goof,5
aplikasi tolol susah akun ge,1
apk berbayar perbarui masuk,1
semoga sukses,5
stick verifikasi bot,1
mendownload aplikasi linkedin,5
terbaik pekerja,5
tolong admin linkdin job kebalikan uang langganan sayakarena aplikasi inidan pengambilan sepengetahuan,5
loginapk busuk,1
powerful and useful apps,5
apps lbh berkualitas dr sosmed manapun membangun jaringan,5
aplikasi rusakdidownload gak dipakesama keluhannya orang,1
suka,5
stuk verifikasi bot hadehhhh,1
gagal masuk verifikasi captcha menunggu dri bgini blum diperbaiki,1
this apps good for everyone to know each other,5
linkedin stick lakukan pemeriksaan cepat login tolong perbaiki butuh kerja hapus data berulang kali login load,1
halo linkedin akun terkena restrict kali mengirimkan email balasan dm twitter tanggapan memiliki akses akun secepatnya menganggu,2
buruk bikin akun susah banget,1
login tolong perbaiki,1
ni aplikasi si akun susahlogin susah stick mari lakukan pemeriksaan keamanan cepat developer tolong diperbaiki niatnya pakai linkedin mempermudah susah haduh,1
bantu masuk data masuk aplikasi nya,1
nggak masuk aplikasiperbaiki aplikasinya,1
sumpah sih stick pemeriksaan bot kesel bgt,3
aplikasihnya bagus,5
sulit edit profil,1
aplikasi buruk gampang rawan pembatasan kebanyakan aturan,1
diterima kerja orang ordal ngapain bikin loker hapus aja aplikasinya ga berguna,1
menyukai aplikasi membantu akun linkedin stuk mari lakukan pemeriksaan keamanan nunggu load ya kelar kelar gak masuk mohon solusinya terimakasih,5
hp instal ulang susah masuk akun load pemeriksa keamanan cepat selesai selesai,1
mohon solusi nya admin akun dilempar login ulang stick pemeriksaan keamanan cepat kali akun,1
loding nya,3
bagus utk mencari informasi dn berinteraksi sosial dgn eksrkutif,5
membantu mencari pekerjaan,5
registrasi banget pemeriksaan daftar kuota sinyal bagus tlong perbaiki kedepannya,1
upload foto profil,2
keamanan sopir,5
sih verification cepat gak,1
why my account restrict,1
daftar doang anjibg,1
min gabisa bikin akun ya stick pemeriksaan keamanan tolong diperbaiki,1
ngestuck pemeriksaan keamanan cepat cepat apanya tolol platform mobilepc tolong diperbaiki seharus nya aplikasi nya dikasih fitur cs biar ngadu kayak yg aplikasinya gaada aja,1
login aja ribet susah login,1
good connect good advisory big join team work thank you so much linkedln,5
gak daftarlogin,1
be good,5
login susah be,1
ga login stick keaman sistem gimana yaaa tolongg cs nya respontif perbaiki sistem aplikasinya merugikan,1
good,4
link in oke,5
masuk akun coba verifikasi id diajukan,1
sanggat membantu,5
informatif,5
good membantu,5
skrg ku kasih bintang y bikn akun kodeny g dikirim trus akhirny pke nomor temenku login bentar login menyelesaikan profil dh berputarputar lgi katany pemeriksaan cepat pemeriksaan cepat apany yg pemeriksaan cepat slama berputarputar aj trus coba buka browser kek gtu jg aj g apk g browser ya katany bkal dibaikin ntu harap bug apk hilang bgt loh buatku udh x install uninstall,1
stick proses pemeriksaan keamanan cepat,1
gabisa login muter doang,1
gk verifikasi mulu udh gnti akun email udh masuk lgi gtu lgi,1
eror mulu ajing login gk asu,1
daftar web aplikasi gagal load mulu,1
terbaik full information,5
kebanyakan iklan udah klik apply muncul menemukan halaman silahkan coba dikata snack berhadiah isinya coba mulu kalo gabisa bikin aplikasi berjalan lancar bermanfaat orang mend hapus aja dah karna kebanyakan iklan bikin user sulit melamar pekerjaan aplikasi,1
aplikasi nya rusak daftar udah isi ga panggilan kerja panggilan kasi bintang,1
ga login muter trs,1
aplikasi bug masuk aplikasinya,2
aplikasi jelek login stick mari lakukan pemeriksaan keamanan cepat gimana developernya keluhan user balas,1
upload file menu ubah pengalaman kerja,5
good uplication,5
aneh daftar aja gabisa,1
mohon perbaiki bug melampirkan sertifikasi tanda simpan,4
aplikasi ga nyuruh verifikasi cepat ehh tunggu load nya banget,1
oh hellnah banget buset verifikasinya,1
versi hp mengecewakan,3
ni ga bs buka login pemeriksaan ga selesai ber update hapus cache sdh tlg dibantu ni admin,1
excellence,5
aplikasi error pemeriksaan cepat sampe setaon ga kelar kelar bintang nyesal kasih,1
aja,4
nggak banget login gabisa dipersulit recaptchanya berjam jam pdhl koneksi bgs udhlah nomor ga valid pdhl sy nomor bnyk ga valid pdhl nomornya aktif ampun dehh nih apk,1
bermanfaat bintang terbaik cerdas,5
akun login mempersulit login akun perangkat mudahkan login perangkat membutuhkan verifikasi orang hack profil link in,1
stick login,1
awesome,5
akun dibatasi pelanggaran apapun akun hasilnya blm akun hilang stick pemeriksaan cepat tolong,1
expand network and business development,5
akun linkedin masuk stack pemeriksaan keamanan tunggu,1
login ngestuck cek keamanan,1
pemeriksaan keamanan berfungsi,1
aplikasi linkedln sya tdk registrasi stick dibagian pemeriksaan,1
linkedin ngestuck dihalaman lakukan pemeriksaan keamanan cepat,1
bagus lumayan,5
download apk lainya ribet,1
pemeriksaan cepat mohon ditingkatkan,1
aplikasi nya ga bsa login akun,1
terimakasih aplikasi profesional,5
sampe nyari kerjaan apk ga tuh sapet satupun pusing yg mnding gua hapus aja,1
oke aja deh,5
kecewa aplikasi,1
login gak load tolong bantuannya,1
daftar stick pemeriksaan keamanan cepat berkalikali masuk aja muncul tulisan halaman web tersedia gimana susah banget daftar,1
semoga bermanfaat berguna,5
bersemangat,5
plis pakai email sehari udah gak login sumpah bikin kesel bangett,1
bikin akun load mulu malas aahh ribet,1
informasi blm dimengerti,3
i try to log in with my gmail account but it always get stick at verification and it keep repeat its so annoy,1
error ketiga login verifikasi email,1
good job linkedin,5
gak login stick pemeriksaan cepat udah dicoba berkali aja,1
tolong bikin akun linkedin kenapaa muterrr yaa udah coba pake laptop web tetep ga padhal sinyal udah oke storage jug lega tp tetep miter kek gitu,3
gak login,1
susah banget login muter pemeriksaan keamanan jaringan bagus muter,1
tolong perbaiki linkdin download daftar ngestuck halaman perbaikan,1
pas log in ulang load berjamjam ulang ga,1
bagus,4
login pemeriksaan keamanan cepat,1
udah update ga login ya tolong diperbaiki tugas ga ga login,1
daftar akun aja susah layak bintang,1
gak dibuka,1
likedln be profesional platform,5
login berputarputar halaman pemeriksaan keamanan ditunggu perubahan aplikasi web tolong perbaikan verifikasi halaman bergerak,1
sngt membantu trus kmbangkan,5
terjebak pemeriksaan keamanan cepat tolong pekerjaan iya gagal dapet kerja gegara susah login aja si aplikasi diweb aja terjebak pemeriksaan keamanan cepat,1
login tulisannya eror,1
linkedin stick halaman pemeriksaan keamanan cepat coba berkali kali berhasil laporan website linkedin pas selesai isi dikirim tolong linkedin perbaiki fitur pemeriksaan kemanan cepat buruk mengganggu tolong perbaiki bug semacamnya menganggu,1
akun udah dipeasulit aja stak mari lakukan pemeriksaan keamanan cepat hadehhhh,1
stick login,1
platform terbaik mencari relasi bisnis cuan,5
mantul,5
keren worth it,5
login pemeriksaan akunya berjalan stick,2
membantu pencari kerja,4
masukapakah bug lenkedln,2
my account get permament restriction without any information before use your personal account and email without consent,1
min aplikasi eror diupdate gk diinstalmana isinya temen bos internasional aplikasi utk bisnis perusahaan perusahaan internasional dunia tolong min dikembalikan aplikasi linkedin biar diinstal bisnis semulaterimakasih,1
berguna lara pencari loker,5
haii pengelola aplikasi limkedln mohon maaf keluhan ya daftar lemot eh error sih stick disitu aja udh login gmail ya tolong benerin gak kontolll,1
tolong perbaiki verifikasi keamanan menganggu ketikan login,3
masuk akun aplikasi berfungsi isi data lengkap verifikasi email fungsinya aplikasi buruk,1
apk sempurna orang nyari kerja premium bayar orang pengangguran atuh mend kalo bayar nya sesuai kantong pengangguran jaman skrng kn hr pasang iklan loker up date status kalo sesuai qulifikasi suruh dm kalo dm kn premium kalo premium ya langganan alias bayar tolong perbaiki kalo gratis byr byr jd anggota premium sesuai kantong pencaker trimakasih,1
halo akun tibatiba logout login sandi nomor hp ubah orang gak bertanggung email nyangkut gak login developer gimana sih akun pengguna retas tanggung jawablah gak hapus akun nih,1
bug toror,1
aplikaai jelek sih mari lakukan pemeriksaan cepat lambat gimana sih ngga,1
aplikasi ga berguna ga login,1
login akuntolong bantu solusi nya,1
bolak ttep ga daftar login menerima kode aplikasi bobrok auto lngsung kasih bintang nol klo,1
napa ya skrg bikin akun susah bet disuru masukin nomer tpi kode verifikasi nya kaga nongol pas mo nyoba masukin nomer lagii kaga so weird againn page mari lakukan pemeriksaan keamanan cepat cepatnyaaa sejam gue tungguin kaga kelar monyet,1
apk good,5
i write and the draft feature didnt work my article go,1
link susah banget login,1
aneh apps ganti device ga login device keluhan kebanyakan orang stick halaman pemeriksaan keamanan,1
verifikasi keamanan nya susah banget mengisi sesuai data,1
bagus,4
aplikasi linkedln aplikasi keren membantu mmperluas jaringan menjalin bisnis,5
sy perbaiki bintangnya krn udh login kalo nnti pas login dipersulit bermasalah sy turunin lg ratingnya,4
membnatu mencari perkerjaan thank you very much linkedln,5
heran deh linkedin logout login mengakses akun tulisan nya sih menghindari serangan bot ga kunjung selesai,1
aplikasi membantu mencari pekerjaan,5
login nya susah mohon perbaikan nya,3
aplikasi bodongsaya instal membuka aplikasi akun berlangganan premiumsaya rugikan dgn aplikasi kembalikan dana,1
mantap linkedn,5
nyoba dlu,4
gajelas gabisa login,1
loginya banget jing,2
aplikasi berjalan stick mari lakukan pemeriksaan keamanan cepat,1
stick dihalaman pemeriksaan cepat,1
media memperkaya knowledge,5
susah masuk,1
ok,4
linkedin kekeliruan sistem koneksi nya terkesan nepotisme,3
bantu m mencari kerja,5
bingung pelamaran,4
good job,5
kali gak login ya mendaftarkan susah,1
gak login seminggu akun,1
apk aneh gabisa login login sampe kesel,1
susah login perbaiki jaringan oke,1
masuk akun google loadingnya,1
pemeriksaan keamanan cepat,1
your linkedin network will be back soon weve notify our operations staff that you be have a problem reach linkedin well get you reconnected soon you can leave this window open and well automatically take you back to your linkedin home page in a few minutes we apologize for the interruption user infinix zero gandroid,1
verifikasi chapta error mulu stick kgk login,1
kesalahan daftar udah coba kali pake wifi,1
yaa ga login akun linkedln iya verifikasi bln nih pliss kasih solusinyaa,2
ga login ininge stick pemeriksaan keamanantolong segeran diperbaikidibantu dongg,2
konyol ga dibukatiba logout sendirikacau,1
muter muter doank dipemeriksa keamanan ya admin tolong diperbaiki udah gak,1
mengakses akun proses pemeriksaan keamaan membuahkan hasil apapun menunggu jam hasilnya nihil,1
aplikasinya instal vivo y gak kebuka langsung close aplikasinya,1
good information,5
login verivikasi lamaaaaaa,1
mantappp,5
mencoba mendaftar ganti hp gabisa stick pemeriksaan keamanan ditunggu setahun gabakal kelar mohon bug nya fix,1
aplikasi aneh bgt si akun gua gabisa login akses akun dibatasi gua pke email beda besokannya logout gabisa login tolong diperbaikin org yg ngomong,1
login aja susah ajg tolong lh tod,1
aplikasi gak login susah banget,1
aplikasi kebanyakan update sampe kali,2
gak daftar aplikasi ampas,1
stick login,1
akun ban,1
membantu mengembangkan pengetahuan perkembangan teknologi bidang pekerjaan jalani teman relasi berhubungan pekerjaan,5
gak perbarui,2
good app,5
productive,5
login dipersulit pemeriksaan cepat gak masuk masukkan email password coba email verifikasi wajah ktp gak login email membantu konfirmasi perangkat dipakai perangkat login sesulit hapus aplikasinya merugikan akun akses,1
linkedin the best,5
linkedin terbaik,5
membantu,5
load stick,1
maaf kasih bintang nya pas ngisi profil pendidikan nya cuman universitasgelar bidang studi lulusan smk bingung ngisi nya gimana ubah gak nama universitas ganti nama smk gak perbaiki nya temen kaya gitu ngeluh ko gini nya emang universitas gutu linkedin mohon maaf ya bantu nya terimakasih,1
menyenangkan,5
stak diverifikasi keamanan dh nungguin seharipun stak disitu,2
gajelas bet gabisa masuk error mulu,1
iya,5
semoga aplikasi manfaat nya mencari pekerjaan sukses,4
stick menu lakukan pemeriksaan keamanan,1
periksa keamanan cepat sejam aplikasi buruk,1
susah log indar problem masi,1
aplikasi ngak berguna menuhin storage aja,1
bermanfaat network karier,5
ga masuk apk scam,1
buka link,1
aplikasi penipuan bgt berlangganan premium yg biayanya jt gk gila nih aplikasi gk,1
login pdhl sdh email password yg bener aneh linkedln skrg gegara hp flash krna kebanyakan virus eh sekalinya login ulang,1
aplikasi mantap peluang,5
aplikasi bikin rugi download mala nggak buka yg niat bantu merugikan,1
parah ga ngapangapain tibatiba out kacau,1
linkedin stick halaman pemeriksaan keamanan cepat coba berkali kali berhasil tolong linkedin perbaiki fitur pemeriksaan kemanan cepat buruk mengganggu tolong perbaiki bug semacamnya bug akun email,1
nice apps,5
linkedin connect me with many good educate profesional people world wide this be a good online communication tool,3
mengerti layanan,5
imformatif,5
simple clean and fast,5
gimana daftarnya gabisa memeriksa keamanan,2
udah coba sign in tdk berhasil skrg,1
login stick mari lakukan pemeriksaan cepat server eror knapa lihat lihat org yg menhalami solusinya,1
bagus berinovasi,5
informasi bermanfaat peningkatan softskill,5
tau ceo nya mbah google muda ganteng gitu tau beda ya pandangan serem galak pesepak bola david beckham gitu ya oh nyambung ceo nya google aja dgn chrome ya orang dunia sadar alhamdulillah jelajah kemana tau,5
login link in keren,1
informasi yg sajikan akurat,4
login pas pemeriksaan keamanan cepat mutar nya login,1
gak login ditunggu eror tolong bantu,1
dawg sakit hati liat prestasi orang orang apk,5
tolong perbaiki stick login nya,1
say daftar akun sinyal,1
mari lakukan pemeriksaan keamanan cepat,1
membantu memperoleh koneksi pekerjaan,5
aplikasi anjeng,1
good application,5
mendaftar ya,2
ga login mulu verifikasinya load ga login udah kaya gitu duhh pake apps pake web ajaa ga kebukaa tolong solusinyaa,1
,5
mudah,5
,1
pendaftaran selesai mengisi password aplikasi nya trouble stick load wkwk,1
tolong perbaiki login stick pemeriksaan cepat coba login,2
mari lakukan pemeriksaan keamanan cepat cepat ngestuck disitu yaampun udah sampe udah verifikasi identitas pake muka ktp tetep aja gabisaaa kacau bgt tolong diperbaiki linkedin yg mengalami,1
udah masuk pemeriksaan keamana cepat masuk akun anehhhh,1
profesional kualitas yg dipertanggunghawabkan,5
good job,4
ga banget aplikasi ga login sinyal bagus,1
bergabung stick mari lakukan pemeriksaan cepat login payah,1
kerensangat membantu membutuhkan pekerjaan,5
stick d pemeriksaan nggaada solusi apl,1
bagus profesional,5
ga login cape bgt dah,1
akun email hack,1
aplikasi gj aja download stick pemeriksaan keamanan,1
connect people to people,5
nggak terpakai,5
susah banget loginnya tolong diperbaiki,1
gak login ya pemeriksa keamanan link web masuk,1
apk gaje,1
aplikasi berguna,5
ya linkedin pemeriksaan keamanan cepat loadingnya banget kuota sinyal bagus nya,1
jawa sabang maroke,3
buka diapk diberanda memuat fee web enak kyny semenjak diupdate gini eror mulu,1
trimakasih,5
susah banget si login,1
aplikasi aneh login dipersulit mutermuter aja trs sampe kiamat nggak susah susah,1
mohon perbaiki bugnya masang foto sampul foto galeri gak,3
daftar aja gk loker akun linkidn solusinya gimana min,1
terhubung grup family pribadi nya lengkap memuaskan,5
berguna kerana menambah insights,5
gak masuk stick mari lakukan pemeriksaan keamanan cepat,1
loginn sulit,1
good network platform,5
mantap gais,5
stick login mari lakukan pemeriksaan keamanan cepat coba login akun website aplikasi nyambung akunnya pake website,5
bagus membantu,5
susah banget ya masuk linkedin tolong berbaikin kuota wifi sinyal bagus buffting banget gak akses,1
good app,5
apk ga udah sebulanan gabisa login,1
login ya pemeriksaan keamanan yg kunjung selesai load page minggu login,1
login bener memeriksa keamanan sejaman gila,1
gagal menycapay impian putus asa berusaha kerja keras hasil memuaskan strategi dalambisnis menycapay impian,5
saldo habis d kuras sapa apk memiliki langganan apapun,1
semoga apk membantu,5
boskuh tolonglah akun aja gk stick load,1
tolong login google auth nya login logout stick mari lakukan pemeriksaan keamanan cepat,1
fitur linkedln,5
susah buka,1
joz gandoz kotoz kotoz mak nyoz,5
ok,3
puas,4
good job,5
good app to help human be to get knowledge and opportunity for his job career path,5
good aplikasi,5
hapus aja aplikasi nya dri playstore daftar login aja gk,1
aplikasi sampah bikin fitur login aja ngerugiin user yg ngeluh stick pemeriksaan keamanan cepat aplikasi bermasalah,1
stick ga log in gimana nih,1
knp gak login ngestuck pemeriksaan cepat yg kyk tolong solusinya kyk,1
i cant login at all stick at security check only load although my internet connection be fine,1
yg terbaik meningkatkan kualitas linkedin yg terbaik,5
instal yaa aplikasinya semenjak hp direset ulang,5
sekalai,5
kecurigaan sistem sensitif akun diakses datanya hilang dicari google,2
x akun stick mari lakukan pemeriksaan keamanan cepat stick sampe berjam solusi akunya stick solusinya ya bikin edit profil ribet tolong linkedin perbaiki secepat nya,1
ga banget stick pemeriksaan cepat udah,1
very helpful,5
linkedln mohon perbaiki bug apkweb pengguna mengakses informasi lancar,1
pengalaman,5
masuk aplikasinya susah sistem pemeriksaan udah coba ga udah ganti sandi verifikasi pakai ktp tetep ga,1
,5
aplikasi bagus mencari lowongan kerja pelamar,5
stick login,1
terimakasih kasih pelayanan yg satset cepat dimana ditampilkan login nya aja yg merespon cepat apk nya,1
kalah orang,1
membantu,4
full of insights and create a chance to make more network colleagues across the world,5
login aja gabisa mmks,1
susah banget login,1
bagus,5
susah masuknya,1
gak login periksa keamanan mulu gk kelar,1
susah login kode verifikasi dikirim email,1
wahhh aplikasi bagus senang menemukan aplikasi,5
semoga berbuah hasil manis,5
ruang bergabung dunia bisnis,5
kecewa loginya gimana sih aduh aduh,1
very good,5
susah login muter,1
login ya daftar linkedin login mohon bantuannya,2
semangat cari kerjaan cuman live stream cuan yuk,5
aplikasi gajelas nyoba berkali ngestuck pemeriksaan keamanan cepat tolong linkedin perbaiki aplikasinya,1
top,5
mari lakukan pemeriksaan keamanan cepat linkedin stick tolong diperbaiki,1
akun dibagian verifikasi keamanan muter,2
aplikasi bohong,5
good apl,5
muter muter pemeriksaan keamanan gak selesai selesai,1
infoemasi lengkap akurat,4
linkedin the best apps not only to find job but also the best apps to create and fine people arround the world so with linkedin we can always stay connect love it so much but please make lite version apps,5
pengguna mengakses linkedin ya tolong perbaiki,1
gak log in ya pake email gak ake no hp kaga,1
terkoneksi cepat lengkap jaringan anggauta nya luas,5
,5
je,3
proses pemeriksaannya banget dah,1
very good thank you,5
halo linkedin tolong respon yaa akun stick periksa keamanan login harap respon menemukan solusinya terimakasih,1
akun loadingnya banget ya udah coba kali tetep uninstall install udah internet lancar,1
aplikasi jelek login bacaan nya gini mari lakukan pemeriksaan keamanan cepat nunggu menit masuk aplikasi mengecewakan,1
tolol ga login stick verifikasi nya ga selesai load,1
susah login stick mari lakukan pemeriksaan keamanan cepat,1
gak login gagal,1
aplikasi profesional membantu pencari kerja pemberi kerja mencari merekrut pekerja,5
berjalan lancar tolong knapa gabisa buka,2
login akun pemeriksaan keamanan proses menerus melanjutkan tahap login pendaftaran,2
developer tolong perbaiki pendaftaran akun eror,1
lelet load mulu kode ga muncul muncul kena langkah amanan salah linkdln,1
akunselalu gagal mencoba login google sejenisnya akun verifikasi verifikasi muncul eror stick pemeriksaan keamanan cepatastaga udah bikin akun kode terkirim no captcha gak muncul munculini developer tolong perbaiki tolong diperbaiki captcha nya,1
akun tdk login berhenti pemeriksaan keamanan cepat,1
aplikasi download lagitidak tersimpan hp,2
nilai segini susah gabung sdh masuk perf nohp gk,3
login nya susah bgt coba akun tp pas ngecek akun yg hilang udh verivikasi tetep gagal,1
bagus bgt,5
lowongan kerja dunia,5
bikin login salahnya gak taju,3
baguss,5
applikasi,5
susah login load pemeriksaan keamanan cepat,1
gak login akun google,1
keren dlt info,5
diinstall hp yg hp hp compatible aplikasi diinstall gk orang bs pake linkedin yah yg hp bagus doank,1
tolong cek sistem nya kemarin update profesi lokasi ga udh berberpa kek gini ga edit perbaiki min,4
mentok mari lakukan pemeriksaan keamanan cepat,1
menyenangkan menambah teman nwtworkinb,5
best of the best,5
login gac aplikasi,2
gimana si login nya nyusahin gak pake no hp trus udah masukin kode kaga masuk maunya sih,2
download aplikasi aplikasi scam mengakses akun bank google yg daftarkansaya kena semoga gak korban,1
susah loginnya perbarui dongg mudah loginnya,1
bagus,5
sayang perangkat kompatible,5
aplikasi ga akun susah mend pindah aplikasi pencari kerja aplikasi sampah stick periksa keamanan mulu aplikasi lo kali ga aman,1
load stick verivikasi cepat user mengeluhkan yaang tolong perbaiki,1
apk aneh,1
susah masuk min gimana solusinya,5
i cant log in to linkedin because it always get stick on the quick security check page,1
heran login aja susah banget tolong diperbaiki aplikasinya,1
apk aneh login liat liat perkejaan suruh mari pemeriksaan cepat tolong benerin sistem linkedin,1
im sorry i would like to request a refund to my dana account because i do not intend to subscribe to the premium service yesterday i try the free onemonth premium trial and suddenly my balance be deduct automatically unfortunately the deduct balance be actually intend for my tuition payment which be send by my parent i kindly ask for your help linkedin i have already cancel the premium subscription on my account i sincerely ask for your assistance even though i under,1
stick login server nya rusak,1
app lemot kagak dibuka,1
aja stick pemeriksaan keamanan,1
pemain,4
mengecewakan update keamanan terbaru akun logout login ulang verifikasi keamanan stick load page,1
registrasi pemeriksa keamanan error,1
coolest,5
tolong memperbaiki aplikasi akun masuk kemarin coba bikin akun pengiriman kode no sms menerima sms tolong bgt memperbaiki aplikasi,1
aplikasi ko kocak banget udah un istal ajah ngirimin notif email ganggu doang nyampah nyampahin email gw,1
susah login pengguna,1
good apk,5
kebanyakan gangguan darinya cuman pendaftaran akun gangguan fitur langganan premium gangguan apanya sekelas aplikasi linkedin ga fiks,1
bantu disibilitas tunarungu,1
sulit login karna pemeriksaan keamanan,1
ga msuk login,1
berkat meta aplikasi josssssbermanfaat dunia,5
huftt nunggu berjam jam gabisa login stuk pemeriksaan keamanan,1
aplikasi sampah log in gak,1
its so complicate i just change my device but i cant sign in coz need conform from old device and im not have it for old device,1
well pokonamah aplikasi iye beh biang,5
gk dibuka stick pemeriksaan keamanan,1
ga daftar g login,1
fitur login mari lakukan pemeriksaan keamanan cepat berfungsi masalanya memuatngestuck berjam jam berhari berbulan kelarselesai mohon silahkan diperbaiki,1
apk gk digunain login aja gk mend uninstall,1
aplikasi cacat load bgt ditunggu gagal,1
izin numpang sy suka,5
stick mari lakukan pemeriksaan cepat,1
login diarahkan gmail konfirmasi masuk susah diakses nya jaringan bagus galat,1
coba gimana hasih load pemeriksaan keamanan cepat hedeh kalok gak perbaikan gimana masuk min,1
eror mulu si aplikasi web aja muter aja error data lancar,1
membantu login error keamanan tolong develover orang butuh kerja tolong permudah sistem login nya udah bikin akun aja ga login duanya,1
susah login udah kek gini aja gak niat memperbaiki apk gk mend dihapus aja play store,1
gak bikin akun sih,1
aplikasinya gimana sih gabisa masukgagal muluwoy benerin gw butuh link doang apply cv,5
simple sasaran,4
linkedin really help me to find job connect with people especially hr and make my personal brand more stand out,5
mencobadunia,4
ga daftar no ga pakai kode otp ga kirim kirim apalah persulitkan,1
lumayan susah,2
sdh keren,5
trimakasi bergabung,5
gw ga bikin akun jir pas nyampe pemeriksaan keamanan cepat not respond yak,1
buruk stick pemeriksaan udah dri ga bener benerin,1
update terusan tetep gak login pengaduan email hasilnya,1
verifikasi lupa pasword banget loadingnya stick mempercepat keamanan gada hasilnya gajelas anying apk,1
pengalaman pengguna terbaik,5
masuk email facebook nomor telepon terhenti pemeriksaan keamanan tolong perbaiki,1
terpercaya bermanfaat,5
aplikasi ga bener bikin akun ae susahnya ampun,1
udah bikin akun upload sertif trus pas nyoba login ga coba berkali kali gabisa nama ga ditemukan salah,1
login gimanaa gak login,1
ga mari lakukan pemeriksaan keamanan cepat stick,1
ga masuk aplikasi akun udah bikin muncul verifikasi cepat muter muter gajelas,2
apk nya gabisa kebuka paniks,5
manfaat orang,5
gak masuk,1
aduh parah nggk masuk muter nggak login pakai email pakai fb no hp tetep nggak,1
good information,5
susah banget login nya aahahh min min,2
ga login yaa error ya,1
pelayanan customer service membantutidak membalas akun masuk ribet dipersulit mohon diperbaiki,1
akun gk login ya load mari lakukan pemeriksaan keamanan cepat gk terbuka knpa bsa bgtu ya,1
gbsa login stick pemeriksaan keamanan,1
since yesterday i havent be able to log in to the mobile app or web app after click the login button use email or log in via gmail linkedin always respond with let do a quick security check and then just keep load and get stick there be there any solution,3
medsos yg tdk fair,1
aplikasi pencari kerja bagus gratis terbatas,5
log in alasan verifikasi cepat stick load trus tolong cepat perbaiki merepotkan,1
stick mari lakulan pemeriksaan keamanan cepat ampe sejam ditunggu kagak masuk masuk auto uninstall,1
gk aplikasi nya mao login aj dibikin ribet,2
stick lakukan pemeriksaan keamanan cepat tolong diperbaiki developer gimana sih,1
login eror mohon bantu,1
memeriksa keamanan cepat ngak cepat ngak login,1
sempurnah,5
applikasi bermanfaat pekerja profesional saran kurangi chanel chanel hubungannya dunia pekerjaan,5
mendownload nya login reload trus tolong bantuannya developer,3
aplikasi maksa update,1
membentu,5
info loker update,4
menyenangkan,5
bertuliskan mari lakukan pemeriksaan keamanan cepat semenjak pasang authenticator app keamanan ekstra hack stick bertuliskan linkedin tolong perbaiki akun email,1
berguna membantu,5
kasih bintang login lancar,1
gak login sih udah gak buka apps nya ditunggu tetep gak login,1
tolong ya akun tibatiba masuk gabisa stick verifikasi keamanan,2
tolong admin perbaikan problem bug login account verifikasi keamanan,1
pas masuk bnget,1
gods luck,5
aplikasi login daftar tdk recomend jgn download nnti bug,1
parah susah login stress sekelas linkedin kek gini parah udah bikin kali kaya gini,1
i cant log in even though i havent forget my password but why cant i log in to my account even though my account already have many connections please developer fix it again,1
udah akun pas ganti hp gabisa login akun gak,1
perform account deactivation without any clear reason,1
stick pemeriksaan keamanan cepat gak log in tolong bantu aplikasi nya,1
memiliki pengqlaman swrupa sy ngestuck laman login masuk,1
my account always get restrict even though i dont even do a thing i cant even open my appsaccount but always get restrict already contact linkedin band etc still no way out im tire of this linkedin,1
pemula coba mudahan allah kemudahan memahami platform saksikanlah ya allah kepadamu memohon pertolongan petunjuk aamiin,4
aplikasi yg bermanfaat social pekerjaan,5
tertarik,5
ga login aihh,1
maaf tolong perhatikan aja info loker palsukemaren adek temen nya kena tipu info loker hasil apk,2
server burik,1
buka sekaliini aplikasi rusak kah,1
lowongan yg terbitkan yg kadaluarsa sulit melamar,1
app bodo tbtb pas login stick pemeriksaan keamanan tolong developer applikasinya dibetulin acuh applikasi,1
terimaksih sudh mebantu,5
susah loginsetiap login ping jaringan down jaringan bagus,2
bagus,5
linkedin platform profesional berguna membangun jaringan mencari pekerjaan mengikuti tren industri fiturfiturnya memudahkan pengguna terhubung rekan kerja perusahaan peluang karier profil diperbarui langsung personal brand efektif cocok berkembang profesional terhubung dunia kerja,5
login menyelesaikan pemeriksaan keamanan cepat login tolong solusinya,1
recommend,5
verifikasi force close,3
login mengirim kode verifikasi aplikasi terburuk,1
aplikasi fungsi handphone menghapus aplikasi,1
tim dev nya tidur kah update gada benerin bug loginnya tim be qa nya gmna nih udh update kali stick bugnya production udah nahan nih tangan biar gak b,1
,5
post preferensi kerja open to work koneksi ya,4
naah login page error,1
berusaha login akun google mencoba akun menekan setuju bergabung akunnya karna website ditemukan block by csp sia sia menunggu load mohon periksa aplikasinya karna kesalahan cod aplikasi,1
nice,5
asli gk login kyk oper oper gini pas mo login apknya tertulis mengirimkan notifikasi perangkat ketuk ya mengkonfirmasi pas emailnya gua buka suruh ikuti langkah langkah apknya gk tombol ya situ aneh bat,2
ribet banget ngelamar kerja aja bgt perusahaan mandang lulusan s ato minim d gak bedanya sebelah gak niat cari pekerja lulusan smk pandang sebelah mata persyaratan gak banget cuih lamar kerja manapun hasilnya balas cman yayasan bodong alias kang tipu tipu doang dah hapus aja aplikasinya gak banget cuih,1
nggak login,1
susah log in,1
udah x download aja ga login user mentok pemeriksaan cepat,1
aplikasi yg berguna,5
enak bnget,5
force close tibatiba dive mendukung,3
gak log in,2
gak login pdahal kouta sinyal full,1
aplikasi error login susah aplikasi berfungsi dg kecewa,1
kayak kebanyakan orang keluhannya linkedin masuk akunnya stick berhenti page lakukan pemeriksaan keamanan cepat tolong solusinya akunnya tolong teman ilang linkedinnya,1
tolong perbaiki login verifikasi nya banget,1
menyukai aplikasi membantu informasi butuhkan,5
mantap cepat kerja,5
s angat bagus,5
good,5
aplikasi yg smart,5
aplikasi login,1
aplikasi ga registrasi aja error buangbuang,1
berasa berfungsi,2
aplikasi gajelassss erorr,1
update ga login mohon diperbaiki terima kasih,1
terimakasih aplikasinya semoga bermanfaat,5
very good for conection and karier,5
aplikasi rusak gak login gausah download,1
aplikasinya bagus,5
awesome,5
biss login,5
heran daftar aja sampe pemeriksaan muter mulu sinyal udah bagus apk download,1
valid menarik,5
membantu dunia kerja,5
siiip,5
aplikasi yg bermanfaat ketimbang sosmed,5
ga login stick periksa keamanan cepat,2
aplikasi susah masuk ganti handphone ganti sandi email yg sdh,2
terimakasih linkedln wadah informasi lowongan pekerjaan,5
knapa muter pemeriksaan cepat,1
aplikasi bagus memiliki koneksi mencari kerja,5
good keep improve,3
tdk berkualitas,1
gak logindaftar muter verifikasi keamanan,1
aplikasi error masuk stick pemeriksaan keamanan cepat,1
mas mba maaff kih sedurunge sing bener bae dau wingi perbaharui kien ws jaluk perbaharui man iyaa dongdak ya kuota reangee,3
ngestuck login verifikasi keamanan load ga berenti,3
uda bbrp nyoba utk daftar boro daftar banget ga masuk sampe kesel,1
linkedin bermasalah udah bergabung pake gmail akun google gak reset sandi dah coba berhari aja gk perubahan berhenti pemeriksaan cepat jaringan dah diubah pake wifi data aja akun aja ayo la linkedin respon nya,1
menarik info pekerjaan pekerjaan mengikuti linkdln,5
lowongan kerja indonesia menyeleksi kandidat nya seleksi dewa hujan dewa petir dewa matahari aneh,2
emang enak kalo dibuka hp biar tawaran kerja,5
responsif apliaksi nya,1
error block by csp mulupadahal dipaketiba aja error,1
,5
susah x login tolong respon,1
br download semoga bagus,4
tolong perbaikan bug nya bug login ngestuck load pemeriksaan keamanan cepat tolong perbaiki bug nya english please fix the bug bug when i want to login back in but it get stick in the load section because of the fast security check please fix the bug,1
pemeriksaan keamanan cepat lamaa bbi,1
there be many twist and turn that i encounter when i start build a linkedin account but because i never give up on anything i manage to find it easy to work i hardly ever even look for a job myself now thankyou linkedin the place to build brand and find the worlds top job,5
goood nice,5
membantu mencari pekerjaan membangun relasi informatif bermanfaat,5
ga login aplikasi sepi wajar sih bentar gulung tikar,1
informatif membantu,5
pemeriksaan keamanan cepat kemajuan,1
bagus point aplikasi,4
dana tersedot autodebit aplikasi dana mencoba premium gratis tp berniat berlangganan tau membatalkan nya dana terpotong mohon dikembalikan dana dana lebaran mohon kebijakan nyaa non aktifkan premium nya,1
aplikasi bermanfaat keren semangat tim linkedin sukses,5
mw login g,2
payah instal update,1
membantu peluang kerja paruh,5
lupa sandi dialihkan keamanan cepat sih butuh linkedin loh utk kerja kerja kerja akun udah gk dibuka sekalinya buka lupa password haha app nya buruk penanganan lambatmakaisj,1
stick halaman pengecekan keamaan spek hp mumpuni gak rekomended bug nya,1
sengaja memperpanjang linkedin premium tolong kembalikan dana membatalkan langganan,1
great application,5
linkedin top banget,5
good aplikasi loker,5
saldo dana terpotong jt manfaat apapun aplikasi pengembang mohon kembalikan saldo ambil,1
gak masuk daftar pake akun google gak akun fb gak hadeeeeeeeeehh bikin emosi aja,1
stick halaman pemeriksaan keamanan doang,1
linkedin eror stick mari lakukan pemeriksaan cepat hubungi cs nya login pas login ya lagiii,1
recommend application for both recruiter and job seeker,5
bermanfaat,5
service cup sealer tasik mendukung aplikasinya,5
aplikasi mantul deh the best no word word,5
sulit login semoga cepat diperbaiki,1
good apply,5
aplikasi nya bagus sih cari kerja email nya spam banget blokir lapor spam emailnya ttp masuk email tenggelam bawahhh,1
ga masuk apknya muter doang ga,1
susah login nya ladang mulu gmn sih,1
up to date infonya,5
alhamdulillah kali pekerjaan jaringan aplikasi membantu banget terimakasih linkedin,5
tolong aj download koq ngebag pemeriksaan cepat aj terusan,1
mantab informasi berguna,5
login akun pemeriksaan keamanan cepat lamaa bangett,1
membantu berusaha mencari pekerjaan semoga pekerjaan aamiin,5
bisnis lancar,5
aplikasi nya digunakanstuck pemeriksaan cepat,1
ga log out trus verifikasi keamanan loadingnya gk kelar kelar mumet pala gw,1
i can not login into my account why tulisannya pemeriksaan keamanan kuota oke gabisa login wee,1
link mudah angkses,5
good,5
stick halaman verfikasi lemot,1
keamanan buruk,1
pengalaman bnyak brpindah pekerjaan kebutuhan kepeluan anak berat hidup mencari nafkah,5
referensinya membantu,5
bagus network upgrade pengetahuan,5
aplikasi bermanfaat,5
aplikasi gajelas uda akun udah ngisi data nya profil lengkap ga sampe masuk login akunnya ilang langsung disuruh login ulang lakukan pemeriksaan keamaan cepat dlakuin lemot alhasil gabisa login tolong diperbaiki aplikas gajelas,1
pekerja keras,5
udah daftar linkedln blm satuoun dpt panggilan,3
mantaaapp,5
bagus,5
like linkedin,4
sekedar informasi susah mendaftar pilih gambarpilih gambar kodok poaisinya normalkalo susah silahkan kunjungi website linkedin nya mendaftar,1
login memakai aplikasi ko jelek,1
stick pemeriksaan keamanan cepat udah akun problem nya,1
mudah mencari peķerjaan,5
good job,5
highly reccomended for employee employer job seeker head hunter procurement sales hr etc many things i can get ie job vacancy information general information etc,5
susah akses masuk pake email fb load payah,1
membantu informasi n interaksi dgn teman teman,5
perfect,5
terima kasih,5
use indeed bro cant sign up this app for a long time,1
beranda linkedin bermasalah dimana beranda menampilkan informasi apapun pemberitahuan reset install ulang aplikasi,2
cant make new account,1
pemeriksaan cepat ditunggu jam muter muter nyalahin internet internet lancar banget,1
susah banget login doang astaga,4
aplikasi nggak cuman load doang,1
ayo team linkedinsegera perbaiki login frustasi,1
bagus membantu,5
tolong aplikasi lindedln fitur penghemat data boros paket data,1
,5
tolong perbaikan buka linkedin login akun via google ngebug error,1
balikin uang terpotong akun premium gimana yaa parah dana terpotong jt rupiah,1
akun dibajak x sehari tau laporkan tindakan hack kecewa,1
masukcaptcha pemeriksaan keamanan cepat muncul,1
akun tibatiba diambil alih pengalaman kerja hapus akun nama pengguna ganti akun terindikasi rekruiter palsu tolong bantu akun,1
woi admin susah kali loginnya verifikasi keamanan muncul kasih lha solusinya gimana,1
always get restricetd,1
login dgn email load keamanan yg kunjung selesai,1
blm tau fungsinya,2
aplikasi jelek relogin proses,1
user udah daftar ga login udah download kali aja ga masuk,1
bug gk,1
linkedln smua muda terhubung dunia,5
udah ga login likendin lakukan pemeriksaan cepat udah ganti akun tetep kayak gitu tolong perbaiki,1
seruuu yaa,5
ribet login nya gbisa dftar gabisaa,1
,4
a funtastic app,5
memuaskan coba aja link in kalo post video hasilin duit rajin upload nya,5
linkedin ganguan login susah,1
loding nya banget,1
,5
memmbantu mencari info loker,5
stick pemeriksaan keamanan cepat,1
ngw stick pemeriksaan keamanan trs pdahal jaringan bagus,1
perbaiki sistem aplikasinya bobrok banget stick mari lakukan pemeriksaan uda ganti jaringan tetep aja ga tembus,1
linkedin stick halaman pemeriksaan keamanan cepat coba berkali kali berhasil laporan website linkedin pas selesai isi dikirim tolong linkedin perbaiki fitur pemeriksaan kemanan cepat buruk mengganggu tolong perbaiki bug semacamnya,1
ga log in akun lagistuck mari lakukan pemeriksaan keamanan cepat,1
masuk,2
susah connect rewelmint passwordkyak njolong diatmgevaarlijk zeg ben jij lkdin link edan ben jij,3
butuh aplikasi buffer login,1
cepet lahh weh benerinnn buffer mulu udah seminggu,1
aplikasi membantu mengembangkan karier,5
ga aplikasinya ga login mentok keamanan mutermuter mulu hadehhh,1
very helpful power and new job,5
nice,3
jelek gk login,1
gk jelass aplikasi bloon,1
pemeriksaan keamanan cepat eror login,1
ko ga login sih mari lakukan pemeriksaan keamanan cepat aneh,1
gabisa login stick layar utama,1
manfaat tuk berbagi multi disiplin orkestrasi pengetahuan dunia,5
,5
login,1
halo pengalaman sukarela bahasa sertifikasi pendidikan sma penghargaan proyek tolong bantu terima kasih,3
susah masuk,1
login nya susah,1
fitur mari pemeriksaan cepat mohon diperbaiki aplikasi stick memasuki fitur,1
more than million people use it it will be great,5
bagus aplikasinya membatu,4
akun log out login stick halaman mari lakukan pemeriksaan cepat muter muter error ganti wifi cepat error tolong diperbaiki bagus aplikasinya pekerjaan linkedin melamar hr tolong diperbaiki akun terimakasih,1
login,3
good,5
aplikasi paksa perusahaan yg tentukan linkedin perusahaan yg tentukan perusaan negeri,1
aplikasi membantu mencari pekerjaan,5
good app,5
hello link knp hlmn link tdk menyngknan lembran,5
pemeriksaan keamanan gua dwonlod anjir,2
ga instal min,1
login susah banget,1
kecewa habisa login stick disitu situ aja,1
berhenti,5
buruk udah daftar fb email google tetep aja gak nunggu perubahan tetep aja ngestak disana ngarahin web mohon perbaiki aja berfungsi,3
aplikasi yg bagus,4
gak,1
pengguna linkedln update login akun mohon developer memperbaiki aplikasi linkedln,1
aplikasi rusak gak login tulisan mari lakukan pemeriksaan cepat load banget ditunggu aja muter mulu,1
terbaik,5
kenpa ngebug ya kak tolong perbaiki,2
kecewa akun yg dl usee dg follower k ambil alih org ga pdhl udh verifikasi langkah eh bikin merintis udh th skrg ga dibuka apk tdk mendukung perangkat suruh hubungi developer gmn sih,1
loker sopir b,4
pemeriksaan keamanan cepat ga login tolong apknya perbaiki,1
pengalaman bagus aplikasi terima kasih,5
pengalaman terburuk aplikasi developer belajar ya,1
goodluck,5
menyenangkan,5
sampah login,1
daptar pakai ktp eh gk masuk pripikasi ktp aja gk masuk aplikasi gk moga aja data dlm gk salah orang,2
kali instal uninstall linkedin bergabung login jaringan jaringan baikbaik tolong perbaiki linkedin ya,2
allah sumpah ga link in tbtb ngambil uang orang sumpahhhhh,1
bagus orang mencari pekerjaan,5
smoga bermanfaat pastinya,5
coba berkali kali aja susah masuk login nya,3
woy linkedin gbisa login gmn sih,1
susah login,1
sengaja pembayaran premium google play mohon kembalikan uang,1
sumpah susah bnget masuk nya akunya udah ga masuk ga tau aneh,1
ga login,1
informasi positif,4
gak perbaiki halaman login nya stick pemeriksaan keamanan cepat tunggu sampe load tolong diperhatikan login susah andalan aplikasi,1
semoga gw dapet kerjaan jir cape nganggur,5
okeh,5
,5
reset password gagal page not find,1
gbsa daftar akunstuk pemeriksaan,1
login nya susah banget nge load sampe tinggal solat ga kelar prosesnya ga gini,1
lowongan pekerjaan gagal mulu kalo mode hp tolong benerin linkedin biar post loker hpmobile,3
daftar besoknya login berhenti status mari lakukan pemeriksaan cepat login,2
akun,5
mengerti aplikasi mohon bantuannya bimbingan nya kk,5
mantap sesuai harapa,5
akun terbuka,1
bagus,5
logout pas login akunnya ilang teman mengalami sulit login sulit akun ramah,1
manfaatnya informatif dibanyak aspekterimakasih,5
parah gag login,1
gabisa login,1
awesome,5
semoga,5
kecewa linkedin berlangganan premium saldo aplikasi dana ambil nominal rp mencoba ajukan claim dana refund tolak,1
berguna,5
ok aplikasi,5
ga login,1
buruk pemeriksaan keamanan login akun diperbaiki aplikasi linkedin kecepatan diatas mbps memuat captcha,1
bantu login,3
i get a lot of informations about how to teach structure well,5
login mari lakukan pemeriksaan keamanan cepat tolong perbaiki servernya,1
apk yg membantu pencari kerjaloker yg mudah utk melamar,5
good for look job around the world,5
professional aplication,5
baiknya,5
sih lakukan pemeriksaan cepat maksudnya akun kehapus udah ga buka linkedn log out aja aneh banget,1
login nya susah load pemeriksaan nya,1
terverikasi ok app nya,5
every thing be ok,5
aplikasi nya trimakasih membuatnya aplikasi keperluan mencari pekerjaan jawa doakan semoga cepat kerja menganggur aplikasi bermanfaat berguna manusia manusia aplikasi,5
sulit login sulit daftar,1
membantu mencari pekerjaan,5
info yg diberioan membantu,5
sulit login ya mohon perawatan nya,1
worth to have and utilize this application on my daily basis very helpful to connect with executive people,5
ok,3
gimana ceritanya gak login verifikasi captcha gagal mutermuter mari lakukan pemeriksaan keamanan cepat gak aplikasi browser pc aja,1
good idea,5
lelet banget,2
linkedin login gagal teruspadahal koneksi bagus,1
perbaiki keamanan linkedin buruk akun diambil alih kontennya diganti notifikasi apapun diakses ganti password aktifkan verifikasi langkah login fitur mari lakukan pemeriksaan keamanan cepat login load tolong diperbaiki,1
platform menghubungkan orang orang profesional berpengalaman newbie bsa pengalaman berkomunikasi bisnis sosial,5
too many ads annoy,1
login mencoba akun berubah halaman pemeriksaan keamanan cepat selesai load,1
linkedinku mendadak logout login pemeriksaan keamanan load terlama aplikasi sampah,1
akunlinkediin ku mudah kena hack tolong perbaiki algoritmanya terimakasih,1
bermanfaat pencari kerja,5
gabisa masuk gajelass verifikasi ampe poto sim ktp gabisa aplikasi gajelass ppek,1
ok bgt,5
màntàp,5
bermanfaat utk bisnis,5
skli,5
cant login keep reload,1
good apps,5
susah daftar link,5
mendapt pengalaman,1
informasi dunia kerja,5
masuk pemeriksaan keamanan cepat mohon perbaiki,1
aplikasi ribet gak gampangan ngari kerja glint simpel coba ubah app glint,1
login aja susah bgt anjj,1
tolong kembalikan uang uang setoran,1
mohon dimuat loker kadaluwarsa,5
masuk ngestuck,1
bagus inovatif,5
membantu mencari kerja,5
terbaik,5
mohon bantuannya aplikasi linkedin tibatiba kebuka,1
mohon dana kembalikan berlangganan sepengatahuan k,1
aplikasi elegan,5
linkedin bagus,5
download bufferingnya kelewatan,1
usefull,5
kereen,5
durasi login membuang kesabaran dibutuhkan,1
masuk daftar aja susah muter gak pake jaringan wifi,1
linkedin ngga masuk stick pemerikasaan keamanan,1
app inibertemu orang profesional dibidangnya,5
login smpe x ga tolong perbaiki login malem ga pagi ga siang ga apk gajelas,1
verifikasi aja belibet libet wak sodorin verifikasi profile fitur verifikasinya jelek,1
nyoba,3
ga masuk ga tau,1
download login gabisaaaa,1
puas,5
apk bosok,1
loginnya susah betuul pas udah login tau besoknya logout login gak,2
akun susah login pengecekan keamanan load nya,1
daftar berkalikali gk aneh,1
very good apps,5
kali akun ku ban sendiriii bikin cuman muncul mari lakukan pemeriksaan cepat tolong gimana mengatasinya,2
mari lakukan pemeriksaan cepat what the hell with that word,1
banget proses login nya,1
mantap membantu,5
kayaknya emg sengaja mo bikin pengangguran gajelas banget gw kmarin mo akun sibuk login keamanan trus gagal the best lorang bubar aja ni aplikasi,1
udh rusak developer nya ga login tau fix,1
goood,5
bagus,5
mantap terbaik,5
login muter muter,1
akun verifikasi captcha nunggu nya sampe berjam jam gabisa masuk gagal ngulang gitu captcha nya ggda muter muter tulisan mari lakukan pemeriksaan keamanan cepat,1
applikasi sampah ga log in,1
tolong tindaklanjuti ga login,1
kerja dibawah pimpinan presiden,5
login susah cumak muter aja,1
akun udh berkali ban ditambah skrng login tulisannya mari pemeriksaan cepat maksudnya coba udh ditunggu berjam gabisa pas udh selesai halaman tersedia sistemnya dibenerin bermasalah mulu dah,1
mantap lowkernya,5
susah banget daftarnya app gajelas,1
gak login temanku scan foto diriku foto ktp temanku,1
mendaftar susah login nya,1
load gak masuk,1
jelek bgt aplikasinya udh minggu login gabisa pemeriksaan keamanan cepat ga masuk aneh yg komplain tp gaada tindak gimana woi butuh kerjaan,1
akun link in gmail profilenya kosong menghapus akun permanen kemarin akun link in gmail berjalan lancar tibatiba masuk akun mari lakukan pemeriksaan keamanan cepat berhenti disitu mohon pencerahannya developer terima kasih,1
terima kasih hadir,5
bintang krn kerja sdh bln tiarap rumah,3
susah login,2
permisi mengajukan protes linkedin contact support dll respon membantu akun terkena resticted alasan aktivitas terlarang respon membantu akun dikembalikan tolong contact support linkedin akun,1
akunku tibatiba hilang sih ga banget kemarin habis kena hackkocak linkedin,1
,4
susah login apk load nya lelet,1
susah loginnyaaa,1
susah login tolong pemeriksaan keamanan,1
buka perbaharui jaringan bagus,1
pemeriksaan keamanan,1
gabisa login gajelas udah bikin email ttp aja load doang,1
buka aplikasi aja verifikasinya banget udah berharap loh aplikasi,2
aplikasi login akun mulu login akun verifikasi keamanan jam ga,1
ok good,5
i already take a photo use my passport for identification but it require an epassport for scan not all countries have epassports dumb app,1
very good,5
muter doank gak masuk dr hr,2
pemeriksaan keamanan cepat ga masuk masuk dah,1
jejaring yg bagus,5
lupa password ga login aplikasi load,1
membantu ok,5
erorr,1
tolong kembalikan uang rupiah berlanggan terpotong otomasi membutuhkan uang mohon bantuannya,1
not work on my device,1
hp ga instal apk tulisannya aplikasi kompatibel teruss,2
daftar susah,1
ok sgt membantu,4
ya allah dana dipotong google play langganan adakah solusi ajukan pengembalian dana,3
woy linkedln ayolah beffering mulu perbaiki ga,1
apk berfungsi semestinya persulit pengecekan keamanan pengunaan aplikasi,1
login stick pemeriksaan keamanan cepat coba apapun bisaa tolong diperbaiki,1
bagus infonya,5
membantu terimaskasih linkedln,5
imfo y membantu,5
benarbenar berguna a puas b puas c puas d puas pilih memuaskan puas,5
menginstal via hp android coba pake iphone gabisa login,1
keluhan pengguna rat,1
aplikasi ampas gabisa kebuka,1
lemot gabisa dibuka muncul tulisan lakukan verifikasi cepat tpi load mulu,1
eror gimana udah update udah reset ganti akun dll masi gk dibuka,1
keren mencari partnership bisnis,4
stick pemeriksaan keamanan captcha muncul silahkan dibenerin webnya captcha nya block by csp,1
dibuka,3
buffring ulasannya,1
buffer,1
tolong susah benget ya login penggunaan login tibatiba terkeluar stick mari lakukan pemeriksaan keamanan cepat coba pakai email yg sampek verifikasi ktp,1
jelek tibatiba login udah gak tolong perbaiki aplikasinya orang membutuhkan fresh graduate butuh info loker please admin,1
uang tepotong akun dana berlangganan tolong kembalikkan uang sya aplikasi sekedar akun,1
sulit login instal daftar,2
saldo dana terpotong rp berlangganan jahat banget,1
bikin tp pas masuk gak buffer,1
loginnya min butuh eventtttt,1
login stick verifikasi cepat load ga masuk coba apps browser pakai hp pakai tab pakai laptop login service center gajelas hubungin kemana pulak,1
akun muncul tulisan mari lakukan pemeriksaan cepat tunggu sekian buffer muncul halaman tersedia liat review protes yg desember sampe ga perbaikan,1
,4
gk masuk,1
error mulu dah app mempermudah mempersulit,1
woy eror woy ga login bug woyyyyy,1
log in linkedin stick tampilan verifikasi keamanan hp laptop solusinya,1
masuk akun,1
ribet laporan tdk,1
tolong bantuannya akun basa login sandi pin mereset ulang pin da sandi muncul bug error tampilan menunggu mohon bantuannya kegiatan tertinggal up linkedin,1
suka aplikasi linkedin baguss ya pas coba post linkedin error load,2
tolong perbaikanny pliss,1
keren,5
membantu mencari pekerjaan,5
mantab bantu,5
mendaftar kali karna tetus buffer mari lakukan pemeriksaan keamanan cepat dicoba mencari informasi internet hasilnya nihil,1
saldo dana tibatiba ditarik rp berlangganan mohon bantuannya pengembalian dananya layanannya,1
gagal login solusinya ya mohon bantuannya,1
ga ngelag pemeriksaan cepat,1
bug stick security check,1
bisnis online dikenal,5
aplikasi cacat ga login ga buffer pemeriksaan keamanan ga perbaiki cacat,1
login aplikasi eror mohon perbaiki,1
informasi lowongan kerja akurat memuaskan recommend,5
poor aplication i have lose my job because my account be block suddenly without any logical reason very disappoint,2
kompatibel perangkat,1
errorr gbisa daftar mari lakukan pemeriksaan keamanan apacb,1
aplikasi aneh akun login buffer pemeriksaan keamanan aneh konyol,1
lemot bgtvsetelah diperbarui pemeriksaan keamanan ga kebuka pdhl koneksi udah stabil,1
serba bayar kirim pesan aja musti premium bayarnya mahal banget,1
pengguna linkedin pas login tulisannya mari lakukan pemeriksaan keamanan cepat buffer yaa,1
faster and detail,5
pemeriksaan keamanan cepat halaman web terdeteksi,1
mantapsemoga kedepanya,5
susah daftarsudah isi nomor isi kode error isi nomor pas isi kode error kode gak kirimkirimentah maunya,1
login stick tulisan pemeriksaan keamanan cepattolong diatasi,3
aplikasi bagus cari kerja,5
penuh pengalaman,5
oke banget,5
cacat,1
mereset password,1
aplikasi gk berfungsi sm menyebarluaskan data pribadi aja gk membantu,1
membantu mencari referensi kerja,5
aplikasi ga gimana sih aplikasi buka tulisan mari lakukan pemeriksaan keamanan cepat mulu heran dah,1
susah banget login load masuknya unlimited,1
apk ga,1
fungsi apl,3
contoh ulasan bahasa inggris meningkatkan daya tarik linkedin ulasan profesional highly recommend nama consistently deliver highquality work and demonstrate exceptional expertise in bidang keahlian ive have the pleasure of work with nama on several project their attention to detail creativity and professionalism be truly impressive nama be an outstanding professional with a deep understand of industribidang thei,5
berhenti berlangganan sulit prosesnya,1
ga login buffer teruss,1
ga login akun,1
min daptar koq susah banget nunggu verifikasi keamanan nya,2
mohon infonya aplikasi linkedin buka,4
aplikasi yg membantu dunia pekerjaan,5
terbaik,5
mempermudah indormasi kerja,5
muter gak login,1
didownload ya apk nya,2
akun kena hack coba ambil alih sesuaikan data diubah orang dikenal akun nggak login komplain linkedin nya dibilang nggak akun melanggar ketentuan login mentok verifikasi akunnya kena tangguhkan kena sangsi tolong admin keringanannya,1
menurutku puas terima kasih,5
why when i open the linkedin appwebsite i always get stick on quick security verification i have try uninstalling and instal the app and i have try clear the cache but it be still the same,1
login akun load tulisan mari lakukan pemeriksaan keamanan cepat,1
mereferensi,5
menarik,5
aplikasi yg membantu,3
menghargai privasi penyebaran data informasi gampang lolos,1
masuk nya gimana woy gw memeriksa keamanan cepat lamaa banget gabisa gabisa,1
lancarkan situs,5
informatif,5
nice apk,5
update januari coba login aja ngga berhenti mari lakukan pemeriksaan cepat coba mah namanya ngga update sampah,1
daftar error mulu mentok dibuffering periksa keamanan cepat aja tolong perbaiki,1
,1
aplikasi gak login aja susah banget ngeblank muter mulu,1
good,1
akun linkedin gak dibukaakses email penuh pemberitahuan seakan aktif berinteraksi,2
biaya premium nya kelewat mahal,3
membantu,5
coba kirimkn bintang dl,4
berlangganan knp tarik,1
linkedln ga login login hp laptop keteranganya mari lakukan pemeriksaan keamanan cepat mengganggu udh sejam tunggu harap linkedln mengatasi memperbaiki kesalahan terimakasih,1
stick pemeriksaan keamanan cepat,1
so far so good,5
maaf kk gabisa download sih butuh banget cari pekerjaan,2
lemot force close,1
peluang bisnis dimana berjuang,5
gimana daftar akun januari udah ngelengkapi profile akunnya index google minggu sekerang pas dicek akunnya pas login gabisa tertulis mari lakukan pemeriksaan cepat ditunggu reload webnya eror halaman tersedia gapernah login device satunya ko kena verifikasi gitu,1
tutup akun g,1
senang pengetahuan dapatkan,5
gk login payah,1
nomer telepon,1
download,5
membantu mencari pekerjaan mencari karyawan kompeten,5
dibuka login muncul mari keamanan cepat ujungnya error,1
login daftar dipersulit prosesnya banget pemeriksaan keamanan cepat inii memakan menit sinyalku aman lancar,1
aplikasi linkedin bagus kalangan profesional,5
aplikasi nya membantu,5
aplikasi membantu,5
login gagal daftar berhasil logout masuk muter muter ja mulu gak masuk,1
tolong berkali kali mencoba login memiliki akun memiliki koneksi mudah mendapatkannya akun dibajak berubah nama mencoba login verifikasi ktp aplikasi merespon mencoba login buffer pemeriksaan keamanan mohon diperbaiki,1
membantu proses mencari kerja informasi pekerjaan dll,5
gimana ya buffer mulu login laptop jg susah error perbaiki sistem nya platform gini,1
linkind membantu menemukan job yg sesuai fengan talenta,5
akun nugguin verifikasi keamanan truss,1
memeriksa keamanan,1
pengetahuan,5
suka aplikasi initolong dihapus aplikasii hp,1
aplikasi,5
ya gk masuk udah minggu halaman web tersedia,2
buka,2
gabisa login developer gajelas buruan perbaiki bug nya update apk nya,1
masuk gabisa bikin akun,1
,4
,3
ok,5
suka,5
mantap,5
mantap,5
helpful,5
download apk linkedin,5
membantu,5
ok mantap,5
buffer mulu jirr download,1
cv,5
mantap euyyy,5
susah loginnnnn,1
akun masuk erorr,1
gabisa login mulu,1
ayo berekpresi,5
payah susaj login,1
alhamdulillah seneng banget linkedin cari kerja mudah panggilan doakan alda ya puasa panggilan kerja langsung keterima kerja aaaminn,5
teman kepercayaan bergabung mantap,3
tolong kembalikan uang terpotong otomatis gopay memasukan pin,1
im sorry but this app be break,1
tolong perbaiki menu registrasi mendaftar error pemeriksaan nya,1
linkedin grow professional network and carrier opportunity,5
loginnya susah bngt tolong diperbaiki,1
masuk angin gk login,1
load login tibatiba logout masuk logout tolong diperbaiki bug sistemnya,1
tertarik dunia linkedin informasi komunikasi bidang universal service membantu pekerjaan,5
membantu mencari peluang kerja pengembangan enterpreneur,5
login aplikasi,1
loadingnya stick sih pas daftar udah,1
stick on load for login linkedin,1
nggak masuk aplikasinya,1
membantu informasi ilmu pengetahuan peluang karir bisnis dll,5
tolong iklannya suka muncul dmana bosan bgt,1
login muncul mari lakukan pemeriksaan cepat cepat mata kau puqiiii,1
direkomendasikan pencari kerja,5
oke,4
apk in keren banget my soulmate butuh kerja gabung,5
aplikasi error kah gak login yak pemeriksaan keamanan cepat mulu tulisannya ujungnya tulisan website error kocak dah,1
mohon maaf susah login ya kali dn jeda ttp tdk login mohon bantuanya terima kasih,2
aplikasi bagus memudahkan orang orang mencari lowongan pekerjaan online,5
aplikasi cacad tololl anehh login muter menerus,1
susah login pemeriksaan keamanan stick,1
masyallah,5
mantaaap,5
ga donlot,1
gabisa login daftar,1
bagus ok,5
log in,1
warrr,5
ok suda coba ya,4
bagus aplikasinya suka lamalama suka terbiasa,5
nilai,5
i m welder,4
sangatt berguna,5
tutor log in linkedin donggg gak masuk dh,1
verifikasi aja ribet,1
produk yg,5
stick pemeriksaan cepat,1
login muter mulu koneksi stabil,1
mantaf,5
semoga bintang membantu sukses impian tercapai membawa keorang tua umroh amin semoga semuah gru linkedin jaya sukses sllu,5
ni apk,5
aplikasi kotoran membantu jual iklan publikasi kinerja perusahaan apl miskin negara miskin,5
apk gak stick pemeriksaan keamanan menerus,1
dear developer pengelola aplikasi mengalami kendala login sebulan membantu hubungi terimakasih,4
login,2
login ya,1
mantup,5
like,5
pas daftar terhambat pemeriksaan keamanan cepat,1
kalo ngga kaasih bintang mend ngga kasih deh gagal sign up teruss ga,1
wonderful make easy my task and always support thank note we can discuss everythink about business and management from new relations,5
gabisa repost postingan,2
tolong akun email akun perbaikilah tolong aplikasinya,1
mentok buffer pemeriksaan kecepatan sinyal mulu gk jls apk tolong maintenance,1
daftar akun tp ngga kecewa rekomendasi nya bagus,1
yah akun linkedin nya g login pdhl buka trus disuruh verifikasi identitas udh selfifoto ktp tpi g terbaca pdhl udh bngt fotonya tolong bantu solusi nya gimana nnti klo udh dibantu bintangnya dikasih,2
memasak kuali,5
keren apic orangorang terhubung perbedaan status aplikasi menguntungkan belah profesional,5
akun kena hack verifikasi kali akun membuka akun hacker membeli akun premium bayar akun setelahnya kena hack bagus,1
knp login nya ya,2
gak dpt kerja dsni wkwkw,2
buffer mulu login,1
dpt bnyk info kerjaan good job,5
rindu,5
knapa masuk eror masuk,4
nyepam banget email,2
gabisa masuk pemeriksaan cepatnya buffer,1
niat aplikasi nggak niat hapus aja butuhnya nggak dipake,1
g daftar akun stick pemeriksaan keamanan,1
gk registrasi,1
tolong akun dibuka load nya tanda login ata load mohon linkedin turun tangan membantu login akun terpaksaa,3
verifikasi nya gak ngerti indonesia maunya,1
woi gabisa login anjer napa coba ngestuck pemeriksaan keamanan cepat tolong solusinya apalah biar login gua kerjanya susah,2
keren habis,5
ok,1
nice,4
bagusjadi informasi lowongan pekerjaan,5
logi golgel gimana nya,5
selamat sore semoga lancar sukses,5
ga loginbuat akun pemeriksaan cepat tolong diperbaikin,1
mantab,5
ga bikin akun gimana sih gagal mulu lemot,1
aplikasi disarankan mencari informasi pekerjaan terhubung rekan kerja,5
jejaring lingkungan positif vibes org dgn semangat berjuang berusaha penuh berdedikasi pembelajar etc,5
ga akun,1
bagus,5
gak login daftar stick verifikasi,1
keren banget,5
susah bener login nya gimana nihhh tolong error urgent nihh yaampun perbaiki errorudh bolak coba hasilnya tetep error terusss,1
informasi berguna pengembangan keahlian profesi peluang kerja,5
verikasi log in bermasalah masuk akun,1
membantu dunia usaha kerja menambah jaringan pengetahuan,5
gak daftar sih tulisan halaman web tersedia jaringan bagus,1
linkedln masuklogin mode buffer menerus tulisan mari lakukan pemeriksaan cepat solusinya mencoba utk login dr laptop verifikasi hape kejadian status block by csp,1
membantu informasi lowongan pekerjaan,5
apalikasi mendukung karir pekerjaan,5
susah banget loginya gabisa,1
tolol login aja gamau dongo,1
kemudahan koneksi orang orang share bermanfaat,5
,1
wow,5
suka link mudah pahami mengibur content menarik mantap,5
aplikasi luarbiasa member luarbiasaselamat berkiprah pencapaian terbaik,5
apk paok dajjal tolol gk suruh msk no hp gk ad sms pakm,1
ab or bosun,5
donlod mudahn dpet kerjaan yag ccok,5
puas,5
admin akun kena hack ganti akun email gimana pertanggung akun ditutup takut aneh,3
good,5
tolong perbaiki ngelag gak login,1
mohon maaf banget ya susah login udh akun nya mentok pemeriksaan keamanan cepat mohon perbaikannya,1
ga daftar ga je,1
tolong ganti handphone login bertuliskan mari pemeriksaan cepat tunggu neterrblockedbycsp gakbisa login,1
pelajaran reset hp logout linkedin susah loginnya,5
aplikasi yg membantu mencari network pekerjaan bisnis pertemanan dll,5
stupid job platform,1
membantu,4
sih linkedin aneh banget akun isi data data diriku ntah experience study about profil akun kena restriced udah ajukan band kemarin ktp verif wajah dll pagi email restriced acc nya udh remove pas coba masuk linkedin muter muter tulisan mari lakukan pemeriksaan keamanan cepat gitu aja sampe,1
linkedin business premiumnya mahal banget jtbulan,3
need improvement,4
margono presiden republik indonesia,5
terimakasih,5
jos,5
ok mantap,3
log out eror sdh install ulang,1
kenap tidk mendownload ya apk nya aneh,1
driver,5
aplikasi nya update iya registrasibikin akun aja susah banget server nya bermasalah kah developer udah ngelakuin registrasi akun ujung ujungnya gak udah make no hplewat akun google facebookganti device hp laptop tetep gak mohon developer update ya registrasi nya dipermudah,1
namanya edit berubah huruf s susah banget login akun jugaa wkkw periksa keamanan lamaa ga selesai selesai,1
alhamdulillah terkoneksi,5
terima kasih linkedin,5
bug aplikasi diperbaiki,5
nggk login,1
ya ga login pake hp,1
sangatt informasi menarik terbaik,5
rumahtangga terpanggil menjadinseorabgnpemimpin partainpolitikkristen nasionalis kekristenan dot majumembangun bangsa mensejahterakanbangsa seta mencerdaskan bangsa menjauhkan korupsi daribangsa contoh dgn keringatsendiri spt sosok kakek sayaprofjmpanggabean yg punyaasset yg dijual ditinggalkan orang ygtidak tinggal kasih kristus,5
mantap,5
kasih bintang error login nyasp tau masuk,5
downolad aplikasi ditarik rp duit ditarik otomatis persetujuan membeli aplikasi aplikasinya ya merugikan tolong bantu mengembalikan uang ambil,1
bisanya akun ambil orang dahgimana ni linkedin data data gua gimana dalamnyajelek banget pengamanan nyasampe gua ga masuk akun,1
good aplicaton,5
download login gabisa kek eror gitu tolong diperbaiki yaa terimakasih,2
mulaii eh sistem pemeriksaan nya lemot banget,1
eerrŕvc kencing manis,2
knapa sya tdk install apk lagimohon bantuan nya,3
haruskah mengganti perangkat kompatible aplikasi,3
say akun pas re install login gak error butuh banget coba pake akun tetep error tolong diperbaiki ya,1
ganti perangkat login ulang aplikasi menyuruh buka aplikasi linkedin nya tekan ya ya gimana tekan ya login coba web bener bener aneh email ga bale kek gini ga solusinya,2
cargobandara jasa pengiriman cargo via udara mengirim paket pelosok daerah indonesia jasa pengiriman via udara murah solusi terpercaya layanan cargobandara melayani pengiriman express keseluruh indonesia,5
gak sign in sinyal cek apk,1
stak pemeriksaan keamanan cepat memasukan sesuai perintah stak,2
percaya aplikasi,5
halo admin complain terkait pendaftaran coba kali menunggu menit masuk kendala server nya jaringan bagus lag perbaiki kali kasih bintang kalo pulih kasih bintang,1
sunguh luarbiasa,5
membantu proses,5
mudah pemeriksaan,4
apalah linkedin daftar susah banget error mulu nyoba daftar pake email no telfon sampe fb gak web aja tolong profesional nya mudah bikin ribet,1
aplikasi rusak gabisa dibuka memeriksa mulu kontoool,1
kayak facebook,5
udh perbarui tetep aja gk dibuka,1
nggak login nih load nya sinyal bgus klo kode prefikasi nggk masuk,1
login ampun,1
susah banget login,1
susah login eror,1
nggak masuk login accountcuma stick load aja,1
assalamualaikum aamiin aamiin aamiin aamiin aamiin ya allah swt berfirman qs albaqarah ayat,5
aplikasi gajelas login kemaren sampe gabisa error ga masuk,1
bug nya,1
this good link,5
versi close aplikasi refresh tolong diperbaiki,2
apk login loadingnya eror udh diinstall ulang gitu gitu,1
back close selesai pencarian klik profil akun,1
force close google pixel a,2
app linkedin error mencari mesin pencarian terkeluarkan kehalaman wall search apapun error,1
,5
force close ya,4
aplikasinya error,1
nge bug,5
fix the bug not run on android version,1
aplikasi the best,5
why open profile become crash and close the page,2
premium mahal ga worth it,1
lq f,5
habis update apk nya,1
tibatiba cek profil koneksi profil orang buka pesan otomatis beranda aplikasi update menu pembaruan google store log out log in berkalikali uninstall install emang gangguang,1
tolong perbarui sistem verifikasinya banget developer perbarui sistem operasinya,1
perhari linkedin close force knpa ya,1
gabisa login ya allah ga bgt kmrin skrg gabisa,1
profesional jalani hubungan bisnisthanks,5
sangattttt mengecewakan login susahhhhh aplikasi bagus,1
great job hunter community application,5
linkedin aada bugnya tolong dibantu diperbaiki aplikasi tbtb berhenti,1
ga login akun,1
great app,5
update android aplikasi linkedin jd gk pencarian profil orang profile tsb aplikasi lgsg force close,1
akun bajak loginsampah hapus team,1
tolong ya developer lu android ver ya update android kalo mo ganti basq,1
login aplikasi error diupdate proses verifikasi gagal masukin password error,1
kasi bintang aplikasinya,5
susah akun eror pas verifikasi,2
cant make a new account since weeks ago,1
suka,5
gk digunain gk tau knp gj nyari pekerjaan shrsnya dipermudah dipersulit heuuuh,1
menunggu melakua pmeriksaaan cepat aslinya lemot ak sampek daftar d hap leptop tp hasilnya tetep gimanamau d bintang,1
rockybali,5
gagal login berputar putar,1
error,1
buka pesan langsung halaman utama susah,1
aplikasinya bagus ya pekerjaan hasil apply cv aplikasi linkedin,5
chat akses eror,1
cant login cant create a new one bad,1
login,1
gak support android buka link auto tertutup aplikasi nya halaman profil orang,1
min tolong bikin akun muter doang,1
pengetahuan yg,5
mantap aplikasi nya,5
belajar ilmu penulispenulis ahli bidangnya masingmasing thx linkedin,5
instal kemarin udah dicoba login,3
aplikasi force close vivo android,1
login stick security verifikasi diperbaiki,1
mantap pooolzipp,5
pas akun besoknya akunnya aplikasi login tuh stick pemeriksaan keamanan cek hp kakak akun nya udah ga alias ilang bikin akun ga ya,1
aplikasi ni ga dibuka verifikasi cepat nya sampe minggu lkebuka,1
ssya mengunakan ya,5
server lemot pas verifikasi login parah,1
login pemeriksaan keamanan berjalan,1
hai suka linkedin tersedia lowongan kerja saran tolong lowongan melebihi minggu dihapus otomatis menerima lamaran,5
sungguh bagus bermanfaat smua orang,4
akun berhenti load periksa keamanan cepat tolong perbaiki,1
tutup,2
kontollll,3
login perintah melakuksn pemeriksaan cepat lambat,1
dapet kerjaan gak jels,1
mengirim foto mengirim sms nomor bkin ya,5
good platform,5
aplikasi network bisnis yg konsisten kesempatan bisnis komunitas masukan konten post diluar bisnis peringatan diperingatkan bergeming baiknya dikeluarkan diblokir semoga linkedin innovatif,5
good aps,5
suka,1
gak loginpemeriksaan keamanan banget ga berjalanpadahal sinyalkuota oke,1
ribet login,1
linkedln platform terbaik masyarakat membantu orang dapatkan informasi terbaru,5
ampas force close hp high aplikasi ampas,1
force close masuk menu profil profil orang vivo v pro android,1
terimakasih memberitahu aplikasi,5
aplikasi memfalitasi pencuri data merugikan,1
verifikasi gabisa pake ktp pake paspor ga org pake paspor persona rd party linkedin tolong benahin ganti aja sumsub menyusahkan,1
,4
please quickly fix the security verification bug that be so annoy,1
akun banget bekukan kali akun ban mulu,1
tlg proses kn lbh trimakasih,5
tolong perbaiki aplikasi dibuka utamanya membuka profil install uninstall hapus cache aplikasi call center dihubungi solusi cepat,1
in the verification menu not all countries use nfcpowered identity card this feature need to be on the feet again,3
situs pencarian kerja bagus,5
masuk akun load stick din pemeriksaan keamanan cepat,2
login aja ga masuk,1
kebanyakan notif gak,1
kompatibel asus zenfone,5
x bikin akun login sekalinya login jam ga login lakukan permintaannya verifikasi persona tpi hasilnya data terkonfirmasi sungguh mempersulit,1
susah log in,1
bagus imfo lowongan muda tinggal klik nama perusahaan,4
ya klik profile notifikasi kunjungin profil perusahaan teruss hapus cache uninstall intall tetep gak tetep ngebug,1
i get many knowledge here,5
bagus pengerjaan pertemanan,5
bugsaya login,1
r r t,3
mendownload aplikasi,3
diupdate,1
gblk nih aplikasi akun aja ampun hadeh,2
pengalaman kerja clean service,5
force close gk,1
semoga aplikasi memuaskan,1
ampas bener servernyamau daftar mentok pemeriksaan keamanan internet bagus,1
aplikasi yg mempermudah,5
yes okay,5
buka konten profil membuka inbox langsung tertutul beranda fix thissss,1
akun hack,1
login akun barupun load,1
bagus informasi,5
top lambat,5
linkedin pokoknya mantap update info lowongan kerja rekan rekan,5
kompatibel perangkat,1
aplikasi berhenti update,3
,1
tolong dk loding,1
ga pilihan sesuai profesi ttng asisten mahasiswa pdhl sy sdh ngetik homecare perawat lansia tp ga muncul,2
bisaa buka apk nyaa,4
applikasi membantu pencari pekerjaan,5
udah daftar trs logout pas coba login gabisa mutertrs,2
oke bangetbsays suka,5
very good luck and thankyou so much,1
nggak dapet akses,1
login muter tolong diperbaiki,1
parah close,1
layanan publik bidang olah raga,3
puas,5
membantu lowongan kerjaan,5
bagus,5
load setannnn,1
mudah terpecaya,5
diperangkat tdk bs ya,2
aplikasi,1
gabisa daftar login,1
bagus fiturnyq,5
login stick pemeriksaan keamanan cepat,1
ayu lembayung,5
ga ga log in download auto hapus deh,1
,5
why always force close in iqoo,2
hi linkedln,5
aplikasi suka otomatis,5
aplikasi crash akses profil member,1
bergabung dunia maya,5
mantap,5
force close mulu,1
suka aplikasi byak membantu,5
jos,5
tolong team linkedin bug aplikasi versi terbaru membuka at ulasan profil orang langsung android device iqoo tolong diperbaiki bug,2
aplikasi ribet login aja susah parahh bintang,1
mantap bergengsi,5
bagus,2
nomor sebar orang woi pesan nomor ponsel link anj,3
x bikin akun pas udah bagus bagus nya nya kena hack jadiin akun orang ujungujung nya verifikasi trus udah ajuin dibilang melanggar trus blok aplikasi gampang bobol nggk make aplikasi,1
dicoba semoga manfaat,5
puas,3
gak d buka,1
mantap maasyaa alloh tabaarokalloh ragukan الحمد لله الذي بنعمته تتم الصالحات,5
tolong tim linkedin login terhambat stick load pemeriksaan keamanan cepat ditunggu aja gaada perubahan tolong solusinya,3
mantaps,5
gud job,5
membantu pencarian kerja,5
aplikasi linkedin membantu network mencari pekerjaan fitur rekomendasinya akurat,5
spam,1
lemot menyulitkan pulihkan akun ditutup,1
lemoot verifikasinyaaaa,2
membantu mengupgrade pengembangan cv menambah relasi praktis,5
sbenernya aplikasi lowongan kerja cocok aplikasi iklan brand udah loker tanggapan pakai aplikasi,1
aplikasi bagus loker,5
gk verifikasi udah bener ktp nya,1
ok google,5
mantaplah,5
aplikasi crash ya menu profile langsung tolong bantuanya,5
aplikasi kek gini verifikasi aja uda persulit menebak gambar pdahal verifikasi bintang next time perbaiki persulitt,1
susah banget bikin akunnya,3
linkedin platform profesional terbaik membangun jaringan menemukan peluang karier memamerkan keahlian fitur lowongan kerja personal brand linkedin learn alat esensial pengembangan karier antarmuka intuitif komunitas mendukung menjadikannya pilihan utama profesional,5
login masuk verivikasi capca dipersulit,1
bagus terkoneksi rekan yg lainthanks sukses linkedin,5
pelayanan aplikasi buruk masuk akun linkedin muncul verifikasi captcha berulang ulang,1
pt reka mulia konstruksi direktur pt bahtera bahagia direktur teknik direktur operasional general manager pt perdana karya direktur teknik,5
niceee,5
aplikasi taekkkkkganti hp sj gag bs login lgsistem kemananya bosokkkkksy udah hilang akun,1
akun masuk kalinya akses akun dibatasi udah verifikasi pakai ktp bsa masuk tolong permudah verifikasi pakai ktp bsa masuk linkedin nya,1
aplikasi tolol gak berguna,1
tolong tim audit hapus akun berulang kali kunci sandi berulang kali eror jaringan internet cepat stabil berulang kali hapus akun ngk menerus kali dicoba kali ngk kunci sandi hapus akun habis update dicoba berulang kali ngk jaringan internet stabil cepat aja ngk kunci sandi hapus akun linkedln tolong dibantu hapus akun linkedln,1
applications serve job and connect people,5
aplikasi yg bagus yg produktif,5
semoga apks lancar dikteal,5
aplikasi kaga mutu,1
aplikasi uninstal,1
membantu pencari kerja penggunaannya mudah,5
i like,5
est,4
login doang sulit banget,3
pokoke berghuna,5
akun kode captcha valid sesuai instruksi,1
halo linkedln bangga aplikasi terima kasih,4
tolonglah login aja dipersulit uda nyoba berkali pake verifikasi persona sim sampe ktp nga kameranya nga fokus kali pake scanner aja nga si tolonglah ni akun dipake msib,1
udah cari kerja ga mulu tolong perbaiki pengguna aplikasi mencari pekerjaan kebanyakan s,1
sarana sosmed yg berguna,5
app keren,5
mempermudah mencari pekerjaan,5
diperbaiki terimakasih,5
forceclose profil akun orang color os tolong fix bugnya,1
force close lihat profil,1
pho pho kung kung bun khiet sen ku yuen amsiong,5
linkedin have genuinely transform how i approach my career its not just a platform but a space to connect learn and grow professionally from insightful post to opportunities i wouldnt have discover otherwise its become an essential part of my daily routine highly recommend,5
ya verifikasi gambar sesuai ngulang sampe kali tolong perbaiki mempermudah login,1
mencintai ff,5
berguna menjalin koneksi orang teman rekruiter update terkait informasi lowongan pekerjaan berguna teman koneksi,5
saldo disedot apk,1
ohh,4
bgus,4
tolong diperbaiki sistemnya akun dibatasi pake kerjaan menghambat kerjaan verifikasi akun gagal,1
mantabs,5
masuk aplikasinya ngelag,1
one beauty,5
aplikasi network kerja bagus notifikasinya membludak perbaiki notifikasinya menggangu,3
aplikasinya bagus login akun verifikasi puzzle tulisan kode salah valid mohon perbaikannya,2
qqxćtet,4
best information,5
,5
aplikasi force close update oke akses website aplikasinya mohon perbaiki aplikasinya terima kasih,1
mantap terbantu,5
akun nonaktifkan udh gitu pas verif gagal verif gajelas bat rekomen bgt dh nyusahin org,1
suka aplikasi jarang kebuka aplikasi good,5
most recommend apps for self development,5
impresive all good stuf for the app expand properous for future,5
melamar pekerjaan mudah,5
iuh,4
semoga personal terbantu pekerjaan linkedin sukses linkedin,5
always force close,1
cant search job filter by location,2
cant open my own profile or people profile it look like the app force close in my iqoo phone please fix it and ill change my rate thankyou,3
sesuai,5
akun dibatasi banget akun pake identitas terpaksa akun tugas sekolah dibatasi gimana verifikasi dipersulit akun gampang dibatasi,1
good jobb,5
verifikasi mutermuter,1
gabisa login pdhl udh akun ribet bgt berkalikali verifikasi kode verifikasi ga masuk sms telpon ribet bgt sumpah,1
ubah email,1
i just create an account and it be hack i cant log in to my account this app be very break,1
nice experience and benefit use linkedin,5
aplikasi nih buruk banget boro boro cari kerja login aja gagal,1
linkedin valid and reliable news steady,5
okeehh,5
gak tau gunain nya,1
mantapp,5
premium akun lowongan setingandan akun hrd bot,1
daftar susah login susah,1
satoriansyahputrosadiono pasang amplikasi inlinkiathsaya ret bintang,5
lambat mengirimkan pesan,4
pengalaman,5
bug anjg,1
good info,5
aplikasi bagus informasi pekerjaan pengetahuan,5
numero uno,5
membantu pekerja pencari kerja perusahaaan,5
okok,5
ff,4
the best,4
alhamdulillah linkedin bermanfaat menjalin hubungan profesional sukses salam,5
membantu dunia loker an cuman sih kelasnya elit aplikasinya karna kualifikasi nya gak kaleng yg ditawarkan,5
pengalaman kerja divisi market citybank lippo karawaci,1
aplikasi bagus membantu,5
narita inar,5
aplikasi ga banget udah ganti sandi karna sandi salah nomer email aktif eh salah ga login kemaren verifikasi mulu,1
albeth anak semut selesai,5
verifikasi berulangulang masuk akun gara verifikasi,5
impressive,5
aplikasi biasabuat mengamankan data cerita akun ku kemarin kena hack paniknya maintakut disalah respon admin linkedin alhamdulillah akun ku terimakasih linkedin,5
masuknya ribet verifikasi pilih gambar bikin esmosi gak masuk aplikasi nya,1
ooojolk,2
masuk akun aja susah banget,1
in the future i hope to join and become part of the exxas family,5
there be a bug that i cant open my profile,3
good semoga bnyak memmbantu job seeker,5
ketemu jawara industri,5
masuk akun sandi salah pdahal sandi trus akun katasandi salah trus ga,1
aktip,5
membantu orang,5
mencari kerja mudah,5
liat,3
its cool,5
menambah relasi,5
keamanan buruk berulangkali akun hack orang profile dirubah rubah inbok rekan bisnis mengecewakan,1
bagos,5
link well,5
jujur àkhir search linkedin ngaco nyari loker indo mlah yg akun gajelas parah gk kya tolong diperbaiki,3
force close,2
aplikasi merugikan uang dana hilang bayar langganan aplikasi inipadahal tau berlangganan aplikasi pemberitahuan notifikasi aplikasi inimain ambil langsung sajatanpa memasukin pin dana kerugian hadapi,1
linkedin media transformasi mendidik,5
suka,5
gak beli premium besok nya kena sesi gak bukak verifikasi muka ktp pas daftar gak verifikasi muka sma ktp semoga data gak,1
ok pisan,4
log in ulang susah nya bikin emosi ya teka teki nya giliran nebak teka teki bener pdhal yg salah ribet ga kaya,1
very usefull,5
coba download app seiring perkembangan zaman semoga informasi pengetahuan,5
thank you,5
bgus,5
komplain linkedln dana ambil sepengetahuan refaund pengembalian dana,1
the best aplication for professional,5
hasil kotak pencarian sesuai dicari buruk,1
aplikasi bisnis,5
linkedin android force close mengunjungi profil,1
kacauu gabisa buka profil force close,1
best for new job,5
linkedin kamis kemarin fungsi filter pencarian ngaco sesuai munculkan beritainfo pengguna orang indialuar negri gak tau deh hack engga sekelas linkedin loh sereceh bentukan aplikasinya notabenenya user professional diperbaiki linkedin teruntuk mesin pencari search memfilter sesuai pencarian secepatnya pleasee,1
mas bro aryo ijin yu yaudah i,5
bagus meningkatkan kualitaspengembangan interaksi digital,5
bagus peluang berkembang terimakasih,5
tolong team linkedin coba pencarian filter jenis pekerjaan tambahkan kota muncul negara orang ya lokasi sesuaikan indonesia kota iklan negara tolong perbaiki,1
simple communicative fast responde and easy to be use,5
masuk aja verifikasinya gak,1
aplikasi bagus tingkatkan depannya,5
overall bagus,4
selamat malam saldo sy dr dana tertarik otomatis tolong linkedin uang dikembalikan,1
semenjak update filter nya ngaco,1
aplikasi terbaik media sosial profesional,5
blnjd lbih praktis,5
bagusss,5
aplikasinya aneh banget sulit diakses login udah daftar,1
i personally go with you everything will be fine for you,5
awesome,5
oke,1
bagus linkedln generasi rasi muda penerus banyaknya loker persyaratan loker khusus bg anak anak muda yg men mahasiswasiswi kesem patang bg tamatan sma nggak ber laku nampaknya kembangan zaman kemajuan yg tamatan sma bnyk yg menganggur,5
mengerti ngisi,1
blajar mohon bimbingannya,5
great application,5
apk burik sampah,1
rant linkeng,5
repot,3
aplikasi ribet tampilan membingungkan,1
up for my connection,5
,5
aplikasi terkeren,5
lamaran kerja,5
coba,5
tolonglah linkedin keseringen ngeban akun orang email akunku dibatasi x udah isi foto lengkap ga unsur negatif ga unsur plagiat apaapa diverifikasi sistemnya diperbaikinlah,1
hiburan,3
aplikasi tolol login aja susah bgt,1
mntap appnya,5
,5
kaga dapet panggilaninterview ga worthit gw hapus,1
aplikasinya mudah dimengerti tp biaya pemasangan iklannya mahaldan penggunanya orang yg mencari pekerjaan menciptakan lapangan pekerjaan sulit mencari buyerkalau ditambah fiturnya jual beli biar seller buyer mudah bertransaksi,3
bagus istimewa,5
aplikasi mencari lowongan kerja luas utama pekerjaan remote pusat kantornya diluar negeri,5
masuk berkerja linkedin masuk sekolah banyuwangi selatan mbak,5
berlangganan saldo tarik ribu kembalikan dasar bongol,1
premium chat orang,3
aplikasi membantu share menerima lowongan pekerjaan menambah knowledge dunia kerja dr disiplin ilmu bidang pekerjaan cakupan luas terkoneksi profesional bidangnya,5
aplikasi buruk bodoh x yg aplikasi ni solusi dr lupa sabdipun kuharap pake aplikasi,1
cepat informasi lowongan pekerjaan,5
linkedin be good,5
force close buka inboxlihat profil update android,1
semangat pencari kerja linkedln,5
memudahkan menerima informasi,5
membantu informasi lowker,5
menambah wawasan,5
ok,5
nice apps,5
bug mengunggah media pengalaman fotonya hitam blank,4
snagat postingan relevan mudah pengaplikasian,5
,5
oke,5
memuaskan hasilnya,5
success,5
semoga membantu meningkatkan performa,5
aplikasi sosial media profesional,5
abad adab adat abadi,5
gada kejelasan utk informasi klo lupa password udah ikuti prosedur hasilnya nihil kebanyakan verifikasi ribet nentod,1
aplikasi bagus,5
aneh banget aplikasi akun gabisa masuk,1
data sandra ga login disuruh verifikasi perangkat hp yg riwayat sesi login rusak pas dah beli hp disuruh verifikasi perangkat ga email telepon sesimpel,1
pengalaman yg menyakitkan perceraiyan,5
bagus suka linkedin,5
lumayan sih,4
akses akun dibatasi akun verifikasi berulang aplikasi,1
bagus kredible,5
memuaskan,5
tawaran informasi pekerjaan relevan,5
good applikasi nya,5
ok,4
up,5
okk,5
semoga pekwrjaan,5
mencari orang pekerjaan perusahaan grup linkedin update orangorang penerbit perusahaan kesuksesan karier profesional profil profesional membangun brand profesional memperbarui profil profesional langsung aplikasi menyempurnakan resume mengembangkan jaringan profesional terhubung terhubung orangorang profil profesional,5
pengembalian uang langganan dipersulit,1
baguss ok mantab,5
login capca error,1
install app keperluan kerjaan login alamat email password yg sesuai input kode verifikasi verifikasi keamanan gambaraudio berkalikali masuk gimasih,1
program inovasi tingkat pancanomics upgrade kualitas,1
riggingrigger,5
pure inform,5
bermanfaat,5
membantu perihal share pengalaman trouble shoot pekerjaan,5
𝗔𝗽𝗹𝗶𝗸𝗮𝘀𝗶 𝗞𝗼𝗻𝘁𝗼𝗹 𝗞𝗲𝗸 𝗧𝗮𝗲𝗸,1
good referensi,5
great learn,5
gk bet gk apus apus trs tinggal mlh gk uninstal mlh hrs update gak banget,1
i be very frustrate with the verification process why be the only option to use a passport and there be no alternative document i only have an id card ktp and dont have a passport because i have never make one,1
narasi,5
ok goodjob,5
berlaku yg ber umur th selebihnya diatas ga yg umur th ga dianggap kalo indonesia ga pake loker beda kalo negeri ga mandang gemukpendekumur th kalo sehatkuat hidup ya pake,2
login kayaknya verifikasi persona nya bug karna verifikasi data udah sesuai pakai aplikasinya,1
dar es,5
sr weld inspector ndt,4
gak masuk ya ny ribet masuk applikasi aja susahudah lamaran susah nyari susahdi applikasi ribet masuk,3
poko nya klo lg nyari kerja gampang ikuti grup indonesia mudah,4
sday,1
makasih dukungan mempercayai pegang jasa keuangan,5
bikin akun kena pembatas disuruh verifikasi pas kode otp munculnya akulaku,1
ngebantu cari kerjaan keren banget dah apl,5
aplikasi ribet bikin sandi aja susah banget gabisa verifikasi data aplikasi nanggung,1
mantap jos banget,5
setuju,3
membantu,5
aplikasi jelek login aja load,1
good apl,5
keren membantu,5
aplikasi yg bagus,5
rekomendasi bgt koneksi cari informasi loker membantu,5
bagus cari infonloker,5
verifnya ga,1
gak terbaca hp ku,3
mantep cari pekerjaan,5
linkedin tolong akses masuk dipermudahsaya bikin akun via email langsung gak masuk kembaliharus verifikasi udahsaya kasih bintang via persona layak saran via email masuknya kasih ulasan bintang karna akun udah,5
alhamdulillah,5
berguna jaringan profesional,5
akun kosong diban,1
uh,5
aplikasi gak,1
,5
zidsnzidan,5
terimakasih linkedin,5
kek tai,1
manyap,5
luarbiasa,5
bermanfaat,4
bagus,5
linkedin mantap,5
aplikasinya gak jelasdi gak pernahfungsinya gak tau apatapi mintak update,1
terbaik,5
very use full to find job in around the world thank linkedin,5
pelanggaran akun dibatasi udah verivikasi tolonglah penggunaan dipermudahaplikadi udah bagus mohon penggunaan dipermudah,1
kode qr kembalikan,5
info loker bos,5
linkedin oke,5
menarik menguntungkan program initetapi menginstal aplikasi hp,4
good and easy share,4
linkedin error tanggal oktober,1
someone hack my account but i even could not enter my account or report it please you make an active email to report from outside if i could not get into persona verification why i have to uploaad my id you know indonesia very loose for the robe data,1
mandi yg la yg terima buruk hancur udah yg tau orang bukti orang kirimkan saldo terima kasih mahju pantang mundur,5
percobaan semoga sukses tambahkan bintang,3
verifikasi gambar error login credential sesuai,1
it be very informatif and strike to the point,5
well,5
pengalaman mudah mencari pekerjaan,5
good job to the work,5
good aplication for look job,5
terimakasih linkedin membantu,5
cari kerja,2
bermanfaat bener terbuk informasinya a utk lowongan kerja pokoknya be the best,5
hidup bermaknathaks likedin,5
susah login kode verifikasi gak kirim,1
ribet bgt pake aplikasi kebanyakan iklan,1
ﾟｰﾟﾟ,3
wmmmocďß,5
bang hadir tubuh manusia orang,5
membantu cari loker terimakasih,5
iya bagus,5
tolong kembalikan duit pembayaran item linkedln tp duit terpotong dana pembayaran linkedln google play,1
semoga aplikasi job kerja yg,5
buka akun ga alias hilang email sandi yg masukkan udh verifikasi,1
sih bikin verifikasi cacha ga dgn bikin susah login aja,1
,5
membantu aplikasi pekerjaan terimakasih linkedin,5
membantu,4
sanga membantu,5
akun hilang ga login gara gara tibatiba log out ngeri data pribadi salah si,1
app sinkron pengguna update karakter loginnya kedepan menyesuaikan notif nya bermanfaat bagus,5
bagus interaksi dipercaya rekomendasi bergabung in,5
tolong kembalikan saldo dana berlangganan konfirmasi main potong aja tolong kembalikan,5
baguscoba tanggal post nya,5
akun mencoba login akun nonaktifkan upload tolong benahi membutuhkan aplikasi,2
akun kesuspend aktivitas ilegal recovery pakai ktpsim aja busuk hati instal aplikasi kocak,1
knp terkunci,4
akun hack nama vera gak tau perempuan laki ajar linkedin gk kyk tp ttp pengen masuk akun padhl sy pnct penolakan orang masuk tp ttp masuk ganti password tolong tambahin privasi data orang yg pake linkedin makasih,3
suka,5
ok ok,5
,5
peta barat rawa lele kalideres jakarta barat,5
pengalaman kerja jujur komitmen yg menjalankan,5
bermanfaat,5
perbaiki egm,3
kirim masukan nomor telepon seluler my telkomsel gb terimakasih kunjungannya,5
bagus aplikasi nya no bug,5
mantap,1
kode ga muncul muncul verifikasi,1
persona ribet,1
apk linkedin qo bermasalah ya refresh masuk gk bs,1
koneksi hidup realisasikan,5
bagud,5
jelek verifikasi kali gagal log,1
membantu,5
proses verifikasi sms pengirim newpalapa vodatek binapertiwi yayasan phc,1
rekomendasi banget aplikasi nyari kerja,5
hewan,5
aplikasi linkedln recomendasikan mencari pekerjaa,5
why my account suddenly restrict temporary,5
selamat pagi dengar pt hme membutuhkan unit alat berat no yg hubungi konfirmasi,5
yg download anies,4
memuaskan,5
coolapp thank and keep cool,5
cepat terpercaya,5
search for job vacancies via post latest or relevant via keywords often result in irrelevant post post from foreigners such as english or indian all post be also miss even though it use to be very helpful in job vacancy information via post disappoint mencari lowongan kerja postingan terbaru relevan kunci kali menghasilkan postingan relevan postingan orang asing inggris india,1
kampret,1
aplikasi mempermudah mencari lowongan kerja terbaru peluang karir aplikasi versi terbaru,5
pas pencarian hasil yg kebanyakan orang india ga sesuai keyword yg dicari ya gafollow orang negeri,1
very interest,5
membantu dunia kerja,5
ha ja ha ha kaliaan igin,4
,5
hi linkedin akun dibajak orang negara amerika serikat menghapus data merubah data akun dibatasi berhasil merebut akun,5
oke gas,5
parah data sandaera linkedin login alasan konfirmasi perangkat perangkat satusatunya pakai login sabotase data login konfirmasi hape reset pabrik wajah login,1
mantabb aplikasi yg membantu jenjang karir kota,5
mempengaruhi peluang pekerjaan,5
masya allah tabarakallah,5
just complete my whole profile and its surprisingly fun wish me luck linkedin,5
seelah update ngaco,1
apk nya susahsudah akun loginharus verifikasi norom telponsaat dikirimi nomor nya menerima code,5
membantu pembelajaran,5
link be the best,5
nyari kerja ko daftar bikin bingung pilihan mahasiswa pilih posisi kerja aplikasi tah aplikasi,2
bagus,3
aplikasi berguna,5
always error when try easy apply feature please fix i use android,1
gmn aplikasinya habis update mulu kalo dibuka,1
recommend,5
swipe up short video that doesnt work at all,1
혹시 그래,3
ui nya membingungkan,5
nih sulit verifikasi nya pakai foto kanan kiri ktp,1
mudah memuaskan,5
ngebantu mencari loker,1
bru dicoba bergabung in,4
g dibuka error udh update pdhl,1
pendaftaran erorr,4
uang dana tbtb hilang langsung masuk aplikasi yg download aplikasi pastikan uang apk dana rp karna uang otomatis membayar langganan aplikasi persetujuan pengguna,1
cepat prosesnya,5
ga,1
betapa sulit usaha cari uang,4
kereen banget,5
okeee membantu mencari relasi,5
coba,4
bikin akun pakai gmail lancar jaya ribetnya suruh verifikasi pakai gambar menghadap serba salah fotonya log in ulang pakai gmail gak akun dibatasi salahnya dimana robot pakai fitur pencarian pekerjaan uninstall aja guy aplikasi cacat,1
aplikasi aneh ga berlangganan apapun yg aplikasi koq dpt notif pembayaran yg nunggak linkedin gilak x yh auto blok n hapus,1
mudahkan segalanyajadikan lagianti ruwet anti gangguanaman terkendali oktop one prima,5
,5
okey sih apk kerja akun gabisa pake udah pengajuan band respon sampe please balikin akunnya all kerjaan sumber,3
aplikasi gak login akun aja gak stick captcha udah pilih bener,1
keren aplikasi nya,5
bos,5
disuruh isi opsi industri diisi aja dianggap diisi tolong diperbaiki,5
membantu mencari relasi informasi pekerjaan,5
semoga kerja remote linkedin,5
maaf ya knp linkedin bermasalah sekalimau up sampul profile tpi ga sesuai formatnyamalah bentuk bulat tolong developer diperbaiki device minimal dikurangi permasalahannya terimakasih,2
sampah ngebug,1
selamat sore menjelang malam,5
k trima kasih,5
ook,5
ampun login mulu brpa kali sih heran verifikasi trus gak nih aplikasi,1
nice aplication,5
f see tx,4
biniss property bisnis perkebunan agro,5
baikk,5
star,5
mantab and ok,5
mudah mudah kerjaan,5
ss,4
akun nonaktifkan uda ngulang tetep aja gtu,1
wellllddoonee,5
god job,5
p,5
memudahkan mencari data,5
link over the world,5
keamanan ya gk terjaga bisanya kena hack data bocor tolong tindak lanjutkan admin,1
tolong perbaiki verifikasi kode captcha masuk diaplikasinya verifikasi captcha salah error dicoba puluhan kali sulit masuk kedalam akunnya pohon diberbaiki terimakasih,4
daftar persulitsaya verifikasi code sms chapcatapi apk linkedin verifikasi berulang code verifikasi nomor hp,1
apl yg membantu,5
best,5
mekanik,5
lowongan kerja yaa pakai foto ktp fito sim sajaitu terima kasih,4
membantu membangun jaringan,5
aplikasi penguras kesabaran,1
ok tp belom nyangkut,5
okk,4
jelek,1
tolong memakai uang adminsaya mencari duit duit,5
bagus fitur pekerjaan tingkatkan karna pekerja daerah kesusahan menjangkau syarat syarat nya mengikuti sperti glint,5
better,5
goodgoodgood,5
cant change password yeah nice trickgot hack and lose my account,1
xx xcom temukan,5
lumayan,4
cek aplikasi linkedin gw aja login app tolol,1
alhamdulillah ala kulli hall terima kasih thank you so much linkland indonesia for participate and support our family muslim last month,5
think right all the time,5
,4
semoga berhasil sukses bermanfaat amin ya allah stw,5
pekerja keras,5
cba dlu bang,3
game jelek nyelesain quest bayar dlu,1
apk ga kamvret,1
unistall,4
ampas anj kali kmu suruh verifikasi ngulang,1
bermanfaat,5
okke fitur lalin linkedin verifikasi persona via nfc ngga ntah settingan hp system persona yg bermasalah intinya klo verifikasi via email pribadi,5
very gooooooodd,5
membantu menemukan rekan bisnis,5
eklusive,4
ok mantap,4
okkkeee,5
membantu membangun jaringan,5
aplikasi log in aja susahnya ampun suruh verifikasi menghadap udah bener salah udah uninstal aja kagak,1
security aneh disuruh memilih gambar mengarah dibilang salah,1
ok,4
aplikasi hrd sih tepatnya,1
,5
aplikasi gak bodongudh akun pakai,1
oke membantu mencari pekerjaan relevan bidang keilmuan,5
sorotanwarga blackboy r anak keren,5
coba,5
susah masuk linkedin repot email no hp udah bener aja kesalahan ga kek gini kesini hacker dimna sistem keamanan buruk,1
haloo linkedin pencarian yg lakukan yg muncul berita berita postingan india teman menyukai postingan negara india,1
aplikasinya bagus membuka pengetahuan profesional,5
mantap tenan,5
masukk,5
bagusdan luas memiliki jaringan pengalaman,5
memuaskan,5
logistic usa,5
very bad verification process i remember my password i have my national id and driver license but i cant open my id because they say the photo of id be not clean fire your app operator,1
login gmail layar putih dicoba kali,1
jossss,5
aplikasi gak orang pamer jabatan gak yg kepanggil udh pake aplikasi berinteraksi orang gak yg nawarin kerjaan berlomba pamer posisi kerja pertambangan ribuan orang mendaftar berharap bertemu pekerjaan impian nya gak nyangkut,1
batu belajar kelebihan linkedln,4
terimakasih berkat linkedin mudah mencari kerja koneksi berkarir sesuai jurusan kuliah,5
verifikasi keamanan cepat nyusahin ga,1
membantu membuka wawasan link luasthank you,5
mohon maaf linkedin rat rendah aplikasinya akun diretas tingkat keamanannya rendah,1
good apps,5
mantabbb,5
mantul dn keren bangat,5
mencoba,3
sekian bosangood job linkedinterima kasih,5
aplikasi gak berguna lupa sandi aja langsung dipersulit login lgi mend pake glint jobstreet hapus aja apk sialan cuihhhh,1
okemantap,5
good linkedln,5
x bikin akun nonaktifkan kesalahan,1
,3
good post,5
jaga jaga aja,5
linkedln bagus intuk berbisnis,5
merivikasi mulu sih no hp pass udah bener,1
very good apps,5
musik,5
tingkatkan kualitas kuantitas,5
e,3
keep move forward,5
muhamad maryontong tinggal cipinang pasar burung kebembem amajing ok,5
no nego,4
suka aplikasi,5
simple but powerful,5
good for professional worker,5
filibum strit maso franko,5
pinjam uang bayar cicil,5
recommend aplikasi,5
hp oppoa sinyalnya lemodparh,5
neon box huruf timbul akrilik huruf timbul stainless senang aplikasi bagus,5
k y eu lggoih y f ilo m v xg kiom,5
kebanyakan iklansusah ribet,1
hentikan langganan karna merugikan email,5
informasi,5
aplikasi ga,1
keren orang berpendidikan paham gue mah liatliat doang,5
no problems sofar,5
siiiippp,4
akademisi bidang pertaniyan,1
,2
ok coba,5
nge stick verifikasi berulang,1
good job,5
best application,5
membantu,5
matt malam salam kenal flores,5
erorr aplikasinya engga dipakee gimana sih bikin,1
oke sih,5
terhubung sahabat belahan dunia cepat,5
nutup akun aja persulit,1
ribet kali ganti password aja kendalanya udah berhasil verifikasi laman web tersedia sialaaan,1
lock alasan gak developernya ngapain sih sampah,1
sangar memuaskan,5
bagus informatif,5
bagus jajaring komunikasi relasi menambah pengalaman menambah wawasan inspirasi berbagi bidang,5
asek,5
berguna membantu mencari pekerjaan knpa gak aja,5
lumayan app,5
buruk verifikasi kartu id,1
tank for aplikasi linkedin perantara hidup cemerlang,5
buruk kualitas pengabilan foto id verifikasi,1
profesional lightning f u g,5
bersahabat,5
membantu menambah pengetahuan relasi,5
bermanfaat terkoneksi kalangan masyarakat pelaku bisnis,5
percobaan,4
mantap,5
ber upaya meningkatkan aspirasi publik delta au,5
puas rancangan maju,5
kaya celek verifikasi ora dadi dadi,1
membantu pencari kerja sukses linkedin,5
aplikasi bgs mencari kerja,5
,4
kirim cv ribet masuk link perusahaan aplikasi jobstreet glits tinggal klik langsung terkirim hrd rekrutmen,1
membantu pekerjaan konektivitas,5
mantap kalangan profesional,5
pilihan lowongan kerjanya komplit terpercaya mantap,5
akun diretas orang tdk login solusi kah,2
linkedin buruk masuk aja susah bener verivikasi verifikasinya gak gak masuk akal,1
info loker,5
,5
hallo bantu menghubungi no kontak yg bantu komen,1
rekomendasi cari pekerjaan,5
mantul,5
bagus,4
game,5
terpercaya,5
sub nya mahal bgt,2
nama verifikasi passport slalu fail,1
kasi bintang,5
login dipersulit aneh aplikasi linkedin,1
keren habis pokoknya,5
bak,5
menghibur,5
kompatibel perangkat,1
bagus,5
this good,5
iya sy sj,4
aplikasi yg mnrt pribadi informatif,5
kode verifikasi sms,1
bagus,5
apk coba gua udah verifikasi x gagal aneeehhhh,1
gak membantu kerja bagus wadah personal brand,5
pendaftaranverifikasi salah gambar manapun dipilih salahmohon perbaikannya,1
buruk postingan dibatasi alasan komunitas profesional aplikasi membela zionis,1
udah suruh verifikasi make ktp gagal pas proses ubah sandi verifikasi ktp situs menyalahgunakan data orang,1
akun berganti akun nama qihua zhou alamat email cek noner hp,1
sosial media bersifat professional,5
sabgat bagus,5
many job i get online im proud of you linkedin,5
bagis,5
orang jahat post pt,5
hrga operation,5
mantap aplikasinya semoga upgrade skill,5
mantapp,5
verifikasi nya sih udah pake ktp ga fotonya udah akun udah ban kali ga log in garagara verifikasi nya menyusahkan,1
kak tolong perbaiki verifikasi capcha nya valid tebak gambar berkali kali centang login,1
verifnya susah banget,1
google yap,5
sesuai arahan info loker untungnya trouble interviewnya masuk linknya lumayan mudah kecuali menunggu info pemberitahuan,5
ganti perangkat saytidak login memasukkan nomor tlf sandi yg tp respon apapun diklik lanjutkan tolong perbaiki bug data didamnya,1
bagus membantu,5
membantu infonya,3
mudah mencari jejaring loker,5
ist good,5
tolong pengajuan refund tannggapi ssya sengaja membeli,5
lampiran perihal dfhjkl,4
utk kota kabupaten malang raya jatim indonesia,5
sbagai irt,5
apikasi ga jelass bikin ribet,1
top markotop,5
informasi lowongan kerja,5
bermanfaat minat utama,5
alhamdulillah syukur mengikuti kegiatan,5
aplikasi sampah udah login disuruh login,1
ga buka ribet ngeri saldo sedot dana,1
not bad,1
gua udah pakai aplikasi bagus banget media nya,5
login gbisa pemeriksaan keamanan masuk akun,2
pemeriksaan keamanan ribet sampe putar hp gblk,1
reset sandi susah kode verifikasi muncul,1
pengalaman alami dalami bangsa didunia kehilangan sandaran hidup menjalani kehidupan sesuai kehendak tuhan pencipta alam manusia kehendak tuhan maha kuasa wali mengisi mengelola alam semesta turun temukan manusiawi adil ber adab sopan santun agama manusia hidup ketakutan mati bersimbah darah manusia gula kekuasaan,5
sistem lambat,1
aplikasi bagus jenjang karir,5
aplikasinya rumit verivikasi hapus akun langsung terhapus ya professional app,1
iumayan,1
susah bikin akun,1
linkedln bermanfaat berguna memakainya semoga pemakai semoga bermanfaat,5
up gak update linkedin,5
iij,4
keren aplikasi nya mudah mengakses informasi,5
mematuhi kebijakan tibatiba akun tersuspend kerja keras siasia,1
tes,5
gua udah akun kali ilang suruh login udah coba kaga update kaga akun gua bahasa mandarin gua ngga tau takut data gua diambil nih,1
kena verifikasinya musti make gambar sih iya klo langsung bener susah salah mulu knp ngga pake verifikasi sms ato wa gampang ngeribetin anjir,1
eror ya login,1
aplikasi mobile bug,1
aplikasi langganann gak habiskan saldo main potong aja,1
blm coba,5
aplikasi busuk login aja sulit,1
gak login verifikasi napa gambar gk udh milih hadap salah mulu,1
sulit banget masuknya,1
ditambahin fitur foto ngga ss download min kasian korban ss download nipu orang telegram,2
apk sampah verivikasi kemanan bodoh,1
pengalaman linkedln linkedln profesional nyaman informasi proses aplikasi canggih informasi modern linkedln menyempurnakan pengalaman merekomendasikan linkedin laplikasi informasi dipersonalisasi,5
tolong hapus data yg terkait hape,1
great,5
medical academic therapist association market indonesia,5
bagus bermutu,5
kebanyakan verifikasi sulit bgt masuk jgn ribet,1
ga angin ga hujan akun batasi gak aneh cari kerja verifikasi ribet bgt sistem ui nya berat nyusahin org,1
lest go join,5
q mu,2
bagus user friendly,5
mantap caur,5
login login verifikasi memasukkan password verifikasi email email linkedin masuk email linkedin dikirim,2
cant even login how to verify my own account,1
thank you linkedin by join linkedin many friends from abroad have make many connections for me to build business greetings from indonesia sigit nurbayu,5
aneh berkalikali log in ga sandi user name nya bener,1
verifikasi ga jelass lollll,1
membantu mencari pekerjaan,5
mantap semoga developer linkedin sehat sll,5
min mohon bantuannya profil opsi pengalaman ya min pengalaman ga muncul profil,3
site manager ofshore fabrication and construction project,5
ga masuk akal udah verifikasi akun dibatasi akun lagii gimana sih,1
verivikasi ngga pakai nomor telfon email tertautjadinya susah masuk disuruh nebak gambar hadap gambar apapun dipilih bener gambar salah udah bener jawabannya itutolong diperbaiki kemudahan aksesbukan mempersulit,1
good hrd rekruitment aplication,5
woi bener aja napa verifikasi ga normal banget udah milih bener disalahkan ga niat bantu ga bikin aplikasi aneh,1
sih post aplikasi load penguploadannya ngestuck angka mulu tolong diperbaiki,1
gak kasih bintang ban mulu ngelanggar apapun menyusahkan,1
superindo oke dlm ragam barang nya harga nya santai utk belanja ya,5
bismilah bantu cari kerja,5
habet,5
architecture,5
membantu perkembangan,5
cant add a gmail account,1
ganti foto profil susah gagal laptop hp,2
aplikasi berguna,5
aplikasi keperluan,5
berita menggembirakan,5
pengaturan penggunaan kamera verivikasi log in diperbaiki,1
dipaksa utk update tp ga update selesainya mutar aja google play,1
nomor kali salah kode udah ngisi sesuai sananya dikirim pake kode titik nya bingung,1
membayar tagihan premium setujui notifikasi uang dana langsung terpotong tanpaa persetujuan refund,1
why be my account just create for days and it be immediately restrict i didnt do anything even though ive try use another email the result be still the same i dont understand why im be temporarily close access to my account even though i didnt do anything please help me,2
update ilmu,5
ferry good,5
gjls bgt login aja susah,1
daftar login verifikasi tolong diperbaiki,1
kembaliin akun gww gw ga post konten sensitif apapun batasi gimana pola pikir nya,1
aseptomi,5
good,5
ngaco nih aplikasi loker yg driver direksi pisah driver dt truk trailer direksimanager nya beda,1
lancar,5
hapussampa,5
liapammm lupa id samansandi nyabkk,3
apk nya pas ngedeteksi bot bermasalah ya pengecekannya botnya tahap keempat pencet apapun oke udah salah,3
bug nya post aja aplikasi gk post kali gara gara ngebug,1
anj,1
berbayar,1
good app for your save love of life time come be true byme,4
sekolahku gaada ya,4
apaapaan verifikasi gambar seakan pemilik akun verifikasi dipersulit pakai otp google nyuruh registrasi email fungsinya login pakai gmail nyuruh buang akun gimana recovery password kesel banget liatnya si perlindungan pengguna,1
d bidang teknik industrikontruksi engenering,5
verifikasi ga bangeettt apk jelek bangetttt tutup akunpun susah bangett gajelas pokonyaa,1
good job,5
ok sip lumayan curhatan mantan karyawan risgn buku aslinya mohon maaf mussai japang timur,5
mencobadan,5
indriver membantu kebutuhan sehari terima kasih,5
good it help me more informations,5
salah aplikasi bermanfaat pekerjaan mengupgrade portfolio,5
log in perangkat aja susah verifikasi ribet gambar kambing sapi macem udah bolak verifikasi gagal pas masukin capta hewan,1
best app to help you explore your experience,5
apk buruk gra apk uang tersedot otomatis juta dri akun dana sayamna uang nya berobat kk,1
aneh banget woi verifikasi nya gak mulu dah nyuri data yaa aplikasi,1
membantu nambah relasi,4
make me easy,5
suruh verifikasi gambar kode verifikasi aja langsung aneh mah orang sulit masuk pemilik akunnya aja kesulitan aja nyuruh buang akun,1
keren,5
heran suka banget log out masuk ribet aneh email password udah bener proses verifikasinya ribett,2
membantu mencari pekerjaan,4
ip,5
long for peace purchase peace,3
verif captha gak,1
ribet kalo mo masuk verivikasi manusia udah masuk pilih masuk google manusialah ribet apk,1
mantap tingkatkan fitur nya,5
bagus membantu,5
tolong bantu permasalahan nya min pas klik tampilkan postingan profil muncul bar post komentar gambar reaksi nya klik muncul post komentar gambar muncul kecuali pas klik reaksi ga muncul min trs notif tertulis hasil ditemukan mengalami gangguan kesalahan coba kndala yg alami min mohon dibantu segi internet sya bagus lancar buka aplikasi lancar,4
verifikasi bolak doang ku pakai klik akun langsung login verifikasi hati deh lupa password emang nih suka logout aplikasi,1
gk gk masuk,1
apk loker gajelas akun gw tbtb batasi aneh gw ga ngelanggar peraturan apapun gaada aneh aneh tp batasi nyari loker apk yg,1
so do you think we be not a human dumb verf,1
menginstal aplikasi,1
keren membantu,5
penipu,2
kebanyakan bug kali instal uninstal re install error aplikasi,1
kasih yan terbaik bintang,5
t assistant manager btn group pontianak daerah tingkat i kalimantan barat indonesia sayangnya meneruskan proses lamaran terima kasih ketertarikan btn group hormat btn group tandatangan,5
banyakan loker bodong mend ngikut usaha krabat gw,1
buruk,1
,5
fin account p manajer perusahaan logistik,5
aplikasi membantu pelamar kerja kerja remote pokoknya keren aplikasi,5
menyusahkan perkara lupa nulis password akun bikin kena suspend opsi login pakai akun google ganti password prosesnya ribet pakai ktp dijalani reset password rip akun universitas bagus tugas tersendat,1
vive,5
mendunkung,2
selesai,5
angkyrumondor,5
aplikasih hebat,5
yanto,5
bagus aplikasinya informasi lowongan kerja cepat,5
usefull,5
ribet ribet ribet,2
browserstaticvtxt,5
palace where i want to new job and knowledge,5
informasinya keren,5
sulit login hp aja pemeriksaan captcha,1
aplikasi mantap,5
login apps pinjol aja foto selfie dg ktp gak salah pinjol nih,1
apk aneh nih linkedin susah verivikasi login aja udah nebak gambar yg menghadap tetep gak nyari kerja aja persulit ti,1
jozokelanjut bro,5
aplikasi sabung work achievement,5
ok bagus,5
job connect,5
sumpah lu apk model apan dah gua kaga namanya pembelian langganan apk lu ngapin lu ambil saldo dana gua jt adahl gua kaga ernah ngelakuin pembayaran aja pencurian uang kebutuhan mohon itikat nya,1
postinganku,5
ok,4
i like linkedln app,5
very nice,5
coba,5
my profile be take or delete but very difficult to recover,3
aplikasi aneh gak verif data tunggu jam acc sampe blom acc admin pengurusnya ramahtidak gercep,1
rat,5
verifikasi nya game ngga susah banget asli parah sih,1
butuhkan mencari pekerjaan informasi lowongan kerja,5
pelayanan aplikasi terburuk,1
gajelas ni aplikasi udh kirim lamaran ga kejelasan lamaran proses perusahaan,1
gaada niatan berlangganan dipencet berlangganan enggakenapa saldo dana kesedot berlangganan lumayan gede nominal rptolong ya min tolong dibalikinsaya mencoba dikembalikan proses pembatalan respon haduhh gimana,1
mencari relasiberbagi informasi berkomunikasi,3
mudah,5
aplikasi sosmed bagus mempertemukan orang profesional dunia kerja,5
mengajar bahasa inggris perhotelan kapal pesiar mengajar relate hotel and cruise ship lessons assessor lsp ckpni kapal pesiar kapsl niaga hotel holland america line nov april dinibgroom steward hotel restoran jakarta join kapal,5
belajar,5
lowongan llo ll lll wkl l kl l ollll lllw,5
bagus bngt bnyk informasi pekerjaan dll,5
sistem verifikasi aneh transparan akun dibatasi putus akses verifikasi berhasil kejelasan link in manusia robot harap layani manusia robot solusi,1
kesulitan mereset paswordku aplikasinya foto personaku login,1
assalamualaikum selamat siyang salam santun gimana buka toko online tolong bantu,5
pengikut beli paket masuk previkasi adahasil,1
mencoba apl nya sih smg keuntungan,4
akun orang cewek berubah nama ting r udah capek tulisa bio cacat ni apss,1
wonderful,4
ga ga login,1
sippp see,5
terpakai,3
pengalaman mengabdi,5
pembunuh berdarah dingin sesuai bayaran siapkan sdnjata amunisidan eani piro bayaran,5
amaze app for improve your knowledge and get your dream job,5
mantap,5
aplikasi gila verifikasi mulu kaga masuk menu,1
top,5
aplikasi linkedin logout verifikasi wajah data privasi rekam wajah tujuan rekam wajah sisi aman perekaman wajah linkedin aplikasi perbankan,1
maaf aplikasinya rumit,1
nice,4
notif gajelas gausah dikirim anehh,1
importir brand chandelier baccarat france swarovski rep czech preciosa rep czech furniture giorgetti italy natuzzi italy scavollini italy zanaboni italy cavalli italy,5
aplikasi top jaringan karier yg luas appsnya bagus tampilannya oke ngga bug semoga peningkatan aplikasinya,5
verifikasi login rumit,2
blokkk loginnn susah vertifikasi mulu gk nyusahin,1
bagus pengembangan pribadi aspek dunia usaha,5
,5
aplikasinya rumit terkesan menyulitkan arahkan web mengisi data ulang upload berulang pusing,4
gue bintang puuuucciiiiiiing loch nih gue,5
setuju pernyataan indra pendidikan indonesia memenuhi amanat uud pasal mengutamakan amanat uud berikanlah biaya merata satuan pendidikan,5
pemeriksaan captcha berulangkali login,3
ganti hp pas login ulang linkedin emailnya ga yg terhubung aneh bgt gabisa loginganti password,1
recomed membantu,3
thank u nice app for my brand future job,5
sayah coba belajar sepakbola,5
alle,1
n zhnznu,4
bermanfaat,4
apk buruk ambil data aja verifikasi muter muter data dah masuk verifikasi gagal ulang x peringatan nomer pakai pengguna gunain gue blok,1
system pencarian mudah saransaran berguna membutuhkan,5
memudahakan seputaran informasi lowongan kerja kalo bsa lbh tingkatkan kmbli ya min sllu terupdate,5
retal soud sistem,5
the best aplikasi bikin minder hahaha keren relasi aplikasi sumpah bikin minder memotivasi mengupgrade,5
account suddenly get temporarily restrict didnt do anything badsuspicious one day i be try to update my information then bam i get horrify when i see the login page and must verify heres the worst part need to verify use persona the app cant access the camera even though the app permission to access camera be enable this happen twice my first account get temporarily restrict the same way the second acc get with no explanation why that happen yea man,1
menarik membantu,5
banget installnya,2
tibatiba akun log out login suruh verifikasi bolakbalik diputerputerin kesel,3
kecewa karna akun dibatasin link lamar kerja gimana si tolong diperbaiki,1
ramah lulusan sma sederajat,1
oke,2
situs kerha favorit berisi info loker jaringan koneksi pertemanan orang hebat bidang kerja korporat,5
mencari lowongan pekerjaan,5
kiki,5
sih harud verifikasi gabisa login ga banget,1
dreifer,5
aplikasi lag,3
bad,1
recomended,5
the best iformation for look the job,5
aplikasi yg bagus,5
set asli dah aplikasi iya log in force close android,1
ret bintang,5
okey very goods,5
relog mulu semenjak update,1
apalah ga satupun yg manggil interview minimal pdhl fresh graduate dngn lumayan bnyk pengalaman w minimal interview,2
,5
usefull,5
semoga kabar,4
bagus nia hhhhhhh candah jat nia hjjhhh,5
wanita cantik,5
mantap,5
unintal aja verifikasi nya susah,1
apk yg bermanfaat utk menimba ilmu insight mencari pekerjaan pastinya,5
aplikasi nya bug gak mendaftar aplikasi direkomendasikan teman teman,1
membantu yg membutuhkan,3
susah bgt loginnya kode ga muncul nebak gambar pas salah mulu pdhl bener,1
login ga udah verifikasi kali tetep halaman login,1
verifikasi aja berjamjam gk tau yg salahny gk verifikasi,2
tolong login kesalahan diawal berlanjut aplikasi dibuka layar putih glitch biru solusi,1
bagus utk memcari lapangan kerja memuaskan,5
menyehatkan,5
suka ablikasi linkdin menambah wawasan,5
ga tb logout,1
manfaat app ya bos tlg,4
download eh gak verifikasi kesel ya suruh milih gambar gtu berulang kali salah,1
bertemu orang hebat belajar beliau menemukan peluang kerja dr bidang,5
sukses,5
hatihati likedin akun hack haker mengurus sesuai prosedur linkedin prosedur login akun akun login ubah haker coba menghubungi likedin email media sosial responsnya robot otomatis likedin masuk halaman help mencoba ganti password verifikasi gagal verifikasi tolong direspon linkedin,1
izin instal,5
apk ga sialan nyari kerja keama memaha veloper mengumpulkan apk jgn asalan daftarin akun google a udh ketaut akun google developer membe informasi memp nya dana apk bank kalo salah daftarin saldo dana ambil bikin apk brengsek cari kerja bikin apk kya gini ambil duit orang ijin sampe kena jt namanya pemerasan,1
ngelag bgtt upload foto ga,1
i dont understand how to use the application but in term of external and internal appearance it be very good,3
tolong diperbaiki sistem login google,2
bagus bgtt ni aplikasi membantu orang,4
mecahin teka teki susah pdhl udah ngadep dinosaurusnya,1
akun berubah nama steven masuk megecewakan,1
login koneksi ribet,1
good,4
akun hilang login pakai email verikasi,4
salut linkedin,5
bagus update mengikuti perkembangan zaman,5
knp update,2
ga login susah bgt akun batasi akun gw gak ngapain,1
selamat permainan terbaik,5
bravo,5
menghubungan orang,5
gak capek bikin akun set batasi alasan yg ajukan band tolak aneh,1
nambah keahlian ga dikit kesalahan,1
,4
aplikasi yg bagus buangt,4
kren,5
butut anying,1
best platform,5
b karate,3
akun pesan akses dibatasi ya verifikasi id pakai ktp isi captcha berulang ulang ngga log in pakai gmail facebook,3
about years i have be flower arranger,5
oke bgt,5
tibet melamar pekerjaan nyaknp jobstreet yg mengisi data mudah mengirim lamarandi linkedin dibawa keberbagai web yg mengulang mengisi data,1
terimakasih developer,5
aplikasi sagat,5
i like it,5
sulit masuknya bos que,5
apk ga ga membantu,1
mencari lowongan pekerjaan bidang pelayaran,4
coba maksa kasih identitas,1
salam sehat membantu pemula belajar terimakasih,5
masuk susah uninstall deh kesel,1
apasi lu kesel bgt gua masuk puzzle kucing warna putih ga kodok warna putih milih liat keatas udah sejam gue otak atik puzzle sampe dibantuin pacar guaaa sampe nangis karna kesell lu ayo maju deh udah bener dikasih puzzle teruss muak gue,2
akun diban disuruh verifikasi identitas gagal verifikasi gak,1
jujur terbuka erba saputra mt,5
g a,5
terbaik info loker,5
mudah melar kerja,5
aplikasi membantu terhubung profesional deal jobseeker kebanyakan formalitas menggugurkan kewajiban,4
okay,5
jahh no,2
semoga sukses,5
verifikasi ga jls,1
aplikasi knntlllll log in aja susah verifikasi nya,1
linkedin nya sih apaapa log out verivikasi udah verifikasi gagal upload gak aneh,1
as r,5
try rior to,3
apk gajelas huhhhhhh langsung delete aja gaberguna regristrasi aja gagal mulu jawabanya akun yg pakai aneh,1
apsih nongoll mulu iklan nya mend yg iklanin enak pandang minimal rambutnya benerin keramas biar ga lepek bikin sakit mata aja detik nongol bikin sakit mata ck,1
iklan,1
najis vrfiksi ny sush lollll,1
dibutuhkan akuntan universal,5
lihat ulasan nya aja udh sanksi cuy,1
kocak,1
asmara,5
apk aswu,1
iklan ngganggu gaada tombol exit,1
konten iklan menganggu,1
ok mksh infony,5
bermanraat,5
aplikasi cari pekerjaan,5
,4
good app,5
pengalaman tawangmangu,5
good ideas,5
keras konsisten,5
bàiķ,5
tolong dibenarkan apk nya verifikasi salah,1
kerja kerja kerja,5
aplikasi ga jeelassssmakin ngebugmasa login suruh verifikasi keamanansudah jelass gambar pilihanya benartetep salah masuk,1
kalo dibuka ya min mohon pencerahanya kemaren nggak dibuka aplikasinya sinyal lancar,5
sebel verifikasi domba menghadap nya gagal trus nya beres gagal,2
mles,1
suka tdk beriteraksi aplikasi banyakmenambah wawasan pengetahuan,5
satisfy,5
thn site koordinator qs ptdumez international proyek pembuatan terowongan plta singkarakwest sumatera thn site manager pthutama karya jakarta proyek pembangunan jalan tol jakarta outer ring roadsec south thn site manager join operation pthk aji satria baraga proyek pembangunan jalan tol jakarta serpong bsd thn no projectkrismon thn site managerpt hk pembangunanan jalan tol cikampek sadang thn,5
𝕋𝕖𝕣𝕝𝕒𝕝𝕦 𝕞𝕒𝕜𝕤𝕒 𝕦𝕟𝕥𝕦𝕜 𝕕 donlod,1
menggangu,1
banner nya gmn sih jd bulet,1
membantu menambah relasi pekerjaan informasi informasi lowongan pekerjaan membantu,5
nice app,5
iklan lu ganggu,1
ikan,1
mohonmaaf melupajan tgl raya idul adha mohon ampun ya allah terima kasih semoga melupakan semoga kesalahan mohon ampun yaa allah mohon ampun astaqfirullah adziim mohon ampun ya allah aamin yaa robbil alamin x,5
contoh aplikasi rusakjangn instal yh teman mencari untung,1
tetiba tagihan sdh sy hapus krn penasaran instal lg,1
kesepian,5
aplikasi daftar login nya aja susah banget males,1
aplikasi memuakkan,1
lu iklan awas,1
kebahasa inggris an mematok umur memperhatikan pengalaman otodidak,1
klik berlangganan premium harga rupiah gratis pas saldo dana akun terpotong otomatis tolong linkedin yg google kembalikan saldo dana,1
membantu mendapati informasi pekerjaan kasi bintang,3
assalamualaikum terima kasih kunjungan loker,5
iklannya maksa,1
good,5
suka banget informasi nya terbaru,5
t,4
masuk email parah,1
error,1
mantap,5
verifikasi login dipersulit memilih gambar ulang ulang,1
aplikasi berguna,1
pengalaman maksud,2
uu k,3
senang berbahagialah,3
tertolong,5
mantap keren abis,5
seru,5
iklan,5
tutup akun susah banget disitu nyuruh masukan sandi udah dimasukin disuruh main tebakan tolong bantuannya,1
ok buanget,1
asdff,3
ribet,1
gimana dah udh akun gak masuk,1
bagus apk,5
iklan gak bermutu,1
indonesia,5
apl bagus,5
berguna pencari kerja sdh dikotori dg beritaberita politik,5
dtreioooooooooo kkkkkjkkokok,5
iklan susah close,1
aplikasi inidiajukan pendeletan akun muncul trs,1
menghilangkan iklan aplikasi kali buka aplikasi muncul iklannya instal,1
cepat informasi,5
apk gak,1
ditempatqsinyal rdk bagusperbuatannya towertks,1
mencari kerja oh ya,1
daftar bolak isi captcha mulu gajelas aplikasi bikin emosi aja aja cari kerja udah capek duluan bolak ngisi captcha benerin bug nya,1
haduh menghabiskan jam verifikasi gambar gajelas udah bener salah gabisa ganti password,1
masuk susah uda upload data ga ubah profil bolak verifikasi si gambar banteng domba menyebalkan,1
panggilan kasih,4
setuju postingan,5
asik usaha,2
beneran nga sihjgn jgn ngabisin kouta doang nih aplikasi,5
wahh pencari kerja aplikasi sebelah aplikasi bagus freelance kayak,5
babi,1
mengganggukebanyakan iklan,1
notioikasinya numpuk email penuh,1
gelap,1
iklan youtube,1
sy gak bs nonton langsung,5
ikuti indonesia berhubung umur dah tua he orang india hetapi yg muda insyaallah bagus bergabung bisnis good,5
vi ijo,5
alhamdulillah,5
jmiki,4
pengalamannyakurang berhasil dulusemoga kali berhasil,3
ga tau,1
kont,1
ribetttt,1
mantap,5
eh taunya,1
iklann,1
bagus sila coba,5
good,5
iklan dimana,1
mencoba cari kerja blm masukan dr teman linkedln semoga info lowongan pekerjaan secepatnya,5
mantap brow,5
bintang,1
update profile error mulu asuuu,1
butut,5
matikan ikelan,5
ok sajslah,4
muhammad ponda prabuadji sukses meluncurkan planet earth,5
bagus membantu kasih bintang,5
sempurna,5
ok mantabbbbb,5
trimakasi,5
abdhamid asyupil pisah,5
iklan apk ganggu bgt aplikasi jelek aja yg instal isinya orang sombong pamer kerjaan doang,1
iklan bermuculan bos suka mengganggu aktivitas,1
membatu,5
iklan ganggu,1
p i i,1
menambah wawasan dunia kerja menambah relasi,5
apasiii muncul gajelass iklan muluuu,1
ok,5
kontl login ae muter mulu gk login ngetddd ngwrjain tugas anjlah,1
iklqn musu sit,1
aplikasi bisnis genius always make our geniusly busines profitables insurables feel goods our eye mind foreverly,5
beatiful good,5
menggangu,1
tampilan rumitkurang tertata,3
gak,1
ga donwload sih,1
sulit pekerjaan panggilan penipuan semuamemang jaman nyari kerja pakai orang ijazah s lawan ijazah sma menang ijazah sma ijazah sma orang dalamnya ijazah s abaikan lamaran cv nya langsung dibuang tong sampah aneh jaman,1
iklannya mengganggu aja,1
,5
terima kasih membantu,5
wildan,5
berat kagak loker,1
my,2
payah rubah sandi salah mulu,1
gak buka iklan capek dech,1
bersyukur kesempatan pengalaman,5
aplikasi babi,2
senang aplikasi bagus menghibur,5
amin semoga gg melayani publik ikhlas d bermutu,3
bagus membatu,4
susah login via google,1
,1
sulit verifikasi,1
log in gx persulit gagal log in ngikutin arahan nya tetep gagal pake fb gx pake nomor hp gx pake google gx suruh masukin kode gx nerima kode sms apapun gimna log in klo gitu,1
sulit banget loginnya min kayak facebook mudah loginnya sdh aman pakai verifikasi manusia gambar menghadap keatas bnr salah,1
mantap siippp,5
buruk arahin klik kambing arah salah,2
tolol verifikasi mulu ampe habis baterai,2
mayanlah lokercuma sayangnya susah apply direct aja,5
ngak dibuka kalkulatornya,5
coba akses akun fitur verifikasi ktp coba gagal akun dak akses,1
apk kocakk,1
terima kasihsemoga lancar,5
ganti aja deh network alula jelek ih kaya kid indonesia,3
lamannya lambat postingan gk keliatan postingan stay scroll liat postingan itupun acak,3
iklannya nyepam,1
login akun batasi sungguh aneh kesalahan melanggar aturan tetapkan linkedin linkedin sebatas mencari pekerjaan mohon penjelasannya linkedin,1
susah masuk verifikasi bikin pusing,1
bagus sih login aja susah ya,5
tolonglah akun akses akun dibatasi ditambah verifikasi pake ktp ga ngapa ngapain akun,2
reset password aja susah bolak verifikasi kode email,1
good job,2
mudah,5
aplikasi aneh udh gak login tibatiba akun louot masukin eh suruh bikin akun adeh enakkan bikin konten ig gak louot gapang verifikasi nya ribet banget udh kaya pln mobil,1
bintang gak email gagal klik lamar mudah,1
alam,1
apk tau kucing mo login aja susah bedul,1
mantap aplikasinya,5
apkikasi motong saldo sembarangan download apk,1
apl gak,1
pengalamakami prediter bisnis proferti bangunan projek arjit sooh lettviker gel ti puul in door ti kretipitas desa,5
kebanyakan iklanmau susah tdk epektif,1
belom hire,4
mantap,5
good for the carrer path,5
jelek iklan,1
nj iiuj,4
giod,5
aplikasinya kurangbanyak bugbanyak spamdan menarik efektif,1
duluklw misalkn sesuai bintang skligus,2
menyusahkan,1
belajar gak ngerti,5
parah banget daftar besoknya akses akses akun dibatasi udah verifikasi dgn foto ktp isi macem data aja gak akses nyesel si daftar linkedin data pribadi udah sengaja kali ya akses akun dibatasi data pribadi dicuri daftar please pikir kali aplikasi website pencari kerja gak ribet kaya linkedin,1
lihat fungsi aplikasinya,3
bagus,2
joke,2
linkedln rant aplikasi,5
menghapus akun login,1
,5
aplikasi kocak login aja payah nebak gambar udah bener disalahin,1
iklannya mengandung lgbt,1
pertaniansedang aka pengalaman nya,5
aplikasi wajib org yg usaha jualan tuh ya gopay merchant,5
utii gabepo,5
tuk rasakan hasil permainan,4
login susah woi gambar badak lo benerin,1
ribet iklan nya dimana,1
benci iklanya masuk terusdalam menit,1
the sulu kaurow direktori map data peta view mario samuel sulu van der hall finance indonesia merdeka online stream,5
nyoba ya,5
kentu,1
suka,5
in,5
aktifkan,5
,3
yaa lumayan mantap,5
bagus bermanfaat,5
mantep ok,5
klo iklan kasih napa tanda silangnya susah dipencet tau,1
suka,1
ajg verivikasi susah lu niat ngk sih apk,1
bagus membantu memperoleh informasi sesuai dgn kebutuhan keahlian,5
mantaaappp,5
akun disuruh login ulang ribet banget tolong deh jgn dipersulit,1
omgit be great,5
tahik emg verifikasinya gak,1
menyenangkan puas editannya,5
apk stress login aja suruh captcha trss,1
kalo apk iklan apk susah bg skip mwemweg bgt,1
koneksi bertambah padah diterima orang koneksi stick gak bertambah tolong diberbaiki ya,1
ayolah ga ngapain tb precaution app ga,1
masuk nya susah verifikasi udah berhasil verifikasi jam cuman verifikasi,1
dikontol iklan mulu ganggu sanjingg,1
wonderful,3
platform cari pekerjaan menambah skill relasi,5
bagus sih mudah saking byk alpkasi yg ribuan tdk meningkat nya yg bagus donwan instan,5
suka aplikasi linkkedin,5
udah capek capek akun pake log out trus gabisa login kocak bgt,1
jempool,5
lansia kerja suka main gim gim uang bohong iklan maksa hadiah uang berlimpah klaim ditarik ujungnya bayar sekian dana emangnya instal gem gak pake kuota ninton iklan pemilik gem duit bangkrut instal gem hapus lag biar gak menuhi penyimpanan hp ku,5
henny temannya kantong mahesa jenar download salah download kantong mendengar suara pintu ditetapkan menteri download catatan download membatalkan konsumen mata kepala salah ditetapkan,5
dana hilan,1
hapus akun aja ribet banget mengulang dialog yg sampe kali,1
bagus cari kerja,5
tuhan maha,3
nyepam mulu,1
captcha nya asu emang ngasih keamanan becus dikit napa nyuruh nyari gambar gambarnya dobel,1
panduan filter yg blm mencapai terpencil,1
jo the z,1
login susah banget gilaa,1
iklan menggangu,1
ribeett,1
menyediakan informasi rinci,5
still try,4
apk busuk browser busuk menunggu masuk notip mari pemeriksaan keamanan cepat berjam menunggu begtu bagusan hapus aja apk nya browser hapus aja,1
suruh bikin akun linkedin paksa ktp login smk nunggu biar akun please linkedin biar gak verifikasi id kalo umurnya,2
mudah informasi kerja,5
stick in login security check,1
okh,5
top banget,5
suka,1
tibatiba akun logout gagal login sandi salah akun dibatasi blablabla shibal,1
pengalaman operatortrailerlowboy,5
isnt bad,5
kluar apk menghapus akun berkali mencoba mohon diperbaiki kluar apk,2
coba akun demo nomor hape molai nol post,1
gabisa login captcha gaje,1
berterimakasih membantu,5
good application,5
hidup perjuangan,5
fiturnya sulit pahami udah ngatur lokasi jambi tetep aja muncul loker kota,1
kasih bintang,4
kerja opsih,5
gak gunanya,1
tidal login verifikasi foto id card tida akses berulang kali,1
susah masuk nya ribet,1
good job,5
this lesson be very goodthank you,5
optimalkam,5
iklan,1
semoga amanah,5
yahoo ptezaśáåå⅘é,4
good linkdln,5
apk susah masuk ga hebat,1
semoga pas uda kerja linkedln nya kayak orang inspiratif,5
coba semoga betah,3
membantu sayang nya iklan menggangu,5
muncul parah,1
this be suck,1
udah account mensetup minggu ga dibuka akun hilang,1
ya suka aplikasi,5
membantuu,3
good one aplikasi,5
seneng bague,5
verifikasi susah ampun auto unistal sampah,1
terkendala login,1
indonesia maju,5
tdk seportip,1
mencoba,4
okey,4
link yatim dayat dayat ku lapor senko kw senko pemilik artis bokep tau ga lapor masuk penjara kw nih kariawan nya sih senko pemeran utaman film porno,1
verifikasi doang ribet bikin emosi,1
pijlp po,5
iniga install apk nya bayar langganan maksud nya gimana meras gimana tolong,1
maless,1
programnya bagus,5
membantu memperluas jaringan pekerjaan,5
ok banget,5
tolol,1
gak buka linkedin malam,2
acl gamestop,5
coba,3
iklan,1
aplikasi gak masak nunggu acc edah,5
jual alat pertanian,4
bad,1
good aplikasi,5
apl muncul trs game yg gw mainin susah bnget skip walopun ad tanda x nya,1
bikin akun x akun yg akun logout coba login akun dibatasi kesalahan apapun mencoba mengikuti langkah verifikasi akun hasilnya nihil tolong devoloperadmin alasanya cepat perbaiki merugikan kasih bintang,1
welder operator snd muster tuh to delevery asean go,5
oke,5
aplikasi ngga,1
asww,1
bagus cuman jaringan ny bagus,3
program an,1
keren,5
apk bermasalah mulu klo apply,3
mantap bosku,5
niceeeee,4
pusing,5
absolutely useless keep get ban very often for no reason,1
secure,5
terima kasih mengirimkan informasi lowongan pekerjaan membantu bagikan keluarga sbelum pekerjaan,5
mantab gampang nyaman fitur fitur mudah difahami pilihan bahasa indonesia menarik,5
aplikasi memuaskan mencari kerjaan,1
very good application,5
berjalan bossku be a great company and we will continue yes,5
membantu memperkenalkan bisnis linkedin,5
knp suka log out yaudah login susah banget konfirmasi tolong akun udah gak masukin,1
verifikasi idsim banget asli udah dikirim prosesnya lelet banget,1
gk banget gk badai gk hujan disuruh login ulang verivikasi keamanan ulang mulu dah selesai kemabali verifikasi gambar nya gk aplikasi gede kayak gini,1
aplikasi sampahhhhh akun hilang tolollll,1
memperluas relasi membuka pintu rezeki mempermudah hubungan pelamar pencari pekerja,5
ayaah,5
sy menjabat sbg direktur utama pt nabilla bhara abadi,5
mantap membantu membangun personal brand ranah internasional,5
terbanntu dgn aplikasi,5
log in sulit verifikasi,1
membantu,2
bina rumah rumah plumb servis,5
kecewa udah kali akun kali jg verifikasi slalu gagal sandi yg d isi udah tpi aja d bilang salah ambil foto muka foto ktp,1
ganti email suka error,1
akun tibatiba gak dibuka disuruh verifikasi persona akun dibatasi akun mohon diperbaiki,1
verifikasi pesona mohon diperbaiki,1
security yg memilih hewan menghadap rumit mempersulit proses loginbuat akun,1
gabisa login kocak verif gagal halaman ditemukan,1
like,3
akun dibatasi alasan kebijakan post ok ok aja sy lihat ga pake linkedin jg no problem,1
mantab n sukses slalu,5
jelek,1
bingung belajar karna linkdin membantu,5
konten,1
salam ya salam sehat amin nya perusahaan henpon indonesia perusahaan internasional henpon apapun bentuk nya nama nya,5
bagus apk nya membantu,5
be best,5
aplikasi tolol masuk akun aja susahnya ampun verifikasi dibatasi,1
puyeng pake ni apk,1
aplikasi login nungguin code berjamjam enggk,1
b,5
masi mencoba bener app membantu yg kesulitan mencari pekerjaan,5
mantap perusahaan singapura,5
tes human nya g banget sumpah,1
opsional,5
akses terbaik,5
bagus,5
,5
login aja gak kek butuh secepatnya,1
good app,5
mening,5
halo masuk akun sdh berkali kali verivikasi masuk,1
apk gaje,1
min tolong akun infonya melanggar login cek cek gagal akun tolong bantuannya min,1
lp,2
nice,5
informasi aktual lowongan kerja pendidikan linkedln,5
membantu memudahkan perjalanan,5
sosmed utk profesional,5
aplikasi membantu mencari info lowongan pekerjaan,5
isi info pekerjaan,5
ga guwa nyari kerja mend orang dalem dah,1
lumayan aplikasinya fitur yg ditampilkan menawan,3
pejus kuntul,1
𝙍𝙞𝙗𝙚𝙩 𝙗𝙣𝙜𝙩𝙩𝙩 𝙢𝙖𝙪 𝙙𝙖𝙛𝙩𝙖𝙧 𝙖𝙟𝙖,1
app setres pw udh email udh ttep aj sruh verifikasi gj bngst mempersulit kerja orang aj smpe hrus msukin id pasport dkk app g ad bintang y gni tolong d benerin biar mempersulit penggunaan,1
apk gak udah jelasjelas nyari kerjaan ceri perusahaan udah gak kerja kalo kerja gak cari kerjaan,1
recommend profesional worker,5
tolong hp teknis mumpuni tp log in gak bsa log out,1
be the best,3
aplikasi ga gunaa login aja persulitt pake teka teki ga jelasss aplikasi nya ngebantu nambah beban oranggg,1
aman,5
linkedin aplikasi terbaik,5
ok aja semoga trend,4
top,5
diupdate gak lamar,1
mode kreator hilang mengecewakan,1
aplikasi menyulitkan pengguna mengedit bio susah menemukan menunya,1
jooos,5
aplikasi bagus mudah terimakasih,5
sugoi,5
bug mulu ga jelasss,3
pengguna linkedin sayang akun hilang mengalami kesulitan pemulihan lakukan verivikasi persona dg id nasionalktp,5
opsional,1
mantap,5
improve be better,3
aplikaso yng berguna ketemu temen pekerjaan,5
enak nich aplikasi membantu,5
tolong login akun linkedin verifikasi persona setalah upload ktp proses verifikasi gagal akun duanya terkena pembatasan akun mohon bantuannya nya akun terkena hack orang hongkong hapus akun akun pembatasan akun mohon perbaiki,1
kasih bintang karna info keteranganya mendetail terhubung langsung info,1
bagus banget,5
aplikasi ya daftar doang susah nya ampun,1
sulit mengubah data pribadi memusingkan membingungkan,1
login mantul,1
,4
reset sandi aplikasi susah bet mintain password ya ganti sandi,1
verifikasi cuk salah muluuuu,1
apk teraneh niat nyari duit haram doang apk dajjal,1
this app be good,5
merantau nanam padi kenekek robot padi berteman bahagia kenekek tukang bagunan masak nasi masak sayur nyuci piring nyuci baju serba bercerita jalan jalan pusing melliberr janggung padi kibot son ketwawk bercanda sok sokan ramah lingkungan hidup ap tergolong familia bombyliidae genus onthophagus kingdom of the year old good day for me bahagia orang mengikuti kuis kak ega bantu share with you and your friends with me seper,5
tolong pake iklan boss oc,5
terimakasih,5
okeokeoke,4
premium ga pake ai ga berguna bayar mahal sue banget sih aplikasinya,1
tolong tambahkan desktop modefullscree pengguna tablet,4
sampah,1
mudah cari kerja,5
hàlo login pakai akun google ga coba hapus cache data ga buka ya,3
membantu jitu,5
aplikasi aneh gabisa login,1
applikasi apaapa mensupport applikasi maju modern,1
verifikasi nya susah,1
,1
easy to use and very nice,5
weldersmawfcawgmawgtaw,5
suka hang kasih video pendek,1
aplikasi break login aja susah,1
versi yg lawas,3
ya akun dibatasi akun menyulitkan pengguna,3
semnjaakk aplikasi linkedln hp bug terima kasih,5
x u,5
please hire,5
aplikasi sampah mendadak ga login email ama pasword udah sesuai,1
linkedin be more than just a job seeker platform its a dynamic space for professional network knowledge share and industry insights users can join group and communities relate to their field to engage in discussions share expertise and learn from others additionally linkedin offer feature like publish article where users can demonstrate their think leadership and expertise in their respective industries its also a great platform for businesses,5
haloo selamat sore contact person pic cs linkedin,4
bissmillah,5
aplikasi membantu sekaliuntuk referensi karir,5
mantap,5
sampe pake belom panggil gila stress indo indo,1
ribet mend pake jibstreet express gampang,1
mantap,4
hebat,5
aplikasi membantu mencari kerja x pekerjaan lingkungan salary kompetitif linkedin,5
application keren,4
ok,5
archik,5
tolong diajari marketingnya sopan santung nasabah,1
site manager pekerjaan pemerintah swasta,4
aplikasi yg bermanfaat pemberi kerja pencari kerjajuga media berbagi ilmu anggotathanks linkedin,5
refundpengembalian dana sengaja membeli paket premium yg membeli layanan pembayarannya otomatis sepengetahuan,1
gatau,4
mantap jak,5
verifikasi check gak,1
iya,5
wow aplikasi sungguh bermanfaat terima kasih,5
linkedin error akun nocaptcha tolong perbaikin,2
bagusss suka semoga rakamin x linkedin fair yaaa love u sekebon,4
lumayan bermanfaat yg blm dpt pekerjaan,5
ruchana kristina golf graha family country club caddie administrasi membership ruchana kristina bekerjas branch manager moncol pool spa penjualan keuangan perusahaan dibidang distributor alat kolam renang spa beserta instalasi pemipaan resto msquare lenmarkmall bukit darmo golf market manager,5
sistem keamanan lemahgk login udh lbh tp notifikasi loginganti password email email customer service nya inikalo ad tindakan bantuan menghapus email pelakusaya gk rubah rat,1
linkedin gagal informasi,5
susah login verifikasi terkirim coba,1
min mohon balikin dana member premium tibatiba ketarik aja saldo dana member premium nyobain gratis nya mohon balikin dana,1
msuk ny ja sulitpdhal app membantu,1
susah login berbelit udah isi data ngisi verifikasi ganti sandi tetep aja gabisa login,1
heiii si suruh login ulang mengeluarkan akun udah verifikasi ulang tolong lahh aplnya d perbaiki nggak banget tau nggak,1
aplikasi terbaik inpo pekerjaan negeri negeri,5
pn,5
sukses,5
terbaik,4
sepi,1
bagus informasinya,3
okeyyyy,3
susah bangett masuk aplikasi,2
masuk saldo sah ditahan,5
aplikasi membantu pekerjaan thankyouu linkedin,5
bisanya saldo dana dipotong tagihan aplikasi gk apk gk balikin saldo,1
hati hati fitur premium gratis sepekan fitur premium fitur segeralah mengetahuinya membatalkan fitur premium pemotongan tagihan premium bulanan otomatis terpotong metode pembayaran e wallet konfirmasi disayangkan mengakses pusat bantuan kebijakan pengembalian dana konsumen link in diakses,2
portal info pekerjaan yg yg sertai berbagi info pekerjaan dlm negri negri beserta informasi yg lengkap data pelamar yg melamar nya overall be good,5
koneksi massih setabil,3
bagas juliansah,5
aplikasi update berat sistem ui nya bagus terkadang buka search koneksi app bazel handle hilang terkadang buka profile lelet banget gabisa buka load mulu parah sih buka app cek kecepatan koneksi internet stabil,1
proses verifikasi security cek ny sm membantu mlh mempersulit,1
bagus kenal orang,5
ga,1
aplikasi bagusmemudahkan menghubungkan relasi,5
versi yg bug verifikasi,3
tdk aplikasi apacara pakainya yg dihapus sapa butuhkan,3
a wauih nh seigiegy,4
gkjls aplikasi tolol verifikasi nyusahin,1
membantu pekerjaan,5
baguss,5
z i laptop eqtuozy x,5
mantapbuat cari kerja,4
aplikasi sampah,1
aplikasi gak tau bodoh,1
kecewa mengulang sandi opsi iya pencet opsi iya pencet opsi tolonglah linkedin perbaiki bug,1
iya,1
easy and simple to operate,5
kirim tugas gak,5
proses log in dipersulit,1
login aja dipersulit udah input email sandi bener hp gabisa login aneh aplikasinya,1
mencoba,4
verifikasi email doang ribetnya ampun gak login load aja kena kick,1
medsos berbasis mencari pekerjaan informasi rekomendasi fresh graduate,5
membantu,4
aplikasi rusak disuruh vefikasi gambar gagal mulu tolong diperbaiki aplikasinya,1
mencari pekerjaan terarah thats awesome,5
baagus bermqnfaat,5
costumer service ugrade dana,1
informasi loker bagus,5
bagus sih aplikasinya,5
up to date semoga updaten terbaru dikembangkan pengoptimalan linkein maksimal membantu penggunannya,5
strategis berfungsi maximal terimakasih,5
wey plis ga login pakai gmaillll,1
ribet bgt akunbaru aj masukkan nomor telfon udh ad keterangan nya sesi kadaluarsa blm lg verifikasi nya yg lumayan ribet,1
,4
,5
verifikasi nya ngaco milih udh bener tetep salah milih yg salah bener,1
daftarnya susah nian,1
tuhan yesus memberkati amin jesus bless us,5
alhamdulillah nice app terimakasih semoga berkah,5
fresgreduwet pekerjaan linkedin,5
membatu caranus,5
coba fahami,5
bagus,5
suka aplikasi,5
pengaduan kemana ya akun linkedin hilang masukin gmail kek gtu gmna ya ga hancur gini aplikasi aplikasi update april tpi akun hilang,1
good indonesia,5
platform profesional belajar terbaik,5
ga isi komentar ya,4
jos apk nya,5
omk,3
semoga mudah proses kastamer,5
aplikasi hebat,5
habis update crash gak masuk linkedin sih udh dicoba kali tetep aja gak masuk home,1
qaqc cuality control at shipyardlast pt batamec batam at experience year,5
lemot,4
no hp masuk apk gimana sih gak kali no hp msih aktif nelpon wa gak daftar sesi valid ntah yg valid ku uninstall aja sih kek nya ribet,1
job,1
sya terhubung orang ya,1
sumpah kalo kasih rate bintang ku kasih nol login susah banget verifikasinya ngulang mulu pas udah login akunku batasi,1
apk bermanfaat,4
medsos linkedin luas terbuka peluang kerja yg terkenal tongkrongan pengusaha menampilkan profil perusahaanini membantu pencari kerjasaya rekomendasikan linkedin,5
bisnis bersentuhan owner,3
jujur kecewa aplikasi akun dibobol orang data pribadi bocor data verifikasi gak nama ubah isabelle membuktikan akun dibobol orang aplikasi bagus sampah,1
gabisa loginnn verifikasi pake gambar tetep gabisa langganan nya mahal banget tolong yaaa link ko gabisa login eror tah,1
yth linkedin tolonglah hapus profil google search terimakasih,1
mantap kasih bintang,5
platform cocok meningkatkan brand sbg profesional dunia kerja,5
duit balikin jt potong auto debit berlangganan,1
nice,5
sukses,4
omooi llm,5
bevega cripton harganya bos klep oli seal klepxeon thall vega zr tkd scorpio tkd jup z thallxeon thall vega zr tkd scorpio tkd jup z thall perpak kertas blokrduka cita keluarga yg tinggalkan berduka cita keluarga yg tinggalkan yg inggalkan,2
petani,5
verivikasi nya susah masak iya kali nyari gambar kodok menghadap salah security check ambigu dunk kek dikerjain,3
belajar,5
dunia togel orang tausebelum masuk aplikasipaling mumet masuk aplikasikarena persainganpelanggan korban,4
linkedin profesional,5
,5
keren apk,5
ga langganan potong mahal rb ga ikhlas banget refund banget,1
like snail,1
klik pekerjaan tibatiba aneh bgt,1
tibatiba ngebug,1
monyet gara gara apk saldo dana gua potong otomatis ga pencet mesen lumayan juta,1
relawan prabowo gibran ketua persahabatan publik harapan bergabung bersahabat berbagi informasi,5
ga sesuai harapan,1
akun ga login,1
data tersebar aplikasi,1
akses diblokir solusi,1
yg terbaik,4
aplikasi eek gak verifikasi,1
interest,5
aplikasi linkedin ni bagus pakai tugas tugas ppt lainlain,5
bagus membantu mempermudah hubungan pemberi pencari kerja,5
,2
membantu memperluas jaringan profesional bidang ilmu pengetahuan pekerjaan,5
verry nice,5
bagus portofolio,5
menjalin koneksi tombol x checklist bersampingan sengaja memencet x membatalkannya tapu terpemcet tulisan menyarankan pencarian blax sengaja memencet ya posisi tombolnya gabisa cari orangnya,1
ya melamar ngak aneh banget udah seminggu gini,1
mantap,3
ftttt i didnt remember whether there be a lot of problems available because its more difficult to help either ma ma,1
gabisa masuk akun stick puzzle gmna ya,1
bgus membantu,5
goood,4
rekomendasi,1
si gada gambar nya,1
stress berat gabisa daftar udah coba,2
log in,1
akun ku hack masuk akun verifikasi rumit selesaiakan buruk,1
login disuruh verifikasi pake gambar udah berkali nyoba gambar salah bikin yg betulah menghadap yg kayak yg kepalanya aja sebadan nya,1
namaku holili yugo adi putro pertemuan kandung anak holili yugo adi putro gedung btn,5
ku aplikasi merepotkan awalsusah banget loginmohon perbaiki,2
login aja ribet verifikasi dimna mna udah sesuai data,1
login pake teka tekiudah bener disalahin,1
peonsiun,1
aplikasi babi gak sesuai diharapkan,1
good thank for this apps,5
rfr l ur f r b l fr,4
ol,5
sangatmembantu,5
ok,2
aplikasi bodong biaya mahal saldo didana gw raibkalian jgn download aplikasi dana raibkaya penipuan,1
trima kasih bergabung,5
operator buldoser,5
apk gak login aja dicek scurity ribetin,1
i cant login,1
aplikasi pencari kerja pebisnis,5
login aja ribet cahpta valid udah bener,1
aplikasinya sampah login aja verifikasi nya sulit bngt valid mulu tolong diperbaiki,1
i like job,5
aplikasi sampah banget loh coba login akun terkendala proses verif security check nya yanh gambar kuda gak dicoba gagal udah sesuai arahan blokkk,1
i have manay new friends here,5
aneh gak login daftar gk kirim kirim kode nya,1
jelek verifikasi id takut d salah gunain,1
verification gk,1
gak buka gak yg anehsekali buka tau tau akun batasi ktp udah kayak buka aplikasi pinjol,1
smoga cepat membantu mencari pekerjaan,5
kalo kasih bintang ni aplikasi gua rat bintang burukkk bangetttt login susah udah kaya tes cpns udah akun disuruh masukin kode masuk ngga emang busuk aplikasi,1
kren ku mengerti impormasi bisnis membantu mendorong,5
semoga membantu,5
buruk aplikasi nya ngeselin jobseeker perbarui profil nya asisten manajer aneh,1
laporan pajak npwppersonal berjangka,5
aplikasi rampok saldo potong pemberitahuan,1
membantu,5
siiip,5
suck,1
bermanfaat,5
ga salah ni ratingnya developer useless scam ga login verifikasi sulit banget,1
susah masuk ny,3
apkikasi lucu bener arah dah pencet kali ga ana benernyaauto bersihkan jelek,1
membatalkan langganan,1
top bgt,5
yg bener bikin verifikasi login min masak udah milih gambar yg bener blm login gimana sih perbaiki login pengguna jgn persulit,1
emang bagus,5
aplikasi apan,1
fosnxk,5
jobseeker biaya bulanan nya mahal bentuk idr ditambah gak liat aja yg cek profile jobseeker cari kerja doang biaya kelewat mahal,1
mengukan mecari kerja gimana yaa gapaham ngelamar perkerjaan aplikasi mohon bantuan nya terima kasih,5
selamat ratingnya ngasih bintang smoga yg bintang error,1
aplikasi sampahh login suruh teka teki bilang teka teki biar tau manusia woyy ngotak dikit emang binatang donlod aplikasi dasar manusia tolol,1
,4
gabisa login loop verifikasi,1
ribet banget najis verifikasi nya,1
cocok bgt,5
tolong developer mendengarkan keluhan usernya diatas login udah upload ktp verifikasi wajah tetep aja kena pembatasan,1
api berpenghaturan,5
tau narik uang dana rb aplikasi,1
cant sign in very bad app in playstore,5
verifikasi sulit,1
gua dah verifikasi bolak aja ga login verifikasi email aja ga tolong diperbaiki,1
mohon kembalikan uang garik google play shopepay konfirmasi apapun terkait pembelian berlangganan aplikasi apk mengambil dana shopepay konfirmasi pemilik akun mengajukan klaim berkali lali mohon bantuanya,1
susah login gak banget apk muter verifikasi doank,2
insyaallah bs membawa berkah amin,5
aplikasi ga verifikasi susah skli ga ga ga ihhhhh sebel org udah bener salah salah muluuuu org gambarnya udah bener pilih menghadap salahhhhhhhhhhhhhh,1
duhaifxxcb kolo,5
mnt stick at captcha be u serious it have be correct long ago and u waste my time by do quick security check again and again,1
bagusu,5
google map,5
membingunkan,1
the best,5
belajar pemulah,2
verifikasi sulit,1
build business and support time,5
kasih tu,5
gajelas suruh verifikasi tp gabisa lolos alasan nocaptcha ga valid apalah apalah,1
terimakasih informasinya membantu proses menentukan nya amin terimakasih,5
apk gk jls ribet banget login aja susah akun ga bikin akun,1
dewasa,5
aa,4
penipu,1
percaya aplikasi buang buang biaya interview ujung ujungnya penipuan telite iming imingan pt nya lebay waspadalaaaaaaah,3
sukses aja,5
alot of importance information,5
tahap mencoba,1
captcha eror log in payah,1
verivikasinya susah benget apk gajelas,1
mohon tambahkan bahasatranslate bahasa indonesia,3
aplikasi berguna sebagua apapun profil provesional apapun buang buang tenaga room lowongan pekerjaan didalam room akal akalan developer dg mitra apk kredibel apk kredibel pekerjaan sdh bergabung,1
pembaruan,3
ga login pas verifikasi ngulang udah dapet selamat blablabla membuktikan manusia,2
mencoba semoga banyat mafaatnya,5
login ribet ketat,2
bermanfaat dunia karir,5
profil linkedin gak keliatan udah diperbarui,1
aplikasi berguna berubah total aplikasi ga karna susah login akun hilang,1
nih aplikasi ngeselin banget verifikasi aja susah banget,1
be oke,5
gak nya appbaru bikin udah masuk pake verifikasi ujung nya gak masukbikin kaya gitu aja terusgak app nya,1
tau akun login amu login tolong bantuannya,1
aplikasi keren bermanfaat,5
sukses link,5
benahin tuh bug verifikasi lu sampah,1
verifikasi suruh teka tekisdh sdh terceklis memuat harap tunggu eh yg verifikasi aja sampe quota habis muter situ aja,1
the captcha bug so i cant login,1
verifikasinya ribet,1
gajelas websitenya udah ngisi kode captcha kali gila gabut banget gabisa,1
man tool,5
layanan linkedin cap jempol,5
aplikasi bapuk tolol verif susah bgt,1
login nya susah captcha perbaiki thank you,1
update ribet,1
buka linkedin,1
dapatkan,5
sih verifikasi aja sampe mampus bikin aplikasi sampah banget,1
assalamualaikum perkenalkan fajar kakak tnyk nih linkedin kakak blokir ya aneh linkedin nya,1
very very membantu,5
aplikasi aman,1
gak berguna,1
perbarui ruwet mudahin penguna,1
verifikasi login dikasih notifikasi respon kode nocaptcha valid diisi,1
khoirul anm,5
informasi yg bagus dunia teknologi lowongan pekerjaan,4
verifikasi nya mantap sampe berulang kali,1
verifikasinya ga udah ngisi kali gabisa masuk gimana sih,1
i find great app,5
good,5
aneh ni apk error mempersulit gw pengen verifikasi aja susah nya ampun hadehhhhh,1
𝓑𝓐𝓲𝓴,5
udah bikin akun pas login ribet banget pake gmail terpakai tugas praktek sekolah,1
kali login ngikutin arahan,1
login aja susah kebanyakan verifikasi,1
apk yg membingungkan rumit berbelitbelit,1
tolong filter perusahaannya perusahaan pialang linkedin,5
i like it unlike any other social media platforms linkedin mean something to many not only job seekers and recruiters but also for profesionals who love share their valuable world view to let others see what they saw double thumb up,5
susah login,1
gabisa login taiilah,1
lelet,1
haduuhh capek banget verifikasi captcha invalid mulu ngulang gk masuk,1
no coment,5
plattform terbaik jobseeker and find network,5
orang nyari kerja nambah kerjaan kali proses pencariannya,1
mengganggu iklan nya,1
udah bener suruh coba,1
admin kerjanya ngapain aja benerin sistemnya cuman plonga plongo gw login akun gk cuman karna verifikasi doang coba minimal ditanggapi komen yg biar kepastian udah digaji kerja gk becus,1
tolong aplikasi seberguna sampah susah login verifikasi website nya aja nyusahin tolong developer nya cepat fix banget lo udah orang berkomentar,1
aplikasi bagus berkenalan dam membangun relasi profesional mencari pekerjaan,5
log in nya sulit berhasil foto id diikuti log in,1
bagud,5
its really helpful,5
tingkatakan fitur,4
alhamdulillah dpt network,5
okt,5
mudah mencari pekerjaan,5
aplikasinya membantu menghubungkan informasi seputar info pekerjaan,4
bermanfaat terimakasih,5
olla,5
security check aneh,1
aplikasi membantu mengembangkan bisnisthanks,5
dear linkedin why be it so hard for just make my official website appear at my official linkedin profile i follow all the step but still have not display yet not to mention the unease of how we as user should ask for customers support really be disappoint about this please fix this immideately,1
mnuhl,3
cant even login with my google account and try log in wiith my email and password but the captcha be to complicate aint nobody get time for for the verfication i be just give up with this nonsense and uninstal this app,1
batrai langsung matahari langsung langit cari vpn login power bank iso voa terdaftar dick global tv google royalti incam pribadi go sehat,5
gimana login verifikasi nya eror udah sekian gak tindak,1
suppeee,5
blm bgmn dpt koin yg bnyk,5
perbaiki fitur verifikasi pakai ktp persona indonesia ga support,2
bintang,3
kemajuan,3
gabisa login security check udah bener sesuai instruksi aneh aplikasi,1
mempelajari,5
upload sertifikasi lisensi kesalahan peecuman fitur,1
aplikasi susah login kacau jelek very bad,1
login lose verifikasi ulang berulang mohon dibantu,4
login pake fb email trus kali pakai teka teki gak masuk capek,1
teka teki kayak tai,1
sempurna,4
gimana siii gk log in verifikasi salah,1
tolong linkedln kenapasih buka aplikasi suruh login udh gitu ngulang kali lg suruh verifikasi nih aplikasi mempermudah bikin ribet gk dibuka,1
nyari usaha ya,3
woy login nya susah udah bener teka teki nya gagal trus login nya mend verifikasi robot nya pakai centang google ajah yg mudah akun kena blokir ngga login pelanggaran apapun udah verifikasi identitas tetep gagal udah berhasil login akun udah dipakai orang tolong diperbaiki developer,1
base premium respon owner perusahaan base reguler artikan rekomendasi cari kerja,5
verifikasi susah woy ktp udah hadapkan salah daftar nomor pake nomor cari kerja susah masuk aplikasi loker susah indonesia emang susah,1
bug notifikasi,1
ok gasgas,5
erorr nggak dibuka,1
lo,1
senang membantu banget,5
your capctha be very bad do it repetitively for like time and can not login,1
akun kena hack bro gimana,1
tolong baca komen bodo dosa mempersulit orang tanganin kesulitan login,1
aplikasi tolol cmn login pake tekateki babi d ulang udh bnr ny,1
,1
great and more than job information,5
apk aneh download apk cari kerja log in mlah isi profil kerjaan,1
aplikasi kontolll gk babi verifikasi bikin emosi hapus aja babi,1
vc b,4
aplikasi gak gak login,1
mohon perbaikan admin,1
siiiip,2
developer tlg diperbaiki apk nya idiot gak login teka teki nya salah yg org apk nya yg gagal tks,1
salah verifikasi,1
akun gw hack orang asing login susah banget,1
biarlh yng ngasih nilai tnggi kali masuk ngk tau bagus tdak yng nilai,5
dicoba,5
login tok angel menungso iki menungso verifikasi jawabanku wes bener harap diperbaiki,1
bagus,5
,5
strong together,4
relasi informasi,5
foto ilang jaringan koneksi hilang paham,1
wawan lswanto,5
gabisa sign in pake gmail ya,1
ya akun terkena kendala masuk verifikasi akun sehari pelanggaran apapun eh kena blokir semenjak akun ayolah developer aja,1
member yg terbai menerimadan jujurikhlastidakmencelamenuntuttygtidakterlalu pentingdanmudah memaafkan,1
membantu,2
login nya gimana sih nggak verifikasi id foto udah tetep nggak,2
garagara verifikasi gamasuk akal gabisa login sistem verifikasi nya tolong diperbaiki kemudahan,1
buruk gabisa log in,1
gimana si verifikasi mulu aneh,1
apk membantu terkoneksi profesional,5
security check manusiawi,1
cekk,3
oh gosh,5
teka teki nyusahin gak masuk akal bikin program aplikasinya,1
ga banget verifikasi maunya salahz asw asww,1
linkkedln lengkap,5
tolong verifikasi nya mudah ngasih verifikasi susah banget,1
aplikasi gajelas verifikasi salah giliran udah masukin otp sesuai yg salah keterangan login gagal emang aplikasi gajelas,1
be,1
,2
validitas lengkap,5
goog aplication,5
senang,5
bagus bagus pekerjaan linkedln,5
lembek aksesnya,4
login,1
makasih,5
bagus,5
security check nya ga pilih gambar udah dipilih salah mulu ga check bot nya,1
baguslanjutkan,5
essseesssess,4
hayyyysaya login captcha errormohon diperbaiki mengganggu,1
aplikasinya bagus kesini ko ngga bagus ya gabisa login menerus verifikasi berulang kali masukin kode aja ngulang sampe bosen coba berjam jam buang,1
helpfull app real profesiaonal,5
login pake gmail trs verifikasi teka teki anehnya salah pas ganti verifikasi tebak suara muncul tulisan verifikasi valid pusing login aja sulit,1
tolong bantu ya modahan kalo menolong rezeki nya melimpah dunia tuhan membantu melindungi menolong kekurangan amin amin ya allah,5
login gagal verifikasi gagal,2
kode captcha verifikasi akunnya diulang sbntr diulang bgituu nggak login,3
semoga membantu,4
bagut,5
mbuh angel tenan verifikasi ne,1
ga login akun tangguhkan diblokir akun pake orang tanggung ni linkedin keamanannya ga data pribadi,1
membantu,4
membantu menjalin relasi pekerjaan,5
banget program search job most exit and valuable butuh tenaga sbb m bambang ongkoyudo drs ktp m bambang oky drsspdkonselor expthn swasta negeri penghargaan gubernur dki jakarta thn penghargaan thn presiden nkri joko widodo jokowi brgabung dgn perusahaan yg butuh tenaga mencukupi salarynya,5
membantu mencari link pekerjaansemoga pekerjaan aamiin,5
mohon perbaiki sistem verifikasi manusianya menyusahkan,1
verifikasi jmbt,1
linkedin klo sy liat bagus mk nya sy coba akun limkedin sy akun lg proses sandi no hp stlh sy tullis blg salah pd no hp sy smp ulang berkali sampr capek sy mohon coba yg simpel aja ng coba nya,3
gak login verifikasi gagal mulu,1
,5
bagus dam simple,5
be ok,5
terimakasih sangaembantu,5
robot,1
trial,5
lumayan bagus pekerja,4
tampilan menu pilihan menunya simple,5
oem y f,4
eŕ f,3
putuskan kongsi,4
gabisa log in karna kebanyakan syarat ga,1
mantap melancarkan bisnis lengan cepat terhubung tim inviter,5
log in ribet capca nya ga login ulang susah gimana ya pdhal dah akun giliran log in gad,1
i o,3
verifikasi permudah napagak paspor indonesia susah woipake ktp kek kek gitu,1
kali instal ulang bermasalah login browser edge data hilang akses aplikasi salah aplikasi terbaik pengembangan bisnis jaringan aplikasi murahan interaksi nya please perbaiki secepatnya admin,2
aplikasi gak instal muncul,1
uji,1
aplikasi linkedn buka jaringan pertemanan profesional,5
aplikasi main komersil mulu premium gratis bayar mend gak tampilin premium gratisnya,1
inspiratif informatif,5
memudahkan melamar pekerjaan berita terkini mudah,5
bangkrut udah dapet uang iklan tinggalin apk gitu aja,1
pt megalopolis manunggal industrial developmen tugaskan perusahaan memegang perizinan a kawasan industri izin domisili desa izin kawasan industri izin lokasi sippa iplc izin penangkal petir izin instalasi listrik izin stasiun radio izin pemadam kebakaran b hotel asuka restoran siuk hotel izin hydran izin instalasi petir izin pemadam kebakaran,5
keren,5
tes dev kalo bagus in bintangnya,5
aplikasi abal abal,1
membantu jaringan profesional,5
nggak bs login dah kapaaaaan pngn ngecek nyari lowongan memperbarui profil takutnya msh kerja tmpt yg pdhl udh resign,1
sekuriti chek sampe x ga masuk masuk,1
susah login verifikasi gambar salah isi,1
susah login nya buka aplikasi login langsung close aplikasi nya,2
ya engk login aplikasi android android udh v pake web dilaptop jg udh instal ulang tpi tetep engk log in,1
gabisa login cokkkk,1
login mentok kodok,1
ok banget bertambah informasi pekerjaan mengenal karakter senior senior,5
citacitanya pencetin gambar kodok smpe mabok,1
apk tau pemerintah gagal mengurangi pengangguran persyaratan yg lowongan kalangan orang sekolah menengah,1
ga masuk nyusahin alias bikin ribet orang verifikasi nya,1
luh,4
quick security check aka capctha error stupid app,1
,4
verifikasi security captcha valid captcha opsi suara gagal login tolong bantu login,1
berbayar ga asyiik,5
aplikasi jelek dibuka ulang captcha muncul gak gabung sdh member,1
verifikasi liat banteng ngadep gimanaa salah mulu woy,1
maaf ya kakak kasih bintang krn jarang pakai,3
cukuo info nya,4
susah banget loginnya disuruh verifikasi captcha trs gambar ditekan udah bener perbaiki aplikasinya hilangkan fitur verifikasi captcha,1
thank you,5
aplikasi nya ga login ya,1
verifikasi berkalikali login,5
im,4
help me to find job,5
nizeeee,5
tolong verifikasinya diperbaiki udh ngisi salah ngulang kali,1
chaptanya rek,1
linkedin rekomended menjalin circle pertemanan berkualitas best linkedin,5
,3
login ko stick captcha deploy kaga ni,1
gimana sih invalid mulu re chaptsanya gabisa masuk,1
oh,1
cah samsung lek,1
help to find a job,5
aktipkan,4
q lppoooloo pooooooooolo pooooopopoolooooo ooloppop l lokasi pop indonesia operasi popo ol eh ol posisi lo on lp ol play dll polisi pondok gede pl oo oo ku pilih syg po sumber ooo o ooloppop oo loopl ooooooooooooloool,5
aja susah log in suruh milih gambar yg ga,1
berfungsi normal terimakasih,5
informasi up to date memudahkan pencari kerja meningkatkan karier perbaikan taraf hidupnya keep the awesome joblinkedin,5
chapcta errorr,1
gak suka,1
jos pokoknya,5
emang bener ya pakai aplikasi nomor telfon tersebar luaskan pesan wa ngaku nomor aplikasi risih sih,1
akun akses login disuruh verifikasi data dgn tanda pengenal memverifikasi data disetujui ya,1
gak dlond aplikasih domino,5
bagus sertakan terjemahan bahasa indonesia lamaran kerja pake bahasa inggris nggak paham udah disetel bahasa indonesia,2
daftarpadahal kali log intolong bantu,1
bagus informasinya bermanfaat,4
aplikasi nya buruk,1
verifikasi tolol login aja susah captca bolak,1
aplikasi eror udh verifikasi tpi dibilang respons kode captcha belom diisi valid,1
parah aplikasi ga login aplikasi disuruh verifikasi,1
goood,4
senangdengan aplikasi,5
mohon diperbaiki apk nya login verif captcha gagal berkali kali,1
aplikasi qnti si tas tes tas tes gambar mulu salah mulu glbg buang buang wktu aja woe bog benerin apl lu gkberguna,1
apk bangke,1
login susah,1
apl can not be operate after recent update please let me know,5
aplikasi okey banget,2
recapcha bermasalah,1
quick security check mengganggu relasi linkedin terjamah akun tersendat,1
captcha bermasalah jdi masuklogin apk mohon diperbaiki,2
ad ul,3
teknisi ac frilen,5
top and the top,5
maaf aplikasi sampah facebook isinya hrd nyampah aplicant palsu apk membantu dear perusahaan promote pakai sosmed,1
apk nya bagus banget,5
security check berkali gak kedetect input captha nya,1
login,1
perna pegawai gudang pt indofood,5
keren tolong captca webnya diperbaiki,4
super duper hard to log in many time verification and limit access i have update my identity card but it do not work,1
opsional,4
membantu mencari informasi lowongan pekerjaandan perusahaan terkadang langsung menghubungi melamar pekerjaan,5
okey,4
login bikin susah nih aplikasi,1
tutup akun privasi knp susah,1
menemukan pekerjaan,5
good job,3
sebenernya dalem nya bagus tp dalem login susah pilihan suda tp mencoba ratusan kali gagal mohon linkedin dicek perihal karna keefesienan terimakasih,3
aplikasi udah bangkrut kali ya ulasan lihat keluhan nya ga login bermasalah captcha coba login sebulan jawabannya verifikasi ga beres beres sampe lebaran jerapah aplikasi ga,1
laporkan laku uang,5
verifikasi rechapta login mengganggu bangetdan ga validvalid rechapta nya,1
membantu mencari pekerjaan menambah relasi,5
respon lambat verifikasi data kotak masuk email gak spam gak canggih server,1
very helpfull for job seeker as long we can explain what be our job with well thank linkedin,5
sulit masuk log in menu utama,1
login verfikasi gambar error berkali kali tolong diperbaiki,1
login gak alasan error ngapain kali pake masuki recaptcha aplikasi make manusia kali berkali kali coba login gak recaptcha invalid,1
call center kredit digital,5
bbm j cf hk jin,5
aplikasi taii login aja susah kudu verifikasi gk ujungnya eror boro dapet kerjaan login aja ruwet,1
mantap info lowongan,5
trimakasi,4
gabisa post dokumen sampe ganti ganti device tetep unable to post,1
twrima kasih membantu berinteraksi publik,5
keren bgt aplikasi kejaan belajar keren bgt sumpah,5
i have problem with login my account verification cant be complete after answer true question captcha please solve it,1
perusahaan import suluruh negara eropa asia customer clearance import under name import,5
membantu bisnis terimakasih aplikasinya bermanfaat,5
bagus membantu,5
masuk tebak gambar buktikan robot udh dikasih teka teki,1
penggunq robot aplikasi paok anjeng,1
gak t,3
login susah email password captcha gak login,1
pengen nonton pilem bokef,5
linkedin so best aplikasi,5
login susah,1
applikasi bermanfaat,5
aplikasinya the best,1
disuruh verifikasi keamanan foto ktp berulang kali tulisan tolong perbaiki sistem verifikasi buruk,1
verifikasi manusia nya ngulang gak login,1
bagus banget canrik,5
hi devs can you update work experience with options input like less year year etc,4
beliau gunawan dalimarta sangkutan pinjaman uang membayar ga dihubungi,5
bergabungsaya,5
ganti hp login capcha x login eror tolong admin diperbaiki bug,1
,3
akurat relevan,4
sanggat bagus,5
this application be suck my account have be hack make me cant log in into my account meanwhile to make a report i need to log in but how be i suppose to log in if my account be hack frustating,1
udah login berkalikali security check kode chapta bertambah gimana ceritanya cari kerja aja dipersulit gini,1
salah aplikasi jaringan komunitas bidang kerja terbaik praktisi berkembang owner perusahaan keyakinan mitra perusahaannya,4
amatsangatberguna,5
bergabung aplikasi aplikasi bagus mudah mencari relasi peluang usaha promosi iklan,5
aplikasi sampah log in suruh ngisi security check pas udah selesai akun tangguhkan gak kesalahan apapun sumpah aplikasi sampah tersampah muka bumi,1
bagus fg personal brand pekerjaan mencari regard linkedin khulafaur rosyidin digital creator of food quality,5
susah bgt login proses verifikasinya lemot,1
tingkatkan pervormanya ya,5
this aplication very good to my exprience,4
suka aplikasi nya mudah mengerti,5
mantap,5
buka,5
akun blokir login admin mohon bantuannya,1
semoga dapet job linkedin,5
bnbollmm,4
teblokir alasan,1
kesulitan login proses berulangulang uninstall install login mohon diperbaiki,2
bagus,4
eror post notifikasi yg komentar tp hilang pas dibalas gmn ber koneksi orang klok balas komentar postingan aja hilang tolong diperbaiki,1
mantap aman,5
security verification loop,1
bermanfaat,5
bintang dlu kalo bgus kasih,1
suka bgt aplikasi nth kinerjanya bagus nambah menurun permasalahan login aplikasi dibuka sungguh mengganggu pengguna banget,1
aplikasi tolol suru verivikasi gaada yg beres gambarnya,1
,1
mendukung aktifitas,5
mutermuter masukin verifikasi doang ga next page,1
recapta yg bener aja anjir emosi bgt diulang menit tetep blm masuk masuk males buka,1
suka,5
sulit banget daftar akun coba dipermudah,1
aplikasinya bagus membantu owner perusahaan disayangkan pembayaran iklan postingan berbayar pembayaran digital gopay shopee pay dana dll,3
x,4
makhsudnya gimana ya pengen akun apk pas verifikasi captcha error udh ikutin instruksi nya tp aja ttp error habis menit verifikasi doang,1
c,1
aplikasi berguna mencari pekerjaan,5
kehidupan kebutuhan,5
asswuhhhhb n mb bb mb free ethh desa,1
membantu menemukan pekerjaan sharingsharing jaringan,5
linkedin mantap,3
bagus tingkatkan developer,5
cc e,5
ko gak install ya,1
jelek bgt suka ngebug chapchanya berulang kali nggk terferivikasi,1
good informatif,4
nyusahin pas security cek ga surah sentuh gambar menghadap pas milih gambar mengahadap salah udah kali x salah mulu,1
linkedin bermanfaat kalangan praktisi hr pencari kerja menjangkau,5
repot masuk akun sndri udh set jam nggk masuk invalid mulu,1
versi terbaru tanggal postingannya jobseeker gak tau loker gak tulis deadline recruiter nya,1
ajub,5
security check aja trs,1
aplikasi g bergunaaa g bida daftarr gagall,1
terima kasih,5
hapus aplikasinya berguna ribet,1
nya update,1
ga login ajg udah verifikasi ajg,1
mantapabiz,4
berkesenian mengajar duniaku,4
buang kuotauntuk daftar aja disuruh memecahkan teka tekiberulang masak jawabnnya benarakhrnya uninstal fix buang kuota,1
apk dagang,1
gua login ulang akun gua yg lamaih gua lupa sandinya pas gua tekan lupa sandimalah arahin masukan pin yg kirim dll tdk ad sandi ehh trus suruh login ulang gua lupa sandi guagak banget ni apk,1
linknya ga diedit udah dicoba berkalikali tetep link banget,2
mengecewakan aplikasi jelek bubarkan aplikasi,1
gajelas sih programmernya captcha error sugesti industri muncul berat aplikasinya,1
s sxdds sds dad s da xtreet x s sss,3
membantu berguna,5
keren dpt relasi pengetahuan bisnis,5
susah login,1
tolong perbaiki akun fitur easy apply,1
d update lokernya aja lokernya ga perkembangan loker gtu aja downlod masuk aplikasi pake kuota jga berbayar lbh d update mas jngn monoton kasian yg cari kerja pake aplikasi mengerikan,1
aplikasi tergajelas daftar aplikasinya disuruh berkali kali verifikasi teka teki berkali kali tolong kalo bikin aplikasi dicoba biar pengguna memakai dipermudah,1
kadon teuteubakan teu jelasm,1
gak eangsran ban parahnya udah akun gak liat cari not find,1
menyusahkan login,1
salah masukin capcha walo aplikasinya yg error ato yg bodoh diulang sampe x error walo no linkin no stupid ribet,1
semoga bagus,5
ohhh,5
aplikasi sampah,1
app jelek security check chaptcha berbelit,1
memudahkan mencari lowongan pekerjaan pilihan peluang pekerjaan,5
pengguna linkedin barutapi teka teki masuk nyasaya udah coba berkali gagal terushabis masuk server nya ajaniat cari kerja persulit teka teki gak kaya gitu,1
smg bermanfaat,5
bokep,4
menyenangkan terhubung orang hebat,5
huuu susah registrasi,1
akun masuk website linkedin verifikasi capthca habisnya,1
udah akun kalinya dapet security check mulu ni udah ngirim ktp ga diterima profil udah bener males masuk,1
verifikasi susah,1
bagus bermamfaat,5
mendaftar,5
suka,5
aplikasi bagus banget nyari loker membantu banget fresh graduate anak muda indonesia,5
cobah cobah,5
dear developer linkedin aplikasi linkedin bagus tolong tambahkan fitur berguna aplikasi,5
vety good for workers maniac have be money,4
nice good information,4
calon pengguna pas security check disana error captcha nya error bilang mengisi jam coba masuk aplikasi tau terkonfirmasi error uninstall,1
mantap,5
keren banget sih aplikasi memudahkan urusan thank you for good a chooice,5
hiburan,5
semoga membantu,1
post,5
ok terima kasih,5
aplikasi pengembangan fitur lanjutan,4
wow mantap,5
yeyey,2
gk bsa ngpain login gk bsa dftr bru gk bsa,1
menemukan teman yg dimana,5
panggilan masuk jg inisudah bnyk melamar pekerjaan aplikasi blm hasil ny kebanyakan pt penipuan,3
excellence,5
puas,1
asli stick no captcha,1
d paragon butuh tanggung km kerja digaji gaji alsan,1
bagus berguna bermanfaat,5
my account kena hack parah,1
uptodare always,5
ok buanged,5
great informer for job seeker,5
bagus bermanfaat,5
banget login,1
ive g it on,4
verifikasi nya susah banget salah mulu,1
recommend cari kerja,5
bagus linkedin,5
verifikasi masuk gagal menyebalkan,1
veryfikasi isi udh suruh milih dogi x,1
oklah membantu,4
lh update nyusahin,1
bgus,4
w p,3
verifikasi ngga ya tolong perbaiki,1
sip pokoknya,4
lancar,5
susah verivikasi ny salah,1
there be load profil bug connection,4
linkedin tolol lapor linkedin help twitter email akun dibajak sebulan nggak direspon layanan customer kalah glint jobstreet mend tutup aja nggak kasih solusi benerin keamanan data pengguna website aplikasi takutnya data akun lu dipake teroris dijual human traficking anak perusahaan microsoft badut suruh maintenance aplikasi,1
,5
aplikasii busukk,1
tangky you,5
semoga berkah,5
coba,5
bug captcha ga login,1
linkedin error tolong diperbaiki,3
aplikasi gj,1
manfaat,5
aplikasi ribet,1
dibatasi mulu akunnya apk gaje pdhl gada ngapainkerjaan jdi terhambat udh akun kena batasi tbtb alasan aneh,1
aneh banget ga halaman ganti profil,1
tolollll app begoo verifikasi aja ribet banget tolol,1
login disuruh nyelesain captcha udah bener disuruh ulang sampe berkalipun,1
b b h,5
knpa error mulumasuk aja ga edit ga save,1
akun sulit kode verifikasi sulitnya ampun nomor blokir dipakai kode ampuunnn dahh,1
seh security check,2
smoga bagus,5
registrasi sulitproses verifikasi berjalan,1
masuk hp sulit,1
menambah media mengpload foto sampul update reinstal berjalan aplikasinya,2
kode nya banget sampe gabisa pake nomor telepon kudu pake nomor,1
susah bgt daftar disuruh milih gambar kuda puluhan kali ttep aja salah dipermudah jgn jyk gini males,1
akun g buka verifikasi muluparah aplikasi,1
wth gabisa login,1
syztem verifikasi ni aplikasi sampah ga becus yg ngurus pecat aja,1
kesulitan verivikasi langkah no hp email terdaftar login merubah settingan,1
bagus bagus,5
,3
aplikasi gajelas daftar aja susah,1
bantu,5
jalan masjid assalam blok i rt rw no b kav hankam komplek kembangan dki joglo jakarta barat sebelah pulsa g cell joglo jakarta barat aman,2
olc,3
apasih sok asik bener udh ditungguin kode verifikasi nya aja giliran dispam no hp nya gbisa dipake lagikudu ganti no yg kocak,1
ngirim kode aja luama,1
captcha nya gimana sih udah bener disuruh ngulang ngulang,1
sayu coba,1
apasih linkedin gk kode otpnya dimasukin nomor hp nya gk digunain nomor hpnya,1
login,1
mempermudah mencari job,5
hate speech sara biarin,1
lemot bro knp ya hp,5
i have experience in account finance tax and audit,5
aplikasi bgsd,1
aja instal suruh verifikasi kodenya ga muncul udah pake email nomor wa panggilan tlp ga satupun kode yg muncul gimana verifikasinya,1
download cacat bohongin,1
p pal,5
daftar akun susahnya ampun,1
ya ampun login,1
how can i register if i order the verification code message never come,1
kode verifikasi gak masuk,1
,5
rr,3
aneh aneh habis disuru verifikasi,1
mean a lot for me or anyone,5
menyukai aplikasi,5
jujur adl pengguna linkedin suka minusnya tagkirim teman terhubung mengikuti mohon perbaiki apk fav,2
menggairah nafsu sayaì,5
daftar gada kode smspanggilan samsek ditunggu hitunga menit ganti nomor ponsel,2
gak sesuai dg yag dicari ribet,1
,5
mambantu mengembangkan bisnis,5
pass ganti password ga,1
belm,5
apk anjingg udah bener bener rupa gapernah masuk ulang ulang setan banget yaaa bangkrut loo anjir ga jiji bikin males,1
bagus jaringan luas menambah relasi,5
him t byi k,4
captcha not work i hate this,1
mmbantu,5
bergerak cepat perobahan keadilan ekonomi lokal desa indonesia,5
mantap berbagi,5
ga login verifikasi,1
goods performance,5
berfungsi gagal masuk hp mulus sinyal bagus,1
udh masukin email sm sandi ga masuk,1
good and usefull,5
sihhh nii aplikasi susah banget mauu logiiinnn,1
captcha lu susah banget woiiii,1
masuk aplikasi ajja pake ktp ngeri data pribadi diupload sembarangan pemerintahan perbankan,1
semoga manfaat positif terimakasih,5
muhamat mursid,5
ribet daritadi verifikasi data,1
akun tangguhkanudah nyoba log in berkali kali tetep ga bisaudah verifikasi identitas tetep ga bisamohon bantu dongsemuanya terhambat terganggu tanggung jawabtolong perbaiki,1
berguna praktis,5
kesalahan login kode verifikasi muncul securitynya ga,1
nh nomor film ihjhmd dgicukiriiiiiim dikirim,3
very nice,5
mohon linkedin terhubung wa instagram facebook indeed jobstreet layanan akun kerja ga daftar lgi,1
linkedin bermasalah menampilkan postingan relevan menu search update nov mohon diperbaiki,1
yeyen narmadaktv,5
aplikasi terbaik terpercaya terima kasih owner menegerian aplikasi membantu memecahkan kehidupan lowongan perantauan,5
akun dibatasi gk slalu gk login,1
riweh,1
aplikasi ga nomor telpon ga dipake aplikasi,1
ya ampun gw apply lowonganhari gk manggil manggil linkedin sm glint aneh banget,1
buruk verivikasi butuh guoblok hny teka teki dipermainkan buang gpa,1
linkedin lgi bermasalah gimana si udh isi security check ga respon kode no captcha udh isi anehh herannn tolong perbaiki,1
tolong selamatkan akun dr penipu yg mencoba masuk membajak akun,1
very very good i love it so much,4
leluasa,1
dasbor lag ngeblank,4
aplikasi taiiii masuk aja ga masuk log in nya susahdi suruh pecahkan teka teki suruh liat gambar ngadep nya salah mulutaiiiii doang,1
amaging,5
daftar masuk gak biso kode kirim sms daftar nomer aja belom aneh bgt apk,1
utamakan praktek,1
not good,1
,3
alhamdulilah bermanfaat bijak,5
good app to find a job,5
mantappp,5
adidas,5
log in btangkut verifikasi ulang pake beda device ga ios ga android aja nyangkut verifikasi,1
semoga cocok,5
kirim kode keamanan ga dikirimgimana disend berulangulang ga dikirim kode keamanannya payah dah,1
aplikasi toooolol babi bikin akun aja susah banget,1
wahh apk wortit karen sosmed khusus dunia kerja kegiatn lomba organisasi bangun relationship memperluas jaringan orang berprestasi,5
ahterserah masuk nggak stupid lhoooo,5
login captcha berulangulang selesai,1
log in berkali kali berjam jam disuruh verifikasi suruh sampek berjam coba ganti dihari log in,1
payah nih masuk linkedin mentok a quick security check hadeh,1
juan s,5
kurangin bintang nambah koneksi bot hadeh hadeh,3
work be kerja or kerjo seksek resekresek,5
iyahh,5
iklannya,1
i want to sign in with my account on samsung tab s but i didnt know the app keep ask for captha continously in other side i be enter correct captha confirm by app i use andriod one ui may you fix my bug as soon as possible i also have screenshoot of the problem if you want it too,2
mantaps,5
login hp android verifikasi loop,1
aplikasi taiiiiii masuk aja dibikin susah data bener disalahkan dasar aplikasi bangke,1
gak login verif captcha,1
error,1
domino island mamtap,3
syahnan nissa,5
moko,5
relasi temukan,5
beribu ribu informasi loker yg akurat profesional,5
aplikasi bokepsek,5
buruk gak,1
apk ga iya ulang an verifikasi data,1
aplikasi bosoklogin ga kebukajgn donlod nyesel bnet bosok,1
udah selesai verifikasi udah terbukti manusia ngulaaaang,1
one of the best plattform i know,5
kacau kirim personalisasi undangan terbatas kali mengirim personalisasi undangan berlangganan kirim kali,2
error feriv gambar buka linkedin enak pakai website,1
gk verifikasi padalan udah bnerudh behari gak login,1
susahnya lpgin bikin bete,1
o,5
gak login captcha udah bener mohon perbaiki udah yg ngasih bintang,1
buruk login gabisa pdhl data aktif suruh verifikasi,1
hello linkedin i find several bug in the linkedin application the main one be the bug of not be able to save change when change the name and profile information,5
security check ny brp sih bnyk banget blm dftr aja udh,1
stupid apk always stick on verification,1
bagus pencari kerja lanjutkan,5
sumpah login doang susah banget perakara milih hewan yg madep anjir,1
bagus bermanfaat,5
bagus referensi,5
verifikasi via aplikasi,1
,2
z c ze x vz,4
gajelas maau login aja gabisa,1
k,5
aplikasi linkedin membantu kandidat team,5
otp kucluk,1
proses verifikasi kek kontol niat ngebantu nyusahin,1
kebangetan ribeud,1
nice app to find job,5
pakai upload ktp log in jamin data bocor,1
captcha invalid verifikasi security check succes login,1
memilih gambar verifikasi manusia berulang kali salahburuk,1
verifikasi kemanannya ga ribet,1
mohon info yg berguna post tks,5
salam satumerta terpujilah,5
diperusahaan tambak udang operator exavator berkrja operator exavator perkebunan sawit prtnah operator exavator pertambangan,5
membantu mencari lowongan pekerjaanmudah digunakanpertahankan,5
bagusmembantu mencari kerja,5
bagus pencari kerja,5
aplikasinya lemot,1
manah nya linkedln tuh aplikasi pencari kerja gua udah melamar linkedln terima terima,1
linkedin kacau banget scammer india buka lowongan kerja gue ketik kolom pencarian postingan lowongan video editor indonesia orang india buka lowongan kerja risih woy tolong perbaiki algoritma kolom pencarian nya trutama postingan pas ketik negara manapun sesuai domisili negara orang tinggal ngasal gini tinggal indonesia loker india,1
bqik,5
ooow ooooo orang koooo ooooo ooo warga negara oon ya qm tuh ooo o ooo o ooooo ooo rumah ooo oleho,4
volunteer as a reporter in media house of lafaek news and as a teacher,5
makasi,5
ok,5
tengk you,1
cv penggilingan bakso jawa timur sp batu aji batam,5
aplikasi yg,5
akurat smart mobile,5
propinsi jawabarat kabupaten sukabumikecamatan cibitung,5
mahasiswa ospek tugas memenuhi koneksi akun mahasiswa aktivitas terdeteksi spam menyebabkan akun suspend mengikuti arahan merecover akun verifikasi dll detik akun suspend kali akun akun tersuspend tnpa,1
terima kasihsangat membantu semoga langgeng informasi bagus,5
bàguss,5
very good to support our business net work,5
good app,5
membantu,5
aplikasi in linkedln facebook duniadunia,5
akses aplikasi handphone,1
aplikasi membantu orang mencari kerja,5
its ok,5
aplikasi yg bagus bermanfaat,5
susah bener login berkalikali login hp hilangmalah nyuruh verifikasi linkedin verifikasi hp udah hilang,1
gudd,5
loker palsu,5
captcha valid memilih,1
susah banget loginnya,1
aplikasi lucu bilang gratis uji coba eh giliran nyoba transfer bohoong gak gratis uji coba ya bilang aja,3
buka aplikasi linkedin langsung buka aplikasi nya kesel banget,1
masuk nama,5
update,5
bagus membantu,5
good very mach dorfrt,5
apps yg berguna cari temen nqmbah channel peluang kerjanya jg bagus krn ga otng tau,5
ok good,5
gak mantep,1
loginnya gmna bikin emosi loh,2
apk membantu dlm mencari peluang kerja,5
gak gunaasuu,1
social media yg bagus mencari kerja,5
tolong diperbaiki upload foto banner lari foto profile login,1
linkedin berfungsi login akun gak ubah pasword gak bikin gak bilangnya kode kirim sms email gak masuk udh bangkrut,1
mecari informasi,5
wa irwan tdk muncul tlg bantu bos,4
,4
tunang,4
membantu smua,5
terinspirasi perkerja,5
info slalu update,5
tes verifikasi udah kek tes cpns,1
load nya parah hadeh,1
yah,2
tolong perbaiki kadang cape update data doang berkali kali coba tetep gak perubahan gt gt aja,1
connect effectively,5
good apps nanya memasukkan sertifikasiwebinar utk update profile baiknya data sertifikasi trim,4
akun retas,1
i hope i get my dream job allahumma aamiin,5
yah bikin postingan cuman ngirim gambar ga lebihdan cuman berlaku versi mobile nya gagal mengirim postingan yg gambar,4
buka langsung kluar g pakai,1
susah banget login applikasi buruk banget,1
yg lhhu,4
apk gak masuk aja disuruh verifikasi ribet robot pakai hp manusia sungguhan,1
pogk lupa tunggakany kisanak ss kucing crmdi mustari ria yono frendy bowo agus dony udin hafis hyrihatoo kucing crmdi mustari ria yono frendy bowo agus dony udin hafis yg udh silahkan ceklist yg belom lngsung bkin,4
capctha nya tolong mausiawi,1
fast,5
so bad masuk verivikasi nya pake gambar gp yg udah bener tp dicap salah mulu capek kepala pusing liat nya tetep salah mulu habis gitu nambah salah hadeh membuang,1
bismilah exporter baja berat,4
ipok k pp,5
pilih gambar yg menghadap sdh sesuai contoh kosong ngulang capek,1
syair hk malamini,5
gabisa nambah email ga login via web aplikasi aneh,1
aplikasi konyol ga ngapain akun ditangguhkan verifikasi identitas,1
sangt membantu pencari kerja terimakasih,5
alamat email bug fix,1
good good,5
verifikasi masuk verifikasi udah,1
widen my horizon to see the world,5
membantudan bagus,5
mine banget akun barusan kena hack udah coba backup password tetep kalah hackernya rentang banget linkedin kena hacker,1
apliasayasi,5
profesional bidang pekerjaan pdkb tegangan kv kv berpengalaman bidang pawer sistem scada perusahaan chevron cpi phr,5
suka,5
login payah login,1
foto kembalikan,5
aplikasinya bikin ribet udah manusia robot tolol,1
hati akun mudah hack menautkan email yg menyetujuinya akun email diakses berganti akun email yg data linkedin,1
aplikasi bermanfaat menjalin hubungan proffesional bagus,5
membantu mencari lowongan kerja,5
jos gandos,5
cool application,5
assistance chief engineer,5
wow the emais nais girl and bacon the brookhaven bacon kesut like girl bacon like manggo,2
sekedar info installsebaiknya login pakai link pakaisaya coba login pakai google account capek terusan isi captcha mengisi,4
band terusgak tau salah nya band trsudah ganti no tlpganti alamat email band terussangat mengecewakan,1
kali masuk verifikasi nya hasilnya akun bermasalah berinteraksi,1
melaporkan siang akun diretas oknum bertanggungjawab akun diretas wanita negeri pelaku menghapus data terlampir menggantinya data akun kemanannya terjamin mohon bantuannya terimakasih,4
tolong perbaiki verifikasi captcha nya koneksi bagus peringatan valid,1
perfection,5
,5
on progress,5
saldo dana terdebit transaksi yg lakukan juta tolong bantu proses refund dananya,1
e,5
akun dimasukin orang asing mengganti gmail terkait gmail menghapus gmail akun berpindah tangan mudahnya akun akses dibatasi sehari akun melanggar apapun dipersulit mengakses akun orang asing mudahnya mengambil alih akun platform sekelas linkedin ya kapok wes thx,1
berpengalaman mengawasi project manager proyek hight rise build,5
aplikasi membantu salah terbaik mencari pekerjaan,5
membantù,5
aplikasi tdk sesuai,1
top bngt,5
pencerahan nya,5
,1
bermanfaat karir koneksi dunia profesional,5
aplikasi berguna kelemahannya duel messenger,3
kereeen berguna,5
bermanfaat meningkatkan portofolio profesional,5
bagos,5
berhubung lupa niatnya cek akun update data dll menit an nyoba login servernya lemot banget proses quick check verifikasinya bener blm selesai verifikasi koneksi server keputus pdhl sinyal udh kenceng aplikasi ga ngurusin akun linkedin bener makan berkalikali nyoba keputus servernya lemotnya masyaallah saran kedepannya tlg diperbaiki aps nya bikin ga nyaman pengguna,1
ga buka aplikasi logout otomatis mencoba login akun dibatasi,1
aplikasi kaya berguna berjejaring berinteraksi profesional industri dunia,5
the best,3
bingung it wifi maunya anak muda orang tua yg anak yg udah bayar,5
kalaw bagus kasih,1
n nb v xm l nn k ⅔ ino b m,3
dicoba smga cocok,5
aplikasi bagus pencari kerja memiliki pekerjaan menaruh rekam jejak aplikasi mempermudah penyedia pekerjaan merekrut calon karyawan sesuai kriteria perusahaan,5
barang kali membantu mencari kerjamencukupi kbutuhan rmh tangga,5
semoga berkah,5
pencarian lowongan pekerjaan yg memudahkan seseai kualifikasi pendidikan keahlian terimakasih linkedln,4
harga premium mahal jobseeker susah mencari pekerjaan harap harga premium tolong dipertimbangkan jobseeker menengah kebawah berat berlangganan,1
oke mantap,5
lamaran sdh kali dm tuh sdh akun profesional,3
bagus membantu,4
lumayan lancar,4
parah mengecewakan verifikasi gambar kali coba gagal trus uda sesuai dasar verifikasi ampas thuolol gaguna mempersulit,1
sukses,5
nggak akses email nggak login,1
,5
gk dibuka,2
aplikasi membantu freshgrad mencari informasi lowongan kerja terkoneksi langsung hr membantu tip lolos job recruitment,5
kemarin lancarlancar aja besok nya suruh login metode rumit banget,1
udh z,4
oos,2
jaringan link good,5
karir n share job utk profil perusahaan,5
loop login tlg perbaiki,1
susah download ajg,1
bikin akun aja unauthorized mulu hadeuh,1
aplikasi membantu,5
mempermudah penganggur,5
ngebug,1
ok trima kasih mudahmudahan berhasil,5
good oewsome apps,5
ok pisan,5
asen skw,5
load aja susah lalap ilih gmbr,1
susah inbox,1
hapusen ae apk ne,1
sulit masuk,1
gak ngerti aplikasi login aja sulit,1
,5
mantap,5
parah ni aplikasi susah bgt verifikasi ngulang udah bener kedepan ditingkatin lgi dipermudah proses login nya tolong,1
perusahaan sandvik mine contraction indonesia warehouse man,5
bagus,4
aplikasinya bagus nyari kerja pokoknya the best linkedin,5
berguna mencari kerja mudah semoga kedepannya berguna,5
good job,5
tolong linkedin akun hackdi bajak login,4
interfacenya bagus sederhana mudah dimengerti cuman fitur tambahannya membingungkan disederhanakan job post fake scam gitu,5
bgus,3
maju,5
aplikasi jelek mohon orang indonesia mendownload nya akun batasi permanen linkendin gabisa masuk bener akun,1
kug,5
pembuatan akun aja persulit,1
buka linkedin edit profiltiba hp freeze nghang lumayan lamachat wa hilang reset,1
ternantu,5
aplikasi ga,1
ngelag gbsa dibuka,1
cari kerjanya bingung,1
memudahkan banget nyari job good,5
perna mandor asisten agronomi pt sinarmas,4
good app many helpfull,5
kereeeen,5
membantu lowongan pekerjaan sukses aplikasi,5
maaf mohon perbaiki lagimau login aja susah duh,1
aplikasi terpercaya sosmed loker facebook,5
hi linkedin first i be sooo disapointed with ur apps i have create linkedin and u delete my account without my acknowlede now i create again u ask my id i send and still cant open my new account luckily i havent pay premium i prefer use jobstreet or jobsdb then this apps so anoying u just look for a penny,1
berta terbaik,5
bingung pengoperasiannyaterbiasa app kitalulus jobstreet lulusan sma susah ya nyari loker pt,5
nilai e berbeda website,1
udah akunnya edit bintang yaa terimakasih,5
data curi hatihati,1
ok for linkedin,5
login pake google aja ga no respon v,1
verifikasi nya sms kode tlpn gak masuk nomer dll,1
login aja susah,1
cepat responya,5
berpengalaman berprestasi bidangnya managemen sales hukum,3
informasi yg berguna calon pelamar pekerjaan,5
menemukan orang dikenal,5
keseringan verifikasi,1
worker need this,5
kokkjk kjkkkkkkkk mkkk kkkkmkkkkkkkkkk kmmkkkkkk,5
bad loginregist susah banget verifikasi captcha verifikasi berhasil tibatiba disuruh verifikasi berulang jelazzzz,1
bersyukur sebat berharap sumber alat mencapai tujuan diatas namanya tercantum lampiran,5
ni,5
mantul,3
excellent,5
gak sengaja kepencet reject ribet gabisa ngirim,2
cekep akurat,5
belajar,2
best sosmed for professional,5
bad experience,1
aplikasi crash postingan relevan amburadul,1
tolong diperbaiki sistemnya buka linkedin login verifikasi akun upload ktp udah berkali kali gabisa login,1
applikasi berfaedah karna gak panggilan kerja hahahaa,1
verifikasi nya mohon diperbaiki,1
akun gw ilang woyyyyyyyyy,2
oke kawan,5
dibatasi pelanggaran akun g ngerti terima kasih linkedin terhambat,1
linkedln,5
lemot,5
rusak tampilan login,1
kasih bintang,5
verifikasinya susah gambar hewannya posisinya abstract mend login pakai website pakai apk,1
gajelas verif kode gak kirim kirim,1
budi,5
jualan,5
daftar bikin akun aja persulit udah bener klik gambar salahin pas pilihan,1
tmi h,3
linkendln membantu informasi info pekerjaan,5
unk semoga membantu orang pekerjaan pengangguran indonesia menurun semangat,5
good yes,5
bagus mantap bisnis,5
very recomended,5
aplikasi sampahdaftar akun aja susah verifikasi error disuruh pilih gambar arah keatas salah berulang kali salah ku coba salah kucuriga emang kesengajaanku test bener sampe ditahap salah kesimpulan nya verifikasi nya rada gila dijawan bener ttp salah salah,2
suiip,5
wonderfull,5
sajarumit,3
akun email kenal login notifikasi digit email verifikasi mengulang data dicuri tolong diperbaiki,1
aman akun diakses dihack orang,1
stupid security check pilih hewan menghadap pilihan menghadap mengulang x dianggap salah,1
aplikasi kocak daftar suruh verifikasi objek ngadep sampe bener pas salah gitu aja ngulang ngulang mend lu tutup aja aplikasi sampah ga orang nyari kerja permudah persulit tolol,1
ngebantu banget pokonya,5
terimakasih linkedin memudahkan pengguna mencari informasi sukses,5
cari infomasi lowongan kerja mudah,5
god apk,5
chapcha nya susah mencoba berulang kali gagal,1
industri wajib diisi terisi aja nanya lu gblok,1
manager bank bumn,5
verifikasi nya aneh,2
muter verifikasi masuk kaga,1
kasih bintang klo jaga keamanan akun akun pemilik peretasan takut nya,4
resume rasto,5
apk berfungsi,5
surga professional pencari kerja,5
ribet bgt login doang,1
menerima pesan teks kode verifikasi mencoba mendaftar ulang muncul halaman let do a quick security cek,1
bertemu orangorang,5
aplikasi membantu,5
membantu mudah,5
crash melulu buka uda lg dg,1
akun hack orang memgembalikan akun email customer service berguna perbaiki sistem keamanan,1
aplikasi bikin marah login gabisa masukin kode captha berulang ulang bener ttep ga masuk kntl gblk,1
mantap,5
whats wrong with latest update version v jan all page show error,5
k,1
verifikasi nya ga selesai ya min,1
bagus permainannya,5
i cant log in use the google account that i log in previously,1
v xd bhs bhs badannya mengiyakan har yrzy,3
alhamdulillāh salah platform yg bnyk manfaat utk memperluas relasi jaringan pekerjaan,5
,3
iiiil mama m,3
aplikasi membantu berinteraksi calon atasan membantu mendaptkan pekerjaan,5
ga login ga aplikasi aneh tll,1
aplikasi membantu mencari pekerjaan,5
keren teman,5
aneh nih aplikasi eror pas dibuka,2
obrolan,5
gak butukan,1
log in susah verifikasi berulangulang,1
akun tibatiba dibatasi login verifikasi seminggu akun setelahnya masuk linkedin akun tibatiba dibatasi paham memposting apaapa komentar anehaneh buka linkedin mencari lowongan pekerjaan,1
tolong ajg vertivikasi ngentod tu dihilangkan ngapa nyusahin ajg,3
good,5
enjoy millions of finance chatgpt analysis and ms excel skills development in linkedin thank linkedin,5
mengenal linkedin media pencarian kerja global berjalannya bergerak media professional tergabung pare profesinonal lokal global membagikan ilmu pengalaman materi dll terbiasa professional ajarkan thank linkedin guru professional,5
gambar verifikasinya susah,1
mantaf,5
masuk aja susah kaya akun bank aja terpaksa uninstall,1
akun pakai update akunnya yg hilang diretas akun solusinya akun yg,1
membantu sichtapi lemburan jarang hitungan disnaker kecilkecil,5
enjineer,5
memudahkan,5
bermanfaat menjalin hubungan pengetahuan ahli,5
lokernya gada,1
perkembangan customer bergabung kpd jenama expert directors overseas university graduate ie curtin university singapore northumbria university uk mba jam cook university australia,5
ga log insuruh ngisi teka teki mulu,1
menyelenggarakan kegiatan train soft hard skill train persiapan pensiun bimbingan teknis event pemerintahan team build event mice meet incentive conference and exhibition in house train silahkan hubungi terima kasih,5
hak kuat kewajiban berat,5
very helpfully,5
informasi aplikasi linkedin sukses berkembang,5
heavy equipment diesel generator gas engine,5
aplikasinya berat,1
aplikasi kaga,1
terimakasih membantu,5
aplikasi buruk,1
i yuu,1
aplikasinya bagus respons pengguna bermanfaat,4
hiim io psychologist,5
terjemahan al quran berbahasa melayu ambon salah karya mahadahsyat yg ol team dibantu ol stakeholder tujuanx ad utk mensosialisasikan kandungan isi landasan hukum islam tsb umat islam masyarakat bumi negeri raja raja semoga hasil karya anak bangsa tsb dr maluku inspirator amin wallahu alam,5
bangsat,1
ekadide,5
aplikasi bagus cari pekerjaan yg inginkantapi sekrang maih pekerjaan,5
terimakasih platform linkedin membantu memperoleh work experience knowledge and relation,5
aplikasi bloking akun sembarangan,1
linkedin ngk buka ya suda masuk sesuai sandi suda pilih gambar suda upload ktp tdk buka aplikasi percaya ko kecewa ya,1
mantap markotop,5
applikasi bagus pencari kerja dn,5
bagus perusahaan,5
menjelajah bisnis linkedin meningkatkan pengalaman kerja finansial,5
aplikasi error kayak website nya menjijikkan,1
akun diretas diganti emailnya orang rusia peringatan emailnya telat ga buka website yg login linkedin website yg rentan gatau dimana celahnya berhasil hapus akun ga dipake anehaneh data dicuri peretasnya serawan keamanan linkedin bikin akun kode digitnya ga dikirimkirim email gimana verifikasi gini ayolah,1
excelent,5
verifikasi nya berulang ga masuk cape banget registrasi,2
so hard sulit,1
good for communication to comunitas,5
siiip,4
aplikasinya nyampah beli hp tp bgtu mo login susah bngd pdhl udh ngisi captcha benargk niat banget bkin aplikasi,1
always update,5
login ampun dahhhh,1
no coment,2
im new here,5
pas login disuruh verifikasi chaptca verifikasinya udh bener disuruh verifikasi sampe kali verif aja trus ampe kiamat,1
ya allah pertemukanlah dgn say zulfikar assegaf,3
berharap aplikasi fleksibel pencarian lowongan pekerjaan keyword relevan relevansi hasil pencarian sesuai skill dikuasai berharap fitur filter lowongan pekerjaan mengharuskan menguasai bahasa inggris,2
login terhack,1
yupi,5
nya,3
bagus membantu,5
aplikasi bangke instal gak login kirim verifikasi gak nongol nongol nomor verifikasinya,1
login aja susah bener,1
bagus sih aplikasinya mempermudah mencari pekerjaan nama sekolah nggak dicari berkalikali nggak nambahin pendidikan susah bingung gimana tolong ya diperbaiki,4
ruwet,1
ga ga logij mulu,1
jelk,1
normal,5
aplikasi aplikasi bermanfaat orang mencari pekerjaan aplikasi membantu real maksud menyalurkan tahap bekerjanya aplikasi informasi pekerjaan diseluruh duniatapi coba menggunakannya,5
i love it so much you be the best linkedin thank you,5
trimaksih tlh bergabung dg grup ayah guru syaiful karim,5
tingkat aplikasinya,1
loker bodong berkedok ruko sinikenapa ya emng ga filter informasi loker share,1
bagus,5
mohon maaf log in yaselalu pas tes maanusia manusiaagak susah akunnya,1
aplikasi nya bagus banget,5
login login mengisi verifikasi membuktikan benarbenar manusia muncul respons kode nocaptcha valid diisi proses berulang selesaiselesai,2
update menyimpan foto hadeuhhh,1
login aja persulit asuu,1
log in email nomor ponsel kofe verification oernah terima buruk coba puluhan kali pakai browers aplikasi buruk,1
asplikasinya mudah membantu mencari pekerjaan jalian yg cepat pekerjaan coba deh nih nya info loker yg sesuai kriterian skil,5
membantu utk memperluas jaringan tks,5
sudh brapa x menemukan loker penipuan ujung nya dimintain uang jt sampe turun rb kasian klo yv bener butuh dibela in minjm mengharapkan pekerjaan,2
ya login verifikasi verifikasi berulang ulang,3
captcha error berkalikali minimal diberesin min update kesini update apk error nyesel gw update linkedin versi terbaru,1
udah refresh updt sampe nginsal aja gabisa post kecewa niat post linkedin susah payah ngeditnya biar kebaca infonya temen,3
jeleksemua serba dibatasisangat mengecewakantks,1
aplikasi kirim kode bener ya daftar gimana,1
i sukses pastor,5
nya akun diretas gk aman nih linkedin,1
log in terverifikasi manusia tulisan error no captha diisi mengambang prosesnya berulang verifikasi selesai selesai,1
terbaik,5
mantap,5
apknya error min coba diperbaiki udah puluhan kali captha bener gk masuk,1
wort it ga berguna ga panggilan kerja aplikasi mencari kebutuhan,1
menunggu login,3
ruwet aplikasi,1
ga suruh verifikasi mulu dah bener veeifikasinya tulisan nya eror mulu,1
sip oke,4
test,4
susah login gambar capcha diisi masuk,1
membantu info lowongan pekerjaan,5
payaah,1
google play,3
mantab men,5
lemes bro dana kepotong lupa cancel cs nya gercep banget sosmed profesional terbaik kujumpai,5
astaga susah login ni captcha security nya ribet susah gk,1
google appstore top download linkdin by google appstore cepat nyaman iklan,5
login security check nya error,1
bill,1
aplikasi membantu mencari pekerjaan jarak jau mengartur performance bio data rahmat hidayat,5
deskripsi,4
jelek ga masuk,1
nggak login pdhl akun,1
koneksitas mudah eksklusifgood aplikasi,5
,5
daftar masuk eror gimana,1
ga log in bulak tes,1
verifikasi ga disuruh ulang,1
stick on security check when iam go to login,1
pelanggaran aplikasi trus pemulihan akun,3
membantu selali,5
akun linkedin nggak jd tolok ukur profesional bidangnya opsi utama unt cari kerja yg ideal dibilang nggak akun linkedin,2
apknya kocak gak log in,1
ribet bgt daftarnya,1
aplikasi menarik verifikasi akun gagal sinyal wifi bagus mohon diperbaiki sistemnya,3
lowongan standar kebohongan lowongan pekerjaan merekrut pencari kerja,1
login ulang verivikasi berulang ulang mengganggu buruk masuk akun,1
daftarnya susah tinggal kirim kode sms nungguin ga kirim kodenya yauda uninstal aja,1
linkedin sistemnya bobrok akun ga tibatiba dibatasi g login tolonglah diperbaiki platform profesional kaya gini sistemnya rugi user,1
aplikasi brengsek,1
akun diretas udah kali kena bobol tolong keamananya ditingkatkan ko bisanya sekelas google authenticator masi kena bobol,1
gila aplikasi yg susah daftar heran web susah verifikasi kode gak masuk masuk maintain aplikasi gak sih,1
aplisi penipu,1
akun dibanned verifikasi ktp kejelasan,1
akun hack udah udah verif langkah batasin gabisa akses smpe kirim data pribadi gadi beresin akun gua,1
mantab linkedin,5
gak ngebantu banget login nya susah kalo pakd hp tolong perbaiki,1
trus minimal depo brpa yatrus minimal depo brpa yatrus minimal depo brpa yaini brg yg masung lips dolby mix d lips dolby dggggugg lips dolby mix d lips dolby d lips dolby cf mix d lips lindor cf mix d lips skiva mix d lips skiva d eyeliner mydarling d mascara mydarling d lips lindor brilliant mix d lips dolby mix d lips dolby mix d compack skiva d,5
membangun bianis,5
apk membantu generasi muda pekerjaan,5
nunggu otp sampe mati gak muncul,1
aplikasi liat profil aja susah ga menunya abs update,1
force close coba masuk,1
pas login kode captcha engga aneh banget nya,1
uuuu ga j,1
verifikasi,1
ana n jj qjw io j o o k k kjk j j kcda dodo duduk google google tutup tutup google google,4
llklo t ww b i,2
hack pemberitahuan udah verifikasi id gaada kelanjutan,1
application error i have repeatedly change the profile but no effect whatsoever,1
aplikask aneh kode verifikasi aja gak masuk masuk kocak,1
info wlau bm harapkan,5
akun terkena hack cekal linkedin koneksi luas miris ajukan band menyerahkan ktp minggu kerja kepastian linkedin,1
lowker tersedia,5
berkali coba log in verifikasi tolong diperbaiki,1
i cant login with my google default option nor with my second account yet i think the application have crack before publish to production please contact your developer and qa hope do from the bug soon,1
sosmed diperuntukkan profesional dunia kerja,4
bergabung,2
kaga logintumben bgt lancar kalo hack ga notif nya,1
info loker lulusan sma memandang fisik dipandang kinerjanya pengalaman kerja kelompok,1
minus star i have have a job before so i uninstalled this app now im jobless so i install again but the verification code captcha be amaze i fill it time and never pass verification this app be break you developer of this app you give me though time dude just tell you cant use this app,1
kelompok kerja semprotancak,5
insha allah membantu,5
force close,1
semenjak ganti login capta salah mulu kesel gw,1
aplikasi yg berguna,5
masuk suruh ngirimktp nunggu banget g masuknya kah,1
weeks ago my account be hack i create a new account again because there be no progress and its use double protection now its restrict and cant be open,1
aja jalur menang,5
maaf linkedin kalo tambahkan lampiran nggak bug linkedin mohon perbaiki terimakasih,2
aplikasi terbaik urusan karir profesionalisme sungguh,5
jarang,1
tolong batu aplikasi boss susah bangat masuk nya mengolokolok aja,5
banayak manfaat,5
aplikasinya mantap cuman sy kebingungan teka tekinya uda berkali kali sy coba salah,5
maaf akun dibatasi mengupload ktp sesuai kepastian diproses jujur enggan berganti akun mendaftar email utama jalan mengenakkan berlaku linkedin dibicarakan kali memakai aplikasi mohon kompromi jalan nya terima kasih,1
ngga verifikasi captcha login error mulu,1
no bad,4
gabung,4
the best application me,5
gabung,5
akun gue connection nya udah udah lengkap profil gw hapus gajelas pake web lancar aja payahhhhhhhhhhhhhh,1
status lamaran doang ga proses lanjutan,1
tolong apapun alasannya keamanan akun terkait login akun linkedin perbaiki iya berkali kali mengikuti instruksi keamanan akun responnya respon kode no captcha valid isi dah berkalikali hapus data hapus aplikasi ulang ga kemajuan cuman login aneh login website amanaman aja langsung masuk berkali kali seenggaknya masuk ga masuk tolong la perbaiki,1
so great reality and activity on what wonderful world,5
aplikasi bermanfaat app mobile legends bang bang,5
uninstall aja kode captcha gak bermutu cari aplikasi aja,1
you be good,5
membantu kepentingam,5
pilih email default daftar terisi email default hasilnya lamaran cocok email berbeda cv profesional mohon dibenahi bug krusial pelamar,1
padu utomo,5
verifikasi kirim berkali kali gmail kelik linkedin verifikasi gmail aneh,1
knp sih security checknya astaga ngeprank gmn,2
i like this apps,5
wwwwmenarik,5
mudah mencari pekerjaan,5
susah login,1
tingkatkan performa cepat makasih info kerja nya kak,5
sy kasih bintang yamau coba liat liat,3
bermanfaat bug nya aplikasi bikin akun gabisa masuk disuruh main tebakan,1
aplikasi gajelas,1
verifikasi log in rumit banget main teka teki gimana si cari solusi youtube wow banget orang senasib ga solusi,1
aplikasi yg bagus memperluas network,5
gak verifikasi ktp udah kirim foto ktp x tetep ajah gak masuk niatnya ngehindarin hack nyusahin,1
gimana tanggal pengalaman gabisa dipilih klik gabisamasa tanggal mulainya aja,1
main sumenep madura toko anak main bal smp,5
bener bener istighfar aplikasi nya,1
muncul notif kode nocaptcha valid udah berulang kali verifikasi alhasil gabisa login aplikasi payah,1
merekomendasikan pekerjaan tolong yg fresh gitu loh pekerjaan yg udah berbulanbulan yg aja notif via email maksimal yg yg bbrpa iklan loker yg udah terpasang gitu loh merekomendasikan,2
utk bisnis keaslian akun meragukan msh byk scammer berkeliaran linkedin kedepan tingkatkan deteksi keaslian profil akun linkedin krn msh byk fake akun,4
ketipu garagara aplikasi,1
berkali akun ban tdk tau login akun menyenangkan twrus berganti akun akun gmail tolong perbaiki tingkat keamanan prikritaskan kenyamanan pengguna,1
teman jaringan mempromosikan paket tour daya tarik wisata daerah,5
krey bambu bekasi google map n,5
gaptcha nya gabisa ya masuk ae susah,2
sangan informasi loker,5
teka tekinya susah bambank akun aja dipersulit,1
tolong tingkatkan aplikasinya kemudahan pengguna biar pengguna lancar login aplikasi mudah menggunakannya,1
tolong kena hack jarang banget login ga mencet link gimana nih data takut disalah contact us kebanyakan tulisan doang,1
keamanan aplikasi buruk kali akun dihack pemberitahuan ribet berkali kali disuruh main teka teki lowongan rekruter membuka peluang kerja aplikasi nya ga bermutu gini,1
aplikasi,5
,5
update,4
terima kasih,5
senang menggunakannya peluang karir,5
bad security i cant activate double security and now my account have be hack by someone else i try to report and verify my account use my personal identity on linkedin but there be no solution at all,1
e df,1
mantap bos josss gandoooss,5
mencari kerja linkedin sulit akun premium impact tawaran pekerjaan apply perusahan respon harap diperbaiki tks,1
kode captcha nya bikin ribet,1
lumayan mudah melihatmu,3
susah log in,1
pengembang apk akun upload cv resume apk tertimpah akun web mohon penjelasannya akses akun apk bergabung linkend browser web menyelesaikannya,3
good,5
iwayankarmawan,5
aplikasi ga tibatiba main suspend verifikasi balasan buka akunnya,1
syukurlah upgradenya cepat coba buka dgn app ribetnya iķlannya sejubel bukafinaly linkedin have upgrade very nice goodluck thank linkedin,5
akun aksesketika verifikasi,1
bukanya susah,2
asyuu verifikasi bgt yg udah,3
aplikasi bagus membantu,4
cocok,5
gak login anjir kalo login disuruh nebak trs giliran selesai suruh ngulang trs,1
gak login keterangan captha invalid dah masukin,1
please make a collection feature to save post i think its very useful thank you,4
habis update login,3
masuk stak tekateki bener,1
thank you i can use this link for connect with other people and friends,5
akun terkena pembatasan menerus x akun kirim verifikasi,1
login akun bisnis,2
akun dibatasi dimimta login kacau nih,1
teka teki asem susah banget loginnya,1
apk gajelas akun gabisa akses butuh verifikasi ga selesai sampe,1
both very bad app and web,1
login captcha berulang mengisinya,1
good,2
jelek bet udh berkali kali bikin akun g bs masuk mulu,1
gak,1
login aja susah,1
woi knp akun gw dibatasi pdhl ga ngapa ngaapin,1
,5
akun dihack akun dibatasi linkedin kena serangan cyber,1
this application be really helpful thank you,5
parah akun diblokir penjelasan ikuti sesuai arahan parah asli sdh seminggu dibukasaya lapor komplain,1
busuk kaga log in verifikasi make kodok ama keledai mulu udah ngisi yg bener verifikasi berulang bener ajalah developernya,1
penglaman,5
gak verifikasi security check,1
so bad,1
berulang kali akun tersuspend aplikasi tugas kuliah merugikan tolong diperbaiki sistemnya,1
kasusnya tibatiba pembatasan akun memverifikasi gagal mengirim pengaduan balasan,1
gimana si ga ngapangapain akun ku kek ban tolong diperbaiki servernya,1
selamat siang mhn supervispr pt nawawindu agung,1
gangerti gmna apk gabisa loginketerangan udah verifikasi tinggal masukin kode pake no telpon ditunggu berkali kali ga masuk kodenyaganti nomor aja heu,1
top,4
aplikasi nutup trs ga dibuka jaringan bagus,2
deh gak login mulu keperluan tugas gimana solusinya secepatnya nihhhh udah akun dibatasin,1
sumpah kesel bgt udah akun kali linkedin log out app gajelas,1
menikmati bahagia terimakasi good job,5
cepat berinteraksi linkedln,5
verifikasi gambar nya susah udah bener aja ngulang,1
akun hilang,1
aplikasi ga dah kali akun gw ilang,1
gampang eror,1
aplikasi gak akun dibatasi gak ngapa ngapain udah gitu verifikasi nya ditolak tanda identitas nya udah,1
good app,4
akun yg dipake linkedin kebanned verifikasi,1
gw beli premium kerja sbgai hrmalah batasi layanan aduan suruu login kantor lu dimana sih,1
captcha nya nge bug ulang salah tegur ya ulang,1
excuse me why do you limit my account even though i didnt commit any of the violations mention such as be over active spamming fake or incomplete identity and so on ive be careful use linkedin ive follow people who i might be able to contact someday whether from company motivators or fellow students at the same university as me what be you go to do with my account why do you suspect me the days have be slow lately do issue like this make life more challenge,1
ok bermanfaat percaya mantaap,5
login verifikasi identitas ktp pas udah verifikasi ga masuk udah dicoba kali tetep ngga masuk,1
tolong perbaiki captcha,1
login ribet,1
linkedin aneh parah verifikasi nya gakjelas lhi udah nyoba berulang ulang yg verifikasi suara bener tulisan terimakasih memverifikasi manusia disuruh verifikasi verifikasi hasilnya diulang gak hasilnyagajelas,1
verifikasi gambar teruus gak masuk merepotkan tolong diperbaiki,1
disuruh verifikasi ga ngapangapain coba bodo banget gini aplikasinya ya kali cmn login aja dapet ga,1
post ditefresh sampe ganti password,1
gak ngotak ngatik apatiba suruh login lagipas dimasukkan password nya dibilang salahpadahal password nya,1
apk ga bermutulogin trs ga kelar,1
bakoel gula cair,5
verifikasi login udah bner tp suruh ngulang trs aplikasi gak gk prnh diurus developernya,1
tolong perbaiki memasukkan code menunggu notifikasi kirim code nomor login,1
soup,2
bug recaptcha gajelas,1
,5
alhamdulillah abah hji,5
akun terkena hack mengembalikannya sedih,1
login aja ribet banget udh dpt kode verifikasi tp ulang trus verifikasi udh gitu akun google dibilang dipakai orng jdnya gak pake akun emai,1
aplikasi ter cari kerja,5
gak login kayanya eror mulu dah copot,1
sagat bermanfaat,5
aplikasi bagus berteman orang orang kantoran mencari lowongan kerja memebutuhkannya,5
parah akun susah banget login kek dicekal udah truss udah susah dpet kerja dipersulit ya allah nyari makan aja dipersulit orang,1
apk aneh udah disuruh gak,1
sulit verifikasi email,1
sih verifikasi tolo,1
ni account berubah profil orang,1
akun aja ribet banget,1
step doang jenjang pressident,5
app gajelas disuruh ngisi captcha ga,1
aplikasi bagus cari pekerjaan mudah menambah relasi wawasan,5
the best experience,5
the l y,2
aplikasi gajelas akun tibatiba ban,1
un instalpusing deh,1
kebanyakan verivikasi akun gajelas,1
aplikasinya mantull,5
khnlů,4
co o zte za,5
kali akun hilang email keubah keamanannya,1
costumer servicenya bener bener buruk gak balas chat perihal akun restrict mohon ditingkatkan,1
alhamdulillah dpt magang dr,5
aplikasi ngak bermutu masuk aplikasi linkedin selalau ferivikasi menerus login aja susahnya ampun dah kacau ni aplikasi,1
wkwk verifikasi terkonyol,1
mencari pekerjaan rebahan,5
via web nya ribet lihat info pt cari,1
verifikasi tp gk masuk masuk heran,1
login ae susah kali verifikasi ngulang udah bener,1
aplikasi error verifikasi,1
good apps recruiter good luck,5
login gak sandi salah klik lupa sandi perintah isi nama gak,1
pas verifikasi gk sih ribet banget skrg login doang pencet asalan bener tp aps gambar salah heran klo bikin verifikasi yg benerlah,1
dipakai anak,5
membantu unt informasi ter update,5
,4
pas login verifikasi nya ribet,1
ga login,1
kaamw,2
aplikasi gak verifikasi lawak lucu asli aplikasi aneh,1
login udah verivikasi berkalikali,2
can not login otp phone be suck,1
senang bagus mencari kerja mudah,5
tolong admin aplikasinya dì benahi berulang kali login kode verifikasi valid sudaj memilih gambar verifikasi susah orang,1
stupid security system i press the right answer it say wrong,3
kantod bitra indonesia,1
kali install alhamdulillah ndak keribetan pas login fitur login akun google praktis selesai device vivo,4
ribet benyak perekrut kode otp berfungsi,2
gk masuk verifikasi gak selesai selesai mohon diperbaiki,1
pekerjaan linkedin,5
stupid apps develop by stupid software engineer,1
g masuk gara capca,1
aplikasi buruk akun google lancar aja pas suruh login loginnya gak nyambungnyambung gue udah login udah upload ktp balikin mulu menu login kalo tugas univ ya gak peduli,1
tolong dibenahi login aja susahnya kayak masuk pns verifikasi nya ribet banget ngulang mulu udah setahun ga beres beres,1
ga nih aplikasi sampah login aja persulit,1
verifikasi gagal terusssss,1
gimana gbisa login,1
verifikasi captcha yg buruk udah nebak yg bener tetep salah,1
masuk pas mengisi kode chapta diisi gak masuk ata tulisan rechaptca diisi aplikasi terburuk yg,1
your location query suck,2
oke nice,5
bagus si cuman memadai giliran uninstal kagak parah nih apk kaya maksa stay dihp gimana ni min mohon ditindak lanjuti trmksh,1
ttyang bbm non kmu,2
captha captha gak,1
kɓì,4
good apl for build global network your network be your net worth,5
bagus,2
terjatu bangun,5
membantu mencari pekerjaan sesuai bidang,5
sumpa login nya susah bgt si chaptanya gajelas,1
cari lowongan kerja make gampang,5
applikasi taiiii login verifikasi gambar salah coba gimana login kayak gini ceritanya,1
terima kasih linkedin aplikasi bermanfaat pencari kerja informasi kerja sesuai ahlian,5
aplikasi membantu banget cari pekerjaan,5
membagongkan kukira link cari kerja permainan menebak gambar hewan jungkir,1
detail mencakup bidangbidang pekerjaan aktivitas ekonomi terkoneksi platform,5
verifikasi gagal,2
security checknya bodoh,1
membantu info loker,5
,5
susah banget login nya tebak gambar gambarnya sndiri ga jelaskaya aplikasinya ga banget awokwok,1
link in oke,5
blm krn coba,5
aapa apaansi gua ngisi dana dana gua kepotong sepengetahuan gua balikiin duit tuh gapernah tau transaksi sepergi menyetujuinya,1
aplikasi make udah ban cuman garagara kebanyakan connect gw pake menuhin tugas,1
i change my device and have delete all account on the old device and now i cant log in again use the new device i think this be the worst verification system,1
akun tibatiba akses udah kali akun kena ban permanen akun login verifikasi,1
login aja dipersulit,1
be the best,5
keren berguna,5
meposting poto vidio linkedln iniapa salah akun tolong tahutolong perbaikin akun linkedln oke update poto vidio kemarinlinkedln mengirim grup tolong periksa linkedln kirim grup mengirim grup tulisan gagal mengirim gitu tulisanyatolong akun linkedln post vidio linkedln suka tulisan post berhasil hapus,1
akun dinonaktifkan kesalahan yg tolong jawabanya,1
aplikasi yg buruk tiada angin tiada hujan gak bs masuk akun kl gak bikin management pelayanan yg mend tutup aja apk,1
susah banget login,1
tebak gambar terooss sampe kiamat aplikasi ngga,1
udah ge ngerti gimana login aplikasi niakun ku udah dibatasi ga login dah up identitas sesuai arahantolong secepatnya pulihkan akun sayasoalnya benerbener perlusementara ku kasi bintang,1
informasi lowongan kerja semoga pekerjaan aamiin,5
linkedin kena hack udah followers kena hack keamanan nya dimana,1
aplikasi rusaakk login verify verif tp,1
,5
nyari kerja susah data kesebar kemana aplikasi bermanfaat merugikan,1
buruk verifikasi gambar masuk mengadaada,1
buruk berkali verifikasi gambar sudh tp dinilai salah,1
verifikasi gagal masuk,1
verifikasi login susah ganti aja yg gampang,1
apk terussss logout login susah ampun apk sampah,1
respon kode nocaptcha valid diisi mengisi,1
proses verifikasi login gagal,1
login menebak captcha verifikasi selesai membuktikan manusia lalutibatida notifikasi respon kode captcha diisi falid capfcha ulang captcha suara,3
akun batasi pemberitahuan apapun email verifikasi mohon bantuannya,2
aplikasi aneh gabisa login verifikasi udah bener tp tetep gabisa login verifikasi,1
login,2
bagus,5
all we need be faith,5
verifikasinya susah susahin gak aja udah susah banget loh,1
verikvikasi gagal terooos,1
akun dibatasi pemberitahuan mencoba login tolong diatasi membutuhkan akun nya aneh aplikasi,2
all unloack service experinces,5
mantapp kali,5
pelecehan seksual,5
linkedin apps utk android miui xiaomi gagal verifikasi captcha dgn image audio,2
verifikasi login udh ngulang pas cari bantuan disuruh login verifikasi developer mohon diperbaiki,1
aplikasi kocak akun gue hack orang vietnam ganti nama upload ktp akses ditolak pemilik asli kocak,1
verifikasi,1
aplikasi bug nya,2
chapta always think im not human i cant even login,1
aplikasi tolol gabisa login stick verifikasi captcha mend playstore hapus apk aplikasi ga bergunasaya pitam gara apk,1
respon captcha nya nyusahin nih gagal masuk akun tolong perbaiki,1
aplikasi dah kayak sampah gue verifikasi ribet programmer hadeh apyuuunn,1
membantu thank,5
sih login kagak udah bacaan verifikasi berhasil,1
akun hack orang trs udah ngajuan pemulihan akun gada tindak linkedin sekaranh verifikasi login jdi ribet bgt,1
aplikasinya bagus login susah berulangulang kali mencoba,1
masak gagal post ya,1
like komen postinfan akun linkein yg,1
pas verifikasi chapta mengulang menerus upin ipin tamat sd,2
tolong diperbaiki verifikasinya diulang ulang,1
login ko verivikasi trus sih udah gitu ulang ulang trus,1
ga verifikasi gambar ga suara samasama gabisa gw yg salah gmn ya,1
ngisi capta ga kelar kelar idiot,1
login suruh verifikasi mulu ga login,1
apk yg lumayan gk ferytifikasi yg susah mengerti,1
couldnt sign in by apps in my phone,1
merekrut cepat,5
aplikasi yg mantap perkembangan bisnis info loker,5
poor customer care i open a ticket a week ago regard my unverified account and until now there have be no response,2
apk ga verifikasi ulang kali ga selesai,1
berpengalaman bidang logistikposisi warehouse transport supervisorposisi jalani bidangsteelkimiaconsumer gooddllsaya sitac telekomunikasi wilayahkalimantan utaraseluruh sumateradan jawa,5
email password coba login dgn tp disuruh verifikasi gambar teruss udh centang verif nya tp ttp gabisa loginn heran bgt kaya gt truss pdhl butuh banget urgent pke app tolong diperbaiki,1
verifikasi keamanan gak selesai aplikasi pembodohan cacat,1
happy,3
login verifikasi login verifikasi udah gitu aja pikir berkali deh yg install sayang paket mend web bukanya,1
cari pekerjaan mudah relasi yg diikuti wawasan,5
susah login,1
susah masuk,2
kasih bintang biar cepat kerja,5
ga aplikasinya ga ngapa in direstricted,1
thans apl,5
platform pencari pekerjaan wadah connect all the people on the world berinteraksi dgn pengguna post informasi yg dibutuhkan orang berbagi informasi pekerjaan awesome,5
always and always stay at verification why,1
kemarin mash apply lamaran apply eror bolak loh in coba mulupdhal byak prushaan bonafit merugikan orang aplikasi,2
buka aplikasi disuruh verifikasi captcha udah valid aplikasi rusak,1
aplikasi ga berguna login doang susah bgt nyesel bgt,1
aplikasi bermanfaat,5
mantapoke,5
great app its very help me to the job,5
memper mudah mencari lowongan pekerjaan,5
be very good,5
knp salah verifikasinyabuat verifikasi,1
verifikasi nya tolong hapus,1
totttttýýyýuútuýut,3
bug verifikasi captcha tolong diperbaiki pengggun login perkara bug,1
susah banget masuknya verifikasi udah bener response code nocaptcha valid diisi terussss herannnnnn,1
berkat linkedin mudah mencari rekan kerja pekerjaan sesuai keahlian,5
apk gak uninstall aja broo nysel kalo download,1
aplikasinya keren mudah informasi dunia lowongan kerja,5
applikasi iniaku leluasa informasi lowongan pekerjaan semoga applikasi sukses,5
bad login susah komen yg jg,1
buruk main buruk bangetsudah bener email buka,1
tolong dibantu akun login login pakai email yg kyk email kosongan disuruh akun,1
bintang aja,2
udah k relasi semoga k,5
mantap bermanfaat,5
trade spice,5
i be currently have an issue with log into my linkedin account the last time i be ask to upload a photo of my id card ktp and i do it correctly but still i can not access my account please help me with this matter,3
gajelas,1
aplikasi sampah tingkat keamanan buruk akun hack sekian pemberitahuan udah verifikasi email no hp verifikasi diluar biarkan linkedin parah tuh,1
mantapbisa terhubung sma orang sepropesi,5
membantu mencari pekerjaan,5
stick diverivikasi doang udah bener tp tulisan respons kode nocaptcha valid diisi gimana nihhh,2
kerenn pol membantu,5
login bikin emosi ribet,1
aplikasi sanggat bagus aplikasi mempermudah informasi lowongan pekerjaan,4
verifikasi security check aja susah bnr ajg pdhl udh bnr berkali gw alien ngecewain aja,1
verifikasi gambar gabisa login udah bener tolong diperbaiki,1
good good gooo,5
okee good nice,5
exelent,5
kerennn bermanfaat dlm menemukam relasi,5
good service,5
login aja susah,1
ksni gak bln mungguin hasil verifikasi data gak balasan lagientah gak tau knpa gak login akun ku,1
nocaptcha tpi mengulang ahhsudahlah,1
aplikasi buruk kali login verifikasi trus login kg berhasil pdahal mengikuti arahan aplikasi pusing hadeww,1
tingkatkan prestasimu semangat batas raihan,5
aplikasinya berguna dapet kerjaan langsung cuan tinggal isi misinya,5
nya aplikasi in membantu lowongan pekerjaan trimkasih,5
membantu pencari kerja,5
so great aplikasi,5
login gagal ya verifikasi ganbar suara ngisinya,1
akun batasi alasan mengirimkan dokumen konfirmasi akun sekarng ditindak lanjuti,1
mantab jos relasi,5
install akun aja gabisa tahap gw ngelag ya internetnya taunya emang apknya aja yg ga gabisa,1
membantu menemukan pekerjaan sesuai berinterkasi langsung hr perusahaan perushaan ternama,5
busuk,1
akun gak login kali verifikasi tetep ajah gak,1
fery good,5
aplikasinya bagus,5
kali akun dibatasi aneh udah verifikasi data aja,1
terimakasih sukses amin,5
loginya sulit,1
pelanggan linkedin x masuk alasanya sayangkan bagus cacad payah,1
ññmmx,4
sopir,5
coba,2
linkedin bermanfaat tingkatkan kualitasnya terima kasih,5
pulihkan akun masuk,1
very useful for education and career,5
aplikasi jaga daftar anjir,1
linkedin aplikasi benarbenar profesional pengulas profesional linkedin platform tertandingi membantu memperluas jaringan profesional mencari peluang karir menarik,5
good,5
buang aplikasi hp gimana,1
wawasan luas rekan profesi,5
semoga membantu mencari kerja,4
parah anjir ga udah verifikasi ulang ulang ga apk,1
langsung bintang ssya liat bagus,5
layanan baguss,5
bikin susah,5
keamanannya rendah akun gampang hack,1
mahal premium nya,1
tebak gambarnya susahlah anjeng konnn,1
nih gak login,1
disayangkan nda fitur akun linkedin premium gratis seumur hidup fitur membantu pekerjaan cepat,1
aplikasi bagus mencari loker informasi perusahaan terima kasih linkedln,5
suka suka penggunanya mb yah biar hemat kuota data,5
bintang cari loker spesifik muncul loker,1
great medsos app,5
login aja gabisa aneh,1
akun dibatasi gagal login diupdate sosmed dg wajar maaf uninstall,1
terbaik,5
linkedin memperkuat koneksi kedunia kerja,4
great job application app,5
versi very slow,2
mantab,5
info loker,5
privat lancar,5
seep nyambung orang gess,5
menambah wawasan membuka lahan bisnis mencari pekerjaan membangun koneksi pengguna linkedln dunia mantap,5
,4
pplolkkjch,4
be the bist,5
tolong yahhh berhenti akun pemotongan saldo gimana yah merugikan,1
verifikasi nya ganti susah banget masuk logindaftar,1
otw,5
aplikasi tolol login aja stack gatcha ga tolol hapus aja apk nya play store,1
kecewa,1
so usefull and amaze full,5
membantu sayaterima kasih,1
ok dah,5
gagal verifikasi,1
verifikasi captha ditemukan maksudnya dasar tolol nih developernya,1
gak log in disuruh berkali kali verifikasi gagal,1
get your carrier with this application,5
gak berguna gak bermanfaat,1
construction superintendent pip and mechanical in the oil and gas industry in indonesia,5
tlong perbaiki lg min knp si stiap sya login sllu g bsa alesan email sya d pkai mlu pdhl udh brkali verifikasi gmbr,1
the medical sales podcast be a podcast for people who want to get into medical sales and medical sales reps who want to advance their career we interview top medical sales reps and lead sales executives from all over the country in pharmaceuticals medical devices genetic test diagnostic lab sales and more youll laugh youll learn and youll be inspire want to learn more about how you can get suppor,5
gabisa login,1
baguscukup menbantu mudah memahami,5
linkedin bagus membantu mencari pekerjaan online,5
bagussemoga kerjaan,5
verifikasi buruk kirim kode gak kirim giliran mencoba nomor dpt gak banget aplikasi,1
langsunh,5
login aja persulit pas liat ulasan susah login,1
lumayan bagus utk progres informasi pekerjaan dll,3
verifikasi ga gagal mulu,1
ngk login,1
tolong kirim email komplain,1
app bagus pencari peluang ilmu pokoknya good wawasan pengetuhan profesional,5
coba dl,5
semoga membantu mestinya,1
bad app try to login again verify not clear what be mean try many time still cant login again very bad,1
alhmdulilah,3
gajelas edit profil isi profil buang,1
,5
knp login ga sih buka apknya post,1
login kendala nya bagus,5
berterima kasih linkedin berkat linkedin dipertemukan pekerjaan menghidupi,5
ok good,5
log in linkedin,1
its very insightfull,5
aplikasi bagus membantu mencari pekerjaan,5
psoting status lindkedln gagal mohon bantuannya mohon perbaiki trimakasih,1
ga login password ga ganti ga login,1
blm mencoba,5
tutup akun disuruh masukan sandi kotak sandi ga dipencet isi emosi,1
setuju dngn pt pana merah meningkat taraf hidup masyarakat yg ber ekonomi lemah,5
sukses linkedln,3
membantu pencari sumber informasi lowker peluang bisnis inspirasi mentor,5
aplikasi gk,1
otomatis mendeteksi pasangan aplikasi sesuai akun facebook,5
verifikasi captcha kontoll gabisa masuk udah bener diulang,1
update ih elehh,2
indonesia udah pengangguran ditambah tipu ama aplikasi ngasih solusi nambah beban idup,1
bug tolong dibenahkan menganggu bug,3
gimana dah udh masukin no otp nya suruh masukin no hp nya yaa udah terdaftar ege udah minggu kaga daftar woy,1
karir pribadi,5
knp ya gabisa login trs hppadahal browser aman,1
kalu langganan perbulannya,5
tingkatkan kualitas nys,5
be the best for me linkedin,5
high domino island terhapus gimana instal,4
,5
gak masuk verifikasinya ngulang disitu,1
,3
aplikasi sdh tampilan uiux menarik pengguna tp kendala login gagal unggah foto load pindah menu tlg diperbaiki terma ksh,4
mengaktifkan aplikasi,5
login verifikasi id login kesalahan upload udah laporan team terkait gak hasilnya lol,1
aplikasi sampah kaga login,1
tmn bnyk yg nyaranin donlot apk tp pas login gagal pdhl udh dipencet berkali tetep aja stick,1
hard work keep move forward,4
uhg,5
semoga berhasil pa yg dcomentarkan si custermer aktifff perangkat,3
good apk profesional,5
god bles,5
km,2
login login error,1
gimana yaa berkali akun gabisa sampe ganti nomor telepon gabisa suruh ganti nomer tolong diperbaiki,1
aplikasi yg berguna,5
,5
apk loker terbaik,5
mario samuel sulu happy birthday,5
respon kode nocaptcha valid udah bener isinya,1
sederhana,5
salam golden school batam,5
membanty mencari pekerjaan,5
apk kntl masukdaftar aja verifikasi chaptcha gagal mulu bener lu pikir robot nyari loker,1
susah bangetg masuknya verifikasinya gagal mulu teh,2
verivikasi not robot error login,1
aplikasi menyesatkan akurat akun likedln pencarian google muncul nama gua tanda tangan hak cipta jam hapus pencarian google kena pencemaran nama,1
cepat terhubung,5
hub nu cd ku ww xx,2
verifikasi milih gambar teros setangah jam gituuuuu mulu bikin emosi,1
oh o,4
gak menghasilkan uang gak hapus,5
suruh updet mulu payah,3
kreen,5
inii sihh aplikasi ny close muluuu up foto susah kali berkalikali close,3
semoga good just like use to be,5
aplikasi bagus cuman karna blm kerjaan aplikasi aja kasih bintang,2
setuju,5
good job past action and clear direction for apply the job goodluck for all,5
top up,5
bad captcha no response,2
bintang karna hapus akun mudah,5
daftar aja susah amad,1
aplikasi aplikasi play store pembaruan aplikasi putar putar seleaai,1
masuk verifikasi mengunakan ktp sim posisi foto yg muncul silahkan coba,1
lukman bima ntb,5
bintang kalo gw panggilan kerja lenkedin gw kasih bintang,2
aplikasi rusak verifikasi aja ribet banget,1
gak butuh gak dibuang,1
sif,5
tolong yg pake nama husen d aplikasi ya makasih,2
kasih bintangmoga bagusapk nya,5
,5
parah dah upload pake identitas asli tetep gx notifikasi harap cba aneh,2
sorry to say membantu memudahkan meribetkan verifikasi lupa password ga seribet kalik ga user friendly,1
ok,5
ga login akun googlegimana sih,2
cari kerja susah aplikasi kerain mempermudah mempersulit hidup,1
membantu membangun relasi,5
jelek verifikasinya aneh,1
,2
ok bagus banget,5
coba,5
berbagi loker donk,5
membantu informasi lowongan kerja pengetahuan aspek kehidupan,5
halo min aplikasi magang kerja terima kasih,5
,5
qr barcode dukcapil lagiemang otak orang indonesia lepas unsur modus pungli ntar warga qr barcode kena pungli lagidi dukcapil tolong kalo online unsur pengarahan warga jumpain oknum dukcapil barcode,5
gak tau mencari perusahaan kolom pencarian muncul error ya koneksi lancar kaya,3
si g oenting donlodbuat pesaratan wkwk,5
teka teki gambar tai,1
great job helpfull,5
yes good,5
weehh gila login gagal terusgajelas,1
yx dg yee,1
woyyy verifikasinya gimana gagal muluuuuu hahhh,1
mempermudah mencari pekerjaan menambah ilmu,5
gak login verifikasi gak,1
aplikasi babi shope gua kesedot gara nih aplikasi gak pemberitahuan umdate langsung update otomatis gede bayar nya rb,1
login ga,1
bagus,1
bener aplikasi nya kacau login aja verifikasi ribet bgt okelah biar gak akun dihack tp sih udh bbrp kali login sampe gak aplikasi loe doang yg,1
link in knp ya gw ga log in si parah,1
si login gak masuk login bgt lagih,1
susah banget login aja bangkee verifikasi kaga tot,1
verifikasi gambar memilih gambar muncul notif merah kode recaptcha miss invalid perulangan human verifikasi ujung,1
kode captcha gak jelasmempersulit,1
aplikasi bosok ga juelas verifikasine,1
senang aja kenal orang,5
terbantu aplikasi i,5
nyoba,3
log in sistem verifikasinya buruk,1
log in aja susah banget bikin verifikas log nya gausah ribet ribet pilih gambar menghadap udah bener salah mulu gabisa log in mend bikin verifikasi masukan aja sih gak ribet simpel,1
,4
muantab,5
bro perbaiki orang login lu suruh uji kesabaran,1
aplikasi linkedin memudahkan terhubung orangorang halhal kehidupan profe,1
baca komentar gagalmudahmudahan coba,5
verifikasi email apply lamaran verifikasi,1
membantu orang cari kerjaan yg gak ijazah sangar mudah cari kerjaan,5
perbaiki proses akunnya error kode verifikasi terkirim,1
developer linkedin linkedin bermanfaat tingkatkan fitur kualitas aplikasi,5
,5
it be very strange because we can not use the search feature even though we know that this person have linkedin and actually heshe do appear in search feature but when i click it cant open their profile it be always appear caution like search not find try shorten your phrase and we cant see who be work in a company the strange thing be that when we open linkedin on the web we can see all of these employees very inefficient,1
gagal pilih foto post,1
login gagal trussss,1
good and responsible bali guide,5
susah login udah verivikasi gagal gmn aplikasi awlnya enak gk tau eror susah login perbaiki min,1
ll,5
more tban years work on reliability sectionworking as maintenance advisorshop engg reliability enggtechnical train instructor etc,5
app taikkkk akun ku coba main ban,1
download gabisa masukdaftar aplikasi gila,1
,5
aplikasi sengaja login ya,1
gajek,1
bagus sekaliii,5
captcha aneh sedunia udah tulisannya membuktikan manusia muncul peringatan no captcha valid terisi gimana sihhh maunya dokter bawa surat pernyataan makhluk hidup kah tolong diperbaiki,1
oppll,5
pembayaran saldo premium otomatis konfirmasi uang segitu gitunya dipotong otomatis apk ginian motong saldonya gede banget sampe rb potongan sih bangkeeeee dapet kerja akun aja gak,1
upload foto postingan ga berhasilberhasil jaringannya lancar,1
i love uh,5
yups,5
aplikasi nggak berguna verifikasi aja,1
tolol bener masuk verifikasi kaga,1
stelah upgrade keren tampilan nya mudah utk pekerjaan,5
aplikasisemoga membawa keberuntungan,5
ppppppppp ppp pop upppppppp,5
mantab semoga rizki aplikasi,5
i cant login to my account the captcha always say i didnt answer the question while i do this be so bad,1
aplikasi gajelas ferivikasi aja susah banget,1
membantu mencari pekerjaan relasi,5
ruang lingkup yg luas,5
aplikasi autentifikasi nomor verifikasinya apaa sihh ga banget,1
verifikasi kode sms nya banget terkirim,1
info tokoh lihat,5
bantu tingkatkan produk,5
verifikasi yg ribet menyebabkan susah log in,1
terhubung dgn orang teman indonesia bah dunia,5
aplikasi khontol,1
g bs masuk lgverifikasi ktp tp g bs verifikasi by web g bs,1
,5
verifikasi ampe selusin ga kedetect capek verifikasi manusianya anjir,1
suka,1
dtw,2
kont,1
parahh,1
login ga eror mulu ngulang keterangan terverifikasi,1
aplikasi membantu menemukan relasidan klien mudah dihubungi dm instagram bnepb melayani pembuatan jasa undangan video berbasis web,5
gimana sih udh berkali upload postingan gagal mulu tolong diperbaiki jaringan ku lancar udh pake wifi tetep gamau,2
login aja susah verifikasi gagal udh bener emng laen,1
verikasi identitas asliemail terhubung kirim pintetap gak bisaaaagimana,1
aplikasi mempermudah dlm pencarian loker trimakasih,4
aplikasinya aneh wkwk login make google dsuruh verifikasi keamanan hewan madep keatas salah gagal percobaan yg bener alhasil mohon maap uninstall wkwk aneh jg,1
verifikasi tolol,1
login akun google notifnya kesalahan,1
aplikasi gila verifikasi aja dipersulit,1
apk gak verifikasi pake gambar orang kota elu lahir bego,1
perbaiki aplikasi kendala login verifikasi yg berulang bintang apk,1
xa,1
nomor identigikasi pribadi data bni uangan bni tanda pkh nama muktadir bni ungan,5
ya allah stres gara verifikasi manusia selesai kode erorr maunya gimana sih min,1
,5
tolong permudah login ya allah,1
oh bb to use ni telp,5
trimakasih,5
lowonganya kelas dewa tok,5
memuaskan,5
hapus download gagal bantu hapus aplikasi perangkat hp tolong,1
mengembangkan usaha ikan asap,5
mantep,4
verifikasi identitas kelarkelar,1
bagus info loker,5
akun gua batasipadahal ga ngapa in,1
kreeeen,5
verifikasi bikin ribett,1
bertele tele kebanyakan verifikasi ga,1
kuis keahlian adakan bahasa indonesia,4
apk gajelas uda berkali kali verifikasi tp gabisa login hadehhh,1
good aplication busines,5
after update error login verification captcha,3
sulit login,1
susah daftar,1
akun diretas verifikasi merespon login kecewa,1
gak nh aplikasi udh pilih gambartapi aja ngulang mulu verifikasi nya,1
aplikasi mendukung buar pencari kerja,5
buruuuukkkk mempermudah pencari pekerja mempersulitnya gak otak,1
aplikasi kacau verifikasi manusia berhasil catatan merah diatas verifikasi berhasil anehmohon penjelasannya bos admin berniat aplikasi,1
menyajikan lowongan sesuai pengalaman,5
verifikasi capcha nya error udah ngisinya,1
terimakasih linkedln update loker pekerjaan binggung mencari lowongan pekerjaan,5
verifikasi gaje,1
okeee,5
verifikasi nya gak,1
tersambung dg orang profil bidangnya,5
response code nocaptcha valid fix that,1
baguss sangt berguna mencari pekerjaan,5
verifikasi captca salah trus gmana ni,1
vertivasinya susah uninstall sosmed yg gampang,1
aban abraham ship oildrilling deep sea aban abraham dinantikan hadir orang bernama vallery berharap berangkat berangkatkan singapore suka aban abraham menunggu perintah pt yg merekrut ku tpi jailin orang pt vallery aban abraham menunggu bagaiman kontak dg vallery,5
woi login aja susah human verifikasinya apps nya rusak tolong perbaiki,1
useful app,5
linkedin si login aja gagal udah verifikasi berkali kali aja ga login diulang ulang milih gambar gajelas udah muncul notifikasi verisikasi berhasil disuruh milh gambar udah berkali kali tetep gabisa,1
ga niat aplikasi ya min,1
respon cepat,5
tolong developer apk nya login,1
verifikasi salah mulu sampah,1
parah aplikasi linkedin aman akun kena hack rekening terdebet utk trx lakukan,1
ngerjain org verifikasi smpe sejam dh slesai d ulang terusss jelek banget aplksi nyaaaaaaaaaa,1
semoga ajbdengan aplikasi linkedln mempermudah mencari pekerjaan yg sesuai good,5
asu gabisa login verifikasi udah bener ngulang asu,1
good bye,1
ma nt ap,5
penghubung jaringan,5
verifikasinya bikin gila,1
verifikasi coba gak login ya tinggal login susahnya ribet jam gak masuk masuk verifikasi tebak gambar,1
bagusmenambah wawasan dunia usahaterima kasih,4
verifikasi jelasssss,1
buruk,1
login kebanyakan blabla akun hack,1
verifikasi kacau bener ngasal pas gambar salah,1
login gambar klik salah,1
bikin akun ga payah susahnya ampun aplikasi eror mulu data dimasukkan,1
sumpah aja ngk login please perbaiki bug nya,1
verifikasi brengsek dikerjain gambar binatangparahhh,1
loginnya sulit udh jam ngabisin isi keamanan doank website apps smua,1
app linkedin dta abay f dts moga dlm sistem android red makasi by hambha dhaife,5
verif gajelas captcha trus trusan sampe jam,1
gajelas anjir verifikasi ulang mulu,1
login ga bad,1
verifikasi,1
woi akun gue ga login ga login simple aja verivikasi udah bener gue isi ga login stress,3
verifikasi indetitas dibagian ktp sesuai ketentuan tulisannya coba udah diulangin kali,1
verifikasinya nyusahin udah diklik gambar muncul notif kode nocaptha valid diisi dicoba login tebak angka aja alihin tebak gambar,1
verifikasi gk,1
instal,1
bermanfaat,5
aplikasinya mendukung,2
buruk akun terkena hack aplikasi menangani halhal mengganti password sulit ribet,1
hapus akun,1
cobak abis update gabisa dibuka samsek,1
aplikasi mempersulit login aja susah udah masukan identitas udah gambarnya gagal kantor langsung kah,1
verifikasi mohon perbaiki terimakasih,2
gak sampah,1
aplikasi bermanfaat mencari pekerjaan,5
recaptha udah berhasil ngulang sampe kali alhasil kesel uninstall kasih bintang,1
verifikasi capcha nya bikin stres tolong benerin udah bener pilihanya ulang aja,1
ga jelassssssssssss,1
aplikasi kena hack gimana yak nyoba login stelah verifikasi ktemu nya ganti sandi doang aneh,1
verifikasinya gak berkali kali tetep aja gagal mempersulit login,1
aplikasi puas,5
terima kasih membantu,5
login akun susah skarang login g kayak,1
oke,1
terbaik,5
ga panggilan pakai promo,1
login aja error,1
aplikasi kayak asu login susah,1
programmer,5
login susah benerr lucu aplikasi,1
login lupa sandi akun otomatis mengikuti prosedur disaat kode banget ulang aplikasi,1
baguslah,5
mohon maaf login aja verifikasi mulu ga selesai selesai bingung bat apk knp sih captcah eror mulu,1
verifikasi muncul keterangan verifikasi selesaianda membuktikan manusia muncul eror nocaptcha valid isi gak break app,1
melewati tahap verifikasi,1
verifikasi nya ya tolong perbaiki,1
login susah bgt verifikasi pk suara dh dilakuin udh bener pdhl tp verif lg yg gk ky gni bgt,1
amaze apps,5
gk login,1
umpama,5
semoga bermanfaat,3
paham fitur penggunaan aplikasi,3
verifikasi diisi gagal,1
verifikasi susahnya ampun,1
ngelooping data verifikasi,2
mayan,4
g,5
verfiikasinya pdhal bener udh bolak nggk login maaf kau uninstal aja,1
josss,5
bermanfaat akun domain pribadi,5
susah log out aplikasi nya,1
agus,5
ret bintang,4
susah bgt dapetin kode verifikasi,1
verifikasi nomor kodenya ga muncul muncul sampe nomornya gabisa daftarkan coba daftar udah susah,1
m,3
sulit banget loginnya ya udah ganti gmailpun nggak login verifikasi data kirim ktp muncul verifikasi data,1
ga minat berhubung sdh bawaan hp samsungj plus ga kadang pengen unsistal ga update yg perusahaan buruh yg umur th kepepet tokyg diatas sih perusahaan yg indonesia sukanya max th usia pengen kerja biar modalaja sulitliat diluar negeri aja kerja dipabrik seneng yg muda tok hrd pea bgt hrd umur tua ngak ngotakhrd ganti th aja smua,1
keren verifikasi nya gampang tidsk rumit cocok orang darah rendah auto darah,1
semoga,4
gak daftar susah,1
kegunaan aplikasih sih serius nanya kaga paham,1
aneh ngisi captcha udah bener outputnya salah mulu hadeuhh gimana ko gitu yaa kirain udah dibetulin bug nya eh kaya gini,2
bad kesalahan,1
coba dlu,1
keep up a good work,4
linkedin bagus ga,3
bintang,5
xilumoxofl kk c mmm,5
delete aja verifikasi aja susah,1
mentok teka teki capcha aja sih selebihnya ngga lebihnya,1
jg download verifikasi nomor telp aja ribetnya ya tuhan,1
,5
oz a sao selamat,5
terealisasi terima kasih,5
captcha error cant login,1
verifikasi manusia alien,1
dasar aplikasi aneh masuk persulit verifikasi nya,1
verifikasi udah benarbenar ngulang sistem maintenance gimana ya login aja susah banget,1
sipil engineer,5
bad recaptcha verification,1
anjir,1
memuaskan,2
suka aplikasi,5
linkedin keep crash the application auto close each time its start,1
membantu promosi produk usaha hebatnya gratis,5
mantap utk keuang,5
verifikasi teka teki gak muncul,1
bintang kasih,1
semoga berkah aamiin,5
okelah kalo mantap keren banget bos,5
too difficult to pass in select picture for pass verification eventhough password be correct,1
,5
error melulu,1
ganti merek intil,1
ngstck tolol,1
ok ok ol,4
bagus membantu informasi pencari kerja,5
aplikasi bagus membantu,5
verifikasi gak ngotak udah masi aja verifikasi,1
goooood,5
verifikasi chapta udah bener ngulang gk selesai selesai,1
capek asik verifikasi truss,1
akun dibatasi gajelass bangett,1
verifikasi nya gimanaaa butuh ngerjain tugas pusing pusing dah,5
,4
less,2
s jl panjaitan l k llllll e gyyyyylorwret ye jin,1
proses melamar susah ribet,1
sya usulkan bagiab verivikasi diganti pakr mobil motor benda krn yg skrg manusia pintar ber iq tdk sanggup menyelesaikan verifikasi menyulitkan pelanggan dgn verifikasi yg anehsy sdndiri sudh coba verifikasi belasan kali tdk karna gambarnya kura tdk,1
verifikasi captcha diulangi pilihan susah login,1
ok membantu sya menemukan loker daerah,5
apk nya ga udh login pke email trs udh verifikasi pke captcha verifikasi pke ktp udh msih ga masuk bikin emosi aja respon,1
parah verifikasi captcha gagal mend pake website,1
optimal,5
susah akun,1
verifikasi gagal,1
coba masuk akun verifikasi captchanya nggak muncul ngeselin bye linkedin,1
aplikasi pencuri data identitasdi suruh verifikasi identitas ktpsetelah ambilmala akun block,1
suka apl,5
ngapa susah bgt si daftar doang et verivikasi robot gila ya pant aja bnyk yg rate bintang eleuh,1
toko sembako,5
i rarely use linkedin since i no longer work at hepp but i suggest you explore more if you find a lot of benefit on the network,5
wow amaze,5
okay,5
apaanmau masuk lg gak bsngisi chapcta gagal teruskocak,1
kek fesbuk,5
sdh memilih gambar yg menghadap tp diulangulang,1
mw,1
linkedin mantaaaap,5
ok,5
diklik daftar fb ga bisamacet login ga masuk,1
play pii,5
gk login,1
okey,5
,5
malas linkedin kalo anak mudah dewasa,1
lul,4
aplikasi terbaik panggilan kerja aplikasi terimakasih linkedin,5
keren bngt,5
ok banget,5
butuh hak buatu tujuan kantor trsedia bingung email,4
,1
masyaallah niat download cari kerja bikin emosi ni app verifikasinya pagi sore masuk,1
hoax,1
mauu ngasih tau pengguna sayasaya memberitahukan yg ad linkedin loginnya ribetcode verifikasi kgk masuk akallama smpe lumutanuntuk code verif kgk muncul kali linkedin harap diperbaiki yg sekian terimakasih,1
pilih metode login pakek google pilih akun apaapa alias masuk akun kali coba,2
dlm tahap pembelajaran,5
gagal verifikasi mulu oyyy,1
apk gk sumpah,1
linkedin download foto,1
muantul bro,5
gak akun gak,1
aq kasih bintang duluklau bagus aq tambahin bintang nya deh,2
an application that have a different color from other social media,5
verifikasi captcha uda bener ngulang terusan verifikasi gak kelar uninstall aja the captcha verification be success but it keep go ask the captcha again and again uninstall it,1
thank you aplikasi membatu,5
buruk batasi akun coba masuk bbrp kali berhasil g alasan apapun jarang respon pusat bantuan g d sarankan,1
mulis artikel linkedin,5
nggk kirim nomor hp nomor gue aktif kirim kode verifikasi banget,1
bad user experience especially about user account,1
mohon diperbaiki proses verifikasi login verifikasi sistem merespon berulang kali verifikasi gagal,2
time waste verification,1
very useful apps to connect with many professionals,5
anjir masuk aja foto ktp dah ya kali gw kirimin foto ktp gw kali gw nemu aplikasi mita foto kartu id udah kayak pinjol aja,1
lemot,1
susah bet masuk,1
bug beranda not up to date,1
jual neli bobit tanaman danjual beli bibit lele,1
mudah mudahan terima perusahaan amin,4
szàzaew azzwwwswswwwsw,2
recruitment officer cipaganti,5
bermanfaat,5
ptarga dipa kencana,5
lambat,5
kesel stlh update gabisa download foto video postingan bgt,1
ngupdate lhooo ngupdate,2
link udah gapernah langganan saldo kepotong alasan langganan tolong kebijakannya lumayan loh langganannya rb,1
kode verifikasi nya gak kirim kirim,2
komunikatif bermanfaat,4
cari kerja gak,1
good thank you,5
,5
semoga membantu proses pekerjaan,5
nice face line up,5
maksimalkan,5
daftar akun google,4
padek,5
suruh nebak hewan udh bener tp kode captcha valid gak tau gmn mksudnya,1
login ga lg lg,1
terbantu informasi pekerjaan,5
ķ yy ģ i hb nc,5
update nya nggak bagus error upload foto error load,2
ya setujuh postinhan,5
apps pntek,1
tntrr nt nntnn n n nn on n n mmnmmnn nnnnn nnnnmnnm nn mm nnenj i bi i j j video o lope n tc unbk sss r s s,2
mengikuti linkedln merespon lamaran kerja,5
semoga bermampaat,4
membantuterimakasih,4
very nice app,5
bad appvery regret download it,1
menarik,5
aplikasi membantu pelajar yg lulus sekolah yg dapet kerja sesuai yg,5
mw login aja ribet verification nya uninstall,1
koneksi keilmuan terbuka,4
ya sngat sukaa,5
verifikasi nomor telpon masukin verifikasi nya disuruh masukin nomor kudu nomor kagak pake nomor,1
foto profil user muncul diupdate aplikasinya lowongan pekerjaan linkedin pilihannya jobstreet payah,1
kode verifikasi lupa sandi membutuhkan membuang,2
aplikasi gajelas nyusahin cuih,1
memperbarui aplikasi aplikasi disininya kak haha,5
macem macem verifiksinya sulit pake yg aja bnyk,1
,2
mantap apk nya,4
aplikasi yg mempertemukan pencari pekerjaan pencari produk,5
daftar aja dipersulit susah banget verifikasi aja,1
okkkkk,2
oke bermanfaat,5
daftar tida tau ni,5
pensiunan pt pelabuhan indonesia ca karang setra hotel bandung,5
bagus nambah wawasan pencari kerja teman,5
f pppppppppppptuhan kastuhan kase akang jodoh pe tamang biar itam mo gurinda tuhan kase akang jodoh pe tamang biar itam mo gurinda tuhan kase akang jodoh pe tamang biar itam mo gurinda assalamu alaiku wrwb keluarga puti berduka orangtua papa opa almarhum hiran puti ka hino tel akang jodoh pe tamang biar itam mo gurinda tuhan kase akang jodoh pe tamang biar itam mo gurinda,4
love this app,5
aplikasi babi pemeriksaan cepat babi salah,1
percumah mosting lowongan gak lowongannya penuh aplikasi handphone aja,1
salah grup pelaku bisnis,4
tap mantap,5
buka,3
thank you very much for make easy our communication wihh rach others warm best grettings foto linkedin,5
trimakasih,5
aplikasi ga jelashabis download buka kode verifikasi nya ga masuk sinyal lancar,1
lupa password persulit masuk hapus aja ga,1
stick verifikasi,5
verifikasi gagal,1
mantapppp,5
susah bgt verifikasi nya ajg,1
maksa,1
bagus kumpulan orangvorang hebat,5
good app and keep it up,5
hemat kuota telkomsel flash nya,5
malangmalang,3
bagus perbedaan versi web kinerja optimal,5
coba apliksinya,4
berguna,5
biat akun aja udah ngebug,1
waow,5
menuhin ram,1
mohon linkedinaku naikin bintang nya kalo bahasa kuis keahlian bahasa indonesia versi android dibawah android,3
pake tes verifikasi keamanan gak,1
yg gk beres dgn kode verifikasi nya,1
aplikasi bawaan yg dihapus,1
ferifikasi mudah,5
linkedin semoga bermanfaat pencari kerja lapangan kerja perbarui linkedin tampilan mudah dimengerti orang semoga,3
suka linkedin uang app dana terpotong berlangganan linkedin mohon bijakan nya utk kembalikan,2
in linksdln bagus membantu menemukan temanteman kontak cari teman linkedln iniaplikasi menarik membantu sekaliterima kasih,5
okl,5
ga verifikasi,5
,3
post gambat gird geser samping,5
coba dikabarin,5
blum spenuhnya,5
sadar akun lupa email kontak password menghapus nya akun yg terimakasih ditunggu responnya,3
,5
bug mulu kesel,2
coba perbanyak referensi perguruan tingginya,3
keren inovatifgbu,5
sukak,5
membantu,4
iyaaaa,5
download cmn verifikasi aja susahnya ampun bener disalahin lho nyoba verifikasi nyampe xan apk nya nggak sesusah pdhl nggak recommend pokoknya gausah download yg kesabarannya setipis tissue dibagi,1
memudahkan cari pekerjaan share pengalaman dunia pekerjaan rekomended nih cari kerja sekedar berbagi pengalaman,5
apps bansat verif verif ktp coba,1
hti,4
aplikasi membantu mencari pekerjaan pekerja lepas,5
aplikasinya bagus membantu sy pekerjaan mengenal orang orang rekruter perusahaan sy pekerjaan disalah perbankan,5
apk kagak ribet banget lu tong,1
mantappp ok,5
buruk tdk diintal hp skr,1
please update your apps bug in apps all,5
tukar informasi pekerjaan jesempatan prngetahuan,5
when im log in to the linkedin app it always show a warn check your linkedin app even though im already in the linkedin app try click resend nothing happen try another way namely verify use sms or message nothing happen i have try dozens of time to log in always fail the application inform me that i be tell to check the linkedin application but i have not be able to enter the applicationhow can you check if its still outside the login,1
sumpah ya ngerasa ditipu percobaan premium nya udah batalin premiumtapi gak approve saldo gue ilang jt,1
membantu sosialisasi,5
lumayan menaruh informasi portofolio,5
kasih bintang kaeran mencoba nya,1
sulit d pahami verifikasi nya rumit,1
membantu pencarian pekerjaan,5
gk log inganti pasword ditolak permanenribet,1
aplikasi bodo verifikasi lambat,1
good apps really enjoy this,5
aja download pengguna sampe verifikasi nomor telepon banget berulang kali pencet kirim kode ga dikirim sampe load apps nya keulang pakai nomor gabisa ganti nomor tetep aja verifikasi lambat,1
kenap aplikasi nya update sumarry deskripsi job and fill requerment blank mucul review titik tolong repond,3
tergabung grup family laman web browser terlindungi terhubung tersinkron grup family reward brave token mudah cepat aman terkendali beruntung memuaskan,5
very bad verification login problem,1
bagus neht,5
yoman yairus,5
t wt,5
n,5
tambang pt andari,5
ikutin abaaba perintah pusat tenggara barat,5
verif login gagal,1
membantu manfaat,5
komunitas profesional bagus tukar menukar informasi pengembangan karir bisnis,5
kah aplikasi menghasil uang,1
recommend,4
gobloggggg iklan setangua nonton muncul iklan goblog,1
semoga rejeki aamiin,5
aplikasi ti,1
aplikasi ter hebattt verifikasi ga haha,1
gimana akun lupa sandi udah konfirmasi nomor handphone masukkan nama gak maksudnya gimana mohon bantuannya,1
aplikasi bagus membantu profesional aplikasi memudahkan pencari kerja mencari pekerja,5
p,5
she csr department,4
bagus,5
mantaappp,5
gw praktisi it aja bingung pakai linkedin tombol gw pencet ga nemu kolom page company,1
gjls ni app ngelagbugnya hp gue sd,1
membantu,5
akun dibuka konfirmasi,1
eksis,5
mendekatkan,5
one of the best professional social media applications in term of feature user interface information completeness be all good thank you linkedin,5
upload file dokumen portfolio gagal tulisannya eror uk file ga dr mb berhasil upload tbtb eror,2
stupid developer engineer i cant see my own old post,1
aplikasi nya aneh g prnah download tpi pemberitahuan kalo akun email trdftr tibapdhal aplikasi ny aja ngga,1
aplikasi busuk banget sumpah maksudnya suruh nebak gambar ngehadap keatas salah ampun dah,1
uninstal aplikasi,1
verifikasinya mudah coba berulang kali model aplikasi keuangan kelas google serumit orang aplikasi linkedin putar,1
mudahan bermanfaat orang,5
bnyk aplikasi smg mmbantu,1
andi bilang k unit mm k trda unit m,5
à,1
make your applicattion stable,5
tmgrab rp,5
apk patut dihapus playstore appstore,1
mantap,2
à,2
membantumeski terantu,5
nga rugi app linkedln,5
senang bergabung linkedin,5
bsru coba,4
mulu buka,3
schedule post ya kasih bintang,2
cobain,4
sumpahhh ya riset sandi verikasi verikasi truss gada slesainya dimuter muterin aja ga slesai mkasutnya gimana sih aplikasinya udah update udah aja,2
isi nya serius gw mah market bercanda,5
aplikasi ok,5
,3
memuaskan,4
akun hilang dibuka,1
akun batasi alasan yg jelaskatanya suruh verifikasi data ikuti petunjuknya batasi permanenmaksudnya gmnbener bener kecewa penyelesaian,1
smoga brmnfaat,3
informasi memperluas wawasan berfikir,5
donwload mend udah bikin cv macem ujung ujung ngelamar nya aplikasi kocak,1
wq aa annnkkkkkokokokkmlù,4
aplikasi cacat login salalu aja verifikasi kiamat ga login verifikasi,1
job search,5
good app,5
daftar sms verifikasi ulang nomor spam,2
membantu mencari pekerjaan,1
خخظكممنتدصثىفقفوقولثنف قف ثا بىقبثرمحخقخنههنننن,4
bergunaa bangett fiturnya jugaa baguss,5
membantu profesional mencari pekerjaan sesuai dgn bidang kerjanya,5
oke mantap,5
video,5
bagus keren,5
mksih,5
lulus nunggu panggilan prakerja jobdb aplikasi berguna bagus just put extra layer security,5
mantull,5
gk instal login iklannya mengganggu mengganggu udah instal pakai hp,1
bikin akun ga dibuka hilang aneh banget aplikasi nyuri data gimana,1
rancu loker apk,1
blm,4
aplikasi sampah kalo emang niat aplikasi pencari kerja knp register platfom tolol,1
lamaran memperkerjakan,1
pengalamn setatus menjoba arti tujuanya,3
semoga kelacaran,5
ga bsa nerima kode,1
pesan koneksi tp balas profil nya anggota linkedin namanya temukan tau ya pencarian fee indonesia orang pekerjaan yg salah kah dr pengaturan terima kasih,5
bagus app network ide pengalaman network akun follow,5
login aja susah bikin pusing,1
sya mempelajari aplikasi perdana muncul d layar,4
iklan masukkalau kurangi iklan aplikasi nyaterima kasih,4
ive be join linkedin quite a while it be useful for my interest so thank you dev,5
login aja susahpadahal pasword memasukan kode,1
the good,5
kali verifikasi diperhatikan susah dipermudah dipersusah,1
actually i enjoy this application to contact anyone in the world,5
saldo dana terpotong berlanggananmohon refund akun dana,5
login aja susah banget,1
linkedin,5
semoga,3
anyoaseo waht cewat abikafa,3
aplikasi gak bermanfaaat direkomendasikan,1
tolong akun linkedin batas,5
abal abal verifikasi pilih gambar ga cumi kuras kuota,1
tolong biar permudahkan logingambar bikin ribet,1
oooooooon kk o by knjkmi kk ijo mm oh ok ok hhoy my of gbk iook off n km kk m miliki iiooik my kkkkkk m xx xx km ok ui,4
notifikasi muncul,4
gak teka teki e,1
kualitas ok loker valid,4
ngga login pakai facebook eror,2
this app help us,5
bagus dipakai lahan informasi kawan,5
semoga berkualitas,5
bug mohon diperbaiki bergabunglogin,1
login pake no telpon gak susah banget notifikasi masuk nya,1
yusuf,4
linkin,1
aplikasi memakai hand phone komunikasi,1
harga premium sangaaattt mahaaaallll seharga juta gilaaa,1
butuh pekerjaan profil mesti pekerjaankan tolol nmanya,1
developer game huggy wuggy,1
verifikasi gambar tulisan kode respon kode nocaptcha valid isi,1
mantabz,5
hidup pianotergantung orang yg memainkan nya,4
salah pilih gambar menghadap keatas milih gambar jungkir keatas pilih aja gambar normal mestinya mata kasih bintang biar baca ulasan udh sifat manusia mencari negatif positifnya,1
a y l,4
cari pekerjaan keluarnya berbeda,1
daftarnya susah banget pertaanyaan bidoh,1
lupa password sy ganti sesuai dgn password yg ideal sy pakai akun lupa herannya karna password tsb bikin pass alhasil pass yg terpaksa lupa karna kerjaan x gagal login linkedin akibat ulahnya bikin password yg blom pakai ganggui kerjaan orang time waster,1
kermaks,5
gak pilh daerah,1
taik bolak verifikasi katak setannnnnn apk nya,1
aplikasi nya membantu pencari kerja pemula aplikasi histori lowongan pekerjaan masukan tolon bantuannya kedepan,2
semoga pengha silanyang lemayan hpterima kasih,5
verifikasi nya khusus orang sakit,1
not worthed to be instal,1
good applicationnice for jobseeker,5
cocok ds yg lulusan sma smk,1
makasii linkedin pekerjaan via apps ku bertemu jodoh ku hihi,5
ok pokoknya gak linkedin buruan instal aplikasinya yaaaa,4
udah dicoba berkali kali aja update,1
,5
mencari cocok pesaing loker berat kalah,5
googli com in play,5
blm tau aflikasih nya bagus langsung bintang,4
app penipu lowongan kerja,1
alhamdulilah membantu,5
aplikasi sagat berguna baget yg susah nyari kerja,3
membantu pekerjaan,4
banget,5
uji coba,5
dahlah biarkan bintang yg berbicara,1
aplikasi pencari kerja ajapercuma pasang aplikasi pencari kerja tpi klo ujung ujung nya make orang dalem,4
aplikasi bermanfaat,5
ex,3
recomend aplikasi ribet sulit sungguh buruk,1
sip cocok medsosnya orangorang karir,5
lemot babi,1
this be a good appli,5
knp ribet banget sih login ajja persulit,1
aplikasi goblokkk verifikasi bener salah,1
ga visa memsaukan nomor tlpn mendaftar,1
bagus aplikasinya,4
ho,2
download daftar pas masukin nomor telpon suruh verifikasi pakai kode tp kodenya tunggu gk dikirim ulang dikirimi kode pas udah masukin kodenya app nya pas daftar nomor gk dipake hadeh ribet uninstall,1
very good clear information and connect,5
bagus aplikasi,5
gak rekomen cari kerja udah ribet ga efektif ga hasil jobstreet ngelamar ujung nya bikin akun platform payah platform nya,1
wifi not connect,1
ga berfungsi,1
captcha ramah,1
limabintang,5
semoga mnyenangkan,5
terbaik application nya for our transaction for a while for be business,5
suka aplikasi,5
eh aplikasi anjnggggggg juta kau tarik saldoku aplkasi penipu download aplikasi biadab,1
cari lowongan kerja,4
hapus ulasan publik,3
informasi sdh gaya hdpku titik,5
error error gajelas banget aplikasi,1
gaa daftar ga pervikasinya pas code trus kirim ga masuk masuk akun nya coba kali nomor valid be you okaydude,1
sih akun gw hilang pas buka connect nya kaga perasaan udah nyampe aplikasi kaga cihhhh,1
be the best,5
membantu trima kasih,5
smoga kecamatan menyerap oksigen bahasa indonesia,5
bagus,5
aplikasi bagus berhubungan orang orang dsri perusahaan,5
sosial media mencari pekerjaan share pengalaman apapun seputar pekerjaan simple inovatif cool,5
capek banget linkedin udah akun verifikasi statusnya kali cek kek gitu barusan coba lg dikirain peningkatan minimal login dimintanya foto ktp udah ikutin smua syaratnya jg gak yah gimana gambar foto ktp mmg blur hubungin call center infonya linkedin gak menyediakan call center au ahh uninstall lg aja kecewa bgtlah akun gak diakses ckckckk,1
keren,5
puas mudah mencari pekerjaan,5
the best app,5
,5
auto uinstall gue gak tau bodohgue bodoh aplikasi nya bodohgak masuk kehalaman utama nya nih aplikasi binatang menghadap keatas,1
woyyyyyyy susah banget login nya menu log in tolonglah diperbaiki,1
udah instal liat ulasannya ngeriiii wkwk auto uninstalllll,1
aplikasi tolol,1
verifikasi menyebalkan salah payah,1
coba,3
aplikasi bagus kerrenn terimakasih linkedin membantu komunikasi orang orang hebat,5
semoga dpt pekerjaan,5
banyakmembantu,5
banya jumplink aplikasiwebsite,1
coba aja,5
aplikasi hapus pake pe lang me palang palangem bae,1
driver,5
takut rungkad kak main disitus kalo kakak nya rungkad saldo kakak,2
verifikasi gak yah klik gambar sya x yg salah pdahal perintah gmbarny,1
sngt puas,5
wawa fx nq zizah nu,5
aplikasi linkedin bersifat publik,5
,5
verifikasi efisien membuang tenaga memilih gambar hasilnya salah aplikasi verifikasi buruk,1
semoga,5
aplikasi tertolol gua kenal verifikasi terbodoh gua liat udh gua klik gambar menghadap salah udah gua ulang ttp salah auto uninstall bye,1
c f,2
aplikasi linkedln bagus meyempurnakan koneksi jaringan dimanapun,5
lowongan bnyak hoax,2
download,5
good apps,4
menyarankan nama profil akun bagus mengisi no last name nama terimakasih,4
redeem,1
aplikasi tolol kirim pesan aja berlangganan mend kalo murah ban aja nih aplikasi ga,1
captcha foolish,1
ttsamson,2
belajar saham,5
search engine not work properly in job tab the result doesn not match with keyword update home tab expire,1
p,5
edit intro ga simpan kesalahpahaman mulu,1
b registrasi sampe email aja ga masukdi capchanya sulitsangat friendly user,1
verifikasi sumpah susah banget hewan gak leher suruh milih menghadap keatas udah gitu dibalik,4
great place to share anything about people development,5
linkedln,4
aplikasi oke menghubungkan recruiter dgn job seeker,5
interest,4
memudah mencari wawasan,5
terhubung resources,5
be the best give invormations,5
susah banget verifikasi nya pernyataannya nya ga make sense tolong dikembangkan aplikasi nya,2
terimah kasih informasih,5
postingan,5
mudah temukan tujuan terdukung penuh berhasil memuaskan penuh keberuntingan,5
,4
download jelek membantu,1
bagus bermanfaat,5
gabisa masuk apk verifikasi berulang,1
good for bahasa,5
melamar arahkan situs web disuruh akun klo udh klik lamar langsung kekirim ya tp digiring situs web merepotkan,4
mommmmmmomomom,5
ribet verifikasi login nya,1
aktif ever,5
hilang uang k gara kaga pemberitahuan update premium berkelanjutan saldo lenyap konfirmasi,1
verifikasi nya gimana nggak,1
ok cakep,5
update apikasinya cepat tgl desember update tgl desember sdhminta update,1
menarik tampilan ui nya moga fitur penunjang,4
bģpx,2
my god what the f be that choose image that point up verification it basically all be same image how i suppose to log in to my account with this app can you just make a normal emailphonequestion verification,1
memiliki akun memiliki koneksi tibatiba akun linkedin alasan otomatisasi pengikut kecewa keputusan linkedin sesuai prosedur,1
fkanwik,5
verif,1
media ter update efektif bursa karir,5
up,5
membantu membantu pencari kerja,5
bermanfaat bag,5
terimakasih linkedln,5
,1
update,3
akun batasi gk ngapain,1
coba semogah bermanfaat,5
verfikasi ratusan kali ttp gak diulang ulangverifikasi dgn bodohtunjukan gambar yg menghadap yg bener sya klik gambar bnr diulangi nya sya coba klik gambar yg salah gak,1
ribet skip udah kaya aplikasi jadul,1
aplikasinya bagus,5
membantu mencari pekerjaan kapal,5
good apk,4
aplikasi terburuk gk profesional akun akun pialang aman akun gk salah diblokir parah sumpah sampah diapk email diblokir permanen komplain resmi disertai bukti menginformasikan salah kandidat dilinkedin mengunakan pengalaman palsu eh akun yg dblokir linkedin gk transparan ya parah dah mudah mudahan linkedin kedepak dr playstore,1
aplikasi ajang pencapaian hidup,4
rada ribet,1
terima kasih,5
coba bagus sy kasih pull,4
mengecewakan,1
gg gebyf,5
loker palsu pialang dll bahaya kadang pakai linkedin akun link orang gk utk menjelekan,1
rd rdand the end of my drr tre earth and i id the same thing e tf r eye rt,5
siiiip,5
oimifub io,1
sy membutuhkan alat pertanian membatu teman yg kesulitan mengolah tanah percetakan sawah pakei buruh mahal trimakasih likedin,5
,5
very good app about work better if any people post not relate about work please ban,5
serius nanya app sprti ya mnggunaknnya,3
cermat,5
membantu manfaat,4
updatetan tolong donk udah terintegrasi perusahaan gampang daftarnya nggak suka kali ngelamar masuk web registrasi bagus keterima kagak habis diteror web notif lamaran numpuk gmail oh ya tolong donk nggak notif gmail terganggu,1
chenes chef,5
knpa gabisa download ni aplikasi,1
force close device xiaomi mi t,5
suka aplikasi linkedin memiliki manfaat membangun relasi,4
aplikasi ga daptar bergabung aja dipersulit mendi dihapus play store,1
aplikasi bagus mencari lowongan kerja refernce,5
tes,2
it be good to build a good connection with profesional person,5
opsional,5
i k i,2
verifikasi berkali,1
edyu,2
very helpful in social media,4
linkedin bagus,5
muter diverifikasi nomer,1
login nya bikin pusing kepala kode keamanan cepat yg ga masuk akal login aja susah,1
,5
login aja verifikasinya susah banget hadeh,1
bagus top bgt,5
mencoba,5
membantu info loker,5
useful,5
why i can not post for more picture wheres the carousel feature,2
login susah pake peringatan manusia ente binatang pake teka teki cari binatang madep koplok,1
gasssssss,5
aplikasi gak buka keterangannya kesalahan jaringan aneh banget,1
x bikin akun kena blokir,1
oke bagus,1
ok,5
apl bagus membantu berinteraksi luas amaze terbaik cuci service sofa surabaya sidorajo gresik pole lantai cuci gordyn,5
bagus nya keren,5
akun diblokir alasan kebanyakan kirim permintaan koneksi pake manual pake alat otomasi apapun bikin ga akses pas udh daftar ya ribet,1
gimana min ga login,1
nya yaa not simple and complicate not human friendly too many question more optional may helpfull,3
bagus cermat,5
,3
linkedinamplikasi pasang bering ret bintang,5
verifikasi nya gajelas,1
bolak mulu,1
parah perusahaan,1
berkenalan dg tingkat direksi perusahaan mengenal perusahaan sejenis usaha ber interaksi posisi jabatan u diskudi,5
baguslah pokoknya,5
susah bgt login verifikasi sesuai arahan log in,1
coba,3
goof,5
x akun sy dibatasi yg aktif yg kali sy ikuti lg aturan nya verifikasi ktp tp msh blm aktif salah sy dmn,5
new job notifucation more than month info new opset,1
terimakasih,4
bintang keren,5
aplikasi membantu terkoneksi orang menemukan info loker,5
pakai linkedln premium gratis sebulan ga pemberitahuan ee dana terpotong account nya pemberitahuan email membeli linkedln premium parah hati,1
moga aja apk nya bermanfaat ya,5
mengirim pemeberitahuan loker email pas coba cocok,1
good for communication,5
e seseaßetqws,3
good app to all employee and company to get connect,5
membantu orangorang mencari kerja,5
coba,4
aplikasi download buru,1
aplikasi membantu koneksi pekerjaan bisnis,5
bermanfaat sukses linkedln,5
aq cari pekerjaan suruh bayar perbulan,1
aja bintangnya,3
membantu,5
d tutup akun,1
rekan seniman lukis negara berbagi kultur tradisi budaya berbagi info seputar seni rupa,5
bagus buanget,5
terimakasih tweter masuk,4
gajelas aplikasinya keamanan ga masukk yg install dri pda marah mend,1
aplikasi taik login pake verifikasi itupun salah,1
oke,3
cepat cv terbaru dibandingkan log in website aplikasi,1
ml,2
okdh,4
apk gak mendingan hapus apps storeplaystore sampah kek gini,1
terimakasihlinkedln,5
semoga dapet job,5
menambah jaringan,5
perusahaan php lamar kerja diliat doang dibiarin ndak reliable cari kerja projekan min tindak perusahaan cuman post lamar kerja gak hire,1
mintak yg hilang tutup hp layar yg segi anny buka tutup layar mohon tolong ya terimakasi bantunya,5
masuk update ulang aplikasi pindah destop menu handphone,1
experience the best of teacher,5
membantu informasinya,2
aplikasi bagus,5
,2
verifikasi login nya gak diganti yg login susahnya mampus gk berhasil,1
membantu memasukkan pengalaman ya linkedin temanteman mohon bantuannya,5
,5
okay,5
uang masuk dr odeo tekhnologi pinjam uang atw apapun jd jgn kirim uang,1
akun disiruh verifikasi data disuruh upload ngga login,1
bintang sy blm mencoba unplod aplikasinya,2
bermanfaat bertemu rekan rekan seprofesi,5
recomend eh pas make verifikasi sulit plus load lemot ga worth pake ni apk,1
tes,3
lelet lemot,1
semoga jobseeker kesempatan skill diperusahaan,5
apk error gak login,1
masuk akun aja susah kali,1
bohong,1
disuruh mengisi langkah keamanan selesai diisi langkah keamanan muter ccd,1
registrasinya main,1
saran aplikasi linkedin pemilik amerika serikat indonesia maaf mendukung penggunaan media cocok terima kasih,1
duluh tinggl asmat papua sy menagis mama bapa kampung puji tuhan mama sayang sy anak kandung,1
best app,5
haiii pengguna lamaran beeikan panggilan rekan yg mndapat pekerjaan aplikasi kalo shering sedng butuh kerjaan terimakasi,3
josssss,5
m,1
masuk update gak update gak masuk,1
,5
daftar ngga nomor hp udh tulis dikirim kode keisi diulang nomor hp ngga ketiga pas tebak gambar no viled trus si gmna blm dftr tpi nomor udh susah kya dibaned,3
okr,5
human right be important or notyou know until noi in they controli still in gobal a prisoner in jailpekanbaru jailriauindonesiai be john yok choy what can i do ask for help another country not one country will help meask for sos they sameis this world not ones of country say somethink to this two countryyou think fosce me can make me to stoptolet the world know whats be happen in this indonesiais how painful and unfair to methey take my parvate personal human right,5
aplikasinya bagus siip,5
super bintang dah,5
good the aplikasi,5
login sesuai perintah verifikasi berujung login,1
mempermainkan orang kali mencoba daftar verifikasi lihat keatas sd ok masuk salah coba kali kau makan aplikasi kau sakit aja hati orang kau,1
pikir lowongan kerja sales yayasan ribet ya,1
keren banget,5
semoga bermanfaat,5
tolong bantu kerja samanya,5
oke,3
verifikasinya aneh banget udh ambil menghadap aja salah,1
no educatio,1
mantul pisan,5
sulit dapatkan lowongan kerja tamatan sma,1
aplikasi bagus bermanfaat pekerja student,5
berharap usia sdh senja,5
yaasss,5
propesi digitalisasi masuk zamannya karir bertambah bukannn digantikan robot karna bisnis propesi hadir ahli bidang level pendidikan masuk kepentingan,5
mantap,4
langganan premium mahal kirim permintaan koneksi dibatasi rugii boss,1
ribet banget ya giliran pencet lamaran perusahaan nya,1
langganan mahal cuk jt,1
okgood,5
login aja g,1
masuk verifikasi sulit salah log in mohon solusinya kak,2
membantu proses mencari pekerjaan,5
aplikasi asu masuk aja susah bngt,1
akun logout login linkedin please back my account,1
very helpfull for job seeker,5
gk linkedin udah berkalikali akun blokir,1
apk gk bolak mlu gak msuk msuk gak rido download gak bkin apk,1
obzakdm l okk,5
birokrasi pemerintahan,5
mantaapp,5
daftar persulit,1
bagus utk yg semngt utk mncri pekerjaan,5
vervikasinya tolong benarkan salah,1
ikaln,1
waw suka apk,1
keren akun profesionalitas,5
kayak daftar nya,5
tu uduu t uu fc ht uji i uu uuuuh u uu uuu i u tu,3
hi,5
gak login login susah bgt verifikasi gagal datanya,1
berharap membantu,3
you,5
i bv,3
aplikasi khusus pendidikan d up lulusan smksma nangis install apk,1
sue lamarnya susah daftar kemana berbauar ribu,1
search terbatas kecuali premium,1
aplikasi dunia cari pekerjaan,5
daftar tp verifikasi mulu abis verifikasi notelp trus verifikasi nyari kerjanya klo ngurusin gambar menghadap mulu heiiiiii,1
nice,5
masuk aja susahharus tebak tebak n kayak bocah sd aja gambar nya gak,1
panggilan linkedin,5
terima kasih linkedin,5
keren membantu,5
oi masuk akunt gw gmna rei adit sh qwp gilaaa,1
ribet sesimpel,1
nice and useful apslove it,5
cepat info terima,5
terimakasih,3
coba tp hoax sy hapus,2
pengurus lansia,4
membantu mencari pekerjaan sesuai dgn pengalaman kerja,5
wajah eeeeeeeee,2
masuknya sulit disuruh tebak gambar robot,1
aplikasi yg mudah nambah pengetahuan relasi kawan wawasan butuh loker,5
alhamdulillah mudahken jalannya terserah alloh swt deh,5
apk niih aseeem gagal log in kirim kode keamanan x,1
masuk verifikasi okelah kandemi keamanan beres verif ko log in log in verif aja ngulang disitu ga masuk masuk,1
aplikasi terbaik dibidang ya bermanfaat aneka bidang ilmu lapangan kerja,5
ok,4
kocak robot kaga inimah milih gambar kodok menghadap keatas udh klik ttp kga mao menghadap kmana kah,1
sassooiaßlxalmalalalaekikķß⅔⅔ video,4
nyari kerja d persulit blk pendaftaran k apk,1
oke,5
mencari info loker,5
sulit masuk login,3
lupa makan,4
cari lowongan kerja amerika serikat jaman suka warnet malam malam seminggu warnet,5
mm mm m j k k mm m kn k,5
,5
nyangkut,1
aplikasi gajelas registrasi ajaa ribet sms ga muncul mucul,1
ok ok,5
,5
ribet masuknya,1
link in perbaiki informasi profil preferensi industri diganti rumah produksi tetep aja bertuliskan merah mohon diisi gitu,2
membantu dlm berkomunikasi,4
bintang upgrade menyusul mencoba apk upgrade info ketersediaan lowongan kerja ditawarkan thank,2
alhamdulillah bagus,5
kasi bintang dlu,3
up to date inovatif,5
bg bgt ya w y harigbhb,2
wis okeh,5
akun bikin bolak menu pendaftaran,3
min astaga gue verifikasi tebak gambar hewan ngadep ya gue tau jir gambar aja gajelas burem warnanya bikin blur kepotong makan banget loh,1
eesses ez,2
aplikasi job seeker palinh fav karna uiux nya enak dipandang mudah dipahami,4
linkedin yess,5
三一一 一 v j v j ccxxxxxxnwahb bewbqb一一一一一s我,4
gandeng karna buta mata otak filosofi,5
membantu pencari kerja negeri negeri,5
senang aplikasi linkedin kenalan bertemu teman teman profesi karirdan saran ajakalau bisajika postingan politik dlldiluar fungsi linkedinjangan postingterima kasih,5
mendaftar apk ni bolak pendaftarannya masukin email nomor telfon nama verifikasi telfon stlh lanjutkan ulangi daftar isi nomor telfon nmor yg verifikasi dpt dipakai nomor nmor yg coba bolak kecewa,1
aplikasi profesional inspirasi kemajuan khalayak sukses salam hormat,5
t r,3
yayyaay,5
properti tanah jateng,5
aplikasi yg bermanfaat,5
verifikasi log in nya ribet manusia ga make sense,1
susah banget sih verifikasi nya bikin emosi aja auto uninstall,1
bintang dulukalau apkikasi nya bagus full,3
kga download stick mulu ulang ulang jga udh android pdhl,3
ga edit deskripsinya dibenerin deskripsinya,3
ok semoga terbaik,5
teruslah berinovasi,5
,5
apk anh suruh verifikasi gk lol bgt sih,1
aplikasi berguna,1
app njancoooook babi,1
bagus aplikasi,5
mantep,5
akun ter log out ya,1
login aja gabisa bilang manusia disuruh klik gambar menghadap keatas salah mulu app buta gabisa bedain,1
oky,5
great information,5
good and experience,5
good good,4
sy kasih klu manteeep kasih lg,3
resto cafe hotel bandung cook cdp sous chef chef,5
nyoba,4
b,3
cool,5
hurt,3
niat cari job kerja pas masuk udah daftar deskripsikan gambar hewan gambar menghadap bermanfaat banget ribet udah x salah mulu emang banget pastiin kalo login manusia diperbaiki aplikasi bikin ribet orang aja permudah penggunanya gimana si heran,1
,5
apps bagus langsung kasih bintang dah,5
l,2
aplikasinya payah sekelas linkedln programmerrnya pro bikin sistem diaplikasinya error gak berfungsi diupdate aplikasi membantu daya aplikasinya gak diupdate errorr nya,1
aplikasi inidan membantu,5
semoga linkedin membawaku pekerjaan impianku,5
trimhkasi udh mengaktifkan yg butuhkn,5
bagus jd mudah mencari lowongan kerjato,5
tolong tinggkat min apk nya bugus,2
never,2
here,4
good pencaker,5
kali buka moga memenuhi harapan,4
mencoba,3
semoga membantu,4
susah masuknyakayak nyuri ajabintang ga layakkesal,1
ok,5
maaf pelajari,3
gewd,5
fiture membatalkan premium gak berfungsi aja menjenjebak konsumen membayar tagihan gimana sih linkedin parah,1
bagus melamar mudah,5
sangatsangat membantu keren banget,5
,2
membantu mencari pekerjaan,5
bagus sayang ga loker post slta sedih liat kenyataan apk linkedin kudu s wae,5
ampunsy udh bnr gk suka bgt kayak gini sampah udh masuk login bnr diulang,1
,1
nyusahin anying,1
aplikasi iklan nya gua malas download,1
aplikasi nya bagus sy kendala utk update admin bantu terimakasih,5
linkedin be not for profesionalism platform because many people especialy indonesia update something status to goverment harassment and i think linkedin let in happen,1
linkedln mantap lha,3
samagt bagus,5
keren membantu menolong jobless,3
thank likedln,5
suka aplikasinya jarang buka,5
tolong keamanan verifikasi nya eror susah masuk,1
mntap,3
tolong nyampah email terimakasih,3
masuk login aja ribet pake gambar gajelas permudah ngapa,1
gatau gimana berlangganan premium linkedin,5
melengkapi profil gangguan gak tolong perbaiki donk,1
smoga kerjaan yg berusaha dn berdoa,5
bina rumah sambung rumah dapur pagar ikat batu mengecat rumah pasang ciling double top kitchen bungbung leak pasang tile pasang pintu,5
jasa pengiriman cargo,5
bonus kuota bonus kuota,5
maaf kasih dlu,3
aplikasi dowloam laptopkah,3
kasih bintang menginspirasi,5
verivikasi gambarnya gitu,1
i do not know what happen with this owner linkedln be ban my account from the website but thank,1
aplikasi akses google,1
force close september,3
good app,4
laaawo,1
gak nyangka daftar linkedin data bocor wkwkwkwk banget chat whatsapp yg coba penipuan wa gw,1
aplikasi bagus manfaat nya mencari kerja membangun network membangun,5
temen,5
salam dfm,5
ni knpa updategmbarny putih pdahl jringn bgusknpa y,3
log in verifikasi nomoe teros,1
ftcrgt ya gak g,4
blm dpt kerja dr linkled jd kasi bintang,2
kasih kalo membantu ku bintang,4
membantu bermanfaat,5
pembaharuan profil gak,1
heran gabisa diakses kalo blm update,1
semangat,4
search by post,1
seaching berdasarkan postingan ga ya,3
gak search post eror algoritma nya rusak,1
pencarian tuju liat postingan gabisa,1
oke ditingkatkan lgi sistem pencarian nya thank,5
,5
recruiter,5
jabal boma,5
tata usaha smp umkm,5
verifikasi keamanan cepatnya susah suruh nyari menghadap,1
menyimpan keterangan jenis bidang perusahaan sesuai yg,2
membutuhkan pekerjaan lulusan sma mencari pekerjaan dimanapun membaca lokernya yg dibutuhkan d s udahlah terimakasih linkedin,5
aplikasi nya udh ok tpi tolong min oknum penipuan ko sampe lolos gitu kena tipu loh,2
bismillahirrahmanirrahim kunfajakun amin ya robbal alamin,5
tñm w,2
jelek jngn donlod boros kuota,1
login tebak gambar ya email password sesuai,1
verifikasi gajelas su,1
very need,5
mantap,5
aplikasi membantu,5
klo bintang kasih minus bintang,1
mantab,5
mohon perbaiki,2
foto profil diunggah,5
so far so good,5
verry good,5
ga pakai gmn hapusnya,1
bagus,5
belajar,4
membantu terima kasih link in,5
gak daftar login,1
tolong update berdasarkan lokasi diperbaiki filter cari berdasarkanokasi kemana,3
good aplikai,4
nelareza,5
login aja ribet banget,1
verifikasi nya bikin emosi udah klik sampe kali nyoba msh gak terverifikasi gue robot aplikasi sok emang org butuh banget sampe verifikasi kayak gitu mend hapus nih aplikasi kayak org butuh aja,1
cfddllele ff lollvfgolo,5
k,5
mudah cepat membantu terima kasih linkedin ok be the best,5
mudah mudahan terhubungnya linkedin teman,5
fotonya disebarluaskan hak izin ya,1
mengesankan,5
melamar ribet alihkan website,2
semoga aplikasinya,5
profil gak diperbarui kirim email gak balesan,1
mw update ga disuruh coba terusan,2
linkedin aplikasi membantu memudahkan mencari pekerjaan alhamdulilah kali dapet pekerjaan karna informasi linkedin,5
loker nya mulu ga berubah ga dipanggil,1
blm yg pas,5
indonedia,4
menguntungkan,5
dihargai,5
iyq,5
manfaat nya bagus terimakasih,5
bintang aja karna postinganya,3
mengecewakan,5
an exceptional network platform,5
please melamar yg kirim panggilan kerja orang itupun panggilan gedung perusahaan ruko gerangan mohon evaluasi rekruitmen nakal,3
min gak tutup akun ya,1
mechanical electrical pip plumb pipe hydrant structure,5
,4
jaringan koneksi userbos relasi terbuka terbantulinkedin aplikasi digital pemersatu manusia modern,5
tolong linkedin berwenang saldo dana terpotong pembayaran google linkedin otomatis pin melakukannya pembayaran apapun uang,1
bagusnya coba,4
log in aja ribet bgt,1
jj tipis,5
info lokernya,4
coba yg tau bermanfaat tugas,5
em bb nyata nyatnyata nnnn nyataih kak request ya oee r iii,3
apk udah masukin kode verikasi lwt telpon aja g,1
taknks,5
lagu all o l ok loooo omk ooo ll lool ooom k mmm o mm ooo oloo ooom ooo ko o o o lop l l ol oolooomlllooomok koplo oo llp looklopoo o koo o o oo,3
membantu informasi nya,5
semoga dpt perkerjaan,5
awesome app,5
sip keren,5
alsixll,4
ldiperkosa,1
gak login aja susah jaringan bagus tes gak,1
trima kasih,5
jarang buka,3
sipil kontruksi,5
bintang dapet kerja,1
gas,5
bagus,4
pake prenium suruh uji coba gratis bayar duluan namanya ujicoba gratis uji coba bayar bayarnya rb gak papa rb pulak hadeh manipulasi bahasa nya lo,1
ok sip,5
diperbaiki,5
komunitas sosial profesional,1
ashu kagak lihat lamaran gua,1
kerja,5
membantu,4
verifikasi nya kek,5
nice helpful app,5
masuk aplikasi ndak note email,5
ya min perbarui profil edit yg udah simpan edit disimpan hilang aktivitas deskripsi nya menggugah dokumen logo kampus universitas jember ngga,1
makasih,5
mntap,5
im happy with join link,5
good,5
uninstal,1
great place for build connect and personal brand,5
saszaeass,5
,5
daftar aneh memasukkan kode dikirim link in bintang aplikasi,1
ngelamar kerja masuk aplikasi kayak gitu mend nggak download aplikasi aja,2
informatif,4
aplikasi diinstall perangkat android,1
bagus mencari kerja,5
daftarnya ribet,1
waowwwwww,5
memudahkan mencari pekerjaan mecari teman profesi,5
so far so good,4
aplikasi bagus insight relasi,5
menemukan fitur mengirim file pesandm,1
ngasih captcha gausah ribet mao masuk aja gagal,1
good,4
top,5
ya ok in,3
wow,4
ot sd,1
ya to,2
be yg mantapannn,5
aplikasinya error ya,2
mudah opsinya,5
good performance,5
oll mnm vv bbuk iku ul,3
informasi pekerjaan terhubung rekan kerja calon rekan kerja sebatas mengenal aplikasinya membantu,5
good aftermon,5
tldak akanlagl mencetak struk,5
baguuus,5
semoga jalan,4
ribetga da lowongan kerja yg aceh selatan,1
mantap,5
market agent to century bandung,5
ok joss,4
,5
bagus,5
juos,5
susah banget masuk aja susahnya ampun verifikasinya,1
bagus aplikasinya info lowongan kerja,4
emboh,4
sip dlu,4
terima,4
good app membantu,5
inovator,5
help me for career share career webinar reference network and job vacancy,5
bergabung dgn linkedin masuk email pribadi langsung muncul diprofil diperusahaan tahap proses recruitment mohon penjelasan terkait menerima konfirmasi diterima menunggu proses recruitment tahap selanjutanya,5
ko susah si udah masuk akun,5
pakaimelamar nggak tembus respon kendala lamaran tolong tanggapan lamaran kirim perusahaan,1
sungguh mantap aplikasi nya,5
helpfull,5
kwren,5
good bisniss,4
aplikasi mantap,5
platform bagus profesionals,5
jos,4
pengemudi,5
ribet login nya pake tekateki udh gitu salah mulu gambar nya aja kaga juntrungannya,1
nice,5
aplikasi tholol verivikasi login sampe x nggak masuk,1
verry good,5
aplikasi gk jelasssss verifikasi keamanan gk ngulang x tetep gk cocok,1
bagus ukt info pekerjaan,5
too much ask for ubdate,1
fantastic,5
good n smooth,5
kali masuk bisapadahal email password verifikasi manusiapadahal email password benarhuffffftttt,1
hse profesional,5
bagus la,2
lumayan bagus sih,4
menambah relasi,4
piye yo verifikasi gagal dikon mileh gambar kewan madep duwur gambare duduhno silit pilih teliti ora ngefek opo mneh ngacak bolak balek tetep gagal lha x x megelno jempolan tangan gaweo sak karepmu sehat,2
akunpun ribet,2
pertemannan,5
membantu mencari pekerjaan mencari kepastian forum forum kejelesanya masi ragukan,4
linkedin good aplikasiontl like itsucses always,5
wawasan ilmu pengetahuan bidang industri,4
keren banget business owner,5
gk genah masuk apk aja verifnya susah bner klo gambar oke suruh salah aja ulang lgi hahaha apk jembootte ga,1
oke banget,4
bermanfaat pencari kerja,5
lupa pasword login ulang verifikasi gambar gagal,3
very good in look for business relations,5
the best of best,5
oo ya,1
bagus link pekerjaan,5
keren banget,5
pekerjaan software engineer full remote wfh mantap,5
orang sukses,5
verifikasi nomor aja susah,1
nagus,3
mohon diperbaikisudah verifikasi verifikasi menurus selesainya nih dikasih,1
aplikasi memudahkan mencari magang berguna,5
membantu perkembangan dunia n teman negara,5
what what see sssugjr,5
verivikasi brapa x gk bisaa gk bresss,1
butuh uang,5
luarr biasaa,5
hèee,5
aplikasinya sih masuk mesti tebaktebak gambar,1
semoga linkedin jalan pekerjaan,5
aplikasi sarana mencari cari peluang kerja harapkan,5
lumayan wawasan dunia tetangga,3
very good,5
dp kolextor,5
,5
mantap nambah relasi,5
membantu banget pencari kerja,4
dubhe corp,5
busuk akun direstricted gak,1
sulit mencari lowongan kerja mencari usia,1
thank linkedln,5
aplikasi membantu pejuang pencari kerja bagus,5
ya suka aplikasi,5
fleksibilitas dashboard menarik,5
bagus membantu peluang berkarir,2
bagusisinya orang smart,5
tolong ya kak linkedln ku gak dibuka mohon bantuannya,5
good,5
media sosial positif bagus informasi karir,5
bermanfaat nama alamat perusahaan start up terimakasih,5
kalo dah dapet kerja kasih sempurna,3
apikasinya berjaringan,5
good apllication,5
nyoba,4
keep up the good work,5
aplikasi membangun berguna,5
susah bgt update nya,1
tombol back hp tampilan halaman sblmnya mohon diperbaiki input jenis pekerjaan filternya,3
update,4
no market semen padang wilayah bantenterimakasih,5
link in be you safe for member why my linkin app appear not my account,1
membantu mencari teman pekerjaan,5
aplikasi terbaik membuka berfikir memperbanyak sahabat saudara,5
sanagat membantu pekerja,5
buka smoga membantu,5
wro,5
deep,5
buka komentar lihat profil akun,3
nyesel banget dowload app susah verivikasi nya slalu salah trus ketipu,1
berbagi informasi,5
gakbisa daftar sekian maksih langsung gua uninstall,1
ribet nyari kerjaannya masuk link link,1
membantu nambah relasi,5
info thank,5
,3
operasional director,5
coba bagussayatambahin,3
semangat dg aplikasi mbantu support,5
pendatang mudah amplikasi membantu,3
i io,5
rejeki,5
bisnis,5
thank,5
terbiasa mega channel parabola visaid,5
tap,5
,3
terarah teman berbedabeda,5
mudah komunikasi,5
terimakasih linkedin kesempatan pekerjaan orang linkedin seru gapernah kecewa aplikasi pemakaian jd aplikasi yg buka schroll harinya,5
pusing kambingnya,1
bagus kebutuhan orang,5
puas keren sih membantu banget update informasi pengetahuan,5
terimakasih,4
semoga jalan,5
jossss,5
kalo gak nebak gambar gak bacaasal nyerocos aja nob,5
nice to meet and connect with our friends and other,5
membutuhkan pekerjaan daerah banyuwangi link membantu cari pekerjaan,5
oke bagus menyimpan cv yg berguna,5
membantu cari loker depanya,4
knp mm n n kmna m,3
bermanfaat menambah wawasan,5
lengkap mudah,5
cari kerjaan favorit,5
no good,2
incredible bussiness application,5
aplikasi si ko dowload mulu pdhl dah batalin,3
bantu ovo ya kak uda capay carik makan sampay hinak orang sabar mecarik makan anak ku kak,5
baikin verifikasinya login akun aja ribet bannget,1
crazy app why be the verification so difficult and keep repeat even though its true but be tell to keep on verify stupid application better move to the jobstreet application if this be the case,1
aplikasi membantu pencari kerja indonesia,5
relasi bisnis channel pekerjaan terbuka pertahankan kualitas,5
membantu meningkatkan relasi forum dikusi,5
a very good network to find and establish relationships with new relationships,5
jancox,1
wushang,5
aplikasi bagus pekerja menjalin relasi pekerjaan,4
link memuas,5
applikasi rusaak udah coba bikin akun slalu aja perbaiki laah,1
susah bgt vertifikasi nya,1
aplikasi ok,5
ribet masuk nyhrs ulang,1
cis,3
percobaan,5
halo dimana kontak team support mengganti nomor telepon nomor telepon mati terimakasih,4
mencoba insya allah bagus aamiin,5
bantu ya,5
branch manager ptmandala multifinance tbk,5
ok banget,4
bonafit dipercaya,5
ratu adil imam mahdi dana raksa,5
aplikasinya bagus membatu mencari pekerjaan relasi profesional tingkatkan layanannya,5
oil,4
bagus banget bantu orang yg cari kerjaan,5
tdk yg info lokernya cenderung facebook,1
sangt bagus,5
update terbaru deeplinknya eror login eror,1
driver dump truk,4
nice appthanks,5
very good,5
now komen,4
exxelent aplication,5
stres nyelesaiin verifikasi keamanan nyari kerja kamfret,1
jembuot,5
membantu,5
udah kali dapet panggilan kerja kali ga satupun yg asli hoax semuamasa iya tes pt yg berbeda tesnya samadi ruko lgitolong tingkatkan lgi biar loker penipu laporkankasian yg lulus yg pengalaman kena tipu,1
membantu pencari kerja,5
ga masuk,2
verifikasi teka teki nyaa aneh dah aja salah ga,1
membanru,5
bagus aplikasi nya,5
aplikasi ribet mempermudah mempersulit,1
sit,1
upload foto profil background jam sinyal oke wifi oke but app nya,2
aplikasi berguna pencari pekerjaan,5
breakthrough app,5
linkedln membantu cari informasi linkdln perlukan linkedln siiiipppp,5
apk gak,1
log innya aneh,1
ga ngaruh dapet kerja udah pake dr jaman kuliah sampe penggunaan,1
apk taiiiii udh bener verifikasinya terusan suruh verifikasi ga beres aja bikin apk tebak gambar gaush bikin apk kaya ginian niat hati nyari peluang dibikin pusing,1
klau salah panggilan kerja apk kasi bintang,3
bermanfaat,5
fungsi,3
kiano bi a p,2
gk masuk yah tulisan akun dibatasi udah verify identitas dihubungi hubungi please tolong cari kerja kuliah,1
great job,5
pns konsultan bidang civil engineer,5
gy,3
membantu sekalimenambah jaringan pertemànan koneksi nya,4
enjoyer,5
slamat malam linkedinmohon bantuannya mengganti nmr simcardtetapi kode verifikasi k nmr yg lamadan lupa password,5
cool,5
freeze lag force close intinya jelek,1
hahaha,5
bagus pertemukan orangorang,5
gagal teka teki gambar nya dimensi nya apk nya sih taikkkk banget,1
be good,5
upload foto gagal mulu sih,1
bneran ga sih lokernya panggilan tp ga pt nya,2
ay,2
ditingkatkan lgi,4
hidup simpel brooo ribet verifikasi aja ribet banget,3
membantu personal brand,5
apitas,4
goody good,5
ribeettttyou know ribet its confuse me to log in its to much verifikasi,3
nyaman,5
ga verifikasi,1
tes,1
aplikasi kntl daftar ngak juh,1
ga tau deh ngomong,5
kl,4
aksesnya sulit verifikasi berulangulang,1
jempol,5
membantu bermanfaat,5
aplikasi bermanfaat professional,5
gk,1
in,2
sih logindoang suruh pilih gambar arah mulu dipilih gak sesuai mulu login doang aja ribet bener,1
verifikasi nomer slalu gagal gak bis masuk aja ya solusinya gimana,1
membantu informasi lowongan pekerjaan,5
semoga mmbantu,5
om join,5
jarang akses,5
cari kerja susah tolong susah maksudnya gmn si susah banget verifikasi disuruh pilih gambar menghadap keatas tp gagal,1
daftar udah susah sungguh buruk diperbaiki sistemnya y pdhl pakai wifi blank aja gk gerak load eror nunggu smpe gtu j uninstal j ni,1
gak isinya cuman orang pamer jabatan pamer kerjaan soksokan ngasih motivasi isinya sampah lo cuman budak kagak belagu dah,1
mencoba kasi bintang,2
gak lowker langsng lamar ya kdng hrus unduh aplikasi laink kayak glits jobstrest gtggt ribet,2
thank linkedin,5
membantu mencari koneksi pekerjaan,5
jossss,5
or,2
membantu,5
liit n,3
dchitdbk,5
puas pelayanan terimakasih kak ditingkatkan ya kk puas usaha amanah,5
aplikasi game bagus teman yg suka permainan btc bertaut unik mudah bermain kasih bintang sy tinggal tunggu pencairan dana proses mudah mudahan pengalaman hasil memuaskan,5
mudah mudahan,5
gak login,1
aplikasi mempermudah orang pekerjaan sesuai dinginkan,5
trim link,5
okkkkkk,5
universiity researcher profesional consultant in environment for north sulawesi government since environment impact assesment consultant waste water discharge assesment in several private company,5
link n jaringan yg bermanfaat,5
membantu komunikasi bisnis pekerjaan,5
can anyone tell me how to get verify by number i try couple time it didnt work respon kode nocaptcha valid diisi this be waste my time a lot,2
min berantas pt pt yg penipuan saring bener pt fiktif yg tertipu kasihan yg cari kerja tertipu,2
gatau aja kali ya kalo pas tambahin media kolom pendidikan pengalaman gitu kaga upload kaya nya linkedin lemot banget aja kejadian upload media metode link gdrive gitu kaga bisabisa tolong bug kaya gini diperbaiki tampilan nya udah bagus lemot nya kalo upload media,5
memuaskan,3
ko gak masuk yaa bingung nih aplikasinya uninstall aja dah gak gunain nya daftar mulu gak masuk heran dah,1
permintaan pertemennan,5
liat,4
info pekerjaan yank nggak pesan masuk disuruh interview pt pt nggak masuk lamaran pt penipuan apk,1
aplikasi simple verifikasi simple pokoknya serba simple,5
membantu pra perjuang mencari kerja,5
lowongan pekerjaan palsu penipuan,2
meningkat intelegensia pengetahuan,5
lnformatif,5
cobah,1
menarik,4
want more new friends and share experience on social media,4
sinyal g,5
aplikasi pencari kerja yg bagus,5
bagus menarik,5
suka,5
sulit menginstal link,3
very good apl,5
mm mama k,4
tolong linkedin perbaiki iya jaringan sinyal bagus kouta g login,1
gentot istri tetangga china ketagihan,5
ok bnget,5
manajer,5
ok pokoke,5
up date mengosongkankan download yg down load,1
alhamdulillah thank about your information linkedn,5
voba,5
perasaan ganti pasword tp sll gagal masuk aplg verifikasi berkali gagal gambar katak,1
bingung banget login ulang gimana nama pass salah udah diulang berkali pass,1
sippplahhhh,5
tq bravo,5
elegan,5
membantu mempermudah link mencari informasi penjuru dunia,5
semoga mudah cepat diperngerti,5
akuntan pt bank danamon indonesia,5
informasi job,5
bahasa asing mengerti,1
membanth,5
daftar akun verifikasinya kek ajg,1
pake aplikasinya suruh login berulang kali ya udah login disuruh login menerus,1
semoga bermanfaat kasi bintang,5
bintang menjadikan perjalanan karir mudah menyenangkan,5
menunjang karir,5
senior general managermanage all aspects to build the prospectus high rise land and commercial properties,5
jgn donlot verifikasi nya gila,1
ooow,5
i get job from this app,5
verifikasinya susah gambar mengarah keatas bolak gk repot apps,1
so,5
aplikasi terkampret yg prnah gw downloadmmau verifikasi aja susah nya ampun pakai kuis nebak hewan menghadap atasudah semuapas salahulang awalhidup udah ribet ribet,1
aplikasinya bikin ketagihan pencari kerja semoga cepat panggilan kerja buka aplikasi,5
gak tau,3
kebanyakan loker ngga jelashampir yayasan,1
taiiiii,1
nice sytem,5
mudah,5
semoga memudahkan berkomunikasi efektif,5
nyari lowongan dipersulit verifikasi,1
good app i hope more better of future,5
bagus,5
terima kasih aplikasi,5
masuk update udh update tin apk ayoo,3
survivor,5
top aaja,5
bilang pasword salah mengubah pasword langsung klik lupa pasword kode autentifikasi udah pake aplikasi google miscrosoft authenticator sesuai penunjuk kode dinyatakan salah gimana min hub kontak linkedin respons,1
,5
informasi bermanfaat dunia pekerja usaha,5
apkne ruwet mas sng gena ae,1
blm terbukti,5
occ,5
halaman tersedia,1
loadingnya lambat,1
bagus praktis,5
nih aplikasi apaansih pilih gambar menghadap keatas kaga bida ajgg sampah banget,1
gaei,5
good aplikasi,4
good day,5
,5
goood,3
great job,4
aplikasi yg bermanfaat,5
link id bobrok ga log in,1
gambar verifikasi gagal teruuuuus,1
manteeb bangett,5
susah verifkasiyo mumet minn,1
bagussss,3
aplikasi bagus bermanfaat seprofesi pelaut aplikasi linkedin bermanfaat,5
biasahebatkitasaya pribadi merasakannyakita terhubung teman yg beragam latar pekarjaankehidupanekonomiws pokoke top markotop,5
kode verifikasinya ribet rancu,1
berguna mempromosikan disamping menambah rekan sahabat,4
loker palsu penipuan yg mengatasnamakan pt a b tolong filterisasi merekomendasikan loker bodong,1
terimakasih membantu,5
cook train commis oberoi hotel commis carnival cruise line kontrak river cruise line kontrak chef de party,5
apk,1
ix,5
min tolonggggggggg x coba verivikasi gagal help mari lakukan pemeriksaan keamanan cepat mah gak cepat udah dibukabuka udah jelasjelas bener gagal servernya bermasalah,1
great app,5
jainalktbr,5
suka linkedin dijadikan jualan produk,3
udh ngisi kode tpi terusan diulang coba perbaikin bug nya,1
bagus membantu,5
susah banget masuk apk nya gak suka,1
login user and pass bener,1
amaze,5
membantu mencari relasi pekerjaan,5
always be communication to others one and believe in and believe in good body jaringan empuk strategi perjumpaan hubungan warga penjaringan nyata tunjukkan probadi wewenang pemikiran cari berpikiran positif sejuk iman motivasi kuat,1
yg nanya verifikasi nya fokus baca verifikasi aja males gmn kedepannya yg menghadap keatas gambar yg posisinya berdiri yg kesampingkebawah ga paham otaknya beneran dengkul,5
berguna,4
teka teki nya menyulitkan masuk,1
verifikasi gambar terossssssss,1
ribet verifikasinya,1
gooood,5
aplikasi mempermudah mencari lowongan pekerjaan mempersulit teka teki,1
gajelas login verif muli,2
optimal,5
tdk membantu,1
gjls verifikasinya,1
ajg ni apl,1
coba semoga bagus,5
pengalaman spv sales oprasional manager perusahaan fcmg,4
sip,5
mmo l mo iyanmkl nn mk,5
pendidikan,5
respon positif,2
verifikasi salah sulit,1
cerita gk,1
ayo bro download linkedln bebarengan,5
aplikasi bagus dunia kerja menambah koneksi,5
thank linkedln,5
kgk perbaruhibukannya bagus jelek susah,1
aplikasi buang verifikasi nya,1
barangsiapa kemudharatan muslim allah kemudharatan barangsiapa merepotkan menyusahkan muslim allah menyusahkan hadits riwayat abu dawud nomor at tirmidzi nomor dihasankan imam at tirmidzi,1
jelek bgt gak registrasi verifikasi nya gak support,1
suka masi linkedln in,5
verifikasi tertolol,1
gak kirim pesanmasa upgrade premium dulumana mahal,2
gak faham,5
bagus bangeut,5
nyusahin teka teki gambarnya bikir ribet,1
mengalami apapun alah nya berjalan lancar,5
ok dech siip,5
great aps,5
why must the verification be so complicate and confuse,1
good job,5
jajajaja,5
puas,4
x xc,4
susah cari kerja,3
manfaat mencari pekerjaan,5
aplikasi,5
bagus bnget,5
verifikasi menyulitkan,1
apk gimana siii verifikasi aj terahirnya salah mulu pdhal udah bener,1
ribet bgt verifikasi salah ngulang berkali ujungnya gagal hadeh,1
bagus membantu,5
sistem keamanan diperbaiki,1
lumayan,5
aplikasi lumina,1
teka teki sesat,1
membantu temen postingan stres mahal lakukan jenjang anak cucu ki te,3
udah ceklis dah bener teka teki nya disuruh verifikasi lg trusan knapa sih mesti ribet gitu pilih gambar hewan ngadep jelekkkk bngeeettttt apk mesti gimna coba bikin akun linkedin nya,1
jelek,5
tingkatkan kualitas kuantitas memuaskan kebutuhan pelanggan terima kasih,5
membantu menemukan informasih pencari kerja mohon menyulitkan,2
so good be very good,5
ok informasi,5
alhamdulillah suami kerja aplikasi linkedin,5
bekrjadi ptalmrugisbagai mnijr mrangkapdnganskrtariat,5
ĺqq,3
top ok,3
bermanfaat tukar berbisnis,5
log memikirkan badak menghadap,1
ganti sandi kode autentifikasi,1
bertebaran kawan,5
teka teki sulit ga,1
susah verfikasi ribet,1
informasi nya keren,5
membantu jobseker,5
lalot,1
perintis pendiri pasar lelang agro jawa barat badan ketahanan pangan sbg kelompok kerja khusus pendiri koprasi pasar lelang agro provinsi jawa barat,5
tq for job,5
aplikasi sampah login aja susah verivikasi nya kayak sampah,1
nya permudah persulit,1
connect,5
mantapsss,5
bagus job seeker,5
verification tolol apk gak masuk,1
apasih gajelas verivikasi nya salah mulu cape gw anjir tebak gambar ga udah udah gajadi dah make linkedin ribet,5
aplikasi membantu,5
linkedin fb tautan berbau politik event forman e bicara politik silahkan aplikasi,1
teralalu susah blok verifikasi gambarnya,2
mudah informasi,5
ndaftar tpi isinya inggris,3
,1
bintang ga verifikasi gagal klik gambarnya udah bener,1
susah banget teka teki nya memeriksa keamanan yg sentuh gambar yg menghadap coba pas selesai pasword yg salah nggak ngulang,1
in sukses,5
be profesional be my habit,5
oi developer knp sulit banget verifikasi gambarnya ya hadap salah dah mire in layar,2
membantu menyusahkan tebak gambar log in bertele tele aplikasi harap cepat hapuskan pembodohan public teman keluarga anjurkan memilih aplikasi,1
ribet pake banget ngebantu ngebatu bikin kesel,1
yeah fantasty dinesty good like this full peaople fire and puy people good like life for you nice ok,5
mast kasih bintang pakai keamanan tebak gambar salah,1
qw ew e,3
bagus babget,5
mempermudah mencari kerja,4
rporì,1
gak ngerti banget sma pemeriksaan kemanan nya no ngasal ttp acc tpi pas yg serius jg salah mulu heran sumpah,1
coba yah,4
suka linkedin komunikasi teman share pekerjaan sesuai kualifikasi,4
bikin tes keamanan ribet cari kerja gabisa lewatin tes tebak gambar gajelas gini,1
msntap jg apl in,5
sistemnya ribetlo nyediain aplikasi lowker aplikasi pisikotes,1
jaringan informasi,4
aplikasi jelek banget verifikasi ribet banget verif kode otp aplikasi aplikasi pinjol yg masuk,1
aplikasinya instal mentok,1
no comment,3
teka teki yg sulit pahami udah coba salah bingung teka teki verifikasi,1
bagus psikotesnya gambar,4
marabika mitra global sumarorong kab mamasa prov sulbar,2
aplikasi dableg login aja suruh nebak kodok bego,1
verivikasi keamanannya ribet bikin pusing,1
spg sepatu pt dodo garmen pt mentari mulia berjangk,5
aplikasi ngerjain orang doang tembak gambar masuk udah bener tetep aja disalahin tolonglah aplikasi yg mudah masuknya,2
sistem verifikasi bener lahsuruh madep tepatyang ceklis posisi berdiri normaldijawab berdiri normalkurang gimana kocak,1
ko aplikasi nambah gax jlassnya aja sdh jlass sandy nya bnr truss ferivikasi brulang ydh jgn download,1
apk busuk bikin emosi,1
bagus cuman pemberitahuan orang menyukai ulasan klik ulasan,4
lanjutkan,5
knapa gk verifikasi,1
susah bgt utk verifikasinyatilong dipermudahtq,1
masuk aja susah najis,1
membantu aplikasi,5
sulit mengupload dokumen sertifikat sortirnya user,1
platform ribet,1
mantapppppp benerrrr,5
bangke ni apk bikinn emosi aja,1
linkedin mantap,5
lamar pekerjaan mudah linkedin,5
,3
o,1
daftar verifikasi modar,1
android aneh bgt ya,1
ga teka tekinyauninstal ajalah,2
aplikasi mengesalkan yg,1
cari loker,5
ga masuk aja,1
buruk teka teki udah sejeman sampe reset password aja teka teki kalo nyusahin bilang aja,1
kerenn,5
elrty,5
ih bagus banget,5
download tp bintang survey nya,1
mudahmudahan cintanya,4
kesel banget deh linkidn pas verif susaaaah banget ngegampangin orang nyusahin orang,1
udah ribet spam email lulus loh apply ndak kelanjutan spam email,1
bagus kalangan pencari kerja,5
linkedin verifikasi aja ribet nauzubillah mah ga bermutu banget pinter dikit napa,1
ujungujung nya calo yg mnta adm duluan lu jaman kompeni,2
habib sholikhin,3
losss,5
qaàqu u u u u u xxt,3
bagus,5
bermanfaat menambah pengetahuan wawasan,5
membantu job seeker,5
ribedin orang pakai tebak gambar,1
masuk aja ribet banget,1
ok terimakasih bergabungkoneksi jaringan,5
tdk suka verifikasi keamanannya mend teka teki benda seperi verifikasi keamanan google menghindari robot cari gambar hewan menghadap ujungujungnya salah mohon diperbaiki,1
so far so good,5
puas app,5
klo berilah yg mudah jgn yg ribet kasihan yg tua gx tau,3
blm dpt kerjaan dr link lowongan hadeuhhh,1
dimana mauan situ jalan perjuangan menghianati hasil,4
mantap linkedln,5
cakep,5
,4
ok bgt,5
linkedim ret bintang tigakenapa sulit sinyalnya band,3
aplikasi plg gajelas yg prnh gw downloadmau login aja dipersulit chatcha,1
hy oedt,4
siip,5
ok n top,5
this link good to me,5
tingkatkan ya linkedln,5
bermanfaat menambah relasi wawasan,5
hayo,5
kalo membantu termudah jgn ribet lewatin tebak gambar kali coba gagal manusia otak kerja menekan manusia yg berproduktif kecewaaa linkedln,1
baikdan membantu,5
very good aps,5
muantabbbek,5
linkedin membantu pekerjaan impian cari kerja linkedin aja,5
good harapan dikembangkan utk mempermudah user,5
wake,5
good apk,5
good platform for jobseekers,5
good connection,5
bagus banget,5
mantaaapp,3
membantu informasi,5
fine,5
burukverifikasinya gagal mempersulit orangtolong diperbaiki min,1
when i be go to verify the image i try time and it never work even though it be correct intention to make it easier to find work but have be break by a situation like this please fix bug and make it easy for us,1
sertivikat pengalaman kerjasio aktif,4
susah masuk yaterlalu ribet,1
sagat bagus,5
when edit my privacy settings why suddenly redirect to a job search page,2
santri pondok pesantren amanatul ummah sedah menempuh pendidikan mahasiswa universitas ciputra surabaya,4
omg login aja kode capcahnya eror mulu emosi,1
staff ppic supervisor ship general admin,5
very helpful,5
sngat bermanfaat,5
berhenti aplikasi verifikasi data aja susah,1
baikmembantu ruang pencaker recruiter berkoneksi,5
lowongan pekerjaan nya,4
aplikasi ribet,1
lumayan,4
luas beruntung terhubung terlindungi privasi aman memuaskan,5
nñt,2
linkedin informatif profesionalmudah digunakansederhanalengkap memiliki tantangan mencari pekerjaan,5
membantu mencari lapangan pekerjaan bisnis,5
kesel banget sumpah sm linkedln skrg tahap verifikasinya gagal trs logika aja klo manusia hewan gak login tolol tolong perbaiki lg ya kecewa akut,1
pengalaman pekerjaan linkedn,3
jozz,5
udah kode captchanya gagal masuk tida parah tolong diperbaiki loginnya aja lamar kerja sulit masuk aplikasi udah sulit duluan,1
ngelamar nya gimana sih klo make aplikasi ni udh daftar aplikasi tidk bacaan melamar pekerjaan klo lowongan kerja nya tamatan smk yg usia nya udh engga muda,1
sampahmau daftar bikin kesel tolong perbaiki chapta nya,2
membantu peluang pekerjaan impian,4
verifikasi nya ga maaf ya uninstall aja,1
gila terfokus bahasa inggris nggak filter bahasa begara,1
cari gambar menghadap dengar gambar nya ajah mengahadap aneh nih gambar kaya lintas zebra cros jembatan mobil,1
susah banget login nya gk acc,2
sungguh,5
terima kasih bergabung,5
keamanan ribet beut akunnya bete ah,1
nice app,5
,5
h mobil apaivf dĺprsp tyŕ,2
job vacancy on board ship,5
sumpah kesel bangetniat hati daftar linkedin ngga mood problem aplikasi nya daftar website nya pas tahap verifikasi gagal sesuai gagal sampe pegel nih niat hati download aplikasinya mudah eh nambah kesel ngga daftar stick pas daftarkan email password tolong pengguna kecewa tolong diperbaiki yah linkedin,1
perbaiki kode captcha pendaftaran berlanjut verifikasi gambar terhenti tahap error terbaca verifikasi suara berhasil mengulang,3
kuliner,3
lumayan bagus,4
kasih bintang,3
d mn,2
bermanfaat pencari kerja,5
verivikasi berkali kali g,1
tingkatkan kualitas aplikasi,5
good work,5
okeetopp,4
,5
very goods,5
akurat,5
bagus aplikasi membantu,5
kontruksi,5
oke banget linkedin,5
cook nationalcook chinese cook western,3
good link,5
lumayan membantu loker yg dipasang,4
gabisa download ya gagal tau solusinya gmn ga,3
linkedin membantu utk merekrut karyawan tks linkedin,5
aplikasi yg bagus utk pencari kerjacuma akun yg fakeatau akun penipuyg ujung nya loker palsumohon linkedin menyaring akun palsu,4
bedt,5
good for the apps,4
keren utk aplikasi informasi kerjannya,5
,5
boger operator,5
w rb,4
,4
susah daftar edit profil nya,1
memuaskan professional,5
,5
kumpulan orang rajin,5
apk gk ygy,1
bagus apk nyamantap,3
bagus informatif,5
,3
okay,5
semoga bermanfaat pekerjaan mantap,5
informatif komunikatif,5
tolong daftar akun please,1
sorry auto delete,1
kebanyakan d s lulusan dibawah susah banget cari lowker,3
susah verifikasi diluar indonesia susah sign in buffer aplikasinya gerak lambat,1
tingkatkan linkedin,5
menambah ilmu memperluas jaringan peluang dimasuki menambah motivasi,5
instruksi langsung sgb swing motor ex garap besok td yg prepare langsung japri mas topik ya hose pcs dgn meter flange dn pasang ex line boom rh lh merger line arm sh buatin flange ukuran dn adapter pcs lurusss buatin flane ukuran dn adpater pcs clamp dn pasang clamp dn pasang modif hose yg kepasang motor travel rhlh ex dg valve biar steer uni,2
mohon hama slalu mengikuti manusia mengemblem memeras mnghnghalang financial hapus berguna mnjadi kacung musrikkasihan perintah meniru,1
siiiiip,5
,5
mantap info pekerjaan semoga rezeki,5
amaze every time,5
i hope its good start,4
dicobain insya allah,3
gambar hewan g,1
withdraw,5
,3
aplikasi pencari kerja karyawan profesional advokat psikolog direktur manager hrd dll,5
g k,3
oj,4
dgn,5
link payah verifikasi udah bener gagal mulu ribet login aja kode verifikasi sms aja lemot,1
itumemang udah gak silakan,2
jpbooss,5
susah daftar akun verifikasinya banget salah mulu,1
ok good so many job search,4
informasi lowongan kerja terupdate dipercaya,4
pengalaman tua tuatua kladi,5
msh blm komplit,4
lowongannya lumayan lemgkap sayang kebanyakan membutuhkan pengalaman minimal sekian linkedin juara aplikasi,4
bwt buktinya format nya jls pengguna sdh mrskan klw pemformatnya membuahkn hasil,3
masuk verivikasi gambar,2
ahlinya consultant resto cafe hotel dlm pembenahan n market,5
good relationship,5
mei,1
semoga kerja aamiin,5
hoax info valid,4
profesional teamwork mandiri team berkomunikasi,5
,5
semoga aja,3
buka,2
susah log kode verifikasinya terkirim gmail,2
dd z,2
pelukis senior,4
lumayan,2
memuaskan good,5
bu bu ami,5
g aa hee lk ja fol vfd ij es campur,4
wawasan informasi job kedepannya,5
stupid verifikasi,1
im a linkedin user for a long time job vacancies on linkedin seem to be just ads sorry i say that,3
social media for professional entrepreneur,4
aplikasi bagus membantu kerja negeri,5
bagus peluang tawaran memilih tinggal keberanian,5
parah aplikasi nya berkalikali coba nebak verifikasi gambar salah mulu kali ketemu aplikasi gini auto unfollow aja,1
,4
linkedln mengembangkanpryeksi fitur kesuksesan meraih citadan cinta idamidamkan apllikasi bagusnya bagus suka banget,5
linkedin ok dahh,5
baguss,5
login gak masuk sih mentok cumam pekerjaan trakhir tolong diperbaiki,1
gak melamar buffer melamar,2
akun dibatasi verifikasi pemberitahuan email,1
akun login akun berisi data pribadi,1
suka tibatiba gak akses,4
,1
kode keamanan sulit bikin pusing,1
,5
motivasi n membangkitkan semangat utk dpn karna rezeki sulit diprediksi,4
fesbukan,5
good connect to everyone,5
belom faham menggunakannya,4
susah verifikasiauto and uninstall,1
aplikasi yg buruk,1
aplikasi ndak daftar akun tdi,1
linkedin kesempatan terhubung profesional menambah relasi peluang,5
mohon diperbaiki postingan linkedin seharian post foto kemarin,1
ike,5
tolong pengembang aplikasi akun dibatasi login akun dibatasi sulit lowongan kerja,1
hotel sapadia bundaran s kota pasir pengaraian rokan hulu,5
aplikasi inovatif,5
good applicationvery recommend,5
guru bnn,5
top mantap fokus semangat positif,4
like komentar kesalahan,1
terimakasih linkedin berterimakasih management linkedin aplikasi bermanfaat masyarakat dunia butuh pekerjaan mudah aplikasi pekerjaan aplikasi percaya aplikasi menolong orang berusaha pekerjaan aplikasi berhasil berterimakasih,5
lowongan coba apply respon niat gak buka lowongan loker benda langka antik pajangan,4
sunguh berguna,4
er,3
memperluas wawasan,5
sngt bermanfaat,3
bagussaya belajar,5
very helpful application for seek a job,5
aplikasi sih fungsinya tujuannya,5
panduan diawal lumayan sulit dipahami lulusan slta highschool gak fitur nya,3
pas masuk isi pengalaman kerja bermasalah apl nya solusinya,3
the one better aplication,5
cocok,5
mantap membantu,5
menarik,3
verifikasinya konyol suru pilih gambar yg menghadap smuanya hadap gambarnya,1
linkedin mantapjaringan internasitional yg membantu sepluruh lapisan masyarakatsukses,5
best rat,5
pemanen sawit,2
love this apps and very good for us,5
very amaze,5
cek sertifikat vaksin,3
membantu mencari informasi,5
membntu dlm pncarian loker,5
memperoleh pengalaman,5
very good application and very easy for use,5
,5
memasak,1
very bad with new verifikasi make me can not log in,1
ngelag ya error,1
job tipu tolong diseleksi,1
fix,5
tolong lowongan apply dilamar direspontidak perusahaan tolong ditampilkan berandapencarian email pemberitahuan pekerjaan infokan pekerjaan apply nya terima kasih,2
security propesional,5
aplikasi daftar aj ga,1
terima,1
aplikasi nya bagus,3
coba dah,1
llkintil,5
pertemanan batas kasta terendah kasta tertinggi,5
ok membantu,5
uang langsung terpotong k akibat berlangganan uang membayar rumah sakit,1
mantap aplikasi inikita cari pekerjaan,5
okay bagus,5
green the earth and provide food for the world community,5
baguss beberpa peningkatan,4
good and useful,5
ko okkooopm,5
mantaab,5
pekerjaan,5
bagus menguntungkan,5
solusi mencari loker,4
mempermudah aktifitas,2
apkx membantu z mencari pekerjaan z suka bangetytt,5
pengembangan sayang kerja,4
membantu cari pekerjaan info share of job,5
lumayan bagus,4
assalamualaikum,5
pakai,5
ga verifikasinya,1
bagus terhubung langsung jajaran hrd nya,4
aplikasi gk jlas tebak gambar sdh tpi kluarnya salah trs,1
great professional apps,5
tolong dibantu solusi pemecahan verifikasi tahap nomor ponsel karna nomor ponsel terdaftar acount handphone berganti mempunya akses verifikasi email berhasil tahap,5
lumayan,4
bintang,5
sih blm yg wow,2
aplikasi nya bagus teman,3
berguna sekalibagi yg mencari karier menambah wawasan,5
paham linkedin menampilkan iklan loker kah langsung apply kah stiap apply masuk situs,2
,3
excellent,5
e,5
akun bermanfaat,1
profesional perkebunan tebu pabrik gula,5
buka gimana,4
membantu yg mencari pekerjaan,5
oke i like it,5
pubilk,5
,5
terkoneksi orang pintar,5
okesip,5
oklpl r,5
payakumbuh,1
mantappppp,5
info loker akurat,5
verifikasi gambar salah,1
yg ga bs isi keamanan liat contoh gambar yg contoh yg aja yg diklik jgn wujud yg pokoknya yg dgn contohnya contohnya bs diliat pas udah kali salah klik,5
ok mantab cerot,5
bintang brkata,3
buktikan manusia nggak bener,1
semoga pekerjaan,5
linkedln update info perusahaan yg aktif yg sdh tutup peluang job yg diarahkan actual update pt tenc indonesia sdh tdk aktif peluang job pt jgn dikirim krn sy mantan karyawan nya,4
sqngay bagus,1
okkk,5
good application for network,5
csaawe,3
ya suka,5
support me,3
sosmed bermanfaat,5
berguna,5
dismond,5
kalo cr kerja koneksi gampang y g yg nganggur kakek wkwkkwk,5
blm prnah dpt pnggilan kerja tuhh blm ni aplikasi ny,1
tolong koneksi golongan premiun gratis,4
t ct x vu u cg buuuu buuuu ub hhhhhhhhhh ym,4
sih verifikasi verifikasi gk sebel,1
sangsat bagus,5
sewa jasa angkutan barang,4
teknologi ilmu computer at google,5
thank you for cooperation,5
kakehen iklan,1
tolong iklan youtubenya keseringan ganggu cok,1
ga,1
mengganggu,1
persewaa tenda dekor,5
paham,5
aplikasi bagus bermanfaat mencari lowongan kerja sesuai minatkeahlian bakat aplikasi mudah gampang digunakkan kalo mengerti menggunakkan tool tool aplikasi,5
kawan ilmu,5
semoga,5
aplikasi bermanfaat,5
sedia semangat,5
good for community profesional,4
membangun relasi asyik,5
bru coba bos,1
very guudddd,5
lumayan,3
membantu job seeker,5
bagus,3
cepat dapet kerjaanmantaabb,4
rekomendasi,5
coba belajar,2
,5
berguna untk terkoneksi dgn temanrelasi bermanfaat sdg butuh loker,5
cok mala suruh ngisi kode ngisi manusia matane picekkk,1
yuks ok,5
i murah,5
tolong bukaan togel d jam malam,3
asu,1
be the best,5
mantaabb,5
aplikasinya bermanfaat memperbanyak koneksi mempermudah pencarian kerja,5
,3
due,4
aneh transaksi dana yapdahal gak nyantumin,1
aplikasi linkedln membantu jobsekers,5
cek,3
good job it must have new version,5
bagus utk menambah relasi selamat n maju,4
auto uninstal app ga,1
bagus app linkedin bagus referensi lowker ya diperbanyak,4
upd,5
apansih apk daftar aja pake gambar,1
good my parnert and my job,5
verifikasi aja ga,1
ajang pamer pencitraan dapet kerjaan kagakharga hilang loker isinyaa gitu aja ngabisin kuota doang space memory,1
ok,4
elek pol polan gak rekomen blas rek,1
menyebarang sungai,5
membantu pencari kerja,5
mantap nian,5
,4
amaze good luck,5
susah updaterudettt,1
verifikasi gk masuk masuk,1
keren,3
bikin ribet sih bergabung pake verivikasi gambar bekali kali gada masuk masuk kalo kaya gini mah males org login bangrut aja udah dr bikin ribet,1
menakjubkan,5
niatnya cari pekerjaan ehh disuruh main puzzle udah bener pilih gagal mulu tolong admin,1
size,5
gak make gak tau,1
coba,4
dolo ya,3
clean and clear,5
suka apk link,5
,2
gajelas tebak gambar nya udah kali aja gabisa masuk,1
buka ig,5
mohon masukan link in menu pengalaman industri diedit kunci adakah solusi,1
awesome thank you,4
mohon kembalikan uang karna memakai fitur premiumnya harganya mahal juta merugikan,1
pengangguran berpengalaman,3
linkedln be great place to meet friends and partner from worldwides,5
bintang blm liat hasilnya,2
good social media to boost humanity need,5
inspire,5
gimana industrinya gabisa diisi udah isi tetep aja jdnya kosong kosong gaada optional milih industri aja tolong bantuannya pesan solusi kasih bintang,1
sederhana,5
semoga bermanfaat,5
gold,3
badabest,5
bagus bs nambah teman mudah mencari informasi mencari pekerjaan cocok kemampuan,5
un instal gmna,1
,5
gimanaa daftar aja teka tekinya salah muluuu repott,2
industri panel mvlv sd industri telekomunikasi sd,5
terimakasih linkedln aplikasi bgus pencari kerja,5
verifikasi nya ya mohon diperbaiki,1
sign in apk bodoh,1
lamaran pakai bahasa inggris berbayar bagusan aplikasi sebelah,1
goodan informations,5
app linkedin sdg ganguan yaa dr kmaren g bsa d download gagal nyampe macet disitu ga maju,2
bermanfaat dunia kerja,5
bagus menyenangkan,5
mannnnnnnapppppp,5
coba bintang,4
salah verifikasi an step step gagal,1
aplikasi rusak verivikasi gambar salahkan otp berhasil masuk,1
bagus inovatif lingkungan dunia kerja terlali commercial harga premiumnya sangaaaaat mahal,4
aplikasi bagus,5
masuk akun linkend,5
bagus untu k refrensi profile,5
unistal karna berguna,1
sosial pengertian umat,5
vertifikasi bug,1
aplikasi bermanfaat mencari kerja menambah relasi wawasan pekerjaan,5
,5
kirim notifikasi tungguin gak masuk kirim telp g,1
ga sign in gblk,1
menambah wawasan meningkatkan karir,5
imail terban jdi susah,4
pengalaman pertambangan sumatera selatan manufacture negeri china hongkong manufacture negeri jakarta bogor,5
,5
aplikasi bodoh verifikasi udh bener salahin tolol,1
stasus org yg nongol bknnnya info loker mend hapus aja,1
p ler,1
gud app,5
no hasil,2
assalamualaikum warahmatullahi wabarakatuh hai temen nama sahda rela mencari pekerjaan aplikasi pekerjaan,5
bagus informatif,5
ngelamar via linkedin dialihkan web alamat email panggilan tes yg masuk dicek alamat kantor tsb penipuan tolong linkedin biar dipercaya,1
semoga membantu,4
update ya update nya,3
maju,1
,5
membantu inspirarif,5
terkereennn,5
semoga bermanfaat sukses,5
mantap membantu dunia periklanan,5
aplikasi bekukan akun warn perna linkedin main bekukan akun warn pemberitahuan main bekukan akun bekukan tdk berbuat postingan aneh download klo tdk kecewa,1
kermaks,5
ayo buruan download linkedln let go,5
setres luu,1
terimaksih linkedlntelah memudahkan mencari kerjadan mengasah skill,5
belabelabela,1
good,4
sdh instal ngk uplikasinya hp klu masuk ply store,2
aplikasi keren,5
berterimakasih,1
bagus,5
kasi bintang dulumoga bermanfaat,3
parah si verifikasinya gagal udh pencet yg bener bgtu aja sampe gw emosianknp si nyashin,1
good apk,4
tingkat naikkan,5
apl nya ok,5
jtoxy,1
membantu mencari rekanan,5
linkedln bermanfaat,4
bagus ya,3
kena go lumayanan,4
kereenn,5
membantu jaringan,5
apk gak verifikasi susah bener coba gambar yg normal salah coba gambar hadap salah aneh bener dah payah,1
verifikasi suruh tebakan aplikasi memej,1
gabung aplikasi in sahabat tp aneka pekerjaan profesi yg bermanfaat dech,5
apasih linkedin gak diakses udh premium bayarnya mahal jt heran jd males deh langganan,1
terimakasih,5
bermamfaat,5
y klo dah dpt kerjaan bener app bru aq full in bintangnya,4
tank,5
gmn si verifikasi salah bener jwbn yg bener,1
okkk,4
semoga secepatnya kabar ditempat aamiin,5
not bad,3
very much experience with linkedin,5
good job,5
mantaapp,5
khusus orangorang pro bidangnya lulusan smasmk rekomen pake aplikasi,3
aplikasi bobrk verifikasi aja kyk anak tk gak lolos udah maen puzzle nya ampek ratusan kali gak lolos sinting lu,1
verifikasi susah verif email nggak gambar gambar aneh tesnya sulit sbmptn,1
download bos,5
wiraswasta,5
alhamdulillah,5
,1
ard,3
bonti,5
kasih bintang ya percobaan,1
login aja dipersulit aplikasi toloi,1
bismillah,5
maklpoh,5
siip oke,5
daftar aja suruh cocokin gambar binatang mengahadap lu bikin app info loker bikin game puzzel hh unin aja dah,1
daebak,5
linkedin penggunanya golongan populer namanya penggunanya,5
gooooood,4
kek babi daftar akun aja susah kali,1
sentuh gambar menghadap verifikasi nomor aplikasi buruk,1
sales area executive,4
bagus banget aplikasinya sarankan kaum muda linkedin banget kalo semenjak liat postinganku langsung bikin personal brand ya,5
penggunaan apk yg rasakan manfaatnya swbatas baca baca informasi doang,1
kemudahan utk berinteraksi komonikasi info bisnisdan loker,5
diarahkan mantap,5
verifikasi linkedln menyusahkan memilih kucing menghadap keatas,2
gambar nya yg akurat boss bikin bingung aja verifikasinya gambar bikin bingung,1
oce,5
peneliti nutrisi reknologi pakan,5
lowongan kerja cool,1
great,4
,3
direktur utama pt pandu perdana borneo,5
okeee platform termantap,5
daftar teka teki salah,1
keep healthy,5
kalo bagus bintang,3
top app,5
masuk akun melanggar standart komunitas,1
amaze,5
its great happiness aji the great be very very great so far so good so what have a nice time sniper,5
belom masuk,4
sy akses akun update tp ttp tdk diakses hmm,3
gabung disuruh pilih gambar kambing menghadap au ahhh gelap cancel aja gabungnya,1
ferifikasi gambar robot susah betulmales pakai aplikasi awalsudah ribet,1
𝓖𝓪𝓴 𝓭𝓪 𝓶𝓪𝓷𝓯𝓪𝓪𝓽 𝓾𝓷𝓲𝓷𝓼𝓽𝓪𝓵𝓵 𝓪𝓳𝓪,1
taok,3
great application,5
sangatpuas,5
awas penipuan,2
ingi belajar diusia terima kasih ilmu yg sinitrims,5
good personality in to work and powerfullnes in the application to me,5
akun daftar dibatasi akses mengecewakan melanggar,1
cek email gmn lupa email sya tolong adakan cek email login thank,4
tolong arah,5
đx nģtin,4
nn inon,5
verifikasi x gagal,1
pingin berbisnis lahan proferty industri,4
lowongan saudi arabiariyadh cablesaku x saudi riyadh cablespengen lagiterima kasih,5
aman cepat,5
mumtaz mahal,4
membantu mencari informasi lowongan pekerjaan,5
,3
bnyak oknum penipu mohon tanggapi dgn serius,5
pekerja,5
amaze menyenangkan,4
membantu membutuhkan pekerjaan,5
biar bintang bicara,5
job hunter,5
bgs banget,5
udah seminggu gabisa akses udah versi terbaru udah hapus cache gabisa,1
ze,4
heloo saudara selutuh dunia pakailsh application linkedin okay best agpbergabunglah srlalu memskai application linkedin okay,5
good and the best,5
,5
membantu,5
berpartisipasi,2
verifikasi terbodoh,1
nambah ribet gak kaya akun aja ribet,1
top bgt,5
bagus baget,5
wadah pencari kerja terbaik alam semesta,5
hjkji,5
its good,5
why be it so difficult to post multiple photos even i have update the app please fix it,2
first time,5
profesional karakter,5
hihi,5
sy kasih bintang sy blm paham y blm,4
linkedin bagus berinteraksi pengguna sdh,5
operator forklift,5
couldnt enter into my account,1
kecewa linkedin tindakan dianggap melanggar akun linkedin dibatasi mohon pemecahan linkedin mengecewakan respon pembatasan akun lambat respon merugikan aplikasi linkedin akun,1
apknya ribet ga enakan pakai jobstreet mudah pahami simpel,2
gak nyari kerja aplikasi sekian ratus lamaran berbulan gak satupun keterangan dokumen yg dilampirkan baiknya,1
apk nya buruk kecewa,1
bikin verifikasi yg bener gblk,2
cari kerja kuli bangunan gak aplikasi,3
bener bener profesional,5
coba dlu,2
mohon developeradmin linkedin lowongan kerja berkedok hoax via adm mohon klarifikasi jobskeer melamar perusahaan inginkanterima kasih,5
mudah,5
ok,5
gimana sih verfikasi salah udah mencet gambar yg menghadap keatas,1
aplikasi bagus simple relevan mencari pekerjaan bertele aplikasi jobseeker yg,5
verifikasi login rumit,1
cari kerja sampingan,2
aplikasi ga login aja mesti verifikasi gambar yg ga,1
mantapps,5
aplikasi hape error yasaya buka via web komputer web hape error,2
bagus informasi,5
okkk,4
bagus menambah jaringan,5
daftarnya ribet,1
,2
rekomendasi bagus utk membangun karir,5
very bad app verification of go alone be so hard it doesnt make sense its always wrong fix the picture,1
aplikasi top,5
apk nya praktis daftar disuruh verifikasi keamanan berkali hufff,1
berpikir out of the box reality,5
gblk apk info loker aplikasi tebak gambar susah verifikasi,1
wahh aplikasi biasaa wajib download,5
susah kerja aj instal ginian uninstal,1
right brother,4
oke bofohin masuk verifikasi apk nya,5
yg tebak gambar otaknya eror,5
bai,5
tolong mengakses linkedin website laptop aplikasi playstorehandphone check internet okey aplikasi diberpaharui dibuka silahkan dicoba kendala jaringan,3
ust ikhsan,5
verifikasi doang bisaverifikasi mohon dperjelas dn keamananyatq,1
andaikan wajib pengalaman pekerjaan berhubung mahasiswa pintar bintang tq ur apk,2
oke bngt,5
verifikasinya sulit,1
helpful apk,5
membantu informasi lowongan pkerjaan,4
memudahkan salah pilihan membantu mencari pekerjaan,5
membantu proses mencari kerja,5
bagus bergabung orang orang hebat,5
ϻᴏe,5
ready,5
aamiin,5
plis bantu pekerjaan,5
aplikasi membantu jobseeker,5
as,5
mudah cepat dlm verikasi kode,5
bagusssssss,5
aplikasi linkedin membantu berkomunikasi langsung kabar berita apapun,5
berguna,5
wow ajah,5
daftar susahtolong ganti verifikasinya via no hpsend code otp,1
aplikasi su asu asulo dongdot aplikasi turunan nyesel,1
mantul,5
the server really bad,2
semangat pagi optimis pesimis keluarga yte team bintang indonesia membentuk trobosan peningkatan finansial akurat padat terpercaya aman boyadi banyuwangi mengambil trobosan meningkatkan finansial karenakan dampak covit meluluh lantahkan perekonomian rakyat indonesia solusi program modal resiko hasil aman silahkan simak,5
mks,5
,4
go a head go success,4
goodmantapss,5
good aplc,5
aplikasi memandang orang sebelah mata kaya cantik smart udh dipanggil nya yg profesional belom terkenal blm karya dipandang emanng pilih kasih perusahaan yg terdaftar link kasian org yg lulus nyari kerja tp ga dilirik kecewa sih kecewwaaaa,1
aplikasi bug samsung s update tolong dibantu,2
bikin kesel deh susah log in nya,1
mudah ketimbang web mendukung bahasa indonesia,5
good opturnity,5
hallo team dev verifikasi nya dirubah recaptcha langkah verifikasi dipahami manusia normal hatur nuhun,1
crane operator,5
blm,1
terhubung orangorang terhubung peluang aplikasi linkedin memudahkan terhubung orangorang halhal kehidupan profesional bangun kembangkan jaringan profesional baca berita bisnis industri terbaru temukan pekerjaan impian profil linkedin resume profesional capai karier bar,5
be the best,5
berguna membatu kalangan usaha,5
menghubungkan relasi info job,5
tau,1
maju sukses pln pondok kopi tuk tema teman tanbahan kerja diluar,3
very cool,5
membantu,2
simple,5
well do,5
bener neee,2
wellhead x mastree,5
agama kerukunan agama mental spiritual,2
semoga segerakan aamiin,5
bagus media informasi nya,4
easy connect to relation so many network good experiance,5
jaringan bagus login susah udh update,1
belajar bisnis penggalama,1
sy sdh terdaftar blm member sdh terdadtarno id kirimkan,4
berpikir positif cool,5
bagus sekalk,5
mempermudah lowker terbaru,4
koneksi bisnis bagus,5
,5
mudah mudahan iny membantu sya yg habis phk hiks hiks,5
bingung,1
menjalankan bisnis talk fusion enak jual produkkerjanya dirumah dapatnya dolar menit,4
aplikasi gak jelasbaru login dikasi keamanan jdi salah salah aplikasi cari kerjaan nebak bikin aplikasi yg bermanfaat lh gblk,1
ragu ragu lo bawa bank mandiri nunggu panggilan takutnya tipu aplikasi,2
there be many job that show on there thank for linkin make this app,5
selamat siang development komplain terkait akun nonaktifkan verifikasi identitas mohon dibantu proses pembukaannya tks,4
nice info,5
berguna banget,5
bermanfaatttttt,5
mantap mak yus,4
,5
aplikasi hasil kolaborasi facebook jobstreet semoga kedepan fiturfitur mendukung pelaksanaan source proses rekrutmen karyawan,5
aplikasi membantu bidang memperluas jejaring sosial negerithank you linkedin,4
paham aplikasi,2
aplikasi cacat verifikasi gambar dah salah dah nyoba pakek hp tetep aja salah perbaiki aja verifikasi gambarnya,1
akun,1
ga aplikasinya pas masuk pake gmail ga verifikasi udah nyoba x nebak gambar salah pas make nomor percobaan langsung masuk pas suruh ngirim kode udah dikirim udah dimasukan kode nya eh kayak gitu mesti ngirim ulang kode nya kasih bintang,2
lancar,4
let himo ooloooolol oll,2
i hope make better,5
wwconm moktar,5
bagussangat membantu,5
rumit,1
tes kemanusiaan nya bikin gw puyeng mo muntah tes manusia gak masuk akal,1
kocak apk ga ngasih kode verif bintang udah cocok,1
senang dgn link menambah informasi sahabat,5
great app to connect with professional,5
down load aplikasi mudah kemudahan,5
wow aplikasi membantu,5
verivikasi ajg gapernah bener blok,1
ribet daftar nyabaru nyari lowongan kerja aja udah persulit ribet nya indonesia,1
memudahkan mencari informasi bisnis pekerjaan,5
membantu pencaker,5
mencari kerja diaplikasi ilmu tergantung bagaimna mnggunakan mencari relasi,5
valuable,5
mantap aplikasi membantu,3
kontraktor,5
good,2
susah utk login,2
mencari bintang jaminan god luck to me,3
waras,5
bismillah semoga izin allah perantara aplikasi secepatnya pekerjaan amin,5
google job,5
oke mantap jiwa,5
mengenal,5
good aplication,4
dasar aplikasi gila verifikasi nya lucu aja bkin org emosi,1
ok baggus,4
dahlah uninstal pemeriksaannya susah gue,1
sya kasih bintang panggilan aplikasi trimakasih tipu nya kasih b kalo panggilan skali gagal berhasil menandakan aplikasi real membantu mencari kerja,1
blum dapet kerja,3
membantu menyajikan pasaran lowongan kerja,4
spider domino,1
terimakasih kasihini membantu,5
kalo dibuka web ngelink ya link app nyahadeh,1
ok,5
app berhentimenutup paksa menekan tombol halaman post sticky footer tingkatkan bintang setika teratasi,3
tebakan gambar bikin puyengdah gw manusia robot cari loker,2
semoga aplikasi membantu mempelajari pengetahuan digital,5
bagus membantu,5
semoga cepat kerjaan yg seauai skil sya linkedln,5
good to look for job,5
membantu,5
jalinan kaca indah,5
realisasi tk panen tgl div hk div hk div hk div hk total hkrealisasi tk panen tgl div hk div hk div hk div hk total hk,4
suka banget applikasih semoga semoga maju yah,5
terang kesulitan masuk karna teka teki kodok kasih bintang aja,1
komonikasi info pekerjaan,4
mantaps,5
ditingkatkan,3
very nice,4
sep,5
pressurepro salam kenal,5
susah verifikasinyagak,1
,5
susah banget loginya masak login aja nebak katak link loker permaiann katak aneh,1
cuman aja yanebak gambar salah,1
blm d cek nih,3
gk download apliksi ni,1
ngapain maen tebak tebakan anj apk cari kerja maen game gw kasih bintang karna jelek,1
seluas angkasa,5
lumayan bagus,5
mencoba,5
ux of latest version not too impressive on android if you on deep search and open a profile then tap x back you will back to first result its annoy but overall i see some improvement on ui design,3
sekalj info loker linkdin,5
anjrsebenarnya zihgw kn apus apk gitu k pencet uinstal apk,5
okeeee,5
spesis offf,1
verifikasi nebak gambar pas step terakhirnya salah udh dicoba berkali step yg gagal gak rekomendasi aplikasinya kecewa,1
this media add more infornations especially which be correlate with my science and experience background,5
verifikasi nya bikin emosi bgt,1
just like and more easy to browse search job update,4
good the best application,5
mendukung,5
butuh kerja operator exca,5
update,5
lowongan penipuan banget hati hati guysss,1
good for your businness,5
tolong login pakai gmail nggak udah update uninstal turus coba instal login nggak,2
semoga bermanfaat kasih tau membutuhkan,5
cari berita lowongan kerja,5
senang,5
susah panggilan interview,3
aplikasi nya verifikasi masuk nebak gambar hewan mend dikasih kode captcha deh nebak gambar,1
ok banget aplikasinya,5
guru sekolah,5
berbagi sedekah menerima,5
easy to look for the joband share with each other,5
test,4
,4
bank syariah,5
this app be awesome,5
update,5
bagus,1
linkedin bagus,5
to markotop aja,5
hidup dam penintan ham,5
payaaaaahhhh gue gak login dr,1
mangapa install aplikasi instal,5
mudah ber interaksi penjuru kawan,5
semoga bermanfaat janji manis doang,5
koneksi informasi bermanfaat,5
membantu,4
memperbaiki kerusakan mesin,3
terimakasih dicoba ya,5
membantu info job pekerjaan terimakasih linkedln,5
bisnis karir,5
klo blh tau ap sih kegunaan alpikasi menghasilkan uang tunai,3
manfaatnya mudah mencari pekerjaan,5
aplikasi gk verifikasinya aneh banget najis,1
upload video bug yg proses upload,1
oioooloĺ,1
berguna,1
bintang,4
pengguna tolong bina ya kawan,5
rahayu mudana inengah,5
hello im a linkedin user and have a problem when use it my internet connection stable but how could i cant see linkedin homepage even i cant search my friends profile or change my profile hope you fix this i know it be hard cause im developer too,4
membantu informasi lapangan pekerjaan,3
mantap ne krn info x akurat,5
saran penempatan cv tolong usa perbaharui aja outomatis terhapus,1
keren bagus,5
mbantu dlm informasi,5
mandor proyek rumah tinggalsaluran air berpengalaman th bidang proyek rumah tinggal,5
bismillah semoga pekerjaan layak,5
yg dpt pekerjaan kah,5
selau menjankan berdua royalitas obsesi trs,5
ceopendiri perusahaan startup,5
dih ga login bbrpa akun gw lgsg kena suspend pdhl gw ga kesalahan krna bikin akun blm bbrpa minggu dah males pake linkedin ribet,1
maantap,5
bagus,4
bagus bngeett,5
sy kasih bintang smoga sy cepat pekerjaan yg sesuai pengalaman kerja sysebagai groun stafporter trimakasih wassalam,5
good saran aja verifikasi mode suara mudah gambar,5
aplikasi berguna jobseeker recruiter employee bermanfaat menambah wawasan relasi,5
meet people,5
goodjob,3
jalan peluang,5
yup,5
pokoke apik sippp,5
kuran tau,1
aplikasi bagus kasi bintang jooooozzzz,5
daftar aja susah banget menyusahkan,1
jhosss,5
nice,5
mitra logam,5
terima kasih,5
membantu aplikasi pendukung,5
mantab bagis,5
semangat,5
fk tinjau lamaran kerja gk udh diklik button tinjau gk sinyal mah emg app rusak,1
erasyus,4
tv na sional,1
update,1
ya linkedin kalo masuk verifikasi nya sulit,1
linkedn,5
asenliu,5
ok semoga dapet kerja,5
bermanfaat mencari pekerjaan,5
membantu mencari hubungan,4
f,4
torurism bromo destination,5
wow keren,5
pengguna aktif linkedin alhamdulillah puas,5
logistik,5
aplikasinya uninstal lg gara gambar badak hadap k jd susah bgt msuk,1
good apshelping professional to connect,5
this be good apk but please fix bug its really annoy after update why i cant open and always try again even i have good signal,3
qhse,5
terbantu hadirnya aplikasi mudah mengupgrade membranding perusahaan,5
linkedin terkadang dibuka terkadang aneh sih apk yg lancar lancar ditangani kendalanya thank,1
membantu pencari kerja,5
berbagi pengalaman motivasi yukk kendor semangat nya orang kaya dermawan sukses menaklukkan dunia,5
mantap bosque,5
membantu mendapatakan kandidat sesuai qualifikasi akun premium biaya langganan akun premium recruiiter,5
cari kerjaan,5
thank good,5
toolpusher,5
memperluas jaringan bisnis relasi semoga kedepan berlangganan yg berbayar mempermudah menjangkau target luassalam sukses tim linkedln,5
memudahkan,5
aplikasi mantap,5
bagus pisan,5
kali daftar tp ituin gambar coba berkali salah trs gajelas,1
menghubungkan perusahaan pekerja profesional,4
god info,4
potensial individu memperluas network ilmu,5
amin,5
mekanik n security butuh kerja pengembangan tanaman herbal jahe merah,4
mohon bantu,5
akun non aktifkan login,1
mejadikan inspiratif peluang nyata,5
gooddd,4
dandut,5
aplikasi bajngan bikin verivikasi human aja ribet banget suruh milih gambar hewan ngadep keatas udah dipilih yg ngadep keatas aja salah dicoba puluhan kali salah bikin recaptcha yg bener,1
linkedin,3
oks,5
apk ga foto profil edit logo eh taunya hapus alasan melanggar hak cipta,1
gbs post,5
,5
daftar perusahaan menyakinkaneh tahunya pesan wa panggilan ujungnya yayasan bilangnya yayasan aja duit,3
apps bagus,5
syukron,5
terimakasih bermamfaat,5
habis update error gak buka mohon perbaiki,1
bermanfaat,5
goood,5
semoga membantu mencari kerja,5
bermanfaat,5
membantu informasi pekerjaan,5
aplikasi linkdeln membantu mengembangkan bisnis makanan online,5
aplikasi jelek pas dibuka layar putih aja,1
mantap penuh info akurat,4
sistem kerja menarik berani jalin relasi jaringan online google keep improve yourself,4
ad,2
exit,5
aplikasi berak kerja udah bayar perbulan gila lu yaa saraff,1
very good,4
oke,4
ok linkedin,5
good aply,4
terimakasihbanyak manfaat yg,5
meet people around the world with the many type of job the get just good,5
ttor,1
ok banget,5
helpfully for job seekers,5
ytunnel,5
luas jaringan looker aja sih selebihnya bagus,5
bagus,5
bagus,4
maaf,4
manfaat orang hebat dalamnya,5
coba dl ya bintang qu,3
bermanfaat,5
mohon maaf langganan linklendl batalkankarena perusahaan jalan macet mohon maaf terima kasih informasinya sugi,5
vangke verifikasi gambar gua g masuk akses link gw verifikasi yg bener,1
tolong kembalikan akun linkedin akun akses akun linkedin tolong linkedin tolong diproses akun linkedin dikembalikan normal,3
bagus,5
linkedin error status,1
applikasih yg bermamfaat trima kasih,5
membantu cari relasi,5
beneran linkedln asli kah gak masuk takut data disalahgunakan udh kirim ktp,1
aplikasi terbaik pencari pekerjaan berbagiinformasi pekerjaan,5
bagus,5
ee e eee e ee e e rře ddre d e reee ee e e e r er dddeddr dd r rr r de f umah dvrrrr r divre drrr fçqqqqqq qrfr de f qr d qt,4
tebak gambarnya susah ga apk jelek,1
aja kendala daftar akun,5
very helpful aplication,5
aplikasinya bagus bug bs gambar orang menganti profile banner profil warna putih restart website mobile jg ttp min mohon perbaikannya terimakasih,4
nya ga trlalu rumit,5
pengalaman ungkapan,5
membantu pencari lowongan pekerjaan betulbetul sesuai pengumuman lowongan,4
maaf kasih bintang aplikasi tgl reset nama mengulang terpaksa uninstall memasangnya gangguan server perbaikan,4
suka aplikasi mohon maaf,3
top thank you,5
coba kasih bintangsoalnya upadate aplikasi in,4
jajal ya,5
gimana proses verifikasinya gak kiriman kode verifikasi via sms udh berkali nyoba gak kode sms,3
jodsssd,5
wowww keren,4
nice project,5
hahahahaha bagus gaes,5
lua,5
linkedin bego ga gunaa profil dasboard dah perbarui dg perusahan yg tpi search browser yg muncul masi pekerjaan laman browser,1
when dark mode,3
istimewa,5
next,5
tau mempergunakannya,1
thx linkedin,5
boros memori,1
mantap,3
semoga jalan rejeki yg berkah allah,5
iya oke,4
semangkin n cemerlang menyatukan msypendidikan,5
aplikasi terima kasih linkedin,5
fery good info,3
terimakasi membanti,3
mendaftar terkecoh pilih aja gambar yg normal posisinya jg selesai informasi berguna,1
professional network tempatnya,5
mantapsmoga,5
verifikasinya gmna si mempusingkan,1
aplikasi gajelas bikin emosi doang,1
lumayan bagus menyusun cv fitur alhamdulillah pekerjaan wartawan keep the good job guy,5
so useful,5
sengaja merubah premium mahal bangetdan batalkan susahhh banget,1
semoga bermanfaat,5
terbaik malikat bersayap,5
aplikasi membantu,4
pusing pala sayaa,1
good for network,5
aplikasi mantulll,5
verifikasi nya gimana si ko ribet bgt yapengen masuk dibikin ribetttt,1
hubunganantrapembisnis,5
oke trim goodjob brother,5
aplikasi membantu pekerjaan applikasi,5
membatu good,5
bsik,4
apl bagussssterpercaya loker,2
proses log in sulit lupa password password nonaktifkan akunnya payah linkedln,1
,1
infonya fast respon and feedback,5
uyeee,4
bismillah ikhtiar semangat,5
good apps,5
recomended orang kerja perusahaan negeri,5
bsgus,4
mudah info loker,5
aplikasi bagus upload lainlain susah aplikasi spam,1
siiplah,1
mntapzzz,5
aplikasi mencari kerja koneksi pekerjaan yg bagus mudah efektif,5
update gabisa post linkedin mohon perbaiki,1
verifikasinya lucu ya gambar kodok dg posisi jawablah tekateki benarbenar manusia aplikasi serasa kuliah filsafatapa manusia manusia ya,1
susah bikin akun dipersulit,1
help me to be there please,5
great apps with knowledge share and network for us,5
tolong selektif merekomendasikan pekerjaan iklan joble selektif memilih pekerjaan tanggung pribadi jobseekerpemula percaya keaslian loker linkedin pengechekan latar perusahaan tertipu tolong jaga kepercayaan melamar linkedin,2
never stop on always that be my write when the knoledgement about it minus little misunderstand have make anything not interest,3
kedepan,4
,2
maaf verikasinya jgn gambar kodok geli liatnya susah milih gambarnya,3
bagus,4
gudlah,5
bagus unutuk mencari kerja,5
good info,5
bagus,5
aplikasinya bgus ksuka,5
pembangunan,3
best,4
membuahkan hasil,5
informatif,4
good i like that,5
bsgus,5
mantab kasih bintang,5
positif kerja an sesuai,5
memudah sya mencari pekerjaan,4
yuhuu,5
apk ga bermutu nebak gambar ga wkwk payah,1
,5
best be the best,5
gak masuk yak udah pake google,1
ksi gntng dlu klo bgus bru nmbh,3
tau,1
kayak nya mantap aplikasi,5
membantu,5
good job,5
go,2
aplikasi yg menginspirasi,5
apk nie membantu yg mencari pekerjaan nya skrg cari kerja susah,5
kurangin bintangnya puas,1
makasih keribetan yg bikin,1
verifikasinya gambar kayak gitu gak buang ganti gambargambar mudah,1
membatntu mememukan jenjang karir,5
good and smart,5
linkedin terbaik,5
siip,5
membantu mencari info lowongab pekerjaan terkoneksi global,5
dahsyatnya bagus,5
ok,3
normal,3
ok app,5
aplikasi bagus bermanfaat,4
informasi bermanfaat trimakasih link,5
lease land lease margot margonda ttg margonda raya putri amelia bergandeng ardon sekian,5
tolong info data dishare google google hapus payah,5
semoga download app kerja app aamiin,5
ok membantu menambah wawasan,4
kerenn,4
ponijo mumet,5
aplikasi internal,4
lumayan la,3
good apk nya ketemu teman be ok gaes klau bnyak hadiah nya hehehehe,5
ya tuhan daftar gimana nih mbakmas pusing tolonglah bikin emosi suruh pilih gambar kodok menghadap uda puluhan kali coba gk masuk akun pake no gagak mulu pake suara uda gagal tolong aplikasi daftar sesusah pusing emosi tekan kodok tadik gagal mulu ok ok relax sabar sabar sabar orang sabar sayang tuhan,1
pencarian dibatasi,1
asik keren,5
kasih bintang aplikasi asli bagus,5
cocok,5
þ,4
memuaskan,3
portal pekerjaan yg tampilkan yg terbaruu,3
komunitas profesi dibidang profesionalitas kerjaan dioptimalkan no berbayar,5
aplikasi oke banget sukses linkedin,5
perusahaan yg lamar hasilnya nihil,2
good job thank,5
nonggol ya dpt panggilan kilk email,5
coba,5
aplikasi mulu,1
semoga kali nyoba,3
cant login this app,1
aplikasi bagus pecari kerja menjalin network orang,5
so good,5
tolong,3
bermanfaat sih sabar menunggu rezeki berusaha mencari pekerjaan satupun perusahaan merekrut app linkedin,5
yuhu,5
excellent,5
rizal,4
a pioneer app to expand professional network and the biggest professional culture,5
pengobatan alat vital pria wanita bandar lampung,1
aplikasinya bagus professional saking profesionalnya ysampai gk mudah penjelasan pekerjaan pas melamar pernyataannya pake b inggris aduh susah pahami,1
belief in the just world,5
ok all,5
thn team market,5
this verry good apps,5
mantaplah,5
komenya ko pke leugewage english,3
ya,3
tolong dikunci privasi akun menghubungkan aplikasi,5
special tax,5
membantu mencari info kerja,5
tahap percobaan,3
bagus aplikasi coba,5
media sosial buruh wiraswasta terima kasih,4
ga loker,3
cba dlu okey pa x,4
suka kadang error,4
tolong linkedin cari pekerjaan yg lokasinya batam keluarnya singapura ya,5
aplikasi,5
aplikasinya gmn sih login aja susah bgt suruh milih gambar gk ad habisnya,1
keep it up linkedin,5
macet melulu,5
weel play,5
halo arifin rais,5
bagus utk menjalin relasi hubungan dunia kerja dunia nyata,5
bermanfaat mencari pekerjaan,5
aktif beraktifitas,5
up date new informance,5
okkkk,4
q kasi no,5
good for search job,5
aplikasinya bagus sanganf membantu info loker,5
hapus,5
cool,5
mantab,5
good share information for telecomunication,5
sipppppp,5
susah masuk verivikasi kya tau pusing gue ngasin kouta ajh,1
program yg sesuai masak tinggal nunggu kode verifikasi dah berpuluh kali daftar gak kirim,1
mantaap,5
terima kasih inpo yg bermanfaat,4
koki,5
gembel,1
bintangnya dulubelum coba,3
mantappp,5
mudah utk menghubungkan profesional,5
bgs mudah mengerti,3
good app,5
bermangaat,5
edward z,1
membantu mencari kerja aplikasi yg keren,5
saldo dipotong link id persetujuanjngn instal,1
qc ei inspector compex atex,5
mengatsi masalahh,5
sgt mmuaskan mnjlnkan pkrjaan skrg krna aplikasi mnmukan pkrjaan trmksih link,5
pertemanan luas informasi pekerjaan thank link,4
aplikasi nya hapus nggak paham maaf ya link hehe,5
excellent application,5
terbantukan,5
bagus brand personal,5
woworuntu,5
bagus banget aplikasinya,5
tim hrd,5
membantu mencari teman,5
experts,5
bergabung aja susah bgt,1
ķoòook mcinta han putoh kawen han jadeh bajei jih lon bloe dumpue lon watei meu cinta geu tanyoe tatem khianat keu lon hai dinda laen kamita katung keu lakoe pakon uroe jeh keu lon ta cinta sipeu noh jiwa gata keu lon nyoe mu pakon jinoe meu nyoe lon tabalah tuba tabri keu lon nyoe hanco hate lon agei ter timpa bite hana bak gata adoe tatem meu kawen laen dinda pilihan bapa tatung keu lakoe rugoe meu janji meu rumoh tangga,4
l,4
verifikasi login,1
membantu pencaker,5
ekselen aplikasi,5
tingkatkn,3
good aplication for link of job and public relations,5
perepisional,5
terimakasih linkedin,5
sayang suka,5
bug ya kli,5
uptodate,5
open new path,5
bintang,5
mantap,5
asik,5
semoga human manusia selamat world dunia akhirat aamiin insya allah protector waterman superman spiderman hyperion,5
nice i like it,4
susah kerja,1
bagus banget nih bro,4
mencari wawasan,5
frepect and good,5
sy bintang instal cobaa apknya terima kasih,3
dimengerti,1
bermanfaat menunjang karier,5
bagus infonya,4
i hope gws,4
bisnis ku,5
terima kasih,1
aplikasi bermanfaat,5
nice job app,5
great aplikasi,5
bermanfaat,5
novita l es ztari,5
not good,2
linkedin sangant membantu jobseeker mencari informasi yg sayangkan terkadang koneksi internet tersendat koneksi internet bagus saran memperbaiki koneksi yg tersendat diperbaiki lg terimakasih,5
gimana ya login verifikasi susah banget,1
membangun memperluas jaringan,5
bgus,2
more than enough,5
help,4
bermanfaat utk berbagi lowker berjuang utk menghidupi keluarga,5
thank you linkedln,5
bag,5
terimakasih linkedin tim bermanfaat pengguna individu perusahaan sejenisnya,5
verivikasi susah nya ampun malas kasih bintang,1
oke oke oke,5
panggilan sehat mengatas namakan perusahaan apliasi,1
gajelas daftar gabisa ngapain dibikin aplikasi,1
hybrid app cari kerja online portfolio profil pro,5
ya q,2
nice link,5
terimakasih mengembangkan aplikasi sarana penghubung pencari pemberi kerja god bless you,5
so need for help,5
semoga bermanfaat,4
nice apps,4
aplikasi nya mantap gak ngebosenin,5
excellence link in the world,4
great platform for professional comunity,5
very very good aplication,5
very good sosmed,5
memperifikasi aja ribet bgt yah gambar menghadap keatas udah diklik bener aja salah diulang kali salah ribet bgt si nyetbkin kesel aja,1
awesome,5
terima kasih linkedin semoga berkah sukses,5
membantu,5
this app be very helpfull,5
orang merendah hati,5
kebanyakan korban wa perusahaan aneh aneh gak cek sih perusahaan nya pakai siup donk,1
membantu kecurigaan kebenaran perusahaan semoga,3
kerjakan upaya terbaik apapun yg diamanahkan padamu,5
aplikasix sngat bagus mebantu orang dpat informasi pekerjaan bintang aplikasi,5
tau,5
salah safety officer pt tunas jaya perkasa,5
goollllll,5
cair,5
ngak verifikasi,1
banget,3
manfaatnya,5
platform membantu staf ahli mencari pekerjaan informasi keahlianya pencari tenaga kerja ahli membutuhkan,5
aplikasi ampas sih tes pemeriksaan cepat bikin ribet anjengg,1
membantu menghantar apapun sukses,5
berguna,5
,5
ya bagus,1
good job,5
bagus gin,5
sampoernah,5
permapi perhimpunan usaha masyarakat pertanian indonesia wadah penghimpun potensi usaha pertanianternak perikananpotensi kelautan penelitian pemerhati pengusaha bidang pertanianternakperikanan potensi kelautan hulu hilir menyatukan tekat sikap gerak memajukan kesejahteraan kecerdasan masyarakat pertanian pelaku agribisnis,5
good app,5
standar,5
sulit memperbaruinya memakan ruang penyimpanan,3
b aja,3
apknya bagus maslahnya banyk bug masuk aja maslahnya nasuk maslah jaringan uda jgn download apk mend pindah jobstreed kedala,1
bodoh verifikasi mu jelasgambar nya ngawur gak login,1
ribet pake gambar arah arah yg gajelas,1
akun nonaktif,1
suka banget aplikasinya membantuku,5
mempromosikan loker tolong perusahaan nya yg perusahaan nya korban panggilan yg buka loker perusahaan terkait jasa calo penyalur yg uang mengatasnamakan seragam adm dll dapet kerja kagak tolong perhatikan selektif korban penipuan,1
rusak fega andriana fega fanfiction handra sukanya,1
aja,3
pekerjaan,4
mengakses bbrp orang dg jabatan professionalism,5
melamar pekerjaan tombol tinjau hiasan click no response very bad for the biggest sosmed jobseeker,1
good social media for professional people,5
woo nya membantu pertemanan dunia menambah wawasan penuh dunia dunia sejarafilmmusic lagu pendidikan dll,5
good luck ok,5
membantu terhubung orang,4
mengisi kemanan akun masuk halaman login,3
melestarikan budaya kerja cinta pekerjaan diembani,5
situs khusus pencari kerja pencari pekerja berkomunikasi berinteraksi langsung bagus,5
bagus n keren,5
bangga berkecimpung dunia bisnis media linkedin terima kasih dukungannya semoga aplikasi terbaik kedepannya,5
membantu didunia kerja,5
mantap apknya,5
buka,1
ok thank,5
upload foto linkedin update mohon penjelasannya,4
good apl,4
,5
log in,5
linkeidn saingannya nambah bagus terpuruk kualitasnyaribet,2
linkedln membantusemoga maju sukses,5
teknik pertambangan,5
jaringan luasvery much,5
masuk tp blum dpt kerjaan dr an,3
mmbntu info,5
muharamin,5
nyaman dipakainya,2
qa,1
like this,5
smangat,5
akun dinonaktifkan alasan yg sial,1
satucinta,5
sulit menggunakannya,1
takut menghadapi seberat lakilaki pantang mundur jiwa sejati hrus kuat,3
gak ngirim cv,1
verifikasi masuk gajelas,1
be really useful for make new contact and connect with people i know but my account be ban for long time with no solution thank linkedin,5
masalh signal full jdi ga dpet informasi skali,2
suka menginfokan seputar skill pengalaman isi cv diurutkan rapi terhubung industri perusahaan diminati,5
mantap sukses selaleu,5
so slowly,3
aplikasi bapuk verifikasi dibikin susah,1
ak kirim pap km biar km prcaya kalo ak manusia,1
juancok buagus,5
very good app hope we meet good work and relation here the best of the best,5
periksa keamanan masuk login maunya ap terimakasih,1
chat ajh kudu bayar parah,1
aplikasi bagus,5
apkh cari job,4
becanda kah login verifikasi pake nebak hewan menghadap keatas pake hewan pilihan kek pilihan sampe,1
very powerful and useful,5
nggatheli cok,1
info lowonganya penipu,1
kali upgrade nya,1
aplikasi karyawan pencari kerja,5
aplikasi diperbaiki verifikasi pengguna masuk aplikasi dipersulit gambar keterangan,1
haloooo pegawai linkedin yth main blokir akun enaknya info hapus data linkedin butuh aplikasi kesalahan apaapa tibatiba akun non aktifkan informasi dimana letak profesionalisme memposting postingan berisi konten hoaks penipuan sejenis,1
interestingwe can hear so many exsplane n how n why from very succesful man and woman on the worldvery exitead,5
bagus mohon dipermudah settingannya melamar pekerjaannya,4
aplikasi membantu menambah ilmu didalam aplikasi orang hebat inspirasi terapkan terimakasih linkedin,5
semoga membantu,4
tolong dri link in klo basmi qnet nipu yg post loker harap diperketat sertakan surat resmi prusahaan,1
aplikasi berguna menambah wawasan membantu menciptakan lapangan kerja membutuhkan,5
aplikasi nya membantu pencari kerja mepersulit org dgn verifikasi yg ga ga berkali coba sdh puluhan kali salah mulu gambar kodok nya taw ngadep kiri kanan suka lo dah menyebalkan maaf uninstall app jelek berguna,1
bad,2
good program,5
pakai,4
many benefit to look for job seeker try it,5
mencoba,1
verifikasi daftar pengguna sulit udah coba berulang kali tetep salah maaf bintang ya makasih,1
bintang,5
tolong gimna sii mksdnya si kodok susah,1
si bikin akun aja dibikinn ribet verifikasi aplikasi taai,1
aplikasi bagus penuh degan,5
job portal membantu penggunanya,5
gatau makenyatp kayanya bagus,4
email,3
maintenance,5
coba dlu dah,5
medsos berkelas banget,5
ntap,5
good aplikasi,4
oke,4
aplikasi ga bgt msuknya susah ga,1
akun tibatiba dinonaktifkan akunnya tugas kuliah mohon bantuannya mengaktifkan akun mohon tangani terimakasih,3
proses pemblokiran kesal,2
why be it slow when run the application be too slow and a problem occur i have be upgrade every time but the problem persist i cant use it even to view the homepage or notifications,1
membatudan bermanfaat aplikasi nya,5
terima kasih bantuannya,5
aplikasi aplikasi membawa go internasional go world wide,3
field asistant,4
motivasi yg yg diambil pengalamanyg berbagi suka duka pengorbanan kesuksesanbisa dijadikan semangat yg,5
the best of application for job seeker many utility of skill and utility of experience for your improvement career,5
gimna sih verifikasi nya,4
aplikasi bagus membangun network,5
llllloppopoo,3
bagus,1
kak pc gt gak klo onlinedi pc hrus verivication gt susah,4
salesman,3
boga group bakerzin hurricanes grill pancake co by dore,5
aplikasinya bagus mantap,5
semoga berhasil cari loker,5
pa rudy gbr blk mesanine dimensi nya unp eddy susanto,5
good job,5
tlong donk byk bngt info loker yg hoax d skip,2
masuk aja susah apk gajelas,1
koneksi,3
iklan proses daftar rumit mesti bayar,1
bagus info pekerjaan aktivitas kerja relevan teman,5
verifikasi,1
fiktur,5
cool,3
aja info loker,3
purno,5
alhamdulillah kenalan pengusaha,4
dipercaya sepenuhnya perusahaan penipu hati hati melamar pekerjaan,1
what the hell be thisthis app doesnt suit medont download ityoull regret it later,1
coba kasih bintang bagus memuaskan bintang jelek copot,4
membantu mencari relasi kerja,5
coba yasemoga sesuai harapan sayathank you,4
ok thank,5
kerja,4
gk aplikasi gak penghasilan,1
pemandu wisata karaton sumenep th,4
aplikasi aplikasi yg utk pencari kerja freshgraduate experience rekruiter manfaat positif yg tergantung yg mengolahnya terimakasih linkedin,5
semangat belajar,5
selaluh setia selaluh sehat walafiat aktifitas sehari,5
sy berbagay plat stainless lainya cover cladding intalasi eskalator tks,5
jaabvwa rtaag a p qqi fff ga gt ttvtjj,5
terima kasih linkedin memperbarui aplikasi berkala memperbaiki bug meningkatkan performa fitur membantu terhubung jaringan profesional membina karier,5
𝘁𝗼𝗹,1
susah ya kerja aplikasi,3
semoga pekerjaan mudah,5
aplikasi zaman now bagus,5
aplikasi apaaan si kaga niat lu ya biar orang download doang astaghfirullah jahat,1
verivikasinya drai gambar kodok banteng gak yg bener udah pilih sesuai,1
instal aplikasi ntar nyeselll udah jelek dipersulit verifikasi disuruh pilih gambar badak menghadap keatas salah mulu udah bener nyesel habisin kuota doang,1
great app for people to get connect in industry area but unfortunately sometimes its hard to solve the verification methodetried to select the same picture can you give more easier method to login i hope you will hear this,3
paham,1
jelek banget pas verifikasi gak masuk akal coba berkali kali salah,1
amira tent perusahaan bergerak bidang jasa sewa tenda perlengkapan alat pesta perusahaan perorangan mengadakan event wed pernikahan launch grand open peresmian pabrik bazar ulang jenis tenda tenda roder tenda roder dekorasi tenda roder dekorasi vip tenda roder transparan tenda dekorasi pernikahan tenda bazar tenda event tenda kantor market service tenda gudang amira tent,5
membantu ingormasi lowongan kerja,5
user friendly bermanfaat utk karir bisnis layanan profesional kesulitan verifikasi dsb yah seleksi alam gausah pake linkedin dtg langsung aja pos satpam bawa map,5
sentuh gambar hadap atastpi up tepathddhhhh apaanngk bgt,1
jaringannya universalmembermember mancanegarabanyak orang orang nih,5
aplikasi membantu,5
jelek bgtt verifikasi aneh bgt,1
susah cocokin gambarnya,1
sentuh gambar yg mengadap keatas pala kau cape udah plis ga yg instal loginnya persulit mend instal joobstreet apk loker yg,1
akun kali nonaktifkan payah ad niatan berbuat jahat iseng,1
w z,5
recruitment abal abal bodong,1
i have good experience for instal this application its help me to reach more job than before thank,5
scam,1
tensi aj ni app dah tau login lgsung pake email tp end ny email lg utk msuk,1
good info update if you need for the job,5
perbaikin verifikasi bnr,1
obb,5
bgus bnget jjjj,5
login daftar susah aneh bgt verifikasi suruh pilih gambar yg menghadap klik salah coba sampe kiamat,1
dibuka buruk,1
,5
pas login isi kode recaptcha ga ya x keamanan sistem aplikasi ga acc aplikasi,1
sorry nih kasih bintang akun aja susah banget disuruh cari gambar hadap dicoba berkali ttp salah,1
akun bakai email berbeda tetep aja ga uninstall aja terimakasih,1
apaaa sihhh diverifikasi susah ya disuruh pilih gambar yg menghadap tetep salah gatau dahhh kecewa,1
,5
sdh lana ditinggalkan,3
yahsmoga dgn sgala yg perlukan lancar,5
way,5
terimakasih membatu orang,5
ga app nya,1
ga donlot,1
aplikasi bangke,1
lambat ya,3
banget nih aplikasi,5
pelayanan nya memuaskan suka,5
poor,4
maaf kasih bintang akun dinonaktifkan alasan dipulihkan tetep ngga,1
job description good,5
musimaplikasimusiklgukenangan,1
ga diupgrade ga dibuka aplikasinya,1
i cant login to my account,1
membatu bersosialisasi,5
,5
akurat,5
aplikasi nya lucu yaa bikin orang darah,1
,1
ok banget,5
diperbaiki,5
membantu,5
ikuti kuisnya versi bahasa indonesia nya nya,2
semoga bermanpaat,5
uninstallnya gimana,3
aplikasi gak enak gak verifikasi pakai gambar gak memgarah jagan instal maaf,1
dikasih bintang biar dinotice konfirmasi gambar mbe yg hadap keatas sulit sih unik emang bikin emosi org yg gatau,5
maaf verifikasi nya konyol suruh cari kudanil lihat sampe tanggan gempor gak berhasil berhasil,1
,2
update app nya berat buka bugentah kuota penuh internet daerah lumayan bagus tolong pengembang app nya perbaiki,2
biar produkku dulumodal trùs join fi linkedin,5
menemukan orang orang profesional bidangnya,5
info lokernya akurat,5
gatau buka aplikasi terhenti muat ulang hmmmm,2
gimana ya gabisa login karna sistem keamanan memilih gambar eror berpuluh kali salah gabisa masuk tolong dibenahi,3
aplikasi ngga download bro nyesel kalo download,1
god luck,5
amaze for legal network,5
𝙳𝚊𝚙𝚊𝚝 𝚝𝚎𝚖𝚊𝚗 𝚔𝚎𝚛𝚓𝚊,5
bagusssss bangetttt,5
oke mantap,5
membantu,5
semoga bermanfaat,5
login laptop aja pake verifikasi gambar kodok kagak login hp ga seribet aplikasi ga ga ribet udah berhasil verifikasi dilaptop aja ga emosi gue,1
akun aja dbikin ribet gk apk gk jls,1
gimana mengembankaa usaha maksimal,5
dana prakerja,1
aplikasi bagus pencari kerja,5
mudah mencari kerja bnyak nya koneksi linkedin,5
haha suruh cari yg mnhdap smpe biar nungguing giliran biar mnghadap ttp aja salah heemmm gak beres gak apk nya,1
o k,5
the app be really waste my samsung phone device storage thats why i give a one star rat,1
goooddd,5
aplikasi yg membantu,5
pelayanannya sinyalnya kadang hilang didaerah parung,4
kurir,5
solusi motivasi sip daaaaah,5
ngelamar login login udah gitu pas regist gagal dasar anak dajjal,1
gajelasssss masuk susah bnr,1
ga paham gunaan nya apl tolong jelasin,2
joźzz,5
mencoba,5
bersyukur masuk linkedin bermedia sosial,5
teka teki nya nyiksa sumpah,1
memanfaatkan kesempatan kesempitan serahkan urusan yg maha kuasa tuhan yme mudah mudahan kemudahan,5
verifikasinya susah dipilih coba pakek hp laptop tolong diperbaiki kalo kyk gni ngk biaa akunnya salah dri tekateki gambar suara,1
susah verifikasi iq jungkok,5
coba daftar aja susah pilih gambar dibilang salah,1
yoss auto uninstall dev lu ngabantu orang mempersulit orang masuk disuruh verfikasi aja dipersulit gk banget,1
cocok,2
sangad,5
,1
ok,3
i cant sign in so annoy,3
yeah,4
bagus mempermudah mencari pekerjaan dipertemukan orang circle,5
hubungan kerja simpel praktis,5
daftar aja dipersulit gimana makenya,1
cb dlu,4
menambah relasi,5
bismillahirrahmanirrahim assalamualaikum warahmatullahi wabarakatuh,5
udh download gak akun payah,1
log in daftar udah coba verifikasi berkali kali tetep ga,1
semangan putus asa,2
membantubagi,5
tolong tambahkan mode gelap please add dark mode,5
divisi keuangan admin,3
akun apk ga berguna terimkasih,1
bagus untk persahabatan benua,5
setia melayani,5
prakerja,5
,5
membanti,5
susah verifikasinya gambar kodok yg pilih salah,1
xzaz,3
,5
memuaskan,5
aplikasi membantu cari kerja curhat kerjan doang kebanyakan share pengalaman doank,1
execelent,4
suka padasoso orang diya tida poka,5
dibanding aplikasi job seeker yg,5
tdk ok,2
suka eror buka responsangat kecewa si,1
jelek kesalahan login mend web,1
its good for connect people in the world,5
dapatkan,3
berjumpa teman hebat,5
keren mantap,5
lumayan lancar update,3
driver and bangunan proverty,5
akun cek ulasan akun bantuan hapus aplikasi,1
kuaaaatrrroooieeekk update,5
jrlek,1
log in susah siiih bolak gagal heran deh,1
bikin paket gua abiszz,1
maaf ya kasi bintang share link video youtube linkedin aplikasi linkedin eror aplikasi linkedin terpaksa uninstall,1
bagus,2
verifikasi pakai teka teki cari kerja susah dimakin susahi hadeh,1
maaf kasih bintang aja kecewa bangat dgn apknya disuruh pilih gambar yg menghadap verifikasi susah bangat udh pilih yg puluhan kali gagal trs kecewa bangat dowloadnya,1
verifikasi aja susah banget pusing,1
linkedln membantu berusahatank you linkedln,5
kemarin yg bobol akun ku linkedlnuntung sdh privatskrng lihat yg pakai akunku disinimangkanya download linkedlntolong jk nama yg bobol pakai akun ku inisaya tdk bertanggung jawabkarena tdk linkedlnskrng dowload yg memakainya,5
goog,5
niat aplikasi download daftar verifikasinya salah tolong aplikasi,1
info mengenal job yg,5
membantu wawasan,5
update mulu,1
nagih gaji rate aplikasi wkwk,1
membantu akses kedunia berbagi pengalaman mencari pengembangan kegiatan usaha,4
syrat nya susah,1
semangattttttt,5
ksh dl blm dpt krj,3
lihat,1
ç c k,4
mantap,5
oke banget informasinya,5
keren,4
apk tolol susah kali daftar aja ribet verifikasinya muter gak,1
aplikasi mendidik patut apresiasi,5
sumpah udh kali masuk aja susah banget hahaha fix uninstal,1
verifikasi ya ribet udh d suara berhasil d alihkan tebak gambar cepat salah berkali kali salah uninstall ribet,1
sulit pemeriksaan kemanannya login,1
aplikasi membantu terimakasih linkedln,5
up,5
break verifikasi udh trus disuruh verifikasi berkali kali aplikasi break,1
asu login nya susah nian bangsat,1
susah daftarnya udah masukin no hp disuruh ngulang pas udah dimasukin gak dicoba login akunnya gak,3
exlusive good,5
good pokok nya,5
memudahkan,5
bagusmantap,5
coba jalan,5
manfaatnya,5
hei dev klo aplikasi yg bnr ya tolol bngt gmpang email gmail dripada login linkedin dsruh pecahkan tekateki situ tolol n brengsek orang download app cari kerja bermain teka teki yg gk bermutu boss,1
nice apps to get good opportunity,4
linkedin media sosial yg bagus membangun jaringan profesionalitas kerja,5
mantab,4
ok,4
opsional,5
informasi begabung linkedia terimakasih,4
kualitas tingkatkan,5
动dota 不卡,1
tlg masukkan perangkat yg gagal dlm mengaktifkannya,1
rumah tangga tanggung jawabmu waregza dela hoya sidabutar yg lari tanggung pembayaran garuk piringan div sinar mas kandista asslap ptsampoernaagro tbk kebun sumber sawit oki palembang janjimu bayar hasil kerjaku asisten yg ingkar janji rp tunggu niat baikmu malu almamatermu malu tanggung jawabmu asisten,5
nice job,5
halo kecewa linkedin akun nonaktifkan melalukan larang mencoba memverifikasi akun ditolak mengikuti rule tolong kembalikan akun,1
mencari pekerjaan tes gambar menghadap keatas,1
krend,5
bagus,4
the good job,5
verif nya susah sih udh mumet cari kerja mumet verif nya gajelas jga clue nya yg bener aja bgtu dipersulit banget,1
gabisa uninstall,1
super,3
memudahkan bertransaksi,5
kali sa mo masuk up date truss yha,3
perusahaan pialang ya dikasih linkedln laporan ditindaklanjuti kalah platform sebelah,1
good to know and implement linkedin as a partner of my career,5
bagus menambah link bisnis,5
membantu lowongan kerja,4
bagus bnnngggeeettt,5
too,3
mayan,5
membantu,4
,2
gak diuninstall,1
testimoni,5
link luas wawasan terbuka lebar,5
berguna profesional,5
komunikatif n peduli,4
,5
guten,4
keren aplikasi nya,4
lumayan,1
terbukti pekerjaan,1
nice for look job,5
aplikasi nya bagus,5
android koneksi,4
bagus aja,5
gak daftar terosssssssssssss gagal akun gitu aja,1
keren,5
tolong gak login bikin akun gak,1
great apps and super useful,5
,5
ngak tau,1
gabisa akun udh masukin nomer eh aja puter,1
support lifestyle,5
suka aplikaai,5
v good,5
woah,5
aplikasi mencari kerja aplikasi curhat pekerja,1
penasaran,5
lupa sandi log in ribet bgt verifikasinyaaaa,2
membantu menambah relatiin,5
susah daftar verifikasi kodok zuma gagal gambar menghadap keatas ga pilihan kodok zuma keatas menyusahkan pencari kerja plissss,1
profesional berkembang on the linkedin of the best thank,4
membantu ad lowongan ngasih tauterima kasih linkedln,5
ribet hrus verik gambar salah mulu ga mutu,1
rekomendasi menjalin hubungan kerja profesional,5
semog,3
simpel bijaksana efisien efektif,5
ninggalin linkedin aktif,3
bikin akun gabisa kalo gabisa login gtu aja trs,1
daftar susah pemeriksaan robot salah daftar akun tetep ajh salah,2
bismillahirrahmanirrahim assalamualaikum warahmatullahi wabarakatuh,5
sungguh,5
terbaik inovatif,5
info lowongan kerja yg akurat job seeker,5
radio,5
linkedl very good,5
membuka pesan bnyk mengirim pesan sayajadi tau informasi teman teman,1
bagus ringan berisi mantap,5
bermanfaat mudah dipelajari,5
jelek bngett,1
good for the information,5
great channel to connect with industry professional,5
hidup perbuatan,4
suka,5
update bro,2
pas update parah ga scroll bawa mohon perbaiki,3
aplikasi,5
informatif,5
step by,5
menjalin relasi,3
like it,5
good to work with,5
ra paham,2
linkedin bagus mohon ditingkatkan fiturfitur menariknya,5
aplikasi,5
rekomendasi,5
mantap,5
maaf tertarik,1
colll,5
versi dark mode linkedin,3
aplikasi ringan,5
dicoba,1
not nice low respon when i try to cancel for pay take money very bad,1
coba dlu,5
bagus banget membantu,5
paham masu alvikasi,5
success linkedlngood job,5
good,5
teramat loker abal palsu yg muncul sistim it nya ga verivikasi komplit an absah an pt cv nya dipilih domisili a yg nongol daerah lucu banget aplikasi it nya newbie ya,1
gk log in log in,2
bantu segalahal menmbah ilmupengetahun kreatifitas,5
,3
admin akun nonaktif ya pdahal gk ngapain cman apply kerja aja tolong bantuannya,1
,5
ok jos,5
ok l,1
yeoa,5
manfaat,5
verifikasi nya ngga tahap verifikasi salah,2
mncoba,2
terhubung jaringan profesional menyenangkan menambah ilmu lingkungan jaringan positif,5
sangay membantu jobseekers mencari kerja,5
juossstenanpokoke bnyk info menarik plus sngt pnting seputar loker,5
masuk aja payah kali pengamannya payah,1
asswrwb mintak saran sy login email account facebook,5
aplikasinya bagus banget,5
lumayan,3
its very good,5
im happy to have this link thank you for the attention and your kind,5
berharap membantu,5
fositip tingking,5
mudah cepat,5
aplikasi membantu terhubung kolega kolega sahabat sahabat,5
aplikasi bagus cepet gak lemot kyk aplikasi bank cib,5
tebak tekateki mempercaya benarbenar manusia what can i ask again be the person who makesowns this apk really human unanswered question,1
nyari kerja udh lulus s,5
terima kasih aplikasinya keren silaturahmi cari rekan bisnis dll,5
bagus bintang nya,4
fuk with security check linkedin i always mistake,1
good app i like it,5
membantu pencari kerjaterima kasih,5
tingkatkan,5
its look good help us to find job make network and coordinate with industri where we want to work,4
terimakasih linkedin platform share portfolio profesional thank,5
ndak,1
siiiippo,5
mantap keren,5
bnyak relasi bagus,5
tolong info nya masukin berkas lamaran aplikasi nya gmna ko ga ya mohon info nya,5
uup,5
ox makadih,3
pengalaman dapatkan linkedln,5
app ne bagus bgi,5
lumayan mantep sich,3
pengalaman,4
gimana akun dinonaktifkan gajelas mulia admin,1
mati,1
tolong logintulisannya akun nonaktif trus akun tulisan dipakai orang kannn gimannaaaa takut akun dipakai orang bertanggung,1
membantu bintang linkedin,5
menerima,3
keren banget mengkoneksikan perusahaan,5
dapet kerjaan platform nggak pecah telor pecah telor wkwkwkwk,5
best profesional medsos,5
aplikasi profesional akun dinonaktifkan pemberitahuan data real akurat melangar,1
p p,5
ragamdan manfaat apl linkedin ilmu pengalaman orang orang expert bidangnya menambah kepercayaan sukses maju sia siakan waktumu u bergabung linkedin membuatmu tersenyum bahagia ayobergabung linkedin,5
inih mechanical engineriing specialistd yg mengembangkan imtaq iptek yg dpt bangku sekolah tk lulus kuliah,5
keren membantu mencari info lowongan pekerjaan terhubung langsung orang orang profesional sukses,5
senang bermanfaat,5
terbaik,5
,3
m mencoba,2
kali bikin akun kali akun nonaktifkan gak apps log out the best,1
cakep,3
maksudnya berbayar ya,3
źc mv,1
bagus mengembangkan poto kampung inggris tempirai pali apk linkedln terimakasih linkedln,5
aplikasihnya bagus gaees,5
linkedin be good,5
if you find for a pro connection this be be the app,5
oke oke,3
akun pas login google ga login manual gabisa tulisannya menunggu gimana sih,2
ok,1
ms maksud manfaat nya utk sy br mencoba buka,5
very good apps,5
berbeda versi buka postingan,1
semoga dpt kerja linkedin,5
recomended,5
apk gjls ngentod,1
parahh gak bisaa masuk sekalii udh uninstal ulang tolong diperbaiki,1
aplikasi bagus menunjang profesionalitas profesi,5
suka,5
mantaf bermanfaat terimakasih,5
gk verifikasi udh jwb suruh ulangi,1
aplikasi media sosial berguna berfokus dunia pekerjaan memudahkan mencari pekerjaan minati bertemu relasi orang,5
keren tawaran kerja,5
coba dark mode nyaman si,4
nya orang professional,5
aplk yg membantu menghubungkan dgn relasi yg,5
surat vaksin,2
gk bsa kebuka verifikasiggl trus ribet,1
menambah memperbesar link insight,5
nyoba,5
habis update kau terbuka,1
okq,5
media social beda lainprofessional berwibawa,5
ok suka,5
loker bohong,1
burik,1
gak buka tolong perbaikithanks,3
d update koq foto profil nya hilang wkt d lg gak muncul lemot postingan org foto video gak bs muncul,1
good media to everybody for skill share information,5
kode keamanannya susah salah salah,1
execelent,5
jooooooopos,5
bagus efektif,4
small chages can make a big difference,5
salah jejaring sosial profesional diakses orangorang kalangan profesional aksessibel profesional muda disabilitas sensorik netra,5
trimks impormasi pekerjaan,5
ketemu teman,3
ok harapan,5
upadate gambar foto,1
tolong perbaiki bug nya aplikasi nya ga dibuka coba diinstall ulang terbuka device poco f pro,1
susah kalauminta updatenon aktifkan aja,1
mantap,4
top bangetok,5
susah login nya bikin pasword nya,1
linkedln aplikasi terbaik pertahankan kwalitas,5
aplikasi membantu pencari kerja,5
vesbuk,4
semoga dpt membantu mencari pekerjaan driver,4
,2
blm paham pungsi nya,5
,5
sampaah,1
smoga aja dapet kerja,5
aplikasi benarbenar menambah relasi kalangan pekerjaan alumni jurusan info terbaru terkait lowongan kerja mantapp linkedin,5
komplit,5
susah login,1
semoga linkedin urusan yg membawa jlan sukses motivasi orang aplikasi terimah kasih,4
abis donload disuruh verifikasi robot dsruh milih gambar yg menghadap susah bedainya bingung nyari yg menghadap gmna org palanya tolong verifikasi laen,1
gagal terusssaplikasi ni,1
mantappp,4
bagus pelamar kerja,5
e ek mah aplikasie,1
walpaper,5
membantu informasi kerja perusahaan membantu oramg berkomunikasi kerja,5
verifikasi rumit,1
mantabbsemoga pekerjaan keberkahan mrlalui aplikasi,5
bantuan beras seliter pangan sehari bansos klurahan rt no kranji bekasi barat rahmat,5
membantu mencari pekerjaan,5
go,5
mksh kmi bergabung aplikasi,2
link ajh,5
mantull,5
crash pas quis lencana udah nomor mantep bgt,1
akun sehari dipakai udah kena nonaktif penjelasan pelanggaran pelanggaran,1
semoga lbh,5
bagus terimakasih ya,5
job information,5
bermanfaat mencari kerja,5
mengajar smp tri tunggal surabaya pengalaman peroleh disana teman teman kerja kepala sekolah berwibawa berat hati pindah tugas diterima pns smpn tulangan sidoarjo jawa timur ditempat kerja mengenal teman teman pengalaman disana mengembangkan keahlianku pendidik mengikuti pelatihan,5
tolong data hapus,3
iya aplikasi sayat bagus,5
good luck,3
menghubungkan profesi relasi latar,5
goodlah,5
goder,1
laode serfian naisa nya laod serdin,5
sitijindanbenar pemakai,5
sopi bagus,5
perusahaan palsu yg buka lowongan,1
mantapp,5
berani kasih bintang bagus pertahankan,5
bergerak bidang perdagangan pertanian,5
s a b p awlz t tjw t,3
mantap nih aplikasi nya membantu pasang iklan,5
connect people,5
agus suparru republik,5
aplikasinya,5
sih linkedin suka loadingnya kadang tibatiba load menganggu aktifitas sceoll,5
y,5
linkedln aplikasi menginspirasi membantu,5
scaffolder,5
juli today i change the star that previously give a star rat then update the change to star because my account have absolutely no access to use again please fix again,1
bagus share information hard work negara,4
ga tau aplikasi,1
pas akun verifikasi nya bolakbalik hmmmmmm,1
nagus link persahabatan berbisnis,5
jaringan internet lancar,5
lumayan,5
lumayan,4
bagus bngt,5
semoga jembatan rejeki apk linkedin iniamin,4
jelek ni aplikasi nya,1
linkedinperlindungan dasar hukum kamibersamamoe akoeselamanya,5
download pembuatan akunnya susah banget verivikasinya mutermuter pertanyaannya manusia,1
aplikasi gunanya merugikan,1
ya kabar,5
informatif bidang profesionalisme,5
youtube facebook indonesia nang nanggroejih atei,4
memuaskan hasil,5
wokee,5
wawzer,5
kumu sic ajivf,1
gabisa masuk gak,1
q qaa,3
pdhl apk nya ga jg ga prnh download tp knp tb apk ter install,1
ntap,5
bengek banget nih nggak ganti foto profil,2
aplikasi bagus menghubungi orang kenal,5
teman,1
paham manfaatnya,2
baiiiiiiiiiiiiiik,5
mabtap,5
uhu,5
membantu berkomunikasi lbh,3
keburu kesel sma katak nya milih jam ga pernh benr taikaplikasi ga jels,1
pribadi,5
dapet kerja kgk update mulu,1
ok,5
linkedln,1
app,5
sipppp,5
poco x pro,5
sumber informasi yg akurat luas era informasi peluang kerja informasi jaringan bisnis yg linkedin,5
nicw,5
bintang sdh,4
akun nonaktifkan gak ngapa ngapain,1
masuk aja susahnya ampun kode keamanan nebak gambar madep gak,1
bagus,1
apps bagus mantaplah pokoknya gue dapet kerjaan,5
lengkap,5
pergaulan,4
nice good,5
mudah melamar pekerjaan,5
mebantu,4
,5
gimana aplikasi,4
dibutuhkan,5
nikjl,5
bagus utk cari pekerjaan dimana,5
gak memposting sih berkali kali coba memposting,3
seep,5
rekomen,5
membantu menarik pribadi share informasi tau berita ter update dunia oilgas pribadi nicevery nice cheer for you all,5
apk gak layak,1
manfaat aplikasi uninstall aj,3
update,1
ribet donload vertivikasi gua sangka robot,1
kirim lamaran diarahin melamar via jooble dapet panggilan interview penipuan hedeuh,3
aplikasi jasa keuangan asuransi kl cari kerja jasa keuangan tempatnya asuransi,5
serve w srundeng w,5
mudahan mudahan bs bermanfaat,5
membantu konektifitas kolega mempermudah mencari informasi pekerjaan,5
mantap jiwa boss,5
sy kena tipu tks,1
bagus bermanfaat,4
nya,5
terimakasih bantuannya,5
lamar kerja nya ribet,1
aplikasi memudahkan,5
staf pengajar asessor lembaga sertifikasi profesi politeknik pertanian negeri pangkep,5
mantaf,5
membantu memnerikan informasi,3
top bagus banget,5
mantb semoga bagus,5
menarik,3
liat kolom komentar orang perusahaan yg muji muji pengen diangkat karyawan yg ditulis aja,1
membantu mudah puas,5
facebook bisnis,5
goyang,3
pejuang kerja mohon doanya mendoakan pekerjaan,5
e,1
negatif komen,1
manfaatnya,1
,3
linkedin be one of the best application,5
good job end alwos becare full,5
tlg bantu menyelesaikan mslh,5
bnyak mendapatjan infoyg susah d ditrmpat,5
aplikasi maksa ponsel samsung dihapus nonaktifkan,1
brlajar,5
trim,5
gabisa daftar login gimana ngasih rat bagus,1
membantu kamiterimakasih,5
kecewa aplikasi kali akun nonaktifkan pemberitahuan,1
app jobseeker terbaik,5
aplikasi membantu temen yg mencari pekerjaan berbagi informasi,5
terimakasih linkedln,4
bagus membantu,5
alhamdilah bertemu orang orang hebat apk,5
warna,5
siplah,5
apk dihapus device,1
,5
kasi,3
susah verifikasi,1
nya keren berjalan langsung ngaco eh akun google nonaktifkan tujuan membaca data prangkat dll,1
membantu terimakasih,5
membantu mohon linkedin menyaring lowongan bohong,5
mrnyebalkn,1
klo cari kerja klo cari pidio canel yutup hasbiar,5
kasih bintang banti klox membawakan hasil merugikan bintang,2
very good for fine job,5
very excellent andf useful,5
ribettt suruh milih gambar kodok menghadap aja gitu sampe nenek gue idup,1
sio,5
xba,3
dinas pertanian,5
bermanfaat bisnis pertemanan top leader negara menyukai linkendin,5
mbuh gag ngerti opo ne,5
oke,5
god very nice,5
good and many things to learn from all the world profesional persons,5
coba,2
m,5
gak butuh aplikasi,1
aplikasi kaga loker nya kg mendingan copot sue,1
keren tampil beda,5
nya,4
ui dark mode will be nice d,3
hariono,5
oprator produksi,5
ribet banget sih verifikasi udah ku dgn bener salah,1
username,5
smngat,5
bagus,1
berguna,5
pedagang,1
bagus,5
bermanfaat cari tau lowongan kerja,3
kecewa situs aplikasi penggunan situs aplikasi akun x nonaktifkan pemberitahuan mengunggah meposting halhal bertindak kriminal kejahatan diluar undangundang materi postingan menjual property akun menjual memposting property nonaktifkan mengirim verifikasi ktp hasil nya nol,1
verifikasi aje ribet,1
bntang nya,3
top marko top,5
tolong follow up email mohon tim ahli perhatikan,1
dwld thn dpt panggilan itupun penipuan,1
mantabtp sayang nya pekerjaan nya ngga nentuin,4
min nebak gambarnya gimanasalah mulu njir akun,1
baguuusss,5
fabricationerrection construction project,3
good,5
tingkatkan qualitas aplikasi nya,4
,5
menjadikan mudah,5
menolong dunia kerja,5
aplikasinya,5
soksokan udah dewasa download,5
bagus,5
aplikasi membantu,5
coba kasih bintang semoga aplikasi membatu mencari pekerjaan,3
velemboket,3
,5
gk make,3
wew,1
menyimpan slide,5
bagus banget kereeen,5
,1
kembangkan,5
ok banget,3
cooolll,5
bagus mantap,5
relasi terkoneksi,5
bagus profesional,5
mudah mudahan bagus,3
lowongan tdk cocok dgn kemampuan sy,1
beralih platform bisnis pekerjaan platform sosial media sedih komentar balas pastikan robot developer customer support,1
bagus bermanfaat,4
mntap,4
good apps help to get a job,5
juuooos,3
menambah teman bagus,4
pemberangkatan,3
perusahaannya kebanyakan pasif responnya proses recruitment,3
aplikasi berguna,5
semangat menyerah,5
lowongan tp ndk yg d respon bsa ya postingan modus,1
mantap gunain,5
keren tempatnya pekerja,5
beguna,5
pemeriksaan cepat ribet,1
linkedln didepan,5
u uhhh uh h ikmal lnnuuulnunlllnhu,5
trima kasih aplikasih,5
nice recomend bngettttt pengguna mengoprasikannya,5
operator produksi scanner,5
aplikasi bagus menambah relasi informasi terjangkau berbeda aplikasi instagram facebook twitter lainlain link in diharuskan halhal berkaitan dunia pekerjaan ditambah fitur job course menambah skill pengalaman,5
good job thank,5
bermanfaat,1
bagus,3
bintang,5
membantu dlm mencaro informasi kerja,4
informasi pekerjaan akurat,4
terimakasih menjadikan dunia,5
kemudahan,5
barokah slamet,5
trimakasih,4
sampahhhhhhh susah daftar,1
apl membntu,5
manfaat,5
apl jelek nya permanen download mulu,1
semoga jodohnya mencari pekerjaan,5
penawaran kerja nganggur,5
dimzbimz,5
aplikasi nggak gunanya,3
gabung linkedin semoga jodoh melamar membantu,3
lately the application often crash cant reload and cant log back in must be reinstall,1
mnataps,5
nrmal kem bali l,4
mantep,5
aplikasi cocok jobseeker,5
adandanc,5
mangisundaun,5
linkedin bagus membantu,5
verifikasi disuru milih badak kearah udh dipilih aja salah gajelas ni aplikasi,1
premium career group useless,1
aplikasi bermanfaat dunia kerja pendidikan profesional,5
semoga membantu pekerjaan apapun yg positif amanah kolaborasi istikomah,5
login nya ruwet bikin betek bos emang gak login yg gampang,1
membntu bnaget,5
samsung a,5
daftar aja nggak login tolong diperbaiki,1
pengalaman coba moga lancar,5
dr kesuma halim msc,5
good suka,5
melamar masuk link susah mengaksesnya,1
ok,5
menarik,2
aplikasinya lemot koneksi apapun lancarmohon diperbaiki lancar,1
aplikasi kebanyakan diisi org yg bergaya berlagak sultan spt ahli dlm bidang usaha dll postingan ucapan selamat motifasi yg knyataannya pemberi motifasinya motifasi omongan yg kelebihan yg kenyataannya trbalik info hoax,1
kga tau blom donlot,3
fuvejobdserre,1
hapus aja bos aplikasinya verifikasi ribet bgt gagal kek maling aja sampah,1
bagus ditingkatkan lowongan kerja wilayah aceh,4
mantaap,3
dlu y,3
i like this applikation,5
surip,2
masuk ajaa persulit hadeh gimana majuuu,1
membantu cari lowongan kerja recommend sih ya,5
lowongan nya gak update,1
recomended,4
gabung aja mesti verifikasi parah susah,1
menambah jaringan shering knowledge,4
,1
membantu pejuang amplop coklat,5
menyebarluaskan ide ide ber hak paten mbuat alat optik pembaca keping cakram vcd cd dvd brd lensa camera smartphone,5
myo,3
bagus utk link sosial,5
hadeh,1
daftar dah pake data g bisapayah,1
coba bagus ditambah bintangnya,4
guru matematika,2
susah banget verifikasi manusia nyaa udh coba berkali kali tetep salah muluu,4
tingkatkan,5
lumayan lh,3
sippp,5
isi nya perusahaan bodong kayak nya perusahaan penipu interview uang x nama pt nya bedabeda nya muka copet amit amit awas hati hati,2
aplìkasi membantu,5
kredible,5
need improvement on job opportunity,3
moga membantu,5
filter lokasi lowongan pekerjaan tolong tambahkan area makassar terimakasih,5
good application for good professional,5
lamar kerja,5
wali santri,1
,5
kasih klo bagus bintang,2
download,5
a a mcd hv,2
blajar linkedln,5
berkelas ni ngak orang masuk,4
pass,2
good to know and good for the relation,5
ja,5
bagus mencari kerja,5
cocok pengguna layanan plexibel,4
make sure aplks be agreat aplks,4
ubah sistem verifikasi nya,2
updatenya cepet,4
nice app for professionals,5
linkedin bagus kembangkan ya,5
bermanfaat karier,5
nggak ngerti pakai aplikasinya gimana tamat kuliah terima kasih,3
bagus,5
mohon bantuan ny,5
mantaaàp membantu,5
sulit membatalkan premium kena tagihan bln menyebalkan,1
ntah gagal verifikasi gambar disaat akun udah dipilih sesuai perintah menghadap keatas sistem jawabannya salah,3
coba,3
membantu menampilkan pengalaman kerja mencari pekerjaan,4
berpihak penindas penjajahan,1
pu min,5
linkedin membatasi pertemanan level director berteman langsung batalkan linkedin,1
terimakasih membantu,5
bagus,3
membantu dalan ulasan berita akurat terima kasih team linkedin,5
mantap jiwa,5
good comunication,5
apikasi linkedin akun logout log in pas verifikasi manusia ketemu gambar katak putih susah memverifikasi nya saran ga ganti aja format verifikasi manusianya pake gambar katak tolong pulihkan akun linkedin login,4
mantaps,5
nice app thank,5
always,5
not good,1
mantaabbbb,5
parah klo kaga mao diperbarui kaga bukainimah minggu klo liat d play sture diperbaharui paksaan,1
cobs,5
mudah dimana,5
makasih,4
aplikasi menyulitkan,1
only for professionalist its work,4
mudah mudahan bagus info peluang kerja,4
up wow,5
blm info dr,3
keren parah sih aplikasi membantu,5
politik masuk ranah kerja sampah,1
update,2
good application for profesional,5
dinas pekerjaan tata ruang kota metro alumni institut teknologi bandung jurusan sistem teknik jalan raya universitas lampung jurusan teknik sipil,5
thank you linkedin team,5
keren,5
bertemu teman karir,5
thankz you,5
panti asuhan alanshaar talise pusat palu,5
membantu,5
zionism,1
informasi lowongan pekerjaan informasi pekerjaan membantu,5
teman yg sukses yg msh merenangi lautan usaha,5
daftar aja susah verifikasi ga,1
mudahan dapet jerja,4
supervisor housekeep,5
too much not important post it should be filter due the difference of purpose not like instagram or facebook,1
linkedin akun facebook,5
,1
apl,5
tau ga gimana hapus aplikasi,1
terima kasih besarny apk linkedln team membantu orang menggapai suksesnya thank ya,5
good for me,5
not kkiii,1
please bring murz account back,1
menolong terima kasih,5
siipppp,5
sukaaaaaaaaa,5
goddess,5
good app,5
,4
selamat malam penerimaan kerja ya,5
bagus aplikasinya,1
mdhan dpt kartu pra kerjaamiiiiiiiin,5
membatu yg mendekat,5
capek urus kerjaan,5
trial gratis suruh bayartaek,1
coba kasih bintang smg milik amin,5
aplikasi yg membantu semuah orang,5
membantu bermanfaat,5
ol,5
aplikasi bagus berkiprah profesional komunitas profesional bertemu profesional dunia,5
tempati saa,2
saran klik alamt email langsung terhubung alamt email tolong kayak job street langsung apply alamt pt terima kasih,3
kebaikan,4
mantap linkedin,5
belajar menambah wawasan,5
ok banget tunggu ntr dksih lgi bintangnya khn bertahap hehe,3
membantu berbisnis,5
sagat membantuluarbiasatetap eksisyaami,5
excellent application,5
sy blm cuba lg,1
semoga bermanfaat,5
very good,5
puas pakai apk update bagus berkembang keren the best,5
perfomancenyagood job,4
pengalaman yg pahit nganggur thm gara setan corona,3
menyukai kali pakek aplikasi,3
,2
akun bajak mohon bantun nya makasih,3
sippp update info pekerjaan,5
macari hall hall yg brmanfaat,4
ok mantap,5
ngk ngerti,1
mencoba link,5
informasi kawan rezeki,5
bermanfaat,5
aplikasi bodoh gw daftar ratusan kali gabisa pake google dll tolong benerin sampe apk dead apk tlol,1
bintang allahuma sholli ala muhammad wa ala ali muhammad bismillahirohmanirohim alhamdulillah hirobil alamin olays cyber team setia siaga cepat,5
bagus membantu,4
sngt bgus,5
keren,5
easy and simple to use,5
koneksi,4
servis ac,5
start follow,4
menjurus,1
i love linkedin because it give a new atmosphere to my life,5
freelanceadvocatstaf administrasipeneliti,5
dicoba,4
g uploap foto error pilih,2
akun aktif,5
bagus membantu,5
good info,5
tambahin opsi non pengalaman biar ga ribet ngelengkapin data profilenya,1
makasih udah nyediain aplikasi informasi luas tersebar luas masyarakat udah pakai aplikasi alhamdulillah skrng udah perkerjaan sesuai spesialisasi saran pemula sabar ya karna nggk instan update mencari informasi lowongan aplikasi,5
aplikasi yg bagus untu share informasi,5
linkedin berguna menambah jaringan pengetahuan informasi pekerjaan komunikasi,5
good opportunity,5
wow jelek banget,5
berjualan pupuk,5
tahe emgpertanyaan keamanan yg gambar hewan salah mulugajelas bgt,1
aplikasi babi udah masukin ya kamar kerja udah kelar tinggal klik lamar ga notif nya maaf kesalahan taik,1
aja,3
good,5
link berguna,4
lestoran waiterbroker,5
mantap pangilan pilih,5
be okay,5
parahbru mw pake apk nyaeh errorpadahal data uda msuk semuasaya sarankan downloaddr pda nyesal nnti,1
update linkedin,4
smart,5
simple but important,5
membantu spesifik,5
semoga menghasilkan,3
excellent,5
gada perusahaan nyangkut ditambah perusahaan nipu doang,1
aplikasi yg membantu mencari pekerjaanmembangun relasi informasi yg luas,5
biadang dunia it ai education,5
woi banteng gmn si ga bsa yg menghadap org smua kepala nya d puter doang fakk,1
yooomann,5
berharap menyambut yg cemerlang sebelumnyasemogaalloh menghendakiamiin ya robbalalamin,5
ĺumayan,3
membantu n teman yg profesionalterima kasih,5
lumayan bagus,5
terbantu,5
sukses,5
nice apk,5
knp muter molo mo diupdate,1
bagus banget apk nya,5
inspiratif dapatkan linkedin info loker yg motivasi bergabung,5
aplikasi gak iklan ga nyambung perusahaan gak,1
informasi yg bermanfaatpeluang karir perusahaan bagus,5
menjalin keseluruh dunia teman bisnis linkedin,5
thanksto link me to all freinds,4
guud,4
susah masuk gagal teka teki ajah ga,1
lumayan menambah relasi,5
bagusss,1
,2
membantu,3
mantab,1
mechanik,5
tabss,5
mohon diperbaiki aplikasi nya mengakses web kalo aplikasi gak aneh pake android versi sekian terimakasih,3
memakai seringsaya pakak linkedin profesional bidang fitur lengkap ringkas loker kadang membuka link terkadang binggung,5
membantu dlm info update,5
alhamdulillah aplikasi membantu pekerjaan aplikasi terima kasih,5
keren profesional,5
thx appnyago to chat,5
mantab utk cari lowongan relasi kerja,5
yaa membantu sih,5
aplikasi profesional,5
this application can help me to get new people to good carrier and get business motivation thank you linkedin,5
mantaaab,5
perumit test tekateki diawal masuk,1
knp aj yh,2
sangst membsbntu,5
bagus maaf pendapat hihi,5
best for share very recommend,5
informasi lengkap,5
mencoba,5
busuk kali aplikasinya,1
ya bos,1
aplikasi gajelas masuk aja tes ribet banget berkali kali gabisa,1
mencapai yg harapkan sesuai permintaan atasan,5
bagus membantu mencari kerja yg sesuai harapan,4
konsultan pengawasan proyek pabrik high rise build,5
apk yg membntu dimusim pendemi in mncri info kerja,4
jelek akun dininaktifkan,1
askamandey,3
ulasantanpa tujuan yg,2
in be the best,5
app nya bagus byk teman yg,5
as asepirima,5
aplikasi error,1
the best,5
membantu promosi produk,5
best super,5
gratis,2
aplikasi bagus membangun relasi informasi terjangkau pekerjaan,5
kawan,3
instal,4
linkedin good,5
ado aplikasi parah,1
mendalami keuntungan aplikasi,4
maaf ya dikasih bintang abis diupdate gabisa diakses disuruh coba,1
membangun relasi kerja,5
kali login gagal sandi salah masuk ubah sandi,1
orang kerja wajib linkedin,5
instal disuruh cari binantang yg mengarah robotnya bilang salah mend hapus,1
good tank you,5
good aplikasi,5
mencari pekerjaan,5
sungguh membantu mencari pekerjaan,5
bener aplikasi ribet daftar aja susahthis be not recomended,1
amezink,5
ditingkatkan pelayanan nya,5
gak udah dimasukin bener verifikasinya ngulang mulu sampe tulisan malampauin batas,1
good pokonyaa,5
membantu informasi,5
aplikasi mantap yes,5
membantu menambah wawasan,5
keamanan nya salah mulu susah perasaan,3
pt atsumitec indonesia,2
aplikasi bagus,5
pengguna yg terhormat izinkan apl,5
bagus swxaplokasinya,5
kau link aq inin universaltrims,5
verifikasi teka teki anjay susah,1
semoga,4
be good,4
kasih bintang dl,3
update informasi terkini peluang bisnis pekerjaan yg dibutuhkan utk konsumsi publik kalangan,5
in this application there be no feature to report scam vacancy and still there be a lot of scam vacancy in website i can report them but i didnt see linkedin really block people who have the account and the vacancy page that be another reason why i didnt continue my premium account on linkedin data security be weak,2
diperbaiki,4
visualisasi halamannya diperbaiki ditingkatkan,4
look to round of word,5
,5
good recommend aplikasi mudah dimengerti,5
knp sih masuk aja susah bgt,1
google,5
mantaaabbbb,5
aplikasi keren,5
,5
terimakasih partisipasi nya,5
keren bgt,5
very good and professional,5
,2
great app we can connect people in the world and every company easy,5
lumayan bertemu orang orang seprofesi pekerjaan,4
aplikasi paham,1
kasih bintang aja,4
tolong bantu kauntuk kerja,5
abi thank,5
aplikasi bagus,5
koq tdk tau tolak proses suruh kirim pesen perusahaan ga tau link no contac perusahaan tersebuttolong simple pelamar mudah ngelamar tau status lamaran klo tolak tdk ngelamar perusahaan,3
ribet masuk,1
bertanda tangan nama hendra gunawan alamat cilacap jateng umur pt nawakara group pengalaman sd security th pt yasindo tama tangerang km jabatan anggota security th daesun enginering project semen nusantara cilacap korea jabatan anggota security th sd pt gardatama nusantara project semen cibinong cilacap th nawakara group,5
sepppp,5
bermanfaat,4
nice aplication,5
mukulsaekh,5
link hpwnkgdwztmmfw alex leonardi lahir dimedantgl oio,5
bergabunglah dg group in inshaa allah bermanfaat,4
godjob,5
orang pintarcerdas orang tapiorang mudah hebatlah orang hidupnya bermanfaat aamiin,5
tolong tambahkan mode gelap,4
i just need max days job apportunities not weeks ago,2
apk yg bagus membantu,5
ribet,1
ribet login aja suruh main teka teki gajelas suruh pilih gambar yg menghadap gambarnya diputar ga uninstall bye sampah,1
alasan akun terblokir suruh verifikasi kartu id gak cocok capek ladenin bot digmail,1
very helpfully,5
i get many information,5
,4
taiiiiiiiiiiiiiiiiii,5
kurun minggu berpuluh puluh lamaran lamar gak yg panggil giliran email masuk perusahaan telusuri kantor gak jelasalias penipuan udah bosen kali orang nyoba nipu linkedin linkedin kawan kawan nya jobstreet dll isinya iklan lowongan penipuan coba ajah cek persatu lowongan and on the way you uninstal pembohongan,1
v m,5
maaf cuman ngasih bintang aplikasinya ya disuruh pemeriksa keamanan cepat memiliki akun mohon penjelasannya terima kasih,1
mantaaaaap,5
eva rini pengalaman ga,5
aplikasinya bagus akun dinonaktifkan,4
semoga depannya,5
very nice,5
verry god,5
produk nasa bermanfaat respon cepat puas layanan informasi yg dimengerti,5
jasa linkedln,5
,5
apk jelek,5
kadang tulisan wa,4
ok for rekomendasi job and conection,5
akun login buka aplikasi konfirmasi email susah login konfirmasi email dikirim link login email,1
good great ok,5
yaa,5
aplikasih muda pahami belajar membantu bergabung mencari peluang bisnis negara sendir negara tetangga,5
good update,4
nggak layak bintang,1
komentar enak knapa pilihan tolak pembaharuan klo pilih tolak,1
aplikatif,5
linkedin good information and thank good idea,5
jos mantap,5
bgs menambah relasi,5
,4
krenn,4
sayasuka pertemanan duniaapa yg dunia ekonomibisnis aktifitas yg jarang orang ketahuilov linkedlnsaya mendukung mu,5
wadah stakeholders pelaku bisnis real update mantaappp,5
thats so usefull,5
bagua,4
nice apps,5
bismillah,3
mantaap,5
sjzrs dring,4
tolol nyari kerja aja susah developer niat gk sih bantu verification aja susah nya kaya ujian national dasar badak edan tabak gambar salah mulu,1
josss,3
lumyan,5
jelektidak notifikasi kejelasan,1
ya begitlah ya biasalah,5
ok aplikasinya tp agk sdkit kurng ngerti tatacaranya,4
sgt bagus,5
tdk login verifikasi masuk akal thx,1
melamar pake aplikasi satupun gak panggilan not rekoment pen arian kerja cuman bikin rame aja gak pala berfungsi bagus,1
,2
keren cari loker,5
jainal,5
masuk sekedar daftar aja susah nya ampun banteng kodok suruh pilih arah binatang nya putar aneh nya x percobaan ngk lolos bintang bikin ribet,1
kirii,5
mantap jaya,5
this application be design very important and useful but surprisingly the introduction to the application in indonesian so refer to the language i ask aja automatically indonesian language application please shorten the advertise time relate to specific platforms banners and avoid commercial ads that suck up internet quota and also avoid buy anupgrad in apple developers be very provesional instead of beg keep in mind that usersmembers have not receive the result of their op,4
enough,4
aplikasi su suka,5
good postingan video postingan pengunjungnya poin hadiah,5
membantu yg mencari kerja,5
mantab,5
berbayar ngirim email gratis gak bat,1
bagus banget,3
krn kucoba,1
berteletele sign apply akun web perusahaan melamar,2
moga cepat diterima koki,5
bagus banget,5
ok,4
i like it to upgrade up skill in entreoreneur,5
bagus appsnya,5
udh pnya akun link wktu sy via kiriman email dr link tp pas sy donlod aplikasinya login gk bs mengenali email no hp hasilnya hrs bikin akun barumengecewakan,1
kerja proyek tambang batubara openpit underground kerja iron ore project kerja proyek tambang chromium proyek tambang nikel,5
good sosmed,5
best and very recommend,5
not help me yet to get a new job,4
semoga kedepannya lbh amin,5
bermanfaat membangun hubungan bisnis,5
cepat,4
aplikasi nya membantu,5
js rna a bg an,4
mntab,1
good,3
bermanfaat,5
hnarma,4
menenukan teman teman bersemangat mencari pekerjaan kantoran,5
pembaharuan pencarian dibatasi penggunajobseeker diarahkan premiumberbayar bayar makan sulit jobseeker mohon perbaharui,1
exellent,5
bagus bermanfaat,5
pekerjaan rewinding countruksi mecahanik pekerjaan sipil,5
user friendly,5
,5
halo please improve the appearance of the fee when use the post filter very inconvenient easier the previous filter post feature,1
bintang,3
go stei sebi depok,5
appl yah sagt bagus,5
siip,4
mencoba,1
motivasi kreatip berteman bnyak membantu terima kasih linkedin,5
sulika,1
aplikasi bagus bapakibu bayar kirim cv inmail,4
pengganti penelusuran,4
loginbaru mengetik alamat email aplikasi,1
aplikasinya membantu berguna bagus,5
teman hehe,5
jaya terusss,5
why i can not upload my cv or resume pdhl sy udh format pdf,2
suka liat lowongan pekerjaan,4
esukasi,5
ok cepat aktifitas bisnis,5
tolong diperbaiki verifikasi verifikasi gambar kodok salah memilih kodok menghadap terima kasih,1
work hard and job busy end dipicull doit finish the help teknologi be simple,5
berbisnis perdagan ikan,5
verifikasi kek ujian psikotest niat beda tp nyusahin end user ux nya benerin yg friendly dikit suruh analisa muka katak yg menghadap kek mna pake sound arahin gambar lgtolong perbaiki login verifikasinya sayanglah udh bagus aplikasi,1
ga nih apkdibikin ribet apply job,1
senang liburan kepantai gad dn labuan haji,5
aplikasi penuh skill komunikasi nya insfirasi,5
bergabungjd sy bri bintang dlusesuai perkembangan nti bru bri bntg,4
,5
ancak tau craxa,5
gapernah instal ni apk knp nginstal sndiri sihh ksel,1
manfaat menambah koneksi,5
aplikasi terbaik,5
anna king abdurrahman,5
bagus responnya semoga bermanfaat,5
aplikasinya udah bagus pas plis keamanannya verifikasi melaui email pake tebak gambar udah berkali kali ngejawab tetep aja salah gimana nasib linkedin kalo gak login garagara gak nebak gambar,2
facebook instagram whatsapp youtube in twitter,5
apk recomended,5
i like,5
trima ksh infonyalinkedlnsmoga lbh brmanfaat lgi org byksukses slaludan tingkatkan mutu kwalitas info,4
good for relationships,5
pokok nya ok banget deh,5
bagus kasih bintang yaa,4
app cobain ya cocok keren,4
senang bs berkenaldgn org,5
bagus lupa loker cocok citacitanya penulis,5
alhamdulillah aplikasi membantu,4
bagus bgt ya,5
menambah wawasan,5
aplikasi lemot bikin emosi doang,1
recommend apl,5
,5
bagus ketemuan linkedin aman nyaman,5
akun nonaktifkan yah,1
semangat trus,5
very good media,5
i cant save my any profile change really really great,1
aplikasi in bagus,5
makasi linkedin,5
memperluas jangkauan penawaran pekerjaan,4
mantap membantu,5
sy coba x jam sma aplikasi taik,1
ggod jd bnyak tw orang cari pekerjaan persiapan skill kedepannya talhanks linkedin baca doakan ya kedepannya kerja arab solat masjid nebus dosaku banget aamiin,5
ga diverifikasi,1
informative mudah dipakai,5
thank you semoga barokah n sukses menjalankan bisnis selesai ya,5
membantu,5
its help to connect with my proffesional friends and get a lot of knowledge,5
yeeeesss,4
sgini dlu aja,3
bidang busnis,5
bermanfaat mengembangkan bisnis relasi yg,5
login dibuka,1
good job linkedin,5
baguss banget aplikasi,5
,1
blum perna memakainya blum tau gunanya,2
aaaqq,5
dahsyat,4
star,5
pengen,5
lokernya kaga yg ngeliatin status foto and video orang yg mudjur lahir,1
kursdolar,5
nice application give new perspective and spesific friendly on field job area,5
profesional aplikasi membantu orang ilmu jenis pekerjaan isi didalam jaringan sosial iniadalah orangorang hati orangorang yg profesional bidangnya masingmasing salah satunyaorang pekerjaan aplikasi menjalin hubungan profesipekerjaan sukses aplikasi linkedin sehat team work nya,5
good inspiration,5
aplikasi sa gat bangus,5
bidang,5
thenks app good,5
ok,5
semakinmempermudah pencari kerjaa sipok,5
membantu,5
okelh,5
berkelas,5
semoga bermanfaat,5
aplikasimu login akun email akun alamat email ngaco banget sih benerin tuh aplikasimu hub bikin akun bener aja cek email email lingkedln menandakan email email akun benerin sistemnya gimana sih,1
luas jaringan,5
membawa hasil,5
ningalan kedungtuban,5
good and great,5
min promosi aplikasi min,5
melamar kerja praktis,3
semoga linkedin ni membantu partner kerja yg sesuai,5
bru tes,3
linkedin bagus donwload alpikasinya,5
linkedin keren dgn updatean orang hebat lowongan pekerjaan nya,5
cepat akurat,5
bgus mencari pekerjaan,5
good for relationship,5
,5
bermanfaat mohon ditingkatkan,5
i like this,5
terukur,5
linkedin informasinya berguna silahturahmi,5
t,4
linkedin membantu mencari info pekerjaan tolong disempurnakan fitur chatnya mudah atractive terimakasih,5
blank on notification,1
,2
okeeee,5
this aplication so far so good,5
appbagussemoga manfaat,5
bagus membantu informasi lowongan kerja,4
aplikasi tdk bermanfaat khalayak hapus aja bikin full memorybuang data,1
terima kasih linkedin relasi ku perlahan bisnis logistik ku berkembang,5
best,5
aplikasi ga gede gengsi doankk ga bantu sulit anyway budaya riset app ga kebutuhan cari kerja huhhhh ngapain pake skill enakkan ngeblog buang buang pembayaran kridit ga fleksibel kebutuhan lokal,1
amaze apps for job seeker,5
tolong kasih informasi lokerlowongan kerja yg akurat imbalan duituang yg merugikan mengecewakan si pelamar,5
sya senag,3
aja dulusoal nya kerasa hasil nya,3
bismillah semogah kerja impian contohnya sanbox ㅋㅋㅋ,5
goodmembuka jaringan pertemanan,3
please add dark theme nowadays mostly apps add dark theme feature for best experience,4
santuy error,5
simple mudah mengerti,5
suka semoga berjaya,5
pakai semoga bagus,5
berguna mencari lowongan,5
bagus tdk terbelokir bintang,4
bagus bermanfat bngun komunikasi,3
app membantuthx,5
sf ptperivera logistic hotel seratta sf ptkencana digital print sf bank danamon sf ptbeton perkasa spv wulling sf astra daihatsu,5
coba,3
top daah,5
greaatt app,4
kak upload linkedln susa ya menunggu antrian apload info loker kak want to ask sis how come upload it on linkedin huh always wait in line want to upload besides the locker info can it or no sis,3
bagus mencari pekerjaan,4
sukses,5
lumayan sih loker blm puas,4
tau pungsi nya,5
pas menambah info job patokan upgrade skill,5
membantu pekerjaan,5
linkedin sungguh luarbiasa,5
bagus bermanfaat profesional,5
gagal akun,1
mudah,5
,5
status server,5
mantap fan cepat,5
terbaik,5
membuka pesan,1
mill manager palm oil mill,5
min dark mode,4
gimana login coba kalo disuruh pecahkan teka teki mulu nya ga yg bener sm,2
sipb,3
aplikasi kerjaan aplikasi lowongan pekerjaan,1
membantu parapencari kerja,4
semoga ttp bermanfaat,5
cb dl yah,3
very good,5
bissmillah dapet kerjaan,5
info kumunikasi linkedln td nya sulit mudah order jd lancar,1
mantull,5
cepet informasi,5
bertemu teman tukar pengalaman mencari kerja dipercaya,5
hi linkedin terimakasih hadir ruang berbagi ilmu pengalaman orang orang hebat,5
bergabung orang yg berpengalaman,5
masuknya susah tebak gambar salah verivikasi ngga,1
thank all good,4
tahap belajar dn bimbingan mg cpt pinter dlm membangun vetube jaya kompak jari,4
lamaran kerja nya,5
linkedin mantap,5
semoga semoga,4
sungguh bermanfaat,4
tau da loker smk,5
parah facxxxx main blokar blokir maaf akun linkedin dinonaktifkan akun dibatasi akibat kesalahan mengirimkan permohonan memverifikasikan identitas browser desktop,1
aplikasi linkedin memudahkan terhubung orangorang halhal kehidupan profesional bangun kembangkan jaringan profesional baca berita bisnis industri terbaru temukan pekerjaan impian profil linkedin resume profesional capai karier,3
,1
the best of the best friend thank for watch and happy indonesia day nyaman hati nyaman saku nyaman kawan nyaman indonesia dunia sport amerika sport korea sport china sport taiwan sport maintenance server with bismillah yra aamiin subchanalloh alhamdulillah yra aamiin subchanalloh alhamdulillah yra aamiin,5
aplikasi membantu mencari perkerjaan yg sesuai ga nyesel poko nya,4
,2
berguna peluang,4
uninstall aplikasi,1
bagus utk menambah pengalaman berkenalan pemilik perusahaan manager,5
susah banget uninstall terkesan aplikasi linkedln hmmmmm,1
nice to professional work,5
long away from spain to live in my own country indonesiathen star this horible pandamic hope everything be oke in the future,5
coba asssik bermanfaat,5
susah gabung email sandi susah masuk trus verifikasi tebak gambar gak buka buka linkden nya,1
kumpulan orangorang sukses,5
ntah gue yg bego aplikasinya yg buruk dftrlogin aja muter dstu aja sory nihil bintang,1
help me,5
,3
lihat menghadap keatas,1
,5
nyaman aplikasinya,5
bagus keren aplikasinya berpuas diriyaaa mas mbak,5
mencobanyasemoga bermanfaat,4
melamar pekerjaan linkedlnsagat membantu sy utk mencari pekerjan cocok utk sayatrimksh linkedln,5
aplikasi nya jelek fungsinya kayak medsos mend ganti aja namanya,1
bagus like,5
not really help me to find a job,3
it easy to make communication with one who we need and efficient,5
aplikasi membantu mencari kerja memperoleh ilmu praktisi hrd ulasan nya bermanfaat,5
aplikasi update fiturfitur media konten syarat teknologi platform it canggih,5
aplikasinya bagus,4
sukasekali aflikasi,5
say jd kryawan pt minamas langgeng muara makamur,5
ok,5
greatest,5
dear mr mrs base on the information there be some require job be need at your company i be so interest with your offer for the joint with your roomates company be available and suitable with my requirements as project management consultant pmcmechanical inspectorqa qc weld inspectorndt inspectorflange management i have an adequate basic communication skills friendly attitude manageable person hard worker a dynamic person target orient and eager to learn comp,5
aplikasi nya bagus utk belajar menambah relasi,5
,4
apknya baaba,3
ga konfirmasi alamat email banget,1
,5
krn terhubung orang orang sukses,4
gak login,1
aplikasi asuutembak gambar verfikasi nya gagal mulupadahal udah bener tu gambar madep atassasuu emangnyeseeelllll siiall,1
membantu mencari relasi bisnis luas,4
maaaaaaantaaqqap,4
infomatif,5
its agood songs,5
hai linkedin team terima kasih membuka kesempatan start up impian saran kedepannya reminder to do list pengguna kebingungan app kali thank,5
help me for new oppurtunity,5
oke sipp,5
mengerti,1
login ulang aja ribet banget pilih keatas yg gue salah muluhadeeehhhapa gua robot,1
dicoba,4
memudahkan membangun relasi koneksi dunia kerja,5
good network,5
belim liat faham,5
,5
,5
slamat soretrimks hadirnya st mohon ijin dgn hormatbantuan kontrol pemanduan pengelolaan sinkronisasi n personelisasi informasi status dn data jg pembayaran dl,5
gua gk aplikasi hp gua tp gk diuninstall,5
bangga aplikasi,3
key account manager,5
bagussss,5
walt disney pleasayou can me joba,5
pas feriv salah,2
aplikasi memudahkan mencari kerja,5
coba,5
aplikasi cari job good be good,5
ok enak pokonya seneng buka akun,5
sih pas lengkapi profil gagal,1
suka belajar,4
koq nggak uninstall uninstal aplikasi linkedin,1
good link,5
spektakuler,5
ga masuk app ya alamat email ga terdaftar lwt web masuk mohon arahannya bintang berubah direspon,1
tolong langsung lamar linkdln langsung prantara daftar web hire today yg thank,2
biarkan bintang berbicara,5
mengecewakan gak masuk cuman klik gambar gak sukses,1
bermanfaat n membantu mencari lowongan pekerjaan yg n bagus,5
kemudahan komunikasi menyeleksi gabung linkedln update konsumer mencapai tujuannya,5
cba duu,5
good performance,4
akun ban alasan,1
bermanfaat jaringan bisnis,5
stone jump andalkan tuhan yesus kristus,5
s informatika skill php js html css mysql look for job,5
thats great much better and helpful,5
kasih nya coba,3
,5
bagus batasi,1
semoga kedepannya membangunnusa bangsadan agama,5
asyik,5
luuar biasaa applikasi dpt terhubung orang pintar cerdas kaya ilmu,4
kasih bintang mencoba,3
kereennnnn,5
membantu utk smua orang utk pemula yg berpengalaman mencari dukungan support atw pekerjan terima kasih linkedin,5
coba,2
i try,5
nice apk,4
connect more,5
tertarik artikel sistem operasi android,5
ik,5
pengisian bio mahasiswa kendala ya maaf kesalahan coba coba tetep ga,3
terhubung dg teman,5
good app,5
dicoba,3
media sosial yg membantu yg mencari kerja,4
beneficial and update,5
membantu mencari info pekerjaan,3
very nice and support,5
apk apk anjg verifikasi gambar salah yg sembarang suara suara sepertintv saluran salah gila apk gk abisi quota aja,1
cucok,5
best,4
jarang pake,5
video diputar otomatis pengaturan mengontrol video menarik,4
,5
good information on job thank for you,5
bismilla mengikuti kebijakan link,3
job terbaru semoga,4
penjual tanaman hias pembuat taman bali,5
dunia butuh elemen air membentuk pertumbuhan global,5
good job,5
ak lm buka aplikasi ni kasih bintang,3
advokat konsultan hukum,5
luarbiasa,5
bagus apl y semoga sy pekerjaan terimakasih,4
trash,1
orangorang hebat,5
aplikasi yg bagus dunia kerja,5
tampilan nya bagus jaringan terperdaya cocok relasi bermutu,5
sr manager general manager,5
membntu,4
set x,2
susah berhenti maruk,1
,5
,2
aplikasi gilabisa gilain orang,1
top abis,5
coba btg dlu ya,3
gabisa ganti foto,1
i cant make a school yard plis i need a solution about this thank,3
membantu berbagi pengalaman,4
bermanfaat,5
,5
aq mncoba aplikasi trlalu qu phami wlaupun sdah lma hp qu,4
menambah jaringan koneksi usaha,5
,4
such a weird and unclear verivication instruction,1
hoax sesuai yg d datengin,1
membantu terima kasih linkedln,5
uyy,5
bagus membantu profesional share pencari lowongan pekerjaan yg prestistrima kasih linksemoga devlop trus peningkatan layanan,5
suka linkedln conectivitas,4
membantu,5
linkedln percaya,1
gud,5
sip ok,5
linkedin masuknya susahmasih mudah joobstreet linkedin pelayanan nya bagus lambat,1
lumayan,5
terima kasih wadah jobseeker semoga linkedin profesional,5
ganti foto profil banget ya gak diganti,4
goodthanks,5
thn pengalaman kerja produksi dye,5
please be kind what be those weird animals picture i wan na relog to my linkedin acc but you didnt help me,1
sdh melamar dr smpai panggilan kerja dr perusahaan yg lamar dr linkedlnkecewa,1
goodsemoga dapatkan pekerjaan link inaamiinpandemi corona berantakan,5
cobak,3
muhun,5
semoga jalan,5
mantaff,5
suka cita,5
mohon benahi sistem verifikasi masuk akun gambar tertahan verifikasi masuk akun mohon perbaiki kedepannya opsi,1
penginstalan kali mulu,4
,3
uh kgb,1
optimalkan,5
apk asw habishabiskan paket update gk login,1
informasih,5
ok,5
on the track thank for your intention,4
driver dump truck,5
mantap terhubung hr perusahaan info lulus seleksi cv kabari,5
update cepat,5
minggu kemarin,2
berbelit belit,1
beguna membantu,5
refresh page linkedin mobile memiliki akun premium coba uninstall log in gagal tolong perbaikannya,1
selamat semoga orang indonesia mudah hasil maksimal sumber,5
gitu udah login,5
mantap gamenya bro,5
aplikasi bagus menarik mudah berkomunikasi sektor bisnis lowongan kerja,4
i be think that im not the only user who have be experience down server of linkedin whether by mobile apps or webpage for developer please kindly fix this issue since its quite bothersome,3
keren parah,5
nice,5
susah relogin linkedin nya mohon bapakibu saudarai login pake vpn moncobanya work itsebelumnya susah login log out akunku membantu teman,5
aplikasi bagus banget,4
lulusan sma gak,4
login update,1
situs erorrrrrr,2
sayat membantu,5
puas informasi,3
deskripsi pekerjaan,5
bad,5
download,1
suka aplikasi membantu,5
can not refresh please fix it,1
gak dibuka suruh verifikasi menyentuh gambar menghadap gambarnya,2
update lose connect,1
hadeeeeeh linkedin terooooss gk update newsfeed huuuuuu,1
virussaplikasi merusak ponsel lihat komentar negatif dibawah nyesal pokoknya,1
applikasi profesional membantu orangorang butuh pekerjaan the best,5
verifikasi ribet bangeet gilaaa link masuk verifikasi cepat appstore salah verifikasi aneeeh oooyy alien manusia,1
berkualitas,5
operator split,5
linkedin membantu,5
apk,5
blm ladi nasabahnya,3
no komen lahh harap perubahan yg lebihh,1
nice,5
iyq,3
kasih bintang dlu karna msih pemula,1
terhibur,5
mudah info pekerjaan,5
indonesian mine broker,5
instal gak daftar,1
dede haryanto fporpilwebsite meta trader senang bahagia in linkedin bagiku anugrah kebahagiaan buatku doaku semoga in linkedin jaya dikalangan dunia trimakasih yg sebesarnya dede haryanto modelator grup publik,5
lowongan tmn dwng,5
why cant reset the password,1
bagus,5
mantap bisnis,5
instal ga daftar,1
izajah kalo gada pengalaman kerja gk terpakai,5
terima kasih cepat mudah,5
ra urusan,5
daftar udh setengahnya verifikasi keamanan aja hadeuh,1
iyh,5
cant refresh error pls check,1
pe rnah pakek,3
mencari kerja,4
aplikasi bagus profesional mohon penambahan fiturfitur dark mode aplikasi linkedin,4
good job,5
hank,1
berita job offer nya admin selektif yg sifat nys penipuan sekarsng,5
apps warna berremu orang hebat hebat,4
nya ngubah bahasa bahasa indonesia gimana ya,2
bagus banget,5
okay banget,5
log in refresh fee uninstall install ulang install ulang log in,3
g,3
terima kasih aplikasi,5
moga berhasil,5
semoga kerja,5
sorry sy tdk dipanggil menghadap,3
dpt berjumpa relasi terima kasih,5
linkedin udah ga akses linkedin web app ga refresh beranda coba loguot ga login coba install ulang tetep aja tolong perbaiki,1
apk rusak gak login bodo gak,1
iya dicoba,2
bukakan,5
penulis,3
bagus,5
kasih bintang karna blom mencoba nya nnt sdh bagus kasih bintang full,2
ok,5
perbaiki kerusakan secepatnya,1
terbaik aja ya,5
bagus loker,5
semangat pagi salam sehat selamat sukses bahagia,5
pelayanan memuaskan profesional,5
suka aplikasi membantu the best,5
manyap,5
hello linkedin i think you have a bug with navigationbar in your apps when i open the apps in homepage bottom not follow grid system with the top,1
linkedkemarin nge refresh status ga coba logout sampe uninstal instal login ehhhhh ga login kembalibahkan mengganti password ga bisaapa salah,1
great apps,5
membuka linkedin mobile web notice lowongan kerja masuk email bukak link nggak sungguh kesal harap admin secepatnya respon email thank,2
end frontier sdh aplikasi linkedin tdk akses bbrp kali coba updategagal uninstall re install sdh dicoba mobilephone sdh tdk support,5
aja ya riet pakenya mengerti rumit,1
membantu komunikasi,5
bermanfaat apk terima kasih linkedin,5
good for hotelier,5
cinta lindkein,5
off mencoba masuk akun aman nyaman yg koment masuk download login login mudah login,5
makasih linkedin,5
bertemunya profesional bidang,5
coba,1
i hope this application really fit what i envision bring together and make connections between professionals more accessible,5
okey bnget,5
mayang sari,4
download aplikasi cma mw mncri org yg mw beli ginjal gw yg minat dn serius bls sja email gw,3
seharian coba login linkedin webmobile hasilnya blm dibuka membalas panggilan pekerjaan sungguh kecewa linkedin,1
mohon bantu admin my job kurirexpedisi terimakasih,5
jozbro ws d lanjot teros aplikasine mantaap,5
membantu,5
instal update terbaru refresh fee app linkedin yg,3
linkedln bagus menambah relasi lokal internasional,5
mantap terhubung negara teman negara meningkatkan hubungan bisnis menjankau negara,5
kereen ni app saingan instm salam vtuber vtuber depok,5
menambah koneksi orangorang hebat,5
marine safety equipment,5
cepat,5
mudah mudah an membantu,5
bangus menbangun relasi,5
semoga kuisnya,5
aplikasi keren membantu membutuhkan berkomunikasi teman kenalan,5
ya akun nya keluarterus login pemberihatuan akun blokpadahal apatolong tau,1
good apps and opportunities,5
aplikasi menambah ilmu,5
oke bagus,5
i hope to improve again my gadget be break or linkedin need to be improve every time i open linkedin it always show sorry we cant upload your fee please try again disappoint please improve please improve please improve as twitter good apps thank,3
okee,4
memudahkan z terhubung temanrelasi pejuang pencari kerja informasi,4
perusahaan nya perbanyak biar mudah mencarik kerja,5
memudahkan mencari pekerjaan,5
risal gg,5
link eformbricoidbpum,5
bnyk loker bodong,1
apps bagus,5
belajar,5
coba boss ku,5
coba dl,2
mantaff,5
apps bagus hati kelakuan org yg berniat disosmed,5
ruangan utk update nambah ruangan,1
siil,5
pola butik,5
mantab jiwa,5
,2
all be good,5
aplikasi nya membantu,5
jaringan,5
harapan apk ads loker tolong mudahkan log in perusahaan melamar pekerjaan mudah,5
mantaffsilaturahmi nya,5
terima kasih aplikasi bermanfaat,3
good aplication,5
bermanfaat membantu mencari rekan kerja,5
diupdate tdk bsa mengubah profil mengisi pengalaman kerja semoga diperbaiki,2
gabisa login yaa udah kali masukin email gabisa,1
faster and update info,5
semoga yg cari pekerjaan semoga cpt mndapat pekerjaan semoga yg cita bahagiain ring tua semoga terkalbul terwujud salam seduluran,5
ribet daftar kode udah bener ga masuk masuk,1
aplikasi membantu,4
baguskeren,5
aktifkan fitur dark mode layar perangkat,5
i love,5
cepat bermanfaat,5
good luck linkedin,4
,5
awsome,5
penipuan aja ya aplikasi investasi lowongan pekerjaan,4
awesome,5
mambantusekalai,5
oke linkedin,5
sy dpt bansos jt sy pedagang keliling pakai akun anak sy,5
aktiv,5
susah buyers,3
akun susah ya,2
akunlama sy knp ngilang g otmatis lg y,4
bagus,5
teman wawasan,5
ok,5
membantu lengkap informasinya,5
akun gw berubah cant acces,1
mencari pekerjaan menemukan teman mencari koneksi membagi inspirasi,5
membantu pekerjaan,5
okee,5
seminggu error gak,1
bintang,5
sgt bersyukur bnyak informasi pekerjaan,5
yah akun linkedin ku eror ga akses linkedin tolong dibantu,3
mendownload nyapoto kedonglot memori hp coyyyy,1
good,5
sensional,5
mantap cepat,5
mabtul,1
bintang blm dicoba,3
kerja jd operator mesin menyopir lokomotif menyopir forklip,5
membantu pekerjaan,5
bagus aplikasi nya,5
bagus,5
mksh,1
,4
kaasih dlu tes klw bermanfaat ya aq tmbah bintangx lg,2
linkedin terkoneksi relasiklien bisnis sy yg hilang kontak thank linkedin,5
yooooo,5
mencoba katnya bagus y udah deh sy kasih bintang,5
bagus mencari loker cari relasi cari referensi teman pas kasih tau ttg apk bingung pakainya,5
buka aplikasi link website postingan yg berulang yg laman utama mohon diperbaiki postingan yg tampil yg terbaru koneksi ribuan yg muncul lg lg yg berminggu postingannya muncul,3
sambungkan aplikasi yg,5
kemarin login gak ya login sinyalnya bagus,1
,3
can not go through quickly slow progress,2
lro ati,3
top,4
muncul tulisan maaf kesalahan d refresh,3
ya baguslah,4
mantap gin aplikasi info loker gin,5
senior supvrehabilitation,3
mntep,4
nani wijaya,5
goodjob,5
sy kasih bintang sy hasilnya sy donlod linkedln loker utk sy yg cocokternyata loker yg cocok utk sy yaah informasi lokernya yg nongol skrg hapus aja ahh sia sia buang ķuota ajakwkkwkkwk,1
kegunaan ya udah kegunaan ya kasih bintang,2
daerah tangerang loker nya ya,5
coba,3
nggak,5
maister injection mold skill silver,3
木中一 弘,3
informasi pekerjaan ilmu,5
perbaharui login ya klik lupa password mohon bantuannya,2
apply perusahaan alihkan web yg alhasil email spam web yg udah kunjungi hssshhh bingung,2
,5
semoga lelah ku nilai ibadah,5
,2
tolong sedian translate,3
pas dibuka perbaharuipas diperbaharui tulisan china gitu gak login yg bantu gimana memperbaharui login,2
semoga pekerjaan yg sesuai ekspektasi,5
aplikasi bagus apply lowker d sni silahturahmi orang hebat,5
aplikasi teramat bagus utk owner karyawan calon karyawan,5
mmbntu,5
berjuang pekerjaan relasi linkedin,5
bagus mengembangkan bisnis berbagi bisnis,4
link bagus login mengalami eror kenal,3
aplikasi yg positif no sara memotivasi job seeker,4
gk jls bet login aja susah mesti teka teki spiral dl,1
prtama kali make sy kasi bintang ok,4
not response when login,1
t inspirasi,3
assalamualaikumsaya kasih bintang dulusetelah berhasil kerja lengkapi bintangnyatrims,3
pepek akun nonaktifkan,1
wahh mantap,2
refresh ga ya giliran logout ga masuk klik lupa sandi ga bantu ga,2
tingkat fasilitas informasi,5
semoga pekerjaan linkedln,5
menarik aktual,5
aplikasi berguna banget ujian butuh banget aplikasi bintang buatbaplikasi iniii,5
app error,3
bagus,3
hai masuk diaplikasi mudahan mnamba wawasan orang,2
aktif kn,5
melamar pekerjaan dialihkan aplikasi website laindan akun,3
terbantu informasi terhubung dunia kerja,5
puassss,5
link membantu mencari kerja,5
gak diunins,1
qcdi ptmnaptphgptpathlab indônèsia,3
in,4
meubel lokal,4
wanita sabar,5
tolong tes kuis nya bahasa indonesia tq,2
bermanfaat membina hubungan relasi teman semya,5
gk buka,1
hoax boong,1
relefan,5
pengenalan akun,5
coba dlu klo dah oke,4
bagus bagus bagus,5
ngapain instal apk,1
mencoba yg terbaik,5
,1
blm kasih ulasan krn gabung,3
bermanfaat job niaga,4
,3
semoga membantu,3
sy suka bgs,5
berharap kedepan nya info loker linkedin dimudahkan login ditingkatkan rat informasi lokasi domisili yg sesuai dipertahankan kinerja melamar online via linkedin membantu kandidat anak bangsa hebat berkarir sukses,5
jan download,1
very good for relationship,5
josss,5
keejariusk ms msnmnka,5
jaringan linkedin membantu membangun jaringan bisnis,5
jaringan relasi terbaik,5
gdnice app awesome,5
jos banget,5
linkedln oke,5
aplikasi y membantu kasih bintang,3
fresh graduate,5
keren easy to use very useful,5
informasi update,5
tets aldi novendru aldi taerr,5
masuk nyuruh milih galaksi spiral milih kerjaan,1
after update this application i cant make post change my pic profile everything about upload pic video not work so useless,1
aplikasi yg memudahkan menemukan mencari relasi dunia pekerjaan,5
lumayan muda mudahan kerja,3
bagus mempertemukan orang berbagi informasi,5
pasang foto profil ya ganti hilang,5
daftar pas kode verivikasinya yg ngirim nomer verifikasinya nomer hp personal ya xxxxx gitu program resmi aplikasi kode ferivikasi yg mengirim resmi aplikasinya nomer hpnya takut jaman skrg bnyk hacker bertanggung,3
coba ya kayaknya bagus,1
pengguna semoga lebihh dri yg kmrn yg terbaik jln yg terbaik jln yg terbaik untk kedepannya,3
udah pake aplikasi utk dunia kerja semoga bermanfaat barokah aja tksajkh,5
halo perkenalkan indra aplikasi yg berguna ilmu pengguna linkedin,5
thank linkdlin,5
keren banget deh,4
terpercaya,5
,1
bermanfaat pelaku usaha berbasis umkm,5
kasi bagus langsung kasi,2
mudahan mamfaat,3
aplikasi kontennya terawat penyakit online iklan yg terkontrol,5
great,4
sih gak hapus sampah,1
the rigth way to get work,5
membantu pengangguran pekerjaan,5
suka,5
profesional,5
lau bgus sya tmbahin bintang ya,1
yesus,3
membantu mencari pekerjaan,5
kreatifitas bagus,5
kerjaan dr aplikasi top,5
update nya keren cuman gak fitur cek profile ya,5
please add a region filter thx,5
no yg hubungi bantu ganti password ganti no tlp,5
,5
not interest,1
njayani,4
sanfi,5
membantu bisnis,5
kucoba deh,3
sooo damn good,5
informasi dunia kerja berita bagus,4
memudahkan karir kerja,5
lumayan bagus,4
mantap n bgs bgt,5
keren banget aplikasinya aplikasi lowongan pekerjaan sukai semoga lowongan kerja aplikasi dipercaya,5
hiburan orang tua,5
geogle jualan pakaian merek sepatutasgordeninterior properti bs bertambah,5
dihalaman utamanya bahasanya inggris isinya video berita informasi perusahaan gak lowongan kerjanya ya cari gak ketemu,2
lamar pekerjaan aplikasi aja web yg,1
keep acronym be world first,5
okbanget,5
great n excelent,5
semoga jaringan luas,5
good aplication for network jos tenan,5
zead,5
help for search opportunity of new job,5
coba,5
aplikasi linkedin bagus yg cari kerja terimakasih linkedin,5
maxim ojol murah meriah,5
hallo nama randy aldhi kurniadi aplikasi bagus membantu karier merasakan sistem bug nya harap aplikasi linkedin membuka jalan salah starup indonesia gojekovo buka lapak tokopedia,5
good,5
mantapsangat membantu,5
mohon diperluas bidang lowongan kerjanya persyaratan pemberi kerja tks,4
apknya mantap dah,5
bunga,5
my best friend to make it connection in the world of work space,5
membantubagus,5
membantu utk mencari dibutuhkan menambah wawasann,5
ntaps,5
semoga bs kantong gue,5
menambah wawasan relasi jaringan,4
menyukai aplikasi semoga wawasan meluas kehidupan,4
gak memperbarui,1
bagus membantu mencari info job,4
ngelamar aja beli premiyum tay,1
help other people expand network,5
apasih gaje,1
pelajari caramakainya,5
menyambung persahabatan,3
operator weld,4
lowongan krja yg ditawarkn tingkat profesional tp persyaratan trlalu ketat membatasi pelamar yg profesional dlm mencari pekerjaan dr segi usia disamakan dg pelamar menengah kebawah yg lulus kuliah gaji yg ditawarkan tuk profesional sgt tdk sesuai dg pengalaman kerjanya disamakan dg yg lulus kuliah informasi lowongan dibuka perusahaan kebanyakan hnya sbg syarat hrd mencari kandidat yg pd sdh menemukan calon karyawan bnyak penipuan tnpa penyaringan,1
info lowongan pekerjaan,5
linkedin membantu jaringan dunia professional,5
bagus bermanfaat lhoh,4
penipuan filternya ketat gimana pinter pinter nya jobseeker kalo milih loker,1
coba boskalu bagus tambahin bintang nya,4
menambah wawasan ilmu,5
faster,5
bagus smoga sukses trusssss,5
nyoba kalo bagus ane ksh lagie bintang,3
pokoknya recomended,5
keren banget deh,5
bermanfaat profesional,5
berjuang,5
info kerjaan sesuwai domisilo dongsetidak nya prsaratanya sma smk sedrajat trimakasih,5
good communication,5
sosial media sukai iklimnya positif membantu orang pekerjaan membantu perusahaan menemukan karyawan semoga taun jon sesuai harapan,5
bintang karna aplikasi membantu,5
mayan,3
very excite and very good for meet up with a new friends with good appearance,5
bagus utk koneksi,5
super digital akses,4
bismillah semoga bis bermanfat kedepannya aamiin,5
,5
its okey,5
,5
suka,5
mantap utk network,5
berbagi lokernya,5
recomendasi yg masuk kasih bintang,3
mantap kali bah,5
mantap jaringan bisnis pekerjaan nya,5
mah sarjana doang smk,1
bismillah semoga aplikasi ya bermanfaat aamiin,5
membantu,5
bagus dapet kerja ny,5
sraz nnr te e tt,5
halo kak email masuk apk mohon penjelasannya,2
gila lu gw ga pasang apk nya pasang gila lu yak,1
nyaman,3
app inibanyak pengalaman yg dapatkan,5
membatu,4
susah,1
membantu informasi pemberdayaan masyarakat,5
semoga mudah lancar pekerjaan yg sesuai kemampuan amin,5
great really u have to try this application,5
keren membantu,5
berjalan,5
faham,5
ga buka lowongan lamar ga,1
semoga linkedin bermanfaat,4
linkedin kayak sosmed,3
depe,5
pencari pemberi kerja dunia data pencarian data perusahaan cari semoga sesuai,5
membantu pengen koneksi bidang pekerjaan belom ngerti pakainya semoga aplikasi berguna yaaa,5
i really like this site a lot of products be offer maybe it can be a reference for those who want to find something they want,5
membatu,5
mantap linkedin,5
bermanfaat menjalin relasi komunikasi positif,5
n,5
cari kerja ok,5
,5
bermanfaatbanget,5
,4
menguasai truk tronton thn,5
info bagus membantu,3
good aplication,5
mantulll brooo,5
mengganti foto profile,1
very good,4
bagus aplikasi cari kerja,1
,1
siph,5
oke sip,5
ok aja,2
good luck for linkedin membantu,5
hemm bagus sih update nya cakep berkembang the best,5
skali,5
nyoba tau kerjaan pas terimakasih linkedln udah ngebantu nyariin pekerjaan pokonya aplikasi bermanfaat lupa tingkatkan aplikasi nya,5
bagus berguna,4
mudah informatif,5
just new,5
ax pembaca layar,1
aplikasi nya ribet,3
maknyos,5
yez,5
good lahsangat mudah referensi mencari teman,5
tuti hanta pu telepon amam rew,5
moga bermanfaat dg linkein,5
tolong bantu pas melamar pekerjaan alihkan link yah update nggak tolong solusinya,1
update aja aneh semoga kerjaan aplikasi kalo gk uninstall,3
karaoke fp,5
aplikasi keren menambah jejaring support karir,5
bagus membantu membangun cv,5
siiippp unduhan,4
this be good,3
minggu linkedin mengupdate wall status yg error,3
hoy,5
membantu mencari pekerjaan sesuai,5
susah uo date,5
banayak info loker yg berguna,5
sukasekali,5
mantap kali ka tolong dibantu ka job kerja,5
linkedln sngt bagus,5
i like this applicationit can help me to find job,5
lesgo,5
mantap selamat pagi rekanrekan perkenalkan hanan darmawan barangkali rekanrekan membutuhkan jasa penerbit jaminan bank garansi bg surety bondasuransi proyek bos procedur cash collateral jenis bg sb jaminan penawaran bid tender bond jaminan pelaksanaan performance bond jaminan uang mukaadvance payment jaminan pemeliharaan maintenance bond jaminan pembayaran paymen bond spd jaminan pembayaran asuransisurety,5
bgus,1
terbaik belajar ilmu,5
knapa gni buka akun lindkedln lari aplikasi hadeuuh kecewa ga,1
kali,3
satpam,5
ok,5
lambat lodinhnya masuk,2
aplikasi bagus mengenal orang orang yg sdh sukses dunia kerja mereperensikan orang pekerjaan mengenal orang karakter semoga apk unatuk membantu orang orang yg butuh relasi peluang kerja,5
bagus,5
sya pengguna aplikasi linkedlnsangat bermanfaat utk menunjang wawasan disiplin ilmu utk pencapain dunia usaha budaya dri latar belakangsemoga linkedln sukses,5
good application to relationships among workers in the world thank you linkedin,5
senang aplikasi linkdĺn membantu koneksi jaringan,1
semoga dapet kerjaan aolikasi,5
belajar,3
job recommend,5
sip deh,5
good app,3
i worker,5
nyoba semoga sykses,3
keren tampilan histori nya,4
fitur link in stories samsung a android update ya min thank,4
membantu pencarian kerja,5
bagus,5
kegunaan aplikasi,5
email udah ku masukkan pasword udah ku masukkanudah ku konpirmasihkan gmail ku konpirmasihkan lagitolong perbaikin,2
bitang an,3
woww amaze,5
senang nya linkedin,5
tuhan yesus memberkati,5
aplikasi membantu profesional membangun koneksi jaringan sukses linkedin,5
help me awesome,5
luaaaaar biasaaaaaa,5
aplikasi berharga,5
gus mifto,1
bagus admin koq sy post sy ga muncul beranda,3
bagus pencarian pekerjaan,5
membantu trim,5
membantu proses pencarian kerja,5
uu tutuiuhj,5
biak bos,5
apk useful for everyone,5
aplikasi yg mantap beselancar keman bertemu teman temanpokoknya mantap keren,5
banget lowongan kerja bagus bagus,4
mengubah profil kinarja karyawan,5
,5
slmsaya familiar dgn metode manajemen yg simple utk menangani suply chain dr pemesanan material manage gudang mnaging prosesschedule line balance produksiwip finish goods yg berorientasi dead line delivery forecast sales level stock yg mengacu pd kbutuhan produksi dgn continous improvement team operations manufakturing development menghasillkan leadership busiines proses excelence yg mendorong perusahan utk bersaing dgn competitor positif,3
terima kasih ya,5
gk buka,1
iam as a local bird guide since till now in merauke region west papua indonesiaspecially wasur national park and other areas near merauke region,3
belajar,3
bosun experience ahts and psv operation offshore mexico uae asia indonesia,5
andika,5
sangag berguna menambah wawasan koneksi,5
nice and great,5
memuaskan pencari kerja lokal negri,5
tolong bantu tul lamaran kerja nya,5
profesional helpfullness,5
coba,4
saangat membantu pekerjaan,5
aplikasi kl downloadnya gampang gk hapus aplikasi gk lamar aplikasi lowker jancoook,1
yes yes,5
semoga bermanfaat,5
setuju dgn aplikasi in,5
akun nonaktifkan menerus gak ngapa ngapain butuh banget tugas kuliah udah bikin kali payah banget nyusahin,1
bermamfaat,1
nungguin bilang i love you nungguin mui menyetujui lebel halal botol ciu lgi gabut wkwk,5
professional link,5
nyoba,5
linkedin tolong mengerti disaat melamar pekerjaan diarahkan link website,3
taksi driver,2
dagnut,5
ntap,4
mantab membantu,5
yes good luck,5
coba makai kasih bintang,3
tolong bantu media,5
membantu sebagi pencari kerjauntuk info seputar pekerjaan lowonganperkembangan dunia usahamenambah koneksi teman sahabatterimakasih,5
kali akun linkedin kali akun nonaktifkan apk mambantu malas sya hapus aja,1
ngagur bermanpat banget yng rumah semoga cepet nemu kerjan yab,5
f c v,2
bagus bikin yambah wawasan,1
linkedln bertemu orang didalamnya negara mengenal yg membantu informasi dilinkedln membuka jendela dunia biasaaa,5
bismilah,5
cocok pencari kerja menambah koneksi berkesempatan pekerjaan,4
this app be very nice,5
respon info lamaran,5
mencoba duly,5
alhamdulilah instal link lihat penjuru dunia thank link membantu my bisnis,5
usaha,2
membantu salam semangat,5
woww good app,5
mencoba ngak pas hapus langsung,5
terbaik terimakasih,5
puas maksimal,5
good experience get new opportunity to work,5
apps yg recommend topik yg diangkat seputar dunia kerja bermanfaat perkembangan karir disamping kesempatan open network off course,5
mmmmmmmm mmmmmmmmmmmmmmmmmmmmm mnww bck,4
sya jd lbih bnyak tau info lowobgan pkerjaan,3
aplikasi bagus nermanfaat menjalin hubungan pertemanan dibidang pekerjaan,4
need more job information,5
gila darah membuatku beku pakai ungu,4
membantu maju,5
efektif cari informasi pekerjaan informasi wawasan,5
dunia luas,5
design wwt audid energi and environmental,3
kkkkkkkk puass,5
well application fot job seeker,5
tema gelap utk android dunk,3
h,4
nyesel aktifkan update versi ngebug buka buka mend uninstall aja,1
supppper,5
bagus profesional but for now why all the user like facebook in deferrent with fb im borned,1
mohon info bantuannya lowongan pekerjaan real,5
mudah mudahan membantu melamar kerja utk orang,4
markotoptoptop,5
membalas pesan,1
aplikasi bagus menambah jejaring,5
gud profesional,5
nice app,4
mr ayah aftulchabib bunda tatistibahati mys ayah bunda,4
sulit kerjaan,1
oke coba,5
sangatt membantu pekerjaan,5
gabung ah dlu klo linkedin nya bagus ya,2
mancin,5
cewe bsa boking,5
great apps,5
bagus membantu,5
kerja,4
kerja hentinya,5
ratu kiduk,5
terdepan wawasansharing kemajuan jobstreet berubah,5
if you can give me back my restrict account ill give u more star just a dumb app suddenly restrict account without permission and never give any solution if i dont need this for my business ill never install u,1
goodrespon cepat,5
im bachelor degree from civil engineer i have experience in build house hotel hospitaly road industry etc,5
mantap brofull rekomended,5
ogah ahh bnyk mkn memory hp ogud,1
terimaksih membantu,4
joss pokoke,5
good job,5
baguswalaupun memdapat pekerjaan linkedlntetap semangat berusaha,5
bagus sngat membantu,4
mencoba mengunakan aplikasi linkdln,2
bagus pelamar kerja wajib inst linkedin,5
bagus membantu,5
mohon maaf kasih bintang salah menaruh keahlian mengubahnya,5
maju,5
bagus,3
kalo udah dapet kerjaan bintang,4
upload video,3
tes aplikasi,4
trim,5
ok membantu aplikasi,5
apk bermanfaat membantu berkarir penuh edukasi positif,5
cobal,3
best of the best profesional worker,5
mencari kerja susah yg membantu informasi yg mengunakan,5
bagus aplikasi y,5
semoga bermanfaat,5
membantu berbagi mencari informasi pekerjaan,5
semoga sukses aplikasi linkedin,5
dapet kerja,1
driver slama sim b polos laring paket,1
mengubah lokasi susahgagal,3
susah dimengerti kayak bos,1
bagus informatif profesional,5
terimakasih,3
beda dgn yg jd bnyk kenal teman bidang pekerjaantrmksh linkedin,5
nggak login email dicoba berkali kali nggak,1
suka,4
berguna calon pra kerja,5
lumayan bagus,3
mantabbb good job,4
prakerja menambah ilmu,5
agido,1
membantu,5
email verifikasi kendalanya emailnya giliran bikin pdhl email udh dri dlu d pke giliran lmr krj ora iso,2
semangat pagi menang,5
semoga mudah cari pekerjaan aplikasi,5
thank u linkedin membantu semoga impian,3
modal usaha,5
d download,1
i like it,5
pengalaman warehouse gudang paham cek masuk barang gudang fifo mengendarai forklift,5
good job not bad,5
good social media,5
tobot galaxy,5
l,2
lamar kerja mantap,5
linkedln,4
mudah mudahan membantu,3
membantu mencari inpo,5
lumayan mencari pekerjaan,3
ok jjj,5
membantu mengembangkan network,5
coba dlu,4
ok suka,5
,1
upgrade ga masuk ya ampun disuruh upgrade kemaren,1
membantu terhubung orangorang d profesimantul,5
ok rekann kenalan,5
link,5
klw pas email pake verifikasi udah paspun dijawap ngk login emosi aja,1
valid informaton,5
mantap aplp,5
aplikasi ngentot tdk login,1
sanggat puas,5
good connection platform,5
maju trus berilah yg terbaik indonesia,3
bintang karna terhubung singacir,5
lambat,1
linkedin mengenal karakter orangdari situ belajarlinkedin mantap pisan,5
mantap,5
bermanfaat mudah,5
josd,5
info lokernya update,3
so good so like,5
situs penipuan loker,1
good pisan,5
,5
membantu mencari loker,5
dilirik pesan andalan aplikasi biar download buka aplikasinya,1
good profesional,5
tipu lowongan untung blm jd berangkat bali,1
linkedln aplikasi yg baikmembantu banget pencari kerja pekerja membangun komunikasi,5
aplikasi membantu dlm mencari teman pekerjaan,5
mencoba app,3
aplikasi bagus memperkenalkan publik,5
mudah mudahan info lowongan pekerjaan,4
aplikasi google potensial pengembangan bidang komunikasi ok thank,5
bantu pekerjaan,1
sorry ya retingnya appnya coba,1
suka,4
belm sya gna knjdi kash bintng dlu,1
baguuuuuusss,5
aplikasi linkedln upgrade akun nonaktif membuka aplikasi linkedln mohon bantuannya membuka aplikasi linkedln akun pulih terimakasih,1
bintang deh pemula nih,3
keren banget,5
ffi,5
love this app to open mindset worker object train of intuition create good content and good insight,5
awesome,5
dewasa,5
aplikasi nih nyedot pulsa,1
,3
aplikasi terbaikmembantu kebutuhan,5
semoga menemukan mitra kerjasama yg,5
good and amaze app membantu,5
job,5
coba ya,2
membantu jobseker,5
nicee,5
membantu dapet kerja semangat hidup perjuangan keep smile and self healthy,5
mine open pit fropesionalpop minerbalicen cy police bfamiliar excavatorloderdozergradertruckgood leadershipdisplinneroriented mine target prod liading pointhaul riadaccessdisposal west dumpdewateringexcecution mine design mpeexperienced spv prod levelheoperatorspull certification by mine dealerh heavy epuipment ability to crew mine ship by shiprostered man power shipoprdriverchekerall support crew minimize prod costingbujeda and hard work to mine target,3
bagus terbaik,5
terimah kasih appk ni membantu mencari inpormasi semoga bermanfaat suka good,5
bismillahmudahan ak dsini gmpng mendpatkan pkerjaan yg baikdn cpt mndptkn,5
lumayan amplikasi berfungsi,4
memuaskan membantu mencari pekerjaan,5
bagus promosikan product,5
bug upload video glitch menu utama komen company ribet heran aplikasinya microsoft bug fiturnya optimal,1
ok memuaskan dunia bisnis,5
kasih bintang dah loker blm yg respon,3
terima kasih tim kerja aplikasi linkedin,5
ngabantu,5
coba,4
ok lahlbh diupgrade lg komunikasi lbh,5
,5
linkedin membantu cari info loker,5
run in,4
pengalaman kerja thn bidang persepatuan sepatu merk nike usia kendala kerjaan semangat kerja muda usia kepala semangat kepala hehehehe,4
alhamdulillah bantu mencari pekerjaan terima kasih,5
pembangkit listrik bahan bakar plm permanen magnet menggantikan peran sumber energi terbarukan,5
nic,5
mantap mantap,5
membantu banget jaringan wilayah indonesia,5
terima kasih membantu,5
veriy good,5
dgn aplikasi mudah pekerjaan,5
membantu pengembangan,5
terimakasih membantu lgi,5
i want try,4
happy,5
bismillah semoga aplikasi linkedin pekerjaan secepatnya,5
terimakasih,5
medsosnya jobseeker market purchase,4
,5
bagus,5
good koneksi bertambah,5
banget cari informasi pekerjaan,4
mudah perkenalan dgn siapapuj yg,5
busnis yes,5
pengalaman kerja bidang plastic mold injektion operator produksi helper teknisi,5
update app,5
membantu mencari perkerjaan,5
good for career,5
keren,4
mantap appsnya interaksi usernya oke yg info seputar lowongan yg tdk terlewatkan,5
membuka jasa sketch wajah lukis tote bag pasarkan media sosial whatsaap facebook instagram shoppi tiktok dll,5
good service,5
bagus sih perusahaan ku tinggal yg pakai app haha,4
puas,4
job job,5
gangguan ya keterangan kesalahan,2
top and good,5
kebanyakan penipu lokernya udah dateng kantornya ehh biaya admin hadehhhh parahh lahhh,1
sla,5
aplikasi berguna menjalin network profesional,5
bagus mudah,5
trim,5
ret yah gak login tolong defeloper gimana solusinya,1
membantu mencari pekerjaan,5
nice and give inspiration,5
instal tdak ya,1
mantul berbagi bisnis,4
lom d kaji rinci blum paham,4
semoga membantu mencari pekerjaan,5
coba minmudah mudahan cocok bermanfaat yeterimakasih,3
profesional social media menghubungkan orang lintas profesional pekerjaan,5
lumayan bagus beda yg,4
mantap aplikasi yg menyenangkan,5
good luck,5
mantaf abis,5
bisnis,4
brulll,1
terbantu aplikasi mencari pekerjaan mudah,4
good aplication,5
blm tau bagustidak,2
instal apknya muncul dekstoplayar utama handphone tolong respon,2
market,1
ok ni,5
blum paham belajar melamar linkedln,2
topmargotop,5
tampilan,5
bermanfaat orang terimakasih linkedin,5
mantap,5
aplikasinya mantapsangat membantu beraktifitas,5
star for you,5
sdah bagus trus berivasi linkedin bisah bersaing aplikasi,5
cerita mreka pengalaman bertambah,5
informatif mempermudah memperluas jaringan kerja,5
upload postingan gagal cari koneksi komunikasi dg pengguna linkedin terhubung gagal total perbaiki spy cepat respon,2
membantu,5
membantu mencari informasi jaringan,4
top bgt sukses,5
coba ya tau memuaskan,5
aplikasi urusan pekerjaan the best,5
ok jg,5
semoga membantu,5
aplikasi profesional,5
aplikasi yg membantu pekerjaan,5
bug,2
,4
very exelent help us and share with any profesion,5
great app good app terbaik pisan bermanfaat jobseeker,5
orang bijak pandang baiknya menata dunia,5
alhamdulillah mempermudah utama relasi tersebar bertambah sei donesia,5
good application for profesional employer connect share and care,5
driver dt operator hdoht foremen priduksi,5
membantu mencari pekerjaan kontrak suasana pekerjaan bidang pekerjaan lokasi negeri negeri tersedia,4
good,2
tukang jait sepatu,5
bagus berita lowongan pekerjaan,4
oke sih,5
its oke,4
mencari informasi,5
provider job inside the linkedin be pretty difficult not simple as we send the reguler email,2
berita ko d nonaktifkan anehh apakahh padahl gw updet cumb promo jasa doang engg yg berbau nrgatif,5
jual mobil,5
aplikasi mendukung mencari pekerjaaan menambah wawasan jaringan pertemanan bisnis pengembangan bisnis,4
hi admin why i cant add friend to my linkedin ya please to repair your apps so that your apps can useless to other thank,1
hatihati melamar lowongan pekerjaan linkedin penipuan,2
mantaappp cuyyyy,4
membantu mencari pekerjaan,5
ssmoga berhasil aamiin,5
mudah mengerti bagus pemula,5
good aplkasi,5
aplikasi yg pencari kerja,5
melamar download aplikasi ya,3
spam,5
informasi loker mudah,5
ko udah donload ga masuk donload aplikasi tertipu,1
kro teman pakai linkedin premium,1
provider job yg link in ribedga bikin simpel,2
kasih bintang dl bljr ya,3
hidup kadang ditindas menindas tergantung menjalaninya hidup inipun takkan semanis kembang gula,5
pas,5
kasih aja ya masoh ngerti gimana aplk ribet,4
membantu lowongan yg gak update belibet iklan aplikasi jg,5
orang nyari kerja lamah ngisi data kerjaan pt kerja aplikasi aneuh,2
kaya sosmed,5
pake aplikasi rekomendasi pekerjaan,1
teruslah berjuang menolong orang yg membutuhkan pekerjaan,5
rain on me,5
ranty sumy,5
terimakasih link membantu,5
an aplikasi lengkap pencarian kerja wilayah kota pekan utk kotakota yg nya yg,1
goodjob,5
linkedlin mantap,5
cari kerjaan liat konten postingan orangorang yg sukses anjing yg aplikasi,1
link in membantu,5
membantu menambah jaringan ber bisnis,5
semangay,5
suka aplikasi,5
senang,5
no coment,4
membantu memperbanyak silaturahmi,5
hear of sales pt asia berjaya mobilindo mazda cibubur,5
coba fh,5
,5
posotif,5
halo linkedin ya aplikasi mendebit atm langganan unconnect kartu debitnya settimg aplikasi google berlangganan akun linkedin sia sia dollar resesi tolong respon donk,1
menghapus link,1
kasih bintang,4
tolong developer linkedinsebelumnya linkedin buka login ulang input password salah repassword yg da say yg dri linkedin verifikasi identitas bsa tinggal nunggu balasan cek email berhasil login ulang dri linkedin gabisa berulang,1
okelah,5
uptudate biar optimal,5
tolong aplikasi informasi lowongan kerja akurat kebanyak orang mengatas namakan perusahan penipuan kali melamar penipuan mendowload aplikasi harap perhatikan kebenarannya dirugikan masyarakat mencari pekerjaan masyarakat mancarin kerja jangaj permainkan,1
koki masakan indonesia chinese food,5
bermanfaat mudah linkedln terima kasih linkedln,5
sangattt membantu bagus nya yg pencari kerja karna info loker,5
sip mantap,5
aplikasi sampah kaya gini didownloadbikin emosi ajah,1
berpengalaman menjalin informasi menarik pembisnisbila informasi modal bisnis,3
pakai,1
thank you aplikasinya ga cari loker aja buka relasi luas,5
cigin laghi e,5
semangat mencari,5
lowongan kerja tipu,1
coba,1
aplikasi positif kalangan pokoe baper,5
semoga cepat berkerja berkarir,5
jos markojos,5
tugas,5
pls automatically for update,5
knp akun nonaktif ya gimana aktif,3
membantu mencari informasi kerja,5
aplikasi bagus bermanfaat,5
halaman isinya promosi yg g dukun pesugihan dll mo cari pekerjaan dukun sy wkwkwkw sry kasi bintang,1
medsos pro terbaik,5
pengalaman kerja pt cahaya bintang plastindo pt bumi menara internusa,5
masuk semoga bermanfaat slalu,5
coba ajah dlu,5
tolong tingkatkan jangansaya kcewa bnyak lowongan sinih uang sbelum pekerjakanpnipuan,1
linkedin,4
kebersamaan,3
semoga sukses,5
menambah wawasan,5
tolong bantu gimana login nya udh daftar tulisan nya mentok selamat mohon pencerahan nya,3
lancar lancar,4
terima kasih tingkatkan performa signal hp pemancar signal,3
berbagi pengalaman teman dr kalangan,5
appnya membantu banget kawankawan yg mencari pekerjaan,4
ef,3
maaf bintang krn pelajari gobann dgn linkedin kalo menawarkan jasa bgmn,2
jual beli,5
,5
great apps,5
bagys,5
siipcepat,4
tolong diperbaiki aplikasinya user membuka akun personal bertindak melanggar aturan linkedin,3
nice this aplication,4
welder combinationsmawfcawmigalloyssaluminumstick and tigand gouge auto tankg ltgegw gavw,5
,1
kendala ya gak bsa masuk,2
enak mudah,5
kakutdk fleksibel informasi garingtidak asli linkedin,3
aplikasi bermanfaat semoga linkedin sukses,5
,2
menjaring hubungan praktis,5
cafe and resto,5
aktif,3
nice aplikasi,5
very goodconnect every one,5
ok siip,4
hp,5
apapun bentuk nya menduplikat data pribadi mencoba mempublikasikan pribadi org kebagian intim uud nya sengaja mempublikasikan nya akun acak mengclaim uang rekening pribadi tolong ihk tindak lanjuti agen yg td sebutkan udah kelewat batas kerugian yg lakukan sehari mengclaim uang ratusan situs resmi id ofliinekan,1
sbgai sumber berita ulasan lintas berita yg bgi pembaca penyampai berita,5
nnti naikin baguss,3
sedot wc mandiri,5
applikasi jejaring terbaik,5
thank link in,5
good job sasaran pencari kerja,5
best application,5
instal android tab a sistem lolipop linkedin support lolipop,1
pertahankan pelayanan perketat pengawasan produk abal abal,5
membangun karier sesui keahlian,5
oke mksh,5
very good and simple to use,5
semoga,4
kerja keras bhagiakan orang tua,5
membantu joobseeker,5
kren aplikasinya,4
anthony azmingo lingkungan hidup sumbar,5
membantu pencari kerja,5
ome,5
sesuai kebutuhan,5
welder at aramco,5
ga ngrti gunainnya ga buka,1
menemukan sahabat orang yg berpengalaman dlm profesinya,5
tolong dicek akun linkedin dr pagi td postingan nya perubahan akun dibajak,5
nyari kerjaan,4
platform bagus,5
nice and easy to use,3
infornatif,5
mengecewakan,2
dituduh alat otomasi mengirimkan undangan menggunakannya,1
link,5
good aplication,3
semoga may,4
alhamdulillah info loker d,5
tau,5
bru ya lihat kerjanya,1
mohon bantuannya akun nonaktifkannonaktif sadar perbuatan merugikan melangar ketentuan mohon bantuannya terima kasih,1
lumayan bagus,3
terimakasih in,5
terbaik memudahkan manfaat masyarakat,5
donwlond aplikasi,5
sukaa,5
membantu bagus,5
good app and really inspire thank you linkedin,5
info continue top,4
awesome,5
aplikasi yg membantu,5
architextural,1
membantu pengguna linkedin,5
slowly but sure,5
komplit kurangi iklan fee storytks,5
aplikasibgus,5
tess dlu,2
budidayajamurtiram,5
bsgus,5
bibit id prayitno,5
sulit bs buka,2
greattt,5
ajah ya,3
lagibaysk,5
ok job,5
very useful thank a lot,5
media sosial profesional,5
,5
aplikasi bagus cari kerja pandemi,4
manager kebun,5
oksiip,5
aplikasi update pas klik tetep aja ga buka tolong fix problem nya min,3
berguna mencari pekerjaan menambah temanteman berpengalaman,5
bagus banget aplikasi,5
d bank danomon kendari jabatan account officer bank mega kendari jabatan team leader ukm pt endapan mineral andalan semesta pt bososi pratama jabatan finance division,4
sy kasih bintang dl belajar aplikasi,1
sip salam kenal sudut desa,5
membantu koneksi lingkungan pekerjaan,5
simple ringan bermanfaat,5
aplikasi hebat terpercaya,5
mencoba,3
mencoba keberuntungan kerja aplikasi,5
kasih bintang klo bagus br,3
pengembang tolong diperbaiki mash yg tipu cari pekerjaan bikin perusahaan yg menerbitkan info lowongan pekerjaan bikin profil perusahan dgn kasih kolom komentar linkedln info lowongan yg gak tipu,2
nup,1
very help and usefull,5
bidang peternakan,3
mudahan peluang bisnis rejeki manjur god bless,5
keren mnrt su d kumpulan orang positif,5
bagus mencobs,5
siti asitia,1
pejuang pahlawan,4
bintang dlu blm memahami appl inikegunaanya soryy,1
aplikasi terkini,5
top,3
membantu mencari pekerjaan blm pekerjaan da inspirasi orang yg biasadan sukses mengenal orang yg sukses,5
membantu mencari relasi usaha pekerjaan nice,5
,3
terimakasih bantuanx cari inpormasi loker,5
bagus stop work sayang mohoh perbaiki terimakasih,3
mantaaappp,4
toko,4
ijazah nya sma ga download takutnya insecure,2
manfaatnya,3
coba yah maaf blm ksih bintang,3
siiippp,4
,2
easy for use,5
apk buruk mohon perbaikan nya,1
post tapiii gagal,1
partnership,5
aplikasi nya,1
,5
aplikasi bagus menjalin profesional bidangnya mencari pekerjaan,5
otp,5
nice good job,5
bagus,5
kasih bintang dlu blum kerjaan linkedln,3
oke terima kasih,5
salah aplikasi memperluas jaringan kerja,5
kasih bintang join in application lihat perkembangan job kedepannya thank,2
great experience,5
nglamar apk hoax panggilan,1
topp,3
yosh,5
membantu membuka menemukan orangorang hebat diseluruh dunia terkait perusahaan pekerjaan salam,5
mantapp kasih bintang,5
linkedin profesional menjembatani ilmu pengalamanpengalaman diaplikasikan dunia kerja relationship,5
anehini aplikasi jejaring sosial follow mengundang teman blokir keterangan akun tangguhkan krna penggunaan alat otomatisasi alat otomatisasi yg namanya jejaring sosial bebas donk banyaknya teman batasi,1
membantu,5
masi coba,1
bermanfaat pertemanan loker,5
membantu terima kasih,5
bermafaat,5
blum coba kasi ret dlu,3
suka dengqn gagasan,5
cobadulu,5
gabisa download,1
ok thx,5
ga bs update status ya dah update aplikasi,3
aplikasi membantu,4
blum buka sepenuhx,1
foto terkini jm yg,4
xaźstories,3
semoga bermanfaat orang memakai aplikasi,4
bagus bermanfaat,5
sya bintang dlu klau oparasi aplikasinya bagus sya tambahkan,3
anjirr ni aplikasi ribet bgt mo lamar mesti login aplikasi trs nulis ulang pengalaman kerjanya aja gue yg pengalaman kerjanya mo sombong ribet bgt nulisin lg ribeeeetttt,1
if you have power you must be a winner,5
usefully,5
susah download,2
keren keren keren,5
mencari pengalaman pengetahuan,5
ok aj,5
masi instl nyobain,2
dapet kerja mantap,5
recommend to install this application,5
sungguh menambah wawasan terhubung orang orang berpikiran positif memudahkan berinteraksi sosial harap dijaga postingan mengandung sara semoga membaca postingan yg bersifat mendidik bravo li god bless,5
masuk udah ga masuk akun nonaktifkanperasaan ga nonaktikan akun gimana nih pengembang nya bikin ribet pengguna pemula,1
increase knowledge,5
udah akun dsini,5
loker nya,3
semangat,5
blom job,5
bagus info loker,3
gimana,1
awsomeeee,5
belom lampiran nomor telepon teman,1
good applikasi,5
membantu mencari rekan kerja mencari kerja,5
great app for our bussiness,5
ok seru,5
yes ok good,5
asyik ajaisinya profesional,5
informasi terkait profesi,5
cari informasi kerja lowonganini nya,5
semoga membantu pekerjaan,5
bikin company page gabisa mulu interface nya bikin bingung udh nyari bikin company page menu help udh diikutin instruksi nya tetep aja gabisa menu instruksi interface aplikasinya gak,1
sya bru mempelajari penggunaan aplikasi,3
membantu karier membangun network,5
thank info lowongan kerjanya sayang blm menerimanya,5
tolong login akun ngk masuk,4
membatu mencari pekerjaan,5
afternoon sis before apologize why my account be deactivate i have already create a new account but keep it deactivate what do i do i have already verify the id card through the laptop but still cant ask for the repair i need it my id card have be scan and stil l cant because,1
bagus mempercepat jalan meniti karier kesuksesan,5
gaje info loker ga gk panggilan maksa update,1
aplikasi bagus bg calon penguasaha pembisnis krn aplikasi inspirasi yg ternilai,5
nice n good,5
semoga membantu orang pekerjaan sesuai passion wallet,5
i like linkedin,5
sy kasih bintang job kalo apply berlangganan yg premium min info loker yg post apply diarahkan situs dimna sign up situs masukan min permudah apply lamaran kerja,3
professional business,5
aplikasinya tdk diuninstall,1
berguna untk pencari kerja,5
wawasan,5
good aplicasithanks,4
good banget,5
ignite,5
aplikasi bijak,5
mator suwun,3
intalasi sipil baja ringan plapon kusen almunium,5
,5
apk bagus bermaanfaat,5
puas aplikasi,5
set wae,3
aplikasi oke instal,1
bagus,3
informasi,5
jios,5
mengikuti tayangan chaenel menyukai muda mudahan bagus menarik,5
mudah mudahan pekerjaan bantuan,5
aplikasi yg membantu jobseeker,5
ribet gunainnya gak kyk apk sebelah tinggal apply,1
kasi bintang klw apk nya beneran bagus kasi,1
aplikasi bagus pembelajaran motivasi terkoneksi profesional bidang pekerjaan,5
baikk,5
,4
membantu memperluas jaringan pekerjaan,5
berguna,5
semoga sukses pekerjaankuamin ya allah,5
membantu dlm berkomunikasi,5
cobatp lumayan membantu,2
membantu bngt nih,5
bermanfaat komunitas jobseeker,5
cepat,5
bagus profile individu prosesi profesional bidang individu,5
gk sesuai,1
oke,5
bermanfaat info terimakasih,5
cc t wf b,4
mantabb,5
info pekerjaan meluas,5
oke membantu,5
mantap,5
,3
membantu mencari pekerjaan pengetahuan menyalurkan ilmu usaha bakat mempermudah orang diseluruh dunia individu maju tangguh berkepribadian kuat,5
berguna bgi yg mencari pekerjaan,5
familiar,3
aplikasi linkedin bagus bangeet,5
suka membantu,5
bagus kalin,5
mengenal dunia profesional terima kasih linkedin,5
hilarous moment yet bond time to cherish good memories and share stories of achievement in life family education work area entrepreneurship pro bono consult and alive learn platform in order to maintain between career paths experience curve x education learn curve kudos to jeff w linkedin families,5
terbaik pelayanan loker yg membutuhkan akurat,5
bagus banget aplikasinyasangat membantu,1
goodjob,1
semoga bertambah wawasan dunia,5
mingguan aplikasinya dibuka close,1
tolong linkedin ban akun yg bernama asi dwi setianingrum beliau ambil nosaya sbg masuk aplikasi bkl lapor berwajib,1
everything be good for the info,3
zoom sekolah online tari balet sebagainyatadi kehapus,5
suka aplikasinya,5
membantu menguatkan koneksi dunia kerja terima kasih linkedin creator team xoxo,5
memahami program komputer akuntansi sap erp accurate excel pajak all tax ppn control werehouse internaltaudit analisis finansial report exim internal audit account project perbankan rekonsiliasi market intern extern,5
driverofrator porklif,5
bermanfaatpada situasi akun in tau maaf nya pake pas zaman kulia aj,5
membantuterima kasih,5
informasi yg bagus,4
bagus si hp gw ga muat anjing,5
terbantu terhubung cepat,5
ムムムム,3
design grafis,5
bagus berkesan,4
good,5
bagus membantu,5
berguna mudah penggunaannya,5
kebanyakan lowongang penipuan bgst,1
memudahkan mencari peluang lapangan pekerjaan sesuai pengalaman good luck linkedin,5
fine,5
info loker yg masukkok didominasi surabayadomisili tegaljateng,4
bermanfaat thx linkedin,5
much information in this app,5
aplikasi bermutu coyy,5
pedoman hidup,5
good aplication,5
mohon kembangkan memudah pencarian pekerjaan pencari kerja mohon awasi perusahaanperusahaan penipu uang walk in interview terima kasih linkedin hormat fidal jourdan christian,5
aplikasi sosial media positif mudahmudahan terjaga,5
expand the network and its development,5
thank linkedln,5
akun nonaktifkan gmna ya tau gmna biar aktif,5
jos,4
profil pakai foto upload berkali,2
mebcobaa,5
tolong diperbaiki force close mengisi form data apapun terimakasih,1
aplikasi membantu menemukan solusi pekerjaan,4
oktolong fee nya,5
semoga membantu,5
account excecutive ptindolife pensiontama thn,5
nice,5
good relationship among profesional worker,5
mudah upaya kerja penuh kerja paruh,5
,1
mempermudah jaringan,5
coba aplikasi bintang,5
nyoba ntar kalo membantu bermanfaat tmbah bibtangnya,3
membantu dlam mencari relasi ruang lingkup dunia kerja,4
mencoba,5
paiping kontraktor listrikbersertifikatpernah ptjayanti grup baglistrik bersertifikatdp ptindocater bersertifikat sekarangkarena korona rumahkan,5
listrik,1
in,2
coba belajar,5
gk recommend,1
no comment,5
bagus syh kasih bintang,5
good order,4
nawe,1
link bagus,5
semogga sanggat membantu,5
recomended platfrom media social,5
linkedin susah buka,1
top partner situasi,5
bermanfaat fitur lengkap,5
mengerti pelajjari,5
this be amaze app where every one can share their experience and opinions so we can know which be the right,5
aplikasi bermanfaat,5
paham entak knapa nyaman linkedln mensos mositif,5
membantu sekaliuntuk terhubung teman teman berkarier bergai perusahaan,5
feel good,5
nice tons of knowledge improvement network,5
membantu wira usaha,5
helpfully,5
nggak tau krn instal,2
,3
lupa linkedln ku nya,5
membantu aplikasi good nih,5
baca motivasinya sih lokernya,5
kerenmudah mencari link pekerjaan,5
semoga kerjaan,3
blm kerjaan,5
membntu pengembangan jejaring portofolio,5
goodd,5
bukadaftar nulis spt yg dimintaeeeehh lg berkali,1
semoga fasilitas pengguna aplikasi maju,5
salah platform media sosial tepatnya platform personal brand,5
n,3
great as well,5
no togel,1
aplikasi bagus pencari kerja head hunter,5
aplikasi bagus membantu,5
love it so much help in my professional community a lot of feature can be use,5
nice,5
semoga platform terpercaya memeberikan info lapangan pekerjaan mempertemukan orang,5
semoga membantu kerja kluarga linkendin,5
biang men,5
aplikasi mendukung karier,5
semoga dapet jodoh,5
,5
,4
oo,5
pesan pengguna linkedin mohon bantuannya gaya postingan update status tempatnya contoh postingan nyinyir sindiran instansi publik memancing komentar bermanfaat berhubungan dunia profesional kerja mengotori media online sekelas linkedin silahkan lanjutkan attitude media thx,5
operator engine roomloaderboilersterilizer,3
terima kasih infonya,4
susah ribet rumit ga info jga nyesel klo download dh,1
sulit banget login nya ga,1
,3
mengikutin linkedn mencari pekerjaan smoga sy mendapatkn pekerjaan,5
donlooth mudahan kerja pasitif tingking aja,5
membantu mencari pekerjaan orang hebat penguna aplikasi,5
membantu pekerjaan,5
aplikasi mengunggah foto memaksa mengunggahnya aplikasi otomatis tertutup,1
semoga aplikasi membantu dlm mencari pkerjaantrima ksih,5
membantu pencarian kerja aplikasi membantu,5
mantap insfiratip,5
the best,4
terimakasih membantu aplikasi,4
semoga d bantu,5
suruh muterin bola susah serasa ejekkkk ngatain klo bener manusia emnk anjing main hp,1
hse,5
aplikasi bagus sih hadirkan dark mode ya versi,4
karna linkedin mengenal orang orang yg freshgraduate ceo perusahaan semoga pekerjaan aamiin,5
cba dlu,5
aplikasi bagus temanteman profesional nambah wawasan,5
kenalan,5
bingkai salah inovasi linkedin bagus gerak cepat kebutuhan penggunanya,5
easy,5
bintang berbicara tpi berbayar sih min,5
steam turbine specialist,4
very good social media for search job,5
cobak manfaat bintang ya,2
aplikasi yg aplikasi memudahkan jobseeker recuiter menemukan orang profesional wawasan yg luas apapun,5
easy to find job,5
pakai jaringan profesional jaringan medsos yg berbeda dibandingkan jaringan share sehubungan dgn dunia kerja perush apapun pokoknya yg sifatnya positif teman rekan yg kenal via linkedin kenal didunia nyata linkedin pekerjaan yg sesuai dgn yg masya allah semoga linkedin sukses berkembang aamiin,5
good information job,5
coba yee,3
aplikasi mata peluang kerja menambah wawasan dunia kerja,5
goodservice,5
aplikasi nya tdk dpat uninstall ya beritahu meng uninstall nya,1
support,5
usfull,5
mantap mencari koneksi relasi,4
familier jd kasih bintang ok,3
linkedin mudah praktis loker mantap,5
hati yg nyari kerja via online penipuan,2
mantap maju berkembang,5
interest,5
membantu mencari lowongan kerja batam,5
membantu mencari pekerjaan relasi dll,5
aplikasi simple mudah membantu koneksi pekerjaan,3
senang aplikasi relasi berbagi informasi cepat semoga fitur fitur tambahan yg menjadikan aplikasi the best,5
fhoto aset ppa jambi,5
mudah mencari peluang kerja,4
keren luarbias,5
mantaapppp,4
info akurat,5
mithacanopy,5
mantap,1
sgt suka,5
lemot banget update doang pdhl jaringan inet oke,1
apk bagus bermanfaar menambah relasi,5
termotivasi,5
pengalaman jdi driver forklip,5
ok,5
pekerjaan tersedia diaplikasi mayoritas halaman dibuka dilamar lowongan yg expire akses not recommend,1
useful,5
bagussss,5
jaringan kerja,5
why now if post it always crash and when log in again upload be queue,3
all good amaze,4
berbagi ilmu,4
bufferingnya detik bermasalah premium apps huhu,1
bagus senang,5
mudah lengkap,5
job seeketered,5
akses akun gk tau,3
thank linkedin,5
top aplikasi linkedin semoga sukses,5
mudah membantu,5
perluas wawasan,5
sanga membantu,5
posisi bldg manager pt sgrs bni jakarta,4
,1
gratis bayar ya,1
aplikasi membatu,4
bagus bangga aplikasi linkedln,5
menghapus mengganti email linkedln gimana ko gabisa trmksh,5
menarik didapatkan,5
belom masuk aplikasi nya,5
ko kemarin download gamaju sampe skrg,1
ngak pake d downlod ngak buka aplikasi,4
coba,4
vv mben nggak papa,1
bagus klo lancar top deh,5
bad akun nonaktifkan,1
bermanfaat menambah persahabatan lowongan pekerjaan,5
membatu,5
semoga gak bnyak iklan,5
aplikasi keren,5
good relationship,4
membantu menjalin komunikasi pekerjaanthank so much,5
membantu mencari kerja blum kerja darii apl,4
aplikasi membantu mencari kerja hasilnya semiga hasilnya aplikasi,4
login masuk aja dibikin ribet bolak instal,1
aplikasi mengupgrade memperkaya wawasan dunia kerja aplikasi menambah network terbaik pokoknya,5
apk buyan,1
mantap,5
mempermudah mencari karir,5
knp nonaktifkan,1
ex driver ptcakra karya nusa,5
smoga membantu,3
kerja kerja kerja hasil menghianati hasil,5
bermanfaat banget nambah link pertemenana mencari membagikan info loker motivasi pekerjaan dll,5
operator boiler,5
lanjutkan good,5
langkah kuambil,1
berasa profesionalnya,5
baguss,4
jaranf dibuka tp pembaruan teus,1
membantu mencari pekerjaan relasi pengetahuan menyalurkan ilmu bakat usaha yg mempermudah orang dunia mengisi menimpa ilmu individu yg berkarakter maju unggul tangguh yg berkepribadian kuat sungguh takjub dgn aplikasih yg akurat terpercaya yg dipercaya manusia mengembangkan bakat ilmu talenta ekonomi tekhnologi kemanusian semoga aplikasi salalu,5
kasih bintang kesal download apk bru suruh upgrade gimna kali,1
mudah mudahan pekerjaan sesuai,5
ok banget,5
koneksi profesional,5
keren menunjang bisnis,5
q coba,5
aja ya,1
situs situs yg ikutisaat add temandan didalamnya tokoh dunia yg mumpunidan kali terlupakan,3
informasi akurat,5
continuos improvement,5
aflikasi bagus masyarakat,5
bismillahirrahmanirrahim,5
terima kasih link in lanjutkan,5
terimakasih link,5
every information be provide more clear,4
i love use this app for personal brand thank yoi,5
piter,5
semoga bermanfaat,5
membantu mencari kerja pekerjaan ya link in,5
motivasi orang sukses,5
thank linkedin,5
lbh kreatif dgn fitur bermanfaat lbh muda berkomunikasi terimakasih,2
suka aja,5
aplikasi payah mudah bannedsering me non aktifkan account peringatan salah satunya kena,1
berani merubah quality presentase nya,5
aplikasi bermanfaat membantu,5
membantu,5
multiusage,4
membantu memperrmudah mencari teman pwkerjaan,5
bermanfaat pengembangan hidup kehidupan,5
point az ntar klo ngebantu kasih,3
preet,2
great experience with linkedin,5
menerima informasi lamar kerja koresponden dll,5
membantu,3
aplikasi job yg membantu bermanfaat good job,5
berkenalan orangorang pekerja propesional,5
perusahaan mebel import,1
bermanfaat menambah wawasan pengetahuan,5
eror kalo cek profil foto lelet suka eror,1
aplikasi alamat teman yg sudahlaama bersua alhmdulillah allah hu akbar syukron masha allah,5
mantap keteu jodoh,5
logisticstrading and suppler produck briquetepalm kernel shell and palm kernel mil,5
loker lari blogo mencantumkan no wa pas dicek perusahaannya yg,1
info lowongan kerja terbaru,5
aplikasih bagus mecari kerja,4
bagus sngat membantu,5
mudahan membantu mencari pekerjaan,5
easy use,5
solutif,5
excllence,5
mantuuuulllll,5
aplikaei linkedin membantu mencari info pekerjaan koneksi perusahaan terimakasih,5
suka informadi,5
bagus membantu,5
good performance,5
berguna cari kerjaan,4
cepat akses,5
informasi ter update,4
cobah,3
simple berkratif,5
membantu mencari info pekerjaansehingga profile pencari loker,5
diandalkan memuat menemukan berita menguntungkan,5
riweh loginnya banyakan iklan,1
bagus banget nih,5
aplikasi memudahkan data,5
recomend,5
good be the best,5
informasi bagus,5
verry verry good and helpfull application i give five for you,5
mantaappooo,3
minggu aktif linkedln buka aplikasi akun nonaktifkan,1
insight,5
hapus keahlian link gimana sih gak ikon hapusnya,4
informasi semoga bermanfaat yg,5
aplikasi bagus semoga allah mudahkan mndpat pekerjaan dsni,5
so far so good for the function to jobseeker,5
tolong diperbaiki jaringannyalelet banget memainkan video aja elearning,1
terimakasih senang aplikasi,5
trimakasi membantu dlm mencari pekerjaan dipertemukan dgn org yg profesional,5
aplikasi tercepat,5
good bro,5
aplikasi profesional keren,5
informatif bermanfaat,5
error,2
membantu mencari pekerjaan,5
very user friendly and useful,5
wonderful and amaze to around the world with link digital,5
aplikasi membantu pekerja pencari kerja pemilik usaha pengelola perusahaan,5
mencoba,5
semoga,5
thankyou,5
linkedin ilmu lowongan,5
good solution,5
mempermudah,5
menginspirasi seneng banget ketemu dgn org yg bidang bidang sales market finance operation sukses li,5
mga aplikasi nie bs membantu,5
mhon perbaiki lg,4
pengalaman ptpanca duta pekerjaan tugas sekolah praktek kerja lapanganmagang,4
appbagus,5
semoga cepat kerjaan aplikasi linkedln iniaammiinnn,5
aplikasi nya ok,5
best media for professional,5
membangun relasi komunikasi,5
bertukar pengalaman informasi pekerjaan relasi,5
now be better than before,5
manfaat perihal lowongan pekerjaan koneksi menambah pengetahuan keterampilan kerja,5
it be very nice linkdln aplication,5
membantu memperluas jaringan bisnis,5
sungguh bermanfaat,4
bagus mantap bersosialisasi business,5
semoga keuntungan pekerjaan sesuai diharapkan menginstall aplikasi,5
good efective,5
membantu mantap,5
be good,5
mantap membantu,5
simple akurat,5
aplikasi bermanfaat,5
pom,5
pengalaman berbeda,5
sing,5
manfaatnya,5
pemakaian aplikasi semoga menemukan job sesuai dgn basic dsini,4
blm berhasil dpt kerja,1
satisfy,5
drever truk,5
smga dpet kerja amin,5
nyepam email ga satupun cv w terima interview nasibnasib,1
ikat mitra bisnis rugi,1
,5
berharap koneksi pekerjaan yg sesuai,5
i like it,4
mencari jalan,5
clash of clans,5
alhamdulillah postingan berhasil menemukan mitra bisnis karyawan hebat terimakasih langsung kasih bintang,5
good for job sharring network,4
help to find job,5
paham,5
,5
lelet connect internet problem utama,5
ko susa masukan akun,3
senior accountant,5
professional applikasi,5
keren permudahkan mengganti foto profil,3
pdhl pake,5
this be a good app,5
membantu,4
menambah jaringan profesional memperbesar peluang,5
maasyaa allah keren,5
mantap membantu,5
linkedin kereeeennnmantaaaapp,5
aplikasi terbaik profesional,5
aplikasi professional menghubungkan pencari kerja pemberi kerja ajang diskusi terkait pekerjaan political social budaya dll pastinya applikasi aura positive bermanfaat ikuti,5
be oke,5
bermanfaat aplikasi menjalin relasi profesional mencari peluang karier,5
salah akun dinonaktifkan salah mencoba memperbaharui mohon penjelasannya terimakasih akun diaktifkan bintang terimakasih,1
gooodd,5
update loker,5
mohon maaf aplikasi membantu berharap perbaikan kedepan terimakasih,1
tersambung teman,4
bagus,5
coba,5
bagus link produsen konsumen,5
goog for new information and share relationship,5
bagus membuka mitra usaha,5
bagus media sosial profesional,5
aplikasinya jelek uda masuk email berkali kali suruh masuk pake email gak,1
terbantu menjalin hubungan komunikasi profesional bidang pekerjaan,4
senang terhubung orang orang pintar high level hotel sayang beruntung kali coba apply loker,5
mudah informasi pekerjaan blm cocok lowongan kerja sya,5
mohon maff nya admin linkedin ga mencari koneksi ya ga menambah teman,1
aplikasi ga penggunaan ribet developer webnya anak magang,1
app ni bagus,5
bintang dlu karna jga blom tau apk,1
aja,5
mantaps,5
tngkatkan,5
linkedln,2
very nice good job,5
sulit menambah foto profil,5
mantap lh udah,5
,1
jobseker berbagi pengalaman,5
aplikasinx bagus,1
de,3
harap bersahabat pemakai aplikasi,4
mantap aplikasi no jaringan propesional,5
sukses tim ui ux,5
da,1
membantu pemula profesional,5
aplikasi recomended utk lamar kerja,5
goods app best be best,5
menambah pengetahuan dunia kerja,5
bad aplication,1
petualang,5
i give i will see and ill add more thank,4
wau senang apk cari beneran walailupun tau fungsinya,5
good and semoga dpt kerja sesuai keinginanaamiin,5
coba install,3
masuk aplikasi log in tulisan akun nonaktifkan udah bikin akun x gmail berbeda jelek banget,1
wartawan riau segitu aja putuskan beralih posisi nya tks,5
aplikasi yg bermanfaat,5
okok ok,4
bagus tpi pas bayar loadingnya ganti foto profil gagal ya,3
good day n good luck no safety guality n guantity,4
u,2
this application be very good especially for us business entrepreneurs who need a lot of work relations,5
menambah link,5
i dont like,1
blm blm tau fungsiny,1
terima kasih menanggapi keluhan,5
tolong loginlogin,1
not bad,5
membangun,5
aplikasi bermanfaat terima kasih linkedln,5
bagus koneksi bertambah,5
aplikasi yg mendukung informasi peluang pekerjaan,5
salam sukses,5
be good,3
bagus,3
menarik,5
keren i like it diterima ditolak gimana paham linkedin,5
lowongan kerja aktifkadaluarasa tolong iklankan lgagar update,1
good job,5
berperan dlm diskusi dngn orang orang perusahaan,5
excellent,4
terhubung profesional,5
mantapp jaringan profesional nya,5
sarana belajar professional pekerjaan,5
very helpfull to connect withvprofesionala,5
suka aplikasi manfaat berkenalan praktisi ahli profesional perusahaan bidang bisnis terimakasih,5
donglod,1
social justice,5
pas download susah banget ya berhenti diangka,1
sulit fahami,1
membantu memperluas relasi,5
good,5
gambarnya tulisan in namanya linkedin hehe bagus aplnya makasih,5
mengganggu notifikasi,3
mudah dioperasika,4
sy suka aplikasinya,5
aplikasinya mantap,5
jos,5
bagus bikin cepet darah,1
min klik yg berkalimat coba premium gratis berlangganan ya takutnya disuruh bayar berlangganan membatalkannya min,2
driver pengalaman thn,5
sy kash ya coba tambh bintangnya,2
very good,3
scspesial,3
hasil aplikasi,2
g bisaa unistall dn download sendriii,1
suka membantu,5
applikasi yg bagus jaringan perkerjaan,5
lumayan bagus,4
the bast,5
khaznaa,5
lowongan palsu,4
uninstall sajagak bgt berguna bagiku,1
gabung apl,3
pencipta lagu dangdut jawa,4
indahnya info yg sya trima terima kasih bantuannya akn sya instal perangkat sya membaik,5
semoga keberuntungan,5
ya menampilkan komentar,4
,4
berkelana,5
coba ya,1
aplikasi yg bagus membatu,5
aa,2
komentar,5
,4
et dah appni update teros,3
jelek permainan jelek yg setuju diejek keluarkan like my komenku ya,1
informasi inspirasi,5
ngak buka,1
praktis,5
akun dibuka,1
i can get more relation good job,5
keren abis thank linkedin,5
nice i can join imformation,5
,3
mengerti perbankan dibantu,5
samsung skrng aplikasi ga,1
blm instal,1
best application,4
gk tau ni aplk ap,3
akun hapus google hilang minggu,1
krn blm pelajari lbh,3
apk membantu thank,4
coba dlu,4
semoga allah swt membimbing jalan yg diridhoinya,5
,5
bagus bermanfaat,3
ga ganti profil note nya gagal mohon,1
informasinya,3
keren gin,5
terimakasih membantu pengguna,5
kerja pt young lim,5
linkedin membantu bermanfaat mencari loker menambah link dunia kerja,5
terimakasih bantuannya,3
semoga perkejaan,5
mantap,5
info job,5
jos,5
membantu jaringan pencari kerja,5
,5
semoga membantu sy utk mencari pekerjaan mitra bisnis dll,5
tdk inztal,5
tlong admin ajarin aq gmn cra menh hasilkan uang,3
ya deskripsinya aplikasi menilai bagus mengembangkan usaha membuktikannya,3
g bs donload,1
ratu adil satria piningit imam mahdi utk presiden ri,5
coba,1
medsos dg basic profesikeren,5
bagus aja hasil nya,5
thn sopir,1
link bagus org mencari pekerjaan membuka lowongan kerja,4
membantu min makasih,4
good apply,5
buka,5
ambyar,5
good informasi for job,5
menikmati,5
cobak,1
bintang soalny lom ad yg low pekerjaan ny,4
fenv,1
mudahan terbantu info lowongan pekerjaan,5
tirimakasij,1
pas banget pemuda pemudi belajar jdi pengusaha sukses,5
bagus,4
good,5
semoga membantu,5
bidang perniture,1
apk berbayar males main,1
situs yg bagus,5
membantu informas,5
yoi,3
mode gelap untun linkedin,3
ok man,5
mamah,1
yh bgus,5
get my wife maybe,5
memuaskan utk post linkedin,5
ya,4
akun nonaktivkan sj stlah tdk buka pas login nonaktif gimana sih,1
,5
linkedl membantu utk info lowongan pekerjaan trimks bantuan perhatianya,3
alhamdulillah wasyukurillah,5
mantap jiwa,5
bagus,3
selalulah berbuat,5
mudah mudahan bermanfaat,5
very good very helpful,5
bagusmembantu,5
membantu karir babyak relasi teman,5
good luck lindekin,5
apk desain pelajar kah mahasiswa pekerja,1
aplikasi bernanfaat info membangun relasi orang mohon jaga kualitas tingkatkan,5
sya cuba duluh syabelumperna pakai apk ni jd,5
belajar menghasilkan uang butuh bimbingan admin nya bodoh bidang teknolgi terima kasih mohon bantuannya,3
bisnis tradding,5
mantap tingkatkan,5
aplikasi bagus batas status mendukung kegiatan bisnis,4
nn iye,5
klo bagus d tambahin bintang,3
terimakasih app linkedin,5
linkedln biasaterima kasih linkedln,5
modus,1
bantu yah,5
i get my account lock because i try to connect people wht problem,1
jaringan,5
site engineer and administration logistic engineer administration project archive administration administration system,2
heem,5
ribet banget keamanan pemilik akun baguslah,5
membantu mencari pekerjaan,5
wauuu good apply thx,5
gagal download jaringan kuat berhenti,4
aplikasi membantu,3
bad application,1
oke,5
membantu informasi pekerjaan sesuai kompetensi bertemu relasi kolega yg suitable,5
perbaiki sytem bug shortcut mempermudah akses aplikasi terkenal memuaskan,4
,5
goods,5
biarlah kau pergi kau ber samaku,5
mantul percobaan,5
semoga bermanfaat dimasa sulit,5
sma karna mencoba,5
gampang fahami,5
gak butuh,1
bantu,5
top network market place,5
semangat,5
sikat abis,5
ok dibanding bersi lawas,4
ya lumayan bgiitt,3
aplikasi macem nikontol,1
informasih job cepat,4
good aplikasi dunia kerja,4
susah kerja applikasi info info job nilai positifnya,2
akun fb buka bagimna cra ya lupa sandi fb ya,1
kosen pintu jendela dll,4
capek isi captcha gak sukses sukses ribet bye,1
pembaruan informasi update data penyebabnya,4
gak,1
bagus tuk cari kerja,5
not bad,2
trima kasih,5
suka,5
mantulbro,5
aplikasi kontol gua udah akun bangsat masuk kagak gimana suruh recapcha trus ttep gak masuk anjing gak download gak,1
omong,5
lemayan,1
repot instal daftarhapus,1
mencari kartu prakerja,5
very good for make self be much to introdution,5
terima kasis,5
noob,1
blm paham,3
tau makainya,5
gk,1
menyapaikan terima kasih bayak linkedln teleh aman sempurna,5
,3
yg spesifik,5
godt luck aplikasi mudah informasi seputar loker kereeen bngt aplikasi,5
i love it thank for developert,5
akun login alasan batasi mengembalikannya petunjuk link in mengembalikan akun case,1
minggu update nguras data,1
technologinya digital super kamar dangang world,4
many update no job,1
terima kasih aplikasinya bagus banget,5
bingung ijasah s d ken urang sd ge te tamat,1
okem,4
oke,5
sosial,5
,5
informasi terkait dunia industri dunia usaha mudah didapatkan,5
mencari pekerjaan muda,5
vadmin,5
kadang susa daftar nya,3
mantap mudah menerima informasi,5
link be make our friendship closely give love for all of the world,5
membantu terhubung dunia kerja relasi,5
good connect,4
membantu anak anak muda yg negri negri,5
ketagihan kasih bintah,5
permainan,5
apliksi bagus dn membantu,5
ulasan stiker kosong,5
yg lg cari peluang pekerjaan bagus,5
apk ok,4
membutuhkan apl inintuk mempermudah download fb whatsapp,4
akun nonaktif kejelasan,1
aplikasi bagus semoga membantu,5
akun dinonaktifkan kejelasan benci mkanya bintang perubahan penambahan bintang terimakasih,1
tolong perbaiki,3
jajal kasi ajj ea kalo cocok n bagus kasi full bintangnya,4
steady,5
kebabyakanrating rat,5
sih berharap aplikasi akun dinonaktifkan tolong diperbaiki thank,1
live up,4
tingkatkan kualitas,5
jg,4
terimakasih,4
linkedin oke bangun relasi,5
cari kerja,5
mengulang updad adil,2
aplikasi bodong penipuan anjg jan ad yg instal ntar nyesel sumpah,1
agungagung,5
udah pakai linkedin tdnya aja kemaren login akun nonaktif ya koneksi yg,5
coba,2
good news,5
mantul terimakasih luarbiasa siplah,5
good bener,5
dipake udah diperbarui,2
ketinggalan informasi terkait perkembangan dunia kerja terimakasih,5
membantu jaringan pekerjaan terima kasih sukeses,5
membantu aplikasinya dikit update saran update dibikin sebentar sebentar update kesannya kyk labil,1
gak menyangka aplikasi berguna comunitaz better,5
kasih bintang ya,2
trainingg dky yyyyyy,4
install ga ga install dipake cc apk apaaaaaa,1
tugioto perusahaan industri aluminium panci wajan,1
oke lahh,5
sihsetiap login udah akun sebelumnyatidak akun dinonaktifkansetelah diperbaharui aplikasinya akun dininaktifkansebenarnya salah akun apatolong ditindaklanjuti,1
info loker nya tdk dilengkapi dg alamat perusahaan kantor yg lengkap no telpon kantormeskipun dr loker perusahaan,4
tanahwa,5
mudah praktis,5
suka applikasi linke lin membantu,5
terima kasih linkedin terhubung dg orang profesional alhamdulillah kerja apk,5
bagus tp uda d lamar pangilan,4
membantu memudahkan mencari pekerjaan yg membutuhkan,5
senang bergabubg linkedin kmarin akun nonaktifkan menerimanya daftr pakai akun nonaktifkan pemberitauan yg akun yg bergabung nonaktifkan yg dinonaktifkan linkedin bgimana ya pdhal tdk apapun mohon infonya,1
linkendin application be very good can help me to find a job thank you for the linkendin application,4
hrus dpat menghubungi org yg group,3
coba,3
recomended jobsekers telaten nambahin connection,5
nyaman,5
semoga bermanfaat bg pengguna,5
apk beneran bagus gak sih cari kerja,1
bagus berguna,5
aplikasi cerdasgoodtopnice,5
aslmkm kbr bagus bener linkedin suka gunakanlah,2
media sosial nya kaum bisnis,5
ok membantu,5
setelan sulit ubah,2
bagus org,5
isi chat message dihapus diarsipkan aja diarsipkantolong diperbaiki message yg spam kaya nawarin produk pengen hapus aja message spam,3
josd,5
stronggers always,5
my account be go,2
smoga slalu bermanfaat,4
mon agebei aplikasi rua pateppak,1
mantap bro,4
j,3
good enough,5
connect world,5
smga bermanfaat,3
sistem berhenti,4
dllu ya,4
the best link,5
coba,4
mantaps,5
terima kasih sdh fasilitas lbh dlm karir bisnis,5
bergabung lupa fasword ribet yaa,4
waah siip membantu yg butuh pekerjaan yg serius,5
aplikasi nya membantu mksh linkedln,4
cobain dlu,3
kerjaa iya,1
nyoba,5
lau bagus aq kasih bintang full,3
masyaallah,5
kadang berat,3
not help so muchbut thank you,2
bagus ok,5
masuk aplikasi linkedin nomer linkedin,5
okeoke,3
filter gak masuk akal udh input lokasi jakarta nampilin lowongan dunia gak bsa diurut yg terbaru kalah ama jobstreett hei muhasabah kapitalis,1
technik,5
denggan roha,5
fungsi manfaatnya,5
insya allah bermanfaat aamiin,5
impactful,5
projek,5
tolong ya bos yg baikyah perbaiki cepat bar panggunayh puas terimakasih,5
berkualitas,5
thank you,5
pekerjaan mudah mudah dengn wb,5
bermanfaat sarana informasi sektor pertambangan batubara,5
aplikasi in mmang biasamlalui aplikasi in sya dpat krjaan,3
,5
terima kasih,5
memperkenalkan bisnis,5
bintang,2
lumayan bagus cari lowongan kerja kenal orang dgn profesi,4
membantu cari pekerjaan,5
permainan seru banget suka,5
post be not sort by newest,3
semoga membantu orang yg kerja,5
mantaappsssss,5
membanyu,4
aplikasi yg,5
maaf bintang susah mendownload aplikasi,1
berkualitas profesional,5
ssya bintangnya,2
good kerennn,5
powerful,5
semogah cita sukses,5
bagussemoga bermanfaat,5
contruksi bangunan,5
miss,2
membantu banget apk nya,5
nyaman,5
ajj,3
berbelit belit,5
mantul,5
alhamdulillahirabbil alamin,5
bikin akun gagal mulu,1
menyerah kunci sukses menyerah kunci hasil menyerah menyerah berhenti menyerah penuh juang menyerah hasil menyerah jatuh menyerah menyerah menyerah kesempatan,5
belom kerja kalo udah kasih bintang,3
kirim nomer emba arni ladyxara kurma prom asia,2
puas aplikasi inisangat membantu,5
kl interviewcrew jgn mendetai jg engine,5
tks perkenalan linkedin,5
aprilikasinya bagus banget,5
bintang dlu yaa bru nyoba,2
bagus berkualitas,5
yo,1
anak pelajar,3
bagus banget aplikasi pekerjaan aplikasi linkedin sya bertrimaksih,5
very helpull,5
mantap simple n cepat,4
berbintang,5
sup,4
dijaman moderen sosial media tanggo membantu seki tuk menemukan teman yg tinggal nya,5
lumayan info loker kasih bintang yah,3
semoga kerjaan nya,5
senang bergabung link motivasi tksh,5
cobain dlu klw bagus ta kasi fuulll starnya,4
good job,4
pelajari ya bintangnya,2
kasih bintangkarena msalah liat fropil ampload videomohon accunt d perbaiki,3
uji cobakasih bintang,3
mudahan jobseeker terbantu dpet rezeki drj linkedin amin,3
membantu,5
sngat membntu,2
jarang,5
perusahaan terbesar d cianjur,4
,3
lumayan login,1
membantu mencari kerja,5
okelah,5
jual beli telur bebek,5
linkedin sahabat informasi setia terpercaya,5
oker,5
link linkedin professional,5
supervisor,1
gabung nih,5
superviser,5
kasih bintang upload foto video mohon account perbaiki terimakasih,2
lagu,5
yeviyadi,5
mudah cari kerjaan,5
tolong disaring akun spam menggangu pengguna,1
semoga karya karya lebi berkembang,5
g ngerti aplikasi ny,2
ui menarik sih kl,4
daftar gagal,1
lemot lambat dlm upgrade butuh jaman,1
membaca ulasan teman teman mf tertarik tuk gabung,1
,2
membntuku aplikasi,4
profesional,5
azik,5
so far so good,5
kalo bagus tambahin,2
cool,5
media sosial serba aja,5
tap tap,4
membantu,1
unite,5
hasilnya,1
semoga dapet kerjaan,5
aplikasi utk pencaker profesional,4
ok bngt,4
trs mintah update,1
tolong tambahkan pembayaran linkedin premium,1
mantul bossssss,5
senng,5
th tks butsi axiii sda th th masuk cpns guru,5
mendukung,5
apaansi,5
security houskiving,1
trimakasi semoga,5
sy ksh bintang yahkl bagus sy ksh bintang,3
pengen nyari kerja,2
krm pesan hrs premium,1
salah aplikasi berfaedah,5
kenpa susah dptari pakaiy akun berulang kali gagal trus masuk alikasi yg mmbntu,1
good ide,5
smoga membantu,4
workshop produksi mesin finish percetakan,5
perencanaan jalan rel logistik,5
terima kasihh,5
good linkin,5
semoga kerja negri amin,5
easy job,5
top,4
ganti foto gagal,1
ui nn mlkoxpp,5
lumayan aplikasi ya,2
percobaan,3
lowongan kerja cari partner bisnis,5
,2
techcnical mechanical engineer comisioning fitter bholthing assyembly test instrument equipment service oilfield manufacture,5
bingiiiit dowloud hadeeeeh,5
aplikasi bagus tuk karir,5
mudah cepat dipahami,5
coba,4
membantu pekerjaan market bertemu profesionaltapi sayang ga kirim video status mohon respon admin,5
gk bs d hapus,1
i see first it i intend i give,3
bnyk manfaat nya info mantap,5
suka,4
good application,5
luas relasi bisnis semoga bermanfaat,5
info loker nya,3
coba ah,2
good sih update poto gagal mulu dah,3
mencoba profil,5
muda membantu,4
biak,5
coba,5
gk ngerti dgn susunan gambar,2
wiraswasta dlm bidang kay,5
tau,3
bagus friendly menolong,5
bersih cerah,5
asik,3
trim linkedln membantu sy yg lg ngangur,5
tenang linkedin terarah,3
indah,5
wahhhhhh,5
senang,3
edit photo profil gak klik save gagal,2
im perry d purnomo,5
anjing,3
memcoba,3
akun tutup penjelasan kesalahan kejelasan akun,1
tibatiba log in akun dinonaktifkan mohon penjelasannya,2
bagus ok,5
easy to meet people,5
good aply,5
gak bis adi uninstal ya,1
kontol,1
n,4
cepat up to date,4
bagus nyari lowongan kerja,5
lumayan penipuan kerja online disaring kasihan kawan kawan pencari kerja terima kasih,4
menyimpan data data pengiriman gagal,1
really help for look job,5
good appli,5
sistem error,3
guud,5
porno,1
perguruan kuliah terdaftar linkedin menuliskan universitasnya ga susah move kolom,3
membantu mencari informasi dgn pekerjaan,5
aq coba cari lowongan kerja sesuai umur skill,5
membantu bermanfaat membangun jaringan bisnis luas,4
okaeygood,5
akun hilang mengembalikannya,1
mudah,5
semoga membantu pengangguran,5
aplikasi mudah mencari pekerjaan,5
donlodnya knp ya,1
jos membantu,5
crew svitzer wijsmuller,5
membantu pencarian lapangan pekerjaan,3
shin,5
membantu pencaker,4
akun dinonaktifkan nggak lakuin jarang buka ujian kena nonàktif,1
very good,5
muda mainya,5
bagus seksli,5
pengalaman bidang ritail xpdc market disiplinbertanggung,5
alhamdulillah membantu,5
bagus profesional,5
maaf terpaksa uninstalsaya suruh masukan posisi pekerjaan terbarusetelah masukantetap aja masuki hate,1
good aplicasion,5
hello admin akun nonaktif link tolong klarifikasinya ya,2
mncoba karna mencoba,5
bingung akun non aktif up date,2
j m,5
baguss,5
ciee aplikasinya,5
membantu utk informasi perkembangan dunia kerja,5
baguss membantu,5
mensyukuri nikmat allah terhitung hidup barakah tabarakallahu fikum aamiiin ya rabb al aamiiin,3
good but i have problem can not upload pict or video,5
membantu terima kasih,5
memuaskan,5
connect me to many profesional person in this world,5
bgus utk penyimpanan dokumenya,5
bermanfaat,5
apk tolol,1
belom job info ok,4
test,2
aplikasi berguna,4
bagus infonya dg teman yg profesional carrier pemikirannyagood very good,4
memuaskan,1
coba dlu ya klo bagus lg bintangnya,3
sanagat membantu pekerjaan,5
likedin good,5
giat pulang selamatg,5
mantap jiwa jiwa kentu,5
bagus bagus,5
indonesia indah,5
bedebest,5
interest app,5
apknya mantul,5
heba memuaskan,5
aplikasi membantu,5
terimakasih buatnya aplikasi android karna simpan data foto,3
okey banget,5
gpod,5
ringan aplikatif,5
jujur salut pembuat aplikasi aplikasi membantu lulusan mahasiswa mencari pekerjaan sayang sma kelas akun kebutuhan berkembang bantu negara mencapai citacitanya memerangi kemiskinan,5
bertualang didunia internet mencari job terbaik sayamakasih linkedln,5
bangga,5
sobatdapur,3
muhammad faisal pemilik pt paypal pt bank mandiri cv pertambagan perusahaan teknologi perusahaan tambang emas olimpiade london pt paypal,1
komunikasi mudah info terupdate,5
bagus deh,5
aplikasi linkedin kemudahan mengenalkan profil profesi perusahaan mencari profesi yg selaras terima kasih linkedin,4
,1
bermanfaat membangun koneksi praktisi profesional dunia kerja,5
ok membntu,5
lije,5
mengerti,5
informatif menyenangkan teman sahabat yg memiliki kompetensi profesionalis,5
service panel listrik automatis genset gulung generator motor pompa,5
kenal orangorang hebat,4
dark mode nya yg sdh pake koq blommanhattan mode,1
menyenangkan,4
link terbaik utk koneksi bisnis,5
twter,5
by to the future,5
mantap euy,5
papua bangun perumahan rayat kabupaten kota papua hkhususnya daerah pedalaman dibangunkan perumahan rakyat,5
goodness,5
aplikasi jobseeker,5
terima,5
cari pile,5
blm hasil prouek,3
aplikasi bagus pencari kerja,5
thanx,5
lumayanlah,4
good work for linkedin,5
,4
tolong linkedin perketat lowongan nya karna lowongan garuda indonesia berkedok penipuan travel permata terimakasih,1
coba bintang,2
easy to meet,4
profesi pekjerja tukang renovasi pergudangantapi ditawari pabrik operator pertanyaanya tdk status propesii to linkedin,3
aoa akun,5
helpfully,5
mantap link,4
membantu,4
jual viagra asli jakarta,5
semoga ditingkatkan lg,5
n,4
awesomeness,5
matap,5
terima kasih menjadikan linkedin portal menghubukan orangorang profesional,4
nama arinusx bhbol,5
wardah,5
semoga membrikan yg terbaik trima kasih,5
belom manfaat nya bahi sy,2
easy to reach,5
i can not login,1
akun gue dinonaktifkan gimana ngebalikinnya sungguh terrrweeluuu,1
up date info new job,5
bagus membatu,5
bagus kalangan,4
some login issue,1
durung fhm,3
mencari pekerjaan pertemanan,4
butuh mobil rental bus medan solusinya,5
mnatap,5
,5
mempermudah mencari nafkah,5
mantul,5
suka app share nambah wawasan sgt ok,5
terkadang ak tersenyum mendengar kataorang pengacaran membela yg salah ak aja santai membela meluruskan pasal pasal yg tuduhkan y,5
okmantaf,5
oke joss,5
aplikasi aplikaai berbayar,3
ape ni woyyy,1
kusuttt galou,5
alhamdulillah sukses,5
perfec,5
coba bintang klo emang entar kasih ok,4
ok bagus,3
badu,5
membantu peluang peluang bisnis d dunia digital,4
oke good application and profesional for job,5
linkedln info lowongan terbaik pengalaman menemukan info terbatas wawasan luas kesempatan perubahan thank linkedln,4
,5
gak paham,3
ret aja,5
lihat ulasan,3
coba aja,3
terima kasih aplikasinya membantu,5
aplikasi yg menguntungkan pencari kerja,5
gimana sih melamar kerja aplikasi ngak ngerti ya mengikuti aja tolong kasih tau kasih bintang ya karna blum paham,2
z x,3
aplikasi pelamar pekerjaan babi anjing kode verifikasi konek babilah aplikasi android,1
single,3
,2
verygood,5
aplikasi bagusuntuk membangun komonikasi orangorang,5
calo penipu lu anjing,3
waw,5
akun hilang,1
susah login,2
sabgat membantu,5
utamakan pengalaman,5
teman lowongan pttji alamat kantor daerah klender jakarta timur play yaa penipuan salah korban nya,1
sembahlah allah swt tuhan alam,5
bagus suka,5
always good,5
mohon tolong ultras singamania pssi persian,5
,5
bintang berbicara terimakasih,1
linkadinfations,4
semoga bergabung linkedin secepatnya kerja,1
linkedln bermafaat,4
masjun diesel,5
bagus asyik,5
bagus penuh,4
gmna menghapus aplikasi linkedin android,1
be good,5
,5
siipp,4
trimakasih linkdlnhidup berwarna,5
coba buka,3
matsari sus,5
,4
membantu,4
weell its okeaauuuu,4
good,5
gamblang membacanya,5
dipermudah accesnya,2
work link,5
sales manager,5
lumayan mmbantu,5
membantu,5
lulusan magister hukum mh universitas pembangunan panca budi medan memiliki pengalaman kerja thn sbg branch manager perusahaan konstruksi memimpin cabang disamping jg advokat legal,5
oke sip,3
nggak kirim pesan pribadi yah,1
mudah an kerja amiin,4
nice,5
ditingkatkan fiturnya,5
membantu,5
kog pas masukin no hp gak mulusya sdh pakai nomor gk bisaudh sya coba trus mlh no hp sya jdi gk smua,1
aplikasi gajelas buka ngeclose,1
terima kasih linkedln,5
good apps can find people a have skills and job vacancy,5
beluk dapet kerja,5
mntep,5
penggunaannya gimana tdk mengerti perlukan mencari yg butuhkan open bo vcs yg membutuhkan dana bantuan mantab,3
orang info lowongan pekerjaan sertakan pt alamat nomer wa tolong ditindak lanjuti karna penipuan berujung uangpemerasan terimakasih,4
mantaaaap,5
suka,5
dzz,3
super aplikasi,5
menggumpulkan informasi seputar dunia pekerjaan pendidikan top markotop,5
impormasi berita perusahaan dunia,5
knapa aplikasi uninstal bahaya aplikasi jngan nge hack,1
ratna,5
klo bagus ta tambai bintang nya,3
,1
gabisa msuk ssah,1
good program to make effetive systeme actually,5
bermanfaat,3
kasih bintang karna msuk aplikasi,3
speed q,5
coba,3
diswansah taoiwan tao,5
membantu terhubung orang karir dunia,5
coba ya,3
okebanget,5
anjirrr,1
gimana ngerjain nya cok,5
pas,4
joint,5
nice application,5
guru hidup penuh suka duka hadapi semangat penuh pengabdian mengharap rido allah swt,5
a professional network,5
midah,5
,5
membantu info loker,3
muhammad faisal aceh pidie,1
susah akun daftar rumit gagal daftar pengguna,1
aj dlu,3
jos,2
mencari kerja anak makan rumput,5
ok joos,5
coba,3
bermanfaat bgt,5
bagus banget apl,5
bagus menjalin kerja dg rekanan,5
oke oce,5
okedeg,5
good jop,4
bagus,4
ok mantaplh,5
the apps very useful for make connection,5
mantap selektif memilih memilah pertemanan,5
bintang pahami aplikasi,3
sngat membantu,5
ora nggo cilik,1
kecewa login akun nonaktifkan,1
utimarkus,5
okelah,4
kagum,5
mantp membantu,5
okeh,5
good aps,5
dear developer ga uninstall ya app berguna hp,1
bagus seh tp kebanyakan cmn jambu nya loker nya manfaatkan orang orang jahat,5
foto camera video wacth,4
berharap aplikasi berkembang berharap aplikasi menambah fitur pencarian magang murid sma sederajat sekian terima kasih,4
filim,5
good apl,4
tolong bantu password wechat id sweetqu lupa login password,5
job,5
linkeind gila akunq blokir hapus aja aplicasi play store pelayanan memuaskan,1
agr bantu ipn up to date contoh org bilang tanah tanah soerga,5
lumayan membantu,3
good job,5
hengingink kring,1
aplikasi sosial menambah relasi dunia kerja ilmu softskill,5
,5
keren bro,5
bergabung,4
konvesional good,5
moga bertambah wawasankeuangan memedai,3
sip yea,5
mengenal dunia bisnis yg berkembang yg peluang orang mencoba bergabung,5
si momtok,5
jty ģftv ffff fgfgg ytt ttt,5
perbarui,1
good link aplication,5
pengalaman dibidang landscape design interior eksterior vertical artisan,5
bnyk tmn pnglm brtmbh bnyk,5
kasih bintang terima kasi bintang,3
cakepp,5
tes dl,2
canggih,5
in,5
simpntok,5
experience have workmust by responsible all monitor regard on the project and program plan start and untill finish project,5
buruk,3
link luas calon pekerja,5
mantapz,5
terima kasih linkedin bertemu orang hebat,5
user friendly and good performance,5
share informasi perihal pekerjaan,4
mencoba,2
ketemu teman danjuga boss ucapan selamat dll,4
berhubungan teman terbatas didalam negeri negeri,5
bagussss buuuannngeeet,4
good job,5
long,3
link sdh non aktifknmhn d aktifkn kmbli,5
moga mantap,5
layanan sy pemakai aktive aplikasi,5
membantu cari kerja,5
mantap,5
,3
mmm a z w a q cofo,1
free member,5
exit,4
simple cepat,4
la la la,1
try to keep up,4
aplikasi bagus mudah melamar kerja panggilan kerjanya ya sekalinya dipanggil interview harua beli tiket traveloka penipuan,2
keren bermanfaat,5
gak login ya diupdate keterangannya dinonaktifkan,1
maaf kalo cuman bintang doang,2
mantav,5
exvellence,5
mksh bermanfaat,5
mencoba,5
menarik,5
baguss,4
semangattt,4
aplikasi gak gue masrakat desa gak butuh aplikasi kau bikin full penyimpanan hpku sj kau yg gue butuh cuman aplikasi game,1
coba entar bagus bintangnya,3
pake aplikasi panggilan tes interviw,1
kasih bintang biar bahagia,5
aman,5
cepat tersambung walupun jam sibuk,5
,5
pengalaman da penuh keprihatinan tp bersyukur aja,5
aplikasi buruk gk ad,1
tq,5
ekstraordinary,5
mantul bro,5
amplikasi good,5
terima kasih membantu orang mencari pekerjaan melamar linkedln yg bertanggung yg merespon lamaran lamaran yg kirimkan modus penipuan mohon linkedln perketat lamaran lamaran pekerjaan kirimkan yg bertanggung membalas lamaran modus terima pekerjaan berkedok penipuan waspadalah hati hati melamar aplikasi makasih,1
ok masuk,5
senang kenal byk org utk relasi lbj luas,5
hubungan krja jdi lbih erat,5
pencarian lowongan kerja,4
,5
v good,5
hastina,5
akun dinonaktifkan melanggar aturan,1
sangàt membantu info pekerjaan teman,5
keren membantu shear layanan informasi,2
entrepreneur,5
,4
aplikasi yg berguna membangun relasi mencari referensi kerjaan,5
masuk gambar lampu lintas kapok gua deftar kerjaanya,1
lowongan yg tawarkan tp ya pindah aplikasi ya ngak ngaruh cv linkid kedepanya tinggal share aja,2
teman responden,3
link menyediakan info lowongan kerja link kebanyakan menyediakan info jualan iklan produk perusahan pengaturan aflikasi rumit ribet praktis simpel aturan,1
fungsional aja,5
as usual,5
linkin ok,5
good account can help increase business,4
full bintang mantap,5
nice,5
pt hasta prima industri qc pass ptcitra solsindo lestari baq cut pthoco asia industri operator produksi,5
membantu mencari kerja,4
semoga alternatif,5
berharap memohon aplikasi membantu membutuhkan pertolongaminamin ya raabal alamin,5
membantu mengembangkan karier,5
pengelola koperasi th,3
apk linkedin kaya error gitu update mohon bantuan nya,4
bermanfaat mudah,5
top dah,4
hmo,4
penipuan,1
d pt pakoakuina pt lavida herculon,4
pasang aplikasi manfaatnya,4
belom tau kegunaanya,2
sempit jaringannya fasilitas penawaran pekerjaan,1
jos gondos,5
sya lihat penipuan info lowongan kerja sekedar saran utk kedepan membantu filter info loker tks,2
good application,5
lumayan biar ga jenuh tau dunia,3
membantu,4
sangatt bagusss,5
oke deh mantap,5
god,5
yg membajak akun sayatlg alih,4
mantul abis,5
berteman baikjgn cari permusuhan,4
nilai tinggikarena mencoba,3
,4
manis cinta,1
maju trus,4
simple relevan,5
memudahkan mencari loker,5
sebagaijurumasak driver,4
quick easy,5
mencari peluang,4
good and clear,5
membantu mencari teman bisnis,5
perusahaan berskala menawarkan lowongan kerja iming gaji syarat pelamar menyetor uang membayar bentuk persyaratan yg menyetorkan uang apapun bentuknya perusahaan fiktif tipu waspadalah kejahatan dimana modus berbeda,3
informasi lowongan pekerjaan rentang perusahaan update menjangkau negara,5
coba newbi,4
mantap aplikasunya,4
membantu skli,5
terimakasih linkedin,5
wastap,3
mudah mudahan mantap,5
semoga melayani,5
ok bagus,5
good aplication more connection,5
puny bumi sebelah,5
mantul,4
aka akara tialara,5
qp pelaminan poskan adfghjkllxcvbb جئتكم,1
bagus maju,5
see dee,5
key,5
sanggat membantutp tolong yg unsur penipuan harap blok apk biar apk in mantaaap,5
coba bagus,4
good experience with linkedin relate to the job,4
ok,5
update informasi,5
please to reopen my account,3
nice apps very usefull,5
terupdate tru,4
likethis,5
membatu merekomendasikan peluang pekerjaan mantab,5
yoi,5
ckp membantu modu penipuan mengatas namakan perusahaan memungut biaya kunjung respon yg pelamar kerja yg menyetorkan uang nama perusahaan browse pum alamat g valit terdaftar ijin usaha hati hati penipuan mengatas namakan perusahaan beeskala memungut uang pelamar kerja,2
belajar,1
yess okey skali,5
kondisi teratur,5
dlm membangun jaringan relasi,4
akuadalah,5
jhajal,5
bgus lh,3
simple useful and easy for build trust,5
oookee siiip,5
aplikasi linkin mebgupdate informasi terbaru sahabat linkin bermanfaat membangun hubungan relasi pertemanan,3
yah,4
very good aplication,5
ok txs,5
google,3
appyg bagus,5
pengalaman butuh ilmu info komplit,5
,5
bagus ngirim lamaran gak panggilan interview,2
link baiktp diposting dr situs webbisa diverifikasi,4
coba ntr bintang nya kl bgus,1
uji,4
melebihi yg terbaik better,5
gif keyboard,5
patnam,5
ta bari bilang yoba,5
aplikasi bagus menambah pertemanan membangun jaringan dunia pekerjaan bermanfaat membantu individu mencari pekerjaan,5
make my life conect wide with profesional people,5
mantao,5
kontol,5
baikkkk,3
semoga kedepannya membantu iklan iklan terimakasih,4
ok sip,4
sgt,4
bagus aq tambahin,1
mantap jiwa,5
mlim batre kk lowmmi,2
avjaksis,3
akun google bermanfaat pemilik akun mudah publik alamat rumah kantor promosi usaha,5
pengajar,5
me v,3
bintang ya,3
gdjob,5
aplikasi lowongan kerja bagus satupun perusahaan menanggapi lamaran kerja aplikasi,4
terima kasih,5
bagus membantu utk informasi,5
development manager,4
i like this aplication,5
bagus cepat ulasan publik berita postingan,5
mohon bantu loker sesuai jurusan,5
informasi pekerjaan terbaru,5
kesempatan kpd pencari kerja,5
nggak nggak gedegede repot nafasnya bola gģg kemarin,3
gak perbarui,3
nya loe klo ngelamar loe limpahin aplikasi lainaplikasi cacat,1
tdk mencari kerja membuka laman perusahaan jasa informasi tenaga kerja yg validitasnya informasi hoaks data pribadi terkirim dikemudian disalah orang bertanggungjawab menginfiltrasikan kepentingan korbankan linkedin deskripsi pelamar disesuaikan perusahaan pencari tenaga kerja yg dilamar deh good job linkedin,3
app,2
membantu informasi pekerjaanterima kasih linkedin,4
bidang clean sevise,5
kerja jembatan ujung gad,5
i have be use the app i often get a fake job and even i have apply some company but they give no respond until the applications become expire really disappoint and help nothing better jobstreet and kalibrr that usually notify the applicant whether its reject or accept but fine at least respond be help,1
sekretaris,5
membantu informasi jetenga kerjaan wiraswasta,5
manteb,5
opesional,5
mudahmudahan canggih bagus,5
mencoba semoga manfaat nya,4
nice apps for businessman,5
menderita,5
coba ok,4
sangatt membantu akun info lamaran bumn akhirny coba cobaa alhamdulillah rezeki diterima kerja bumn,4
staff hrd,5
why not can my open this aplikasi,1
keren,1
okk,2
pengembang tanah kapling,2
goid app,3
salam kenal,4
i love linkedin,5
lanjutkan,3
terinakasih,5
loker penipuan pake travel,1
mengakses akun infonya non aktif tlong konfirmasi nya linkedin,3
jujur sih pekerjaan ditawarkan ribet perusahaan palsu terletak dibekasi ampun cari kerja ditipu,1
y ium,4
spv kansai paint,4
birsa lowongan kerja yg palsu berkedok agen consultimg,4
atagommo,1
menambah wawasan prosfek karir wira usaha,5
manrap,5
optimalkan,3
mencoba,3
masukerror,5
coba lu,1
yg jujur,3
aplikasi bermanfaat,5
rindu pekerjaan,2
maicin,5
v v,3
mengerti perbankan,4
future better more,5
krus indo kirim,1
good to touch many enterpreneurs businessman and professionals from allover tje world,5
ok bagus,4
aplikasi terhenti,1
bergabung,2
thief app thx,1
qqn wkka cat kangen pantai pagatan,1
ok up to date infonya,4
log in akun sandi salah sandi tolong dibantu,2
informasi lowongan kerja penipuan surat panggilan palsu untung aja sy slalu cek dlu keaslian email surat panggilannya asli palsu link perusahaan asli gak ketipu hatihati aja deh jgn cepat tergiur lowongan kerja ditawarkan mend cari informasi lowongan kerja link asli perusahaan asliy aja,1
banyk informasi pekerjaan,5
cancel but my saldo keep lose,5
membantu mengembangkan link sejawat dangan pengembangan pengetahuan,5
membatu tongong banyakin cabang apk kalo udah login linkedin ya udah ga login apk ribetcontoh cari pekerjaan apk coba melamar pekerjaan melamar pekerjaan apk kalo emang gitu mendi ga share loker kalo log apk oke,5
blm peristiea,5
maaf,1
gak aplod taekk,5
good good good good,5
ok bagus membantu peluang mencari pekerjaan,5
membantu mencari relasi,5
sabar rendah hati penuh semangat meraih kesuksesan,5
smga cepat pekerjaan,5
make me always remember all my friends at each project,5
blum tau,5
okok,5
pt asmo indonesia pt kartika alhajjar pt sarana media seluler pt semesta nustradestrindo,5
ngk buka aplikasiny,1
kasih bintang email daftarin pas pembaruan egk masuk,1
ngak berguna,1
alhamdulillah apk membantu thank,5
ya a,5
menyukai,5
memudahkan berhubung orangorang sukses bidangnya masingmasing,4
suka,5
tolong saring lowongan pekerjaan temukan x lowongan bodong nipu untung kejadia orang kasihan pastinya,3
semangat perjuangan,1
ribet,3
coba klo membantu pekerjaan kasih bintang,3
blum dpt kerjaan,3
aplikasi bermanfaat,5
okay,5
linkeid gateli cuk akunq masuk ndak pelayanan memuaskan lembiru aja plastore,1
akun nonaktif,1
semoga bermanfaat untk kelanjutan informasi,3
mayan,5
its very useful,5
tes tes law bagus bintangnya,4
coba comen,5
mudah mencari infomasi,4
goodbye,5
belajar,4
semoga membatu pekerjaan singapore,5
ok,1
penipuan loker gudang garam garuda penipun linkedln menipu orang,1
bagus sasaran,5
good and suitable for employees who be look for the best work,5
tinggal tanggerang cimone legok karawaci kp melayu,5
the best,5
membantu job,4
gw gak instal instal sndiri trs ud apus msih ttep ad app nya aneh,1
berharap bergabung konektivitas masyrakat dunia,5
mendukung,5
ijolajolimut bugis,5
dicoba ya,4
aplikasi yg berbahayaterlalu jembatan rantai penipuan berkedok lowongan pekerjaantutup laporkan,1
pengguna,4
info dipercaya realita,5
peluang karir,5
sukses linkedlnnl,5
sip,5
bagus membatu,5
pagi trimksih hadirnya smoga manfaat orang sallaam,5
bagus aplikasinya,5
berkomunikasi kawankawan seprofesional profesi,4
great,5
mudah mencari loker teman,4
akun non aktif,3
yes mungkn,5
mantabbb,5
hadir mencari teman dahabat yg hebat pengalaman iptek membagi kebersamaan yg yg mencari menambah yg sifat manusia terima kasih,5
email palsu penipuanuang hilang,1
keren abissss,5
long life aplications,5
relasi,5
gk in akun nonaktifkan gk masuk gk knpa tolong admin bantu respon nya proses nya,1
m ag ic,5
memuaskan,5
pengoprasiannya,3
on,2
binasa,4
sy kasih bintang semoga aplikasinya membantu,4
c b i internasional att apm group,5
top membantu usaha,5
dipelajari,1
aplikasi bagus,5
membantu berbagi ilmu pengalaman,5
aplikasinya udah bagus sayangnya gak ngepost linkedin,3
membantu pertemanan n bisnis,5
membantu membangun jaringan,4
baiklah,5
meningkatkan jaringan pertemanan,5
lumayan,3
good apps membantu jobless mencati pekerjaan,5
pakai aplikasi,3
mebantu,2
mantaaaapp bagus membangun jaringan professional,5
aplikasi gg login udah update login ketik huruf langsung menu ya,1
mencari pekerjaan,2
akun ga dibuka uda masukin email sandi bilang yg tolong cek,1
aplikasi gak bermutu install diperbaharui aplikasi bermodal kasih bintang admin tau kekurangan aplikasinya,1
mantap bgt,5
sip,4
coba y bintang,3
mohon maaf rate nyaa kasih bintang akun nonaktifkan linkedin,1
tul,5
perferct,5
gooooooooood,5
aplikasi pencari kerja professional,4
bermanfaat hasil aplikasi,5
my name sarif hidayat i be year old and i be available be a driver or private driver for expat,5
membantu,5
,5
sya suka,4
bagus mempertemukan orang hebat orang info lowongan kerja,5
y i v,3
kasih,1
kox ga masuk yh email ga masuk salah paswort udah bener masuk fb ga gmn apl nya,1
coba dlu,1
bagus kaya sosmed yg,4
wonderful,5
lengkap informasi nya,5
yaa,5
pmbangunan mushola,1
ratna tarna,5
execellent,5
semoga thank linkedln,1
yamantap,5
lowongan lowongan buka website kadang yg login blm akun disitu alhasil ga ngelamar udah isi resume yg tp kalo ga ngelamar lgsg aplikasi ya,3
perfect,5
thank for you to my google chrome apply android terbaru nya ok google play story sestem android one kn apply terharu android ok,5
linkedin bgitu yg hp bsk terhubung kmana aja,4
recommend menjalin relationship carier friendship batas,5
terbantu dgn info loker yg dibutuhkan,5
terima kasih bermanfaat,5
mantap,5
mmmwmwkw,5
instal aplikasi hp terkena,1
mantap brother,5
tolong menguninstall aplikasi mengganggu merugikan segansegan memperkarakan ranah hukum terima kasih mohon responnya,1
sih ribet bgt dialihkan web ngga langsung web pribadinya gitu aja log in aplikasi kecewa sih,3
bangus,5
hamid obing,5
bagud,2
email mengkonfirmasi alamat email ya konfirmasi mohon bantuannya,2
sesui jaman texnologi,4
sngat,5
hebat,5
housekeep supervisor,5
login tp masukkan sandi otomatis halaman jadiya gabisa login,2
okela,4
membantu,5
,4
sip,4
terkuak mudah mudahan linkedln membuka arah simpel akun kumiliki,4
bagus,5
mantap bagus,1
nyoba,1
komunikasi sahabat info terbaru job pekerjaan sesuai dibutuhkan,5
susah verivikasi,5
mantulll,5
pesen sy apelikasinya perluas lg biar jangkonya luas jdi wawasanya bayak terima kasih alvin,5
ga bagus,1
nice aplikas,5
god,3
easy to connect with amaze people,4
bagus nih,5
suka close sndri,5
bagus cepat,5
rekomendasi aplikasi,5
in mantap,5
hikmah jamela kangen,5
cukk,5
this post very importance and nice linkedln,5
menghubungkan teman seprofesi,4
mandiri usaha,5
aplikasinya pertemanan pertemanan tolong diusahakan id link bagus aplikasi bagus berbisnis,1
semoga membantu pencarian pekerjaan,5
akun indedned orang orang dalamnya adlah orng orng hebat memiliki kredit pendidik bangga mengikuti memiliki luas teman memperbanyak pengetahuan mengikuti akun smau ad dalamnya orang ornag memiliki wawasan laus suka bangga berteman terimakasih akun,5
hcker akun nhur on,5
gak uang,5
coba yaa klau manfaatnya kasih bntng,3
love it,5
pelajari aplikasinya jd bintang,1
terimakasih membantu bertemu pembisnis owner,4
aplikasi share link youtube,3
aplikasi ok,5
akun nonaktifkan seminggu linkedin iniharus mengadu dibagian tolong linkedin menanggapi,1
sip sip,4
tau fungsinya,1
bissmillah,4
perdagang lepastu bangkrut,5
dilhatnya sih simplesaya coba kasih modus loga kitera pinjam online,5
ya butuhkan bantu,5
gagal login,1
top rate,3
semoga,5
jalan jalan,5
more knowlegde about bussines,5
good info,5
i dont know about you but i want to know you,4
,5
harap membangun karir,4
br pake,5
aplikasi nya lumayan kreen,4
berteman utk jaringan teman profesional,4
,3
wum,4
lumayan bagus berguna keperluan,4
tolong kembalikan uang dr kartu kredit dimana nya langganan gratis premium stop ambil rp dimana manfaat premiun impact nya sayathanja,1
good app for job opportunities from around the world,4
ok,3
suka dagang,5
susi yanti,5
why i cant find short cut icon in my phone,3
tolong ya linkind mudah menonaktifkan akun orang sistemnya ubah hp d cas masuk lg sdh non aktifkan kecewa tolong bgt bost teeimkasih,1
good luck all injob,5
good for your career level and share what youn learn in your office,5
tukang laspipe fittermechanical,5
bagus aplikasinya,1
john untung,4
coba bintangx pul,5
penajam,4
like to,5
aplikasi membangun konektivitas share pengalaman pengetahuan dunia kerja,5
aplikasi sampah,1
muhammad faisal sultan aceh merdeka,5
bagus ga abal abal infonya,4
blm hasil,1
m,3
cobain,3
thats okey,5
manttap,5
sya kasih bintang,5
top,5
gak app nyampah email aja yg,1
ni aplikasi bagus tp edan update hr,3
hati hati iklan lowongan kerja bohong hati hati penipuan,3
teman tukar pemgalaman membantu,3
amaze app,5
ya suka,4
m umjjb,5
disempurnakan lagimantafff,5
good job,1
jodoh,5
pakai,4
semoga beemanfaat,5
mantap update,5
perluas koneksi perbaik jaringan relasi,4
nice app,4
melayani pembuatan kolam renang,5
akun nonaktifkan akun kemaren nonaktifkan mengecewakan,1
aplikasi ni aneh memudahkan orang hack akun orang waspada,1
tray,4
membantu lumayan,3
bermanfaat,1
,2
aplikasi membantu utk menemukan pekerjaan yg,5
canggih,5
ganti nama samsung account,3
seandainya bs diunisntal,1
good,5
bagus tpi iklan lowongan kerja,4
barang kali beroperasi bidang lestoran atw catring join sayuran negri,5
berpengalaman,4
inlco,5
aplikasi beguna,1
khushukha,5
ya membuka aplikasi sbg jalan mencari pengalaman merintis pekerjaan dimasa mudahan menambah wawassn ilmudan belajar orang sukses,5
tas promosion,1
mantaf bro,5
jual beli rumah tanah gedung perkantoran sbg agen independent khusus jakarta pusat jakarta selatan jakarta timur depok,4
ok mantaaaaaaap,5
semenjak instal aplikasi rajin mandi rajin sholat berhenti mabok maksiat,5
no good,1
bagus bertemu orang orang pengaruh positif,4
menambah wawasan dilinkedln menambah pertemanan,5
sucesfull,5
god job,5
nyoba semoga cocok,5
bisanya pengalamam uangtiap produksinya,5
verifikasi keamanannya,1
suip,5
exportir produck handicrafts,5
oke,3
semoga bermamfaat,5
tau pekerjaan aktivitas kenalan,4
mencoba,2
membantu menghubungkan koneksi bisnis,5
mencoba,4
aja boss,3
didownload dibuka download nya lg gitu mulu mend didelete,1
good pokona mah,5
dr,5
maju posisi,5
godd,5
klo bagus ditamba,2
,5
membantu,3
bagus pencari kerja,5
dlo klo bagus nti kasi,1
mantuls,5
masuk ribet,2
coba,3
stlah thung login sekalinya login ktmu atasan lngsung masuk penawaran kerja hihihihii,5
hiho ketuk menjeda,1
coba pake aplikasi makany kasih,2
mudah melamar pekerjaan,5
jd pengalaman,4
bagus,5
aplikasi apaya menguntungkan gk ya,5
profil linkedin bagus apply ditawari pekerjaan panggilan tokopedia surakarta apply sayang berhasil tahap wawancara semoga kesempatan berhasil,5
yash,5
very good to build your network,5
,5
aplikasi linkedin log,5
can not see the fee and update,3
goodmedia sosial terarah mengembangkan karier bisnissatu masukan tolong difilter konten layak tayang tempatnya sukses terima kasih,5
aplikasi bagus,5
eror mulu apl nya,1
askabakansnsisms,3
yg telahmenjafi client traing,3
mantull,5
perusahaan memanggil joint,1
lumayan,1
tau fungsinya,5
bgus,5
penipuam isinya,1
aplikasi bikin kerja,5
membinungkan makenya sulit mengetri,2
great app,5
siiiip,5
update,3
dpt informasi,5
more easy to make network and promote,5
semangat karir,5
ok bngt,5
achmadi jaya cenel,5
i like it,5
aplikasi gak jelassss robot,1
aplikasinya membantu suka suka suka,5
,2
mlehoiii,4
ok,5
mudah pakai,5
kurngi ikln please,1
pingin yg lbh mudahan sprti yg hrapkn,4
mntap,5
buruk,1
bagus bermanfaat,5
mengerti,1
ghsgu,1
menambah jaringan pertemanan,4
aplikasi sih nisdh hapus berulang ulang kali msh ajja,1
berguna membangun terimakasih,5
kegunaan aplikasi tolong review,1
very goood,5
ok good,4
mengetaui lowongan kerja,1
chef be the best work,5
blm paham,4
test d,3
efektif,1
joint linkedin tibatiba minggu buka alasan akun orang connection mencapai orang mengganti email please help me linkedin,5
bagus membantu,5
you,5
murah hati kasih bintang nyoba,5
semoga sllu mempermudah pengguna,5
kren,5
login,4
bnyk lowongan pekerjaan penipuan merugikan orang tolong perhatikan likedin,2
aplikasi,3
mohon bantu menemukan perusahaan yg menerima tamatan slta from senior high school yg berpengalaman dibidangnya trimakasih,5
why do this application prohibit and block kratom sales even though kratom have not be ban until now the loss that i have to my buyers be who be compensate,1
pemula,5
error,2
ok mantap,5
b klau bgus apknya ditmbh lgi,5
gabung,3
ok,4
drever bus kerajaan saudi tinggal propinsi jeddah daerah hamdaniah gaji bulanan minim banget walo sy bertahan liat kedepan nya mengerti mengatur bus musim kerja pelajari yg nama nya kerja travel umrah n haji pelajari travel umrah pelayanan yg jamaah nya alhamdulillah sy bersukur bangeut initerimakasihbuat,4
ya mudah an slalu layanan nya,5
jos gandos,5
akun palsulowongan abal pas dateng langsung diporotin,1
be aap send linkedin,5
membantur,5
siplah,3
rat,5
mahin surabaya,5
huh,1
mantap broooo,5
mantuul,5
coba ak kasih,3
oke bitlytiruterapkanjalankan,5
bgus sih tpi kadang susah ntuk bukaudh brbagai mcam aj gk ntah knpa nihaplikasi sohai nih,5
in,4
nice,4
menbantu,4
binguuuung ahhhhh,5
sumpah nyesel download nyamau nyari info loker dapet panggilan hoax,1
membantu utk orang yg cari pekerjaan,5
cool apps,5
solusi terbaik pencari kerja,5
ko,3
komentar hilang in jelek,1
gn aplikasi sehinga memudahkan orang masuk kerja aplikasi,4
buka apk bilangnya mengarahkan penginstalan penuh yg install update yg miliki versi terupdate aplikasi mohon bantuannya terima kasih,1
kerja bagaiman,5
coba buruk hapus aja,5
kren,3
bagus,4
jos,4
ok josh,5
for all job seeker i very understand how hard for seek a job nowdays but you have to know this this application help us to find some chance for job and absolutely yes it work for filter some job vacancy you could filter that by yourself no mistake in this fiture and you have a responsibility for filter which valid or not hopefully you all be wise for give a rat and some comment this application be help for find some job vacancy and you filter all of that thank,5
ok,5
insya allah diterima lamarannya pindah kerja,3
nggak,1
its very good,5
bingung masukny,5
ga banget aplikasi,1
help many people to get friends and information,5
simple,5
bgus lumayan,5
akun dinyatakan nonaktif perbaiki,4
jahenuja,5
nilai,5
siif,5
berguna bagus,5
masi mencoba,4
gak butuh aplikasi,1
gw suka,5
bs aplikasi pencari kerja,5
aps cs,5
dicoba,2
baguuuuuus,4
snagt membantu,3
aplikasi memperbaiki fb akun yg lupa sndi langsung pkek lgi akun nya krn aplikasi,3
coba,4
asik si menulis,5
,5
berguna,4
perna kilang nocikon malaysiaselangor,5
meningkatkan hubungan pertemanan,5
representative penampilannya,5
bagus cepat,5
sgt mmbantu,4
good choice for us,5
mantab,4
ribet,4
good job brother,4
bagusmedia sosial profesionalhr jobseeker,5
good link,4
linkedin bermanfaat uk profesional pekerja informasiinformasi yg dunia pekerjaan informasi business update,5
bagus menambah jaringan,5
koi,5
sy coba,2
membantu mencari info loker valid,4
jalur kemudahan sow we re tiule beaste bin jiu now eriale,3
membuka notifikasi pencarian berhasil perbarui,3
ih,1
mantaaf,5
nonaktifkan akun,2
mengambil vidio twrus jadikan konten deh,1
susah dipahami,1
semoga sesuai bintangnya,5
nembantu,5
cb,4
semoga berguna,5
membantu jaringan luas dlm bidang usaha sy,5
goog,5
mohon dikembangkan keamanannya akun palsu penipuan lowongan kerja situs menawarkan pekerjaan didatangi mengeluarkan uang alasan administrasi,1
semga slalu andalan,5
unstal tpi aja terdftr dri google play updatebuka,1
bagus membantu,4
bagus aplikasi,1
dicoba klo bagus ntar bintang y,3
bermutu,5
matah,5
bagus,2
nayamul,4
ok bermanfaat,5
mudah infor masi kerja terima kasih linkedln,4
menjual mengotrakan rumahruko tanahpabrik dll inget sy amen indohouse,5
membantu kehidupan sehari,5
gud,5
good lahh,5
shop,4
pengguna fb,5
pernuh wawasan kinerja poll,5
bgus,4
berterima kasih buka geogle,5
blanakan subamg,2
yoi,1
mantap mantap,5
bagus klik bintang,4
best way to sesrch job,5
bangsat post loker penipuan loker penipuan bawa nama perusahaan aply lamaran liat aply lamaran,3
aman,3
bermanfaat,5
membantu pencari kerja,5
informasi pengadaan lokasi tanah area pergudanganpabrikasi perumahan diwilayah tangerang,5
ooh,5
hemm,4
semoga membantu pencaker,5
gak buka login bergabung gmail,1
oke laaah,4
belom diterapkan maximal,1
terimkasih kemudahan mencari pekerjaan,5
mencobah nya semogah aplikasi bermanfaat,5
butukan,3
jembatan share pengalaman,5
kasih bintang entar kalo bagus tambai,3
apk ap ya q ngerti maaf emg gak tau,5
makasi,5
okay bismilah,5
aplikasi ngga,2
tdk petunjuk yg mereviso email utk melamar pekerjaan,1
sajikan informasi tera bdate,5
,3
ko coba bbrp kli login g ya,1
good bgt link,5
membantu,4
ora du dinlot kang,1
apl mantap bangat,5
nggk diamods nya gratis diamods nggk,1
flm forno film porno,1
ooo,2
ok,5
ganti foto profil gak load sinyal lancar mohon diperbaiki,1
,3
mantul jokk,5
coba,5
coba ya denis dena mbak dila suri,2
aplikasinya jelek,1
baguus,1
zez,1
be ok,5
memakai aplikasi kasih pakai insyaallah nambah bintang bintang,2
udah downld aplikasi dibuka suruh buka link menguras kuota,1
coba,4
,1
belajar,1
belom mendalami fitur,4
ngak tau alasana sy tolak aplikasi lainpadahal data yg kasih udah,5
membantu membangun relasi,5
zip,5
naguu,5
bug gak akses,1
baikberguna,4
e bintang,3
sip,5
puas kinerja linkeddln,5
,1
jelek,1
masuk aja banget paswod god bye aja,1
ok sipp,5
blm,4
bagus bermanfaat,1
cek biodata alungajl perintis kemerdekaancilacap,2
kereen,5
ntaps,5
aplikasi pengembangan karir bagus,5
foto opooohakfjwidiwpqpmcnn kejadian inna jnelasfs more news foto si manis jalan bdg nama band na,3
,4
ok oce,5
bagus ya mas,4
bagus lengkap ptofesional,5
,1
sy mencari hasil pengumuman ppdb sman cikarang utara ga ya,4
seve,5
ilmu mencari kerja mudah,5
cepat,5
kadih bintang ah,1
akurat,5
okedeh,5
,5
up,4
i like apk,5
susah mengaktipkan g as,5
tau berhasil,5
terbaikkk,5
bagus bangat ni app,5
oks,5
,4
hidup indah sentiasa bersyukur,5
membantu pencari kerja,5
kadang mudah job via agency spt linkedln,4
oiler crane barge in east marine,5
membantu,4
bagus aplikasi,5
makasih kaka,5
mantul bener bro,5
okok sahja,5
tes,4
nice app for seek the network,5
nambah kenalan orang hebat,5
iadi pasukan fod,5
mamtap,5
kepala produksi pengecoran logam,5
ok banget,5
lumayan,3
driver,5
aja blm d coba,2
berselayar,5
blom panggil kasih,2
aplikasi goblok nyesel gua download,1
,1
manteppp,5
perangkat desa,4
sngt mnunjang skli,5
very good,5
gw butuh,5
coba ya aplikasi bagus fi bintang aplikasi hack akun orang ya,3
membantu sya mencari pekerjaan,5
login memasukkan nomor telepon tulisananda memasukkan nomor telepon inikira kalo aplikaai bawaan udah uninstall duluhuuhhandphone samsung a,1
rwr maulana muhammad pendiri nkri pendiri the unite nation pbb sunan tapaut hindia ones banker,5
,2
,5
bagus banget berbisnis,4
good aplikasi,5
all right,5
suka,1
bagus banget membantu,5
coba,1
kelulusan,3
oke,5
good app,4
memuaskan,1
aalaa,1
up,5
apl nh penboong lg,1
force close isi sandi boss,1
aplikasi tai gk gunanyapetunjuk nya aj gk nyambung dobol cm bikin pusing ngoprek gk jls,1
sip,5
,5
dlu klu manfaatnya bru,3
bagus pencari kerja,5
gooooooo,5
mantappppp,4
sy suka,5
informasi job tki,5
skype,5
gimana daftar nya,5
lowongan kebenarannya diragukan mohon d kroscek kebenarannya sekelas perusahaan freeport check penipuan,3
mudah,5
home at work,5
pedagang porang,5
syukuri yg aja,5
kantol aplikasi in,1
bnyak,5
wow thats why we need be a special day,5
aja,3
mauza,1
nice app sgt berguna thank,5
,3
kene sabung wafi upadte,5
ok,5
bagus sih ditingkatkan ya,4
aplikasi bagusbanyak koneksi yg dapatkan membantu mencari lowongan kerjatpi sy tdk bsa masuk aplikasi non aktifkan otomatisapa salah tolong diinfokan,5
kamers tembus pandang,5
sangan suka,5
apk daftar sekolah knp loker kerja,1
load new page perbaikan rat for the respon,5
sy suka memanggil gadis kota sy,5
aplikasi gak iklan aplikasi sampah,1
emang jelek bagus,4
ff,5
nice one,5
bagus lo,5
setuju,4
mw coba kayaknya bagus membantu kebutuhan keuangan,5
daunload sakit perud,4
tes dlu,4
membantu bisnis jasa service ac,5
apk tolol goblok kambing anjing adakan apk tolol gue doa in apk kakinya patah tangn nya biar gak apk tolol aminnnnnnnn,1
layanannya,5
adsz,5
bagus aplikasih,5
love love linkend,5
akun tibatiba susah login,1
mntab,5
terbaik,5
suka,4
yg,3
info lowongan kerja ga hasilnya,1
trey dl klu ok,2
coba biar bintang aja karna aplikasi sdh terbukti,5
mudah mudahan job,5
connect profesional all arround the world,5
terima kasih sdh membantu,5
memudah simple,5
bagus oke,5
good job,5
gbo,5
,5
sman tangerang kota,1
membatu,5
penipu,2
wiwin,5
aplikasi anjing bangsat penipu loklau hpus aja aplikasi bikin darah pkokx jgan ad yg instal aplikasi jamin psti nyesal sumpahh,1
aplikasi an katnya banjak fb orang,1
pengalaman taxi merubah nasib grabcar,5
aplikasi merugikan harian mendownload gak upload foto gak nambah temangak upload foto propil,1
bagus membantu,5
bagus,1
pelajari dl,3
intensif buntang,2
segini ya aplikasi membantu,4
,5
pelayanan memuaskan,5
suka,1
akreditasi standar penilaian,5
banget nge downdlod nya udh jam gak selesai selesai,5
vitmate,5
mambantusukses linkedin,5
dermo,2
bagus banget aplikasi memuaskn terima kasih bos ku,5
very informative,5
pekerjaan bawa mesin,5
soalx bintang nnti klo da lantik paman,3
coba kalo bagus aki tambahin bintang mya,1
bagus kalii,5
jancokkkk,5
oohhh,4
coba,5
d ptmegariamas sentosa juni september d pt panchadharma sentrabhakti oktober november alasanya berhenti tutup konnter habis kontrak,5
mencoba,4
bagus bangat sosial,5
bermanfaat,4
permainan nya bagus,5
mencoba,5
takuongtanah,5
membantu,1
membantu,5
of,5
mantep,3
mengagumkan,5
puas,5
mudah,5
go,5
mantafff,5
kasih klw gacor kasih,3
prestasi menentukan posisi,5
berhasil kasi bintang,3
bantu,5
bergabung bln yg,5
nyoba y ksh bintang,4
menginstal aplikasi tip tip mengerti terimakasih linkedln semoga aplikasi maju amin,5
pengalamnan pkl bln kantor bppd serang banten,4
toop,5
asyiap,5
kasih bintang mendaftar perkerjaan,4
memakainya man,4
susah yg ndowload,3
brusor nga ni,5
bagus aplikasinya skill diubah rekomendasi bikin iri haha,4
spammmmmm,1
uji,1
coba,1
berubahnya aturan seleksi penerimaan siswa dg sistem zonasi merurut sy menghasilkan sdm kwalitas yg rendah,1
coba kasi bintan kalo bagus tamba bintanya,2
,1
respec,5
mantap pol,5
,1
siiippp dachhhh,5
pesan berbayar,1
aplikasinya menampilkan maaf kesalahan mohon diperbaiki,1
anu,5
membantu yg kerja info loker,5
rumah tangga,5
downlod ngak tau aplikasinya bagus,3
good luck,4
login nama salah pdhl nama asli,1
aplikasiny tlg d tingkatkan,3
bagus sekaliii,5
aplikasi jelek sesuai postingan akun palsu yg menginfokn open recruitmenmohon aplikasi kenltentuan individubadan usaha yg id akun valid orang yg id akun sembarangan menrungikan orang,1
simontok,1
gw gk suka lu mendi lu pergi bangsat,1
permasalahan kesulitan memasuki nomor kode sandi,5
aplikasinya bagussss,5
bagus,1
hai admin tolong tambahin kolom nama,5
apl monyet,1
hobinya nonton,5
aplikasi tai masak udah download suruh daftar udah trus gak jls bgst buktikan robot verivikasi aja ribet sih ah tai,1
tele,5
pnsdoakan ya,5
,5
profesional,5
tester,5
mmbntu sy dgn aplikasi,5
mantap bos,5
loker usia max dapet,5
membantu mencari pekerjaan,5
bagusss,4
aplikasi vidhot,5
puas,4
nice,3
mo,4
sadtiryah denny,5
konyol,5
memperbarui status koneksi dll muncul keterangan maaf kesalahan refresh status pemberitahuan koneksi bagus,2
smoga ga bhong,5
aktip,5
wae,1
pengalaman,3
aja dlu,1
terimakasih aplikasi semoga lancar kegiatan,1
semoga mudah diakses,5
sipp,5
suka,2
enak pake cangkeme,5
bin dlu gin,3
yowes sip,5
coba lagintah aplikasi,1
kuy,5
membatu karna tau prosedur pendaftaran,5
orang sukses d li inspirasi didalamnya,5
good apps for look an opportunity,5
off,5
so good,5
coba pasang,5
aq nyoba bagus ga nnti aq comen,4
elika,5
aplikasi anjing daftar gak login kli aplikasi yg jgn asalasalan,1
goog,4
kasih bintang ya berhasil kasi bintang,2
pengalaman linkin,5
terima kasih,5
loding nginstal nya gak jalan ya memori gak penuh tetep aja load nya gak ya data ku udah terisi udah nyala tolonv,1
please add copy link in app and app lite i need thats,3
coba klu masuk akun fb sy,3
semoga membantu ksih bintang,5
lowongan kerja koki,5
info kegurua cpns,5
sanggar membantu,4
linkedin membuka gmail bisnis sajakarna linkedin nilai,5
civil supervisor,5
sanggat membantu karir,4
cepat update,5
pemacu,5
aplikasinya bagus,5
nyoba kolo membantu link nih,4
aplikasi taiikkkkk,1
operator lantai bor smpai sumatra jambisekarang ptkugup narama umpul area tambang ptfitembaga pura timika papua operator loder h h,3
aplikasi anjir boongan jgn download,1
haheho,5
berguna menjalin relasi,5
coba lhh klo hasil ny bagus kasih full bintang ny,2
selamat sore daftar negeri cibinongbagaimana yah bu,5
apik,4
oke bagus,5
semangat berkarir menýesuaikan zaman mempermudah dgn aplikasi smoga bisamnambah wawasan sukses,4
mempermudah mencari pelajaran,5
jos,3
mantap jiwa,5
nyoba,1
aplikasi linkedin bagus,5
good,5
bagusssss,5
jelek banget,1
baguuss belajar,5
blm semoga bermanpaat orang,4
yg bayar yg dbikin susah,1
dlu,3
kasih d coba,2
gooooddd,5
content diluar job vancany,4
joss,5
semoga berhasil,5
mantap sekaleei,5
pengalaman mencari pengalaman,2
bagus aplikasinya bintang aja,4
bermanfaat,3
membantu,3
membantu yg mencari pekerjaan,5
ااحمد الله,5
lumanyan,3
berlayar,5
hikmah,1
klo ok sya lg,3
aplikasi bermanfaat,5
bgs banget aplikasi,3
tesss,5
berguna membangun karier persahabatan,4
result,5
terimakasih membantu,4
asiaap,5
halo kabar,4
,1
mencoba,5
bagus membantumenambah teman dunia,5
lengkap membantu,5
mengerti,1
bintang klu bagus aq bointag,3
hot film,5
info bermanfaat,5
kasi bintang,5
memudahkan,5
mudahmudahan suksus,5
coba kalo bagus d kash lgi,2
manfaat nya km,4
tes,5
test,4
bener ga nyadap sms,1
dfi,4
sip,1
ok tes,4
good performance,4
coba,4
irsya,1
tolong admin perbaiki post gagal jaringan full kecewa tolong diperbaiki mohon apps membantu saudara yg membutuhkan terimakasih,1
mengerti,5
gua kasih nilai,2
gak ad,5
telek,5
zhendy styawan,5
sib,5
adi,5
mantap aplikasih,5
pakai,5
pengecekan berhasil canggih,5
lansung penuhkan udah kukasih bintang udah kukasih kau doakanlah biar mendownload minecraft pe gratis,5
aplikasi bagusbuntuk bermain ml rank,1
coba kalo baguss full bintang ny,1
sdh x jam login tdk login smentara tdk diaktifkan linkedln tolong diaktifkan sdh kali ganti password mohon utk direspon makasih,1
biaya kulia stikes abi pertahun,5
mohon info loker linkedln filter kebenarannya pengguna nyaman pencari pekerjaan aplikasi semoga aplikasi dikembangkan terima kasih sukses,4
oky magdalena,2
aplikasinya bagusss mantappp cari loker,5
apk puri,3
kerja keras fokus kedepan hidup hidup,5
aplikasi gak,1
kassa men,5
kasih bintang karan download gak tau gimana isinya,1
sy kasih nanty klw bnr sy ksh bintang,3
memberikn informasi yg sangt bermanfaat dn,5
coba,2
bagu,5
cobaa,4
terbantu,5
go,4
bagus,3
simotok,5
mbuh,5
a link to connect,5
bagus utk menambah jaringan,5
aplikasi jejang karir,5
join,4
yaa klo dah dpt kerjaan yg sesuai dg kriteria suami sy kasih,2
gijil,1
pt tor ganda staff keuangan pengalaman organisasi individu kelompok,5
y tf this apps be on my phone,1
asyekkkkk,5
dear linkedin tolong berantas lowongan palsu masak sekelas linkedin lowongan gak resmi official lho lowongan bohongan gak malu,2
bantu yaatrmkasi,5
helpfull thank,5
apl,5
nambah wawasan rekan teman,4
ribet msu masup ny,1
oke muda mudahan bagus,5
moga mitra bagus,4
cobaa dulubagus kasih bintang,3
tes,3
berjuangterus,5
membantu trimakasih,1
mbar ff yuk,5
terima kasih membantu,5
good for search job,5
aq coba z,3
ngetes ni sebenar nya,1
kaloe emang best entar,2
tampilan manual blom otomatis,2
siip,4
ok sip,5
oce oce,5
li,5
selamat suci maaf besarnya,1
semoga sukses,5
bahasa jawa pentingkarena bahasa khas budaya jaga lestarikan,4
sayah kehidupan dunia,5
sungguh,3
oke boss,5
ok baanget deh,5
bagus kreatif,4
good apps,5
aplikasi linkedin jdi gampang cari kode,3
bintang krn blm dicoba klu bagus nnti ditambah bintangnya,3
mantapppppp,5
allahuakbar,5
,3
aplikasi sgt membantu zc,5
bermanfaat memudahkan informasi lowongan kerja akurat,5
simple and easy,5
insyaallah membantu,5
mantap,5
bagus boss,5
oke banget,5
nice share your job,5
okk,5
suka aplikasi,1
bagua,5
mantap infonya,5
mencari pekerjaan,5
supervisor cvbintan harapan,4
susah d uninstall,1
byk pembajak email,2
lulusan s teknik mesin usu cargill tropical palm production supervisor pengalaman posistif perusahaan,5
,5
puas,3
be the best,5
relasi bisnis,5
senang aplikasinya bermanfaat,5
,4
lumayan bagus,2
semoga posisi,5
terbantu mempromosikan corporate ami,5
suka aplikasi linkedln,1
kereen,4
be the good,5
very very very good,5
lumyan membantu pencari kerja,5
dlm,5
ya suka,4
bagus mesti blm membuktikan,5
nyobain,2
tolong update loker pisahkan,4
semoga ber inovasi,3
good aplication,5
cobabulu,1
mantav,5
joss silaturahmi,1
fahrulrozi tamat kuliah universitas sumatera utara fakultas ilmu sosial ilmu politik jurusan administrasi bisnis asurance bni life bancassurance spesialys pic asm area banda aceh pt propan raya icc kick koun area banda aceh sigli bernuan meulaboh pt mayora head office area lhokseumawe,5
its really very good,5
seeep,5
in,5
kah,2
,5
okeeeeeee,3
link id,4
bagus tingkatkan sllu update linkendin nya,5
oke,5
membantu aplikasi,5
job apl,4
of course,5
not bad,4
suka dukanyasemua jalannyasemoga ladang pahala,4
semoga partner,5
god job,5
semoga bermampaat membantu mengembangkan bisnis,5
foo,5
god job,4
nice,5
sy buka aplikasi membantu terhubung orang dunia hebat unggul,5
wakil ketua dprd abes sd,5
bagus membanhun jaringan,5
goods,5
wou,5
tuban,3
duh,1
perkeren,2
goid,4
nnti klw bagus tmbahi lgi,2
good membantu,5
pemula bagus bintang,3
aplks brengsek,1
membantu bngt,5
manfaat nambah silaturahmi,4
aplikasi g g masuk bikin habis kuota ja lu,1
aplikasi gunanya ya,1
okeh,5
suka,5
harap trim,4
sip,3
gagal mulu,1
dicoba broo,4
to be good better,5
for job,5
it may connect to my network,4
coba mengupdate ya perubahan,5
hubungkan perangkat aplikasi android terhubung ponsel terhubung akun facebook boss ku,5
load forever,2
,2
good for new job,5
,5
pegawai swasta,1
buang iklan hp,5
cocok dicapai berjalan cepat,5
maksa bgt,1
perna,5
bagus tpi kasih klau bnar mantap asli trus langkahnya tdak sulit kasih,4
gool,5
mantaptapi tingkatkan jaringan sayasupaya cepat dgn anggota linkedin,5
monyet,5
bagus lancar,5
informasi loker relasi yg dapatkan,5
berkelas,5
memposting loker bohong merugi jutaan kerja aplikasinya,1
i like be the aplicasion,5
parmank bocah,3
lamaran terkirim mentok harap tunggu sampe seharian tunggu terkirim statusnya harap tunggu,1
namanya aplikasi kekurangan fan klebihan urusan kerja diatas mausia berusaha allah menentukan terima kasih ass wr wb,5
nyoba,3
i feel unhappy because i cant log in even though i already have an account,1
mantap membantu,5
aplikasi tai aja langkah keamanan gak berguna bikin aplikasi huuu goblok,1
kasih bintang,5
nganggur,1
teramat membantuthanks,5
aplikasi,5
tambahkan fitur live stream mantap ditunggu updatetan terbarunya,4
perkebunan kelapa sawit pma pt rea kaltim plantations group owner london inggris jabatan askep estate tepian,5
bagus,5
bagus aja,4
anak,5
membantu mencari kerja,5
sebenernya loker cuman info doang,2
planet,5
kasih,4
membantu menjalan bisnis,5
aplikasi gk mutu tai,1
jelek bgt,1
try furst,4
membantu membentuk jaringan bisnis informasi dunia,5
lumayan,4
gabung,3
diupdate,1
kasih bintang,5
donwload nya,1
mantaf,4
tunggu ditambah bintangnya,4
dlu coba,4
,5
ok pas bangetsangat optimal,5
mantap sngt mmnbtu pertemukan arng yg tdk knl jdi teman,5
cook banquet,5
aduuhh plisss recaptha robot apaanaku uda bener masukin sandi nyakenapa d persulit sih,1
film prima judul jampang,5
no comment,5
opertor batch palnt pt prafik musi gemilang operator batch plant ptholland ballast thiess join operation operator batch plant ptagro bintang cecker material ptleighton contractors indonesia projeck ccdt cikampek cirebon ouble track sigmen tekhnisi labbeton lapangan ptunggul beton remikon operator wheel loader ptpionir beton,5
yups,5
informasi komunikasi dipisahkan sosmed semoga,5
ankut barang bahan bagunan,5
klo bgus bintang ok,3
tolong utk loker,5
mudah mudahan mendukung performa kerja hp,4
ok punyaa,5
bagus keren sangatbagus,5
,2
ok joss,4
sngt suka,5
sih aplikasi jd wajib d samsung berguna hapus,1
note,5
,4
i do not like this app,2
kerjasamanya,4
lihat coba aplikasi dlo,3
membantu cari loker kerja,5
bagus yg sampaikanmenurutku,5
aplikasi bagustapi muncul kesalahan tolong abaikan apdet koneksi sayatrims,1
sy kasih bintang dlu bagus sy genep in bagus sy in tolong d bener in aplikasinya bagus,4
bintang,5
sy kasih klo ok sy ksih smua,3
ya email masuk tulisan nya nonaktif linkedinpdhl email aktiftolong bantuan nya,4
bermanfaat aplikasinyamembuat jaringan mudahmemudahkan mencari lowongan pekerjaan,5
,5
ux,3
no coment baguzzzz,5
membantu pekerjaan,5
okey,2
aj,1
dulue nantik emang sukses aq,4
perbaikanuntuk menunjang fungsinya,2
,5
membantu bagus,5
mantab,3
yusuf ganteng,1
sy coba dlu,3
oi baa ko aplikasi aa lo ko buruak bana dak buka,1
gogood,5
semoga beruntung,5
ruqyah,5
asik info mambagun liat perkembangan biar buntang,3
excellent,5
mall boemi kedaton lampung,5
lh,5
like this,5
coba,3
rusdi boneka,5
suka banget,5
good application,5
ol,4
mantul,5
subhanallah,5
whatsap,5
mecoba,2
indonesia,5
memperluas network share knowledge,5
bismillahi,3
mantulll,5
ok mantab,5
kasi pencari kandidatoke d skebanyakan pintanah kali modal pengalaman manaitu membantu bayak teorismk contohkalo merwka pengalaman kenapaharus sampe diplomatyah ajabuat pembuka lowongankebanyakan php,5
tau,3
mencoba aja,3
aplkasi bagus,5
bisnis bidang kerajinan tangan bambu kayu,5
keren banget dahtopppppp,5
please increase the number of job openings in the application advice must be even tighter due to the many fraudulent company in the application,3
ga masuk,2
memudahkan usahawan pencari kerja,5
detil maksimal,5
bintang ya coal nya q udah bpak,2
seru,3
makasi abdet memperbaharui lancer bintang,5
menutup account memverifikasi kebenaran account pelanggaran upload yg terlarang policy aplikasi promosi market pengaruh quality guaranty,1
wow,5
bermanfàat,5
yes mantap,5
goods,5
good app i hope i can find a good job here,5
bagus,4
blm ngerti gmn pake nya tank,3
kemarin datangin lowongan kerja yg linkedln pas didatangi kantor calo bsa menyalurkan membayar uang jt setujui mbayar butuh pekerjaan menganggur kasih pekerjaan dijanjikan sesuai domisili yg ditawari kerjaan yg diluar domisili berbeda perjanjian awaldan yg tercantum diiklan linkedln nya,1
well app,5
pekerjaan aplikasi ininamun bs menambah koneksi pastinya berguna,4
aplikasi lawas,5
informasi lowongan pekerjaan informasi,5
smg bermanfaat,5
bongak,1
good very helpful please make it more improve again in the future thank you so much,5
great,4
greaatt,5
ku,4
aplikasi yg keren lihat kerjaan negeri,4
bagus bermanpaat,5
pengembng rakus kelaut aja low x gagal,1
trimakasi linkedln membantu,5
bagus membangun jaringan,5
kasih bintang lihat,4
pokoke mantaazazaaaaaaappp,5
joss,4
semoga pekerjaan terbaik,5
tes,5
menjalani hdup bkn apanya,3
pulihkan aplikasi akun mail prangkat yg terhubung,5
susah log in nya,2
hay,5
aj,5
,4
menambah wawasan pengalaman berbagi informasi perihal pekerjaan,5
ya coba nh,4
mantap sagat detail peluwang kerja,5
coba,5
mantab,5
selamat bergabung,4
iping,5
yuo,3
mudah berkarir,5
top markotop video yg dishare dpt download trim,4
operasional,5
good apl,5
,4
bagus relevan,5
profesional solid surface tangerang indonesia,5
biar lbih pinta hp nya,5
beautiful beautiful,5
matap,5
pip supervisor,5
professional be linkedln,5
aplikasi ok,5
aplikasi bagus,5
success,5
wuuss wussss,5
status informasi,5
cakep,5
bagus,3
bagus membantu,4
,2
linkedln sy ngga buka solusi y,4
teknikal manager factory,5
ksih,5
aplikasi nih ngabisin kuota doank ga masuksumpah kecewa,1
baguuuuus,5
jancok berterima kasih aplikasi,5
vendor pttpse pembuatan part part tankvessel assemble tank standard,3
mantap banget membantu segalannya,5
mudah mudahan kelancarannya amiiiin,5
gg mmbantu,1
buka langsung install,1
ok la,5
aplikasi tai kaga gunakang goblok udah login aja katasndi aplikadi ai tai snjing,1
kenalan,5
bismillah,5
daftar login mulu app,1
ok tank,4
hang fee hilang,3
keren membantu,5
,5
coba ya bagus,3
sephh,4
suka aplikasi linkendln,4
,4
belom,5
pembaharuan mulu,1
good,5
uuf,5
baguus,5
berani tampil,5
siipppp,5
mantap apk nya,5
mabii,5
a gs h,5
yoba,4
lambat mendownloadnya,3
ni,5
membantu proud,5
quick n fast response,5
etc,3
coba bagus next bintang,3
tas dlu klo bagus entar ditambah,4
nice for exploration and mine information,5
bokep jepang,5
membantu dlm mencari kerja,5
blm dicoba jd blm,1
sherly,5
dounlod gak,1
blok,1
baguslah,5
conecting people,5
berlutut didepan mahat magandihe,5
kasih mudahan julo membantu renovasi rumah,3
bagus jujur profilnya,5
smoga membantu,5
bermanfaat informasinya,5
dasar z zx,2
ya,2
hay adminmoderator thank for your attention to my complaint why i cant to access linkedin but as my connection be so well i hope youre fix that thank,1
mempermudah mencari pengalaman pekerjaan memperbanyak teman,5
mntul,3
good luck,5
asisten maintenance supervesor mekanikal enginering,5
blm nyobav,5
kabar gembira solusi keharmonisan pasutri masyarakat kota bandar lampung klinik pengobatan alternatif bpk abdul azis asing keahlianya pengobatan keperkasaan pria jantan keluhan obati melayani keluhan pria wanitabagi yangkurangjantan seputar alat vital solusinya klinik pengobatan bpk abdul azisbagi pria memiliki ukuran penis panjanganda menentukan lingk,5
menyimak,5
sungguh bagus,5
terima kasih linkedin membantu pekerjaan sesuai alhamdulillah perusahaan yg ternama,5
exelence,5
edukatif and informatif siiip,5
i think this be place who care important about job,5
ribet,2
good for refrence,5
ga d buka yh,3
info lowongan kerja,5
ribet linkedln masuk susah paswod udh,1
property,5
membantu,5
bagus sich kemarin post yg berguna yg aneh,5
bagus,5
pengelasan,5
good idea,5
operator,5
sati kalo udah pekerjaan gua kasih bintang dah,1
ok,5
bissmillah,4
aplikasi linkedin bintang membantu sukses,5
dicoba asik kaga aplikasi oke linkadln,2
tes dlu,5
membantu mengakses web linken,5
linkedin ku tulisan china ya update store playstore ya akhcoba nonaktifkan hapus versi model ga,5
pemula,3
mantap membantu,5
semoga memberiku kerjaan servis kompor gas,3
mantapp,5
sederhana aja,2
pemenang terkalahkan,4
oky,5
thr your program,4
bali,5
linkedin mantap deh,4
lumayan bagis,2
coba,3
mengenal luas,2
godd,5
perfectg,5
membantu,5
mencari teman banyaknya,4
keren,5
bagus membangun jaringan,5
linkedin applikasi tercepat,5
coba bagus gk ny,5
tetew,5
belajar,4
easy to use good for search any job,5
good social media,5
i can find new job by linkedln,4
blokir,1
bagus bgt ktm tmn info loker jdi mudah,4
pelayanan bagus berguna market,5
tapmantap,5
terkesan informasi yg didalamnya,5
good jobbaru nyoba,3
bs yg sy cari,1
coment sm translate ya yg muncul beranda,1
huff,4
ok dehhnya in linkedln ok lh,3
nnib,5
aja ntar dapet pekerjaan ku tambahin,3
nyobain,3
yg berkerja linkedln info nya ya gansist,2
i love it,5
mudahan memuaskan,4
info akurat terima kasih linkedin,5
susah masuk nya,1
nya linkedin membantu bianis,4
coba dlu,3
good application for next generation,4
percobaan,2
trima kasih,5
xxuç,2
super,5
membantu promosi,5
berkommunikasi teman,5
membantu mencari kerja,3
membangun relationship bidang profesi pekerjaan,5
expert,5
,3
nnti ksh klw uda bgus,2
tolong difilter lowongan kerja yg tolong lihat detail perusahaan check kebenaranya akhirakhir marak penipuan oknum bertanggung memasang rekomendasi link in job search mengalami tertipu,2
kalo sy cari lowongan pekerjaan lihatnya,3
oky,1
aplikasi d update up date kalah minum obat,1
suka sulit masuk,5
suka banget,5
mantabbb,5
goodis,5
never give up,5
manntap,5
berharga,5
bagus banget kasih bintang bintang,1
bagus mudah aplikasinya mendukung,5
semangat berjuang,5
aplikasih memuaskn,5
bagusss,5
aplikasih mendukung utk informasi yg akurat,4
mantap lanjudkan,5
kerja pt star cosmos,2
love li,5
nge friends,4
coba dlu,1
semoga membantudan tolong linkedin hapus peringatan perusaahn menipumasih perusahaan menipu dsni,5
mantaplah bamyak relasi,5
senang linkedin menghubungkan frofesional hebat,4
membantu inspiration,5
,5
aplikasi khontolll,1
blm tai krgunaannya,4
terhubung,5
thank you linkedinaplikasi menyenangkan membantu kehidupan keluarga thank,5
good apps,5
appnya mantap,4
aja,2
smoga bermamfaat,4
kalah lieur,1
dawafh,3
knpa daftar gini payah ah,1
baguss jossss,1
nyoba,3
goodgoodgood,5
bergabung orang,5
,2
pengalaman pengawas lapagan produksi,5
soezar,5
cba,1
dlu,2
mudah fitur,5
ya membantu,3
tambahkan tks,3
l like,5
kasih,2
bysa bysa,1
its good,5
keren,2
nanya namax cari kerjaan nganggur,1
anggota profesional tugas pekerjaannya terbuka membantu menangani,4
pengalaman,4
idont know whats fiil,3
karna blm manfaatnya,2
i love you sheikh hamdan,5
bintang dulumoga amanah yg kuat,4
berguna,1
cinta,5
pakai setelahnyamoga manfaat,4
nyoba dl,4
mudah terhubung,5
,5
no pain no gain,5
coba ya,4
dlu,4
good jop,5
busuk,1
maksa pembaharuan,1
r bokep,5
bgus,1
klinik pengobatan alternatif bpk abdul azismelayani keluhan pria wanitabagi jantan seputar alat vital solusinya klinik pengobatan bpk abdul azisbagi pria memiliki ukuran penis panjanganda menentukan lingkaran cm cm cmpanjang cm cm cm cm cmdan hasilnya permanen dijamin aman efek sampingmetode pengobatannya diurut alami ramuan tradisional herbal bantu doa,5
wre pengairan brawijaya supervisi tol road,3
bagus aplikasi,5
gak tau gunanya,5
seru,5
quality control laboratory,5
mo,5
best news work,5
jgn lupa tanggal april pilih prabowo sandiaga salahudin uno,5
bintang,4
tesssterrrr,3
jdi mantul mantep,4
sy pedagang kaki gimana spy dagangan sy laris,3
coba ya kasih bintang,3
m,3
menambah relasi silaturrahmi,2
semoga mantap,3
bagus,5
aplikasi,1
setijuhui,5
aplikasi yg bermanfaat dunia kerja keep it up,4
tau dpt kerja disiniaminnn,3
mencari job,4
good apps i like it,5
lowongan pekerjaan hr,3
kirim barang wahana express wonoayu aja,5
aja yaa,4
link ok,5
entar ditambah kl bagus,3
coba,2
coba dlu,3
saye kasi ntar kalok udah saye tes lancar maksimal gue tambahin okey good nice,3
,2
oke oje deh,5
lumayan simple menarik mna lowongan kerja amin,5
mbohlah bingung,3
okee,3
lumayan bagus kenal broker negeri,5
dicoba duluthankss,4
nambah bintangx,2
cb bintang dl kl ok br bintang y br psng apl,1
sllu kalah inggin merasakan kemenangan,5
,3
memasang foto profil,2
learner,5
membantu aktivitas kenerja,2
hei shbt smualam kenal,3
mahasiswi,5
coba dlu ya,2
elok,5
keren terhubung,5
maek,5
proyek konstruksi baja desain besi,4
ox semoga tambh ilmu,5
dear linkedin team please upgrade linkedin cv template i hope that can realize,5
bagud,5
hebat mantap,5
aq iso ketemu konco lawas neg kene,5
tai gak uninstal,1
be okey,5
sanggat sukaa,5
ssuuiho,5
membantu mencari pekerjaan,5
media interaktif yg mamadai era glabalisasi,5
appnini bagus bnget mnjadi jmbatan pengebang,5
bagusterima kasih,5
inoget,5
semoga bermanfaat orang gak login,3
bintang duluy gak upload foto size y kecilkan,2
bintang,1
gk daftarpun mengecewakan,1
aplikasi mendukung menakses informàsi aplikasi,4
segini aj ntr klw bgus aq kasih,3
kasih,3
dusta dihatimu,5
bagus menjalin relationship worker and business,5
bagus bagett,5
pnglmn,3
berbisnis,5
bug,1
ja,5
wonderfulyes,5
kg ĺ mm,1
good job,4
apk ngentot stupit,1
membantu informasi lowongan peluang kerja org,5
coba,2
linkedln semoga bermanfaat,4
pomade herbal merk gloss,4
perna,5
moleklah,3
daftardbcncomidbisnisokermaryaulfah,5
mencoba bagus,5
ganti akun ig,5
jual beli,3
gabisa login bos,2
,5
menambah relasi kerja,5
no komint,1
instal membutuhkan info kerja perusahaan,5
good helpfull,5
untk silaturrahim,5
good application,5
akun google bersifat publik,5
why i cant download,5
pelaut indonesia,5
senang,5
aplikasi semoga bermanfaat,5
bagus bermanfaat,5
oke banget,4
maju cepat,5
,4
mantap utk membantu,3
wa,5
d coba,5
bismillah,4
kenal orangsemoga,5
menjalin persaudaraan,4
linkedln yg terbaik diprofesi kerja,5
mencoba,3
siip,3
kontruksi sipi kontruksi baja,5
mempermudah pertemanan,5
sanggat membantu jaringan persaudaraanand bisnis,5
membantu,5
lovely,5
mantapsangat membantu,5
menarik moderen,5
by ok,5
ga daftar tulisanya gagal mulu sinyal g,1
lengkap,5
kagak login,1
kayak,1
ling,4
bagus utk karier,4
susah nihh,1
sy bergabung dgn in linkedlnterimakasi,5
bagus masuk putar puter gak login payah aplikasi ya,1
terbalik,5
joba,5
mudah mudahan membantu,4
,5
memperluas nettwork,4
good comunication,5
ok good,4
cant open,1
yanto,5
lanjutkan pahami,5
mantap surantap top markotop,5
wish you get better and better,5
aplikasinya bermutu,1
mencoba,5
produsen spandek pasir,5
gak ngerti tpi bintang aja lgsung hahaha,5
,4
membantu bagibyg membuthkan unt berbagi informasi menjalin kerja,4
josh,5
good application connect people in the word you dont need meet your friend just open this application know everything,5
good job,5
lumayan,2
update liat profil status fee,3
massining,5
udh terĺalu bgs nich aplikasi gguna y utk penggaguran yg yg lulusan menggetahui dunia tuch,4
pt so good food,5
pok oke oke,5
membantu terima kasih,4
best app,5
melmar kerja mastpi mna hrus ngantr lmran nya,5
membantu dlm pekerjaan trmksh,5
login daftar gak tolong perpajakannya,2
very excelent to find any information for seafarers job,5
yui,5
ok siiip,3
menambah wawasan,4
bagus cari pekerjaan,5
like,4
rf telecomunication vsat,4
foreveer,5
gua loe bintang,5
mmmm,2
porno ama hewan,1
moga mnfaat,5
positif bermanfaat menjangkau informasi relasi,4
ngit,5
how not try,4
bitlymaxtube,5
good job for us,5
sangatmembantu,5
bintang tau manfaatnya,2
good aplication and service,5
bagus aplikasinya,5
psbu,5
teka teki sila,1
jos pokoke,5
servis elektro kipaskomporsanyomejikommesin cucidlk,4
always correc abaut data,4
ntaps,4
coba,1
good must be better from before,5
tank very much,5
humas ofrator exsavator,5
apl hubungan luas,5
excellent,4
i have some problem with mobile version cannt open any update or check who accept my invitation,1
login kali susah jaringan jelek taunya nggak isi biodata appnya membantu,2
cant sign up why,2
menjabat supervisor perusahaan mewa fod,5
membantudan berbagi pekerjaan,5
lihat,2
ok bgt,5
sippp,5
ok good aplication,5
salah aplikasi sosial terbaik,5
membantu terkait pekerjaan,5
suka x,5
hebat,5
main bola ps ade da n manang pertandingannya,5
toop,3
lo,5
membantu berinteraksi dlm bisnis mencari info lowongan pekerjaa,4
trial,5
mantap jaringan profesional mudah,4
bintang duluklu bagus kasih bintang,3
ko gua gabisa masuk sih,1
hb nn ubb ya d u hu u mmi,4
ko nggak log in diaplikasi yah,1
puas apliksi terimakasih,3
bermanfaat,4
membantu informasi peluang kerjathenks,5
kerennn,5
cepat membantu sy jasa profesional,5
sgt bgus m mebantu job yg sesuai dgn keahlian yg kt very good hen hau yung,5
linkedin,5
login dpt bacaan pengguna challenge ya,5
fil,5
aplikasi good membantu,5
coba menarik,5
informasi tangkap membantu perancangan,4
mo coba,5
semoga sllu info kabar terbaru,3
nice app,5
semoga bermanfaat,5
nyaman linkedln koneksi tantangan percaya mempromosikan semoga kedepannya,5
verry good,5
berpetualang,2
terimaksi partivasinya,1
kasih bintang,3
coba dlu,1
aplikasi penipuan lowongan kerja mohon waspada,1
sgt bgs nimbrung linkedin moga peluang yg,5
mantaff top joosss,5
belajar menambah pengalaman mengikuti kemajuan tehnologi masadepan,5
ga update jd ga bsa kebuka,1
siplah,5
siip joos,5
great,5
luas akun linkedln,5
mechanical,5
bidang penerbitan bukubuku sospol,5
pengelaman,5
linkeldn memudahkan menjalin relasi informasi global,5
lumayancukup membantu,3
pt pkss,5
menambah inspirasi,5
goodapps,5
very good,5
linkedin applikasi professional kelas intellektual dunia global,5
coba klaw bgus,5
coba,5
kasih,5
bagud,5
kasih bintang bagus ta kasih bintang,3
be the best,3
keren bingit,5
membantu pencari kerja,5
terima kasih,4
,5
oke baguuuiiuuuuus,5
membantu dlm pekerjaan,4
coba aja,1
bermanfaat utk profesional,4
fantastic,4
oke deh,4
,5
membantu wawasan,5
membantu,5
membantu mencari informasi,5
salah menambah relasi menambah pengalaman wawasan orang orang hebat profesi berbeda beda,4
menakjubkn,5
layanan,2
aplikasi cari kerja online ya ngelamar sll gak mentok suruh hubungi wa pas hubungi wanya yayasan trus yg bilang yayasan in duit bener gimna ya info donk bro,2
semoga,5
melihatmu,5
menyukai,5
bermanfaat utk membangun relasi profesi,5
bagusasa,5
oke,5
g instal,4
sengatsengat bagus,4
bagus membantu iformasi kabar terbarucukup bagus good joobs,5
coba,4
wahsap,5
bintang,2
gambira banget kerja yank membantu,5
okeyy,5
bgud,5
,5
ggod job,5
membantu berbagi ilmu,5
kasih bintang yakalo bagus,4
super,5
aplikasi susah login,1
semoga lancar lolos modal terimakasih kerja samanya,3
bagus update informasi bisnis relasi tks linkedln,5
mantaap bertambah lg teman,5
bagus aja,3
lumayan elu manyun,5
pip project control civil site mager at asahimas project engineer at wokatuba lube oil blend plan at federal oil project civil engineer at pdsu factory pic pip project at mitsubishi chemical project,5
teman loker lulusan sma,5
solusi pengembangan pengembangan usaha,5
ikutan bagus ajah,4
yess noo yeessss,5
its verry good,5
semoga pelayanan terimakasih,4
bagus,2
mbikin buku koleksi file file screenshots buku pengalaman smartphone kalinya hidupnya,5
bermanfaat membantu,5
pekerja keras berintegritas,5
suka,5
salesmen,4
tani,5
iya loh aplikasi,5
bagus utk kompetensi,5
mencari teman professional,5
,5
coba klo fix kasih full star,1
bintang duluh kasih tamba bintangx,2
ksh yah coba,3
keren,5
nyobah,3
baguss banget,4
nambah sahabat yg positif,3
good amaze,5
brian wahyu,5
aplikasi linkedin membantu,5
lumayan sih membntu,5
coba lihat,2
klo dapet gua kasih jempol keluargaku,4
staf sma n tukka,5
terimakasih doakan berhasil,5
oke but nojobs apply that give result for me,4
kalo dah krja kasih bintang,5
bintang yaoke,2
coba dudu,3
semoga berjalan sesuai dambakan thank you,5
mengalami kesulitan mengakses bolakbalik password berhasil linkedin,3
melamar fleksibel mudah membantu membagi menentukan peluang karir,5
good a job,5
memudahkan mencari pekerjaan,5
tes tos,3
bersemangatpemu da ok,5
good program,5
i get some professional friends and some job,5
coba deh,4
tolong disaring job yg buka lamaran bener palsu kena tipu untung langsung tlp trus nanya perusahaannya,1
sy sllu gk dapar orderandsisi orderan turah gk d ambilinsdangkan puya sy gk bunyi seklaliduduk hp internet samadmn kesalahan y,5
membantu memperbanyak tali silaturahmi,5
still difficultly to search the job,3
thank to linkedlnfully helpfull to contact people and friend and find out job vacancy,5
kepala sekolahketua relawan tingkat desa kabupatensekertaris kksketua komiteketua kppsketua yayasanketua rant ormas,3
aplkasi yg tdk login ribet ngisi nya jg ribet g praktis eh skrng mlh non aktifkn g login dwnload prtma kali sdh sprti,1
,3
bagus,5
pelajari kasi bintang,2
akun non aktif verify dgn upload ktp gagal mohon pencerahan ny,1
membantu info loker,4
bagus membantu,5
sipp,5
dpt kerjaan yg meninggalkan anak dirmhterima kasih linkedln,5
mudahn manfaat nya bwt sy,4
dpt job aplikasi inibravo,5
ka whatsih be lahdak rugi,5
pergi rumah nenek moyang bagus mengunduh aplikasi android mas anton selamat senyum he he he,5
mudahan dapet kerjaan bagus keluarga,5
thank for linkedln,5
nam,5
nyoba,5
kalo ijazah smp engak,1
teman,5
mengeluh,5
great apps,5
membantu,5
menghapus pertemanan fb,1
pemberitahuan notifikasi gak dibuka,1
aplikasi yg bagus bisnis,5
mantap berhubungan dunia kerja,5
butuh pekerjaan,5
bguss,4
suka,1
coba duluya,3
kirim foto video aplikasi,3
ok,5
bagus,5
gimana ngecek angsuran difif bos,1
bismillah semoga membantu aaamiiin,5
coba ja,5
s boliologi,5
kasih aja,4
iklan masuk,3
anyink lu bangsat,1
dicoba,3
anjing,5
mempermudah mencari lapangan pekerjaan,5
asu,5
mantap kali l,5
t o p,5
membantu informasi,5
app pokeh cok mancokan engak taeh buccok mun taoh taeh buccok ye engak aplikasi riah pokeh pokeh patek anjing,1
coba ya liat,5
ya,5
aplikasi linkedin membantu mencari pekerjaan menambah teman berbagi pengalaman,4
aplikasinya bagus,3
very usefull apps for professional network,5
kasih bintang aplikasinya bagus,3
coba,1
yg trbaik sllu,5
matapp bengatt,5
bagus cuman nyari kerja aja ngebangun resume menarik fitur berharap mengakses fitur fitur tolong gratis cost premium nya,5
waoo mantpp lbh dkt silahturahmi nya dn bs menambah wawasan,5
bagustetapterkoneksi,5
toppp,5
bertele upgrade premiumnya susah,3
cobak,5
memperbarui yowhattsap,1
coba,3
pekerjaan dr ssini,1
keren klo bintang ny sampe seribu gw nilai bintangny sampe seribu,5
apknya okk suka,4
kerja,5
smntra bintang dlu,3
tibatiba bocor disekolah temen kelas tau malu banget,1
,5
semoga bagus,5
semoga membantu,5
good choice,5
nice aplikas,5
bagus menambah jaringan,5
akungagal mulu gbs buatpke email google aja gmn nih,1
bangke penipuan aplikasi,1
mencoba,5
bntang aj klo bgus bru bntang,1
smart,5
coba ya,3
seep mantab,5
tes,3
semoga berjaya,1
mantaaap,5
belajar endorse,5
cpat gak bayak ribet,5
toyota,4
mempermudah terhubung teman kenal,5
aplikasi tersedia terima kasih untk pencipta,5
bintang,4
general superintendent,4
aangat,5
membantu berkomunikasi hebat terhormatthankyou,5
sy melaporkan kpd linkedin lowongan pekerjaan yg palsupenipuan sy harap linkedin meningkatkan keamanan akun lowongan palsu tsbt salah kasusnya rssiloam yg brda daerah banjarmasin dgn modus penipuan dgn transfer uang utk akomodasi travelhoteltiket pp yg diganti sdh rspusat siloam yg brda bali sy curiga langsung rs membuka lowongan smpai pagi sy lihat lowongan n msh aktif,1
coba ntar klo ok bintangnya,3
profil bisnis bagus relasi kerja,5
manstapp,5
senang bergabung linkedln menambah wawasan pengalaman,5
nya,5
yes,3
coba dlu moga berkah,3
kemudahan akses mudah cepat,5
nya,5
oke,5
lol,5
mantap find me leyla kapoor,5
mkasih,5
mantabb,5
cari jodoh,5
bagus cpt info yg bermanfaat nambah wawasan luas,5
ya,5
siip mantap,5
sangar,4
coba a kasi,3
dipaksa mendownload,1
منتاف,5
buka,4
segini kalo nyari loker kasih bintang,3
kerennn,5
rray,3
pemula,1
bintang aja udh ku coba ya kasih,3
siiip,3
kasih bintang,5
like,4
sdh oke,5
sya cbk dlu nntk sya tambahkan bintang ny klw bguss,5
,3
,5
coba,3
ok oba ah,5
ckba,3
siiiip,5
semoga carikan pekerjaan,5
ya ya ya,5
semoga gak yg,5
nyoba,3
penuh,1
yunu,5
anjing,1
bias,5
fmwhastapp,5
bagus bgi org yg paham manfaat aplikasi,5
menemukan klien cepat nggak aplikasi,5
mengerti aplikasi inikarna pelajritapi sya apliksi keuntungnnya sabaiknya,4
keren,5
semoga penipuan,4
aplikasi gk bohong full bintang dah,3
dicoba,4
aplikasi kontol bangsat,1
tingkatkan,4
membantu,5
bg,5
terimakasi,5
ok kakak,4
info lokernya,3
mantap coba,4
lemak men gratis,5
yeah,5
termakadi,5
coba dl,3
tempatnya pengetahuan,5
info dunia,5
jaya truss,1
sya suka dngan aplikasi,5
coba,4
keren anjay,5
semoga masuk amin,5
overall ok,4
ok ctp sy blm dpt peluang bagus dri linkedin,5
real,5
sesuai,3
ya diandakkan,4
mohon perbanyak loker,4
,5
semoga apk tdk mengecewakan,5
semoga gk bhong lemot aplikasi laen,3
membantu nyaman,5
mantwp,5
semoga gk bohong lemot,5
siiiip,3
good,5
good application,5
super,4
memuasksn,5
mlm bos,5
hebat,5
apik,5
super duper,4
aplikasi ok,4
terap pertahankan,4
mantaff,4
gw heran app tuh kya social media yg hubungin dgn hrd drpda pncari kerja nya sndri suka share opini pribadi,3
mudahan bermanfaat n membantu,5
aplikasi profesional bagus tingkatkan,5
loding suka klo buka aplikasi nya pake biaya klo buka informasi,4
wei yan,5
mudahan bermanfaat ya,5
aplikasi yg bgus,5
membantu,4
versi update lambat,1
sempurna,5
pemberi informasi yg bagus,5
bingung pengiimran nydata a,5
terima kasih membuka jalan berkarya berkarir bersosial,5
mantap,5
susah lihat who view the my profile,5
bnyk info pekerjaan yng bagus,5
perbaikin,3
goodjoob,5
sukses,3
,5
semoga loker yg,5
mudahan,3
inpormasi layanan kerja cepat,3
bermamfaat teman yg,5
dlu ya,3
menghina apk fungsinya instal pembuatnya butuh orang instal rat jelek hargai berkomentar menghujat karya aplikasi bermanfaat menandingi komentari sekianv,5
blm ngrti pakeny,3
big love you,5
aplikasi koyoll cok bed celeng opo ojok instal aplikasine engkok koen longor goblok yoooooooooooooooooooo,1
oky keren bngt,5
terima kasih linkedin,5
very good and support career,5
mengenal semunyaa,5
semoga membantu untk mengejar mimpi,4
ok bnget,4
jaringan luas,5
yess,5
dont mory,4
senang,5
okokokkkkk,5
nyoba,5
membantu siiplah,5
logintiba aplikasi,2
daftar pakek akun gmail sampek skarang gabisa ya mohon konfirmasinya sdh nerima sandi konfirmasi sms,2
mohon perjelas peluang kerja cocok profil,3
,5
membantu menemukan pekerjaan,4
the best program,5
tingkatkan,4
diliat dulunanti klo bagus gw kasih bintang,3
mantap,5
sukses makasih y,5
bermanfaan,5
linkedin good job,5
kasih bintang dlu,3
like it,4
media komunitas bisnis terpercaya,4
maknyussss,5
,5
mudahmudah bermampaat,4
link berharap temukan kawan,4
ok ok ok ok,5
imformatif,4
bangat log innya,4
rumayan,3
mantaps,5
semogga bermanfaat,5
mencoba cari peluang usaha,5
salam sukses,5
bermanfaat utk network,4
profile linkedin ganti foto profile post foto search perusahaanmohon bantuannya tim linkedin aplikasi linkedin membantu terhubung jaringan profesional yg perkebunan,5
suka app nya,5
semoga sukses aplikasinya makaimal,4
oye,5
okmantap,4
aplikasi bagus,5
linkedin alternatif utk bersosialisasi pencarian kerja yg dpt diandalkan,5
intinya aplikasi jobstreet,1
simpan foto kesalahan,2
aplikasi suka,5
app keren,5
well well well,4
ismazing,5
mengenal penjuru negeri,4
sya suka aplikasi,5
mudah kerjaan,5
mwngikuti alur perkmbngan sj,5
paham manfaatnya,5
good job,4
aplikasi pendukung bagus,5
wow boedoet,4
berbagi loker berbagi temen temen,5
ya,4
dicoba dlu,3
orang profesional mudah temukan berita menjari pekerjaan,5
tes,3
very good in information,5
bismilah,5
coba kalo bagus kasih full bintang,3
yg update info lowongan kerja,5
coba,5
semoga bermanfaat pribadi orang yg membutuhkan,5
gunakn yg in ginkn,5
coba dlu,4
gede banget,5
bagus,2
ok bos,4
membantu,5
mantaaap,5
bismillahbaru dipelajari,5
setuju aflikasi,5
linkedin okey,4
nyoba kalo hasil nya memuaskan kasih full,3
semoga,5
only some time but forever,4
nyoba,4
terimakasih utk aplikasinya yg bermanfaat,5
yes bnget,5
besy,3
very giodandthan good job,5
aplikasi y nih coba brg x dapet jodoh,4
coba hahaha,5
nieh aplikasilemot,1
bagus bwt aplukasi,5
dgn cepat menemukan teman yg brgbung,5
coba bagus nggak,4
saematur nuwun,3
ngumpulnya orang profesional kadang yg lebay,4
perjuangan doa,5
bagusaplikasi inisangat mendukung wirausaha,5
chet ml udah bagus banget,5
suka,4
aplikasi terhenti,3
bru coba,3
mencoba,4
formula,5
bermanfaat orang membutuhkan info pekerjaan,5
,5
yu,5
objective like us,4
cemana ubh data,5
suka aja,5
paham,3
good,5
aplikasi bagus fb fungsi menambah koneksi pertemanan kerja mencari pekerjaan,5
lol,4
teruslah yg,4
bagus membantu mencari lowongan pekerjaan,4
bingung,3
why content result for search feature remove that be very helpful for me to find post from people,3
bgs pengguna milenial,5
bagus,3
bagus appnya kalo pinter,5
bibtang kluar aplikasi ribet ngak,1
bismillah walhamdulillah,4
find new job,5
biasalah,1
jgn lemot jaringannya,5
nyoba neh,3
good my aplikasi,5
permudah utk browser,5
bangga gabung dilinkedln,5
oke aplikasi bagus,4
aplikasi bagus membantu,5
tingkatkan,5
membantu siifff,5
ulasan,5
terima kasih menambah persahabatan,5
blm mencoba,3
aplikasi keren,5
menghasilkan perkembangan ekonomi,3
bismilah dah nyoba dlu tar kalo suksess aya bintangnyee,5
senang banget,5
uhuyyy,5
aq suka kli dgn app membantu,4
dibuka berharap bagus,3
it komputer,5
tes,5
good application,4
good web,5
tergabung jg bergabung dgn link kesempatan bagus utk bersosialisasi lingkungan lokal,5
linkedin tolong berpolitik linkedin hapus akun nya,4
maop,5
siiip,4
kali donlot app dpt notif terima panggilan utk interview hire langsung via emailhanya info pekerjaan itupun info lowongan bidang yg gelutijadi cenderung pekerjaan teman kerabat maaf copot app dr hp sy,2
terimakasih info nya membantu,5
senang bergabung krn dpt informasi yg butuhkan ketemu dgn teman,3
mendukung pencarian karir,4
cuba,5
bagus membangun jaringan orangorang profesional,4
menarik,5
yaa,2
bermanfaat,5
sheeft,5
aplikasi mencari peluang,5
great application,5
tingkat kn,5
coll,5
mantaps,5
trimakasih,4
good apps to relate with friend and find new job,4
mantaap bs menambah jaringan relasi,5
berkarya nyata meraih rejeki,5
semoga bermanfaat,3
login ribett,1
menyenangkan dalammembangun relasi,5
yalumayan komunikasi,3
pokoe top maju truus,4
membutuhkan lowongan pekerjaan driller tool pusher oil gas,5
i love this aplication,5
bagus mantap,5
ane ksh bintang yah,3
percobaan bintang,4
aplikasi membantu,4
aplikasi ya,5
bagus terbantu umat dunia nice apk,5
oky,4
,5
bintang ya,4
manatap,5
gak tu aplikasi,3
alus wa lumayan,5
no comment,5
sipp,5
iya,3
dipaksa update,3
memudahkan hubungan,5
sip pokoe,5
delihgtful,5
login aplikasi,1
ok,5
semoga bermanfaat,4
aplikasi good,5
profil pencaharian kerja,5
good app,5
mboh ra,1
umpat balarut,5
cari kerja,4
pembaruan mulu,3
,5
,5
setuju,5
,5
sukka,5
keep eidjdbj bajingan janfok,5
ok guy,5
its work,3
info info terbaik aplikasi linkedin,5
aplikasi ya faham karna perangkat,3
ngerti,3
dana darurat membantu mengatasi keuangan,5
memudahkan sarana imformasi scr nasional internasional flm hub professionalan,5
allright,5
gunanyavuntuk coaba,1
ksi bibtang,2
linkedin nett work orang,5
goods jooobs,4
test dulusaya butuh pekerjaan coba likeidtq,3
percobaan,4
thank,5
blm tau fungsinya utk,4
bergabung link in menambah pengetahuan,5
pengen mencoba aplikasi ya coment yg ok thx linkedln,3
menginspirasi,5
semoga bermanfaat,4
terinspirasi,5
sup,5
blm tau,5
membantu pencari kerja promo bisnis,4
bagus aplikasi membangun usaha,5
login,3
faham kegunaan linkedln,3
thank very muchi like it,5
my home,5
membantu koneksi kerja,5
ok,4
mssuk eko,5
bagus mencari pekerjaan,5
no coment,5
acc downkk,4
siip,3
bagus berkomunikasi teman perusahaan,4
pulsa,5
relasi hubungan bisnis luas,5
suka,4
maju,5
thank,4
bagus oke,5
sip,1
god linkelit,5
lahbintang dlu ya,3
ya ksh bgs lgi,4
banget okee coy,5
aplikasi bagus utk tuker informasi,4
siper,5
job in,5
bagus referensi jaringan kerja,4
puas cepat,4
jaringan yg luas,5
nk coba,4
semoga applikasi membantu,5
kasih bintang dlkalo bnr bermamfaat langsung naikin bintangy,2
very important application,5
caba ya law bagus,3
aplikasi gak up foto galeri udah sesuai ketentuan,2
aplikasi nya ribet,1
tap,5
ganti foto profil unggah mohon bantuannya mengatasinya,2
mencoba semoga ilmu pertanian pepaya kalifornia,4
perfeck,4
aplikasi nie tdk akurat mencari dikota terdekat ribet banget,2
,3
very good for look for job,5
lengkap,5
gooooooood,5
,5
temukan peluang binisusaha lowongan pekerjaan apl aplikasi baguss,5
bagus aplikasinya,5
manfaat,5
exellent,5
alhamdulillahatas bantuannya,5
coba aja,4
semaksimal manfaat keprofesionalanseseorang arah yg,5
baguspertahankan performa,5
tlong bntu sy bwt pekerjaan yg cocok,4
bangsat email engga dibuka,1
mantabs,4
sip oke,5
belajar,5
lumayan,3
bagusss nyari pekerjaan tolong d tingkatkan,5
masok,5
yes,5
,5
berguna,3
ok deh,5
gak bagus,2
walàpun aganya oke,5
membantuthanks,5
sukses butuh perjuangan,2
trmksh smg bermanfaat,5
sosmed berfaedh,4
tingkatkan keamanan data base nya,4
gak faham nya aplikasi,1
linkedln aplikasi menemukan pekerjaan sesuai,3
sy merubah foto profil klik uploadsimpan proses trs internet lancar mohon perbaiki,4
sgat,5
bingung dg aplikasi gunanya ya,3
mudahan membantu,5
dikembangkan aja,4
infus dangan dana halal,5
morwati,5
sepenting kasih bintang full aja,5
siiiiip dah,5
nti,3
enkk,5
o yess,5
belajar,3
ok,4
perbaiki sistem,4
aplikasi berbayar,3
faham aplikasi nya opo yoo,3
sukses,4
ok sngat membantu good,5
siiip,3
bagus nambah channel kerjaan,5
must be correct for update,4
mempermudah utk melamar pekerjaan,5
ngak tau tujuan,3
bagus aplikasinya,5
smga brmanfaat,5
pakakpakak,2
teman,5
suka aplikasi teman,5
coba donwload klo bagus kasih rant yangbpenuh,2
siiip bantu,5
ok membantu,5
peluang,4
utk membuka wawasan,5
top banget,3
membantu brteman rekan,5
suara,3
joss,5
pokok bagus deh,3
nice app nice to meet other people with great job,5
semoga job kerja safety link,3
hallo,4
bagus tuh,3
semoga yg sukses,5
berguna suka,5
info kerjaan,5
bismillah coba,4
harapan semoga canggih lgi,4
semoga bissa ngebantu,5
lumayan,4
nice,2
lumayan amanah temen,3
aplikasi bermanfaat orang tp org gw berhubung aplikasi terpasang bawaan samsung galaxy a parahnya lg ga uninstal ya jd pajangan yg mubazir,1
lumayan info yg bermanfaat,3
should be develop,5
semoga barokah,4
ane coba dl semoga bermnfaat,3
suka aplikasi krn info yg butuhkan pekerjaan teman yg menambah saudara,5
semoga membantu pemecahan untikkehidupan,5
familier facebook,4
,5
anjing gk bsa gabung nyesel download app gj,1
mantaaaaaap polllll love yuuuuooo,5
cba ko gk bisaya,2
coba dlu klo bagus bru bintang,4
bego aja orang dikibulin aplikasi nyari kerja,2
i like it,3
demoga karir amin,5
ditingkatkan mutunya,3
pertahankan,4
mencoba b aja kalo masuk akal sehat kasih penuh b,3
bagus,5
persehabatan,2
lg coba,4
ga search postingan orang kunci search orang pekerjaan puas nya,2
,4
udh brpa kali ganti pass ttep ga masuk kamvrettt sbenernya yg salah sih heran gua,1
baguz,5
bagua,5
semoga sukses,5
memudah info bermanfaat peluang bisnismantab,5
ne aplicasi eror banget,1
mudah komunikasi dg teman,5
the camera reimagined samsung galaxy ss,5
semoga bermanfaat,4
mencoba,4
keren,4
smoga aplikasi diminati,4
cobanunggu,4
misi nih udah coba akun kali gagal ya udah uninstall trs install tetep mohon konfirmasi nya,3
berusaha tuk usaha,5
semoga berjalan lancar berkarya amin,5
this application make you reach more than just an information,5
semoga bermenfaat,3
bagus,5
tingkatkan konte feednya,3
tetep semangat meraih,5
bagus mamfaat,5
ok aje,5
ditingkatkan,5
,3
cepat,4
lanjutkan,5
suka applicasi,4
many people get dream some true togther and many still wishly,5
membantu linkedin,5
cobak dl,3
so pretty good,5
linkedin membantu tambahan pengetahuan membutuhkannya terima ladihj,5
tingkatlan kwalitas nya pantau prusahaan modus pnipuan,5
daftar member daftar gagal,2
its a good for seek the job,5
pengguna aplikasi berguna,4
semogaa,4
,5
,5
joss,4
sesuaikan penggunaan butuhkan,3
login akun,2
why cant i delete the certificate that i post the fund only appear try it,3
thank you for your current job vacancy,5
matap praktis,5
payah paksi bb q redmi x aja lelet login susah,1
semoga bermanfat,5
dipakai,1
semoga bermanfaat,4
peluang peluang,4
gak,1
link in,5
terima kasih semoga bermanfaat pengguna,5
inspiratif,5
klu bener bagus sy kasih bintang,1
error on vivo y,1
blm dpt instalkrn aplikasi lainthank,5
perusahaan menawarkan info lowongan pekerjaan valid info penipuan seharus nya management linkedin memfilter info lowongan pekerjaan pasang aplikasi linkedin,2
membantu pekerjaan,5
aplikasi yg membantu menemukan karir job yg sesuai kebutuhan,4
formal,5
langsung bintang,5
terima kasih,5
semoga manfaat mudah difahami aamiin yra,5
semoga bermanfaat,5
for development of this app thank you so muchbecause this app i can get an opportunity for get a job thank you and keep go,5
aplikasi mudah ribet,5
iklannya,5
sipppp,4
paham apl,4
terima kasih diijinkan bergabung in syaa allah berkah,5
notif pas dibuka eror,2
semoga acc,4
semoga bermanfaat tuk sukses slalu,5
bagud,5
cba aplikasi riben ngga,5
bagusmeskipun dapet pekerjaan hasil apply linkedin,5
sip,3
linkedln ok urusan pekerjaan bnyk dsni,5
daftarnya gak situ daftar aja gk gmn gunain aplikasi,5
bantu nyari loker driver engga,5
coba,3
sekses,5
suka aplikasi,4
gk ngerti,1
membantu mencari pekerjaan,5
bagus pengajuan proposal cepat sy terima kasih,5
coba aplikasi nya,3
fo bagusits goodthanks,5
ok banget mantap,5
lumayan membantu,5
bermanfaat cari kerja,4
coba ya,5
lengkap informasi,4
mantap puollll frank,5
ajibbbb,5
bagys,5
menarik membantu keresahan pencari kerja,3
coba semoga bermanfaat,4
nyoba,5
bagus kalimat profesional linkedin,5
error,1
penasaran ama aplikasi inibuat fungsinya,4
sip alaisip tekesip tekesip,5
membantu,5
aplikasi membantu terima kasih,5
mantap,5
br nyoba,5
membantunya,5
cari kerjaan susah,3
terhubung relasi peluang berkarir berbeda,5
bagussss bgt sangatttt membantu dlm komunikasi,4
bagus membantu mencari relasi kerja trima kasih,4
bagus mencari pekerjaan kolega mancanegara,4
good job membantu,5
ok banget,5
mantab bnyk koneksi negeri,5
membantu uinformasi,4
coba,5
bagus,5
membantu pribadi bidang perhotelan semoga sukses terbaik,5
semoga berguna masyarakat aplikasi,5
bermafaat,5
semoga orang aplikasi,4
knp tdk bsa diinstal,5
bermanfaat komunikasi sosial,5
semoga bermanfaat,3
klo bagus ksih bintang,4
top suka,4
ok thank,4
okee oke,5
cocok daerah,5
paham miss,5
nggih,5
good aplikatif,5
membatu perlancarlah,5
terima kasih,5
penasaran aplikasi,5
coba dlu ya,5
kasih bintang yaklo bagus aplikasi ya tambahin lg bintang yamau coba dlu,4
membantu koneksi teman bisnis,5
naice,5
bersatu usaha,5
bug memuat komentar keterangan koneksi menyambungkan buka komentar,5
blon fapat kerja,5
tingkatkan,5
tingkatkan kinerja,3
semoga aplikasi mengatagorikan relasi berdasarkan minat pencari kerja,5
bagusok,5
try first,5
net human nice,5
bohong,1
good app for all,5
,5
bagus,5
the best aplikasi pendobolaan mleded,5
menyenangkan skali,5
ok good job,4
pokoknya ok,5
smoga lancar,5
siip,5
terima kasih,5
aplicasi pea eror mlulu aplicasi anjing tai,1
,5
smoga mudahkan pencaker pekerjaan,5
career indefinitely,5
mudah cari relasi,5
sipp,3
knp bias akun slalu gagal memuat akun motif ny,1
update trus nih aplikasi seminggu update sampe kali,3
,5
caustamermarchet,5
membatu berbisnis,5
okay coba,3
menggunakanya mudah trm ksh aplikasi,4
gtu,5
coba,3
ora ngerti,4
linkedln mantap bos,5
orang orang hebat,5
bagus aplikasinya tau info yg update mantappp,5
oke,5
berbagi ilmu manfaat kerjaan hehe,4
sri aini,5
bagus aplikasinya,4
lihat dl,4
mas mba bro sy habis instal aplikasi hp sy terserang virus trojan virus menyerang selesai instal apl sy buka trojan menyerang hp sy why salah sy padamu,5
uhuuyyy so,5
senang,5
goods,5
memudahkan informasi,4
aplikasi aplikasi,4
smg dpt membantu,3
bagus banget kalo yg gak donload nyesel aja liat you tube apli kasi keren you tubenya,5
gmn tuk dpt informasi pekerjaan yg update kalo aplikasi membantu ucapkan terimakasihplus rate,3
mboh,1
ku suka plikasi,4
tau,3
mohon respon nya,5
linkedln,4
tes ya,3
membantu kadang respon perecrut tolong tampilkan lowongan kerja smk email perusahaan,5
mantaaaaabbbe,5
good job,5
pokok nya mantap,5
slow,5
membantu bagus,5
tes ah,4
panduan aplikasinya,5
good luck for app,5
pokok nya mantap deh,5
membantu,5
semoga bermanpaat,4
kalo bagus suka nya,3
dicoba ahhh,5
mantapppo,5
cing sukses,5
pemula mohom bantuannya trim,4
tolong bantu,5
mohon direspon jwban nya tks,5
membany,5
no thank,5
mencoba tau acc,3
full,5
downloadnya kaya cacing lolaapa app dapet kerjaan sesuai harapan bintangnya,4
percobaan,3
god job,4
bgus menbantuh,5
test dl gin,3
itsagood,5
tamban modal sampingan pas libur,5
membantu sukses dipercanggih,5
good app,4
liat dah,5
mendaftarnya gimana sih gak,1
buka uaha,4
sgt bgus bnget,5
recomended,5
suka banget membantu,4
blm ngrti maksudnya,3
sip,5
baguss,5
blm brp jam update udh update lgi,3
baguzz,5
berusaha maju,5
nyoba,2
mengkoneksikan pakar diberbagai bidang keahlian,5
cocok banget,5
simple ya sistem aplikasinya,3
gabung usaha service ac,5
aplikasi membantu,5
membantu usaha,5
tau didalam nya,4
kereeenn,5
,5
bravo,3
good job i like,5
barangkali yg cocok n pas,5
zuka,4
canggih,5
muantap boss,5
unggul berkarya,5
lamaaaaa,1
help me look job for security officer thank so much,5
i like gather and connect in your programnice to meet u all,5
bagus tambahin,3
coba hp gw ilang klw ktmu nnti gw tmbah bintangnya jdi,2
,5
membantu,3
membantu pencari loker mudah,4
keren karna koneksi ide berpikiran maju,5
membantu,5
coba ea,4
tai,5
klau alhmdllh,5
bintang kalo bagus ditambah,3
memvantu,5
tahap mempelajari aplikasi,5
because any time you give me information and chance,5
bermanfaatterima kasih,5
ya sip,4
membantu pengembangan karir,4
ya lumayan,4
mantap semoga sukses,5
semogaa,4
yoon to easy a life,5
aplikasi,3
i be like it,5
cool,4
semoga bermanfaat aplikasi ya,5
bingung,3
dicoba yes bintang,4
temukan,5
sukses slalu,5
perbaharui trus tp gak perubahan masuk akal bs update,4
maw coba dlu nanty klo bagus tmbh,3
smoga ter bantu,3
nyoba nyoba,5
coba dlu nnti okaq,4
uninstal,1
baruau coba,5
nice aplikasi,4
mengakses akun ya reset password email sukses coba log verivikasi keamanan pernyataan akun pengguna coba cari layanan cs mencari solusi ketemu bantuan,2
awam tp gpp,5
semoga bermanfaat,5
good all,5
semoga aplikasi linkedln sukses trus,5
coba dl,1
lumayan blm mengerti,4
bagus network,5
coba klau bagus kutambah bintanya,3
membantu,5
bagus menghubungkan profesional,5
yes,4
upload foto profil,4
mantap,5
sukak bermanfaat,5
solusi yg,5
coba kalo bagus aq,3
coba,5
berhenti asus padfone s android,1
menyukainya mencari,5
,5
coba dluklu bagus ku bintang nya,3
membantu yg susah,4
bintangnya ya,4
coba,5
coba,5
good socmed,5
maju,5
tal,1
cepat gampang caribteman bisnis,5
,5
semoga sukses akulaku,5
semoga bermanfaat,5
blm,4
promo bisnis,3
,5
i like it,4
hubungi terminal,5
mantap menambah pengetahuan,4
dulunanti bagus,4
bgus linkedin supya memudahkan dunia medsos,5
membantu terhubung teman teman,5
pelayanannya ditingkatkan,5
menghubungkan teman mantan mantan,5
top jka yg brhubngan dngan akulaku,5
yg terbaik,5
sandi rubah bolak tetep aja login bilang sandi salah gimana sih,1
nggak senang,3
bilang aplikasi jelek download tau aplikasi fungsinya tujuannya cari tau fungsinya orang tau bisnis bermanfaat,5
mudahn bermamfaat,5
its the best,5
live your passion,5
pengalaman,5
dus kalo bagus,2
bismilllah,5
uninstal,1
ga daftar,2
bagus pengalamanok,5
cocok pelajar lulus berkarier,5
good,5
bagus klau butuh,5
good,5
tolong permudah akses masuk aplikasi manapun terimakasih,3
coba dl klau bgs tmbh lgi,3
mantap membantu,4
ok,5
sip,5
nice,5
jarang,3
mantab proteksi pasangan,5
semoga diproses dg cpt,4
nyobak,5
thank for the application of the most important thing,5
hoax lowongannya so hati,4
,4
membantu tampilan,4
tai,1
kk kangen,5
aplikasi stupidbuang kuota aja ga,1
tes,4
baiklah,5
bermanfaat,5
gabung,4
coba,1
kasih bintang aja,4
anying,5
jaringan menambah wawasan cerdas,4
keren jah,5
inlinkedin,5
tau ah,5
daftarnya gabisa sy robot kocag,4
paten,5
coba dlu,3
nice with this,5
good for new employee,5
membantu,4
alhamdulillah banjarmasin suka sekaliterima kasih,5
whataps ganti,1
utk cri kerja,5
recommend,5
smoga bermanfaat,5
smga bermnfaat,5
gta vice city full version free game download,5
indah,4
update wakok mlah ketemu nginstal linkedinapk tk,1
mg bagus aja,4
splikasi tai,1
mantap,5
kalo bagus kasih ful bintanya,4
yes,4
coba bismilah cari kerja tau dapet,5
puas linkedin,5
menarik suka,5
aplikasi najis goblok jijik gua download,1
d lihat,3
semoga bermanfaat bahan mencari informasi,5
semoga manfaat,5
ok ok laaaah,5
mga bermanfaat,3
koyok telek,1
download gak tau aplikasinya berfaedah ato ngga,1
,5
aplikasi fio ndere,2
ig rickymarttt,5
menarik,2
manntap,5
memudahkan orang pekerjaan,5
keren,5
good job my aplications,5
sy ksh dl yaaa mw liat dl klo bagus sy ksh full,2
dicoba,3
ngk,2
semoga memuaskan,3
,3
lowongan kerja ngga berhasil mah yg gatau kerja aplikasi,5
aplikasi gk jls goblok bikin penuh memori doang tolol,1
mantaap,4
nyoba kl bagus kasih full,3
nol,5
sy download aplikasinya to gak ya,5
memperluas penhetahuan,5
bagus perbarui,3
yes,3
bagus kasih bintang bnyak,1
nyoba klo bagus kasih bintang,2
ww,2
mengerti maxud tujuanya,2
blum coba,5
nyoba,1
bagus belanja paket cicil,4
ulu semoga bermanfaat,3
aq senang sekli,5
mntaaaap,5
cukhp bzgus,5
moga gak kaya dah ngisi formulir eh gak d acc,5
semoga bermanfaat bagus,5
trima kasih infonya,5
bagus like full,3
good for job seeker,5
mohon acc ya,5
masuk dek,5
sata coba ya menark,4
buktikan dl yaaa,3
gimana nya,5
bravo linkedin,5
good bro,5
semogga acc,5
ewako,5
kasih bintang tau limit lg,4
kasi bintang bantu android yg hilang,4
donwload aja bangatkuota habis,1
terima kasih,3
mudah mudahan bermanfaat amin,5
kasi bintang mohon acc ya makasi,5
nya segini dullu,3
nyobain dipelajari,3
keren banget kenal orang aplikasi,5
dicoba,5
menyesal,1
,4
diva teknik rubber,5
dicoba dlu,4
tau manfaat nya,2
dicoba yahhh,3
olike,5
susah memanfaatkan akademis krn lbh utk kontak kontak berita tulisan pendek,4
tunggu kerja sinii bintang,3
mantappp,3
yup gitu aja,2
ksh bintang dllu but nyoba,4
aplikasi bermanfaat,4
media sosial,4
memuaskan kasih bintang,3
instal log in invalid browser chrome mohon konfirmasinya,2
br mo cb,2
god,5
good kasih duluuu y,4
good good good,5
kasih bintang dicoba okk,3
bagus,5
kasih segitu yamasih coba,3
coba,3
coba dlu klo bgus,3
kasih segitu coba,3
force close,1
smoga pengajuanku cepat acc,4
gak tau,5
ak enak,5
mantaf coba,4
seneng,5
,5
ajah,3
ok dicoba,5
fitur diperbaharui,4
login username password,3
,3
good apps my network be grow by the way i cant upload picture and videos from my galery can u figure it out thank,5
semoga membantu meberikan lowogan kerja memuaskan menghasilkan,4
wish get a job,5
gatau,5
gak log in gimana,3
bertele app ribet bikin puyeng,1
membantu pelayanan,5
aplikasih terkini,5
no komen,5
lengkap ga meragukan,5
wahyuni,4
,5
kasi bintang,5
pengganti facebook,4
mantap sa,5
very good semoga bermanfaat salam sukses,5
buktikan,4
coba semoga membantu,5
as news info link,5
sae pisan,5
bguss tambahin bintqx,4
selamat,5
mdh mdahan membantu ksh aj dlu,3
aplikasinye luarbiasa,5
menolong,5
semangat,4
nice,4
salam khatulistiwa,5
suka banget,4
gabung,5
nice application very like it,4
bintang yaaa,3
very good fantastis,5
bgs,5
sngat membantu bosku,5
coba mudahan berhasil,3
coba coba brooo,4
kayaknya keren nih,5
mantapkeren abis,5
verry good,5
bermanfaat,4
bitlymaestrooptimacare,5
,3
lumayan bagus,2
as usually,4
so easy to me look for job,5
tap gays,5
yah kalo bagus nambah,4
,2
its good,5
beyond,5
,4
bagus,5
menjalin persahabatan yg bagus,5
info yg uptudate,5
serasa mengenal dunia smakin,5
good job linkedin,5
memahami,4
good job i like it,5
install kl udah pakai naikin rat,4
dicoba,5
mencobasemoga bermanfaat,5
coba d kasih bintang karna blm tau manfaat ny,3
membantu semoga ditingkatkan,5
smoga bermanfaat smua,4
komen bagus aja dah dr benjol,5
ko ga login yaa tau salah dimana,3
ood,5
aplikasi dihapus android,1
kasi deh klo bagus,4
kali dapet kerjaan aplikasi tentunyakarena allah,5
membantu senang,5
selamat,5
good for relationship,5
uasss,5
membantu mencari pekerjaan sesuai dg pengalaman bertemu dg teman teman dg mudah,5
very ood,5
bermanfaat menambah link utk ruang lingkup pekerjaan,5
okkeee,5
utk memperluas professional network,5
membantu bisnis,5
kerenmembantu,4
dl ya,3
very good application,4
bingung dng apk,4
kesalahan mulu kalo login,2
berguna dlm mencari pekerjaan,5
aplikasi ngerti update oreo,5
coba ya,3
dicoba dlu,4
berguna banget aplikasi info pekerjaan,5
good la,5
soip,5
slalu kasih informasi loker,5
semoga cepat pekerjaan,5
amaze platform,5
menambah relasi kerja d,4
top bgt,4
sippp,4
lumayan sih mhl,3
bermanfaat utk mencari pekerjaan sesuai latar pendidikan sesuai pengalaman kerja,5
margreth imelda magdalena sembay,5
tooop markotop,5
trus tingkatkan kwalitasmu,5
jayantiputramandiri,5
alhamdulillah menunjang karir,5
ntah apl gw update oreo aplikasi samsung gw besok berguna nih apl,5
mantap abisss,5
hebat,3
good work,5
coba ya,4
info loker,5
very good,5
bagus banger mencari lowongan kerja,5
dluklu bgus bru,3
aplikasi bagus jaringan kerja,4
superb,5
bagus aman,5
hallo linkedin menemukan bug handphone memposting foto foto simpan adakah solusi terima kasih,3
good like,5
apl yg bagus,5
berkarya,4
mengalami kesulitan masuk,5
lihat perkembangan,4
the besth apl,4
cobalah,5
semoga berguna kedepannya,3
dlu,4
good joob,5
lumayan bagus,4
mencoba,5
yes,4
full ok,5
optimis,5
keren dn menarik,4
semoga berkah,3
bntg bertmbh liat perkembangan nyhh aja,3
kasih bintang,4
super,5
semoga mensejahterakan keluarga,5
coba,3
bug dimana gabisa ganti profile foto profil dsb mohon diperbaiki,3
kasih bintang duluklo bagus bintang,4
sy mengikutin akun jd sy ksh bintang dikemudian ok,4
ya,4
вíntαng ntαr kαlαu αppnчα вαguѕ вαru dєh ѕαчα tαmвαhín вíntαng lαgí,4
membantu profesional,4
ya berkah,4
suka banget,5
yesss,3
mendukung kinerja,4
bintangnya,4
klo bagus jd,3
mantappppp,4
kerjaan sy,4
membantu ntr tambahin bagus,4
dulukalo bagus,3
terimakasih teumanseumuanya,5
membuka peluang bertemu orang org hebat,4
bagus menghibur,4
ribet gak dicerna,3
memuaskan nambah,4
kasih bintang dluklau aplikasinya bagus bru tmbah bintang,4
,4
test use,3
win streak,5
ksh aja,4
az,3
ngak jlass,1
dlu bintangnya nnti ditmbah bagus,4
coba moga bermanfaat,4
coba kalo bagus nambah bintangnya,4
bintang dluklo bagus naikin b,4
bermanfaat mencari link,5
cakrp,5
ga login ngapain download,1
terbaik,5
okbanget,4
good app,5
bintang kalo ok tar ta tambahin,3
smntara dlu kl bgus sya taambah lg,4
test dl,4
mantap gua kasih pul bintang nya,5
i like this,5
makek,3
yesterday,4
ari ieu teh aplikasi naon bere bintang heula we urang tatanya kmha make na,3
membatu,5
keren banget nih,5
okm,5
cocok share pengalaman kerja,5
smg bermafaat,5
jangkauan segmen,4
bintang kalo bagus,4
coba,4
app bawaan malesin gk uninstal,1
bagus mea ambah teman,5
aplikasi sgt bermanfaat,4
gooood,4
make be best,5
utamakan prifasi edukasi penuh kesabaran,5
bergabung,3
sip,4
semoga berguna informasi kerjaan job peluang usaha,5
ok bingit,4
cari wawasan,5
aplikasi nya keren abis,5
lumayan membantu,4
aplikasix membantu mantappp,5
kasih bintang,3
men,1
smga bgs,4
medsos keren profesional abal abal salut banget keren,5
blm mencoba boss,5
mudah diakses,5
like this,4
bagus bgt,5
blum pake app ni siklo bagus aqu kasi bintang,3
memudah info,5
istimewahhhhh,5
semoga membantu,3
aplikasi nya bgus,4
good nice,5
mksdny ap ko hrus donlod aplksi emg klo donlod gx trima pinjmn ny,2
aplikasinya lemot banget ya upgrade lancar ga pakai app versi lawas aplikasi lancar,3
akrab lg,5
coba du ya gin,3
sdh thakun jd barupemula gak beres link,2
i like,4
greatest,5
alus,5
top,5
oprasional,4
faham manfaatnya,4
ok teman bisnis usaha motifasi sukses linkedin,5
bintang azha,3
blum thu,5
jajal dipit,3
krenn,5
senang penuh aplikasi,5
faham si tpi d coba aj dlu semoga bermanfaat,3
toppp,5
ok jg,5
lanjutkn,4
good aflikasi,5
telat promopromo iklan,3
trimakasih smoga sukses dpn nya,3
good job,4
tau manfaatnya,5
semoga,5
goodjobs,5
coba,4
wake banget,5
mantaaaf,5
maju,5
coba dlukawan,3
ok banget,4
bagus baget,5
membantu mencari referensi dunia bisnis,4
good for my refrensi,5
semangat,3
oh,5
semoga membantu,4
sy suka,5
good for look for job,5
dunia pertemanan,5
sansangat membantu,5
not bad,4
masuk aja susah log aja langkah keamanan ngisia gk tgah jam ulang benci gk berguna,1
,5
mengalami gangguan buka hp dibandingkan fb socmed,2
sinyal nya jelek,1
best performance,5
be verry nice driver in bali,5
lowongannya berbelit belit,2
bagus berbobot aplikasi nya sempurnakan,4
ayoooo lombok,5
aplikasi menjijikkan log in ga habis recaptca nya,1
membantu,5
login uda ganti sandi tetep tolong solusinya admin,1
asyik,5
lihat bgm,3
koneksi kawan n,5
terhubung tp info lowongan ga,4
klo cari pekerjaan,4
let try and continuos improvement,5
dapet bintang,3
semoga apik,5
ntar lo udah coba naikin bintangx lgi,2
,4
nyoba semoga bermanfaat,5
coy,4
,3
bagus mmbantu,5
coba dul,5
good apps for get a job,5
lazangww,5
mendukung trima ksh,5
coba,3
uji coba,3
new,5
blajar,5
i like this,5
coba digratiskan,4
puas,4
,3
ajah,5
nyuba,4
haru up todate lg dt anggotanya,3
tahab nyobain,3
pengetahuan,4
bersikap bertindak sederhana,5
membantu,5
jngan orang kecewa,5
terima kasih bagus utk teman nambah info,4
jalani,3
the bezt,5
semoga cpt,3
coba dlu si,5
memperluas silahturami,5
semoga membantu akun,5
mudahan bs membantu,4
mudah diakses,4
i like,5
cba cari tau iya,3
its work,5
klo bagus,3
membantu hubungan kerjasama kontraktor,5
membantu and thank,5
c,4
bagus wawasan,5
bagus tuk pebisnis n menambah wawasan,5
jos,5
memudahkan mencari koneksi terhubung orangorang,5
ouch,5
wahana share informasi uptodate,5
menambah wawasan,5
tolong klo virus iklan halau,5
keren status yg blok jg jgn smua gk ya blok,4
goif,5
king,5
lowongan,5
mudah imformasi,4
nice for information jobbles,5
bantuannya gak masuk gagal akun berubah bintangnya,1
bagus tingkatkan,4
okkk thankss,5
ok i want join,5
bisnis lancar,5
bagus relasi pengetahuan,5
nice application,5
membatunya,5
app yg berguna anak negri,4
sy suka bnyk jaringan luas,5
kasih klw krjaan sino tambahin bintang nya,2
lemot,3
aplikasi keren teman ilmu pengetahuan,5
marvelous and splendid,5
its oke,4
sempurna,5
bqik,3
bagus bgtbnyk dpt tmn br yg bs bnt kt utk cari kerjaan br tp syglinkedin sy tb hilang,5
bagus kuntk mencari pekerjaan relasi,4
menghubungkan akulaku,5
ok tingkat kn,4
puas akulaku,5
memudahkan bertemu rekan yg dllm pekerjaan,5
membantu menemukan dunia pekerjaan idamidamkan,5
waowww hebat,5
good,5
bnyak temen,5
good people good vibe,5
good and safely,3
coba dl,5
thank you very much,5
jancok,5
terima kasih smoga bermanfaat,4
mejehlah sakieu mah,5
lamaran menghubungi terima kasih,1
klu bermanfaat kasih bintang,3
klu bagus ditambah bintangnya lg,4
kenal dgn org org sukses dpt jd motivasi utk lg,5
puas,5
aplikasi yg beeguna bagus,5
dl y klo bgus q,2
biar puas dikasih bintang,5
okeythanks for apps,4
hade ey,5
bagus,5
energi terbarukan mari,5
gua kasik bintaang,5
bagus dlm pengembangan jaringan,4
klo msk gak dpt n lelet,1
coba duluklo bagus bintang,2
bermanfaat,5
utamakan mencoba,3
biarkan bintang bicara,4
bagus,5
menambah relasi bisnis,5
ok,5
kasih bintang ntar jelek turunkan ya,5
,3
bintang,2
ngerti aplikasinya,2
terima kasih semoga bermanfaat,5
tau aplikasi coba deh,4
membantu tingkatkan kualitasnya,4
moga solusi,5
salaam slmat pagi trimakaziiih bantuanya,5
coba kalo bagus bintangnya,4
mantaapp,3
menguntungkan,5
ogood,5
sukses cari kerja,5
ya hahahahah,4
bagus skali,5
σk bngt,5
bintang ah,3
bintang bagus ntar lgi,2
applikasi good,5
aplikasi bagus komunikasi bisnis lancar,4
i like it,5
great work pokoknya bagus,5
menarik,3
tingkatkkan lg,4
mudah membantu,5
coba linkedin kasih foto sampulhahah,4
aplikasi g jlas,1
verify captcha susah masuk,1
can not install may be my phone suck im use himax,5
nice apps,5
ntar tambahin klo bermanfaat,3
bagus sy krng mengerti,4
sukses ya,4
terbantu terbantu,5
gooden,4
oke bnget,5
membantu mohon permudah apply lamaran kerja,5
link job architect,5
oke syafaruddin berjuang pekerja buruh mari rapatkan barisan kawan,5
klo bgus nnti tambahin,3
good,5
bnyak info bisnis,5
more job need to be publish,5
cek,4
nats toserbaolshop,5
hati akun gmail membajak bajingan,1
gatau,3
yes,5
mantaf,5
good semoga bermanfaat,5
semoga dijadiin informasi lowongan kerja,3
hebatnya,5
positif gabung dgn linkedl,5
joss top joss top joss top joss,4
membantu mencari informasi loker motivasi pekerjaan,5
ngajuin akulaku,4
bermanfaat,3
gimana sih daftar pake akun google gagal aja yah tolong penjelasannya,2
bagus info lowongan kerja,4
mantap dah,5
cari investor sawit,5
berinteraksi,5
coba klo bagus bintang nya,3
use it and you will connect to world,5
lihat aplikasinyasmga aja ngembantu akuinsya allahaamiin,4
yg dpt krja app,3
siiipp,5
perbaiki,3
ko sy ga mengajukan pinjaman,5
coba semoga bermanfaat,4
gk up,2
coba yah,3
good look and representatif,4
tingkat kuawalitasnya,4
ok,5
bagus mengerti,4
bice app,5
best aplikasi,5
yah ngga ganti foto profil,2
tob,4
hamba mu uang,5
dlu aja klo bagus,2
alus ngabantu pisan hade,5
ingintau,5
thank linkedin,5
mantap,5
gak buka close update,5
menyukai info welder,5
bagus aplkasinya,4
suskses,5
i need you,5
akulaku yess,5
sijp,4
info pekerjaan lengkap membantu,4
greet,5
mantap nambah modal,5
mantap nian,5
very helpfull and can learn many thing also can connect with many high profesional in many field of businessman,5
menunjang usaha sy menambah relasi rezeki,4
senang membantu mencari pekerjaan,5
bermanfaat,4
mudahan,5
bintang coz aq br nyobak aplikasi,3
ribet,4
why i cant use my phone number to verification i already try different phone number,1
membantu,5
bermapaat wlpn ribet,5
membantu info kerja,4
bravo,5
parah bikin akun gagal langsung uninstal ajah,1
please message free tq,5
bagusdan bermanfaat,5
membantu,5
coba kalo bagus kasih bintangnya,3
gagal masuk akun payahhh,2
bagus c x,5
lumayan teman,3
aplikasi sampah registrasi ajaa gak gak,1
maju,3
sigab,4
great aplications,5
masuk jd hebatnyatunggu kalo bintang mu,3
hebatmantapgood,5
keren my lovely linkedin,5
sy tidk aplikasi nya d copot tp gk y,2
ok,4
mencoba,3
coba klok bagus aq kisih penuh,3
cuba dlu,3
payah masak nomor cuman dibisa dipke wktu daftar pas dicoba nomornya suruh ganti pasdiganti gk masuk sekrng gk nomor yg dipke trus daftar pke daftar aj repot gimna ngasih solusi admin tolong balasan solusi,1
laah,4
,4
oke,3
makasih dpat ngebantu,5
moga,5
bagus,1
terima kasih semoga informasi pekerjaan,4
berguna bermanfaat detail lengkap akurat terima kasih in,5
bagus baut reperensi,5
topapp,4
app nice,5
semoga pekerjaan yg,5
semoga sukses,4
the best choice to conected,4
ruang interaksi profesional kemajuan personal komunal,5
trimakasih smoga bs membuka peluang bs pekerjaan sesuai dgn profesi sy,3
,4
cari kerja utk perubahan,5
mencoba,3
wasteful and bad security validation please build app more best,1
logout giliran login susah akun blokir aplikasi aneh,1
sinyal jelek,5
senang bergabung,5
dipermudah lengkap lg fiturnya,4
lowngn sepi,3
siiippp,5
excellen,5
loker beda aplikasi lainkarena postingannya berbobot berguna,5
yes,3
memudahkan mencari pekerjaan,5
perdana,5
sucess be my right,5
bermanfaat terimakasih,5
nunggu acc,3
hai salam sejahtera sukses yah,5
terimah kasih,5
suka aplikasi tpi lebi klw update lg,5
bermanfaat pd orang knpa tdk d,5
mantaaps,5
membantu meng up personal brand membantu menebar kebaikan bermanfaat,4
embuh lahh,2
good seller,5
ok jiwa,5
suka skali,5
ok sih,5
goddd,5
nice y,5
laper,5
okey good,4
good appsgo a head,5
direkomendasikan,5
coba jelek instal bagus tabah bintang nya jelek ngak kasih bintang,3
membantu,5
jual beli ac,5
oke,5
good for comunication for expert engineer,5
great way to connect people arround the world,5
semoga akurat login email reqruitment mudah,5
bagus membantu,5
ok deh,4
yg membutuhkan pekerjaan,4
update ya aja si,5
goooood,4
semoga sukses,5
aplikasi belajar mohon bimbingan nya terimakasih,5
akulaku membantuku,5
mantap banget,5
tamabh oke,5
membantu mencari loker,5
akulaku mantap,5
mantap oke banget top,5
sukses,4
mencoba,5
sukses slalu a l,5
inovasi terbaik,3
membuka wawasan,4
i have a little problem about this applicationcan not be installplease solve my problemthanks,5
sukses trus akulaku n trus maju jaya,5
top banget,4
senang banget begabng liken,5
membantu kepepet dana,5
mantaffff,5
oke mantap,5
alus pissan,5
its justice,4
tolak,1
joz,5
dicoba,2
okesekali,5
oke de semoga maju jaya selaluaju,5
goodaplikasi,5
goodmaju akulaku,5
ok sukses maju trus akulaku,5
siiiiiiiiiiip,5
,5
gimana si h,3
aplikasi oksemoga laku berjaya tuk kedepannyaamiinn,5
apik,5
ok ok ok,5
mantaf akulaku sip,4
mantappppppp,5
bagus jobseeker,5
mencoba,4
semoga kesuksesan,5
aj,4
good job,5
memperbaikin jalan hidup,4
bagus jobseeker,5
tee,5
bikin tertarik,5
mudahan job yg sesuai,5
very good for info job vacancies cookabcook,5
susah downloadgagal trsjadi bt,3
for silaturahmi,5
meningkatkan komunikasi temanteman,5
bintang,3
akulaku semoga jaya maju tdk mengecewakan bener nyata,5
upload poto gallery,5
bagus,3
deh tr klo bgus d tmbahin jd,4
ok bgt,4
suka namba pengalaman dunia kerja,5
semoga loker yg mauantafffbisa nambaj wawasan pembelajaran,5
keren manusiamanusia keren semoga bill gate founder microsoft,5
emezing,5
tes,5
bagus aplikasi bnyk peluang didunia pekerjaan,5
ok deh,3
berkah,5
access utk pencaker dn perusahaan,5
senang aplikasi,4
berharap dpt kerjaan multi nasional dgn income amaze,5
ngebantu,5
membantu bidang info loker,5
percobaan,4
best app,5
insha allah berqah,5
good application,4
terhubung profesi berbagi pengetahuanistilah dunia selebar daun kelor,5
membantu impormasi pekerjaan ngobrol dgn teman teman lamatks,5
aplikasi bagus sifat nya memajukan orang,5
bs byk info loker pengalaman interviewe byk perusahaan,5
semoga perusahaan yg amanah utk melangkahi keluarga,4
bintang bintangnya,3
good work,5
linkedin jejaring sosial membantu profesional mengenal berbagi kebaikan amin yra,5
aplikasi inikita referensi pekerjaandan teman bertukar informasi pekerjaan,4
bintang yar ditambah,4
semoga aplikasi wasilah alloh swt diterima perusahaan yg terbaik berkahamin yra,5
bagus,5
bintang ja klau bagus tambh bintang penuh,3
bagus cari keerja,3
ku sih yes,5
oke promote profile,5
aja ya coba,3
mantaaaap,4
membantu,5
lihat y,3
hem bingung aplikasi,3
wewww,3
klobbagus ksh bintang,4
mantap bro,5
dulhu kalo aplikasin nya mendukung full bintang bri,3
very interest,4
susah,1
nice job,5
pakai,5
i ya lihat,5
lumayan seru nambah ilmu,3
udah sip kasi bintang,3
kasih klo beneran kasih full,2
yobaa,3
bintang,3
ga didownload ulang,1
semoga sukses,5
liat,3
paten loh,5
bintang aj bagus,3
mantp,5
suka,3
suka,3
testimoni nnty nambah,3
mantapppppp,5
coba mencoba,4
membantu utk share,3
oke,4
sy suka aja app nya,4
ok,5
bermanfaat,5
mudahan bermanfaat,3
,3
nice apps,5
mudah mencari pekerjaan,5
coba bintang,3
duluklo bgus sy,3
maknyusssss,5
nyoba klo bagus,1
manfaatkan halhal yg positif,5
bintang,3
muantabss,5
execellent,5
coba yaaa,2
app nya bagus,5
bermanfaat utk menjalun network,5
mantap membantu,4
membantu,5
semoga sukses sukses,5
mantapz suka app nya,4
lihat deh,3
,5
likeeee,5
ruaarrr biasah,5
coba ditayangkan lowonga kerja yng membantu pencari kerja terima kasih,3
seru jg,4
aplikasi yg ok,5
hatur nuhun,5
membantu,5
membantu bagusterima kasih,5
salah nya mengawali usaha apapun yg berusaha berkarya,3
more more to relation ship,5
dibantu memperluas wawasan,4
kereeen,5
semoga bagus,5
ok bngt,5
berkenalan orang,3
pervect,5
bewbie,5
mantaap,5
memuas gk biki kecewa,5
membantu bagus terima kasih,4
w a w,5
gabung nih,5
iok,5
thx mudahkan,5
tess,3
brrmanpaat,5
bgus dlm penkembngan,5
informasinya semoga akurat yah,4
top,5
e kursi sofa cabang bandungjakarta baguuus,3
,5
trimakasih kemudahan,5
bring my job,5
sbagussss,5
menolong orang,5
dood,5
network luas,5
semangat,5
tdi download msih login gmn nh,1
siiplah,5
antap tingkatkan,4
permudahkan terima kasih,5
coba,3
butuh kerja,4
maaf msh train,1
membantu membangun hubungan,5
jelek,1
lokerya,3
makasih gin,5
loker abal,1
top among the pop,5
menambah wawasan,5
dicoba,4
pintu sukses kerja keras berdoa,5
luarbias,5
belm terdownload ya,5
ebergik,4
,3
login aja login valid,1
koneksi,5
apklsi good,5
udah daftar login logout nyoba login gabisa paswrd salah udah verivikasi email sms ttep gabisa login tetep paswrdnya salah gimana,1
dah login gak masuk,1
lumayan membantu,5
terhubung mudah,5
gooig,5
kasih bintang dlu yah qu blom tau aplikasinya kaya gmnah,4
membantu,5
coba kl bagus kasih bp ntang,3
semoga bermanfaat,5
cayooo,4
goo job,5
membantu,3
payah gk login gak daftar masukin kode keamanan menu payah,1
aplikasi,5
coba dlu klo coba,5
register log in redmi note x snap,2
simply and nice,4
geeat app,5
good i like it,5
bagus dgn nya,4
bintang aja deh,3
bermanfaat membantu orang,5
mengesankan sekalicepat akurat,5
mudahn,5
i have a job becase this app thank very recommend,4
good job,3
jajal yg bru,4
coba kalo jelek kurangin bintangnya,5
m good,5
semoga membantu mencari pekerjaan lagithanks,5
membantu,5
gc buka,4
nyoba,4
memudahkan layanan,4
bermanfaat,5
kuuuk,3
yes,5
wa kasi,3
blom tau bru mo coba,3
gi go,5
memperbanyak sahabat,5
samsung galaxy s s,5
daftar pakai email tp gabisa masuk daftar ulang email nya terpakai berti daftar yg ud tp login ttp gabisa masuk,1
oke linkedin wawasan,3
semoga slalu memamfaatkan kesempatan berbagi peluang,4
iya oke,3
semakun mantab,5
pemula,3
hati hati loker penipuan ane ketipu jngan srh transfer uang dg alasan apapun,1
ditingkatkan mutunya thx,5
bagus,4
wow,5
bagus sih tp gmn ya nambah jangka jd,5
ok banget lindked,5
ok,5
,4
bgis,5
coba klo bagus tambahin bintangnya,4
get smart,5
berbagi informasi pengetahuan teman,4
blm apk ni pengen coba az,3
membantu orang nilai manfaat dohabat,4
nya gimana ka,3
iba,3
menyukai,5
ngk paham aplikasi tp kasih bintang ja,5
mebantu laklakii atauperemuan yg butuh kerja,5
blm fasilitas upload resume data seandainya perbaikan usahakan kapasitas uploadnya minimal mb,3
jooosssluar,5
im gon na try,3
brharap solusi pendapat inpormennya,5
ok ok yes,5
test dlu,3
great,3
mantep ajha,5
menginspirasi,5
sukses sllu,5
eklusif,5
liat aja,2
profesional comunity,5
mantaffff jiwa,5
coba coneksi,3
,5
membantu,4
no comen,3
sambungan luas,5
menolong mencari pekerjaan sesuai kemampuan,4
mantab,5
berbagi pengetahuan informasi,5
mencoba,5
membantu mencari pekerjaan,5
hallow all comunity likein salam kenal sy mrjaiman sagala from indonesia,5
linkedin wahana seiring kemajuan teknologi informasi linkedln manfaat,5
tempe,2
oke,4
verygood,4
thank membantu,5
semprul,5
manfaat info bisnis linkedin,5
bagua,5
sya sgt suka aplikasih,3
infornasinya membantu,5
the best of the best,5
,5
didownload pas dibuka gambar doangagak kecewa,3
app taikkkk bikin akun g bisaaa rugi download,1
bagus ntar d tambahin,3
tolong perbaiki fiturnya lowongan hoax berujung penipuan,2
terpakza download kredit akulaku,3
so far so good,4
hopefully could be make me stronger,3
tolong pulihkan aplikasi virginiaifit ifit,5
gokil,5
tes dl,5
membatu,5
coba low gak ribet tmbh,4
coba ya ok ditambah bintangnya,3
akurat,5
tp blm dapet kerja pake aplikasi,5
jempol,4
terima kasih mrmbantu,5
bergabung,4
daftarnya gk,2
mudah mudahan peluang pekerjaan cepat,5
bsa ngajuin pjman,5
menginstal,5
membantu,3
semoga aplikasi dapaat membatu yg mencari pekerjaan mempermudh,5
pokoknya mantap banget,5
ok,4
its ok search to job,5
bermanfaat relasi pekerjaan,4
good app for all people,5
super,5
br mencoba,4
bilang orang penggunanya yg bilang apk gak ngebantu belegug,4
no coment,3
memudahkan terhubung teman,5
okthanks,4
pemakai applikasi terbantu terima kasih,3
oke salut,5
orang yaa penggunanya gak asik,5
get job,5
trimaksih,4
gabung linkedln,5
up,4
bergabung,5
we be link in,5
coba,3
q gabung,5
lumayan membantu,4
ok,3
baguuuus,5
semoga cepat pekerjaanamiinn,5
terimakasih memasang linkedin iklan,5
smga bermanfaat,5
tdk mengerti,1
membangun relasi kerja,5
lope,5
gtw,3
mantap mengembangkan profesionalisme,5
sgtu dlu blm tau isia heheheh,3
semoga membantu,5
bermangpaat,5
rumit verifikasi,1
pemula,4
relationship,5
membantu skali kenal kalangan orang,5
aplikasi terbaik seputaran job and experience,5
bermanfaat pebisnis,5
very helpfull,5
bermanfaat,4
lemot klw hp,1
masuk linkedin khusys pekerja propesional,5
menambah informasi,2
makasih semoga cepat kerja,3
senang bergabung,5
joss gandos,3
menarik ni kayaknya,5
bermanfaat terimakasih,5
bintang ya klo mantap langsung bintang,2
ok,5
busines,4
let be friend,4
tingkatkan kualitas app nya ya,4
susah mendaftar pas bergabung lamaaaa skali knpa gtu modelnya,2
sgtu dlu,3
siep,4
good apk menambah wawasan lbih mudah teman yg berpengalaman dunia bussines indonesia,5
lumayan nambah wawasan,4
bos,3
terimakasih linkedid,5
sing lancat,5
coba tau,4
job bagus,5
sanagat suka,5
coba pengalaman,4
goodthnks,5
terbaik,5
the thumb,5
tahap tahap tercapai sukses,4
sabgat nembantu,5
ti,4
memasang suka,5
bagus jg,4
iya kerja bintang nya,3
waw coba download deh nggk nyesel,5
coba dulukalau oke bintangnya,4
baguus,5
dapatkah cinta sejati,4
walk of fame city as lose,5
insya allah bagus bintang nya,5
terima kasih good luck,4
terimakasih aplikasi yg membantu,5
capek log in verifikasi blasss gak log in,1
perusahaan fiktif semudah orang it linkedin jebol email spam bertebaran dimana,2
hoaks sih ok,3
mudahan bermanfaatamin,5
terimakasihminta bantuannya pekerjaan,4
semoga sukses bermanfaat,4
manntaaappp,4
suksess,5
good job linkedln,5
linkedin membuka wawasan barupeluang usaha barumembangun hubungan kerjasama legalsukses anggota linkedin,5
sukses aplikasi linkedin,5
terimakasih linkendin berkat apk mudah mndpatkan pekerjaan alhamdulilah kerjaan sesuai yg harapkan bagus,5
very nice,4
usaha terima kasih linkedin,5
udah pnya linkedin tp faham dn bru tw dosen wktu bliau ngajar klo trnyta bsa untk lbh mudh cari pkrjaan smga ya bsa untk lbh mdah cri job skrng kasih bntng dlu deh,3
sy download mudahan bs membantu dlm mencari pekerjaan,5
simply informatif and easy to use,5
i just instal and my command good,5
bintang dulusoalnya penipuan atsnma prushaanmhon tingkatkan keamanan,3
terimah kasih sy kesempatan,5
coba pakai gw kasih bintang dlu,5
mabtap,4
ga bs cri kerja,1
senang bertemu teman,3
membantuthanks,5
rumit,5
coba x z acc bintang z langsung pelicin acc,5
bagus,3
klo bagus tmbahin bintag nya,3
download blm coba kasih ja,2
joz bagus,5
semoga yg sesuai app berjalan tambahkan bintang nya trim,4
nyaman,5
id like to link in a blink,5
simple luarbiasa,5
lg pengen belajar sih app,5
tuh tmn yg deh,5
teman wawasan pengetahuan,5
linkedin informasi informasi memperbaharui wawasan dunia pekerjaan usaha mantap,5
mantabbb,4
yacari teman aja,3
good applications,4
menjalin persahabatan,4
informasinya akurat,3
bagus sih kalo realisasi,3
penambah koneksi good job,5
ok oc,5
msntap,5
suka mempermudah sosial media,4
bagus menambah teman,5
semoga bermanfaat bagus,4
semoga berhasil,5
semoga cepat pekerjaan,3
wish you all the best,5
cari patner,5
want try,5
coba,3
memudahkan mencari pekerjaan,5
dlu kalo gampang tgl nambah,4
aplikasi yg bagus membantu pekerjaan,4
,5
goodjobs,3
test,4
semoga sukses,4
bagusssssss,5
place support,4
bagus membangun jaringan good for jobseeker,4
klo bagus bintangnya nnti jd jendral ya,4
apkikasi yg memperkenalkan profesi thx,5
aja nyaa semoga bermanfaat,3
bagus bet aplikasinya,5
coba apl,3
daftar,4
elegant,5
oke banget,4
dlu dech yaam,4
bagus promosi,4
people so awesome their jobthanks,5
semoga bermanfaat menjalin persahabtan,5
anak tolong bantu,2
bagus tingkatkan,4
alfred hocsdi,5
semoga sllu kebaikan bgi,5
mencoba kalo ok ya diterusin,3
senang brgabung disinismoga prshabatan ttp trjlin selma nyaslm hock,5
near perfect,5
tester,5
linkin park,5
coba dlu,4
membantu menemukan teman kerjaan,5
pokok e joss,5
nyobian heula,3
silaturrahim,4
cba,3
terimakasih berbagi informasi,5
mengenal orang berbagi dunia pekerjaan,5
senang bertemen thank sihar albert auditor gbu,5
ok good,5
oke utk ajang informasi karier,4
professional,5
sip update,5
yusepul dah,5
,5
banget,4
ukey,5
membantu tolong up date info job terpercaya,5
kali aplikasi moga info pekerjaan sahabat sahabat,5
,3
aplikasinya bagus penggunanya bagus bertanggung yg gak bener isinya mengatasnamakan managemant,5
lumayam,3
hoyong damel,5
membantu pencari job,5
yoiii,5
coba kebenaran aplikasi,3
good informations for job,5
actually this aplication not bed but i dont udestand why in message not any attrach for file like excel power point word and ect and the data for aplication so big and slow load please give me feedback and hope this app can be better than this time,3
it be counten very well,4
penguna tolong rinci,1
semoga menbawa berkah,5
aplikasi memverifikasi main tebak gambar menjengkelkan maaf ya sy uninstall terimakasih tebak gambarnya,1
no coment,2
peminat linkedln,5
coba masuk,4
aplikasi menxukung peluang usaha,5
dinamis,5
semoga beruntung,4
menyukainya,5
bagus tearah,4
kasih bintang menarik terimakaih,3
oknum yg tdk bertanggung dgn mengatasnamakan rekrutmen jdi lbh berhati tolong min kyk gini sgera diatasi,2
bintang bagus kasih,2
,5
teman saudara,5
bin lelet,3
ok kuotanya update update,3
bagus kadang lelet,4
realiaaai kebenaranya,5
sop,5
robot muncul ketik gambar dg solusinya,1
okey okey,5
bagus kalangan bisnis,5
membantu jobseeker,5
,4
okey bagus,5
ok membantu,5
pantang menyerah,5
linkedln kirim video ya,5
congratulation,5
mudahan membantu mencari kerjaan,5
coba,5
lumayanlah nyoba,3
hallo everyone,5
good aplikasi,5
jos,5
its something new for me awesome,5
not bad,2
coba aja gw kasih bintang,5
d coba,3
menjalani hidup,5
pangkas yg bermanfaat,4
coba aja syiapa tau rizeki kerjaan,5
domain email abal abal tolong diberinfitur report filter yg semacm semoga bermanfaat orang terjebak lowongan kerja palsu,3
eror lambat input or edit profil,1
perkembangan ilmuyg bagus,5
info job updeet,4
god jobb,5
dullu aja,2
verifikasi sampe mnit sndri udah kaya teka teki keamanannya ribet,2
bagus banget,4
siip dah,4
semoga,5
kucoba,3
aplikasi,5
lengkap kebutuhannya,4
smoga sukses,1
manjalon pertemanan bisnis,5
very nice,4
try first if its good ill give star,4
beruntung kenal tenaga profesional,4
kucoba dlu y klo ok kitatambah bintngny,4
hidup diiringi doa usaha,5
vmonoton utuk aplikasi chat tren moderen,3
good virtual design,5
membantu banget,5
look for job,4
more friends more opportunities,5
ya terbukti tambahin,3
knp utk verivikasi langkah keamanan bgt yah nya install,3
semoga brmanfaat bru coba,4
aplikasi memudahkan mencari pekerjaan,5
sukses,5
nice,4
smoga bermanfaat slalu,4
ssh x bk linkrn,3
mantaf,4
suka,4
tingkat online shop company profile,5
aplikasi keren banget,5
nice,5
top skor,5
semoga kesuksesan,5
awesomoe,5
inspiratif,5
pokoknya keren,5
mamtap,5
like it,5
mempermudah say mendowload bahan kuliah,4
mantap bayak teman,4
toap,5
oklah,4
informasinya usaha pas businis,5
b,5
pemula,5
bermanfaat,5
ok shiip,5
pokoknya oke oce,5
gak upload artikel gambar file,4
informasi teman dikota,5
bagus berteman,4
ferfect,5
memperbanyak temana,4
nice work,5
bagus terhubung dunia luas,5
a completeplatform for your professional career,5
bgus,4
excellent,5
very very very good,5
membantu kebersaman dlm persahabatan,5
your besttt,5
mencoba yg,4
media share positif pengguna medsos mari berbagi memperkaya wawasan kebinnekaan indonesia,4
belajar and mengajar,5
harap capta hilangkan krn menganggu klik klik tp gk kelar,1
semoga,4
blm tau krna blm pake,3
bermanfaat,4
semoga good,5
banyk solusi dr aplikasi trma ksh,5
berbagi kesuksesan,5
coba,5
pengguna,5
sipp,4
semoga membantu menambah relasi,5
ditingkatkan,5
mantap bagus aplikasinya,4
coba kalu bagus kasih full,3
diferent and usefull,5
keren,4
tar ya dicoba dlu,4
membantu pencari kerja menambah relasi,5
we be the water solution,5
membantu sich,4
bahus,5
daftar,1
coba aplikasi mna kualitanya,3
ooo kk,5
login masuknya proses login diulangulang,1
gampang mencari teman kerjaan,5
good apps i like it,5
joss,3
blum cobak nti klu ok tk blang sanggat membantu sekedar bintang makasih,5
top,4
ntar klo bagus tambahin,3
sy coba dl mdh bagus apl ya,3
mantep bsa ama org org sukses,5
aplikasi,5
baguslah aplikasinya,4
membantu,5
cobai,4
iklan,3
superbly usefull keep up the good work,4
ziiippp,5
oke,5
masuk kasih bintang,4
dunia luas,5
good keep it up,5
masuk linkedin dipermudah,4
mencoba dulukalau bermanfaat bintang nambah,3
menambah koneksi,5
bagus sngt membantu,5
males banget buka linkedin kalo share gk langsung ngambil gallery masuk berkas susah nyari foto upload,1
udah lengkap aplikasi nya tambahin,2
lin bsa komunikasi ama rekan sepropesi cari peluang,5
mem bantu pencari kerja sesuai skil,5
sngat mmbantu sya full kn bintang ny,3
admintolong diperbaikisaya udh kali kirim fitur pesan aplikasi hasil nya gagalmohon tanggapannya pengembang aplikasi,3
salam hormat,4
log out,3
seruuuu,5
bintang aja bagus ditambah,3
sy coba,4
bintang sempurna,4
mencoba bagus d kash full,2
just like it,5
kalo bagus langsung,2
aplikasi nya log out ya buka aplikasi linkedid log in,2
semoga lbh bagus lg pencari kerja dpt informasi seputar lowongan kerja,3
bintang dlu klo udh paham tingkatkan,3
tank you,4
bergabung,3
mencari tau kegunaan nu,5
coba menarik kasih bintang full ok,4
coba deh,5
,4
senang,5
sdg dlm percobaan,4
membatu zy,5
dlu nnti klau bgus bru bintang,3
all shall be perfect,5
kasi bintang dl bagus promosi jenderalok,3
yesgood,4
bizzz,5
nih coba ydah kasih bintang dah tanggung aflikasi abal uadah panggilan kerja sampay,5
app be the best,4
jooss,5
semoga bermanfaat ijin nyoba and jempol full,5
we hope linkedin be fine than the others,3
knpa susah aq bikin akun,3
membantu informasipekerjaan,5
bagus share info loker,5
yaw,5
mencoba yg,4
bermanfaat berbagi pengetahuan,5
good karier,5
membatu activity kinerja,4
thanj for your kinds,5
sarana pertukaran pengetahuan,5
maknyuss,5
seep,5
oke,5
bagus cari loker,5
mantp,3
can ngarti euyyy,5
thank bro,4
ok dech,3
supoort,5
bintang duluntar kalok bagus tambahin,3
yes allrigth,5
good performance,5
cocok,4
test ya,3
coba,5
like,1
menjadikan hidup mudah,5
berharap membantu,3
bagus berguna mencari informasi,5
good luck,4
coba dlu yah aplikasinya,4
gimana sih gabung nya udah nulis yg perintah tapii langkah keamanannya yg bikin susah,1
applikasi membantu unt informasi yg berguna info lowongan pekerjaan,5
good,4
mempermudah menemukan loker good job,4
mantabbb,3
come joint travel a lombok island,5
blom hasil join apk,4
bergabung lanjutannya,3
ga ya kl infonya gak pakai bahasa ingris sy gak ngerti,5
suka,5
wawasan,4
pake app jd blm ngerti bgt,2
coba,4
ketemu,5
membantu,5
membatu banget link in temanketemu teman menambah wawasan mencari pekerjaan,5
ja,3
aplikasi yg bermanfaat pekerja profesional,4
ok ok,5
berwawasan luas,5
tyop,5
coba dlu y bagus bintang lg,3
gool aplikasi,5
kl,3
yahlumayanlah,4
no understand,3
aplikasi menghubungkan pencari kerja dunia,5
aplikakasi,5
soiip,5
bgus,2
nyobain dlu,5
bergina banget informasinya,3
bagus yaa insya allah,4
lu,3
coba yaa,3
make bintang kalo bagus,3
kali akun hilang gitu aja email sandi aj gak buka tolong donk blas bagimana biar akun,1
puas aplikasinya,5
sulit display nya berat page nya,5
bintang karna pendaftarannya sulit,3
happy fun,5
semoga aplikasi mendaparkan pekerjaan,5
dunia maya dh macem akun,2
membantu sahabat,5
kelebihannya,3
hati hati loker penipuan berdalih biaya akomodasi mengatasnamakan travel,1
membantu menjadikan chanel diseluruh dunia,5
berharap sesuai,3
okay,4
awesome by eastjava,5
ok,4
terimakasih lk in,5
suka,5
jenpok rek,5
bingung aplikasinya,3
berkerja network yg,4
bergabung gagal melulu sih,2
membantu cari kerja,5
verfikasi sandi berulang kali,2
susah tuk login nya,3
jaya,5
menarik,4
manis,5
siiip,5
sayangnya terjemahnya,3
minat teman aja yg ngasih tau,2
me and yu,5
bagusnya,5
,5
gooodd,4
xp cp motor atv,4
いい,4
cb,3
hp sulit snyt krng bgus,3
saran masukan linkedln lowongan penipuan filter,1
mayalah,3
sulit masuk,4
membantu meningkatkan network,5
lihat,4
memuaskan,2
terpecaya,5
install,5
ga akses web ya,4
verifikasi masuk nya susah bgt gak susah masuk verifikasi robot sungguh sayangkan,1
aplikasi bagus membatu,5
thank,5
goodverry good,5
sukses nda mesti mahal,5
penipuan mengatasnamakan perusahaan mencari pekerja karyawan uang,1
bagus memudahkan mencari teman pekerjaan,4
dipelajari manfaat nya,4
yess,4
terima kasih linkedln berkat km jd mudah mencari pekerjaan menemukan byk teman perusahaan lokal negeri,5
pngguna min,4
aplikasi linkend cepat profil teman,5
semoga usaha berkembang,4
wow super aplikasi,5
help full,5
linkedin mantapp,5
oke try,3
good job,3
pertahankan kemudahan,5
coba tau aja langsung dpt kerjaan,5
nyoba,2
salam perdodara an sh terate,3
membantu bisnis,5
pembaruhan ko stiap minggu sihh,3
nya bagus semoga bermanfaat,4
tolong diterjemahkan bahasa indonesia benci gw apl gak download sih,1
good tool,5
coba aplikasinya kalo bagus nambah,3
samgat membantu,5
until now update why update again and again but if your signal bad can not conect if we travel around and get bad signal in some town only say bugbugbug please we need this app make update help everyone in everywhere in africa cuba or small island no name thx for att,3
good inspirator,5
manfaatnya,4
kasih aja coba semogah bermanfaat,5
paket internet as hajar mendownload mb,5
optimal,1
info terbaru dpt inform lwt email,4
sip,3
good solution creditial global,5
tes ya nmbh lg deh,3
good application butmake simplethanks,4
good aplication,5
kerjanya akurat,5
ok babget,5
profesi profesionalisme,5
you kb you,5
okmoga sukses,5
cocok b,3
aplikasi sbenarnya bagus suka aplly lowongan sign in pas pakai sansi salah nggak melamar kemanapun,2
excellant,5
mudahan bermanfaat,5
ga login,1
bisnis,5
bagus simpel informasinya,5
yaaaa keren bngt lahhh,5
keren banget terpercaya,5
membantu informatif,5
universal lingkup luas cocoknya yg kerja negri yg dicari yg kelas s pengalaman bahasa default inggris cocok fresh graduate keamanan ketat penipuan mengatasnamakan pt terkenal iming gaji dicari wanita embel mess dibuktikan persyaratan kualifikasi yg persis beda pt,1
okkkk,5
pusing bayar sekolah pinjaman daftar kuliah butuh dana juta,5
very nice n good,5
aplikasi terbaru tpi tman msih smga dpet yg bru,5
fiturnya bagus,5
siipppp,4
mantapppp,4
pindah kartu memory,5
link sy srlalu dukarcfy buka krn luoa password sy saranksn coba afmin libked fafilitas penggsntiisn password simpel safe jsngan fpt google ribet,3
iklan,3
good i like,5
bagus komunitas profesional,5
great app,4
lbh formal,2
oke,3
yg sederhana,2
salam sukses,5
seep ok,4
i like linkedin,5
jempolan tuk d coba biar up date,5
mahalnya,5
nyoba kasih y,2
informatif membantu,3
update biar keren,4
cari baiksp tau blanx,4
ntar,3
bast,5
link be the best,5
apagk ngèrti,4
puuas,5
coba,3
link to,4
user pemula meningkatkan pelayanan,4
utk komunikasi informasi,5
bagus gsn,4
bagus,5
okbanget,5
mayan,3
gk,1
sayangnya aplikasi tdk disalin teks aplikasi,3
top la,5
tetep ok,5
mudah,4
bismillaah tes yaaa cari kerjaan cocok in syaa allaah,3
coba dlu,4
suka bagus banget,5
help me to find out my friends connect with them thank,4
dicoba duluaq kasih bintang,3
kasih dlu ya krna bru coba versi android yg web suka,4
bagus,5
aplikasi highclass keren,5
emang sip,3
tes dul coba,4
bintang nya ya,4
bagus partner kerja,5
bagus bermanfaat pebisnis,5
simple network bussines,4
cb ya klo bgs ok,4
ga ngerti ni tamu,5
tuk informasi berbagi cerita slalu terbaik,4
coba,3
aplikasi d pasang nyampe jam nggak muncul,2
menolong,4
leh,5
tes,4
testimoni,5
bagus koneksi,5
helpfull application,5
god job,4
bener kah,5
mantappp,5
ariestriwahyudise,5
semoga,5
bismilah test ya,5
keren n mantab,4
bru pakentr klo bgs d bintangnya,3
aplikasi top banget smoga smakin ngetop,5
bagus bersatu teguh bercerai,5
i so happy to use this application can help me to join other people and to share about some business thank,5
aplikasi membantu kawan,4
bagus guy,3
lumaya membantu,3
menambah relasi,5
the best for teacher,5
terkenal tpi blm prnah nyoba,5
klo bagus nambah,1
tank sngat membantu,5
coba ya,4
its so excite meet the best people on their world,5
berguna link,5
suka kadang sulit mendaftar cari pkerjaan,4
bug update profil,2
coba gimana jogetnyaklo mantab gpp,3
matnap bagus,5
perbaharui,5
keep go,4
gabung ga aktiptapi linkedin setia,3
semoga sukses slalu,5
ribet masuk keamananny ribet ulang masukny,2
kalo bagus,3
mαπtααp βroo,5
sukses ya,5
dl kl bgs br tmbh,3
be good,5
simple easy acces,5
kalo bagus bintangnya,3
bermanfaat menjalin komunitas pengembangan relasi,5
great app for link the professional each others,5
semoga berguna,5
godjob,4
semoga manfaat job,4
memudahkanku menemukan relasi,5
tau masuk aplikasi ket login valid lewati puluhan keamanan ganti sandi hapus data masiihhh aja hadeeeuuhhh,1
block iklan,2
ok referensi,5
dicoba,3
memperluas hub kerja,5
malas pakai,1
sya senang suka dngan app,5
mencoba,3
manfaatnya,3
bertukar informasi,4
mencoba peruntungan dr sebu app,4
kalo membantu kasih bintang,3
mencobaklo bagus n bintangnya,4
jaringan,5
okeeeeeeeeeeeee,5
bagus banget,5
kenemu,5
membantu fresh guadate,5
lengkap,4
coba yaa,4
sipp good,4
br download smg manfaat,3
mempermudah hubungan pekerjaan,4
aplikasi positif,5
menyukai,5
mantap mudah an berguna,5
good opportunity,5
tester yach,3
smga kedepannya lg,4
tigɑ ɗʆuɳɑɳti kɑʆɑu รɗɑɦ ɓiรɑ ɓɑʀu kɑรiɦ,3
sy mudahan promosi bisnis,3
kl diperbanyak lg info,5
thank,5
ntr klo bagus tamba,3
pengaturan email notifikasi,3
i love linkedin,5
mempelajari,4
아 좋아해,5
msa cobaan kl ngs tambsh,2
the best for aplikasi,5
aplikasi bagus,5
this application be very good thank,5
dlu membantu,3
menambah kreatifitas tersendiri,4
unt menerima info yg positif,5
senang banget,5
good apps,3
mantap sya kerja,5
kurangi hoax,4
i love dd,5
goodtingkatkab,5
permudah,5
app linkedin emang top lahhanya dibenahi lagikl aq send masages org yg aq knal gak kebuka tool send masages nya bro thank,4
amaze,4
,5
mantap,4
penis,5
sagat membantu,3
good tpi jgn suka lemot lg,4
this be world your the control,4
good,5
gurih,5
trim,4
coba,4
meningkatakan relasi,4
good boy,5
no komen,2
good for organitation,5
pencari kerja linkedin yg pas mencari kesempatan karir recruiter yg linkedin mencari talent yg sesuai tugas mengisi profil selengkap pengalaman pendidikan kursus dll pertimbangan recruiter menghire,5
best moment,5
ditingkatkan programnya,5
good job bro,4
bagus ngerti pake nya hehehhe,5
mantap om,5
go on top,5
utk membangun jaringan,5
sangatembantu,4
good apps very recomended this apps,5
moga membantu mantap,5
dicoba ntar ditambah bintangnya kalo bagus,1
lu manyun,3
good joobs,4
bermanfaat utk pengguna,5
gak didonwload kesalahan tulisannya,1
senang dgn aplikadi,5
helpull,5
greaters,5
membantu menamba rekan mencari pekerjaan,5
good lumayan mencari pekerjaan,5
ok ajj,5
pembaruan mei aplikasi dipindahkan micro sd this application can not be move to sd card,1
coba,3
mantap,4
siip,5
bagus utk mengembangkan jaringan,5
agrobisnis and gemstones,4
pendapat,5
jet a job easily,5
linkedin be the best,5
mantaap,3
memahami,2
semoga eksis,5
menyukai,5
coba semoga bagus,5
i cant write my note for my friendsnhmm,3
yeahh,3
lihat ahbaru suka,3
its just begin for growth,4
maaf belajar,3
oke untk yg sudh fham,3
ketemu teman,4
tanda,5
lumayan nambah pergaulan,3
maju teknologi tuntut utk mempelajarinya teliti yg bermanfaat,5
coba dlu,4
asik relasi good job link,4
bingung cari linkedin mohon pengarahan penjelasan usaha bidang likendin anggota,4
aja ya,3
koneksi kerja,4
jaga sholat,5
sy kasih bintang dlu,2
save bahagia,5
membantu,3
mogamoga aja ngebantu banget,5
mohon,5
amaze sosmed for the future,5
bagus tingkatkan,5
bintang ya ntar ditambah,4
sip,4
kereeeeennnn,5
bagus menyukai,5
be happy,3
bagus,5
mantab aplikasi mend jadikan bb simpel dah gak makan makan ram hp lowend,5
hidup lillahi taalaa,5
app mudah,3
coba kalo bagus,3
kembalikan data ku,5
i always renew this app but still cant move in micro sd card why,5
coba klo bagus nnti mudhan membantu,3
payah,1
good for job seeker,4
lumayan cari info loker nya,5
interaksi yg maju bravo,5
,4
baguss bangettt,5
manyap,4
new app clean and responsive,5
bagus lahh,4
moga sukses,5
awam,5
kiro kiro iso ora iki,3
blm coba,3
sippp,3
lina,5
lumayan aja,3
berjuang henti,5
i love this apkits very useful,5
bagus bisnis,5
membantu fresh graduet,5
greatt,4
great aplikasi,5
mempermudah mencari orang terkait pekerjaan,3
very helpful to find a new job,5
inovatif,5
mewujudkan pekerjaan mudah,4
membantu mencari relasi jaringan kerjathnks,5
buka coba semoga bermanfaat,5
mudahan dpt pekerjaan yg bagus,5
membantu,5
mencoba bintang,3
urang update,3
mantapp,4
lumayan bermanfaat,4
,4
job,5
nyoba ya,2
spam instal i hate i do uninstal but spam notif,1
,3
ga,2
program kenyataan,5
semoga bermanfaat,5
sya coba bintangnya yaaah,2
mencoba semoga aja,4
baguss banget,5
bagus skali,5
mantab qolbu,5
,5
sumanget,5
udh download gak buka,5
relasi plus info,5
membantu,5
nyoba dlu ah,3
membantu dlm belanja,5
bertemu dgn yg tlah miskomunikasi,5
perpect,5
percobaan,5
good choice,3
admin memakai aplikasinya,5
mudah mudahan menerima,4
kasih bintang dlu tar klo bagus bintang,3
force close bad problem but good app,5
tes deh,2
be,4
bermampaat,4
suka bisnis,3
pokoke apik,5
susah log nya sdh berkali kali,4
media koneksi terpercaya,5
mantao,4
keren banget okay,5
coba,3
dlu z,4
semoga membantu,5
bagus blog,5
daftar,3
apapun dimanapun handal,4
good application,4
coba ribuan kali tetep ga log in,1
mendukung kesuksesan,5
ciba,3
siiiip,4
cobq duli,5
lumayan membantu,4
ok weldone,5
woww,4
coba n belumtau,5
fabulous,5
keeereeen,5
membantu,4
ya iya,5
mudah bermafaat,5
gak enk,1
insyaallah,5
siep,5
good dah,5
cukuo berguna,5
indah berbagi iklas,4
sample and easy,5
unduh,5
bagus nambah link orang profesional,5
just go ahead progress,4
lumayan upgrat lgi biar lbh bgus,3
good super mudah dapatkan apartemen harga terjangkau,5
lowongan gak nerima bohong makai applikasi,3
bagus info kerjaan,5
jarang peluang,3
pertahan meningkatkan mutu,4
logout,3
semoga rejeki pekerjaan yg harapakan linkedin,4
bagus mohon ditingkatkan mudah cepat,5
membantu meningkatkan jaringan kerja profesional,4
thank linkedin find place work more easy,5
lemot,5
semoga bagus aplikasinya,5
very great appl silahkan mencoba,4
lbih ok,5
aplikasi terbaik,5
up terusss,1
ok,5
coba moga bermanfaat,3
just do it karim,5
tolol,1
sy kasi bintang dlu klau bagus tau kasih,3
im engineer,5
smoga succses,4
be verry good,3
gòod for proffesional communication,5
coba yah,4
mengesankanterimakasih,5
gut,5
this good aplikasi,5
bagus,3
bagus krn semntara lg sibuk,3
very good app,5
dg linkedln sy bs lbh tau informasi dg cpt,5
tess,3
coba mencobak,5
aplikasi nya mohon bantuan nya,5
many thank for accept in linkedin hope fine to get network,4
padat berbobot,3
pretasi yes narkoba no,5
tolonglah memories,5
bintang entar klu udh coba bagus entar lg,2
goodyear,5
linkedin membantu bijaksana salam,3
mantab,5
suka banget dgn aplikasi membantu,4
the good conection,5
,3
membantu link pekerjaan good job,5
bagus hasil sumber belajar berbagi informasi,4
baij,5
bagus membantu karier,5
membatu bangeet,5
bagus,4
ditingkatkan akses loginnya,5
soo far good,4
bagus mempermudah komunikasi kembangkan,4
awesome app,5
bgus,4
bagus,5
apk nya bagus ih memudahkan komunikasi,5
sipsemoga bermanfaat,5
cba dlu yeh,5
media yg positif,5
god,4
mantabzzz kerreennnzz pokonyaahhh okeehh bang deehh,5
good job,5
its ok,3
kereeeennn,5
it still buggy cant put unlisted company name please fix it,3
like this app to help us find a new job,4
mantap bro,5
suka ruuuaaarrr biiiaassaaa,5
media yg ruarrr hebat suka suka,5
semoga succes patner,5
ye,5
membantu mengembangkan jaringan,5
error force close,2
keren kenal sahabat negri thx,5
aggre,5
god job,5
coba pengalaman,3
it should not need payment for full feature,4
elek,5
membantu mudah,5
aplikasi bermanfaat,5
be oce,5
bagus cari relasi,4
suka mencobanya,5
new ready,5
memperluas jaringan terbatas,4
kreatif partisipatif,5
good for business,5
good informations always,4
nice,5
biar lancar smua,4
membantu menghubungkan dunia,3
good aplication,5
sukses,5
future apps,5
ok z klo promo usahaku,5
yes i like,5
jaringan,5
memperluas jaringan good lahhh,4
oke utk dicoba,5
limit gratis tpi knp nya pulsa doang,3
nice application,4
sebal,2
membantu mencari pekerjaan,5
oke bgt,4
bermanfaat berjejaring nambah pengetahuan,4
nice and very nice,5
good,4
sip jos,5
keren aja,5
mantap abieeezzzz bro,4
nice app,4
sii,5
membantu mantappo,5
yes i do,5
i like this apps,5
jaringan luas,5
bangsak,5
hello worlds,5
aplikasinya kalo perbarui kemacetan,3
cukur puas,3
hello kitty,5
berita berbobot,5
mudah mudahan bisnis,4
nice,5
nice,5
blm coba mudah mudahan bermanfaat,5
suka aplikasi mengirimkan pesan orang,4
bagus aplikasinya,5
nice app and recomended,5
peluang menambah wawasan,4
aplikasi android wajib instal bermanfaat,5
klo dah ditrima krja br nmbah bintang lg,4
tes bagus kasih,3
nambah informasi,4
nice apps,3
kecewa akun dibatasi,1
bagus meningkatkan ilmu pengetahuan,5
informatif membantu utk orang yg mencari pekerjaan,5
,2
keren banget nih,4
linkedln kirim pesan balas pesan pengguna linkedln yg laintiap balas pesan ktanya pesan gagal dikirim mohon tanggapannya,2
bahagia,5
like cv online to promotion our life,4
goodvery good application,5
msih mencoba,3
aplikasi,4
nice to have,5
make a simple get information,5
berguna,5
buka link padwordnya bilang salah,1
bermanfaat utk,4
ok good,5
semoga bs org yg sukses,3
nnti dtmbh klo bagus ya,3
not bad,3
nyoba klo realty ya tambahin,3
lanjutan,5
joss gandos,5
kebutuhan diandalkan,4
i love you,5
coba dlu deh,5
good app,4
linkedln top,5
ksh dulukl bgs tambahin,3
kasih dlu,3
coba dulubarangkali dpt job,3
like this for aplication,5
bapuk,1
good relation information for me,5
good,4
coba,4
memahami,3
sya coba,4
semoga membantu bismillah,5
proses instalnya android,2
mantab bri,5
lumayan bgus entr bintangnya,3
sulit masuk,5
coba semoga bermanfaat,5
penyemangat kehidupan,5
mendaftar masuk akun,1
kjooooss,5
coba,3
bgus aplikasinya tolong jringannya jgn trrlu yg bgus krn h susah,5
lh,5
linkedin ok,5
big help and a lot of information,5
i like it,5
semoga dpt membantu,4
linkedin yng terbaik berita wahidiyah,5
its very easy to contact people,4
my linkedin be mspk cadsena,5
resep,4
cona dulj,2
dicoba nih,3
bangus nih aplikasi keren tp q coba,3
ok jg,3
susah installnya susah daftarmya susah loginnya,1
masuk mohon dantuannya terimakasih,3
mboch,5
