text,rating,polarity_score,polarity
kulu kulu,5,0,neutral
baik,5,3,positive
bisa neg mention,1,0,neutral
mudah mudah rezeki biaya hidup,5,13,positive
bagus,5,2,positive
ananias simon malakabu,5,0,neutral
ok,5,4,positive
aneh buka kolom jaring,1,10,positive
i cant register always try again,2,0,neutral
terima nama abdul yasmin sorot dunia,5,3,positive
google payments privacy notice last modified november the google privacy policy describes how we treat personal information when you use google products and services if you are under the age of you can find additional resources the google teen privacy guide google payments is offered google account holders and your use of it is subject the google privacy policy addition this privacy notice describes google privacy practices that are specific google payments,5,0,neutral
bagus neg,1,2,positive
moga slalu sukses canggih,3,4,positive
kurang iklan,5,-3,negative
excelent,5,0,neutral
tolong ajariysaya alam terimakasih,5,10,positive
mantap,5,5,positive
keren,5,0,neutral
moga sukses capai,5,8,positive
bisa neg minggu semenjak habis post portofolio mari periksa aman cepat fakta mohon bantu,2,9,positive
curi potong saldo dana,1,-1,negative
kotak black screen ganti sandi ulang,1,0,neutral
muas,5,5,positive
linkedln depan koneksi whatsapp mudah obrol cari kerja beri kerjatingkatkan fitur depan guna bagusbaiksemoga bagus amin sukses depan maju,5,16,positive
mantap,5,5,positive
masak saji makan makan tamu,5,8,positive
bagus manfaat,5,7,positive
good,3,5,positive
bagus,4,2,positive
susah lag parah mohon baik,1,-3,negative
bantu guna,5,4,positive
,5,0,neutral
platform konsep aman tolol tau bisa kena batas permanen bikin verifikasi persona dipake nama paksa biar data pribadi gitu verifikasi nunggu loading abad hadap captcha tolol,1,-22,negative
bahasa indonesia andi mijriana gula merah,5,0,neutral
akurasi cari kerja top,5,4,positive
oke,5,2,positive
pamer posisi curhat,1,-1,negative
bagus,5,2,positive
tolong bantu tutup hapus loading fungsi neg maksud tolong bantu hapus linkendin susah langsung hapus susah terimakasih,2,6,positive
notifikasi nonaktif mari laku periksa aman cepat banget jam muncul neg bener,4,7,positive
good suka,5,8,positive
amazing,5,0,neutral
verifikasi susah warga negara indonesia milik neg passport ktpsim verifikasi warga indonesia,2,-2,negative
mantab,4,0,neutral
bagus warna tampil sederhana tarik info guna nal gabung tim tim hebat negeri tambah komentar tombol terjemah bahasa mudah erti bahasa mohon maaf terima,5,0,neutral
bantu,5,3,positive
cocok samping,5,0,neutral
manusia,5,3,positive
bagus,5,2,positive
okbos,5,0,neutral
keren media anotasi ai,5,0,neutral
susah buffering jaring bagus,1,2,positive
baguss,5,0,neutral
good job,5,5,positive
repot paksa masuk linkedintapi respon cepatbikin neg susah habis,2,-10,negative
bantu koneksi bisnis,5,8,positive
terlalu neg manfaat ntah paham guna repot terkadang suka melihatlihat kerja banyak loker palsu putus hapus terimakasih,3,14,positive
usefull,5,0,neutral
manfaat tambah wawas alam,5,10,positive
cari kerja,5,-1,negative
bantu informasi kerja cari,5,4,positive
busuk cokmau verifikasi email susah banget,1,-7,negative
loading mulu jaring lancar tungguin sejan kelar neg kelar,1,15,positive
ribet tolol gagal blokir banyak atur bagus,1,-7,negative
p z,4,0,neutral
lumayan,5,1,positive
okay,5,4,positive
periksa cepat ulang ulang lodingnya jelas neg,1,-1,negative
ari rahayu,5,4,positive
loginnya susah sumpah bikin emosi masukin nomor hp nomor bisa neg pakai ganti nomor hp sampe kali bisa neg pecahin teka teki pilih bilang kosong pilih emang gila bikin badmood,1,-3,negative
kreeen abiss,5,0,neutral
jarang buka kena batas verif ribet kali verif buka neg,1,-4,negative
logout tutup,3,-2,negative
aplikasi bagus banget samping uang jajan pokok rekomen banget kerja samping ajar uang jajan tambah,5,1,positive
bagus,5,2,positive
akses data pribadi hapus bug masuk,1,-7,negative
gabisa upload,1,0,neutral
linkedinsangat bantu cari loker,5,0,neutral
sanggat guna,5,1,positive
jelek banget dah verifikasi identitas error persona aneh aneh suspend salah neg sumpah aneh banget dah kadang loading sampe abad dah periksa,1,-11,negative
bveaqis,2,0,neutral
assalamualaikum,5,3,positive
x hack negeri verifikasi hubung nomor handphone email verifikasi,4,-3,negative
duit tarik dana,1,6,positive
good goosss continue teransfaran for below alias zaini muhammad zaini,5,5,positive
good apps,5,5,positive
,5,0,neutral
uang ambil,1,-5,negative
aman pas mereset sandi bisa neg ganti salah koneksi,1,4,positive
lowong uptodate,3,0,neutral
moga informasi akurat manfaat penguna,5,8,positive
dpt neg kerja satt,1,2,positive
pake ktp curi data online neg langsung hibernasi emang paksa guna aktif tolol nggak nyampe,1,-10,negative
ok,5,4,positive
audah,5,0,neutral
teases mee get the chance iw,5,0,neutral
tolong baik bug aplikasi banget bug benerbener bisa neg gunain,2,3,positive
mudah luas relasi,5,10,positive
worst,1,0,neutral
bisa neg hp ku,1,0,neutral
senang sambung dunia profesional dunia update tahu dunia kerja,5,11,positive
alhamdulillaah baarakallahu fiikum,5,0,neutral
bantu koneksi bisnis lancar,5,12,positive
taiii anjimm gw pulihin di neg gubris gubris minggu,1,6,positive
gabisa masuk pas captcha gambar kali kali ulang,3,2,positive
suka bug tayang profil naik neg like konten naik neg refresh muncul update neg update neg cari loker suka naik neg konten bagus aplikasi,1,10,positive
bisa neg masuk verifikasi,1,-3,negative
best,5,0,neutral
nyaa uji sabar udahh kali besok huftt capee nyoo lamaa,4,6,positive
,5,0,neutral
flexing pacar cari kerja susah banget sebel apasih jt kerja,1,-8,negative
good,5,5,positive
busett dah cok daftar susah muter dikemananan niat sih neg bug gin difiks neg pdhl ngeluh tau susah nyari kerja diindo tambah gin mulu nambah stress harap mulu ama ginian mulu kuar lingkar setan,1,-16,negative
mohon baik apply sesuai atur apply mohon direset baru mohon kembali setting cari kerja,3,15,positive
tot,1,0,neutral
susah banget verifikasi bug aneh mudah akses masuk,1,5,positive
gatau hack gimana nomer hp ubah gabisa,1,-5,negative
dah tibatiba nonaktif gitu muter muter mulu,4,-1,negative
lampir perihal dfhaljkl,4,0,neutral
daftar ada neg kecewa bagi ilmu rekan profesi tambah wawas terima,5,20,positive
,5,0,neutral
jelek bug,1,-5,negative
daftar ngk maaf mulu maaf salah silah gw gitu mulu,1,8,positive
uang k info chat alamatkehiduan guys,5,1,positive
,5,0,neutral
the so slow verify fasr security it aint work at all when i forget my my password,1,1,positive
daftar gabisa,1,1,positive
waaaaoow asyik,5,0,neutral
bisa neg hasil postingan kolom cari tolong baca komen tolong baik bikin susah,1,9,positive
profesional bangun sadar mahasiswa kreatif produktif,5,8,positive
guna neg bisa neg daftar cs website ig lempar lempar bad layan bad bad,1,-8,negative
tbtb bayar otomatis rb,1,4,positive
like,5,0,neutral
cari kerja mudah mudah manfaat,5,12,positive
jlek nonaktif ape,1,0,neutral
semangat,5,4,positive
mantap,5,5,positive
bisa neg buka,2,3,positive
cerita bagus,5,4,positive
guna,5,1,positive
verifikasi chaptha diupang maksud benerin lahh sulit,1,3,positive
jelek banget susah kyk babi,1,-11,negative
buruk susah sulit periksa aman cepat sesuai neg tulis cepat lamban koneksi internet memori lancar ada neg kendala internal perangkat internal error coba bagai perangkat hasil ada neg ubah aju repoke playstore kecewa,1,7,positive
bulan bisa neg masuk baik,3,-1,negative
good hubung profesional,5,6,positive
bagus,5,2,positive
bantu job seeker,5,3,positive
linkedln sya bagus,3,2,positive
stuppid,1,0,neutral
bantu karir,5,3,positive
bisa neg verifikasi boot jelas neg,1,1,positive
bakrie contruction site manger medco coridor,5,0,neutral
masuk bisa neg sampe periksa cepat bener neg,1,-2,negative
ok,5,4,positive
mangkin aneh,5,4,positive
mantap,1,5,positive
diupdate masalah,1,-4,negative
oke bantu,5,5,positive
bagus bantu tambah aktifitas hasil,5,11,positive
iklan youtube,1,0,neutral
koneksi dg rekan,3,6,positive
mentokkkkkk,1,0,neutral
ae angel e ampun,1,1,positive
urg,3,0,neutral
periksa aman cepat gimana si aneh banget,1,3,positive
tolong kembali uang tarik otomatis dana nila sengaja neg pencet fitur langganannua mohon kembali uang karna butuh,1,7,positive
gilak cari uang halal jgn nipu,1,-7,negative
bisa neg connect duolingo,1,0,neutral
moga manfaat,5,6,positive
my account got restricted,1,-3,negative
tolong baik bisa neg masuk ganti hp masuk bisa neg,1,3,positive
full,5,0,neutral
bug update,3,0,neutral
the application is very good it keeps updating but the bugs are never fixed so whats the point of updating continuously,1,5,positive
top,5,5,positive
bisa neg masuk tunggu aman gitu,1,-2,negative
susah,1,-3,negative
ipandi,5,0,neutral
takut,1,1,positive
bantu,5,3,positive
cantum nama muhammad isro noor masuk neg usaha fakta,1,-1,negative
bantu dengab adanaya,5,3,positive
periksa aman cepat lambat,1,-1,negative
amazing have more excited story,5,-1,negative
masuk susah data bobol bagaikana linkeln,3,-13,negative
senang koneksi profesional cari kerja kecewa postingan kait kerja kena shadow banning teman batas minggu harap baik ada neg alami jadi,4,11,positive
bantu skali,5,3,positive
bisa neg masuk tolong baik,1,3,positive
aneh bisa neg lg,3,4,positive
stres bikin bisa neg email nomor smaa salah nama bikin ilang tolong bijak,1,-7,negative
tahu neg guna,1,5,positive
,4,0,neutral
errorrrr muluu oyyy,1,0,neutral
bantu dunia profesional personal branding,5,4,positive
email mohon buka,5,5,positive
faedah neg langgan mahal,1,7,positive
mantao,5,0,neutral
is truly one of the best platforms for professional networking and career opportunities it makes job searching so much easier and more effective even across countries and continents a great tool for connecting professionals worldwide,5,3,positive
loadingnya kali jam hasil cape nunggu sumpah,1,3,positive
oke,5,2,positive
bom dapet kerja,5,5,positive
ribet verifikasi id dah tetep gabisa kocak,1,-9,negative
mualai sulit,1,0,neutral
daftar ko bisa neg,3,1,positive
guud,5,0,neutral
,5,0,neutral
kurang boros kuota,4,-10,negative
its ok,4,4,positive
i deleted because i was forced verify it which costs money,1,0,neutral
cost consultants consulting quantity surveyors,3,0,neutral
oke mantul,5,2,positive
untung,5,3,positive
bisa neg upload foto profil ganti gaes bisa neg upload foto alas neg gimana tuh,1,9,positive
tolong bantu,5,6,positive
super apps trully linked your circle network koneksi and silaturahmi best ever had and showing off on search engine as valid legitimate apps,5,5,positive
hilang fitur baru video reel loadingnya,5,3,positive
periksa aman,1,-5,negative
bagus sharing lowong kerja,5,7,positive
susah,1,-3,negative
gabisa loginpadahal jaring aman gada kendala,1,3,positive
gagal verivikasi ktp cahaya gambar,1,-2,negative
bantu pennggalaman,5,3,positive
opsional,5,0,neutral
sampah lamar hiredtoday pas ujungujungnya langsung aada tulis dapat neg temu halaman asli mah sampah bangett mending hapus playstore guna neg jugaa auto uninstal busuk,1,-3,negative
belibet susah,1,-3,negative
bantu usaha,5,4,positive
aj sulit bisa neg kacau bugg,1,0,neutral
verifikasi data lambat responsif neg lambat,1,-1,negative
ajar kembang komunitas positif,5,10,positive
iklan ganggu,5,-4,negative
cari kerja dgn tampil easy interface,5,0,neutral
jos jisht,5,0,neutral
mari laku perisa cepat cepat apa jam gua nunggu muter muter loading programer auth verifikasi ganti gua,1,5,positive
bagus informasi butuh cuman kurang jg susup tipu posting job seejers jerat korban depan harap tolong bs filter tipu rugi cari kerja negara australia tipu tawar kpd gani tggi uang nilai sedikit neg dgn alas buat visa kerja tolong perlu neg terima kas,5,1,positive
alam kesalahn sistem salah tsbt kalian neg akibat bisa neg,1,-5,negative
periksa aman cepat,1,-2,negative
mudah cari,5,1,positive
beneran ntar neg hoax gw klo bener gw kerja gw,3,3,positive
cant and cant receive verification code mobile number maybe bankrupt,1,0,neutral
kren muas,5,5,positive
hidup harap,3,5,positive
tolol kah brp kali dw ulang ttp bisa neg periksa aman pake kuota sinyal bagus baik jelas neg banget aplikasi,1,-9,negative
thn pas thn buka susah loding banget,1,4,positive
jelas neg banget cok verifikasi pake ktp bisa neg tolong baik,1,8,positive
oc,5,0,neutral
yha,5,0,neutral
bisa neg cari kerja postingan kolom cari muncul angka total postingan muncul neg postingan mohon baik,1,3,positive
bantu info kini,5,3,positive
menu tampil postingan error bisa neg tampil postingan kalang,3,-3,negative
bisa neg filter postingan apply kerja mudah banget,3,7,positive
fitur hasil search postingan muncul neg search kunci jakarta hasil postingan ada neg muncul,1,15,positive
bagus,3,2,positive
all information is good and very useful,5,5,positive
bisa neg verifikasi pas masuk verifikasi gmail eror bulakbalik,4,-4,negative
perinci percaya,4,2,positive
ulang karna hp restart pas gilir verifikasi persona kirim minta cek kala gitu tolong baik gimana edit minta verifikasi diperiksaditerima coba masuk suruh foto id tp pas foto kirim minta sampe csnya cari ada neg bikin lapor dr webnya karna bisa neg bikin lapor,1,26,positive
sampah ribet,1,-8,negative
robot jebak topeng purapura,1,0,neutral
gjls gabisa ngestuck periksa aman cepat,1,-2,negative
manfaat cari relasi,5,5,positive
kagak untung pas download posisi kerja donlot ken dpt peluang kerja tp isi post loker bodong email kagak da respon isi flexing jabat ngeluh update status nongol wallujung kerja belah,1,1,positive
ajar,4,1,positive
jujur bantu,5,7,positive
temcamsct,1,0,neutral
mudah mudah kerja,5,10,positive
dah pas pake email teka teki pilih visualsuara bener ulang teka teki mentok situ mohon baik,1,1,positive
pindah pas masukin google knp layar putih ku tunggu tolong maksud,1,7,positive
bisa neg karna tolak akses trus,1,-2,negative
tolong tingkat,5,4,positive
aman data buruk bobol asing masang verifikasi langkah lagi neg pakai ampas hati hati pakai mending pakai jobseeker,1,-8,negative
akun sulit,1,0,neutral
bikin x ganti email ganti nama ganti foto bakal neg ujung verifikasi data verifikasi id ktpsim hasil ujung zooooonkkk buang,1,3,positive
jelas neg curi data pribadi sajah hati hati kena hack retas fi batas permanen detai data identitas pribadi batas kecewa parah curi data identitas guna tutup guna selesai neg tolong jual data,1,-29,negative
ribet ulang masuk neg mentok tulil,1,-12,negative
bikin sampe x kena restricted gatau mana verif identitas gabisa nyusahin connectionnya hilang gitu,1,-1,negative
rasa neg langgan dana tarik tolong solusi refund,1,12,positive
,5,0,neutral
,5,0,neutral
guna neg,1,1,positive
nice platform sosial media for job search,5,8,positive
kudu selesain captcapas jawab bener ulang lagidungu emang,1,6,positive
ajar,5,1,positive
batasidan ganti nama setor identitas resmi bahaya nihh,1,-3,negative
sesuai data mas blok usaha gagal kecewa salah info,1,-10,negative
periksa aman cepat nge stuck situ gimana mw cari loker situ,1,-5,negative
kau judol data,1,-3,negative
umur th cari loker soper pribadi,5,1,positive
poko bintang,5,-2,negative
alam bidang interior kerja plapon,5,4,positive
mahal harga upgrade premium dr harga jtkita cari loker buat neg buang duit,5,4,positive
good aplication,5,5,positive
super,5,3,positive
tolong balikin uang duit dana tibamelakukan bayar uang makan keluarga tolong kembali,1,16,positive
bantu jembatan,5,-1,negative
informasi lengkap,5,4,positive
mantep,4,0,neutral
tulis mari periksa aman cepat haya henti situ tampil neg apaapa bisa neg ada solusi plis tolong respon fatal bangay suruh upload dokumen maish nghk tahun lohj,1,4,positive
buruk tibatiba batas proses daftar baru sulit,1,-6,negative
bisa neg,1,0,neutral
bagus luas cari lapang pekerjan,5,5,positive
manfaat bantu,5,8,positive
susah verifikasi nonaktif konfirmasi neg guna,1,1,positive
bisa neg mendownload,5,0,neutral
excellent,5,0,neutral
error terusss diupdate ttp bisa neg buka tolong team bantu,1,5,positive
good aplication,5,5,positive
bantu banget cari kerja sesuai sklill alam dabest linkedln,5,8,positive
good nice,5,9,positive
gimana kena ban,1,-3,negative
this application is very important for me it helps me a lot looking for a job basically stars for this application,5,-5,negative
rumah tanga,2,3,positive
premium mahal banget posisi cari kerja jta umrumk cuman jtaan,2,3,positive
rekomended,5,0,neutral
nice application for find relation or a jobs,5,4,positive
verifikasi ribet banget ktp chip sim pilih bilang cuma neg paspor gilir ktp sim scan paspor fungsi scan pake nfc benarbenar buruk,1,-13,negative
allah uang tarik otomatis dana nila sengaja neg pencet fitur langgan nyasaya mohon kembali uang sayasaya butuh,1,11,positive
the best,5,0,neutral
tangguh alas jelas neg laku neg langgar sedikit kode verifikasi identitas dapat neg kirim alas minta pertanggungjawaban milik customer service customer service guna neg abai pesan kirim,1,8,positive
the best,5,0,neutral
alimanten,4,0,neutral
mantap,3,5,positive
good application,5,5,positive
bantu,5,3,positive
rampok iklas neg uang bayar sekolah anak curi izin neg pernah neg laku langgan tibatiba potong saldo ridho neg iklas neg dunia akherat,1,-10,negative
top,5,5,positive
bisa neg auto email google suruh masuk bisa neg,1,-5,negative
ngotak neg harga langgan atas juta,2,3,positive
bantu jobseeker,5,3,positive
keep it up,4,0,neutral
,1,0,neutral
sistem aman linkin bahaya hack otp kirim email akses,1,-9,negative
aplikasih bahaya,5,-5,negative
mantab,5,0,neutral
verivikasi kyc bisa neg akses haduh haduh ribet urus ngirim form bisa neg tembus tau neg gimna bingung kirim pesan gmail tanggap payah siasia verivikasi wajah ktp batas pikir kyc batas percaya kata ribet urus,1,-4,negative
pernah neg bantu,1,3,positive
ngak install ud kali kali tp kena bug,1,-3,negative
jelek bisa neg sinyal bagus,1,-3,negative
asa download kagak dah,1,-3,negative
mudah mudah cepat terima,5,13,positive
eror,1,-4,negative
politik bela masarakat,5,-1,negative
tips batal p njaman uatas hubung live chat wao alas batal siap data ktp ikut langkahlangkah batal instruksi cs jam,5,-12,negative
aplikasi keren banget hubung dunia batas neg,5,-4,negative
bagus koneksi rang guna cepat internetnya provider indonesia nggak kencang internet buka halaman satu internet kencang susah klo gitu kita,5,15,positive
bug di neg fix,1,0,neutral
guna neg sistem eror mau neg daftar pokok guna neg smaa,1,3,positive
bisa neg berkalikali verifikasi ngapangapain neg batas,1,-3,negative
udha berikn capca bnar salah,1,-4,negative
wartawan milik alam media cetak siar digital,5,3,positive
un,1,0,neutral
very smart,5,0,neutral
apa neg apain nonaktif hadeh kocak,1,-9,negative
jarang pake device sulit reset sandi ujungujungnya verifikasi identitas,4,0,neutral
jelek perangkat hilang bisa neg akuj,4,-2,negative
okey,5,0,neutral
pakai internet mudah cepat,4,7,positive
jelas neg salah sandi bener verifikasi sampe pake ktp salah gabisa gembel,1,-9,negative
moga apl bagus depan,5,3,positive
lot banget malam,1,-5,negative
admin proses bayar kita neg tanggung pernah neg mesan bayar saldo langsung ludas potong,1,4,positive
sistem mohon baik kena bug verifikasi kali salah sistem bisa neg mohon tingkat sistem baca tolong like komenan up baca,1,-2,negative
bantu,5,3,positive
bagus bantu cari kerja tolong lulus sma,5,12,positive
knp nonaktif bikin laku neg langgar apa tolong kembali,1,0,neutral
buruk milik batass masuk neg akal,1,-7,negative
flexibel,5,0,neutral
keren maju smart,5,0,neutral
senang informasi manfaat,5,12,positive
banyak eror pdhl email tp tulis daftar kirim undang connect orng tp masuk neg klo ku empat,1,1,positive
fleksible,5,0,neutral
bagus tunjang kerja pasti ngelinked inkan dg profesional,5,10,positive
gimana nge refund beli langgan saldo sedot tolong kembali saldo,5,11,positive
baik kali tau neg sebab,1,2,positive
baik atur tempat alatalat tulis pisah bentuk tulis corp good luck repair,3,14,positive
good,5,5,positive
gajelass ngisi data maaf salah linkedlntyd minimal benerin apl kaya gin lulus play store,1,-1,negative
titid problem tutup aplikasi,1,-10,negative
kampung,5,0,neutral
parik mebantu hubung,4,1,positive
sangatsangat ngebug bisa neg,1,0,neutral
security checks sulit guna,2,1,positive
good job,5,5,positive
gagal upload pea,1,-4,negative
dongo pas verifikasi bot neg pas pas ada neg beda tolong,3,12,positive
nice,5,4,positive
baik,5,3,positive
lolaaabug parah baik mudah komplen,1,2,positive
basam,5,0,neutral
batal premium bayar otomatis potong saldo pemberitahuan neg refund uang lanjur potong mohon info,1,-4,negative
tolong verivikasi looo laku tentu macem neg platform kenal ribet neg iya janganjangan kau tipu verifikasi data,1,-6,negative
dpt neg ap,1,0,neutral
susah cari kerja,1,-4,negative
bagus nyari info,4,-3,negative
alam ikut praktek kerja lapang salah pkspabrik kelapa sawit mekanik tyre salah tambang,5,-4,negative
,5,0,neutral
bagus ada neg kendala,5,6,positive
bisa neg,1,0,neutral
lolos lolos seleksi alam lop,3,-6,negative
usaha swasta wajib data legal,1,-4,negative
tani,5,0,neutral
kerja marketing,5,2,positive
susah,1,-3,negative
daftar suruh ngisi nomor hp ngisi kode verifikasi eh kode kirim kirim ganti nomor tetep kirim neg pindah sms telfon tetep ada neg tolong bantu gimana bulan nunggu kode verifikasi dapet kali kali daftar tetep ajaa ada neg satu kode verifikasi masuk,1,14,positive
tolong banget bisa neg masukmasuk berharihari pencet tombol verify with persona muncul notif tulis youve already submitted a request gitugitu sampe ganti presiden laku kirim data masalah help website resmi ngedm x tindak tolong selesai bener terimakasih,1,21,positive
ribet verifikasi stcuk masuk kode otp bikin simple ribet pasti verifikasi jalan,1,-8,negative
nonaktif urgent buka,1,3,positive
sengaja neg langgan saldo potong aju refund google harap refund saldo butuh uang bantu kerja boss,1,2,positive
errornya,1,0,neutral
dhau hare foto ne hau hakfodak x hau hanoin kal avo nana haluhan los ami no familia nebe uluk luta mos ba avo nana nia poltika atu lori timor ba ukun ann tiu nando ho naran konhesido c lori tas mane chefe no cf ba organizasaun colimlau fzthau hnia maun alin sira nebe sira oz oraganizasaun colimau mak hanesan armando alias kipar tiu mantos alias sakunar no tiu martinu no sira seluk tan nebe hau temin iha nee nia oin quaze hanesan ho avo xanana deit dala barak ema,4,3,positive
bagus responsif,5,2,positive
lumayan,5,1,positive
ngapa neg linkedln nonaktif ganggu aktivitas,1,-4,negative
buruk aman aman guna buka appnya terang data ikutin alur verifikasi persona gagal upload ulang kali hapus kesal butuh bisa neg baik guna hapus ada neg,1,-9,negative
baikbaik,5,0,neutral
pabrik kelapa sawit,5,0,neutral
ari fikri,2,0,neutral
dibatasin mulu,1,2,positive
mudah hubung personal profesi,5,5,positive
suruh tekan email kirim ada neg apa sulit,3,2,positive
ok ok,4,8,positive
loading very speed up,5,0,neutral
bantu cari lowong kerja buat cv mula,5,0,neutral
proses pulih responsif neg coba hubung platform x ada neg responsif verifikasi data ada neg maju stuck bulan masuk neg akal kelas organisasi lambat proses adu guna cepat tanggap responsif pulih rubah nilai,1,16,positive
jelas neg blokir mulu nyusahin verif kode kirim neg kirim nyusahin doang ngebantu neg,1,2,positive
jelas neg tolol apl ribet banget pas bikin profile,1,-4,negative
daftar ribet verifikasi nomor telepon gagal,1,-7,negative
persona bisa neg verif bisa neg submit,1,0,neutral
manfaat,5,5,positive
ada neg cs dikit dikit batas et dah capek banget gua nunggu buang,1,-10,negative
tolong balikin duit ada neg info biaya potonganmya rb ambil tau potong kek gin bakal neg pake taiii balikin duit cepetttt hati hati pake duit dana habis ambil,1,-1,negative
eror daftar susah trus bisa neg,2,-6,negative
bisa neg tutup nonaktif bisa neg ubah password mohon aplikasi sempurna,1,-1,negative
salah mulu anj,1,-2,negative
bosen kena batas susah gabisa kayak batas ribet ku hapus,1,-26,negative
sukses sukses linkedln,4,6,positive
tolong baik hrus verifikasi kode dr emailno telp tidk hrs suru klik notifikasi pd sudh krn tuju otomatis device trims,2,13,positive
bisa neg verifikasi identitas ktp indonesia ktp dokumen resmi keluar perintah paspor sulit negara indonesia bilang masuk neg daftar harap guna hapus,1,-2,negative
bagus,5,2,positive
android icon hilang,1,3,positive
ingat neg,1,2,positive
hp suruh konfirmasi hp hp ganti neg hp blas edan aplikasi,1,-3,negative
biaya langgan mahal,1,3,positive
im truly grateful for thanks this i was able connect with the right people and land my current job its more than just a professional networkits a place full of opportunities and support for career growth,5,7,positive
uda isi data besok nonaktif suruh selfie foto ktp tp beku fix scam jual beli data transaksi ilegal,1,6,positive
tolong donk baik tp sesi ubah sandi bisa neg tolong baik,2,12,positive
senang,5,5,positive
knp disurh mulu padahl mlh bisa neg alas dibtasipusing allah kaya gitu mulu,1,11,positive
woi reset password sulit tinggal kirim via email susah si notif muncul neg woii,1,1,positive
hello i hope that the very high level of privacy for each user is further improved by the way it works if we block the user account it will automatically block every linked search engine and even all emails on the device i really need it please improve it immediately thanks,4,-6,negative
tibatiba force close buka tolong baik,3,7,positive
manfaat,5,5,positive
baik sistem block pilih,1,-7,negative
jelass neg gimana jelas neg data masukin foto ktp selesai eh masukin suruh verifikasi ktp sampe bisa neg verivikasi sampe terang kirim minta sila sampe terus,1,8,positive
mohon baik di neg batas,5,2,positive
payah loading,1,0,neutral
tolong update tolong fasilitas lapor tindak,3,10,positive
pt big,5,0,neutral
gw blokir gw lupa uda gw gbs skrng uda kerja dah lupa blokir gara inti ulang susah,1,-14,negative
persona kali coba tetep nggak,1,3,positive
good jobs,5,5,positive
bisa neg buka,1,3,positive
mula,4,-3,negative
hubung profesi beda bagi alam tahu,5,7,positive
sumber data bagus,5,-1,negative
tolong refund komfirmasi,1,3,positive
gabisa masuk gmail satu kirim code masuk neg verifikasi tulis kirim,1,1,positive
buruk verifikasi langkahterus nonaktif minta neg kode email kait alhasil kena hack,1,-12,negative
connection ada neg notif,1,4,positive
ok good jobs,5,9,positive
tolong baik bug verifikasi persona reset password bisa neg notifikasi dinonaktifkanakun batas tunggu minggu verifikasi persona diacc neg kirim national id driving license pusat bantu ada neg kabar cs temu neg indonesia alami tanggap neg turun percaya user aman mudah,1,27,positive
luarbiasa,5,0,neutral
mudah jalin koneksi milik minat kerja,5,13,positive
bs neg masuk mainteka teki bs neg masuk tolong,1,-3,negative
bail,5,0,neutral
pintar bantu pekejaan,5,3,positive
busuk pasu kode sesuai autentikasi terang sesuai neg ampe block payah guna neg,1,-3,negative
batas batas verifikasi bisa neg,1,-6,negative
mahasiswa kedapetan tugas fakultas kemaren apa neg masuk bisa neg senior ku gimana susah susah loh buat nyari temen koneksi khianat usaha,3,-18,negative
henti authencator bisa neg masuk,1,-7,negative
bibit kelapa sawit lc tanam sawit,4,0,neutral
hai tolong kembali dana dana potong dana coba kembali dana bisa neg tolong kembali pernah neg langgan,1,27,positive
tibatiba langgan bisa neg refund hubung costumer service tahu neg mana uang,1,7,positive
kali nonaktif selesai masukin data besok bisa neg tolong baik,1,5,positive
bisa neg verifikasi mohon bantu,1,5,positive
bisa neg hp untung laptop,1,3,positive
moga manfaat guna,4,7,positive
tolong kembali dana sayatolong bantu kkkarna memakainyadan neg dana potong otomotifsaya izin neg transaksi,1,12,positive
daftar bikin susah jaring stabil isi data sesuai masuk suruh maksud,1,4,positive
pakai hp reset tp sulit masuk persona tetep verifikasi email nomer hp dilakuin bisa neg masuk,1,-6,negative
mau neg sebenrnya hak cuman ada neg opsi ada neg jele banget sistem manusiawisaya neg dah cuman masalah mimin tll buatbuat mudah tolong jgn lambat kerja tll,1,13,positive
pas daftar tulis maaf salah silah,1,5,positive
jls neg verifikasi cepat pdhl,1,3,positive
kenapaaplikasi linked bisa neg dibukasaya kevewa denganpelayanan datrilinked,1,0,neutral
,5,0,neutral
bagus bantu cari kerja,5,4,positive
bagus cari kerja moga berkah kerja kawan cari kerja,5,7,positive
taik ad transaksi otomatis ad neg langgan saldo dana langsung hilang,1,16,positive
error tibatiba nonaktif berkalikali masalah,1,-9,negative
gabisa masuk pas nyoba verif persona tpi gabisa,1,0,neutral
bisa neg stupid,1,0,neutral
gatau alas bisa neg buka suruh ulang pas pesan batas gabisa buka tolong,3,8,positive
bangun relasi luas,5,6,positive
alam baik kenal kerja,5,10,positive
moga berkah,4,5,positive
nyari kerja non aktif apas,2,7,positive
sambung koneksi pending tolong optimal,1,-1,negative
bagus manfaat,5,7,positive
cobasemoga bagus,4,2,positive
parah banget neg scan wajah ktp pas tetep bisa neg mohon data pakai terima,1,0,neutral
good inspiratif,5,5,positive
mantap bro,5,5,positive
sulit,1,0,neutral
hello i would like ask for a response from i am requesting assistance regarding my account i have contacted you via email facebook and x but there has been no response,5,2,positive
sanget bantu cari kerja,5,2,positive
bravo,5,0,neutral
tolong baik bug minggu beres isi data dipake buka aplikasi akun gabisa buka alas nonaktif batas verifikasi identitas persona proses sampe akun isi persona tulis edit alhamdulillah akun,5,12,positive
salah,1,-4,negative
bisa neg buka lapor ntah mana,1,5,positive
tutup tolong konfirmasi,3,4,positive
ngestuck captcha,1,0,neutral
di neg download ko tagih kirain ngerasa aneh pernah neg langgan pas baca ulas parah,1,2,positive
tingkat bagus,5,3,positive
bisa neg masukmasuk,1,0,neutral
tolong jgn tbtb batas hari bikin besok gt,1,0,neutral
kocakkk bangett nonaktifkanpadahal laku neg apapunkocak asli hadehhhhhh,1,0,neutral
kena hack tanggal agustus penting kena hack mudah laku verifikasi data ktp sim proses mesti nunggu dipake linkedin neg data,1,-18,negative
bagus,5,2,positive
moga manfaat,5,6,positive
barusan ubah nama foto alam instansi didik lainpadahal pertemanandm milik sayabug jelek privacy aplikasi dibenerin tolong,2,0,neutral
jalin mitra kerja buka peluang bisnis usaha share informasi komunitas benua,5,15,positive
guna ges cari lowong kerja bray the best pkoknya linkedln hehe,5,0,neutral
mantap sesuai,5,8,positive
proven and fluent for professional at its community,5,0,neutral
payah bisa neg daftar verifikasi capchat mulu hasil rekomended neg ni,1,6,positive
rusak ulang bisa neg kecewa,1,3,positive
bisa neg tolong dibenerin henti verifikasi kode captcha ulang kali bisa neg,1,-4,negative
bagus is,5,2,positive
rasa neg coba gratis kemarin bayar tahu neg mohon dikembalikn karna ada neg niat langgan premium tks,1,19,positive
ada neg dapetnya iklan kerja neg,1,6,positive
allah tolong kembali uang tarik otomatis dana nila sengaja neg pencet langgan tolong kembali uang butuh,1,15,positive
bagus,5,2,positive
bagus portofolio,5,4,positive
banyak verifikasi,1,3,positive
log out dr perangkat konfirmasi neg pas ribet ngirim kode konfirmasi akhir nomor tp punya neg nomor dg akhir email passwordnya pake kirim nomor rumit,1,2,positive
jujur alam dengana sungguh aneh mana verifikasi becus neg remind account jelek kendala buruk buat account,1,6,positive
validitas data percaya,4,-4,negative
great,5,3,positive
moga kerja platform,5,3,positive
platform bonafid,5,0,neutral
jelas neg nomor aktif bisa neg pake nomor tetep bisa neg jelas neg banget,1,5,positive
ban alas neg,1,0,neutral
fitur bagus,5,2,positive
bisa neg bikin error mulu,1,-3,negative
cari relasi,5,0,neutral
,5,0,neutral
kadang lambat loding buka ganggu jaring eror aman manfaat,5,7,positive
pro,5,0,neutral
bisa neg akses muncul notifikasi kode pin email aman neg,1,0,neutral
tolong kembali uang dana sedot nila juta ovo telusur transaksi linked tolong iktikad baik kembali,1,23,positive
mantap,5,5,positive
ajh gagal verifikasi data suruh gilir klik tombol layar putih ajh diclose gagal salah kocakk,1,-21,negative
jujur kecewa uang dana hilang fitur langgan rasa neg langgan tibatiba saldo hilang dana ribu aju kembali dana respon tolong kembali uang jujur kecewa,1,32,positive
tolong refund langgan rasa neg langgan,1,5,positive
relasi,5,3,positive
istimewa,5,0,neutral
kecewa linkedln dikit dikit muncul langgan chat guna premium langgan chat tolong semua neg bayar,1,7,positive
pintar loh ka sunguh an masuk neg akal nyata kecangihan internasional gin ka organisasi gitu serius loh nyata koq hilang nyata kaka binggung koq ketemu organisasi cangih tanya koneksi cangih eh hebat gitu,5,18,positive
bismillahirrahmanirrahim kerja,5,2,positive
baik percaya,5,5,positive
assalamualaikum selamat siang mohon kembali uang lupa me non aktif beli langgan rb tolong kembali uang milik neg uang uang tahan,3,22,positive
tayi,1,0,neutral
keren,5,0,neutral
bisa neg buka,3,3,positive
error nggak,1,-4,negative
nice and full of knowledge,5,4,positive
bad gabisa kocak,1,-6,negative
your system is incredibly frustrating for users all three of my accounts from the first the third have been restricted and im having great difficulty logging into my own account its illogical have an account restricted just one day after creating it and youre forcing me complete persona verification ive already done it but i still cant and i desperately need access for work,1,3,positive
apas gabisa anj bikin gabisa,1,5,positive
alami rusa,2,-3,negative
bikin hari kena nonaktif ada neg curiga alas neg sangan buruk,1,-3,negative
tolong verivikasi tambahin kartu identitas semua neg paspor tolong banget tolong verifikasi susah,5,4,positive
batas laku neg langgar apa,1,-6,negative
suruh verifikasi dowload handphone pesan lol your network will be back soon weve notified our operations staff that you are having a problem reaching well get you reconnected soon kendala ada neg haha,2,0,neutral
nyoba masuk tpi lanjutberikutnya bisa neg jaring bagus masalah neg,1,-2,negative
buka coba informasi nonaktif pernah neg langgar tentu laku coba web coba system identifikasi persona buruk proses indentifikasi seolaholah kartu id negara deteksi neg persona alam buruk guna bas kerja umur hidup,1,10,positive
coba langgan gratis tbtb potong otomatis langgan premium aju refund terima email sesuai neg tentu mohon bantu,1,17,positive
halo tim linked aju keluh kait potong saldo rp google play langgan premium pernah neg tuju sadar jarang,3,4,positive
periksa ribet,1,-9,negative
bisa neg masuk,1,-3,negative
mantap moga hasil,5,9,positive
bisa neg,1,0,neutral
oke,3,2,positive
uang tarik rb langgan langgan neg mohon bantu uang nominal lumayan,1,12,positive
daftar ngak tolong,1,4,positive
now we have entered the era of ai agi and ai asi i hope linkedln continues improve and increase its capabilities become a super ai a super ai that can do anything that exceeds humans an ai that can improve and repair itself an ai that can analyze and structure documents accurately and detail make training on itself or the output that will be produced an ai that can be fully integrated into the entire system an ai that can be fully integrated into humanoid robots,5,8,positive
bisa neg masuk bisa neg daftar milih verifikasi bisa neg masuk aneh banget,1,-2,negative
,5,0,neutral
tunggu sebentar,5,-1,negative
bug,1,0,neutral
bisa neg aksesketika aju keluh respon lambat minggu,1,0,neutral
mau neg buka,1,8,positive
bantu cuma neg dar informasi kerja wawas kaya disiplin ilmu bidang tekun,5,17,positive
susah,1,-3,negative
moga informasi,5,3,positive
bisa neg henti verifikasi identitas persona kirim minta sila minggu kembang tolong bantu hubung dukung bisa neg ayo lahhhh,1,19,positive
its a very helpfull,5,0,neutral
bisa neg isi kode verifikasi halaman x gtu btw,1,-1,negative
bisa neg buka masukin data eh bisa neg livechat ada neg email ada neg ada neg urus,1,12,positive
,5,0,neutral
manajemen ngak peduli penggunanyasaya pc dibandsaya aju aktif bulan ngak kasih solusiya mohon maaf hapus silah hapus yangk ush batas silah hapus,1,2,positive
captcha baik verifikasi selesai suruh ngulang puluh kali masuk neg,1,0,neutral
bantu,5,3,positive
ah susah,1,-3,negative
bagus bantu,5,5,positive
manfaat cari lowong kerja negeri,5,4,positive
thank you for giving me the opportunity participate good luck the team and the project,5,14,positive
llinkedln bagus jaring kolega teman informasi kait kembang usaha indonesia reach,5,12,positive
konek ban diangggap bot,1,-2,negative
gabisa masuukkkkk,1,0,neutral
bisa neg akun usaha bisa neg email sandi pernah neg ganti device bisa neg solusi admin update bagus bobrok,1,4,positive
salah stp daftar,1,-3,negative
rusak,1,3,positive
jelek eror lot guna neg guna neg,1,-12,negative
mantap boss q,5,5,positive
lingked id pernah neg beli apa kemarin potong saldo dana tahu neg kembali saldo dana di neg respon mohon kawan kawan bantu viralkan biar banyak neg korban,1,20,positive
cacat susah perangkat mobile,1,-8,negative
hp install ulang setel pabrik sangkut bisa neg hp,5,2,positive
bagus tarik aplikasi,5,0,neutral
ok tank you,5,4,positive
sulit daftar,1,1,positive
application that used extend knowledge and networking,5,0,neutral
bagus,5,2,positive
is good,5,5,positive
good,4,5,positive
kena disabled x ngapa neg suruh scan id ktp bisa neg detect apa pas nyoba disabled akun kocak,1,-7,negative
aneh linked makan memori update buka,1,8,positive
ulang masuk dalam google arah manual email passwordpun ttp hasil pdhl sesuai kode verifikasi,1,4,positive
good,5,5,positive
tambah menu arsip foto video,5,1,positive
haduh eror mulu uda versi baru,3,-2,negative
lumayan,5,1,positive
,5,0,neutral
senang nambah wawas,5,5,positive
membantuterima,5,0,neutral
bantu jalin kerjasama,5,6,positive
susah,1,-3,negative
sempurna,5,3,positive
susah,1,-3,negative
rusak applikasinya,1,3,positive
aneh bisa neg konek anjir,1,5,positive
nala gabisa masuk gabisa follow gabisa cari,1,-9,negative
masuk ribet donglod ngabisin data ngak guna,1,-9,negative
bisa neg tolong tangan,2,4,positive
mantap informatif raja,4,5,positive
masyaallah terima bantu informasi moga bantu antara moga diri manajemen karyawannya sihat jasmani rohani rezeqynya cukup aamiiiin,5,6,positive
moga kerja apps,4,3,positive
manfaat dunia,5,6,positive
koncet minus ngisi captcha bener respon kode valid neg isi koncet minus mending stop ajh aplikasi,1,-1,negative
okeee sekaliiii,5,0,neutral
suka,5,3,positive
,5,0,neutral
cok nyoba suruh pilih gambar gada bener,1,1,positive
developer mohon guna android pakai kompatibel pikir hp pakai android indonesia moga copy lihat,5,8,positive
bisa neg berulangkali coba tp msh bisa neg,1,2,positive
apresiasi dengan neg loginnya nonaktif sebab neg itu kena nonaktif buat neg onar halhal langgar atur seta tibatiba nonaktif sebab neg tolong nonaktif pingin aplikasi user nyaman aman,1,6,positive
alhamdulillahterbaik,5,0,neutral
,5,0,neutral
aneh saldo tibatiba hilang ada neg notifikasi apa sedot,1,10,positive
i got locked out of my account and can not contact support please help me regain access,1,0,neutral
bisa neg,1,0,neutral
ngak daftar ngak ikut langkah suruh capta ngak ngotak bikin emosi,1,3,positive
ribet,1,-4,negative
amazing,5,0,neutral
kesini ancurrrr,1,0,neutral
masuk ulang verif,1,-3,negative
is the best,5,0,neutral
hello please take action repair your application i cant very very poor application,1,-5,negative
susah,1,-3,negative
cacat hp ku kena reset pas ulang suruh acc perangkat perangkat hp ku gada opsi cacat banget sistem,1,-15,negative
manfaat,5,5,positive
jelas neg verifikasi bolak nama kali,1,1,positive
jelas neg verifikasi wajah ktp kek daftar daftar masuk,1,0,neutral
mantap abis,5,6,positive
nyusahin banget freak,1,1,positive
keren banget,5,1,positive
erti,1,2,positive
nyoba periksa aman respons kode nocaptcha valid neg isi pdhl bnr anggap salah mulu,1,-5,negative
,5,0,neutral
bisa neg verifikasi email penuh neg verifikasi gagal error tolong baik,1,-3,negative
jelas neg kaya masak relog hp lockout rekomendasi neg cari kerja,1,4,positive
bikin besok nonaktif solusi kahhh kali kayak gin porto hilang gara tibatiba gitu nonaktif,2,-1,negative
bisa neg akses tahun bisa neg buka verifikasi pakai persona kali lapor error benarbenar kecewa,1,2,positive
burik download karna cuman penuhmemori,1,0,neutral
aplikasi bagus cmn tombol lamarapply kerja eror,4,-4,negative
nice application,5,4,positive
mantap manfaat,5,10,positive
informatif bantu cari lowong kerja tahu dunia kerja,5,9,positive
smpai kerja but i like aplikasi,5,-1,negative
halo kemarin lupa matiin langgan premium business uang ambil terusin langgan butuh banget uang refundnya gimana mohon bantu banget uang refund langsung email masuk bilang sesuai neg tentu gimana tolong bantu,1,9,positive
kbanyakan kesalahn,1,0,neutral
good and professional aplication,5,5,positive
bantu thanks,5,6,positive
anjmau dipersulitapalagi nyari kerja,1,0,neutral
bantu lg cari lowong kerja,5,2,positive
buruk guna isi data tekateki terang salah sampe metode suara tetep anggap salah,1,-14,negative
dampak positip dlm hidup,5,-1,negative
great,5,3,positive
lihat fiturnya,4,3,positive
mantap,5,5,positive
masuk pernah neg pakai notif kode angka masuk masuk,3,-12,negative
linked is the best platform,5,0,neutral
batas verifikasi id ni pernah neg dipake,1,-3,negative
good job,5,5,positive
capca muluu uda ulang terusss,1,0,neutral
apl susah email pasword otomatis masuk neg,1,-3,negative
ribet taikk suruh masuk kek pinjol,1,-9,negative
aplikasi bantu bisa neg henti tahap verifikasi identitas sungguh aneh ada neg call center hubung website logika hubung call center kendala bisa neg proses verifikasi tolong baik sistem verifikasi lanjur langgan premium,1,17,positive
badbadbad very bad,1,-4,negative
muas,5,5,positive
masalah bisa neg,1,-4,negative
bagus koneksi,5,4,positive
hadehh,1,0,neutral
bagus bermnfaat informasi putar dunia kerja,5,7,positive
biar rating bicara,1,1,positive
keren tolong free trial premieum,5,6,positive
bagus suka pakai kenal dunia karir miripmirip sosial media blh memposting aktivitas alam harga capai blh lowong kerja buka terima,5,29,positive
beware for user user i got hacked and can not change my password when trying reset my password the otp is sent by anson notif not from itself weak security compromising user information and professional connection how the hell when i request for otp it come from third party ansontech,1,-3,negative
bagus value hadap hrd verifikasi wajib id passport susah guna milik neg passport,3,-1,negative
aneh tampil verifikasi email password,1,5,positive
tolong baik cari loker ribet verivikasi robot gitu nge stuck,1,-1,negative
bisa neg register tolong baik,5,6,positive
bisa neg nomer hp ganti ntah nomer sandi salah ken upgrade aman ngerusak,1,2,positive
jelas neg susah bgd verifikasi sudah neg,1,1,positive
moga dalam koneksi linkedln,5,6,positive
busuk daftar doang ko silah kocak,1,-2,negative
macet jelas neg salah ada neg terang tau neg salah,1,-5,negative
bantu,5,3,positive
,5,0,neutral
sulit pakai bolakbalik out aplikasi verifikasi mulu tolong baik,1,4,positive
mantap,4,5,positive
great,5,3,positive
apresiasi ada manfaat guna alami kendala kait tibatiba dapat neg akses bangun profil lengkap dalam mohon sistem verifikasi tingkat andal bantu masuk perangkat otomatis neg out kali guna neg,3,25,positive
gjlas ni ngestuck caotcha selesai neg,1,2,positive
neng banget untung,5,9,positive
aneh kali verifikasi error mulu,1,1,positive
aplikasi jelas neg bisa neg nomor masalah nomor hp ku cantum mana ajah hadeh canggih,1,-7,negative
amazing,5,0,neutral
nyaman pakai anggota info bobot,5,0,neutral
tibatiba blokir verifikasi identitas unggah foto ktp sim paspor unggah gagal,1,-4,negative
terimakasih,5,5,positive
account has been restricted for a long time no response whatsoever my account has been restricted and can not be verified at the moment please help me resolve this issue,1,-1,negative
bisa neg daftar alamat email password sinyal bagus bagus,1,5,positive
nice,5,4,positive
tampil buruk futuristik neg,3,-4,negative
bisa neg,1,0,neutral
jelek ngapa neg ilang tibatiba kocak,1,-12,negative
papa download guna neg jelekkk,1,1,positive
buruk x stuck verifikasi aman laku neg apaapa tibatiba hilang tolong baik proses verifikasi harus paspor milik neg paspor tolong timbang lihat alami,1,4,positive
buruk nge stuck gilir verifikasi data sesuai neg data sesuai buat,1,-4,negative
emng jelas neg bisa neg bisa neg,1,1,positive
capchanya jelek banget cok bisa neg isi,1,-2,negative
plis saldo sedot gara gara langgan plis bantuin,4,-1,negative
guna,5,1,positive
dunia bisnis cari loker manfaat aktivitas manusia penting,5,12,positive
mantap,5,5,positive
bulan bisa neg nonaktif kembali bisa neg kali verivikasi captcha verivikasi data install ulang hapus cache coba bisa neg buruk ada neg customer service langsung cobacoba nonaktif nonaktif,1,-3,negative
daftat tangguh nonaktif gabisa buka kocak,1,6,positive
bak,5,0,neutral
bagus indeed glint jobstreet hatihati guna akun batas salah kamu neg sebab tutup hilang,1,0,neutral
,5,0,neutral
,5,0,neutral
wehhh kirim no hp daftar no hp gw lngsung sebar alhasil spam telponn gimana iniii bahaya banget,1,-4,negative
kerja terimakasih,5,7,positive
manfaat,5,5,positive
simpel guna,5,4,positive
recomended for job seeker,5,0,neutral
mantap,5,5,positive
bikin bs neg,1,0,neutral
suka platform linkedln hebat bnyak share alam dunia kerja bagi inspirasi linkedln temu teman,5,9,positive
uang ambil premium neg pake neg,1,-3,negative
haloooo minggu stuck periksa aman bolakbalik mulu bener pilih gambar,1,0,neutral
moga bagus,4,3,positive
mantapppp,5,0,neutral
teman teman masalah silah dm twitter help ikut instruksi responsif hari milik akses,5,-2,negative
sippp bos,5,3,positive
salah,1,-4,negative
,4,0,neutral
hurang hiring hurang hiring direspon kagakk,1,0,neutral
kendala re karna reset smartphone hubung perangkat kait device,1,3,positive
bhsy,5,0,neutral
sulit daftar sulit gimana,1,1,positive
mari laku periksa aman cepat guna tolol gimana tolol,1,-7,negative
thank you for sharing great opportunity,5,10,positive
gabisa pakai putus asa bikin telah pas terang butuh verifikasi terus gabisa masuk masuk stuck verifikasi gapernah bikin tolong baik karna komplain,1,3,positive
gabisa buka stuck,1,3,positive
tolol nonaktif aktif foto pegang ktp data luh pinjol kah,1,-5,negative
main game ulang kek,1,4,positive
ribet timbang masuk doang smua org byk cmn ngurusin syarat kek gtu apl sial,1,-9,negative
dukung online,5,4,positive
jelek,2,-5,negative
great place share and socialize,5,3,positive
ngirim cv apa mana pernah neg nyangkut lamar not recomended ordal,1,-3,negative
sosmed bagus elegance,5,2,positive
bikin muter muter ribet gitu pas hasil error,1,-3,negative
bagus cari kerja,5,1,positive
tks trrhubung kolega n family,4,0,neutral
update siih updatenya jelek bnget siih,1,-5,negative
normal,5,1,positive
stuck verifikasi aman kode pesan pernah neg developer tolong baik kecewa,1,5,positive
coba,5,2,positive
bisa neg masuk bisa neg daftar bug pas halaman teka teki captcha,1,1,positive
stuck bisa neg verifikasi berulangkali bisa neg job project hancur gara gara,1,-8,negative
minggu bisa neg buka eror sistem gimana,3,-5,negative
jelas neg buka bisa neg nunggu loading bisa neg pakai wifi lancar pas banyak tulis maaf salah silah emang gila developer jelas neg,1,20,positive
x batas alas unjung verifikasi data verifikasi batas mutu neg,1,-6,negative
nice all,5,4,positive
baru mao neg,5,0,neutral
ternak bebek telur lokasi metro lampung tambah relasi yh hubung usaha turunanya,5,8,positive
gagal mulu capta,1,-2,negative
burukkkk gabisa pake no hp susah guna,1,-2,negative
terima layan customer developer linked dengar keluh baik bug alami terima layan puas layan pikir neg bisa neg,5,16,positive
okey terimakasih aktifasi,5,5,positive
bisa neg masuk kode captcha isi gua isi,1,-5,negative
lot,1,-5,negative
thank you for your services i can again my account due restriction by month behind your teams very responsive,5,4,positive
bagus mudah cari loker,5,3,positive
guna neg,1,1,positive
tolong bulan bisa neg alas verifikasi aman verifikasi mengupload identitas suruh tunggu jam bulan tindak lanjut,1,2,positive
bisa neg,1,0,neutral
alami,2,-3,negative
makasih dukung salam sahabat,5,12,positive
gila susah ampun verifikasi,1,1,positive
tibatiba terlogout stuck halaman mari laku periksa aman cepat captcha bisa neg verifikasi persona ada neg jelas tolong cepat baik,1,16,positive
mantap informasi akurat,5,7,positive
jejaringnya luas bnyk manfaat,5,8,positive
knp bisa neg ku cmn muterr masihh tetep bisaa neg bln lebihh,1,0,neutral
hhhhhmmm posting bisa neg update parah,1,-5,negative
gabisa stuck halaman mari laku periksa aman cepat situ situ mulu refresh tetep,1,6,positive
busukkk bisa neg,1,0,neutral
jujur ribet loker pernah neg lolos aneh,1,0,neutral
jelek gabisa periksa aman kelar neg kelar reset suruh periksa aman gitu,1,-11,negative
kerja neg,1,2,positive
sign up buffering malam buffering,1,-1,negative
hati hati langgan premium walletnya teratut saldo potong otomatis pemberitahuan neg tuju bisa neg kembali saldo,1,13,positive
gabisa banget proses mari periksa aman cepat,2,4,positive
stuck periksa aman cepat bisa neg masuk bug baik,1,-2,negative
jelek bisa neg stuck mari periksa aman mulu bisa neg,2,-4,negative
koneksi profesional penjuru dunia,5,0,neutral
mentok periksa aman nyoba diweb macem macem browser jg tolong fix problem,1,-15,negative
bantu,5,3,positive
berbulanbulan bisa neg buka loading force close stuck layar update hapus cache uninstall install ulang berkalikali ada neg ubah mohon baik cepat ganggu aktivitas cari kerja profesional peluang notifikasi lewat bisa neg akses kecewa platform,1,9,positive
bikin account kali tetep suka nge stuck verifikasi di neg apain malas pakai,1,-1,negative
masalah periksa aman cepat gaa cepat cepat ulang kali hasil buang buang,2,-3,negative
pakai ponsel alami rusa dapat neg akses masuk ponsel dapat neg masuk konfirmasi ponsel rusak,4,3,positive
great,5,3,positive
bpkibu hormat unduh daftar eror tolak dapat bantu perihal dapat solusi hasil daftar terima,1,9,positive
buruk gimana tolong minggu bisa neg buka stuck periksa aman minggu nyoba mutar smpe tolong baik,1,2,positive
linkedln daftar mutermuter aman kali gitu stuck aman ajaa tolong baik,1,7,positive
keren,5,0,neutral
loadinh instal,1,0,neutral
muter susah daftar ribet sistem jelas neg kode muncul neg,1,-11,negative
ngelamar puluh usaha gada tuh satu ngerespon lowong pajang gada isi,1,6,positive
saldo potong rb ada neg konfirmasi emang tolol,1,2,positive
pilih,5,-2,negative
tololudah ikut prosedur msak bisa neg,1,-7,negative
juni bisa neg stuck periksa aman,3,-5,negative
,5,0,neutral
bantu info loker,5,0,neutral
why cant i download this,1,-2,negative
relasi rejeki,5,7,positive
loading,1,0,neutral
bisa neg email kena batas ada neg notifikasi aju verifikasi ktp nunggu pakai email bisa neg verifikasi lebaran kucing bakal neg muncul halaman sabar makin neg bagus buruk,1,1,positive
laku periksa aman cepat sampe dah tahun selesai neg selesai,1,-1,negative
bisa neg buka linked parah,1,-2,negative
error mulu sii,1,-3,negative
tolong developer baik metode lupa password stuck periksa aman cepat cuman fitur premium dipromosiin dn harga ngotak neg gilir kek gin ngaret,1,5,positive
downloadmau periksa aman cepat ulang kali tetep,1,-2,negative
,5,0,neutral
manfaat interaksi,5,8,positive
susah masuk hapus aplikasi bos,1,-10,negative
gw gabisa akses stuck loading kck,1,2,positive
fungsi neg buruk,1,-5,negative
burik,1,0,neutral
verifikasi sulit nomor bisa neg beli kartu gabisa,1,2,positive
nice,5,4,positive
muter muter periksa aman minggu,1,-5,negative
bagusservisnya,5,0,neutral
puas,5,3,positive
coba,1,2,positive
error buka suruh stack periksa cepat,1,-6,negative
perlu neg ba bi bu ngasih rating alas mari periksa cepat ujungujungnya halaman temu neg baik naik ratingnya,1,13,positive
great job,5,3,positive
why cant i again even though i have entered the password and the correct address always ends the security department quickly this doesnt make sense please quickly fix it immediately,1,-5,negative
lolaaa aplikasi,1,-4,negative
verifikasi akun masalah paspor bisa neg ktp tolong baik ktp harus neg paspor terimakasih,1,2,positive
ancur periksa bot,1,-7,negative
eror jelas neg susah bikin akun eror mulu aneh kali kali,1,-4,negative
buruk pdhl update regist pas stuck periksa aman bantu email di neg respons gj sii ngalamin kayak,1,-4,negative
gimana daftar susah periksa kemaanan,1,-7,negative
bisa neg bikin lekk,1,0,neutral
bagus jaring teman,5,5,positive
bisa neg install masuk web msh nyaman aman pc mobile web stlh install mlh gbs sm skli tolong baik sesal download apknya,1,6,positive
sosial media kelasse lulus sarjana lulus lulus guru,5,22,positive
bisa neg loding,1,0,neutral
bug stak periksa tolol,1,-10,negative
knp laku periksa aman buka baik,1,1,positive
can not,1,0,neutral
jelas neg daftar susah banget niat neg bikin kaya,1,2,positive
tolong baik profesional cari kerja tolong baik loading,1,11,positive
bisa neg stuck,1,0,neutral
bagus akurat percaya maaf terjemah indonesia gitu biar gampang baca perlu neg terjemahkin terima,4,18,positive
bisa neg,1,0,neutral
bagus tambah network,5,5,positive
bisa neg bukak daftar,1,1,positive
lot,1,-5,negative
algoritma alami tahan afiliat neg denga ai jaring milik emosional manusia terima,5,7,positive
buruk,1,-5,negative
loadingnya lamaaa,1,0,neutral
sumpah bingung banget si nyoba ngebug mulu ni kecewa,1,6,positive
gabisa buka,1,3,positive
kont bisa neg masuk,1,-3,negative
kwkw downloadpas pas aman dah muter muter mulu recommended neg,1,2,positive
sempat,5,0,neutral
ribet bet anj kayak neg jobstreet,1,-7,negative
banyak error,1,-2,negative
susah bisa neg loginapk berat masuk,1,-6,negative
bug daftarini doang bisa neg,1,1,positive
tolong tambah fitur kirim file dm smartphone mudah punya neg laptop komputer,4,16,positive
bisa neg bug yaampun,2,0,neutral
,1,0,neutral
bisa neg masuk,1,-3,negative
bantu aqu bintang,3,3,positive
manfaat,5,5,positive
bisa neg instal,4,0,neutral
maling uang,1,0,neutral
woiii hilang stuck periksa aman gimana developer ayo baik kembali,1,5,positive
payah bisa neg,1,0,neutral
error ko muncul bawa hp bisa neg buka bug bikin kacaw muterrr doang,1,1,positive
lelet,3,0,neutral
apasih kagak melulu,1,-10,negative
kesini parah dasar perintah kagak percaya linkein ngaco kaya jobfair cuman lipur hati doang cuman omon i can not upload my new cv pdf even the get update still the botton doesnt work i can not renew my pdf cv many times and also i can not renew my profile your please fix this problems thank you,1,2,positive
bisa neg stuck verifikasi bot,1,-2,negative
bagus,5,2,positive
bisa neg banget loading sampe bikin plisss bantu bisa neg laptop hp,2,4,positive
batas alas neg aneh kecewa verifikasi identitas kemdian batas buruk,1,-7,negative
bug hp vivo terclose detik,1,0,neutral
lelet aman aman susah banget macem,1,-4,negative
gabisa sinyal bagus,2,2,positive
upload kartu identitas persona verifikasi data kunjung neg masuk sungguh sayang,1,4,positive
lot,3,-5,negative
good jobb,5,5,positive
mohon baik bagi mari periksa aman cepat nungguin cuman muter gabisa,1,10,positive
gbsa andal daftar gbsa loading doang ribet bgtt,1,3,positive
buruk pakai aj susah bgd ampun ada neg maintenance developer very very bad,1,-7,negative
gerat,5,0,neutral
sulit buffering periksa cepat kunjung neg selesai,2,3,positive
,1,0,neutral
greats,5,0,neutral
trash many members have made reports but has not responded useless apps like this are better removed from the playstore,1,2,positive
gabisa baik gabisa gmna heran,1,7,positive
jelek banget nyaaa ihhhh nge stuck proses lupa password,1,-5,negative
bisa neg masuk daftar,5,-2,negative
nggak nggak,1,2,positive
bisa neg aura,1,0,neutral
kaya banyak stuck halaman periksa cepat,1,3,positive
periksa cepat bla bla bla bla gerak,1,-2,negative
payah tahan alas neg lapor customer support bantu neg,1,10,positive
muter email notif masuk trus gilir linked muter pakek data wifi tungguin menit aj gx masuk aneeh bug ny,1,-9,negative
bantu informasi bagus,5,7,positive
,5,0,neutral
sign inmendaftar loadingnya jaring internet stabil,1,6,positive
temporarily restricted unknown device dr hplaptop coba verifikasi id sesuai proses gagal sesuai tolong solusi,1,11,positive
bagus bantu,5,5,positive
bs neg jaring bagus,2,5,positive
verifikasi aman pernah neg masuk tunggu tetep masuk neg aneh,1,-1,negative
payah bisa neg buka periksa cepat bisa neg masuk,1,-2,negative
periksa bot,1,-7,negative
gjls stuck periksa aman kocakkk,1,-5,negative
percaya,5,2,positive
masuk ruwet,1,-7,negative
nomor telepon dapat neg eror nomor telepon sangkut pls reset nomor telepon,1,-3,negative
tengkiyu,5,0,neutral
stuck halaman periksa cepat bantu lindung bot tolong baik bantu,1,12,positive
bisa neg koneksi oke,1,4,positive
gara gara uang dana ambil prabayar google play otomatis admin bantu refund beli otomatis hilang uang tara kerja minggu,1,9,positive
okelahhh hp inter gabisa,5,0,neutral
okey,4,0,neutral
bagus manfaat suka,5,10,positive
top markotop,5,5,positive
muak pliss gbs stuck periksa aman cepat doang,1,-8,negative
linked ganti nama disalahgunakan gimna dah ketat verfikasi tetep bajak aneh,1,-3,negative
gabisa daftar gagal terusss gatau fungsi,1,-4,negative
bagussss,5,0,neutral
i have complained on facebook email and x but the response is very slow why is there a help feature for complaints if it takes a long time handle user problems,1,1,positive
bisa neg buka kecewa,1,3,positive
anjir muter muter periksa aman cepat pdhl jaring lancar dahh ulang ttp ada neg hasil bikin napamending pou jir kwwk,1,7,positive
susah,1,-3,negative
bisa neg ora,1,-3,negative
stuck verifikasi aman nomer kode dikirimkirim neg mohon baik,1,2,positive
idiot ngebug jelas neg,1,-4,negative
terbanth tetima,5,0,neutral
developer gimana bisa neg tolong baik,1,6,positive
bantu,5,3,positive
stuck security chec loading,1,0,neutral
mantap good job,5,10,positive
kocak ni ribet susah daftar stuck aman cepat muter selesai neg selesai gimana perbaikin donggggg nyusahin,1,-1,negative
parah stuck periksa aman tolong baik sulit,1,-4,negative
informasi lowong kerja,1,4,positive
gabisa akses gua daftar gabisa dr huh,1,0,neutral
biar bicara,5,1,positive
linkedl manfaat,5,5,positive
tolong acc penggembalian dana potong otomotis karna jarang pakek aplikasi,1,1,positive
tahu peluang,5,4,positive
bom pengalamantpi masalh kerja insaallah,5,3,positive
muanteb,5,0,neutral
rekomendasi neg upload postingan teks error salah ketik tekan huruf huruf ketik rekomendasi bangun image personal branding,5,-13,negative
halo developer dapat neg akses delay falam periksa aman pernah neg tembus,3,0,neutral
pas stuck perikasa keamanaan cepat,4,6,positive
cari kerja,5,-1,negative
nge stuck periksa aman berkalikali stuck situ koneksi aman,1,-3,negative
bagus manfaat,5,7,positive
bagus fiturnya lengkap informasi,5,6,positive
rihet eror,1,-4,negative
very good,5,5,positive
real,5,2,positive
bisa neg loading masuk tulis mari laku periksa aman cepat butuh bantu bapak admin,3,-3,negative
uang,5,0,neutral
minder,1,0,neutral
mohon internasional indonesia baca pesan mohon mohon baik bug macam stuck mari laku periksa aman cepat please baik beda hasil hormat christopper,1,17,positive
bingung,1,0,neutral
baikterinsfirasi mula cari lowong kerja baru dasar spesialisasi loker,5,-1,negative
bisa neg upgrade premium tampil,1,3,positive
bisa neg,1,0,neutral
gbisa,1,0,neutral
stak periksa cepat bisa neg,1,-2,negative
moga depan,5,1,positive
bisa neg eror,1,-4,negative
bisa neg gagal,1,-4,negative
gabisa,1,0,neutral
hadeh rusak rusak,1,2,positive
error ada neg manfaat,1,4,positive
up date baca informasi,5,5,positive
gagal,1,-4,negative
guna neg ngestack mulu mending ban playstore,1,5,positive
stuck pemerikasaan banget jam,1,1,positive
ngecoba stuck aman jaring bagus hapus instal tetep gitu,1,2,positive
emng kocak ni bisa neg dipake,1,-2,negative
jelas neg uda kyc mas gagalin,1,1,positive
mohon baca pesan lapor bisa neg stuck dalam mari laku periksa aman cepat tahu neg bug macam mohon baik golong masalah dapat neg mohon baik,1,26,positive
susah,1,-3,negative
bisa neg nge stuck periksa jam nggak,1,-4,negative
my worst experience using was when i took the initiative increase security through factor authentication but then a few days later my account was unilaterally suspended by,1,0,neutral
jelekkkkkkk parah eror mulu gajelasss,1,-7,negative
okeee,5,0,neutral
coba,5,2,positive
susah bngt neg ew,1,-3,negative
wonderfull,5,0,neutral
tolong baik gabisa device loading bagi periksa nyoba lain ttp gabisa,1,-1,negative
bagus bisa neg lamar kerja,5,4,positive
daftar pake no telp nomer telfon spam pakenya kode sms kode sms ada neg nomer spam,1,-7,negative
bantu hubung relasi teman teman tulis bagus teman tambah ilmu utama informasi lowker update teman teman,5,18,positive
appsnya jelek email korban tp hapus gatau sebab pas sibuk kau tampil aman cepat tp bisa neg aneh,1,5,positive
error mulu dah ribet banget muncul neg muncul,1,-7,negative
system aman verifikasi buruk muas neg,1,0,neutral
searching with hastag keywords is no longer possible is it,3,1,positive
kecewa tgl april langgan kurang saldo gopay bisa neg beli waktu sama hapus lupa non aktif langgan tgl mei saudara kirim saldo gopay saldo potong otomatis terima neg karna guna neg aju kembali dana,1,19,positive
bisa neg,1,0,neutral
tolol,1,-5,negative
pas loadingnya,1,3,positive
bisa neg,2,0,neutral
bisa neg woi guna kagak bet dah,1,-5,negative
lumayan bagus,5,3,positive
guna banget,5,2,positive
very good,5,5,positive
buruk susah,1,-8,negative
gabisa,1,0,neutral
bisa neg bikin stuck periksa aman,1,-5,negative
bisa neg,1,0,neutral
daftar masuk bisa neg cari sebab gogle cari tetep bisa neg,2,-5,negative
update bisa neg hasil postingan mudah cari kerja tolong kembali hasil cari postingan tolong beritahu setel salah,2,8,positive
bagus,5,2,positive
mantab aplikasi,5,-4,negative
tau neg susah masuk atur ulang password bisa neg pesan muncul periksa aman rusak hancur labil tolong kembali,1,-6,negative
jelashampir neg bulan batas,1,-4,negative
topbgt,5,0,neutral
bisa neg mari laku periksa cepat bnget abis tuh muncul halaman sedia neg,1,6,positive
kembali dana potong tahu neg langgan potong tahu neg,1,10,positive
tarik,5,2,positive
gila susah banget loginnya,1,1,positive
opo iki su ora kenek,1,-2,negative
anggap bagus,5,2,positive
susah masuk aman muter,3,-6,negative
super,5,3,positive
gimana stuk periksa aman cepat,1,-2,negative
gabisa buka mentok periksa aman cepat,1,-4,negative
stuck periksa cepat,1,-2,negative
proses verifikasi aman selesai,1,3,positive
mesin cari memposting muncul neg kunci eror postingan bisa neg alas ada neg postingan upgrade mohon baik,1,6,positive
tolol,1,-5,negative
search bandung postingan hasil ada neg,3,6,positive
tolong baik fitur search fitur search filter baru tampil postingan baru filter neg kunci contoh cari postingan kunci ternate filter baru postingan baru abai kunci ternate begini neg tolong kembali mudah cari postingan tolong baik,1,19,positive
lot njiinggg,1,-5,negative
leader,5,0,neutral
email notifikasi muak lamalama kirim notifikasi usah neg sering nofitikasinya condong pemberitahuan langgan premium penting neg,2,-6,negative
periksa cepat ganggu bisa neg mohon baik,1,-1,negative
loading periksa aman cepat download x,1,-2,negative
jelek bisa neg verifikasi mutermuter jelas neg,1,-4,negative
daftar bisa neg verifikasi keman muter,1,1,positive
gabisa searching postingan,1,0,neutral
isi ribet,1,-2,negative
ok,2,4,positive
cari loker sulit kode otp muncul neg munculuninstal,1,-5,negative
nambah wawas kenal mudah cari kerja magang mahasiswa teman langsung hrd chat an comment bagus,5,14,positive
good platform,5,5,positive
saya neg alami out bisa neg masuk alamat email password stuck periksa cepat walopun uninstall reinstall ulas perhati neg admin ada neg baik,1,-4,negative
beneran ada neg baik keluh susah loh kecewa,1,7,positive
kocak ni ngestuck mulu aman,1,0,neutral
bantu,5,3,positive
bisa neg stuck periksa aman,1,-5,negative
bagus,5,2,positive
susah banget verifikasi suka eror mulu,2,-1,negative
best,5,0,neutral
muter jelas neg kagak masuk,1,-5,negative
goid,5,0,neutral
keren,4,0,neutral
very very very laging when security verificationeven though my internet connection is stable,1,0,neutral
apply lamar ribet hiredtoday susah pakai aplikasi,1,-11,negative
bisa neg daftar,2,1,positive
errorlogin buang waktuu,1,-3,negative
bantu,4,3,positive
masuk loading mulu ditungguin kelar neg kelar internet lancar kocak,1,7,positive
bisa neg daftar,1,1,positive
tolol susah bener stuck periksa robot,1,-10,negative
kode otp gamasuk masuk disms,1,-6,negative
bisa neg masuk,1,-3,negative
bisa neg nomer telpon bisa neg,1,0,neutral
tolong gimana bisa neg buka doang logout pas buka hrs lodingnya banget lgi tolong linkedln baik lgi,2,20,positive
good kendalah data rusak jln cek,5,1,positive
tolong baik gabisa developer baik biar mudah,1,14,positive
error proses,1,-4,negative
keren membanru,5,0,neutral
bisa neg batas jelas neg,1,-2,negative
linked bantu masuk caterpillar,5,0,neutral
nice projecto,4,4,positive
helpful relational joyful get brightul future,5,0,neutral
saldo dana potong kembali dana karna rasa neg beli paket langgan premium,1,16,positive
stuck pas periksa aman cepat tolong baik,1,7,positive
cant on google mail and cant reset password on pc its always error and buffering couldnt connect,1,-5,negative
buruk diupdatean bisa neg stuck bagi mari laku periksa aman cepat loh baik neg diupdate baik bug baik bug baik ngaruh neg bisa neg hadeuh umpan kayak gin pada neg dibales developer emang aneh,1,3,positive
bantu informasi seoetaran lowong tambang,4,5,positive
mantap,5,5,positive
jelass neg hasil daftar dibukak neg tb tb batas suruh verivikasi persona selesai verifikasi suruh nunggu maksimal x jam ud tunggu sampe gabisa dibukak jelas neg,1,5,positive
good,5,5,positive
loading mulu cuman,1,2,positive
goof,5,0,neutral
tolol susah ge,1,-8,negative
bayar baru bisa neg masuk,1,-2,negative
moga sukses,5,4,positive
stuck verifikasi bot neg,1,-2,negative
dapat neg mendownload,5,2,positive
baik kerja,5,5,positive
tolong admin jobs balik uang langgan sayakarena inidan ambil ada neg tahu,5,5,positive
bisa neg loginapk busuk,1,-5,negative
powerful and useful apps,5,0,neutral
apps kualitas dr sosmed mana bangun jaring,5,7,positive
rusakdidownload bisa neg dipakesama keluh,1,0,neutral
suka,5,3,positive
stuk verifikasi bot hadehhhh,1,-2,negative
gagal masuk verifikasi captcha keluar neg tunggu dri bgini blum baik,1,-6,negative
this apps good for everyone know each other,5,5,positive
stuck laku periksa cepat bisa neg tolong baik butuh kerja hapus data ulang kali loading,1,-5,negative
halo kena restricted kali kirim email balas dm twitter tanggap milik akses cepat menganggu,2,10,positive
buruk bikin susah banget,1,-7,negative
bisa neg tolong baik,1,6,positive
ni si susahlogin susah stuck mari laku periksa aman cepat developer tolong baik niat pakai mudah susah haduh,1,6,positive
bantu masuk data masuk,1,-6,negative
nggak masuk aplikasiperbaiki aplikasi,1,-6,negative
sumpah stuck periksa bot kesel,3,-9,negative
aplikasihnya bagus,5,2,positive
sulit edit profil,1,0,neutral
buruk gampang rawan batas banyak atur,1,-2,negative
terima kerja ordal ngapain bikin loker hapus aplikasi guna neg,1,-2,negative
suka bantu stuk mari laku periksa aman nunggu loading kelar neg kelar bisa neg masuk mohon solusi terimakasih,5,19,positive
hp instal ulang susah masuk loading periksa aman cepat selesai neg selesai,1,-4,negative
mohon solusi admin lempar ulang stuck periksa aman cepat kali,1,3,positive
loding,3,0,neutral
bagus cari informasi dn interaksi sosial dgn eksrkutif,5,8,positive
bantu cari kerja,5,2,positive
registrasi banget periksa daftar kuota sinyal bagus tlong baik depan,1,0,neutral
bisa neg upload foto profil,2,3,positive
aman sopir,5,0,neutral
verification cepat jelas neg,1,4,positive
why my account restricted,1,-2,negative
daftar doang anjibg,1,2,positive
gabisa bikin stuck periksa aman tolong baik,1,1,positive
ngestuck periksa aman cepat cepat apa tolol platform mobilepc tolong baik harus kasih fitur cs biar ngadu kayak aplikasi gaada,1,-16,negative
ribet susah,1,-7,negative
good connected good advisory big join team work thank you so much linkedln,5,16,positive
bisa neg daftarlogin,1,0,neutral
is good,5,5,positive
susah be,1,-3,negative
bisa neg stuck aman sistem gimana yaaa tolongg cs respontif baik sistem aplikasi rugi,1,-14,negative
good,4,5,positive
oke,5,2,positive
bisa neg masuk verifikasi id bisa neg aju,1,-6,negative
sanggat bantu,5,3,positive
informatif,5,0,neutral
good bantu,5,8,positive
skrg ku bikn kodeny kirim neg trus akhirny pke nomor temenku bentar selesai profil dh berputarputar lgi katany periksa cepat periksa cepat apany periksa cepat slama berputarputar aj trus buka browser kek gtu jg aj apk neg browser neg katany bkal dibaikin ntu harap bug hilang loh buat x install uninstall,1,8,positive
stuck proses periksa aman cepat,1,-1,negative
gabisa muter doang,1,1,positive
jelas neg verifikasi mulu gnti email masuk lgi gtu lgi,1,0,neutral
eror mulu ajing bisa neg asu,1,-2,negative
daftar web gagal loading mulu,1,-1,negative
baik full information,5,3,positive
banyak iklan klik apply muncul dapat neg temu halaman silah kata snack hadiah isi mulu gabisa bikin jalan lancar manfaat mending hapus dah karna banyak iklan bikin user sulit lamar kerja,1,28,positive
rusak daftar isi ada neg panggil kerja panggil kasi,1,7,positive
bisa neg muter,1,0,neutral
bug bisa neg masuk aplikasi,2,-7,negative
jelek stuck mari laku periksa aman cepat gimana developer keluh user pernah neg balas,1,-2,negative
bisa neg upload file menu ubah alam kerja,5,4,positive
good uplication,5,5,positive
aneh daftar gabisa,1,5,positive
mohon baik bug lampir sertifikasi ada neg tanda simpan,4,4,positive
jelas neg nyuruh verifikasi cepat ehh tunggu loading banget,1,3,positive
oh hellnah banget buset verifikasi,1,1,positive
versi hp bisa neg kecewa,3,0,neutral
ni bs neg buka periksa selesai neg ber update hapus cache tlg bantu ni admin,1,3,positive
excellence,5,0,neutral
error periksa cepat sampe setaon kelar neg kelar nyesal,1,-5,negative
,4,0,neutral
nggak banget gabisa sulit recaptchanya jam jam pdhl koneksi udhlah nomor valid neg pdhl nomor bnyk valid neg pdhl nomor aktif ampun dehh,1,7,positive
manfaat baik cerdas,5,8,positive
sulit perangkat mudah perangkat butuh verifikasi hack profil linked,1,-5,negative
stuck bisa neg,1,0,neutral
awesome,5,0,neutral
batas laku neg langgar apa hasil hilang stuck periksa cepat tolong,1,1,positive
expand network and business development,5,0,neutral
masuk stack periksa aman tunggu,1,-7,negative
bisa neg ngestuck cek aman,1,-4,negative
periksa aman fungsi neg,1,-5,negative
linkedln sya bisa neg registrasi stuck bagi periksa,1,-3,negative
ngestuck halaman laku periksa aman cepat,1,-2,negative
bagus lumayan,5,3,positive
download lai ribet,1,-4,negative
periksa cepat mohon tingkat,1,1,positive
bsa neg,1,0,neutral
terimakasih profesional,5,5,positive
sampe nyari kerja pernah neg tuh sapet satu pusing mnding gua hapus,1,-7,negative
oke,5,2,positive
kecewa,1,0,neutral
loading neg tolong bantu,1,6,positive
daftar stuck periksa aman cepat berkalikali masuk muncul tulis halaman web sedia neg gimana susah banget daftar,1,-2,negative
moga manfaat guna,5,7,positive
semangat,5,4,positive
plis pakai email hari bisa neg sumpah bikin kesel bangett,1,-4,negative
bikin loading mulu malas aahh ribet,1,-9,negative
informasi erti,3,4,positive
i tried with my gmail account but it always gets stuck at verification and it keeps repeating its so annoying,1,0,neutral
error tiga verifikasi email,1,-5,negative
good job,5,5,positive
bisa neg stuck periksa cepat coba kali,1,0,neutral
tolong bikin kenapaa muterrr pake laptop web tetep bisa neg padhal sinyal oke storage jug lega tp tetep miter kek gitu,3,5,positive
bisa neg,1,0,neutral
susah banget muter periksa aman jaring bagus muter,1,-2,negative
tolong baik download daftar ngestuck halaman baik,1,10,positive
pas ulang loading berjamjam ulang bisa neg,1,3,positive
bagus,4,2,positive
bisa neg periksa aman cepat,1,-2,negative
update bisa neg tolong baik tugas bisa neg bisa neg,1,5,positive
daftar susah layak,1,1,positive
bisa neg buka,1,3,positive
likedln is profesional platform,5,0,neutral
berputarputar halaman periksa aman tunggu ada neg ubah web tolong baik verifikasi halaman gerak neg,1,6,positive
sngt bantu trus kmbangkan,5,3,positive
jebak periksa aman cepat tolong kerja iya gagal dapet kerja gegara susah si diweb jebak periksa aman cepat,1,-5,negative
bisa neg tulis eror,1,-4,negative
stuck halaman periksa aman cepat kali kali hasil neg lapor website pas selesai isi bisa neg kirim tolong baik fitur periksa keman cepat buruk ganggu dapat neg tolong baik bug macam menganggu,1,15,positive
dipeasulit stak mari laku periksa aman cepat hadehhhh,1,2,positive
stuck,1,0,neutral
platform baik cari relasi bisnis cuan,5,6,positive
mantul,5,0,neutral
keren worth it,5,0,neutral
bisa neg periksa aku jalan neg stuck,2,-3,negative
bantu cari kerja,4,2,positive
bisa neg masukapakah bug lenkedln,2,0,neutral
my account getting permament restriction without any information before using your personal account and email without consent,1,0,neutral
eror diupdate bisa neg diinstalmana isi temen bos internasional bisnis usaha usaha internasional dunia tolong kembali biar diinstal bisnis semulaterimakasih,1,14,positive
guna lara cari loker,5,-7,negative
hai kelola limkedln mohon maaf keluh daftar lot eh error stuck situ gmail tolong benerin kontolll neg,1,1,positive
tolong baik verifikasi aman menganggu keti,3,6,positive
bisa neg masuk fungsi neg isi data lengkap verifikasi email ada neg fungsi buruk,1,-3,negative
sempurna nyari kerja premium bayar anggur atuh mending bayar sesuai kantong anggur jaman skrng kn hr pasang iklan loker up date status sesuai qulifikasi suruh dm dm kn premium premium langgan alias bayar tolong baik gratis byr byr anggota premium sesuai kantong pencaker trimakasih,1,31,positive
halo tibatiba logout bisa neg sandi nomor hp ubah tanggung neg email nyangkut bisa neg developer gimana guna retas tanggung jawab bisa neg hapus,1,-5,negative
bug toror,1,0,neutral
aplikaai jelek mari laku periksa cepat lambat gimana jelas neg,1,-1,negative
guna neg bisa neg,1,1,positive
bisa neg akuntolong bantu solusi,1,6,positive
bolak ttep bisa neg daftar terima neg kode bobrok auto lngsung nol klo,1,-8,negative
napa skrg bikin susah bet disuru masukin nomer tpi kode verifikasi nongol neg pas mo nyoba masukin nomer lagi bisa neg so weird againn page mari laku periksa aman cepat cepatnyaaa jam tungguin kelar neg monyet,1,-6,negative
good,5,5,positive
i wrote and the draft feature didnt work my articles gone,1,-2,negative
linked susah banget,1,-2,negative
aneh apps ganti device bisa neg device keluh banyak stuck halaman periksa aman,1,5,positive
verifikasi aman susah banget isi sesuai data,1,0,neutral
bagus,4,2,positive
linkedln keren bantu mmperluas jaring jalin bisnis,5,9,positive
baik bintang krn nnti pas sulit masalah turunin lg ratingnya,4,2,positive
membnatu cari kerja thank you very much linkedln,5,3,positive
heran logout akses bisa neg tulis hindar serang bot kunjung neg selesai,1,5,positive
bantu cari kerja,5,2,positive
susah mohon baik,3,2,positive
bodongsaya rasa neg instal buka langgan premiumsaya rugi dgn kembali dana,1,2,positive
mantap linkedn,5,5,positive
nyoba,4,0,neutral
gabisa,1,0,neutral
banget jing,2,1,positive
jalan neg stuck mari laku periksa aman cepat,1,2,positive
stuck halaman periksa cepat,1,-2,negative
media kaya knowledge,5,2,positive
susah masuk,1,-6,negative
ok,4,4,positive
keliru sistem koneksi kes nepotisme,3,2,positive
bantu m cari kerja,5,2,positive
bingung lamar,4,0,neutral
good job,5,5,positive
kali bisa neg daftar susah,1,-2,negative
bisa neg minggu,1,0,neutral
aneh gabisa sampe kesel,1,-1,negative
susah baik jaring oke,1,5,positive
masuk google loadingnya,1,-3,negative
periksa aman cepat,1,-2,negative
your network will be back soon weve notified our operations staff that you are having a problem reaching well get you reconnected soon you can leave this window open and well automatically take you back your home page a few minutes we apologize for the interruption user infinix zero gandroid,1,-11,negative
verifikasi chapta error mulu stuck kgk,1,-6,negative
salah daftar kali pake wifi,1,-3,negative
bisa neg linkedln iya verifikasi bln pliss solusinyaa,2,0,neutral
bisa neg ininge stuck periksa keamanantolong segeran diperbaikidibantu dongg,2,-5,negative
konyol bisa neg dibukatiba logout sendirikacau,1,-3,negative
muter muter doank periksa aman admin tolong baik bisa neg,1,1,positive
bisa neg akses proses periksa ama buah neg hasil apa tunggu jam hasil nihil,1,0,neutral
aplikasi instal neg vivo mau neg buka langsung close aplikasi,1,1,positive
good information,5,5,positive
bisa neg verivikasi lamaaaaaa,1,0,neutral
mantappp,5,0,neutral
coba daftar ganti hp gabisa stuck periksa aman tunggu tahun gabakal kelar mohon bug fix,1,3,positive
aneh si gua gabisa akses batas gua pke email beda besok logout gabisa tolong diperbaikin org neg ngomong,1,-2,negative
susah tolong lh tod,1,0,neutral
jelas neg susah banget,1,-1,negative
banyak update sampe kali,2,3,positive
bisa neg daftar ampas,1,-2,negative
stuck,1,0,neutral
banned,1,0,neutral
bantu kembang tahu kembang teknologi bidang kerja jalan teman relasi hubung kerja,5,21,positive
bisa neg baru,2,0,neutral
good,5,5,positive
productive,5,0,neutral
sulit periksa cepat bisa neg masuk masuk email password email verifikasi wajah ktp bisa neg email bantu neg konfirmasi perangkat pakai perangkat sulit hapus aplikasi rugi bisa neg akses,1,-12,negative
the best,5,0,neutral
baik,5,3,positive
bantu,5,3,positive
load stuck,1,0,neutral
maaf pas ngisi profil didik cuman universitasgelar bidang studi lulus smk bingung ngisi gimana ubah bisa neg nama universitas ganti nama smk mungkin neg baik temen kaya gitu ngeluh ko gin emang universitas gutu mohon maaf bantu terimakasih,1,32,positive
senang,5,5,positive
stak verifikasi aman dh nungguin hari stak situ,2,1,positive
bet gabisa masuk error mulu,1,-6,negative
iya,5,0,neutral
moga manfaat cari kerja sukses,4,8,positive
stuck menu laku periksa aman,1,-5,negative
periksa aman cepat jam buruk,1,-7,negative
susah indar problem mas,1,-7,negative
ngak guna menuhin storage,1,1,positive
manfaat networking karier,5,5,positive
bisa neg masuk scam,1,-3,negative
bisa neg buka linked,1,3,positive
tipu langgan premium biaya jt gila neg guna neg,1,8,positive
dapat neg pdhl email password bener aneh linkedln skrg gegara hp flash krna banyak virus eh sekali ulang bisa neg,1,8,positive
mantap peluang,5,5,positive
bikin rugi download mala nggak buka niat bantu rugi,1,-8,negative
parah ngapangapain neg tibatiba out kacau,1,-5,negative
stuck halaman periksa aman cepat kali kali hasil neg tolong baik fitur periksa keman cepat buruk ganggu dapat neg tolong baik bug macam bug bisa neg email,1,4,positive
nice apps,5,4,positive
connect me with many good educated profesional people world wide this is a good online communication tool,3,10,positive
erti neg layan,5,4,positive
imformatif,5,0,neutral
simple clean and fast,5,3,positive
gimana daftar gabisa periksa aman,2,-4,negative
sign hasil neg skrg,1,3,positive
bisa neg stuck mari laku periksa cepat server eror knapa lihat lihat org menhalami ada neg solusi,1,11,positive
bagus inovasi,5,6,positive
informasi manfaat tingkat softskill,5,8,positive
tau ceo mbah google muda ganteng gitu tau beda pandang rem galak sepak bola david beckham gitu oh nyambung ceo google dgn chrome dunia sadar alhamdulillah jelajah mana tau,5,-11,negative
bisa neg linked keren,1,0,neutral
informasi saji akurat,4,6,positive
pas periksa aman cepat mutar bisa neg,1,1,positive
bisa neg tunggu eror tolong bantu,1,3,positive
dawg sakit hati liat prestasi,5,-1,negative
tolong baik stuck,1,6,positive
say daftar sinyal,1,2,positive
mari laku periksa aman cepat,1,2,positive
bantu oleh koneksi kerja,5,7,positive
anjeng,1,-5,negative
good application,5,5,positive
bisa neg daftar,2,1,positive
bisa neg mulu verifikasi loading login neg kaya gitu duhh pake apps pake web ajaa bisa neg kebukaa tolong solusinyaa,1,7,positive
,5,0,neutral
mudah,5,4,positive
,1,0,neutral
daftar selesai isi password trouble stuck loading wkwk,1,5,positive
tolong baik stuck periksa cepat bisa neg,2,4,positive
mari laku periksa aman cepat cepat ngestuck situ yaampun sampe verifikasi identitas pake muka ktp tetep gabisaaa kacau tolong baik saya neg alami,1,5,positive
bisa neg masuk periksa keamana cepat masuk anehhhh,1,-8,negative
profesional kualitas dipertanggunghawabkan,5,4,positive
good job,4,5,positive
jelas neg banget bisa neg sinyal bagus,1,4,positive
bisa neg gabung stuck mari laku periksa cepat bisa neg payah,1,-3,negative
kerensangat bantu butuh kerja,5,0,neutral
stuck periksa nggaada solusi apl,1,-2,negative
bagus profesional,5,2,positive
bisa neg cape dah,1,-7,negative
email hack,1,-4,negative
gj download stuck periksa aman,1,-5,negative
connecting people people,5,0,neutral
nggak pakai,5,1,positive
susah banget loginnya tolong baik,1,4,positive
bisa neg periksa aman web bisa neg masuk,1,-8,negative
gaje,1,-3,negative
guna,5,1,positive
periksa aman cepat loadingnya banget kuota sinyal bagus,1,-1,negative
jawa dari neg sabang maroke,3,-3,negative
buka diapk beranda muat feed web enak kyny semenjak diupdate gin eror mulu,1,7,positive
trimakasih,5,4,positive
susah banget si,1,-2,negative
aneh sulit mutermuter sampe kiamat nggak susah susah,1,-4,negative
mohon baik bugnya masang foto sampul foto galeri bisa neg,3,8,positive
daftar bisa neg loker linkidn solusi gimana,1,4,positive
hubung grup family pribadi lengkap muas,5,4,positive
guna rana tambah insights,5,8,positive
bisa neg masuk stuck mari laku periksa aman cepat,1,-1,negative
loginn sulit,1,0,neutral
good networking platform,5,5,positive
mantap gais,5,5,positive
stuck mari laku periksa aman cepat website nyambung akun pake website,5,2,positive
bagus bantu,5,5,positive
susah banget masuk tolong berbaikin kuota wifi sinyal bagus buffting banget bisa neg akses,1,1,positive
good,5,5,positive
jelas neg bulan gabisa,1,0,neutral
bisa neg periksa aman kunjung neg selesai loading page minggu dapat neg,1,4,positive
bener periksa aman jam gila,1,1,positive
gagal menycapay impi putus asa usaha kerja keras hasil muas strategi dalambisnis menycapay impi,5,13,positive
saldo habis kuras sapa milik neg langgan apa,1,5,positive
moga bantu,5,4,positive
boskuh tolong bisa neg stuck loading,1,3,positive
tolong google auth logout stuck mari laku periksa aman cepat,1,5,positive
fitur linkedln,5,0,neutral
susah buka,1,0,neutral
joz gandoz kotoz kotoz mak nyoz,5,0,neutral
ok,3,4,positive
puas,4,3,positive
good job,5,5,positive
good help human being get knowledge and opportunity for his job career path,5,7,positive
good,5,5,positive
hapus dri playstore daftar bisa neg,1,-2,negative
sampah bikin fitur ngerugiin user ngeluh stuck periksa aman cepat rasa neg masalah,1,-16,negative
stuck bisa neg gimana,1,0,neutral
knp bisa neg ngestuck periksa cepat kyk tolong solusi kyk,1,4,positive
i cant at all stuck at security check only loading although my internet connection is fine,1,5,positive
baik tingkat kualitas baik,5,11,positive
bisa neg instal aplikasi semenjak hp direset ulang,5,-4,negative
sekala,5,0,neutral
curiga sistem sensitif dapat neg akses data hilang dapat neg cari google,2,1,positive
x stuck mari laku periksa aman cepat stuck sampe jam ada neg solusi aku stuck solusi bikin edit profil ribet tolong baik cepat,1,19,positive
jelas neg banget stuck periksa cepat,1,0,neutral
very helpful,5,0,neutral
linkedln mohon baik bug apkweb guna akses informasi lancar,1,14,positive
ada neg alam,5,6,positive
masuk aplikasi susah sistem periksa bisa neg ganti sandi verifikasi pakai ktp tetep bisa neg,1,-16,negative
,5,0,neutral
bagus cari lowong kerja lamar,5,1,positive
stuck,1,0,neutral
terimakasih layan satset cepat mana tampil merespon neg cepat,1,17,positive
kalah,1,-4,negative
bantu,4,3,positive
full of insights and create a chance make more networking colleagues across the world,5,0,neutral
gabisa mmks,1,0,neutral
susah banget,1,-2,negative
bagus,5,2,positive
susah masuk,1,-6,negative
bisa neg periksa aman mulu kelar neg,1,0,neutral
susah kode verifikasi kirim neg email,1,-4,negative
wahhh bagus senang temu,5,9,positive
moga buah hasil manis,5,11,positive
ruang gabung dunia bisnis,5,-4,negative
kecewa gimana aduh aduh,1,2,positive
very good,5,5,positive
susah muter,1,-3,negative
bisa neg daftar bisa neg mohon bantu,2,6,positive
semangat cari kerja cuman live streaming cuan yuk,5,10,positive
nyoba kali ngestuck periksa aman cepat tolong baik aplikasi,1,0,neutral
top,5,5,positive
mari laku periksa aman cepat stuck tolong baik,1,8,positive
bisa neg bagi verifikasi aman muter,2,2,positive
bohong,5,-5,negative
good apl,5,5,positive
muter muter periksa aman selesai neg selesai,1,-1,negative
infoemasi lengkap akurat,4,2,positive
the best apps not only find jobs but also the best apps create and fine people arround the world so with we can always stay connected love it so much but please make lite version apps,5,6,positive
guna bisa neg akses tolong baik,1,9,positive
bisa neg pake email bisa neg ake no hp bisa neg,1,0,neutral
koneksi cepat lengkap jaring anggauta luas,5,13,positive
,5,0,neutral
je,3,0,neutral
proses periksa banget dah,1,-6,negative
very good thank you,5,9,positive
halo tolong respon stuck periksa aman bisa neg harap respon temu solusi terimakasih,1,16,positive
loadingnya banget kali tetep uninstall install internet lancar,1,5,positive
jelek bisa neg baca gin mari laku periksa aman cepat nunggu menit bisa neg masuk kecewa,1,-2,negative
tolol bisa neg stuck verifikasi selesai neg loading,1,-3,negative
susah stuck mari laku periksa aman cepat,1,-1,negative
bisa neg gagal,1,-4,negative
profesional bantu cari kerja beri kerja cari rekrut kerja,5,5,positive
jalan lancar tolong knapa gabisa buka,2,10,positive
bisa neg periksa aman proses terus bisa neg lanjut tahap daftar,2,-1,negative
developer tolong baik daftar eror,1,3,positive
lelet loading mulu kode muncul neg muncul kena langkah aman salah linkdln,1,-2,negative
bisa neg akunselalu gagal coba google jenis verifikasi verifikasi pernah neg muncul eror stuck periksa aman cepatastaga bikin kode kirim neg no captcha muncul neg munculini developer tolong baik tolong baik captcha,1,2,positive
bisa neg henti periksa aman cepat,1,-6,negative
download lagitidak simpan hp,2,-3,negative
nilai gin susah gabung masuk perf nohp bisa neg,3,-6,negative
susah tp pas ngecek hilang verivikasi tetep gagal,1,-1,negative
bagus,5,2,positive
lowong kerja dunia,5,3,positive
bikin bisa neg salah taju neg,3,-4,negative
baguss,5,0,neutral
applikasi,5,0,neutral
susah loading periksa aman cepat,1,-5,negative
bisa neg google,1,0,neutral
keren dlt info,5,-3,negative
dapat neg diinstall hp hp hp compatible neg diinstall semua neg bs pake hp bagus doank,1,1,positive
tolong cek sistem kemarin update profesi lokasi bisa neg berberpa kek gin bisa neg edit baik,4,-2,negative
mentok mari laku periksa aman cepat,1,-3,negative
senang tambah teman nwtworkinb,5,8,positive
best of the best,5,0,neutral
bisa neg gac,2,0,neutral
gimana si nyusahin boleh neg pake no hp trus masukin kode masuk neg mau,2,1,positive
download scam akses bank google daftarkansaya kena moga ada neg korban,1,0,neutral
susah loginnya baru dongg mudah loginnya,1,1,positive
bagus,5,2,positive
sayang perangkat kompatible neg,5,3,positive
jelas neg susah mending pindah cari kerja sampah stuck periksa aman mulu kali aman neg,1,-7,negative
loading stuck verivikasi cepat user keluh yaang tolong baik,1,9,positive
aneh,1,4,positive
susah masuk gimana solusi,5,-3,negative
i cant because it always gets stuck on the quick security check page,1,3,positive
heran susah banget tolong baik aplikasi,1,4,positive
aneh liat liat perkejaan suruh mari periksa cepat tolong benerin sistem,1,7,positive
im sorry i would like request a refund my dana account because i did not intend subscribe the premium service yesterday i tried the free onemonth premium trial and suddenly my balance was deducted automatically unfortunately the deducted balance was actually intended for my tuition payment which was sent by my parents i kindly ask for your help i have already canceled the premium subscription on my account i sincerely ask for your assistance even though i under,1,11,positive
stuck server rusak,1,3,positive
lot kagak buka,1,-5,negative
stuck periksa aman,1,-5,negative
main,4,2,positive
kecewa update aman baru logout ulang verifikasi aman stuck loading page,1,2,positive
bisa neg registrasi periksa aman error,1,-10,negative
coolest,5,0,neutral
tolong baik bisa neg masuk kemarin bikin bisa neg kirim kode no sms terima neg sms tolong baik,1,10,positive
ko kocak banget un istal ajah ngirimin notif email ganggu doang nyampah nyampahin email gw,1,-8,negative
susah guna,1,-2,negative
good,5,5,positive
banyak ganggu dari cuman daftar ganggu fitur langgan premium ganggu apa kelas bisa neg fiks,1,-13,negative
bantu neg disibilitas tunarungu,1,3,positive
sulit karna periksa aman,1,-5,negative
bisa neg msuk,1,0,neutral
berkat meta josssssbermanfaat dunia,5,2,positive
huftt nunggu jam jam gabisa stuk periksa aman,1,-4,negative
sampah bisa neg,1,-4,negative
its so complicated i just change my device but i cant sign coz need conform from old device and im not have it for old device,1,0,neutral
well pokonamah iye beh biang,5,0,neutral
bisa neg buka stuck periksa aman,1,-2,negative
bisa neg daftar bisa neg,1,1,positive
fitur mari laku periksa aman cepat fungsi neg masala memuatngestuck jam jam hari bulan kelarselesai neg mohon silah baik,1,9,positive
bisa neg digunain bisa neg mending uninstall,1,2,positive
cacat loading tunggu gagal,1,-8,negative
izin numpang suka,5,-1,negative
stuck mari laku periksa cepat,1,2,positive
bisa neg arah gmail ada neg konfirmasi masuk susah akses jaring bagus galat,1,9,positive
gimana hasih loading periksa aman cepat hedeh kalok ada neg baik gimana masuk,1,2,positive
eror mulu si web muter error data lancar,1,-6,negative
bantu neg bisa neg error aman tolong develover butuh kerja tolong mudah sistem bikin bisa neg dua,1,2,positive
susah kek gin ada neg niat baik jelas neg mending hapus play store,1,4,positive
bisa neg bikin,1,0,neutral
aplikasi gimana gabisa masukgagal muluwoy benerin gw butuh doang apply cv,5,-8,negative
simple sasar,4,3,positive
really help me find job connect with people especially hr and make my personal branding more stands out,5,2,positive
mencobadunia,4,0,neutral
bisa neg daftar no bisa neg pakai kode otp ke neg kirim kirim apa sulit,1,-1,negative
lumayan susah,2,-2,negative
keren,5,0,neutral
trimakasi gabung,5,-5,negative
gw bisa neg bikin jir pas nyampe periksa aman cepat not responding yak,1,-2,negative
buruk stuck periksa dri di neg bener benerin,1,-7,negative
update terus tetep bisa neg adu email ada neg hasil,1,4,positive
verifikasi lupa pasword banget loadingnya stuck cepat aman gada hasil anying,1,8,positive
alam guna baik,5,6,positive
bisa neg masuk email facebook nomor telepon henti periksa aman tolong baik,1,-6,negative
percaya manfaat,5,7,positive
bener neg bikin ae susah ampun,1,1,positive
bikin upload sertif trus pas nyoba bisa neg kali kali gabisa nama bisa neg temu salah,1,1,positive
bisa neg gimanaa bisa neg,1,0,neutral
jelas neg mari laku periksa aman cepat stuck,1,3,positive
bisa neg masuk bikin muncul verifikasi cepat muter muter,2,1,positive
gabisa buka paniks,5,3,positive
manfaat,5,5,positive
bisa neg masuk,1,-3,negative
aduh parah nggk masuk muter nggak pakai email pakai fb no hp tetep nggak,1,-5,negative
good information,5,5,positive
susah banget aahahh,2,-2,negative
bisa neg error,1,-5,negative
layan customer service membantutidak neg balas bisa neg masuk ribet sulit mohon baik,1,1,positive
bisa neg loading mari laku periksa aman cepat buka neg knpa bsa bgtu,1,5,positive
gbsa stuck periksa aman,1,-5,negative
since yesterday i havent been able the mobile or web after clicking the button using email or logging via gmail always responds with lets do a quick security check and then just keeps loading and gets stuck there is there any solution,3,1,positive
medsos fair neg,1,3,positive
cari kerja bagus gratis batas,5,2,positive
bisa neg alas verifikasi cepat stuck loading trus tolong cepat baik repot,1,7,positive
stuck mari lakulan periksa aman cepat ampe jam tunggu kagak masuk masuk auto uninstall,1,-6,negative
jelas neg mao aj bikin ribet,2,-3,negative
stuck laku periksa aman cepat tolong baik developer gimana,1,4,positive
bisa neg eror mohon bantu,1,1,positive
periksa aman cepat ngak cepat ngak,1,1,positive
sempurnah,5,0,neutral
applikasi manfaat kerja profesional saran kurang chanel chanel ada neg hubung dunia kerja,5,14,positive
mendownload bisa neg reload trus tolong bantu developer,3,6,positive
maksa update,1,-5,negative
membentu,5,0,neutral
info loker update,4,-3,negative
senang,5,5,positive
tulis mari laku periksa aman cepat semenjak pasang authenticator aman ekstra hack stuck tulis tolong baik email,1,11,positive
guna bantu,5,4,positive
mau neg dapat neg lancar,1,11,positive
bisa neg bisa neg buka apps tunggu tetep bisa neg,1,4,positive
tolong tibatiba masuk gabisa stuck verifikasi aman,2,0,neutral
tolong admin baik problem bug account verifikasi aman,1,2,positive
pas masuk bnget,1,0,neutral
gods luck,5,4,positive
bisa neg daftar recomend neg jgn download nnti bug,1,1,positive
parah susah stresss kelas kek gin parah bikin kali kaya gin,1,-14,negative
i cant even though i havent forgotten my password but why cant i my account even though my account already has many connections please developer fix it again,1,-5,negative
pas ganti hp gabisa bisa neg,1,6,positive
performing account deactivation without any clear reason,1,0,neutral
stuck periksa aman cepat bisa neg tolong bantu,1,4,positive
milik pengqlaman swrupa ngestuck laman bisa neg masuk,1,-2,negative
my account always get restricted even though i dont even do a thing i cant even open my appsaccount but always get restricted already contacted banding etc still no way out im tired of this,1,0,neutral
mula mudah allah mudah paham platform saksi allah kepada mohon tolong tunjuk aamiin,4,23,positive
manfaat social kerja,5,7,positive
tarik,5,2,positive
bisa neg aihh,1,0,neutral
maaf tolong perhati info loker palsukemaren adek temen kena tipu info loker hasil,2,0,neutral
server burik,1,0,neutral
bisa neg buka sekaliini rusak kah,1,6,positive
lowong terbit kadaluarsa sulit lamar,1,0,neutral
bodo tbtb pas stuck periksa aman tolong developer applikasinya dibetulin acuh applikasi,1,-4,negative
terimaksih sudh mebantu,5,4,positive
susah loginsetiap ping jaring down jaring bagus,2,2,positive
bagus,5,2,positive
platform profesional guna bangun jaring cari kerja ikut tren industri fiturfiturnya mudah guna hubung rekan kerja usaha peluang karier profil baru langsung personal branding efektif cocok kembang profesional hubung dunia kerja,5,30,positive
bisa neg selesai periksa aman cepat bisa neg tolong solusi,1,6,positive
recommended,5,0,neutral
verifikasi force close,3,-2,negative
bisa neg kirim neg kode verifikasi buruk,1,-6,negative
ada neg fungsi handphone hapus,1,1,positive
tim dev tidur kah update gada benerin bug loginnya tim be qa gmna update kali stuck bugnya production nahan tangan biar beri neg b,1,-4,negative
,5,0,neutral
bisa neg posting preferensi kerja open work koneksi,4,4,positive
naah page error,1,-3,negative
usaha google jadi neg coba tekan tuju gabung dapat neg akun karna website temu neg blocked by csp sia sia tunggu loading mohon periksa aplikasi karna salah coding,1,-13,negative
nice,5,4,positive
asli jelas neg kyk oper oper gin pas mo apknya tulis kirim notifikasi perangkat ketuk konfirmasi pas email gua buka suruh ikut langkah langkah apknya ada neg tombol situ aneh bat,2,25,positive
ribet banget ngelamar kerja usaha mandang lulus s ato minim ada neg beda belah niat neg cari kerja lulus smk pandang belah mata syarat penting neg banget cuih lamar kerja mana hasil balas cman yayasan bodong alias kang tipu tipu doang dah hapus aplikasi guna neg banget cuih,1,0,neutral
nggak,1,1,positive
susah,1,-3,negative
x download bisa neg user mentok periksa cepat,1,-7,negative
guna,5,1,positive
enak bnget,5,5,positive
force close tibatiba dives dukung,3,2,positive
bisa neg,2,0,neutral
bisa neg pdahal kouta sinyal full,1,0,neutral
error susah fungsi neg dg kecewa,1,-8,negative
kayak banyak keluh masuk akun stuck henti page laku periksa aman cepat tolong solusi akun tolong teman ilang linkedinnya,1,-3,negative
tolong baik bisa neg verifikasi banget,1,7,positive
suka bantu informasi butuh,5,3,positive
mantap cepat kerja,5,10,positive
s angat bagus,5,2,positive
good,5,5,positive
smart,5,0,neutral
bisa neg,1,0,neutral
guna neg registrasi error buangbuang,1,-4,negative
asa fungsi neg,2,3,positive
gajelassss erorr,1,0,neutral
update bisa neg mohon baik terima,1,7,positive
terimakasih aplikasi moga manfaat,5,7,positive
very good for conection and karier,5,5,positive
rusak bisa neg gausah download,1,-1,negative
aplikasi bagus,5,-2,negative
awesome,5,0,neutral
biss neg,5,0,neutral
heran daftar sampe periksa muter mulu sinyal bagus download,1,4,positive
valid tarik,5,2,positive
bantu dunia kerja,5,6,positive
siiip,5,0,neutral
manfaat ketimbang sosmed,5,5,positive
bisa neg stuck periksa aman cepat,2,-2,negative
susah masuk ganti handphone ganti sandi email,2,0,neutral
terimakasih linkedln wadah informasi lowong kerja,5,9,positive
knapa muter periksa cepat,1,-2,negative
bagus milik koneksi cari kerja,5,4,positive
good keep improve,3,5,positive
kualitas neg,1,4,positive
bisa neg logindaftar muter verifikasi aman,1,0,neutral
error bisa neg masuk stuck periksa aman cepat,1,-10,negative
mas mba maaff kih sedurunge sing bener bae dau wing baharu kien ws jaluk baharu maning iyaa dongdak kuota reangee,3,6,positive
ngestuck verifikasi aman loading renti neg,3,-3,negative
uda bbrp nyoba daftar boro daftar banget masuk neg sampe kesel,1,-7,negative
masalah gabung pake gmail google bisa neg reset sandi dah hari ada neg ubah henti periksa cepat jaring dah ubah pake wifi data ayo respon,1,-11,negative
tarik info kerja kerja ikut linkdln,5,0,neutral
lowong kerja indonesia seleksi kandidat seleksi dewa hujan dewa petir dewa matahari aneh,2,6,positive
emang enak buka hp biar tawar kerja,5,7,positive
responsif apliaksi,1,0,neutral
error block by csp mulupadahal dipaketiba error,1,-14,negative
,5,0,neutral
susah x tolong respon,1,2,positive
br download moga bagus,4,3,positive
tolong baik bug bug ngestuck loading periksa aman cepat tolong baik bug english please fix the bug bug when i want back but it gets stuck the loading section because of the fast security check please fix the bug,1,5,positive
periksa aman cepat lamaa bbi,1,-2,negative
there were many twists and turns that i encountered when i started building a account but because i never gave up on anything i managed find it easy work i hardly ever even look for a job myself now thankyou the place build branding and find the worlds top jobs,5,5,positive
goood nice,5,4,positive
bantu cari kerja bangun relasi informatif manfaat,5,10,positive
bisa neg sepi wajar bentar gulung tikar,1,3,positive
informatif bantu,5,3,positive
periksa aman cepat ada neg maju,1,2,positive
bagus point,4,2,positive
dana sedot autodebit dana coba premium gratis tp niat neg langgan tau batal dana potong mohon kembali dana dana lebaran mohon bijak nyaa non aktif premium,1,30,positive
manfaat keren semangat tim sukses,5,8,positive
mw bisa neg,2,0,neutral
payah instal update,1,0,neutral
bantu peluang kerja paruh,5,2,positive
lupa sandi alih aman cepat butuh loh kerja kerja kerja buka neg sekali buka lupa password haha buruk tangan lambatmakaisj,1,7,positive
stuck halaman kece ama spek hp mumpuni rekomended neg bug,1,5,positive
sengaja neg panjang premium tolong kembali dana batal langgan,1,6,positive
great application,5,3,positive
top banget,5,6,positive
good loker,5,5,positive
saldo dana potong jt dapat neg manfaat apa kembang mohon kembali saldo ambil,1,10,positive
bisa neg masuk daftar pake google bisa neg fb bisa neg hadeeeeeeeeehh bikin emosi,1,1,positive
stuck halaman periksa aman doang,1,-4,negative
eror stuck mari laku periksa cepat hubung cs pas lagiii,1,2,positive
recommended application for both recruiter and job seeker,5,0,neutral
manfaat,5,5,positive
service cup sealer tasik dukung aplikasi,5,0,neutral
mantul the best no word word,5,0,neutral
sulit moga cepat baik,1,7,positive
good applied,5,5,positive
bagus cari kerja email spam banget blokir lapor spam email ttp masuk email tenggelam bawahhh,1,-8,negative
pernah neg masuk apknya muter doang guna neg,1,-1,negative
susah ladang mulu gmn,1,-5,negative
up date info,5,-3,negative
alhamdulillah kali kerja jaring bantu banget terimakasih,5,19,positive
tolong aj download koq ngebag periksa cepat aj terus,1,1,positive
mantab informasi guna,5,3,positive
bisa neg periksa aman cepat lamaa bangett,1,-4,negative
bantu usaha cari kerja moga kerja aamiin,5,8,positive
bisnis lancar,5,7,positive
bisa neg digunakanstuck periksa cepat,1,-2,negative
jelas neg out trus verifikasi aman loadingnya kelar neg kelar mumet pala gw,1,3,positive
i can not into my account why tulis periksa aman kuota oke gabisa wee,1,-7,negative
mudah angkses,5,4,positive
good,5,5,positive
stuck halaman verfikasi lot,1,-5,negative
aman buruk,1,-5,negative
alam bnyak brpindah kerja butuh kepeluan anak berat hidup cari nafkah,5,-2,negative
referensi bantu,5,3,positive
bagus networking upgrade tahu,5,6,positive
manfaat,5,5,positive
uda ngisi data profil lengkap sampe neg masuk akun ilang langsung suruh ulang laku periksa ama cepat dlakuin lot alhasil gabisa tolong baik aplikas,1,-9,negative
kerja keras,5,2,positive
daftar linkedln satuoun dpt panggil,3,0,neutral
mantaaapp,5,0,neutral
bagus,5,2,positive
like,4,0,neutral
dar informasi susah daftar pilih gambarpilih gambar kodok poaisinya normalkalo susah silah kunjung website daftar,1,2,positive
bisa neg pakai ko jelek,1,-5,negative
stuck periksa aman cepat problem,1,-6,negative
mudah cari pe erjaan,5,1,positive
good jobs,5,5,positive
highly reccomended for employee employer job seeker head hunter procurement sales hr etc many things i can get ie job vacancy information general information etc,5,0,neutral
susah akses masuk pake email fb loading payah,1,-4,negative
bantu informasi n interaksi dgn teman teman,5,8,positive
perfect,5,0,neutral
terima,5,2,positive
use indeed bro cant sign up this for a long time,1,0,neutral
beranda masalah mana beranda tampil neg informasi apa pemberitahuan reset install ulang,2,-5,negative
cant make new account,1,0,neutral
periksa cepat tunggu jam muter muter nyalahin internet internet lancar banget,1,0,neutral
susah banget doang astaga,4,2,positive
nggak cuman loading doang,1,2,positive
ayo team linkedinsegera baik frustasi,1,5,positive
bagus bantu,5,5,positive
tolong lindedln fitur hemat data boros neg paket data,1,0,neutral
,5,0,neutral
tolong baik buka via google ngebug error,1,4,positive
balikin uang potong premium gimana parah dana potong jt rupiah,1,-3,negative
bajak x hari tau lapor ada neg tindak hack kecewa,1,-6,negative
bisa neg masukcaptcha periksa aman cepat muncul neg,1,-1,negative
tibatiba ambil alih alam kerja hapus nama guna ganti indikasi rekruiter palsu tolong bantu,1,8,positive
woi admin susah kali loginnya verifikasi aman muncul lha solusi gimana,1,1,positive
always got restricetd,1,-3,negative
dgn email loading aman kunjung neg selesai,1,5,positive
tau fungsi,2,-4,negative
jelek bisa neg relogin proses,1,-4,negative
user daftar bisa neg download kali bisa neg masuk,1,-2,negative
bug jelas neg,1,1,positive
linkedln smua muda hubung dunia,5,0,neutral
bisa neg likendin laku periksa cepat ganti tetep kayak gitu tolong baik,1,4,positive
seruuu,5,0,neutral
ribet gbisa dftar gabisaa,1,-4,negative
,4,0,neutral
a funtastic,5,0,neutral
muas post video hasilin duit rajin upload,5,9,positive
ganguan susah,1,-3,negative
loding banget,1,1,positive
,5,0,neutral
memmbantu cari info loker,5,-6,negative
stuck periksa aman cepat,1,-2,negative
ngw stuck periksa aman pdahal jaring bagus,1,0,neutral
baik sistem aplikasi bobrok banget stuck mari laku periksa uda ganti jaring tetep tembus neg,1,-1,negative
stuck halaman periksa aman cepat kali kali hasil neg lapor website pas selesai isi bisa neg kirim tolong baik fitur periksa keman cepat buruk ganggu dapat neg tolong baik bug macam,1,15,positive
bisa neg lagistuck mari laku periksa aman cepat,1,2,positive
mau neg masuk,2,2,positive
susah connect rewelmint passwordkyak njolong diatmgevaarlijk zeg ben jij lkdin edan ben jij,3,-6,negative
butuh buffering bisa neg,1,-5,negative
cepet lahh weh benerinnn buffering mulu minggu,1,4,positive
bantu kembang karier,5,6,positive
jelas neg aplikasi bisa neg mentok aman mutermuter mulu hadehhh,1,-6,negative
very helpful power and new jobs,5,0,neutral
nice,3,4,positive
jelek bisa neg,1,-5,negative
jelass neg bloon,1,-3,negative
periksa aman cepat eror bisa neg,1,-6,negative
ko bisa neg mari laku periksa aman cepat aneh,1,6,positive
gabisa stuck layar utama,1,0,neutral
manfaat bagi multi disiplin orkestrasi tahu dunia,5,15,positive
,5,0,neutral
mau neg,1,5,positive
halo alam sukarela bahasa sertifikasi didik sma harga proyek tolong bantu terima,3,17,positive
susah masuk,1,-6,negative
susah,1,-3,negative
fitur mari periksa cepat mohon baik stuck pasuk fitur,1,9,positive
more than million people use it it will be great,5,3,positive
bagus aplikasi batu,4,0,neutral
out stuck halaman mari laku periksa cepat muter muter error ganti wifi cepat error tolong baik bagus aplikasi kerja harus neg lamar hr tolong baik terimakasih,1,10,positive
bisa neg,3,0,neutral
good,5,5,positive
paksa usaha tentu usaha tentu rusa negeri,1,-8,negative
bantu cari kerja,5,2,positive
good,5,5,positive
hello linked knp hlmn linked menyngknan neg lembran,5,2,positive
periksa aman gua dwonlod anjir,2,-7,negative
bisa neg instal,1,0,neutral
susah banget,1,-2,negative
kecewa habisa stuck situ situ,1,0,neutral
henti,5,-4,negative
buruk daftar fb email google tetep bisa neg nunggu ubah tetep ngestak sana ngarahin web mohon baik fungsi,3,2,positive
bagus,4,2,positive
guna neg,1,1,positive
guna linkedln update bisa neg mohon developer baik linkedln,1,6,positive
rusak bisa neg tulis mari laku periksa cepat loading banget tunggu muter mulu,1,9,positive
baik,5,3,positive
kenpa ngebug tolong baik,2,6,positive
kecewa dl usee dg follower k ambil alih org bisa neg pdhl verifikasi langkah eh bikin rintis th skrg bisa neg buka dukung neg perangkat suruh hubung developer gmn,1,7,positive
loker sopir b,4,0,neutral
periksa aman cepat bisa neg tolong apknya baik,1,4,positive
alam bagus terima,5,6,positive
alam buruk developer ajar,1,-2,negative
goodluck,5,0,neutral
senang,5,5,positive
sampah bisa neg,1,-4,negative
daptar pakai ktp eh bisa neg masuk pripikasi ktp bisa neg masuk guna neg data dlm di neg salah,2,-12,negative
kali instal uninstall bisa neg gabung jaring jaring baikbaik tolong baik,2,7,positive
allah sumpah jelas neg linked tbtb ngambil uang sumpahhhhh,1,9,positive
bagus cari kerja,5,1,positive
smoga manfaat pasti,5,8,positive
kali kali susah masuk,3,-6,negative
woy gbisa gmn,1,0,neutral
susah,1,-3,negative
sengaja neg bayar premium google play mohon kembali uang,1,3,positive
sumpah susah bnget masuk aku mau neg masuk tau neg aneh,1,1,positive
bisa neg,1,0,neutral
informasi positif,4,6,positive
pernah neg baik halaman stuck periksa aman cepat tunggu sampe loading tolong perhati susah andal,1,7,positive
moga gw dapet kerja jir cape nganggur,5,-5,negative
okeh,5,0,neutral
,5,0,neutral
reset password gagal page not found,1,-2,negative
gbsa daftar akunstuk periksa,1,-4,negative
susah banget nge loading sampe tinggal solat kelar neg proses gin neg,1,4,positive
lowong kerja gagal mulu mode hp tolong benerin biar posting loker hpmobile,3,4,positive
daftar besok bisa neg henti status mari laku periksa cepat bisa neg,2,-1,negative
,5,0,neutral
erti mohon bantu bimbing kk,5,10,positive
mantap sesuai harapa,5,8,positive
bisa neg buka,1,3,positive
bagus,5,2,positive
logout pas akun ilang hanya neg teman alami sulit sulit ramah neg,1,-3,negative
manfaat informatif banyak aspekterimakasih,5,8,positive
parah gag,1,-5,negative
gabisa,1,0,neutral
awesome,5,0,neutral
moga,5,1,positive
kecewa langgan neg premium saldo dana ambil nominal rp coba aju claim dana refund tolak,1,1,positive
guna,5,1,positive
ok,5,4,positive
bisa neg,1,0,neutral
buruk periksa aman baik neg cepat atas mbps muat captcha,1,-8,negative
bantu bisa neg,3,3,positive
i got a lot of informations about how teach structure well,5,-8,negative
mari laku periksa aman cepat tolong baik servernya,1,8,positive
bantu cari kerjaloker mudah lamar,5,4,positive
good for looking job around the world,5,5,positive
professional aplication,5,0,neutral
baik,5,3,positive
laku periksa cepat maksud hapus buka neg linkedn out aneh banget,1,6,positive
susah loading periksa,1,-8,negative
terverikasi ok,5,4,positive
every thing is ok,5,4,positive
trimakasih buat perlu cari kerja jawa doa moga cepat kerja anggur manfaat guna manusia manusia,5,24,positive
sulit sulit daftar,1,1,positive
bantu cari kerja,5,2,positive
info diberioan bantu,5,0,neutral
sulit mohon awat,1,7,positive
worth have and utilize this application on my daily basis very helpful connect with executive people,5,0,neutral
ok,3,4,positive
gimana cerita bisa neg verifikasi captcha gagal mutermuter mari laku periksa aman cepat di neg browser pc,1,0,neutral
good idea,5,5,positive
lelet banget,2,1,positive
gagal teruspadahal koneksi bagus,1,0,neutral
baik aman buruk ambil alih konten ganti ada neg notifikasi apa akses ganti password aktif verifikasi langkah bisa neg fitur mari laku periksa aman cepat loading tolong baik,1,16,positive
platform hubung profesional alam newbie bsa alam komunikasi bisnis sosial,5,14,positive
too many ads annoying,1,0,neutral
dapat neg coba ubah neg halaman periksa aman cepat selesai neg loading,1,4,positive
linkedinku dadak logout periksa aman loading lama sampah,1,-10,negative
akunlinkediin ku mudah kena hack tolong baik algoritmanya terimakasih,1,8,positive
manfaat cari kerja,5,4,positive
gabisa masuk gajelass verifikasi ampe poto sim ktp gabisa gajelass ppek,1,-3,negative
ok,5,4,positive
m nt p,5,0,neutral
manfaat bisnis,5,8,positive
skli,5,0,neutral
cant keep reloading,1,0,neutral
good apps,5,5,positive
susah daftar linked,5,-2,negative
mendapt alam,1,2,positive
informasi dunia kerja,5,5,positive
bisa neg masuk periksa aman cepat mohon baik,1,0,neutral
ribet jelas neg gampang ngari kerja glints simpel ubah glint,1,6,positive
susah anjj,1,-3,negative
tolong kembali uang uang setor,1,3,positive
mohon muat loker kadaluwarsa neg,5,2,positive
dapat neg masuk ngestuck,1,-1,negative
bagus inovatif,5,2,positive
bantu cari kerja,5,2,positive
baik,5,3,positive
mohon bantu tibatiba bisa neg buka,1,8,positive
mohon dana kembali langgan sepengatahuan neg k,1,8,positive
elegan,5,4,positive
bagus,5,2,positive
download bufferingnya lewat,1,2,positive
usefull,5,0,neutral
kereen,5,0,neutral
durasi buang sabar butuh,1,-3,negative
masuk daftar susah muter jelas neg pake jaring wifi,1,-1,negative
bisa neg masuk stuck pemerikasaan aman,1,-3,negative
inibertemu profesional bidang,5,0,neutral
smpe x bisa neg tolong baik malem bisa neg pagi bisa neg siang bisa neg,1,6,positive
verifikasi belibet libet wak sodorin verifikasi profile fitur verifikasi jelek,1,-5,negative
nyoba,3,0,neutral
bisa neg masuk tau neg,1,-7,negative
download gabisaaaa,1,0,neutral
puas,5,3,positive
bosok,1,0,neutral
loginnya susah betuul pas tau besok logout bisa neg,2,-4,negative
susah kece aman loading,1,2,positive
daftar berkalikali bisa neg aneh,1,5,positive
very good apps,5,5,positive
kali ku ban sendiriii bikin cuman muncul mari laku periksa cepat tolong gimana atas,2,2,positive
mari laku periksa cepat what the hell with that words,1,2,positive
banget proses,1,2,positive
mantap bantu,5,8,positive
kayak emg sengaja mo bikin anggur banget gw kmarin mo sibuk aman trus gagal the best lorang bubar ni,1,-9,negative
rusak developer bisa neg tau fix,1,-1,negative
goood,5,0,neutral
bagus,5,2,positive
mantap baik,5,8,positive
bisa neg muter muter,1,0,neutral
verifikasi captcha nunggu sampe jam jam gabisa masuk gagal ngulang gitu captcha ggda muter muter tulis mari laku periksa aman cepat,1,-4,negative
applikasi sampah bisa neg,1,-4,negative
tolong tindaklanjuti bisa neg,1,3,positive
kerja bawah pimpin presiden,5,5,positive
susah cumak muter,1,-3,negative
kali ban tambah skrng tulis mari periksa cepat maksud tunggu jam gabisa pas selesai halaman sedia neg sistem dibenerin masalah mulu dah,1,7,positive
mantap lowkernya,5,5,positive
susah banget daftar,1,-1,negative
bisa neg teman scan foto diri foto ktp teman padahal neg,1,5,positive
daftar susah,1,-2,negative
loading bisa neg masuk,1,-3,negative
jelek aplikasi minggu gabisa periksa aman cepat masuk neg aneh komplain tp gaada tindak gimana woi butuh kerja,1,-16,negative
linked gmail profilenya kosong lama neg hapus permanen kemarin linked gmail jalan lancar ada neg tibatiba bisa neg masuk mari laku periksa aman cepat henti situ mohon cerah developer terima,1,-1,negative
terima hadir,5,4,positive
krn kerja bln tiarap rumah,3,5,positive
susah,2,-3,negative
permisi aju protes contact support beri neg respon bantu kena resticted alas jelas neg laku neg aktivitas larang respon bantu kembali tolong contact support,1,12,positive
akun tibatiba hilang jelas neg banget kemarin habis kena hackkocak,1,5,positive
,4,0,neutral
susah loading lelet,1,-3,negative
susah loginnyaaa,1,-3,negative
susah tolong periksa aman,1,-5,negative
bisa neg buka baharu jaring bagus,1,8,positive
periksa aman,1,-5,negative
gabisa bikin email ttp loading doang,1,1,positive
buka verifikasi banget harap loh,2,7,positive
mulu verifikasi aman jam bisa neg,1,2,positive
ok good,5,9,positive
i already took a photo using my passport for identification but it requires an epassport for scanning not all countries have epassports dumb,1,0,neutral
very good,5,5,positive
muter doank bisa neg masuk dr hr,2,-3,negative
periksa aman cepat bisa neg masuk masuk dah,1,-11,negative
jejaring bagus,5,2,positive
lupa password bisa neg loading,1,1,positive
bantu ok,5,7,positive
erorr,1,0,neutral
tolong kembali uang rupiah maksud neg langgan potong otomasi butuh uang mohon bantu,1,6,positive
not working on my device,1,0,neutral
hp bisa neg instal tulis kompatibel neg teruss,2,0,neutral
daftar susah,1,-2,negative
ok sgt bantu,4,7,positive
allah tahu neg dana potong google play tahu neg langgan ada solusi aju kembali dana,3,25,positive
woy linkedln ayo beffering mulu baik,1,9,positive
fungsi neg mesti sulit kece aman pengunaan,1,2,positive
bisa neg stuck periksa aman cepat apa bisaa neg tolong baik,1,1,positive
bagus info,5,-1,negative
bantu terimaskasih linkedln,5,3,positive
imfo bantu,5,3,positive
benarbenar guna a puas neg b cukup neg puas c puas puas pilih muas puas,5,14,positive
bisa neg menginstal via hp android pake iphone gabisa,1,0,neutral
keluh guna rating,1,1,positive
ampas gabisa buka,1,0,neutral
lot gabisa buka muncul tulis laku verifikasi cepat tpi loading mulu,1,4,positive
eror gimana update reset ganti mas bisa neg buka,1,2,positive
keren cari partnership bisnis,4,0,neutral
stuck periksa aman captcha muncul neg silah dibenerin webnya captcha block by csp,1,-5,negative
bisa neg buka,3,3,positive
buffring ulas,1,0,neutral
buffering,1,0,neutral
tolong susah benget guna tibatiba keluar stuck mari laku periksa aman cepat pakai email bisa neg sampek verifikasi ktp,1,0,neutral
jelek tibatiba bisa neg tolong baik aplikasi butuh fresh graduate butuh info loker please admin,1,-21,negative
uang tepotong dana pernah neg langgan tolong kembalikkan uang sya pernah neg dar,1,9,positive
sulit instal daftar,2,1,positive
saldo dana potong rp langgan neg jahat banget,1,3,positive
bikin tp pas masuk bisa neg buffering,1,0,neutral
loginnya butuh eventtttt,1,-5,negative
stuck verifikasi cepat loading masuk neg apps browser pakai hp pakai tab pakai laptop bisa neg service center hubungin mana pulak,1,-2,negative
bisa neg muncul tulis mari laku periksa cepat tunggu sekian buffering muncul halaman sedia neg liat review protes desember sampe ada neg baik,1,13,positive
,4,0,neutral
bisa neg masuk,1,-3,negative
error mulu dah mudah sulit,1,-2,negative
woy eror woy bisa neg bug woyyyyy,1,-4,negative
stuck tampil verifikasi aman hp laptop solusi,1,4,positive
bisa neg masuk,1,-3,negative
ribet lapor pernah neg,1,-2,negative
tolong bantu basa neg sandi pin mereset ulang pin da sandi bisa neg muncul bug error tampil tunggu mohon bantu giat tinggal up,1,10,positive
suka baguss pas post error loading,2,1,positive
tolong perbaikanny pliss,1,3,positive
keren,5,0,neutral
bantu cari kerja,5,2,positive
mantab bantu,5,3,positive
daftar kali bisa neg karna tetus buffering mari laku periksa aman cepat coba cari informasi internet hasil nihil,1,3,positive
saldo dana tibatiba tarik rp rasa neg langgan mohon bantu kembali dana guna neg layan,1,20,positive
gagal solusi mohon bantu,1,4,positive
bisa neg ngelag periksa cepat,1,-2,negative
bug stuck security check,1,1,positive
bisnis online kenal,5,6,positive
cacat bisa neg guna neg buffering periksa aman di neg baik cacat,1,-11,negative
bisa neg eror mohon baik,1,1,positive
informasi lowong kerja akurat muas recommend,5,9,positive
poor aplication i have lost my job because my account was blocked suddenly without any logical reason very disappointing,2,-7,negative
kompatibel neg perangkat,1,0,neutral
errorr gbisa daftar mari laku periksa aman apacb,1,0,neutral
aneh bisa neg buffering periksa aman aneh konyol,1,0,neutral
lot bgtvsetelah baru periksa aman bisa neg buka pdhl koneksi stabil,1,-2,negative
serba bayar kirim pesan musti premium bayar mahal banget,1,10,positive
guna pas bisa neg tulis mari laku periksa aman cepat buffering,1,6,positive
faster and detail,5,2,positive
periksa aman cepat bisa neg halaman web deteksi neg,1,-2,negative
mantapsemoga depa,5,0,neutral
susah daftarsudah isi nomor isi kode error isi nomor pas isi kode error kode di neg kirimkirimentah mau,1,-6,negative
bisa neg stuck tulis periksa aman cepattolong atas,3,-9,negative
bagus cari kerja,5,1,positive
penuh alam,5,2,positive
oke banget,5,3,positive
cacat,1,-5,negative
bisa neg mereset password,1,0,neutral
fungsi neg sm menyebarluaskan data pribadi bantu neg,1,0,neutral
bantu cari referensi kerja,5,2,positive
jelas neg gimana buka tulis mari laku periksa aman cepat mulu heran dah,1,9,positive
susah banget loading masuk unlimited,1,-5,negative
jelas neg,1,1,positive
fungsi apl,3,0,neutral
contoh ulas bahasa inggris tingkat daya tarik ulas profesional highly recommended nama consistently delivers highquality work and demonstrates exceptional expertise bidang ahli ive had the pleasure of working with nama on several projects their attention detail creativity and professionalism are truly impressive nama is an outstanding professional with a deep understanding of industribidang thei,5,1,positive
henti langgan sulit proses,1,-1,negative
bisa neg buffering teruss,1,0,neutral
bisa neg,1,0,neutral
daptar koq susah banget nunggu verifikasi aman,2,-1,negative
mohon info bisa neg buka,4,2,positive
bantu dunia kerja,5,6,positive
baik,5,3,positive
mudah indormasi kerja,5,6,positive
muter bisa neg,1,0,neutral
bisa neg didownload,2,0,neutral
kena hack ambil alih sesuai data ubah kenal neg nggak komplain bilang nggak langgar tentu mentok verifikasi akun kena tangguh kena sangsi tolong admin ringan,1,-10,negative
turut puas terima,5,2,positive
why when i open the appwebsite i always get stuck on quick security verification i have tried uninstalling and installing the and i have tried clearing the cache but it is still the same,1,-5,negative
dapat neg loading tulis mari laku periksa aman cepat,1,4,positive
referensi,5,0,neutral
tarik,5,2,positive
bantu,3,3,positive
harga neg privasi sebar data informasi gampang lolos,1,2,positive
masuk gimana woy gw periksa aman cepat lamaa banget gabisa gabisa,1,-4,negative
lancar situs,5,4,positive
informatif,5,0,neutral
nice,5,4,positive
update januari bisa neg henti mari laku periksa cepat mah nama guna neg update sampah,1,-5,negative
daftar error mulu mentok dibuffering periksa aman cepat tolong baik,1,-3,negative
,1,0,neutral
jelas neg susah banget ngeblank muter mulu,1,1,positive
good,1,5,positive
bisa neg dibukaakses email penuh pemberitahuan akan aktif interaksi,2,2,positive
biaya premium lewat mahal,3,5,positive
bantu,5,3,positive
kirimkn dl,4,0,neutral
langgan neg knp tarik,1,4,positive
linkedln bisa neg hp laptop keteranganya mari laku periksa aman cepat ganggu jam tunggu harap linkedln atas baik salah terimakasih,1,2,positive
stuck periksa aman cepat,1,-2,negative
so far so good,5,5,positive
maaf kk gabisa download butuh banget cari kerja,2,-3,negative
lot force close,1,-7,negative
peluang bisnis mana juang,5,6,positive
gimana daftar januari ngelengkapi profile akun index google minggu kerang pas cek akun ada neg pas gabisa tulis mari laku periksa cepat tunggu reload webnya eror halaman sedia neg gapernah device satu ko kena verifikasi gitu,1,5,positive
tutup bisa neg,1,-2,negative
senang tahu dapat,5,11,positive
bisa neg payah,1,0,neutral
bisa neg nomer telepon,1,0,neutral
download,5,0,neutral
bantu cari kerja cari karyawan kompeten,5,2,positive
bisa neg buka muncul mari aman cepat ujung error,1,3,positive
daftar sulit proses banget periksa aman cepat ini makan menit sinyal aman lancar,1,6,positive
bagus kalang profesional,5,2,positive
bantu,5,3,positive
bantu,5,3,positive
gagal daftar hasil logout masuk muter muter mulu bisa neg masuk,1,-4,negative
tolong kali kali coba bisa neg milik milik koneksi mudah neg dapat bajak ubah nama coba bisa neg verifikasi ktp merespon neg coba buffering periksa aman mohon baik,1,18,positive
bantu proses cari kerja informasi kerja,5,7,positive
gimana buffering mulu laptop jg susah error baik sistem platform gin,1,-7,negative
linkind bantu temu job sesuai fengan talenta,5,12,positive
nugguin verifikasi aman trusss,1,0,neutral
periksa aman,1,-5,negative
tahu,5,4,positive
suka neg initolong hapus aplikasi hp,1,-4,negative
,5,0,neutral
bisa neg masuk minggu halaman web sedia neg,2,-1,negative
bisa neg buka,2,3,positive
gabisa developer buru baik bug update,1,4,positive
bisa neg masuk gabisa bikin,1,-3,negative
,4,0,neutral
,3,0,neutral
ok,5,4,positive
suka,5,3,positive
mantap,5,5,positive
mantap,5,5,positive
helpful,5,0,neutral
bisa neg download,5,0,neutral
bantu,5,3,positive
ok mantap,5,9,positive
buffering mulu jirr download,1,2,positive
cv,5,0,neutral
mantap euyyy,5,5,positive
susah loginnnnn,1,-3,negative
bisa neg masuk erorr,1,-3,negative
gabisa mulu,1,2,positive
ayo berekpresi,5,4,positive
payah susaj,1,0,neutral
alhamdulillah neng banget cari kerja mudah panggil doa alda puasa panggil kerja langsung terima kerja aaaminn,5,23,positive
teman percaya gabung mantap,3,2,positive
tolong kembali uang potong otomatis gopay saya neg pasu pin,1,1,positive
im sorry but this is broken,1,-4,negative
tolong baik menu registrasi bisa neg daftar error periksa,1,-3,negative
grow professional network and carrier opportunity,5,0,neutral
loginnya susah tolong baik,1,3,positive
masuk angin bisa neg,1,-3,negative
loading tibatiba logout masuk logout tolong baik bug sistem,1,-1,negative
tarik dunia informasi komunikasi bidang universal service bantu kerja,5,12,positive
bantu cari peluang kerja kembang enterpreneur,5,5,positive
bisa neg,1,0,neutral
loadingnya stuck pas daftar,1,4,positive
stuck on loading for,1,0,neutral
nggak masuk aplikasi,1,-6,negative
bantu informasi ilmu tahu peluang karir bisnis,5,16,positive
tolong iklan suka muncul dmana bosan,1,7,positive
muncul mari laku periksa cepat cepat mata kau puqiiii,1,4,positive
rekomendasi cari kerja,5,-1,negative
oke,4,2,positive
keren banget my soulmate butuh kerja gabung,5,-7,negative
error kah bisa neg yak periksa aman cepat mulu tulis ujung tulis website error kocak dah,1,-18,negative
mohon maaf susah kali dn jeda ttp bisa neg mohon bantuanya terima,2,5,positive
bagus mudah cari lowong kerja online,5,5,positive
cacad tololl anehh muter terus,1,0,neutral
susah periksa aman stuck,1,-8,negative
masyallah,5,0,neutral
mantaaap,5,0,neutral
bisa neg donlot,1,0,neutral
gabisa daftar,1,1,positive
bagus ok,5,6,positive
bisa neg,1,0,neutral
warrr,5,0,neutral
ok suda,4,4,positive
bagus aplikasi suka lamalama suka biasa,5,6,positive
nilai,5,5,positive
i m welder,4,0,neutral
sangatt guna,5,1,positive
tutor donggg masuk neg dh,1,-3,negative
verifikasi ribet,1,-4,negative
produk,5,3,positive
stuck periksa cepat,1,-2,negative
bisa neg muter mulu koneksi stabil,1,7,positive
mantaf,5,0,neutral
moga bantu sukses impi capai bawa orang tua umroh amin moga semuah gru jaya sukses sllu,5,19,positive
ni,5,0,neutral
kotor bisa neg bantu jual iklan publikasi kerja usaha apl miskin negara miskin,5,-6,negative
jelas neg stuck periksa aman terus,1,-4,negative
dear developer kelola alami kendala bulan bantu hubung terimakasih,4,7,positive
bisa neg,2,0,neutral
bisa neg,1,0,neutral
mantup,5,0,neutral
like,5,0,neutral
pas daftar hambat periksa aman cepat,1,-2,negative
kaasih neg mending kasih neg gagal sign up teruss guna neg,1,1,positive
wonderful make easy my task and always supporting thanks noted we can discuss everythink about business and management from new relations,5,3,positive
gabisa repost postingan,2,0,neutral
tolong bisa neg email baik tolong aplikasi,1,5,positive
mentok buffering periksa cepat sinyal mulu jls neg tolong maintenance,1,-2,negative
daftar tp bisa neg kecewa rekomendasi bagus,1,3,positive
mau neg pdhl buka trus suruh verifikasi identitas selfifoto ktp tpi bisa neg baca pdhl foto tolong bantu solusi gimana nnti klo bantu bintang kasih,2,26,positive
masak kuali,5,2,positive
keren apic orangorang hubung beda status untung belah profesional,5,-3,negative
kena hack verifikasi kali bisa neg buka hacker beli premium bisa neg bayar telah kena hack bagus,1,-4,negative
knp,2,0,neutral
pernah neg dpt kerja dsni wkwkw,2,2,positive
buffering mulu,1,2,positive
dpt bnyk info kerja good job,5,4,positive
rindu,5,2,positive
knapa bisa neg masuk eror masuk,4,-10,negative
nyepam banget email,2,1,positive
gabisa masuk periksa cepat buffering,1,-5,negative
niat nggak niat neg hapus butuh nggak dipake,1,-6,negative
bisa neg daftar stuck periksa aman,1,-4,negative
bisa neg registrasi,1,0,neutral
tolong bisa neg buka loading ada neg tanda ata hanya neg loading mohon turun tangan bantu terpaksaa,3,12,positive
verifikasi ngerti neg indonesia mau,1,6,positive
woi gabisa anjer napa ngestuck periksa aman cepat tolong solusi apa biar gua kerja susah,2,-7,negative
keren habis,5,3,positive
ok,1,4,positive
nice,4,4,positive
bagusjadi informasi lowong kerja,5,4,positive
bisa neg log golgel gimana,5,0,neutral
selamat sore moga lancar sukses,5,13,positive
bisa neg loginbuat periksa cepat tolong diperbaikin,1,1,positive
mantab,5,0,neutral
bisa neg bikin gimana gagal mulu lot,1,-7,negative
saran cari informasi kerja hubung rekan kerja,5,10,positive
jejaring lingkung positif vibes org dgn semangat juang usaha penuh dedikasi ajar etc,5,13,positive
bisa neg,1,0,neutral
bagus,5,2,positive
bisa neg daftar stuck verifikasi,1,1,positive
keren banget,5,1,positive
susah bener gimana nihhh tolong error urgent nihh yaampun baik errorudh bolak hasil tetep error terusss,1,-4,negative
informasi guna kembang ahli profesi peluang kerja,5,8,positive
verikasi masalah bisa neg masuk,1,-7,negative
bantu dunia usaha kerja tambah jaring tahu,5,17,positive
bisa neg daftar tulis halaman web sedia neg jaring bagus,1,8,positive
linkedln saya neg bisa neg masuklogin mode buffering terus tulis mari laku periksa cepat solusi coba dr laptop bisa neg verifikasi hape jadi status blocked by csp,1,5,positive
bantu informasi lowong kerja,5,7,positive
apalikasi dukung karir kerja,5,6,positive
susah banget gabisa,1,-2,negative
tolol gamau dongo,1,-9,negative
mudah koneksi sharing manfaat,5,14,positive
,1,0,neutral
,5,0,neutral
suka linked mudah paham mengibur content tarik mantap,5,14,positive
luarbiasa member luarbiasaselamat kiprah capai baik,5,10,positive
paok dajjal tolol guna neg suruh msk no hp ad neg sms pakm,1,-6,negative
ab or bosun,5,-1,negative
donlod mudahn dpet kerja yag ccok,5,2,positive
puas,5,3,positive
admin kena hack ganti email gimana tanggung tutup takut aneh,3,-3,negative
good,5,5,positive
tolong baik ngelag bisa neg,1,6,positive
mohon maaf banget susah mentok periksa aman cepat mohon baik,1,0,neutral
bisa neg daftar je neg,1,1,positive
tolong ganti handphone tulis mari periksa cepat tunggu neterrblockedbycsp gakbisa,1,9,positive
ajar reset hp logout susah loginnya,5,-2,negative
bantu cari networking kerja bisnis teman,5,5,positive
stupid job platform,1,0,neutral
bantu,4,3,positive
aneh banget isi data data diri ntah experience study about profil kena restriced aju banding kemarin ktp verif wajah pagi email restriced acc remove pas masuk muter muter tulis mari laku periksa aman cepat gitu sampe,1,0,neutral
business premium mahal banget jtbulan,3,4,positive
need improvement,4,0,neutral
margono presiden republik indonesia,5,3,positive
terimakasih,5,5,positive
jos,5,0,neutral
ok mantap,3,9,positive
out eror install ulang,1,-4,negative
kenap tidk mendownload aneh,1,4,positive
driver,5,0,neutral
update iya registrasibikin susah banget server masalah kah developer ngelakuin registrasi ujung ujung bisa neg make no hplewat google facebookganti device hp laptop tetep bisa neg mohon developer update registrasi mudah,1,-6,negative
nama edit bisa neg ubah dapat neg huruf s susah banget jugaa wkkw periksa aman lamaa selesai neg selesai,1,-1,negative
alhamdulillah koneksi,5,7,positive
terima,5,2,positive
bug baik,5,3,positive
nggk,1,0,neutral
bisa neg pake hp,1,0,neutral
sangatt informasi tarik baik,5,7,positive
rumahtangga panggil menjadinseorabgnpemimpin partainpolitikkristen nasionalis kristen dot majumembangun bangsa mensejahterakanbangsa seta cerdas bangsa jauh korupsi daribangsa contoh dgn keringatsendiri spt sosok kakek sayaprofjmpanggabean punyaasset jual tinggal ygtidak tinggal kristus,5,-3,negative
mantap,5,5,positive
error nyasp tau masuk,5,-12,negative
downolad tarik rp duit tarik otomatis ada neg tuju beli aplikasi rugi tolong bantu kembali uang ambil,1,8,positive
bisa ambil dahgimana ni data data gua gimana dalamnyajelek banget aman nyasampe gua bisa neg masuk,1,-19,negative
good aplicaton,5,5,positive
download gabisa kek eror gitu tolong baik terimakasih,2,7,positive
mulai eh sistem periksa lot banget,1,-12,negative
eerr vc kencing manis,2,2,positive
knapa sya bisa neg install lagimohon bantu,3,3,positive
harus ganti perangkat kompatible,3,-2,negative
says pas re install bisa neg error butuh banget pake tetep error tolong baik,1,-5,negative
ganti perangkat ulang suruh buka tekan gimana tekan web bener bener aneh email bales neg kek gin boleh neg solusi,2,18,positive
cargobandara jasa kirim cargo via udara kirim paket pelosok daerah indonesia jasa kirim via udara murah solusi percaya layan cargobandara layan kirim express seluruh indonesia,5,21,positive
bisa neg sign sinyal cek,1,-4,negative
stak periksa aman cepat pasu sesuai perintah stak,2,1,positive
percaya,5,2,positive
halo admin complain kait daftar kali tunggu menit bisa neg masuk kendala server jaring bagus ada neg laging baik kali pulih,1,13,positive
sunguh luarbiasa,5,0,neutral
bantu proses,5,4,positive
mudah periksa,4,-1,negative
apa daftar susah banget error mulu nyoba daftar pake email no telfon sampe fb bisa neg web tolong profesional mudah bikin ribet,1,-3,negative
rusak gabisa buka periksa mulu kontoool,1,3,positive
kayak facebook,5,-3,negative
baru tetep bisa neg buka,1,3,positive
nggak loading sinyal klo kode prefikasi nggk masuk,1,-5,negative
ampun,1,1,positive
susah banget,1,-2,negative
susah eror,1,-7,negative
nggak masuk accountcuma stuck loading,1,-2,negative
assalamualaikum aamiin aamiin aamiin aamiin aamiin allah swt firman qs albaqarah ayat,5,14,positive
kemaren sampe gabisa error masuk neg,1,-8,negative
bug,1,0,neutral
this good,5,5,positive
versi close refresh tolong baik,2,6,positive
loadingnya eror diinstall ulang gitu gitu,1,-4,negative
back close selesai cari klik profil,1,-3,negative
force close google pixel a,2,-2,negative
error cari mesin cari keluar halaman wall bisa neg searching apa error,1,-22,negative
,5,0,neutral
force close,4,-2,negative
aplikasi error bisa neg,1,-9,negative
nge bug,5,0,neutral
fix the bug not running on android version,1,0,neutral
the best,5,0,neutral
why open profile become crash and close the page,2,-9,negative
premium mahal worth neg it,1,3,positive
lq f,5,0,neutral
habis update,1,3,positive
tibatiba bisa neg cek profil koneksi profil buka pesan bisa neg otomatis beranda update ada neg menu baru google store out berkalikali uninstall install emang gangguang,1,11,positive
tolong baru sistem verifikasi banget developer baru sistem operasi,1,-3,negative
hari close force knpa,1,-2,negative
gabisa allah jelas neg kmrin skrg gabisa,1,6,positive
profesional jalan hubung bisnisthanks,5,1,positive
sangattttt kecewa susahhhhh bagus,1,2,positive
great job hunter community application,5,3,positive
aada bugnya tolong bantu baik tbtb henti,1,5,positive
bisa neg,1,0,neutral
great,5,3,positive
update android bisa neg cari profil profile tsb lgsg force close,1,-5,negative
bajak bisa neg loginsampah hapus team,1,-6,negative
tolong developer android ver update android mo ganti basq,1,6,positive
bisa neg error diupdate proses verifikasi gagal masukin password error,1,-13,negative
kasi aplikasi,5,-7,negative
susah eror pas verifikasi,2,-4,negative
cant make a new account since weeks ago,1,0,neutral
suka,5,3,positive
bisa neg digunain tau neg knp gj nyari kerja shrsnya mudah sulit heuuuh,1,0,neutral
tunggu melakua pmeriksaaan cepat asli lot ak sampek daftar hap leptop tp hasil tetep gimanamau,1,5,positive
rockybali,5,0,neutral
gagal putar putar jelas neg,1,-3,negative
error,1,-5,negative
buka pesan langsung halaman utama susah,1,5,positive
aplikasi bagus kerja hasil apply cv,5,3,positive
chat di neg akses eror,1,1,positive
cant cant create a new one bad,1,-4,negative
,1,0,neutral
support neg android buka linked auto tutup halaman profil,1,5,positive
tolong bikin muter doang,1,4,positive
tahu,5,4,positive
mantap,5,5,positive
ajar ilmu penulispenulis ahli bidang masingmasing thx,5,5,positive
instal kemarin coba,3,2,positive
force close vivo android,1,-2,negative
dapat neg stuck security verifikasi baik,1,5,positive
mantap pooolzipp,5,5,positive
pas besok akun tuh stuck periksa aman cek hp kakak ada neg alias ilang bikin bisa neg,1,-7,negative
ni bisa neg buka verifikasi cepat sampe minggu lkebuka,1,6,positive
ssya mengunakan,5,0,neutral
server lot pas verifikasi parah,1,-7,negative
bisa neg periksa aman jalan neg,1,-5,negative
hai suka sedia lowong kerja saran tolong lowong lebih minggu hapus otomatis terima neg lamar,5,18,positive
sungguh bagus manfaat smua,4,11,positive
bisa neg henti loading periksa aman cepat tolong baik,1,0,neutral
tutup,2,-2,negative
kontollll,3,0,neutral
bisa neg perintah melakuksn periksa cepat lambat bisa neg,1,-1,negative
dapet kerja jels neg,1,4,positive
kirim foto kirim sms nomor bkin,5,7,positive
good platform,5,5,positive
networking bisnis konsisten sempat bisnis komunitas masuk konten posting luar bisnis ingat ingat geming neg baik keluar blokir moga innovatif,5,12,positive
good aps,5,5,positive
suka neg,1,3,positive
bisa neg loginpemeriksaan aman banget berjalanpadahal neg sinyalkuota oke,1,3,positive
ribet,1,-4,negative
linkedln platform baik masyarakat bantu dapat informasi baru,5,10,positive
ampas force close hp high ampas,1,-8,negative
force close masuk menu profil profil vivo v pro android,1,-5,negative
terimakasih memberitahu,5,5,positive
memfalitasi curi data rugi,1,-13,negative
verifikasi gabisa pake ktp pake paspor semua neg org pake paspor persona rd party tolong benahin ganti sumsub susah,1,0,neutral
,4,0,neutral
please quickly fix the security verification bug that is so annoying,1,-3,negative
banget beku kali ban mulu,1,3,positive
tlg proses kn trimakasih,5,8,positive
tolong baik buka utama buka profil install uninstall hapus cache call center hubung ada neg solusi cepat,1,20,positive
the verification menu not all countries use nfcpowered identity cards this feature needs be on the feet again,3,0,neutral
situs cari kerja bagus,5,1,positive
dapat neg masuk loading stuck din periksa aman cepat,2,-3,negative
masuk neg,1,-3,negative
banyak notif penting neg,1,6,positive
kompatibel neg asus zenfone,5,0,neutral
x bikin pernah neg sekali jam bisa neg laku minta verifikasi persona tpi hasil data konfirmasi neg sungguh sulit,1,8,positive
susah,1,-3,negative
bagus imfo lowong muda tinggal klik nama usaha,4,2,positive
klik profile notifikasi kunjungin profil usaha teruss hapus cache uninstall intall tetep bisa neg tetep ngebug,1,-2,negative
i got many knowledge here,5,-3,negative
bagus kerja teman,5,4,positive
bugsaya bisa neg,1,0,neutral
r r t,3,0,neutral
bisa neg mendownload,3,0,neutral
bisa neg diupdate,1,0,neutral
gblk ampun hadeh,2,-7,negative
alam kerja cleaning service,5,4,positive
force close jelas neg,1,-1,negative
moga muas,1,6,positive
ampas bener servernyamau daftar mentok periksa aman internet bagus,1,-7,negative
mudah,5,4,positive
yes okay,5,7,positive
buka konten profil buka inbox langsung tutul beranda fix thissss,1,10,positive
hack,1,-4,negative
bisa neg baru bisa neg loading,1,0,neutral
bagus informasi,5,4,positive
top lambat,5,6,positive
pokok mantap update info lowong kerja rekan rekan,5,15,positive
kompatibel neg perangkat,1,0,neutral
henti update,3,-4,negative
,1,0,neutral
tolong dk loding,1,3,positive
ada neg pilih sesuai profesi ttng asisten mahasiswa pdhl ngetik homecare awat lansia tp muncul neg,2,11,positive
bisaa neg buka nyaa,4,3,positive
applikasi bantu cari kerja,5,2,positive
daftar logout pas gabisa mutertrs,2,4,positive
oke bangetbsays suka,5,5,positive
very good luck and thankyou so much,1,9,positive
nggak dapet akses,1,5,positive
muter tolong baik,1,6,positive
parah close,1,-7,negative
layan publik bidang olah raga,3,2,positive
puas,5,3,positive
bantu lowong kerja,5,5,positive
bagus,5,2,positive
loading setannnn,1,0,neutral
mudah terpecaya,5,4,positive
perangkat bs neg,2,0,neutral
,1,0,neutral
gabisa daftar,1,1,positive
bagus fiturnyq,5,2,positive
bisa neg stuck periksa aman cepat,1,-2,negative
ayu lembayung,5,0,neutral
jelas neg bisa neg download auto hapus,1,-2,negative
,5,0,neutral
why always force close iqoo,2,-4,negative
hi linkedln,5,1,positive
suka otomatis,5,6,positive
crash akses profil member,1,-2,negative
gabung dunia maya,5,-4,negative
mantap,5,5,positive
force close mulu,1,0,neutral
suka byak bantu,5,6,positive
jos,5,0,neutral
tolong team bug versi baru buka at ulas profil langsung android device iqoo tolong baik bug,2,16,positive
ribet susah parahh,1,-7,negative
mantap gengsi,5,9,positive
bagus,2,2,positive
nomor sebar woi pesan nomor ponsel linked anj,3,2,positive
x bikin pas bagus bagus kena hack jadiin ujungujung verifikasi trus ajuin bilang langgar trus gampang bobol nggk make,1,0,neutral
coba moga manfaat,5,8,positive
puas,3,3,positive
bisa neg buka,1,3,positive
mantap maasyaa alloh tabaarokalloh perlu neg ragu,5,4,positive
tolong tim hambat stuck loading periksa aman cepat tunggu gaada ubah tolong solusi,3,-3,negative
mantaps,5,0,neutral
gud job,5,0,neutral
bantu cari kerja,5,2,positive
bantu networking cari kerja fitur rekomendasi akurat,5,2,positive
spam,1,-3,negative
lot sulit pulih tutup,1,-7,negative
lemoot verifikasinyaaaa,2,0,neutral
bantu mengupgrade kembang cv tambah relasi praktis,5,16,positive
sbenernya aplikasi neg lowong kerja cocok iklan brand loker pernah neg tanggap pakai,1,5,positive
bagus loker,5,2,positive
bisa neg verifikasi bener ktp,1,3,positive
ok google,5,4,positive
mantap,5,5,positive
crash menu profile langsung tolong bantuanya,5,2,positive
kek gin verifikasi uda sulit tebak gambar pdahal verifikasi next time baik persulitt,1,6,positive
susah banget bikin akun,3,-2,negative
platform profesional baik bangun jaring temu peluang karier pamer ahli fitur lowong kerja personal branding learning alat esensial kembang karier antarmuka intuitif komunitas dukung jadi pilih utama profesional,5,14,positive
masuk verivikasi capca sulit,1,-3,negative
bagus koneksi rekan lainthanks sukses,5,11,positive
layan buruk bisa neg masuk muncul verifikasi captcha ulang ulang,1,-5,negative
pt reka mulia konstruksi direktur pt bahtera bahagia direktur teknik direktur operasional general manager pt perdana karya direktur teknik,5,9,positive
niceee,5,0,neutral
taekkkkkganti hp sj gag bs lgsistem mana bosokkkkksy hilang,1,3,positive
masuk kali akses batas verifikasi pakai ktp bsa neg masuk tolong mudah verifikasi pakai ktp bsa neg masuk,1,-3,negative
tolol guna neg,1,-4,negative
tolong tim audit hapus ulang kali kunci sandi ulang kali eror jaring internet cepat stabil ulang kali hapus ngk terus kali coba kali ngk kunci sandi hapus habis update coba ulang kali ngk jaring internet stabil cepat ngk kunci sandi hapus linkedln tolong bantu hapus linkedln,1,20,positive
applications serving jobs and connects people,5,0,neutral
bagus produktif,5,4,positive
moga apks lancar dikteal,5,5,positive
mutu neg,1,3,positive
bisa neg uninstal,1,0,neutral
bantu cari kerja guna mudah,5,7,positive
i like,5,0,neutral
est,4,0,neutral
doang sulit banget,3,2,positive
pokoke berghuna,5,0,neutral
bisa neg kode captcha valid neg sesuai instruksi,1,-3,negative
halo linkedln bangga terima,4,6,positive
tolong sulit uda nyoba kali pake verifikasi persona sim sampe ktp bisa neg kamera bisa neg fokus kali pake scanner si neg tolong ni dipake msib,1,9,positive
cari kerja dapat neg mulu tolong baik guna cari kerja banyak s,1,12,positive
sarana sosmed guna,5,1,positive
keren,5,0,neutral
mudah cari kerja,5,3,positive
baik terimakasih,5,8,positive
forceclose profil color os tolong fix bugnya,1,3,positive
force close lihat profil,1,1,positive
pho pho kung kung bun khiet sen ku yuen amsiong,5,0,neutral
has genuinely transformed how i approach my career its not just a platform but a space connect learn and grow professionally from insightful posts opportunities i wouldnt have discovered otherwise its become an essential part of my daily routine highly recommended,5,0,neutral
verifikasi gambar sesuai ngulang sampe kali tolong baik mudah,1,15,positive
cinta ff,5,3,positive
guna jalin koneksi teman rekruiter update kait informasi lowong kerja guna teman koneksi,5,11,positive
saldo sedot,1,2,positive
ohh,4,0,neutral
,4,0,neutral
tolong baik sistem batas pake kerja hambat kerja verifikasi gagal,1,-5,negative
mantabs,5,0,neutral
masuk aplikasi ngelag,1,-7,negative
one beauty,5,0,neutral
networking kerja bagus notifikasi membludak baik notifikasi menggangu,3,7,positive
aplikasi bagus bisa neg verifikasi puzzle tulis kode salah valid neg mohon baik,2,-4,negative
qqx tet,4,0,neutral
best information,5,0,neutral
,5,0,neutral
force close update oke akses website aplikasi mohon baik aplikasi terima,1,1,positive
mantap bantu,5,8,positive
nonaktif gitu pas verif gagal verif bat rekomen dh nyusahin org,1,-1,negative
suka jarang buka good,5,11,positive
most recommended apps for self development,5,0,neutral
impresive all good stuf for the expanding properous for future,5,5,positive
lamar kerja mudah,5,6,positive
iuh,4,0,neutral
moga personal bantu kerja sukses,5,9,positive
always force close,1,-2,negative
cant search job filter by location,2,0,neutral
cant open my own profile or people profile it looks like the forcing close my iqoo phone please fix it and ill change my rate thankyou,3,-8,negative
sesuai,5,3,positive
batas banget pake identitas paksa tugas sekolah batas gimana verifikasi sulit gampang batas,1,-6,negative
good jobb,5,5,positive
verifikasi mutermuter jelas neg,1,1,positive
gabisa pdhl ribet berkalikali verifikasi kode verifikasi masuk neg sms telpon ribet sumpah,1,-11,negative
bisa neg ubah email,1,0,neutral
i just created an account and it was hacked i cant my account this is very broken,1,0,neutral
nice experience and benefit using,5,4,positive
buruk banget boro boro cari kerja gagal,1,-13,negative
valid and reliable news steady,5,0,neutral
okeehh,5,0,neutral
tau neg gunain,1,-4,negative
mantapp,5,0,neutral
premium lowong setingandan hrd bot,1,0,neutral
daftar susah susah,1,-5,negative
satoriansyahputrosadiono pasang amplikasi inlinkiathsaya reting,5,4,positive
lambat kirim pesan,4,5,positive
alam,5,2,positive
bug anjg,1,-5,negative
good info,5,2,positive
bagus informasi kerja tahu,5,10,positive
numero uno,5,0,neutral
bantu kerja cari kerja perusahaaan,5,4,positive
okok,5,0,neutral
ff,4,0,neutral
the best,4,0,neutral
alhamdulillah manfaat jalin hubung profesional sukses salam,5,14,positive
bantu dunia loker an cuman kelas elit aplikasi karna kualifikasi kaleng neg tawar,5,-5,negative
alam kerja divisi marketing citybank lippo karawaci,1,4,positive
bagus bantu,5,5,positive
narita inar,5,0,neutral
jelas neg banget ganti sandi karna sandi salah nomer email aktif eh salah bisa neg kemaren verifikasi mulu,1,1,positive
albeth anak neg semut selesai,5,-1,negative
verifikasi berulangulang bisa neg masuk gara verifikasi,5,-7,negative
impressive,5,0,neutral
biasabuat aman data cerita ku kemarin kena hack panik maintakut neg salah respon admin alhamdulillah ku terimakasih,5,-4,negative
masuk ribet verifikasi pilih gambar bikin esmosi bisa neg masuk,1,-10,negative
ooojolk,2,0,neutral
masuk susah banget,1,-5,negative
the future i hope join and become part of the exxas family,5,1,positive
there is a bug that i cant open my profile,3,-3,negative
good moga bnyak memmbantu job seeker,5,6,positive
ketemu jawara industri,5,4,positive
masuk sandi salah pdahal sandi trus katasandi salah trus jelas neg,1,-10,negative
aktip,5,0,neutral
bantu,5,3,positive
cari kerja mudah,5,3,positive
liat,3,2,positive
its cool,5,2,positive
tambah relasi,5,6,positive
aman buruk berulangkali hack profile rubah rubah inbok rekan bisnis kecewa,1,-2,negative
bagos,5,0,neutral
linked well,5,0,neutral
jujur khir searching ngaco nyari loker indo mlah parah kya neg tolong baik,3,0,neutral
force close,2,-2,negative
rugi uang dana hilang bayar langgan inipadahal tau neg pernah neg langgan ada neg pemberitahuan notifikasi inimain ambil langsung sajatanpa memasukin pin dana rugi hadap,1,1,positive
media transformasi didik,5,3,positive
suka,5,3,positive
jelas neg beli premium besok kena sesi bisa neg bukak verifikasi muka ktp pas daftar ada neg verifikasi muka sma ktp moga data kenapa neg,1,8,positive
ok pis,4,4,positive
ulang susah bikin emosi teka teki gilir nebak teka teki bener pdhal salah ribet kaya neg,1,-5,negative
very usefull,5,0,neutral
download iring kembang zaman moga informasi tahu,5,10,positive
thank you,5,4,positive
,5,0,neutral
komplain linkedln dana ambil tahu neg refaund kembali dana,1,7,positive
the best aplication for professional,5,0,neutral
hasil kotak cari sesuai neg cari buruk ada neg,1,-4,negative
bisnis,5,3,positive
android force close unjung profil,1,-2,negative
kacauu gabisa buka profil forced close,1,1,positive
best for new job,5,0,neutral
kamis kemarin fungsi filter cari ngaco sesuai neg muncul beritainfo guna indialuar negri tau neg hack kelas neg loh receh bentuk aplikasi notabene user professional baik untuk mesin cari search filter sesuai cari cepat pleasee,1,-10,negative
mas bro aryo ijin yu yaudah i,5,1,positive
bagus tingkat kualitaspengembangan interaksi digital,5,6,positive
bagus peluang kembang terimakasih,5,10,positive
tolong team cari filter jenis kerja tambah kota muncul negara lokasi sesuai indonesia kota iklan negara tolong baik,1,14,positive
simple communicative fast responde and easy be used,5,3,positive
masuk verifikasi jelas neg,1,-2,negative
bagus tingkat depan,5,3,positive
overall bagus,4,2,positive
selamat malam saldo dr dana tarik otomatis tolong uang kembali,1,18,positive
semenjak update filter ngaco,1,0,neutral
baik media sosial profesional,5,7,positive
blnjd lbih praktis,5,4,positive
bagusss,5,0,neutral
aplikasi aneh banget sulit akses daftar,1,4,positive
i personally go with you everything will be fine for you,5,3,positive
awesome,5,0,neutral
oke,1,2,positive
bagus linkedln generasi rasi muda terus banyak loker syarat loker khusus bg anak anak muda men mahasiswasiswi kesem patang bg tamat sma nggak ber laku nampaknya kembang zaman maju tamat sma bnyk anggur,5,-2,negative
erti neg ngisi,1,2,positive
blajar mohon bimbing,5,5,positive
great application,5,3,positive
burik sampah,1,-4,negative
ranting linkeng,5,0,neutral
repot,3,-5,negative
ribet tampil bingung,1,-3,negative
up for my connection,5,0,neutral
,5,0,neutral
keren,5,0,neutral
lamar kerja,5,2,positive
,5,0,neutral
tolong keseringen ngeban email akun batas x isi foto lengkap ada neg unsur negatif ada neg unsur plagiat apaapa verifikasi sistem diperbaikinlah,1,11,positive
hibur,3,0,neutral
tolol susah,1,-8,negative
mntap appnya,5,0,neutral
,5,0,neutral
pernah neg dapet panggilaninterview worthit neg gw hapus,1,-1,negative
aplikasi mudah erti tp biaya pasang iklan mahaldan guna cari kerja cipta neg lapang kerja sulit cari buyerkalau tambah fiturnya jual beli biar seller buyer mudah transaksi,3,23,positive
bagus istimewa,5,2,positive
cari lowong kerja luas utama kerja remote pusat kantor luar negeri,5,7,positive
masuk kerja masuk sekolah banyuwangi selatan mbak,5,-1,negative
pernah neg langgan saldo tarik ribu kembali dasar bongol,1,6,positive
premium chat,3,5,positive
bantu share terima lowong kerja tambah knowledge dunia kerja dr disiplin ilmu bidang kerja cakup luas koneksi profesional bidang,5,27,positive
buruk bodoh x ni solusi dr lupa sabdipun ada neg harap usah neg pake,1,1,positive
cepat informasi lowong kerja,5,7,positive
is good,5,5,positive
force close buka inboxlihat profil update android,1,1,positive
semangat cari kerja linkedln,5,3,positive
mudah terima informasi,5,8,positive
bantu informasi lowker,5,5,positive
tambah wawas,5,3,positive
ok,5,4,positive
nice apps,5,4,positive
bug unggah media alam foto hitam blank,4,1,positive
snagat postingan relevan mudah aplikasi,5,0,neutral
,5,0,neutral
oke,5,2,positive
muas hasil,5,8,positive
success,5,0,neutral
moga bantu tingkat performa,5,5,positive
sosial media profesional,5,4,positive
abad adab adat abadi,5,7,positive
gada jelas informasi klo lupa password ikut prosedur hasil nihil banyak verifikasi ribet nentod,1,-5,negative
bagus,5,2,positive
aneh banget gabisa masuk,1,2,positive
data sandra bisa neg suruh verifikasi perangkat hp riwayat sesi rusak pas dah beli hp suruh verifikasi perangkat lewat neg email telepon simpel,1,3,positive
alam sakit perceraiyan,5,-3,negative
bagus suka,5,5,positive
lumayan,4,1,positive
akses batas verifikasi ulang,1,-1,negative
bagus kredible,5,2,positive
muas,5,5,positive
tawar informasi kerja relevan,5,0,neutral
good applikasi,5,5,positive
ok,4,4,positive
up,5,0,neutral
okk,5,0,neutral
moga pekwrjaan,5,1,positive
cari kerja usaha grup update orangorang terbit usaha sukses karier profesional profil profesional bangun brand profesional baru profil profesional langsung sempurna resume kembang jaring profesional hubung hubung orangorang profil profesional,5,14,positive
kembali uang langgan sulit,1,2,positive
baguss ok mantab,5,4,positive
bisa neg capca error,1,-5,negative
install perlu kerja alamat email password sesuai input kode verifikasi verifikasi aman gambaraudio berkalikali bisa neg masuk gimasih,1,1,positive
program inovasi tingkat pancanomics upgrade kualitas,1,9,positive
riggingrigger,5,0,neutral
pure inform,5,0,neutral
manfaat,5,5,positive
bantu perihal sharing alam trouble shoot kerja,5,10,positive
,1,0,neutral
good referensi,5,5,positive
great learning,5,3,positive
jelas neg bet bisa neg apus apus tinggal mlh ke neg uninstal mlh hrs update jelas neg banget,1,4,positive
i am very frustrated with the verification process why is the only option use a passport and there are no alternative documents i only have an id card ktp and dont have a passport because i have never made one,1,0,neutral
narasi,5,-4,negative
ok goodjob,5,4,positive
laku ber umur th lebih atas bisa neg umur th anggap neg indonesia ke neg pake loker beda negeri mandang neg gemukpendekumur th sehatkuat hidup pake,2,5,positive
bisa neg kayak verifikasi persona bug karna bisa neg verifikasi data sesuai bisa neg pakai aplikasi,1,-7,negative
dar es,5,0,neutral
sr welding inspector ndt,4,0,neutral
bisa neg masuk ny ribet masuk applikasi susahudah lamar susah nyari susahdi applikasi ribet masuk,3,-22,negative
poko klo lg nyari kerja gampang ikut grup indonesia mudah,4,-1,negative
sday,1,0,neutral
makasih dukung percaya pegang jasa uang,5,12,positive
bikin kena batas suruh verifikasi pas kode otp muncul akulaku,1,-7,negative
ngebantu cari kerja keren banget dah apl,5,-3,negative
ribet bikin sandi susah banget gabisa verifikasi data nanggung,1,-9,negative
mantap jos banget,5,6,positive
tuju,3,3,positive
bantu,5,3,positive
jelek loading,1,-5,negative
good apl,5,5,positive
keren bantu,5,3,positive
bagus,5,2,positive
rekomendasi koneksi cari informasi loker bantu,5,4,positive
bagus cari infonloker,5,-1,negative
verifnya jelas neg,1,1,positive
baca neg hp ku,3,3,positive
mantep cari kerja,5,-1,negative
tolong akses masuk dipermudahsaya bikin via email langsung bisa neg masuk kembaliharus verifikasi udahsaya via persona layak neg saran via email masuk ulas karna,5,4,positive
alhamdulillah,5,5,positive
guna jaring profesional,5,4,positive
kosong ban,1,-4,negative
uh,5,0,neutral
jelas neg,1,1,positive
,5,0,neutral
zidsnzidan,5,0,neutral
terimakasih,5,5,positive
kek tai,1,-5,negative
manyap,5,0,neutral
luarbiasa,5,0,neutral
manfaat,4,5,positive
bagus,5,2,positive
mantap,5,5,positive
aplikasi jelasdi neg pernahfungsinya neg tau neg apatapi mintak update,1,-8,negative
baik,5,3,positive
very use full find job around the world thanks,5,3,positive
laku neg langgar batas verivikasi bisa neg tolong guna dipermudahaplikadi bagus mohon guna mudah,1,10,positive
kode qr kembali,5,-3,negative
info loker bos,5,0,neutral
oke,5,2,positive
tarik untung program initetapi menginstal lihat neg hp,4,8,positive
good and easy share,4,5,positive
error tanggal oktober,1,-9,negative
someone hack my account but i even could not enter my account or report it please you make an active email report from outside if i could not get into persona verification why i have uploaad my id you know indonesia very loose for the robe data,1,-12,negative
mandi terima buruk hancur tau bukti kirim saldo terima mahju pantang mundur,5,-8,negative
coba moga sukses tambah,3,9,positive
verifikasi gambar error bisa neg credential sesuai,1,0,neutral
it is very informatif and strike the points,5,0,neutral
well,5,0,neutral
alam mudah cari kerja,5,5,positive
good job the work,5,5,positive
good aplication for looking job,5,5,positive
terimakasih bantu,5,8,positive
cari kerja,2,-1,negative
manfaat bener buk informasi a lowong kerja pokok is the best,5,15,positive
hidup bermaknathaks likedin,5,2,positive
susah kode verifikasi di neg kirim,1,-4,negative
ribet pake banyak iklan,1,-1,negative
,3,0,neutral
wmmmoc,5,0,neutral
hadir tubuh manusia,5,1,positive
bantu cari loker terimakasih,5,5,positive
iya bagus,5,2,positive
tolong kembali duit laku neg bayar item linkedln tp duit potong dana bayar linkedln google play,1,3,positive
moga job kerja,5,3,positive
buka ada neg alias hilang email sandi masuk verifikasi,1,7,positive
bikin verifikasi cacha kerja neg dgn bikin susah,1,-1,negative
,5,0,neutral
bantu kerja terimakasih,5,10,positive
bantu,4,3,positive
sanga bantu,5,3,positive
hilang bisa neg gara gara tibatiba out ngeri data pribadi salah si,1,-16,negative
sinkron guna update karakter loginnya depan sesuai notif manfaat bagus,5,12,positive
bagus interaksi percaya rekomendasi gabung,5,2,positive
tolong kembali saldo dana pernah neg langgan konfirmasi neg main potong tolong kembali,5,17,positive
baguscoba tanggal posting,5,-4,negative
coba nonaktif upload tolong benah butuh,2,0,neutral
kesuspend ada neg aktivitas ilegal recovery pakai ktpsim busuk hati instal kocak,1,-1,negative
knp kunci,4,3,positive
hack nama vera tau neg perempuan laki ajar pernah neg kyk tp ttp ken masuk padhl pnct tolak masuk tp ttp masuk ganti password tolong tambahin privasi data pake makasih,3,-10,negative
suka,5,3,positive
ok ok,5,8,positive
,5,0,neutral
peta barat rawa lele kalideres jakarta barat,5,4,positive
alam kerja jujur komitmen jalan,5,8,positive
manfaat,5,5,positive
baik egm,3,3,positive
kirim masuk nomor telepon seluler my telkomsel gb terimakasih kunjung,5,7,positive
bagus no bugs,5,2,positive
mantap,1,5,positive
kode muncul neg muncul verifikasi,1,-1,negative
persona ribet,1,-4,negative
qo masalah refresh masuk bs neg,1,-5,negative
koneksi hidup realisasi,5,1,positive
bagud,5,0,neutral
jelek verifikasi kali gagal,1,-9,negative
bantu,5,3,positive
proses verifikasi sms kirim newpalapa vodatek binapertiwi yayasan phc,1,3,positive
rekomendasi banget nyari kerja,5,1,positive
hewan,5,0,neutral
linkedln recomendasikan cari pekerjaa,5,-3,negative
why my account suddenly restricted temporary,5,-2,negative
selamat pagi dengar pt hme butuh unit alat berat no hubung konfirmasi,5,3,positive
download anies,4,0,neutral
muas,5,5,positive
coolapp thanks and keep cool,5,5,positive
cepat percaya,5,5,positive
searching for job vacancies via posts latest or relevant via keywords often results irrelevant posts posts from foreigners such as english or indian all posts are also missing even though it used be very helpful job vacancy information via posts disappointing cari lowong kerja postingan baru relevan kunci kali hasil postingan relevan neg postingan asing inggris india,1,5,positive
kampret,1,-5,negative
mudah cari lowong kerja baru peluang karir versi baru,5,3,positive
pas cari hasil banyak india sesuai neg keyword cari gafollow negeri,1,6,positive
very interesting,5,0,neutral
bantu dunia kerja,5,6,positive
ha ha ha kaliaan igin,4,0,neutral
,5,0,neutral
hi bajak negara amerika serikat hapus data rubah data batas hasil rebut,5,-11,negative
oke gas,5,-2,negative
parah data sandaera bisa neg alas konfirmasi perangkat perangkat satusatunya pakai sabotase data konfirmasi hape reset pabrik wajah,1,-5,negative
mantabb bantu jenjang karir kota,5,2,positive
pengaruh peluang kerja,5,5,positive
masya allah tabarakallah,5,5,positive
just completed my whole profile and its surprisingly fun wish me luck,5,4,positive
seelah update ngaco,1,0,neutral
susahsudah loginharus verifikasi norom telponsaat kirim nomor terima neg code,5,4,positive
bantu ajar,5,4,positive
linked is the best,5,0,neutral
nyari kerja ko daftar bikin bingung pilih mahasiswa pilih posisi kerja tah,2,-1,negative
bagus,3,2,positive
guna,5,1,positive
always error when trying easy apply feature please fix i use android,1,-8,negative
gmn aplikasi habis update mulu buka,1,4,positive
recommended,5,0,neutral
swipe up short video that doesnt work at all,1,0,neutral
,3,0,neutral
ui bingung,5,0,neutral
sulit verifikasi pakai foto kanan kiri ktp,1,0,neutral
mudah muas,5,9,positive
ngebantu neg cari loker,1,-3,negative
bru coba gabung,4,-3,negative
bisa neg buka error update pdhl,1,-2,negative
daftar erorr,4,1,positive
uang dana tbtb hilang langsung masuk download pasti uang dana lebih neg rp karna uang otomatis bayar langgan ada neg tuju guna,1,29,positive
cepat proses,5,4,positive
guna neg,1,1,positive
betapa sulit usaha cari uang,4,2,positive
kereen banget,5,1,positive
okeee bantu cari relasi,5,3,positive
,4,0,neutral
bikin pakai gmail lancar jaya ribetnya suruh verifikasi pakai gambar hadap serba salah foto ulang pakai gmail bisa neg batas salah mana robot neg pakai fitur cari kerja uninstall guys cacat,1,-5,negative
aneh pernah neg langgan apa koq dpt notif bayar nunggak gilak x yh auto n hapus,1,-3,negative
mudah segalanyajadikan lagianti ruwet anti gangguanaman kendali oktop one prima,5,2,positive
,5,0,neutral
okey kerja gabisa pake aju banding respon sampe please balikin akun all kerja sumber,3,3,positive
jelas neg bisa neg stuck captcha pilih bener,1,2,positive
keren,5,0,neutral
bos,5,3,positive
suruh isi opsi industri isi anggap isi tolong baik,5,10,positive
bantu cari relasi informasi kerja,5,7,positive
moga kerja remote,5,3,positive
maaf knp masalah sekalimau up sampul profile tpi sesuai neg formatnyamalah bentuk bulat tolong developer baik device ada neg minimal rang masalah terimakasih,2,4,positive
sampah ngebug,1,-4,negative
selamat sore jelang malam,5,7,positive
k trima,5,1,positive
ook,5,0,neutral
ampun mulu brpa kali heran verifikasi trus jelas neg,1,8,positive
nice aplication,5,4,positive
f see tx,4,0,neutral
biniss property bisnis kebun agro,5,-1,negative
baikk,5,0,neutral
star,5,0,neutral
mantab and ok,5,4,positive
mudah mudah kerja,5,10,positive
ss,4,0,neutral
nonaktif uda ngulang tetep gtu,1,0,neutral
wellllddoonee,5,0,neutral
god job,5,0,neutral
p,5,0,neutral
mudah cari data,5,-2,negative
over the world,5,0,neutral
aman bisa neg jaga bisa kena hack data bocor tolong tindak lanjut admin,1,-7,negative
tolong baik verifikasi kode captcha masuk aplikasi verifikasi captcha salah error coba puluh kali sulit masuk dalam akun pohon baik terimakasih,4,-7,negative
daftar persulitsaya verifikasi code sms chapcatapi verifikasi ulang bisa neg code verifikasi nomor hp,1,1,positive
apl bantu,5,3,positive
best,5,0,neutral
mekanik,5,0,neutral
lowong kerja pakai foto ktp fito sim sajaitu terima,4,7,positive
bantu bangun jaring,5,6,positive
uras sabar,1,2,positive
ok tp bom nyangkut,5,5,positive
okk,4,0,neutral
jelek,1,-5,negative
tolong pakai uang adminsaya cari duit beri neg duit,5,2,positive
bagus fitur kerja tingkat karna kerja daerah susah jangkau syarat syarat ikut sperti glints,5,1,positive
better,5,2,positive
goodgoodgood,5,0,neutral
cant change password yeah nice trickgot hacked and lost my account,1,1,positive
xx xcom di neg temu,5,1,positive
lumayan,4,1,positive
cek gw tolol,1,-9,negative
alhamdulillah ala kulli hall terima thank you so much linkland indonesia for participated and support our family muslim last month,5,18,positive
think right all the times,5,0,neutral
,4,0,neutral
moga hasil sukses manfaat amin allah stw,5,20,positive
kerja keras,5,2,positive
cba,3,0,neutral
game jelek nyelesain quest bayar,1,-2,negative
jelas neg kamvret,1,1,positive
unistall,4,0,neutral
ampas anj kali kmu suruh verifikasi ngulang,1,-5,negative
manfaat,5,5,positive
okke fitur lalin ada neg verifikasi persona via nfc bisa neg ntah settingan hp system persona masalah inti klo verifikasi via email pribadi,5,0,neutral
very gooooooodd,5,0,neutral
bantu temu rekan bisnis,5,12,positive
eklusive,4,0,neutral
ok mantap,4,9,positive
okkkeee,5,0,neutral
bantu bangun jaring,5,6,positive
susah ampun suruh verifikasi hadap bener salah uninstal kagak,1,-8,negative
security aneh suruh pilih gambar arah bilang salah,1,-1,negative
ok,4,4,positive
hrd tepat,1,0,neutral
,5,0,neutral
ada neg bodongudh pakai,1,4,positive
oke bantu cari kerja relevan bidang ilmu,5,8,positive
sorotanwarga blackboy r anak keren,5,-3,negative
,5,0,neutral
susah masuk repot email no hp bener salah kek neg gin kesini hacker dimna sistem aman buruk,1,-21,negative
haloo cari laku muncul berita berita postingan india punya neg teman suka postingan negara india,1,-1,negative
aplikasi bagus buka tahu profesional,5,5,positive
mantap tenan,5,5,positive
masukk,5,0,neutral
bagusdan luas milik jaring alam,5,9,positive
muas,5,5,positive
logistic usa,5,0,neutral
very bad verification process i remember my password i have my national id and driver license but i cant open my id because they said the photo of id was not clean fire your operator,1,-7,negative
bisa neg gmail layar putih coba kali,1,-2,negative
jossss,5,0,neutral
guna neg pamer jabat ada neg panggil pake interaksi ada neg nawarin kerja lomba pamer posisi kerja tambang ribu daftar harap temu kerja impi ada neg nyangkut,1,18,positive
batu ajar lebih linkedln,4,4,positive
terimakasih berkat mudah cari kerja koneksi berkarir sesuai jurus kuliah,5,15,positive
verifikasi aman cepat nyusahin jelas neg,1,4,positive
bantu buka wawas luasthank you,5,6,positive
mohon maaf rating rendah aplikasi retas tingkat aman rendah,1,-12,negative
good apps,5,5,positive
mantabbb,5,0,neutral
mantul dn keren bangat,5,0,neutral
coba,3,2,positive
sekian pernah neg bosangood jobs linkedinterima,5,0,neutral
guna neg lupa sandi langsung sulit lgi mending pake glints jobstreet hapus sial cuihhhh,1,-1,negative
okemantap,5,0,neutral
good linkedln,5,5,positive
x bikin nonaktif beri neg salah,1,-2,negative
,3,0,neutral
good post,5,5,positive
jaga jaga,5,4,positive
linkedln bagus intuk bisnis,5,5,positive
merivikasi mulu no hp pass bener,1,5,positive
very good apps,5,5,positive
musik,5,2,positive
tingkat kualitas kuantitas,5,5,positive
e,3,0,neutral
keep moving forward,5,0,neutral
muhamad maryontong tinggal cipinang pasar burung kebembem amajing ok,5,5,positive
no nego,4,0,neutral
suka,5,3,positive
simple but powerful,5,3,positive
good for professional worker,5,5,positive
filibum strit maso franko,5,0,neutral
pinjam uang bayar cicil,5,1,positive
recommended,5,0,neutral
hp oppoa sinyal lemodparh,5,0,neutral
neon box huruf timbul akrilik huruf timbul stainless senang bagus,5,1,positive
k eu lggoih f ilo m v xg kiom,5,0,neutral
banyak iklansusah ribet,1,-1,negative
henti langgan karna rugi email,5,-7,negative
informasi,5,2,positive
jelas neg,1,1,positive
keren didik paham mah liatliat doang,5,4,positive
no problems sofar,5,0,neutral
siiiippp,4,0,neutral
akademisi bidang pertaniyan,1,0,neutral
,2,0,neutral
ok,5,4,positive
nge stuck verifikasi ulang,1,0,neutral
good job,5,5,positive
best application,5,0,neutral
bantu,5,3,positive
matt malam salam kenal flores,5,2,positive
erorr aplikasi bisa neg dipakee gimana bikin,1,-4,negative
oke,5,2,positive
hubung sahabat bahan dunia cepat,5,6,positive
nutup sulit,1,0,neutral
ribet kali ganti password kendala hasil verifikasi laman web sedia neg sialaaan,1,4,positive
lock alas jelas neg developer ngapain sampah,1,-5,negative
sangar muas,5,5,positive
bagus informatif,5,2,positive
bagus jajaring komunikasi relasi tambah alam tambah wawas inspirasi bagi bidang,5,14,positive
asek,5,0,neutral
guna bantu cari kerja knpa dari neg,5,0,neutral
lumayan,5,1,positive
buruk bisa neg verifikasi kartu id,1,-5,negative
tanks for antara hidup cemerlang,5,6,positive
buruk kualitas kabil foto id verifikasi,1,-2,negative
profesional lightning f u,5,0,neutral
sahabat,5,4,positive
bantu tambah tahu relasi,5,13,positive
manfaat koneksi kalang masyarakat laku bisnis,5,10,positive
coba,4,2,positive
mantap,5,5,positive
ber upaya tingkat aspirasi publik delta au,5,2,positive
puas rancang maju,5,3,positive
kaya celek verifikasi ora dadi dadi,1,-1,negative
bantu cari kerja sukses,5,5,positive
cari kerja,5,-1,negative
,4,0,neutral
kirim cv ribet masuk usaha seperti neg jobstreet glits tinggal klik langsung kirim hrd rekrutmen,1,1,positive
bantu kerja konektivitas,5,5,positive
mantap kalang profesional,5,5,positive
pilih lowong kerja komplit percaya mantap,5,7,positive
retas bisa neg solusi kah,2,0,neutral
buruk masuk susah bener verivikasi verifikasi jelas neg masuk neg akal,1,-10,negative
info loker,5,-3,negative
,5,0,neutral
hallo bantu hubung no kontak bantu komen,1,13,positive
rekomendasi cari kerja,5,-1,negative
mantul,5,0,neutral
bagus,4,2,positive
game,5,2,positive
percaya,5,2,positive
subs mahal,2,1,positive
nama bisa neg verifikasi passport slalu fail,1,-5,negative
kasi,5,-3,negative
sulit aneh,1,4,positive
keren habis pokok,5,6,positive
bak,5,0,neutral
hibur,5,0,neutral
kompatibel neg perangkat,1,0,neutral
bagus,5,2,positive
this good,5,5,positive
iya sj,4,0,neutral
mnrt pribadi informatif,5,0,neutral
pernah neg kode verifikasi sms,1,-3,negative
bagus,5,2,positive
gua verifikasi x gagal aneeehhhh,1,-7,negative
bantu neg kerja bagus wadah personal branding,5,7,positive
pendaftaranverifikasi salah gambar mana pilih salahmohon baik,1,-1,negative
buruk postingan batas alas komunitas profesional bela zionis,1,-6,negative
suruh verifikasi make ktp gagal pas proses ubah sandi verifikasi ktp situs menyalahgunakan data,1,-5,negative
ganti nama qihua zhou alamat email cek noner hp,1,-1,negative
sosial media sifat professional,5,4,positive
sabgat bagus,5,2,positive
many jobs i get online im proud of you,5,5,positive
bagis,5,0,neutral
jahat posting pt,5,-4,negative
hrga operation,5,0,neutral
mantap aplikasi moga upgrade skill,5,2,positive
mantapp,5,0,neutral
verifikasi pake ktp bisa neg foto banned kali bisa neg garagara verifikasi susah,1,0,neutral
tolong baik verifikasi capcha valid neg tebak gambar kali kali bisa neg centang bisa neg,1,6,positive
verifnya susah banget,1,-2,negative
google yap,5,0,neutral
sesuai arah info loker untung trouble interviewnya masuk linknya lumayan mudah kecuali tunggu info pemberitahuan,5,1,positive
ganti perangkat saytidak masuk nomor tlf sandi tp ada neg respon apa klik lanjut tolong baik bug data dam,1,5,positive
bagus bantu,5,5,positive
bantu info,3,0,neutral
mudah cari jejaring loker,5,1,positive
ist good,5,5,positive
tolong aju refund tannggapi ssya sengaja neg beli,5,0,neutral
lampir perihal dfhjkl,4,0,neutral
kota kabupaten malang raya jatim indonesia,5,-6,negative
sbagai irt,5,0,neutral
apikasi jelass neg bikin ribet,1,-4,negative
top markotop,5,5,positive
informasi lowong kerja,5,4,positive
manfaat minat neg utama,5,9,positive
alhamdulillah syukur ikut giat,5,7,positive
sampah suruh,1,-6,negative
bisa neg buka ribet ngeri saldo sedot dana,1,1,positive
not bad,1,-4,negative
gua pakai bagus banget media,5,0,neutral
gbisa periksa aman bisa neg masuk,2,-8,negative
periksa aman ribet sampe putar hp gblk,1,-13,negative
reset sandi susah kode verifikasi muncul neg,1,-5,negative
alam alami dalam bangsa dunia hilang sandar hidup jalan hidup sesuai hendak tuhan cipta alam manusia hendak tuhan maha kuasa wali isi kelola alam semesta turun temu manusiawi adil ber adab sopan santun agama manusia hidup takut mati simbah darah manusia gula kuasa,5,65,positive
sistem lambat,1,-3,negative
bagus jenjang karir,5,2,positive
aplikasi rumit verivikasi hapus langsung neg hapus professional,1,-12,negative
iumayan,1,0,neutral
susah bikin,1,-3,negative
linkedln manfaat guna maka moga pakai moga manfaat,5,13,positive
ups update neg,5,0,neutral
iij,4,0,neutral
keren mudah akses informasi,5,8,positive
patuh bijak tibatiba tersuspend kerja keras siasia,1,9,positive
,5,0,neutral
gua kali ilang suruh bisa neg update jelas neg gua bahasa mandarin gua tau neg takut data gua ambil,1,-33,negative
kena verifikasi musti make gambar iya klo langsung bener susah salah mulu knp pake neg verifikasi sms ato wa gampang ngeribetin anjir,1,5,positive
eror,1,-4,negative
mobile bug,1,0,neutral
langganann jelas neg habis saldo main potong,1,6,positive
,5,0,neutral
busuk sulit,1,-5,negative
bisa neg verifikasi napa gambar jelas neg milih hadap salah mulu,1,-3,negative
sulit banget masuk,1,-2,negative
ditambahin fitur foto bisa neg ss download kasi korban ss download nipu telegram,2,-4,negative
sampah verivikasi keman bodoh,1,-4,negative
alam linkedln linkedln profesional nyaman informasi proses canggih informasi modern linkedln sempurna alam rekomendasi laplikasi informasi personal,5,21,positive
tolong hapus data kait hape,1,-2,negative
great,5,3,positive
medical academic therapist association marketing indonesia,5,0,neutral
bagus mutu,5,5,positive
banyak verifikasi sulit masuk jgn ribet,1,-4,negative
ada neg angin ada neg hujan batas pernah neg aneh cari kerja verifikasi ribet sistem ui berat nyusahin org,1,1,positive
lest go join,5,1,positive
q mu,2,0,neutral
bagus user friendly,5,2,positive
mantap caur,5,5,positive
login neg verifikasi masuk password verifikasi email email ada neg masuk email kirim neg,2,0,neutral
cant even how verify my own account,1,0,neutral
thank you by joining many friends from abroad have made many connections for me build business greetings from indonesia sigit nurbayu,5,7,positive
aneh berkalikali bisa neg sandi user name bener,1,7,positive
verifikasi jelass neg lollll,1,0,neutral
bantu cari kerja,5,2,positive
mantap moga developer sehat sll,5,10,positive
mohon bantu profil ada neg opsi alam alam mau neg muncul profil,3,19,positive
site manager ofshore fabrication and construction project,5,0,neutral
masuk neg akal verifikasi batas lagi gimana,1,-9,negative
verivikasi pakai neg nomor telfon email tertautjadinya susah masuk suruh nebak gambar hadap gambar apa pilih bener gambar salah bener jawab itutolong baik mudah aksesbukan sulit,1,5,positive
good hrd rekruitment aplication,5,5,positive
woi bener napa verifikasi normal neg banget milih bener salah mau neg niat bantu usah neg bikin aneh,1,7,positive
posting loading penguploadannya ngestuck angka mulu tolong baik,1,8,positive
mau neg banned mulu ngelanggar neg apa susah,1,1,positive
superindo oke dlm ragam barang harga santai belanja,5,5,positive
bismilah bantu cari kerja,5,2,positive
habet,5,0,neutral
architecture,5,0,neutral
bantu kembang,5,6,positive
cant add a gmail account,1,0,neutral
ganti foto profil susah gagal laptop hp,2,-1,negative
guna,5,1,positive
perlu,5,2,positive
berita gembira,5,1,positive
atur guna kamera verivikasi baik,1,8,positive
paksa update tp jelas neg update selesai mutar google play,1,-1,negative
bisa neg nomor kali salah kode ngisi sesuai sana kirim pake kode titik bingung,1,-8,negative
bayar tagih premium saya neg tuju ada neg notifikasi uang dana langsung potong tanpaa tuju bisa neg refund,1,12,positive
why was my account just created for days and it was immediately restricted i didnt do anything even though ive tried using another email the results are still the same i dont understand why im being temporarily closed access my account even though i didnt do anything please help me,2,-8,negative
update ilmu,5,4,positive
ferry good,5,5,positive
gjls susah,1,-3,negative
bisa neg daftar verifikasi tolong baik,1,7,positive
kembaliin gww gw post neg konten sensitif apa batas gimana pola pikir,1,-1,negative
aseptomi,5,0,neutral
good,5,5,positive
ngaco loker driver direksi pisah driver dt truk trailer direksimanager beda,1,-8,negative
lancar,5,4,positive
hapussampa,5,0,neutral
liapammm lupa id samansandi nyabkk,3,1,positive
pas ngedeteksi bot masalah kece bot tahap empat pencet apa oke salah,3,-7,negative
bug posting guna neg posting kali gara gara ngebug,1,-7,negative
anj,1,0,neutral
bayar,1,1,positive
good for your saving love of life time come be true byme,4,8,positive
sekolah gaada,4,0,neutral
apaapaan verifikasi gambar jelas neg akan milik neg verifikasi sulit pakai neg otp google nyuruh registrasi email fungsi pakai gmail bisa neg nyuruh buang gimana recovery password bisa neg kesel banget liat si lindung guna,1,-2,negative
bidang teknik industrikontruksi engenering,5,-4,negative
verifikasi jelas neg bangeettt jelek bangetttt tutup akun susah bangett pokonyaa,1,-11,negative
good job,5,5,positive
ok sip lumayan curhatan mantan karyawan risgn buku neg asli mohon maaf mussai japang timur,5,11,positive
mencobadan,5,0,neutral
indriver bantu butuh hari terima,5,0,neutral
good it helping me more informations,5,5,positive
salah manfaat kerja mengupgrade portfolio,5,3,positive
perangkat susah verifikasi ribet gambar kambing sapi macem bolak verifikasi gagal pas masukin capta hewan,1,-14,negative
best help you explore your experience,5,2,positive
buruk gra uang sedot otomatis juta dri dana sayamna uang obat kk,1,1,positive
aneh banget woi verifikasi bisa neg mulu dah nyuri data,1,1,positive
bantu nambah relasi,4,6,positive
make me easy,5,0,neutral
suruh verifikasi gambar jelas neg guna neg kode verifikasi langsung aneh mah hanya neg sulit masuk milik akun sulit nyuruh buang,1,-5,negative
keren,5,0,neutral
heran suka banget out masuk ribet aneh email password bener proses verifikasi ribett,2,9,positive
bantu cari kerja,4,2,positive
ip,5,0,neutral
longing for peace purchased peace,3,0,neutral
verif captha jelas neg,1,1,positive
ribet mo masuk verivikasi manusia udah neg masuk pilih masuk google manusia ribet,1,-13,negative
mantap tingkat fitur,5,6,positive
bagus bantu,5,5,positive
tolong bantu masalah pas klik tampil postingan profil muncul bar posting komentar gambar reaksi klik muncul posting komentar gambar muncul kecuali pas klik reaksi muncul neg notif tulis hasil temu neg alami ganggu salah kndala alami mohon bantu segi internet sya bagus lancar buka lancar,4,26,positive
verifikasi bolak doang ku pakai klik langsung verifikasi hati lupa password emang suka logout,1,10,positive
jelas neg bisa neg masuk,1,-2,negative
loker gw tbtb batas aneh gw ngelanggar neg atur apa gaada aneh aneh tp batas nyari loker jelas neg,1,3,positive
so do you think we are not a human dumb verf,1,0,neutral
rasa neg menginstal,1,-2,negative
keren bantu,5,3,positive
tipu,2,0,neutral
banyak bug kali instal uninstal re install error,1,-2,negative
yan baik,5,3,positive
t assistant manager btn group pontianak daerah tingkat i kalimantan barat indonesia sayang akan neg terus proses lamar terima tari btn group hormat btn group tandatangan,5,8,positive
banyak loker bodong mending ngikut usaha krabat gw,1,6,positive
buruk,1,-5,negative
,5,0,neutral
fin accounting p manajer usaha logistik,5,1,positive
bantu lamar kerja kerja remote pokok keren,5,10,positive
susah perkara lupa nulis password bikin kena suspend opsi pakai google bisa neg ganti password proses ribet pakai ktp jalan bisa neg reset password rip universitas bagus tugas sendat,1,-16,negative
vive,5,0,neutral
mendunkung,2,0,neutral
selesai,5,2,positive
angkyrumondor,5,0,neutral
aplikasih hebat,5,0,neutral
yanto,5,0,neutral
bagus aplikasi informasi lowong kerja cepat,5,5,positive
usefull,5,0,neutral
ribet ribet ribet,2,-12,negative
browserstaticvtxt,5,0,neutral
palace where i want new job and knowledge,5,0,neutral
informasi keren,5,2,positive
sulit hp periksa captcha,1,-5,negative
mantap,5,5,positive
apps pinjol foto selfie dg ktp lama neg salah pinjol,1,-3,negative
aneh susah verivikasi nebak gambar hadap tetep bisa neg nyari kerja sulit ti,1,3,positive
jozokelanjut bro,5,0,neutral
sabung work achievement,5,0,neutral
ok bagus,5,6,positive
job connecting,5,0,neutral
sumpah model apan dah gua pernah neg nama beli langgan ngapin ambil saldo dana gua jt adahl gua ernah neg ngelakuin bayar curi uang butuh mohon itikat,1,-8,negative
postinganku,5,0,neutral
ok,4,4,positive
i like linkedln,5,0,neutral
very nice,5,4,positive
,5,0,neutral
my profile is taken or deleted but very difficult recover,3,0,neutral
aneh jelas neg verif data tunggu jam acc sampe acc admin urus ramahtidak neg gercep,1,3,positive
rating,5,0,neutral
verifikasi game guna neg susah banget asli parah,1,-2,negative
butuh cari kerja informasi lowong kerja,5,-2,negative
layan buruk,1,-3,negative
ni kirim lamar pernah neg jelas lamar proses oleh neg usaha,1,5,positive
gaada niat langgan pencet langgan enggakenapa saldo dana sedot langgan lumayan gede nominal rptolong tolong dibalikinsaya coba kembali proses batal respon haduhh gimana,1,13,positive
cari relasiberbagi informasi komunikasi,3,1,positive
mudah,5,4,positive
sosmed bagus temu profesional dunia kerja,5,7,positive
ajar bahasa inggris hotel kapal pesiar ajar related hotel and cruise ship lessons assessor lsp ckpni kapal pesiar kapsl niaga hotel holland america line nov april dinibgroom steward hotel restoran jakarta join kapal,5,-10,negative
ajar,5,1,positive
lowong llo ll lll wkl l kl l ollll lllw,5,0,neutral
bagus bnyk informasi kerja,5,6,positive
sistem verifikasi aneh transparan neg batas putus akses verifikasi pernah neg hasil ada neg jelas linked manusia robot neg harap layan manusia robot beri neg solusi,1,29,positive
sulit mereset paswordku aplikasi foto persona bisa neg,1,-1,negative
assalamualaikum selamat siyang salam santun gimana buka toko online tolong bantu,5,21,positive
ikut beli neg paket bisa neg masuk previkasi adahasil neg,1,0,neutral
coba apl smg untung,4,5,positive
cewek ubah nama ting r capek tulisa bio cacat ni apss,1,-1,negative
wonderful,4,0,neutral
jelas neg bisa neg,1,1,positive
sippp see,5,0,neutral
pakai,3,0,neutral
alam abdi,5,2,positive
bunuh darah dingin sesuai bayar siap sdnjata amunisidan eani piro bayar,5,9,positive
amazing for improve your knowledge and get your dream jobs,5,0,neutral
mantap,5,5,positive
gila verifikasi mulu masuk neg menu,1,2,positive
top,5,5,positive
logout verifikasi wajah data privasi rekam wajah tuju rekam wajah sisi aman rekam wajah aplikasi neg perban,1,-1,negative
maaf aplikasi rumit,1,-7,negative
nice,4,4,positive
notif gausah kirim anehh,1,-2,negative
importir brand chandelier baccarat france swarovski rep czech preciosa rep czech furniture giorgetti italy natuzzi italy scavollini italy zanaboni italy cavalli italy,5,0,neutral
top jaring karier luas appsnya bagus tampil oke ada neg bug moga tingkat aplikasi,5,18,positive
verifikasi rumit,2,-5,negative
blokkk loginnn susah vertifikasi mulu jelas neg nyusahin,1,0,neutral
bagus kembang pribadi aspek dunia usaha,5,4,positive
,5,0,neutral
aplikasi rumit kes sulit arah web isi data ulang upload ulang pusing,4,-10,negative
puuuucciiiiiiing loch,5,0,neutral
tuju nyata indra didik indonesia penuh amanat uud pasal utama neg amanat uud beri biaya rata satu didik,5,15,positive
periksa captcha berulangkali bisa neg,3,-5,negative
ganti hp pas ulang email ada neg hubung aneh gabisa loginganti password,1,15,positive
recomed bantu,3,3,positive
thank u nice for my branding future job,5,8,positive
sayah ajar sepakbola,5,1,positive
alle,1,0,neutral
n zhnznu,4,0,neutral
manfaat,4,5,positive
buruk ambil data verifikasi muter muter data dah masuk verifikasi gagal ulang x ingat dapat neg nomer pakai guna gunain,1,-21,negative
system cari mudah saransaran guna butuh,5,-3,negative
memudahakan putar informasi lowong kerja bsa tingkat kmbli sllu terupdate,5,5,positive
retal soud sistem,5,-4,negative
the best bikin minder hahaha keren relasi sumpah bikin minder motivasi mengupgrade,5,9,positive
account suddenly got temporarily restricted didnt do anything badsuspicious one day i was trying update my information then bam i got horrified when i see the page and must verify heres the worst part needs verify using persona the cant access the camera even though the permission access camera is enabled this happened twice my first account got temporarily restricted the same way the second acc gets with no explanation why that happened yea man,1,-10,negative
tarik bantu,5,5,positive
banget installnya,2,1,positive
tibatiba out suruh verifikasi bolakbalik diputerputerin kesel,3,-7,negative
kecewa karna dibatasin linked lamar kerja gimana si tolong baik,1,8,positive
ramah neg lulus sma derajat,1,15,positive
oke,2,2,positive
situs kerha favorit isi info loker jaring koneksi teman hebat bidang kerja korporat,5,6,positive
cari lowong kerja,5,-1,negative
kiki,5,0,neutral
harud verifikasi gabisa jelas neg banget,1,2,positive
dreifer,5,0,neutral
lag,3,0,neutral
bad,1,-4,negative
recomended,5,0,neutral
the best iformation for looking the job,5,0,neutral
bagus,5,2,positive
set asli dah iya force close android,1,-3,negative
reting,5,0,neutral
okey very goods,5,0,neutral
relog mulu semenjak update,1,2,positive
apa ada neg satu manggil interview minimal pdhl fresh graduate dngn lumayan bnyk alam w minimal interview,2,-1,negative
,5,0,neutral
usefull,5,0,neutral
moga kabar,4,3,positive
bagus nia hhhhhhh candah jat nia hjjhhh,5,2,positive
wanita cantik,5,2,positive
mantap,5,5,positive
unintal verifikasi susah,1,-3,negative
manfaat timba ilmu insight cari kerja pasti,5,11,positive
bug bisa neg daftar rekomendasi neg teman teman,1,1,positive
bantu butuh,3,-2,negative
susah loginnya kode muncul neg nebak gambar pas salah mulu pdhl bener,1,1,positive
bisa neg verifikasi kali tetep halaman,1,0,neutral
verifikasi berjamjam tau neg salahny bisa neg verifikasi,2,-4,negative
tolong bisa neg salah awal lanjut dapat neg buka layar putih glitch biru solusi,1,7,positive
bagus memcari lapang kerja muas,5,12,positive
sehat,5,4,positive
suka ablikasi tambah wawas,5,6,positive
jelas neg tb logout,1,1,positive
manfaat bos tlg,4,11,positive
download eh bisa neg verifikasi kesel suruh milih gambar gtu ulang kali salah,1,-11,negative
temu hebat ajar beliau temu peluang kerja dr bidang,5,7,positive
sukses,5,3,positive
hatihati likedin hack haker urus sesuai prosedur prosedur dapat neg ubah haker hubung likedin email media sosial respons robot otomatis likedin masuk halaman help coba ganti password verifikasi gagal verifikasi tolong direspon,1,7,positive
izin instal,5,-4,negative
guna neg sial nyari kerja ama maha veloper kumpul jgn asal daftarin google a taut google developer membe informasi memp dana bank salah daftarin saldo dana ambil bikin brengsek cari kerja bikin kya gin ambil duit ijin neg sampe kena jt nama peras,1,-9,negative
ngelag bgtt upload foto bisa neg,1,3,positive
i dont understand how use the application but terms of external and internal appearance it is very good,3,5,positive
tolong baik sistem google bisa neg,2,2,positive
bagus bgtt ni bantu,4,5,positive
mecahin teka teki susah pdhl ngadep dinosaurus,1,-3,negative
ubah nama steven bisa neg masuk megecewakan,1,-3,negative
koneksi ribet,1,-2,negative
good,4,5,positive
hilang pakai email verikasi,4,3,positive
salut,5,0,neutral
bagus update ikut kembang zaman,5,2,positive
knp bisa neg update,2,0,neutral
jelas neg susah batas gw pernah neg ngapain,1,-5,negative
selamat main baik,5,10,positive
bravo,5,0,neutral
hubung,5,1,positive
jelas neg capek bikin setting batas alas neg aju banding tolak aneh,1,2,positive
nambah ahli bisa neg dikit salah,1,-8,negative
,4,0,neutral
bagus buangt,4,2,positive
kren,5,0,neutral
butut anying,1,-5,negative
best platform,5,0,neutral
b karate,3,0,neutral
pesan akses batas verifikasi id pakai ktp isi captcha ulang ulang bisa neg pakai gmail facebook bisa neg,3,3,positive
about years i have been flower arranger,5,0,neutral
oke,5,2,positive
tibet lamar kerja nyaknp seperti neg jobstreet isi data mudah kirim lamarandi bawa bagai web ulang isi data,1,6,positive
terimakasih developer,5,5,positive
sagat,5,0,neutral
i like it,5,0,neutral
sulit masuk bos que,5,0,neutral
jelas neg bantu neg,1,4,positive
cari lowong kerja bidang layar,4,-1,negative
maksa identitas,1,-5,negative
salam sehat bantu mula ajar terimakasih,5,10,positive
masuk susah uninstall kesel,1,-11,negative
apas kesel gua masuk puzzle kucing warna putih kodok neg warna putih milih liat atas jam otak atik puzzle sampe dibantuin pacar guaaa sampe nang karna kesell ayo maju bener kasih puzzle teruss muak,2,-16,negative
ban suruh verifikasi identitas gagal verifikasi bisa neg,1,-6,negative
jujur buka erba saputra mt,5,7,positive
a neg,5,0,neutral
baik info loker,5,0,neutral
mudah melar kerja,5,4,positive
bantu hubung profesional deal jobseeker banyak formalitas gugur wajib,4,6,positive
okay,5,4,positive
jahh no,2,0,neutral
moga sukses,5,4,positive
verifikasi jls neg,1,0,neutral
knntlllll susah verifikasi,1,-3,negative
apaapa out verivikasi verifikasi gagal upload bisa neg aneh,1,0,neutral
as r,5,0,neutral
try rior,3,0,neutral
huhhhhhh langsung delete gaberguna regristrasi gagal mulu jawabanya pakai aneh,1,2,positive
apsih nongoll mulu iklan mending iklanin enak pandang minimal rambut benerin keramas biar lepek neg bikin sakit mata detik nongol bikin sakit mata ck,1,-5,negative
iklan,1,0,neutral
najis vrfiksi ny sush lollll,1,-4,negative
butuh akuntan universal,5,-5,negative
lihat ulas sanksi cuy,1,3,positive
kocak,1,-2,negative
asmara,5,2,positive
aswu,1,0,neutral
iklan ngganggu gaada tombol exit,1,-3,negative
konten iklan menganggu,1,0,neutral
ok mksh infony,5,6,positive
bermanraat,5,0,neutral
cari kerja,5,-1,negative
,4,0,neutral
good,5,5,positive
alam tawangmangu,5,2,positive
good ideas,5,5,positive
keras konsisten,5,0,neutral
b i,5,0,neutral
tolong benar verifikasi salah,1,1,positive
kerja kerja kerja,5,6,positive
jeelassssmakin neg ngebugmasa suruh verifikasi keamanansudah jelass gambar pilihanya benartetep salah bisa neg masuk,1,-7,negative
bisa neg buka mohon pencerahanya kemaren nggak buka aplikasi sinyal lancar,5,9,positive
sebel verifikasi domba hadap gagal trus beres gagal,2,-16,negative
mles,1,0,neutral
suka tiap neg beriteraksi banyakmenambah wawas tahu,5,7,positive
satisfy,5,0,neutral
thn site koordinator qs ptdumez international proyek buat terowongan plta singkarakwest sumatera thn site manager pthutama karya jakarta proyek bangun jalan tol jakarta outer ring roadsec south thn site manager join operation pthk aji satria baraga proyek bangun jalan tol jakarta serpong bsd thn no projectkrismon thn site managerpt hk pembangunanan jalan tol cikampek sadang thn,5,11,positive
donlod,1,0,neutral
menggangu,1,0,neutral
banner gmn bulet,1,0,neutral
bantu tambah relasi kerja informasi informasi lowong kerja bantu,5,20,positive
nice,5,4,positive
iklan ganggu,1,-4,negative
ikan,1,0,neutral
mohonmaaf melupajan tgl raya idul adha mohon ampun allah terima moga lupa neg moga salah mohon ampun allah mohon ampun astaqfirullah adziim mohon ampun allah aamin robbil alamin x,5,28,positive
contoh rusakjangn instal yh teman cari untung,1,0,neutral
tetiba tagih hapus krn penasaran instal lg,1,-12,negative
sepi,5,-3,negative
daftar susah banget males,1,-5,negative
muak,1,-5,negative
iklan awas,1,4,positive
bahasa inggris an patok umur perhati neg alam otodidak,1,2,positive
klik langgan premium harga rupiah gratis pas saldo dana potong otomatis tolong google kembali saldo dana,1,30,positive
bantu dapat informasi kerja kasi,3,6,positive
assalamualaikum terima kunjung loker,5,8,positive
iklan maksa,1,-5,negative
good,5,5,positive
suka banget informasi baru,5,6,positive
t,4,0,neutral
masuk email parah,1,-8,negative
error,1,-5,negative
mantap,5,5,positive
verifikasi sulit pilih gambar ulang ulang,1,0,neutral
guna neg,1,1,positive
alam maksud,2,5,positive
uu k,3,0,neutral
senang bahagia,3,9,positive
tolong,5,3,positive
mantap keren abis,5,6,positive
seru,5,5,positive
iklan,5,0,neutral
tutup susah banget situ nyuruh masuk sandi dimasukin suruh main tebak tolong bantu,1,-1,negative
ok buanget,1,4,positive
asdff,3,0,neutral
ribet,1,-4,negative
gimana dah bisa neg masuk,1,-6,negative
bagus,5,2,positive
iklan mutu neg,1,3,positive
indonesia,5,0,neutral
apl bagus,5,2,positive
guna cari kerja kotor dg beritaberita politik,5,-6,negative
dtreioooooooooo kkkkkjkkokok,5,0,neutral
iklan susah close,1,-5,negative
inidiajukan pendeletan muncul,1,1,positive
hilang iklan kali buka muncul iklan di neg instal,1,7,positive
cepat informasi,5,5,positive
guna neg,1,1,positive
ditempatqsinyal rdk bagusperbuatannya towertks,1,0,neutral
cari kerja oh tahun neg,1,-1,negative
daftar bolak isi captcha mulu bikin emosi cari kerja capek duluan bolak ngisi captcha benerin bug,1,13,positive
haduh habis jam verifikasi gambar bener salah gabisa ganti password,1,7,positive
masuk susah uda upload data bisa neg ubah profil bolak verifikasi si gambar banteng domba sebal,1,-13,negative
panggil,4,-1,negative
tuju postingan,5,3,positive
asik usaha,2,5,positive
beneran sihjgn neg jgn ngabisin kouta doang,5,4,positive
wahh cari kerja belah bagus freelance kayak,5,-7,negative
babi,1,-4,negative
mengganggukebanyakan iklan,1,0,neutral
notioikasinya numpuk email penuh,1,-3,negative
gelap,1,-4,negative
iklan youtube,1,0,neutral
bs neg nonton langsung,5,3,positive
bisa neg ikut indonesia hubung umur dah tua he india hetapi muda insyaallah bagus gabung bisnis good,5,0,neutral
vi ijo,5,0,neutral
alhamdulillah,5,5,positive
jmiki,4,0,neutral
pengalamannyakurang hasil dulusemoga kali hasil,3,6,positive
tau neg,1,-4,negative
kont,1,0,neutral
ribetttt,1,0,neutral
mantap,5,5,positive
eh tau,1,-4,negative
iklann,1,0,neutral
bagus sila,5,3,positive
good,5,5,positive
iklan mana,1,0,neutral
coba cari kerja masuk dr teman linkedln moga info lowong kerja cepat,5,1,positive
mantap brow,5,5,positive
,1,0,neutral
update profile error mulu asuuu,1,-3,negative
butut,5,-5,negative
mati ikelan,5,4,positive
ok sajslah,4,4,positive
muhammad ponda prabuadji sukses luncur planet earth,5,3,positive
bagus bantu,5,5,positive
sempurna,5,3,positive
ok mantabbbbb,5,4,positive
trimakasi,5,0,neutral
abdhamid asyupil pisah,5,-3,negative
iklan ganggu jelek instal isi sombong pamer kerja doang,1,-10,negative
iklan bermuculan bos suka neg ganggu aktivitas,1,2,positive
batu,5,2,positive
iklan ganggu,1,-4,negative
p i i,1,0,neutral
tambah wawas dunia kerja tambah relasi,5,12,positive
apasiii muncul gajelass iklan muluuu,1,1,positive
ok,5,4,positive
kontl ae muter mulu bisa neg ngetddd ngwrjain tugas anjlah,1,1,positive
iklqn musu sat,1,0,neutral
bisnis genius always make our geniusly busines profitables insurables feel goods our eyes minds foreverly,5,6,positive
beatiful good,5,5,positive
menggangu,1,0,neutral
tampil rumitkurang tata,3,4,positive
jelas neg,1,1,positive
bisa neg donwload,1,0,neutral
sulit kerja panggil tipu semuamemang jaman nyari kerja pakai ijazah s lawan ijazah sma menang ijazah sma ijazah sma dalam ijazah s abai lamar cv langsung buang tong sampah aneh jaman,1,2,positive
iklan ganggu,1,-4,negative
,5,0,neutral
terima bantu,5,5,positive
wildan,5,0,neutral
berat kagak loker,1,-3,negative
my,2,0,neutral
payah rubah sandi salah mulu,1,-2,negative
bisa neg buka iklan capek dech,1,7,positive
syukur sempat alam,5,7,positive
babi,2,-4,negative
senang bagus hibur,5,7,positive
amin moga gg layan publik ikhlas mutu,3,13,positive
bagus batu,4,4,positive
susah via google,1,-3,negative
,1,0,neutral
sulit verifikasi,1,0,neutral
gx sulit gagal ngikutin arah tetep gagal pake fb gx pake nomor hp gx pake google gx suruh masukin kode gx nerima kode sms apa gimna klo gitu,1,-20,negative
sulit banget loginnya kayak facebook mudah loginnya aman pakai verifikasi manusia gambar hadap atas bnr salah,1,-1,negative
mantap siippp,5,5,positive
buruk arahin klik kambing arah salah,2,-11,negative
tolol verifikasi mulu ampe habis baterai,2,-3,negative
mayanlah lokercuma sayang susah apply direct,5,0,neutral
ngak buka kalkulator,5,3,positive
akses fitur verifikasi ktp gagal dak akses,1,0,neutral
kocakk,1,0,neutral
terima kasihsemoga lancar,5,6,positive
ganti network alula jelek ih kaya kids indonesia,3,0,neutral
laman lambat postingan liat neg postingan stay scroll liat postingan itu acak,3,-2,negative
iklan nyepam,1,0,neutral
bisa neg batas sungguh aneh pernah neg salah langgar atur tetap batas cari kerja lebih neg mohon jelas,1,8,positive
susah masuk verifikasi bikin pusing,1,-10,negative
bagus susah,5,-1,negative
tolong akses batas tambah verifikasi pake ktp ngapa neg ngapain,2,5,positive
reset password susah bolak verifikasi kode email,1,-6,negative
good job,2,5,positive
mudah,5,4,positive
aneh login neg tibatiba louot masukin eh suruh bikin adeh enak bikin konten ig louot neg gapang verifikasi ribet banget kaya pln mobil,1,7,positive
bisa neg email gagal klik lamar mudah,1,0,neutral
alam,1,2,positive
tau kucing mo susah bedul,1,-7,negative
mantap aplikasi,5,1,positive
apkikasi jelas neg motong saldo sembarang download,1,-1,negative
apl guna neg,1,1,positive
pengalamakami prediter bisnis proferti bangun projek arjit sooh lettviker gel ti puul door ti kretipitas desa,5,3,positive
banyak iklanmau susah epektif neg,1,0,neutral
bom hiring,4,1,positive
mantap,5,5,positive
good for the carrer path,5,5,positive
jelek iklan,1,-5,negative
nj iiuj,4,0,neutral
giod,5,0,neutral
aplikasi kurangbanyak bugbanyak spamdan tarik neg efektif,1,3,positive
duluklw misalkn sesuai skligus,2,3,positive
susah,1,-3,negative
ajar ngerti neg,5,2,positive
parah banget daftar besok bisa neg akses akses batas verifikasi dgn foto ktp isi macem data bisa neg akses nyesel si daftar data pribadi sengaja kali akses batas data pribadi curi daftar please pikir kali website cari kerja ribet neg kaya,1,-22,negative
lihat fungsi aplikasi,3,-1,negative
bagus,2,2,positive
joking,2,0,neutral
linkedln ranting,5,0,neutral
hapus bisa neg,1,-3,negative
,5,0,neutral
kocak payah nebak gambar bener disalahin,1,0,neutral
iklan kandung lgbt,1,0,neutral
pertaniansedang aka alam,5,2,positive
wajib org usaha jual tuh gopay merchant,5,0,neutral
utii gabepo,5,0,neutral
rasa hasil main,4,3,positive
susah woi gambar badak benerin,1,-1,negative
ribet iklan mana,1,-4,negative
benci iklanya masuk terusdalam menit,1,1,positive
the sulu kaurow rektor map data peta view mario samuel sulu van der hall finance indonesia merdeka online streaming,5,-3,negative
nyoba,5,0,neutral
kentu,1,0,neutral
suka neg,5,3,positive
,5,0,neutral
aktif,5,2,positive
,3,0,neutral
lumayan mantap,5,6,positive
bagus manfaat,5,7,positive
mantep ok,5,4,positive
klo iklan napa tanda silang susah pencet tau,1,-17,negative
suka,1,3,positive
verivikasi susah niat ngk,1,-3,negative
bagus bantu oleh informasi sesuai dgn butuh ahli,5,5,positive
mantaaappp,5,0,neutral
suruh ulang ribet banget tolong jgn sulit,1,-2,negative
omgit was great,5,3,positive
tahik emg verifikasi jelas neg,1,0,neutral
senang puas edit,5,8,positive
stresss suruh captcha trss,1,-2,negative
iklan susah bg skip mwemweg,1,-3,negative
koneksi tambah neg padah terima koneksi stuck tambah neg tolong baik,1,18,positive
ayo ngapain neg tb precaution jelas neg,1,5,positive
masuk susah verifikasi hasil verifikasi jam cuman verifikasi,1,-3,negative
kontol iklan mulu ganggu sanjingg,1,-7,negative
wonderful,3,0,neutral
platform cari kerja tambah skill relasi,5,5,positive
bagus mudah saking byk alpkasi ribu tingkat neg bagus donwan instan,5,9,positive
suka linkkedin,5,3,positive
capek capek pake out trus gabisa kocak,1,6,positive
jempool,5,0,neutral
lansia bisa neg kerja suka main gim gim uang bohong iklan maksa hadiah uang limpah klaim tarik ujung bayar sekian dana cukup neg emang instal gem pake neg kuota ninton iklan milik gem duit bangkrut instal gem hapus lag biar menuhi neg simpan hp ku,5,-10,negative
henny teman bisa neg kantong mahesa jenar dapat neg download salah bisa neg download kantong dengar suara pintu tetap menteri download catat download batal konsumen dapat neg mata kepala salah tetap,5,1,positive
dana hilan,1,4,positive
hapus ribet banget ulang dialog sampe kali,1,-5,negative
bagus cari kerja,5,1,positive
tuhan maha,3,7,positive
nyepam mulu,1,2,positive
captcha asu emang ngasih aman becus dikit napa nyuruh nyari gambar gambar dobel,1,-6,negative
ada neg pandu filter capai pencil,1,11,positive
jo the z,1,0,neutral
susah banget gilaa,1,-2,negative
iklan menggangu,1,0,neutral
ribeett,1,0,neutral
sedia informasi rinci,5,4,positive
still try,4,0,neutral
busuk browser busuk tunggu masuk neg notip mari periksa aman cepat jam tunggu begtu bagus hapus browser hapus,1,-13,negative
suruh bikin paksa ktp smk nunggu biar please biar ada neg verifikasi id umur,2,2,positive
mudah informasi kerja,5,8,positive
stuck security check,1,1,positive
okh,5,0,neutral
top banget,5,6,positive
suka neg,1,3,positive
tibatiba logout gagal sandi salah batas blablabla shibal,1,-11,negative
alam operatortrailerlowboy,5,2,positive
isnt bad,5,-4,negative
kluar hapus bisa neg kali coba mohon baik kluar,2,4,positive
demo nomor hape mola nol posting,1,-6,negative
gabisa captcha gaje,1,-3,negative
berterimakasih bantu,5,3,positive
good application,5,5,positive
hidup juang,5,5,positive
fiturnya sulit paham ngatur lokasi jambi tetep muncul loker kota,1,0,neutral
kasih neg,4,2,positive
kerja opsih,5,2,positive
ada neg guna,1,5,positive
tidal verifikasi foto id card tida akses ulang kali,1,5,positive
susah masuk ribet,1,-10,negative
good job,5,5,positive
this lesson is very goodthank you,5,0,neutral
optimalkam,5,0,neutral
iklan,1,0,neutral
moga amanah,5,6,positive
yahoo pteza,4,0,neutral
good linkdln,5,5,positive
susah masuk hebat neg,1,-6,negative
moga pas uda kerja linkedln kayak inspiratif,5,3,positive
moga betah,3,1,positive
bantu sayang iklan menggangu,5,6,positive
muncul parah,1,-4,negative
this is suck,1,0,neutral
account setup minggu buka neg hilang,1,6,positive
suka,5,3,positive
membantuu,3,0,neutral
good one,5,5,positive
neng bague,5,5,positive
verifikasi susah ampun auto unistal sampah,1,-6,negative
kendala,1,0,neutral
indonesia maju,5,0,neutral
seportip neg,1,0,neutral
coba,4,2,positive
okey,4,0,neutral
linked yatim dayat dayat ku lapor senko kw senko milik artis bokep tau aku neg lapor masuk penjara kw kariawan senko per utaman film porno,1,-12,negative
verifikasi doang ribet bikin emosi,1,0,neutral
pijlp po,5,0,neutral
iniga install bayar langgan maksud gimana ras gimana tolong,1,9,positive
maless,1,0,neutral
program bagus,5,2,positive
bantu luas jaring kerja,5,11,positive
ok banget,5,5,positive
tolol,1,-5,negative
bisa neg buka malam,2,2,positive
acl gamestop,5,0,neutral
,3,0,neutral
iklan,1,0,neutral
guna neg masak nunggu acc edah,5,4,positive
jual alat tani,4,1,positive
bad,1,-4,negative
good,5,5,positive
apl muncul game gw mainin susah bnget skip walopun ad tanda x,1,-4,negative
bikin x logout batas laku neg salah apa coba ikut langkah verifikasi hasil nihil bisa neg tolong devoloperadmin alasanya cepat baik rugi,1,-4,negative
welder operator snd muster tuh delevery asean going,5,0,neutral
oke,5,2,positive
jelas neg,1,1,positive
asww,1,0,neutral
bagus cuman jaring ny bagus,3,7,positive
program an,1,0,neutral
keren,5,0,neutral
masalah mulu klo apply,3,-2,negative
mantap bos,5,8,positive
niceeeee,4,0,neutral
pusing,5,-4,negative
absolutely useless keep getting banned very often for no reason,1,0,neutral
secure,5,0,neutral
terima kirim informasi lowong kerja bantu bagi keluarga sbelum kerja,5,19,positive
mantab gampang nyaman fitur fitur mudah difahami pilih bahasa indonesia tarik,5,8,positive
muas cari kerja,1,4,positive
very good application,5,5,positive
jalan bossku is a great company and we will continue yes,5,6,positive
bantu kenal bisnis,5,9,positive
knp suka out yaudah susah banget konfirmasi tolong bisa neg masukin,1,8,positive
verifikasi idsim banget asli kirim proses lelet banget,1,7,positive
jelas neg banget ada neg badai hujan neg suruh ulang verivikasi aman ulang mulu dah selesai kemabali verifikasi gambar jelas neg gede kayak gin,1,4,positive
sampahhhhh hilang tolollll,1,3,positive
luas relasi buka pintu rezeki mudah hubung lamar cari kerja,5,16,positive
ayaah,5,0,neutral
jabat sbg direktur utama pt nabilla bhara abadi,5,4,positive
mantap bantu bangun personal branding ranah internasional,5,8,positive
terbanntu dgn,5,0,neutral
sulit verifikasi,1,0,neutral
bantu,2,3,positive
bina rumah rumah plumbing servis,5,9,positive
kecewa kali kali jg verifikasi slalu gagal sandi isi tpi bilang salah ambil foto muka foto ktp,1,-5,negative
ganti email suka error,1,1,positive
tibatiba bisa neg buka suruh verifikasi persona batas laku neg mohon baik,1,3,positive
verifikasi pesona mohon baik,1,9,positive
security pilih hewan hadap rumit sulit proses loginbuat,1,-6,negative
gabisa kocak verif gagal halaman temu neg,1,-4,negative
like,3,0,neutral
batas alas bijak posting ok ok lihat pake neg jg no problem,1,7,positive
mantab n sukses slalu,5,3,positive
jelek,1,-5,negative
bingung ajar karna bantu,5,4,positive
konten baik neg,1,3,positive
salam salam sehat amin usaha henpon indonesia usaha internasional henpon apa bentuk nama,5,10,positive
bagus bantu,5,5,positive
be best,5,0,neutral
tolol masuk susah ampun verifikasi batas,1,-13,negative
puyeng pake ni,1,-4,negative
nungguin code berjamjam enggk,1,1,positive
b,5,0,neutral
mas coba bener bantu sulit cari kerja,5,7,positive
mantap usaha singapura,5,6,positive
human jelas neg banget sumpah,1,5,positive
opsional,5,0,neutral
akses baik,5,5,positive
bagus,5,2,positive
,5,0,neutral
bisa neg kek butuh cepat,1,-2,negative
good,5,5,positive
ning,5,0,neutral
halo bisa neg masuk kali kali verivikasi bisa neg masuk,1,-5,negative
gaje,1,-3,negative
tolong info langgar cek cek gagal tolong bantu,1,-6,negative
lp,2,0,neutral
nice,5,4,positive
informasi aktual lowong kerja didik linkedln,5,11,positive
bantu mudah jalan,5,7,positive
sosmed profesional,5,0,neutral
bantu cari info lowong kerja,5,-1,negative
isi info kerja,5,1,positive
guna neg guwa nyari kerja mending dalem dah,1,-2,negative
lumayan aplikasi fitur tampil tawan,3,-2,negative
jus kuntul,1,0,neutral
,1,0,neutral
tres pw email ttep aj sruh verifikasi gj bngst sulit kerja aj smpe hrus msukin id pasport dkk ad neg gni tolong benerin biar sulit guna,1,7,positive
jelas neg jelasjelas nyari kerja ceri usaha kerja neg kerja akan neg cari kerja,1,9,positive
recommended profesional worker,5,0,neutral
tolong hp teknis mumpuni tp bsa neg out,1,3,positive
is the best,3,0,neutral
gunaa neg persulitt pake teka teki jelasss neg nya neg ngebantu nambah beban oranggg,1,-5,negative
aman,5,0,neutral
baik,5,3,positive
ok moga trending,4,5,positive
top,5,5,positive
diupdate bisa neg lamar,1,0,neutral
mode kreator hilang kecewa,1,3,positive
sulit guna edit bio susah temu menu,1,0,neutral
jooos,5,0,neutral
bagus mudah terimakasih,5,11,positive
sugoi,5,0,neutral
bug mulu jelasss neg,3,2,positive
guna sayang hilang alami sulit pulih laku verivikasi persona dg id nasionalktp,5,4,positive
opsional,1,0,neutral
mantap,5,5,positive
improve be better,3,2,positive
aplikaso yng guna ketemu temen kerja,5,4,positive
enak nich bantu,5,8,positive
tolong bisa neg verifikasi persona seta upload ktp proses verifikasi gagal dua kena batas mohon bantu kena hack hongkong ada neg hapus batas mohon baik,1,-4,negative
karna info keteranganya detail hubung langsung info,1,0,neutral
bagus banget,5,3,positive
daftar doang susah ampun,1,0,neutral
sulit ubah data pribadi pusing bingung,1,-7,negative
bisa neg mantul,1,0,neutral
,4,0,neutral
reset sandi susah bet mintain password ganti sandi,1,0,neutral
verifikasi cuk salah muluuuu,1,-4,negative
aneh niat nyari duit haram doang dajjal,1,3,positive
this is good,5,5,positive
rantau nanam padi kenekek robot padi teman bahagia kenekek tukang bagunan masak nasi masak sayur nyuci piring nyuci baju serba cerita jalan jalan pusing melliberr janggung padi kibot son ketwawk canda sok sok ramah lingkung hidup ap golong familia bombyliidae genus onthophagus kingdom of the year old good day for me bahagia ikut kuis ega bantu share with you and your friends with me per,5,24,positive
tolong pake iklan boss oc,5,3,positive
terimakasih,5,5,positive
okeokeoke,4,0,neutral
premium bisa neg pake ai bisa neg guna bayar mahal sue banget aplikasi,1,2,positive
tolong tambah desktop modefullscree guna tablet,4,7,positive
sampah,1,-4,negative
mudah cari kerja,5,3,positive
h lo pakai google bisa neg hapus cache data bisa neg buka,3,-3,negative
bantu jitu,5,3,positive
aneh gabisa,1,4,positive
applikasi apaapa neg mensupport applikasi maju modern,1,3,positive
verifikasi susah,1,-3,negative
,1,0,neutral
easy use and very nice,5,4,positive
weldersmawfcawgmawgtaw,5,0,neutral
suka hang video pendek,1,4,positive
broken susah,1,-3,negative
versi lawas,3,1,positive
batas sulit guna,3,-2,negative
semnjaakk linkedln hp jadi neg bug terima,5,3,positive
x u,5,0,neutral
please hire,5,-3,negative
sampah dadak bisa neg email ama pasword sesuai,1,2,positive
is more than just a job seeker platform its a dynamic space for professional networking knowledge sharing and industry insights users can join groups and communities related their field engage discussions share expertise and learn from others additionally offers features like publishing articles where users can demonstrate their thought leadership and expertise their respective industries its also a great platform for businesses,5,7,positive
haloo selamat sore contact person pic cs,4,8,positive
bissmillah,5,0,neutral
bantu sekaliuntuk referensi karir,5,3,positive
mantap,5,5,positive
sampe pake bom panggil gila stress indo indo,1,-8,negative
ribet mending pake jibstreet express gampang,1,2,positive
mantap,4,5,positive
hebat,5,0,neutral
bantu cari kerja x kerja lingkung salary kompetitif,5,4,positive
application keren,4,0,neutral
ok,5,4,positive
archik,5,0,neutral
tolong ajar marketingnya sopan santung nasabah,1,8,positive
site manager kerja perintah swasta,4,2,positive
manfaat beri kerja cari kerjajuga media bagi ilmu anggotathanks,5,12,positive
refundpengembalian dana sengaja neg beli paket premium dari neg beli layan bayar otomatis tahu neg,1,19,positive
gatau,4,-1,negative
mantap jak,5,5,positive
verifikasi check jelas neg,1,2,positive
iya,5,0,neutral
sungguh manfaat terima,5,11,positive
error nocaptcha tolong perbaikin,2,-2,negative
bagusss suka moga rakamin x fair yaaa love u kebon,4,12,positive
lumayan manfaat dpt kerja,5,8,positive
ruchana kristina golf graha family country club caddie administrasi membership ruchana kristina bekerjas branch manager moncol pool spa jual uang usaha bidang distributor alat kolam renang spa serta instalasi pipa resto msquare lenmarkmall bukit darmo golf marketing manager,5,2,positive
sistem aman lemahgk tp notifikasi loginganti password email email customer service inikalo ad neg tindak bantu hapus email pelakusaya akan neg rubah rating,1,-4,negative
pernah neg gagal informasi,5,-2,negative
susah verifikasi kirim,1,-1,negative
mohon balikin dana mau neg member premium tibatiba tarik saldo dana member premium nyobain gratis mohon balikin dana,1,33,positive
msuk ny sulitpdhal bantu,1,3,positive
susah belit isi data ngisi verifikasi ganti sandi tetep gabisa,1,-4,negative
heiii si suruh ulang pernah neg keluar verifikasi ulang tolong lahh aplnya baik nggak banget tau nggak,1,0,neutral
baik inpo kerja negeri negeri,5,5,positive
pn,5,0,neutral
sukses,5,3,positive
baik,4,3,positive
sepi,1,-3,negative
bagus informasi,3,4,positive
okeyyyy,3,0,neutral
susah bangett masuk,2,-8,negative
masuk saldo sah tahan,5,0,neutral
bantu kerja thankyouu,5,5,positive
bisa saldo dana potong tagih buat neg jelas neg balikin saldo,1,5,positive
hati hati fitur premium gratis pek fitur premium fitur segera tahu batal fitur premium potong tagih premium bulan otomatis potong metode bayar e wallet ada neg konfirmasi sayang akses pusat bantu bijak kembali dana konsumen linked dapat neg akses,2,38,positive
portal info kerja serta bagi info kerja dlm negri negri serta informasi lengkap data lamar lamar overall is good,5,10,positive
koneksi massih setabil,3,2,positive
bagas juliansah,5,5,positive
update berat sistem ui bagus terkadang buka search koneksi bazel handle hilang terkadang buka profile lelet banget gabisa buka loading mulu parah buka cek cepat koneksi internet stabil,1,23,positive
proses verifikasi security cek ny sm bantu neg mlh sulit,1,0,neutral
bagus kenal,5,5,positive
guna neg,1,1,positive
bagusmemudahkan hubung relasi,5,4,positive
versi bug verifikasi,3,0,neutral
tahu neg apacara pakai hapus sapa butuh,3,-4,negative
a wauih nh seigiegy,4,0,neutral
gkjls tolol verifikasi nyusahin,1,-5,negative
bantu kerja,5,5,positive
baguss,5,0,neutral
z i laptop eqtuozy x,5,0,neutral
mantapbuat cari kerja,4,-1,negative
sampah,1,-4,negative
tau neg bodoh,1,-4,negative
kecewa bisa neg ulang sandi opsi ini neg saya neg iya pencet opsi iya pencet opsi tolong baik bug,1,-1,negative
iya,1,0,neutral
easy and simple operate,5,3,positive
kirim tugas lama neg,5,-3,negative
proses sulit,1,1,positive
sulit input email sandi bener hp gabisa aneh aplikasi,1,3,positive
coba,4,2,positive
verifikasi email doang ribetnya ampun bisa neg loading kena kick,1,-1,negative
medsos bas cari kerja informasi rekomendasi fresh graduate,5,-1,negative
bantu,4,3,positive
rusak suruh vefikasi gambar gagal mulu tolong baik aplikasi,1,3,positive
cari kerja arah thats awesome,5,0,neutral
baagus bermqnfaat,5,0,neutral
costumer service ugrade dana,1,4,positive
informasi loker bagus,5,4,positive
bagus aplikasi,5,-2,negative
up date moga updaten baru kembang optimal linkein maksimal bantu gun,5,10,positive
strategis fungsi maximal terimakasih,5,5,positive
wey plis bisa neg pakai gmaillll,1,0,neutral
ribet akunbaru aj masuk nomor telfon ad terang sesi kadaluarsa lg verifikasi lumayan ribet,1,-8,negative
,4,0,neutral
,5,0,neutral
verifikasi ngaco milih bener tetep salah milih salah bener,1,-6,negative
daftar susah nian,1,2,positive
tuhan yesus kati amin jesus bless us,5,6,positive
alhamdulillah nice terimakasih moga berkah,5,19,positive
fresgreduwet kerja,5,2,positive
batu caranus,5,2,positive
fahami,5,0,neutral
bagus,5,2,positive
suka,5,3,positive
adu mana hilang masukin gmail kek gtu gmna hancur neg gin update april tpi hilang,1,3,positive
good indonesia,5,5,positive
platform profesional ajar baik,5,4,positive
bisa neg isi komentar,4,2,positive
jos,5,0,neutral
omk,3,0,neutral
moga mudah proses kastamer,5,6,positive
hebat,5,0,neutral
habis update crash bisa neg masuk coba kali tetep bisa neg masuk home,1,-5,negative
qaqc cuality control at shipyardlast pt batamec batam at experience year,5,0,neutral
lot,4,-5,negative
no hp mau neg masuk gimana jelas neg kali no hp msih aktif nelpon wa bisa neg daftar sesi valid ntah valid ku uninstall kek ribet,1,2,positive
job,1,0,neutral
sya bisa neg hubung,1,1,positive
sumpah rate ku nol susah banget verifikasi ngulang mulu pas akun batas,1,0,neutral
manfaat,4,5,positive
medsos luas buka peluang kerja kenal tongkrong usaha tampil profil perusahaanini bantu cari kerjasaya rekomendasi,5,14,positive
bisnis sentuh owner,3,4,positive
jujur kecewa bobol data pribadi bocor data verifikasi jelas neg nama ubah isabelle bukti bobol bagus sampah,1,-18,negative
gabisa loginnn verifikasi pake gambar tetep gabisa langgan mahal banget tolong yaaa linked ko gabisa eror tah,1,5,positive
yth tolong hapus profil google search terimakasih,1,5,positive
mantap,5,5,positive
platform cocok tingkat branding sbg profesional dunia kerja,5,8,positive
duit balikin jt potong auto debit langgan neg,1,0,neutral
nice,5,4,positive
sukses,4,3,positive
omooi llm,5,0,neutral
bevega cripton harga bos klep oli seal klepxeon thall vega zr tkd scorpio tkd jup z thallxeon thall vega zr tkd scorpio tkd jup z thall perpak kertas blokrduka cita keluarga tinggal duka cita keluarga tinggal inggalkan,2,20,positive
tani,5,0,neutral
verivikasi susah masak iya kali nyari gambar kodok hadap salah security check ambigu dunk kek dikerjain,3,-9,negative
ajar,5,1,positive
dunia togel tausebelum masuk aplikasipaling mumet masuk aplikasikarena persainganpelanggan korban,4,-13,negative
profesional,5,0,neutral
,5,0,neutral
keren,5,0,neutral
ikut neg langgan potong mahal rb ikhlas neg banget refund banget,1,4,positive
like snail,1,0,neutral
klik kerja tibatiba aneh,1,6,positive
tibatiba ngebug,1,0,neutral
monyet gara gara saldo dana gua potong otomatis pernah neg pencet mesen lumayan juta,1,-6,negative
rawan prabowo gibran ketua sahabat publik harap gabung sahabat bagi informasi,5,5,positive
sesuai neg harap,1,6,positive
bisa neg,1,0,neutral
data sebar,1,-3,negative
akses blokir ada neg solusi,1,6,positive
baik,4,3,positive
eek bisa neg verifikasi,1,-5,negative
interested,5,0,neutral
ni bagus pakai tugas tugas ppt lainlain,5,0,neutral
bagus bantu mudah hubung beri cari kerja,5,11,positive
,2,0,neutral
bantu luas jaring profesional bidang ilmu tahu kerja,5,19,positive
verry nice,5,4,positive
bagus portofolio,5,4,positive
jalin koneksi tombol x checklist samping sengaja neg pencet x batal tapu terpemcet tulis saran neg cari blax sengaja neg pencet posisi tombol gabisa cari orang,1,-19,negative
lamar ngak aneh banget minggu gin,1,5,positive
mantap,3,5,positive
ftttt i didnt remember whether there was a lot of problems available because its more difficult help either ma ma,1,-3,negative
gabisa masuk stuck puzzle gmna,1,-3,negative
bantu,5,3,positive
goood,4,0,neutral
rekomendasi neg,1,0,neutral
si gada gambar,1,2,positive
stress berat gabisa daftar,2,-4,negative
bisa neg,1,0,neutral
ku hack bisa neg masuk verifikasi rumit bisa neg selesaiakan buruk,1,-17,negative
suruh verifikasi pake gambar kali nyoba gambar salah bikin betulah hadap kayak kepala bad,1,-9,negative
nama holili yugo adi putro temu kandung anak holili yugo adi putro gedung btn,5,3,positive
ku repot awalsusah banget loginmohon baik,2,-1,negative
ribet verifikasi dimna mna sesuai data,1,-4,negative
pake teka tekiudah bener disalahin,1,0,neutral
peonsiun,1,0,neutral
babi sesuai neg harap,1,2,positive
good thanks for this apps,5,8,positive
rfr l ur f r b l fr,4,0,neutral
,5,0,neutral
sangatmembantu,5,0,neutral
ok,2,4,positive
bodong biaya mahal saldo dana gw raibkalian jgn download dana raibkaya tipu,1,11,positive
trima gabung,5,-4,negative
operator buldoser,5,0,neutral
jelas neg cek scurity ribetin,1,-3,negative
i cant,1,0,neutral
cari kerja bisnis,5,2,positive
ribet cahpta valid neg bener,1,-1,negative
aplikasi sampah verifikasi sulit valid neg mulu tolong baik,1,0,neutral
i like jobs,5,0,neutral
sampah banget loh kendala proses verif security check yanh gambar kuda jelas neg coba gagal sesuai arah blokkk,1,4,positive
i have manay new friends here,5,3,positive
aneh bisa neg daftar kirim neg kirim kode,1,6,positive
jelek verifikasi id takut salah gunain,1,-8,negative
verification jelas neg,1,1,positive
di neg buka yg neg anehsekali buka tau tau batas ktp kayak buka pinjol,1,-5,negative
smoga cepat bantu cari kerja,5,5,positive
ni gua rating burukkk bangetttt susah kaya cpns suruh masukin kode masuk bisa neg emang busuk,1,-17,negative
kren ku erti impormasi bisnis bantu dorong,5,8,positive
moga bantu,5,4,positive
buruk ngeselin jobseeker baru profil asisten manajer aneh,1,-6,negative
lapor pajak npwppersonal jangka,5,2,positive
rampok saldo potong pemberitahuan neg,1,-8,negative
bantu,5,3,positive
siiip,5,0,neutral
sucks,1,0,neutral
manfaat,5,5,positive
salah neg ni ratingnya developer useless scam bisa neg verifikasi sulit banget,1,-3,negative
susah masuk ny,3,-6,negative
apkikasi lucu bener arah dah pencet kali ana neg benernyaauto sih jelek,1,-1,negative
batal langgan,1,-3,negative
top,5,5,positive
bener bikin verifikasi masak milih gambar bener gimana baik guna jgn sulit,1,12,positive
emang bagus,5,2,positive
apan,1,0,neutral
fosnxk,5,0,neutral
jobseeker biaya bulan mahal bentuk idr tambah bisa neg liat cek profile jobseeker cari kerja doang biaya lewat mahal,1,8,positive
kuk mecari kerja gimana gapaham ngelamar kerja mohon bantu terima,5,7,positive
selamat ratingnya ngasih smoga error,1,3,positive
sampahh suruh teka teki bilang teka teki biar tau manusia woyy ngotak dikit emang binatang donlod dasar manusia tolol,1,-8,negative
,4,0,neutral
gabisa looping verifikasi,1,0,neutral
ribet banget najis verifikasi,1,-7,negative
cocok,5,4,positive
tolong developer dengar keluh usernya atas upload ktp verifikasi wajah tetep kena batas,1,-5,negative
api hatur,5,4,positive
tau narik uang dana rb,1,0,neutral
cant sign very bad playstore,5,-4,negative
verifikasi sulit,1,0,neutral
gua dah verifikasi bolak bisa neg verifikasi email bisa neg tolong baik,1,0,neutral
mohon kembali uang garik google play shopepay laku neg konfirmasi apa kait beli langgan ambil dana shopepay konfirmasi neg milik aju klaim kali lali ada neg mohon bantuanya,1,9,positive
susah jelas neg banget muter verifikasi doank,2,-1,negative
insyaallah bs bawa berkah amin,5,10,positive
jelas neg verifikasi susah skli jelas neg jelas neg jelas neg ihhhhh sebel org bener salah salah muluuuu org gambar bener pilih hadap salahhhhhhhhhhhhhh,1,-6,negative
duhaifxxcb kolo,5,0,neutral
mnt stuck at captcha are u serious it has been correct long ago and u wasted my time by doing quick security check again and again,1,1,positive
bagusu,5,0,neutral
google maps,5,0,neutral
membingunkan,1,0,neutral
the best,5,0,neutral
ajar mu,2,1,positive
verifikasi sulit,1,0,neutral
building business and support time,5,4,positive
tu,5,0,neutral
suruh verifikasi tp gabisa lolos alas nocaptcha valid neg apa apa,1,-12,negative
terimakasih informasi bantu proses tentu amin terimakasih,5,16,positive
jls neg ribet banget susah pernah neg bikin,1,-6,negative
dewasa,5,2,positive
aa,4,0,neutral
tipu,1,0,neutral
percaya buang buang biaya interview ujung ujung tipu telite iming imingan pt lebay waspadalaaaaaaah,3,-14,negative
sukses,5,3,positive
alot of importance information,5,1,positive
tahap coba,1,2,positive
captcha eror bisa neg payah,1,-4,negative
verivikasinya susah benget,1,-3,negative
mohon tambah bahasatranslate bahasa indonesia,3,1,positive
guna neg sebagua apa profil provesional apa buang buang tenaga room ada neg lowong kerja dalam room akal akal developer dg mitra kredibel kredibel kerja gabung,1,6,positive
baru,3,0,neutral
bisa neg pas verifikasi ngulang dapet selamat blablabla bukti manusia,2,10,positive
coba moga banyat mafaatnya,5,3,positive
ribet ketat,2,-7,negative
manfaat dunia karir,5,6,positive
profil liat neg baru,1,2,positive
guna ubah total guna neg karna susah hilang,1,2,positive
ngeselin banget verifikasi susah banget,1,-6,negative
is oke,5,2,positive
ada neg appbaru bikin masuk pake verifikasi ujung bisa neg masukbikin kaya gitu terusgak,1,0,neutral
tau neg amu bisa neg tolong bantu,1,2,positive
keren manfaat,5,5,positive
sukses linked,5,3,positive
benahin tuh bug verifikasi sampah,1,-4,negative
verifikasi suruh teka tekisdh terceklis muat harap tunggu eh verifikasi sampe quota habis muter situ,1,5,positive
the captcha bug so i cant,1,0,neutral
verifikasi ribet,1,-4,negative
websitenya ngisi kode captcha kali gila gabut banget gabisa,1,-4,negative
man tool,5,-1,negative
layan cap jempol,5,6,positive
bapuk tolol verif susah,1,-8,negative
susah captcha baik thank you,1,4,positive
update ribet,1,-4,negative
buka,1,3,positive
dapat,5,2,positive
verifikasi sampe mampus bikin sampah banget,1,-8,negative
assalamualaikum kenal fajar kakak tnyk kakak blokir pernah neg aneh,1,7,positive
very very bantu,5,3,positive
aman,1,0,neutral
guna neg,1,1,positive
baru ruwet mudahin neg penguna,1,-4,negative
verifikasi kasih notifikasi respon kode nocaptcha valid neg isi,1,3,positive
khoirul anm,5,0,neutral
informasi bagus dunia teknologi lowong kerja,4,7,positive
verifikasi mantap sampe ulang kali,1,5,positive
verifikasi jelas neg ngisi kali gabisa masuk gimana,1,-2,negative
i found great,5,3,positive
good,5,5,positive
aneh ni error sulit gw ken verifikasi susah ampun hadehhhhh,1,0,neutral
,5,0,neutral
bikin pas ribet banget pake gmail pakai tugas praktek sekolah,1,2,positive
kali bisa neg ngikutin arah,1,-1,negative
susah banyak verifikasi,1,0,neutral
bingung rumit berbelitbelit,1,-5,negative
tolong filter usaha ada neg usaha pialang,5,6,positive
i like it unlike any other social media platforms means something many not only job seekers and recruiters but also for profesionals who love sharing their valuable world view others see what they saw double thumbs up,5,9,positive
susah,1,-3,negative
gabisa taiilah,1,0,neutral
lelet,1,0,neutral
haduuhh capek banget verifikasi captcha invalid mulu ngulang bisa neg masuk,1,-1,negative
no coment,5,0,neutral
plattform baik jobseeker and find networking,5,3,positive
nyari kerja malah neg nambah kerja kali proses cari,1,0,neutral
ganggu iklan,1,-4,negative
bener suruh,1,1,positive
admin kerja ngapain benerin sistem cuman plonga plongo gw bisa neg cuman karna verifikasi doang minimal tanggap komen biar pasti gaji kerja becus neg,1,6,positive
tolong guna sampah susah verifikasi jelas neg website nyusahin tolong developer cepat fix banget komentar,1,5,positive
bagus nal dam bangun relasi profesional cari kerja,5,1,positive
sulit pernah neg hasil foto id ikut bisa neg,1,3,positive
bagud,5,0,neutral
its really helpful,5,0,neutral
tingkatakan fitur,4,0,neutral
alhamdulillah dpt network,5,5,positive
okt,5,0,neutral
mudah cari kerja,5,3,positive
aplikasi bantu hubung informasi putar info kerja,4,1,positive
manfaat terimakasih,5,10,positive
olla,5,0,neutral
security check aneh,1,5,positive
bantu kembang bisnisthanks,5,6,positive
dear why is it so hard for just making my official website appear at my official profile i followed all the steps but still has not displayed yet not mention the unease of how we as user should ask for customers support really am disappointed about this please fix this immideately,1,1,positive
mnuhl,3,0,neutral
cant even with my google account and try wiith my email and password but the captcha is complicated aint nobody got time for for the verfication i am just give up with this nonsense and uninstal this,1,-3,negative
batrai langsung matahari langsung langit cari vpn power bank iso voa daftar dick global tv google royalti incam pribadi go sehat,5,10,positive
gimana verifikasi eror sekian ada neg tindak,1,0,neutral
suppeee,5,0,neutral
bgmn dpt koin bnyk,5,0,neutral
baik fitur verifikasi pakai ktp persona indonesia support neg,2,7,positive
,3,0,neutral
maju,3,0,neutral
gabisa security check bener sesuai instruksi aneh,1,8,positive
ajar,5,1,positive
upload sertifikasi lisensi salah tahu neg peecuman fitur,1,0,neutral
susah kacau jelek very bad,1,-12,negative
lost verifikasi ulang ulang mohon bantu,4,2,positive
pake fb email trus kali pakai teka teki masuk neg capek,1,1,positive
teka teki kayak tai,1,-8,negative
sempurna,4,3,positive
gimana siii bisa neg verifikasi salah,1,-4,negative
tolong linkedln kenapasih buka suruh gitu ngulang kali lg suruh verifikasi mudah bikin ribet bisa neg buka,1,2,positive
nyari usaha,3,-1,negative
woy susah bener teka teki gagal trus mending verifikasi robot pakai centang google ajah mudah kena blokir bisa neg laku neg langgar apa verifikasi identitas tetep gagal hasil pakai tolong baik developer,1,-7,negative
based premium respon owner usaha based reguler di neg arti rekomendasi cari kerja,5,5,positive
verifikasi susah woy ktp hadap salah daftar nomor boleh neg pake nomor cari kerja susah masuk loker susah indonesia emang susah,1,-17,negative
bug notifikasi,1,0,neutral
ok gasgas,5,4,positive
erorr nggak buka,1,4,positive
,1,0,neutral
senang bantu banget,5,9,positive
your capctha is very bad doing it repetitively for like times and can not,1,-4,negative
kena hack bro gimana,1,-7,negative
tolong baca komen bodo dosa sulit tanganin sulit,1,-3,negative
tolol cmn pake tekateki babi ulang bnr ny,1,-9,negative
,1,0,neutral
great and more than job information,5,3,positive
aneh download cari kerja mlah isi profil kerja,1,7,positive
kontolll jelas neg babi verifikasi bikin emosi hapus babi,1,-7,negative
vc b,4,0,neutral
guna neg bisa neg,1,1,positive
mohon baik admin,1,5,positive
siiiip,2,0,neutral
developer tlg baik idiot bisa neg teka teki salah org neg gagal tks,1,-7,negative
salah verifikasi,1,-4,negative
gw hack asing susah banget,1,-6,negative
biarlh yng ngasih nilai tnggi kali masuk ngk tau bagus yng neg nilai,5,8,positive
coba,5,2,positive
tok angel menungso iki menungso verifikasi jawab wes bener harap baik,1,12,positive
bagus,5,2,positive
,5,0,neutral
strong together,4,0,neutral
relasi informasi,5,5,positive
foto ilang jaring koneksi hilang paham neg,1,6,positive
wawan lswanto,5,0,neutral
gabisa sign pake gmail,1,0,neutral
kena kendala dapat neg masuk verifikasi hari juga neg langgar apa eh kena blokir semenjak ayo developer,1,-9,negative
member terbai menerimadan jujurikhlastidakmencelamenuntuttygtidakterlalu pentingdanmudah maaf,1,2,positive
bantu,2,3,positive
gimana nggak verifikasi id foto tetep nggak,2,5,positive
garagara verifikasi gamasuk akal gabisa sistem verifikasi tolong baik mudah,1,6,positive
buruk gabisa,1,-5,negative
gimana si verifikasi mulu aneh,1,6,positive
bantu koneksi profesional,5,5,positive
security check manusiawi neg,1,1,positive
cekk,3,0,neutral
oh gosh,5,0,neutral
teka teki nyusahin masuk neg akal bikin program aplikasi,1,-7,negative
jelas neg banget verifikasi mau salahz asw asww,1,7,positive
linkkedln lengkap,5,2,positive
tolong verifikasi mudah ngasih verifikasi susah banget,1,8,positive
verifikasi salah gilir masukin otp sesuai salah terang gagal emang,1,-7,negative
am,1,0,neutral
,2,0,neutral
validitas lengkap,5,-1,negative
goog aplication,5,0,neutral
senang,5,5,positive
bagus bagus kerja linkedln,5,6,positive
lembek akses,4,7,positive
bisa neg,1,0,neutral
makasih,5,4,positive
bagus,5,2,positive
security check jelas neg pilih gambar pilih salah mulu jelas neg check bot,1,-2,negative
baguslanjutkan,5,0,neutral
essseesssess,4,0,neutral
hayyyysaya login neg captcha errormohon baik ganggu,1,-1,negative
aplikasi bagus kesini ko bagus neg gabisa terus verifikasi ulang kali masukin kode ngulang sampe bosen jam jam buang,1,-10,negative
helpfull real profesiaonal,5,2,positive
pake gmail verifikasi teka teki aneh salah pas ganti verifikasi tebak suara muncul tulis verifikasi valid neg pusing sulit,1,8,positive
tolong bantu modahan tolong rezeki limpah dunia tuhan bantu lindung tolong kurang neg amin amin allah,5,35,positive
gagal verifikasi gagal,2,-8,negative
kode captcha verifikasi akun ulang sbntr ulang bgituu nggak,3,-2,negative
moga bantu,4,4,positive
bagut,5,0,neutral
mbuh angel tenan verifikasi ne,1,0,neutral
bisa neg tangguh blokir pake tanggung ni aman ada neg data pribadi,1,1,positive
bantu,4,3,positive
bantu jalin relasi kerja,5,8,positive
banget program searching jobs most exited and valuable butuh tenaga sbb m bambang ongkoyudo drs ktp m bambang oky drsspdkonselor expthn swasta negeri harga gubernur dki jakarta thn harga thn presiden nkri joko widodo jokowi brgabung dgn usaha butuh tenaga cukup salarynya,5,2,positive
bantu cari pekerjaansemoga kerja aamiin,5,4,positive
mohon baik sistem verifikasi manusia susah,1,1,positive
verifikasi jmbt,1,0,neutral
klo liat bagus mk limkedin lg proses sandi no hp stlh tullis blg salah pd no hp smp ulang kali sampr capek mohon simpel ng,3,10,positive
bisa neg verifikasi gagal mulu,1,-2,negative
,5,0,neutral
bagus dam simple,5,2,positive
is ok,5,4,positive
terimakasih sangaembantu,5,5,positive
robot neg,1,0,neutral
trial,5,0,neutral
lumayan bagus kerja,4,5,positive
tampil menu pilih menu simple,5,2,positive
oem f,4,0,neutral
e f,3,0,neutral
putus kongsi,4,3,positive
gabisa karna banyak syarat jelas neg,1,4,positive
mantap lancar bisnis lengan cepat hubung tim inviter,5,12,positive
ribet capca bisa neg ulang susah gimana pdhal dah gilir gad,1,-12,negative
i o,3,0,neutral
verifikasi mudah napagak paspor indonesia susah woipake ktp kek kek gitu,1,1,positive
kali instal ulang masalah browser edge data hilang bisa neg akses salah baik kembang bisnis jaring aplikasi neg murah interaksi please baik cepat admin,2,11,positive
di neg instal muncul,1,1,positive
uji,1,1,positive
linkedn buka jaring teman profesional,5,6,positive
main komersil mulu premium gratis bayar mending usah neg tampilin premium gratis,1,14,positive
inspiratif informatif,5,0,neutral
mudah lamar kerja berita kini mudah,5,9,positive
bangkrut dapet uang iklan tinggalin gitu,1,-3,negative
pt megalopolis manunggal industrial developmen tugas usaha pegang izin a kawasan industri izin domisili desa izin kawasan industri izin lokasi sippa iplc izin tangkal petir izin instalasi listrik izin stasiun radio izin madam bakar b hotel asuka restoran siuk hotel izin hydran izin instalasi petir izin madam bakar,5,-52,negative
keren,5,0,neutral
dev bagus bintang,5,2,positive
abal abal,1,0,neutral
bantu jaring profesional,5,6,positive
nggak bs dah kapaaaaan pngn ngecek nyari lowong baru profil takut msh kerja tmpt pdhl resign,1,-1,negative
sekuriti chek sampe x masuk neg masuk,1,-6,negative
susah verifikasi gambar salah isi,1,-3,negative
susah buka langsung close,2,1,positive
engk android android v pake web laptop jg instal ulang tpi tetep engk,1,0,neutral
gabisa cokkkk,1,0,neutral
mentok kodok,1,-7,negative
ok banget tambah informasi kerja kenal karakter senior senior,5,9,positive
citacitanya pencetin gambar kodok smpe mabok,1,-4,negative
tau perintah gagal kurang anggur syarat lowong kalang sekolah untuk neg tengah,1,-10,negative
bisa neg masuk nyusahin alias bikin ribet verifikasi,1,-7,negative
luh,4,0,neutral
quick security check aka capctha error stupid,1,-4,negative
,4,0,neutral
verifikasi security captcha valid neg captcha opsi suara gagal tolong bantu,1,4,positive
bayar asyiik neg,5,1,positive
jelek buka ulang captcha muncul bisa neg gabung member,1,-6,negative
verifikasi liat banteng ngadep gimanaa salah mulu woy,1,-3,negative
maaf kakak krn jarang pakai,3,2,positive
cukuo info,4,-3,negative
susah banget loginnya suruh verifikasi captcha gambar tekan bener baik aplikasi hilang fitur verifikasi captcha,1,4,positive
thank you,5,4,positive
bisa neg,1,0,neutral
verifikasi berkalikali bisa neg,5,0,neutral
im,4,0,neutral
help me find job,5,2,positive
nizeeee,5,0,neutral
tolong verifikasi baik ngisi salah ngulang kali,1,2,positive
chaptanya,1,0,neutral
rekomended jalin circle teman kualitas best,5,4,positive
,3,0,neutral
ko stuck captcha deploy ni neg,1,0,neutral
gimana invalid mulu re chaptsanya gabisa masuk,1,-6,negative
oh,1,0,neutral
cah samsung lek,1,0,neutral
help find a job,5,2,positive
aktipkan,4,0,neutral
q lppoooloo pooooooooolo pooooopopoolooooo ooloppop l lokasi pop indonesia operasi popo eh posisi on lp play polisi pondok gede pl oo oo ku pilih syg po sumber ooo o ooloppop oo loopl ooooooooooooloool,5,9,positive
susah suruh milih gambar jelas neg,1,-4,negative
fungsi normal terimakasih,5,6,positive
informasi up date mudah cari kerja tingkat karier baik taraf hidup keep the awesome joblinkedin,5,14,positive
chapcta errorr,1,0,neutral
suka neg,1,3,positive
jos pokok,5,3,positive
emang bener pakai nomor telfon sebar luas pesan wa ngaku nomor risih,1,10,positive
bisa neg akses suruh verifikasi data dgn tanda kenal verifikasi data pernah neg tuju,1,-2,negative
bisa neg dlond aplikasih domino,5,0,neutral
bagus serta terjemah bahasa indonesia lamar kerja pake bahasa inggris nggak paham setel bahasa indonesia,2,-5,negative
bisa neg daftarpadahal kali intolong bantu,1,3,positive
bagus informasi manfaat,4,9,positive
buruk,1,-5,negative
verifikasi tolol susah captca bolak,1,-8,negative
eror verifikasi tpi bilang respons kode captcha bom isi valid neg,1,-1,negative
parah bisa neg suruh verifikasi,1,-7,negative
goood,4,0,neutral
senangdengan,5,0,neutral
mohon baik verif captcha gagal kali kali,1,1,positive
qnti si tas tas gambar mulu salah mulu glbg buang buang wktu woe bog benerin apl gkberguna,1,-4,negative
bangke,1,0,neutral
susah,1,-3,negative
apl can not be operated after recent update please me know,5,-3,negative
okey banget,2,1,positive
recapcha masalah,1,-4,negative
quick security check ganggu relasi jamah neg sendat,1,-5,negative
captcha masalah bisa neg masuklogin mohon baik,2,1,positive
ad neg ul,3,0,neutral
teknisi ac frilen,5,0,neutral
top and the top,5,10,positive
maaf sampah lebih neg facebook isi hrd nyampah jelas neg aplicant palsu bantu neg dear usaha promote pakai sosmed,1,7,positive
bagus banget,5,3,positive
security check kali kedetect neg input captha,1,1,positive
,1,0,neutral
perna pegawai gudang pt indofood,5,3,positive
keren tolong captca webnya baik,4,6,positive
super duper hard many times verification and limited access i have update my identity card but it did not work,1,3,positive
opsional,4,0,neutral
bantu cari informasi lowong pekerjaandan usaha terkadang langsung hubung harus neg lamar kerja,5,7,positive
okey,4,0,neutral
bikin susah,1,-3,negative
tutup privasi knp susah,1,-5,negative
temu kerja,5,4,positive
good job,3,5,positive
sebenernya dalem bagus tp dalem susah pilih suda tp coba ratus kali gagal mohon cek perihal karna keefesienan terimakasih,3,-5,negative
bangkrut kali ulas lihat keluh bisa neg masalah captcha bulan jawab verifikasi beres neg beres sampe lebaran jerapah jelas neg,1,-3,negative
lapor laku uang,5,2,positive
verifikasi rechapta ganggu bangetdan validvalid neg rechapta,1,-4,negative
bantu cari kerja tambah relasi,5,8,positive
respon lambat verifikasi data kotak masuk email ada neg spam ada neg canggih server,1,-1,negative
very helpfull for job seeker as long we can explain what was our job with well thanks,5,3,positive
sulit masuk menu utama,1,-3,negative
verfikasi gambar error kali kali tolong baik,1,3,positive
bisa neg alas error ngapain kali pake masuk recaptcha make manusia kali kali kali bisa neg recaptcha invalid,1,-10,negative
call center kredit digital,5,0,neutral
bbm j cf hk jin,5,-3,negative
taii susah kudu verifikasi jelas neg ujung eror boro dapet kerja ruwet,1,-11,negative
mantap info lowong,5,2,positive
trimakasi,4,0,neutral
gabisa post dokumen sampe ganti ganti device tetep unable post,1,6,positive
twrima bantu interaksi publik,5,6,positive
keren kejaan ajar keren sumpah,5,4,positive
i have problem with my account verification cant be completed after answer true question captcha please solved it,1,-7,negative
usaha import suluruh negara eropa asia customer clearance import under name import,5,7,positive
bantu bisnis terimakasih aplikasi manfaat,5,12,positive
bagus bantu,5,5,positive
bisa neg masuk tebak gambar bukti robot neg kasih teka teki,1,1,positive
penggunq robot paok anjeng,1,-5,negative
usah neg t,3,-5,negative
susah email password captcha bisa neg,1,-3,negative
ken nonton pilem bokef,5,3,positive
so best,5,0,neutral
susah,1,-3,negative
applikasi manfaat,5,5,positive
aplikasi the best,1,-4,negative
suruh verifikasi aman foto ktp ulang kali tulis tolong baik sistem verifikasi buruk,1,-2,negative
verifikasi manusia ngulang bisa neg,1,3,positive
bagus banget canrik,5,3,positive
hi devs can you update work experience with options input like less year year etc,4,1,positive
beliau gunawan dalimarta sangkut pinjam uang bayar bisa neg hubung,5,4,positive
bergabungsaya,5,0,neutral
ganti hp capcha x eror tolong admin baik bug,1,5,positive
,3,0,neutral
akurat relevan,4,0,neutral
sanggat bagus,5,2,positive
this application is suck my account has been hacked make me cant into my account meanwhile make a report i need but how am i suppose if my account was hacked frustating,1,0,neutral
berkalikali security check kode chapta tambah gimana cerita cari kerja sulit gin,1,2,positive
salah jaring komunitas bidang kerja baik praktisi kembang owner usaha yakin mitra usaha,4,16,positive
amatsangatberguna,5,0,neutral
gabung bagus mudah cari relasi peluang usaha promosi iklan,5,2,positive
sampah suruh ngisi security check pas selesai tangguh laku neg salah apa sumpah sampah sampah muka bumi,1,-7,negative
bagus fg personal branding kerja cari regards khulafaur rosyidin digital creator of food quality,5,1,positive
susah proses verifikasi lot,1,-7,negative
tingkat pervormanya,5,1,positive
this aplication very good my exprience,4,5,positive
suka mudah erti,5,9,positive
mantap,5,5,positive
buka,5,3,positive
blokir bisa neg admin mohon bantu,1,2,positive
moga dapet job,5,3,positive
bnbollmm,4,0,neutral
teblokir alas neg,1,0,neutral
sulit proses berulangulang uninstall install bisa neg mohon baik,2,6,positive
bagus,4,2,positive
eror posting notifikasi komentar tp hilang pas balas gmn ber koneksi klok balas komentar postingan hilang tolong baik,1,15,positive
mantap aman,5,5,positive
security verification loop,1,0,neutral
manfaat neg,5,5,positive
,1,0,neutral
suka nth kerja bagus nambah turun masalah dapat neg buka sungguh ganggu guna banget,1,11,positive
tolol suru verivikasi gaada beres gambar,1,-6,negative
,1,0,neutral
dukung aktifitas,5,4,positive
mutermuter masukin verifikasi doang ada neg next page,1,5,positive
recapta bener anjir emosi ulang menit tetep masuk masuk males buka,1,0,neutral
suka,5,3,positive
sulit banget daftar mudah,1,6,positive
aplikasi bagus bantu owner usaha sayang bayar iklan postingan bayar bisa neg bayar digital gopay shopee pay dana,3,12,positive
x,4,0,neutral
makhsudnya gimana ken pas verifikasi captcha error ikutin instruksi tp ttp error habis menit verifikasi doang,1,-3,negative
c,1,0,neutral
guna cari kerja,5,0,neutral
hidup butuh,5,-3,negative
asswuhhhhb n mb bb mb free ethh desa,1,3,positive
bantu temu kerja sharingsharing jaring,5,10,positive
mantap,3,5,positive
bagus tingkat developer,5,3,positive
cc e,5,0,neutral
ko bisa neg install,1,0,neutral
jelek suka ngebug chapchanya ulang kali nggk terferivikasi,1,-2,negative
good informatif,4,5,positive
nyusahin pas security cek jelas neg surah sentuh gambar hadap pas milih gambar mengahadap salah kali x salah mulu,1,-4,negative
manfaat kalang hanya neg praktisi hr cari kerja jangkau,5,1,positive
repot masuk sndri set jam nggk masuk invalid mulu,1,-14,negative
versi baru ada neg tanggal postingannya jobseeker tau neg loker di neg tulis deadline recruiter,1,-4,negative
ajub,5,0,neutral
security check,1,1,positive
bergunaaa neg bida neg daftarr gagall,1,0,neutral
terima,5,2,positive
hapus aplikasi guna neg ribet,1,-10,negative
update,1,0,neutral
bisa neg verifikasi,1,0,neutral
mantapabiz,4,0,neutral
nian ajar dunia,4,6,positive
buang kuotauntuk daftar suruh pecah teka tekiberulang masak jawabnnya pernah neg benarakhrnya uninstal fix buang kuota,1,-7,negative
dagang,1,0,neutral
gua ulang gua lamaih gua lupa sandi pas gua tekan lupa sandimalah arahin masuk pin kirim ad neg sandi ehh trus suruh ulang gua lupa sandi guagak banget ni,1,-10,negative
linknya bisa neg edit coba berkalikali tetep banget,2,3,positive
kecewa jelek bubar,1,-5,negative
programmernya captcha error sugesti industri muncul neg berat aplikasi,1,-6,negative
s sxdds sds dad s da xtreet x s sss,3,0,neutral
bantu guna,5,4,positive
keren dpt relasi tahu bisnis,5,10,positive
susah,1,-3,negative
tolong baik bisa neg fitur easy apply,1,6,positive
update lokernya lokernya ada neg kembang loker gtu downlod masuk pake kuota jga bayar update mas jngn monoton kasi cari kerja pake keri,1,-5,negative
tergajelas daftar aplikasi suruh kali kali verifikasi teka teki kali kali tolong bikin coba biar guna pakai mudah,1,6,positive
kadon teuteubakan teu jelasm,1,0,neutral
buat neg eangsran baned parah bisa neg liat cari not found,1,-5,negative
susah,1,-3,negative
salah masukin capcha walo aplikasi error ato bodoh ulang sampe x error walo no linkin no stupid ribet,1,-22,negative
moga bagus,5,3,positive
ohhh,5,0,neutral
sampah,1,-4,negative
jelek security check chaptcha belit,1,-7,negative
mudah cari lowong kerja pilih peluang kerja,5,3,positive
guna barutapi teka teki masuk nyasaya kali gagal terushabis masuk server ajaniat cari kerja sulit teka teki jelas neg kaya gitu,1,-7,negative
smg manfaat,5,5,positive
bokep,4,-5,negative
senang hubung hebat,5,6,positive
huuu susah registrasi,1,-3,negative
bisa neg masuk website verifikasi capthca ada neg habis,1,4,positive
kali dapet security check mulu ni ngirim ktp terima neg profil bener males masuk,1,3,positive
verifikasi susah,1,-3,negative
bagus bermamfaat,5,2,positive
daftar,5,1,positive
suka,5,3,positive
bagus banget nyari loker bantu banget fresh graduate anak muda indonesia,5,-2,negative
cobah cobah,5,0,neutral
dear developer bagus tolong tambah fitur guna,5,11,positive
vety good for workers maniac have been money,4,5,positive
nice good information,4,9,positive
calon guna pas security check sana error captcha error bilang isi jam masuk tau konfirmasi error uninstall,1,-12,negative
mantap,5,5,positive
keren banget mudah urus thank you for good a chooice,5,14,positive
hibur,5,0,neutral
moga bantu,1,4,positive
posting,5,0,neutral
ok terima,5,6,positive
kembang fitur lanjut,4,5,positive
mantap,5,5,positive
yeyey,2,0,neutral
bsa neg ngpain bsa neg dftr bru bsa neg,1,0,neutral
temu teman tahu neg mana,5,6,positive
panggil masuk jg inisudah bnyk lamar kerja hasil ny banyak pt tipu,3,4,positive
excellence,5,0,neutral
puas,1,3,positive
asli stuck no captcha,1,2,positive
paragon butuh tanggung km kerja gaji neg keluar neg gaji alsan,1,-8,negative
bagus guna manfaat,5,8,positive
my account kena hack parah,1,-12,negative
uptodare always,5,0,neutral
ok buanged,5,4,positive
great informer for job seeker,5,3,positive
bagus manfaat,5,7,positive
banget,1,1,positive
ive it neg on,4,0,neutral
verifikasi susah banget salah mulu,1,-4,negative
recommended cari kerja,5,-1,negative
bagus,5,2,positive
verifikasi masuk gagal sebal,1,-7,negative
veryfikasi isi suruh milih dog x,1,-2,negative
oklah bantu,4,3,positive
lh update nyusahin,1,0,neutral
,4,0,neutral
w p,3,0,neutral
verifikasi bisa neg tolong baik,1,6,positive
sip pokok,4,3,positive
lancar,5,4,positive
susah verivikasi ny salah,1,-7,negative
there is loading profil bug connection,4,0,neutral
tolol lapor help twitter email bajak bulan nggak direspon layan customer kalah glints jobstreet mending tutup nggak solusi benerin aman data guna website takut data dipake teroris jual human traficking anak usaha microsoft badut suruh maintenance,1,-10,negative
,5,0,neutral
aplikasi busukk,1,-4,negative
tangky you,5,0,neutral
moga berkah,5,5,positive
,5,0,neutral
bug captcha bisa neg,1,0,neutral
error tolong baik,3,1,positive
gj,1,0,neutral
manfaat,5,5,positive
ribet,1,-4,negative
batas mulu akun gaje pdhl gada ngapainkerjaan hambat kena batas tbtb alas neg aneh,1,-10,negative
aneh banget ada neg halaman ganti profil,1,12,positive
tolollll begoo verifikasi ribet banget tolol,1,-8,negative
suruh nyelesain captcha bener suruh ulang sampe kali,1,-1,negative
b b h,5,0,neutral
knpa error mulumasuk bisa neg edit bisa neg save,1,-5,negative
sulit kode verifikasi sulit ampun nomor blokir bisa neg pakai kode ampuunnn dahh,1,-11,negative
seh security check,2,1,positive
smoga bagus,5,2,positive
registrasi sulitproses verifikasi jalan neg,1,0,neutral
masuk hp sulit,1,-3,negative
bisa neg tambah media mengpload foto sampul update reinstal bisa neg jalan aplikasi,2,-1,negative
kode banget sampe gabisa pake nomor telepon kudu pake nomor,1,-2,negative
susah daftar suruh milih gambar kuda puluh kali ttep salah mudah jgn jyk gin males,1,-8,negative
bisa neg buka verifikasi muluparah,1,3,positive
wth gabisa,1,0,neutral
syztem verifikasi ni sampah becus neg ngurus pecat,1,-8,negative
sulit verivikasi langkah no hp guna neg email daftar cukup neg rubah settingan,1,1,positive
bagus bagus,5,4,positive
,3,0,neutral
daftar susah,1,-2,negative
bantu,5,3,positive
jalan masjid assalam i rt rw no b kav hankam komplek kembang dki joglo jakarta barat belah pulsa cell neg joglo jakarta barat aman,2,-2,negative
olc,3,0,neutral
apasih sok asik bener ditungguin kode verifikasi gilir dispam no hp gbisa dipake lagikudu ganti no kocak,1,1,positive
ngirim kode luama,1,-3,negative
captcha gimana bener suruh ngulang ngulang,1,1,positive
sayu,1,-3,negative
apasih bisa neg kode otpnya dimasukin nomor hp bisa neg digunain nomor hpnya,1,-7,negative
bisa neg,1,0,neutral
mudah cari job,5,1,positive
hate speech sara biarin,1,-11,negative
lot bro knp hp,5,-5,negative
i have experience accounting finance tax and audit,5,0,neutral
bgsd,1,0,neutral
instal suruh verifikasi kode muncul neg pake email nomor wa panggil tlp ada neg satu kode muncul gimana verifikasi,1,0,neutral
download cacat bohongin,1,-5,negative
p pal,5,0,neutral
daftar susah ampun,1,-1,negative
ampun bisa neg,1,1,positive
how can i register if i order the verification code message never came,1,0,neutral
kode verifikasi masuk neg,1,-6,negative
,5,0,neutral
rr,3,0,neutral
aneh aneh habis disuru verifikasi,1,11,positive
mean a lot for me or anyone,5,-5,negative
suka,5,3,positive
jujur adl guna suka minus tagkirim teman bisa neg hubung ikut mohon baik fav,2,13,positive
gairah nafsu saya,5,0,neutral
daftar gada kode smspanggilan samsek tunggu hitunga menit ganti nomor ponsel,2,2,positive
sesuai neg dg yag cari ribet,1,-4,negative
,5,0,neutral
mambantu kembang bisnis,5,6,positive
pass ganti password bisa neg,1,3,positive
belm,5,0,neutral
anjingg bener bener rupa gapernah masuk ulang ulang setan banget yaaa bangkrut loo anjir guna neg jiji bikin males,1,-11,negative
bagus jaring luas tambah relasi,5,14,positive
him t byi k,4,0,neutral
captcha not working i hate this,1,-5,negative
mmbantu,5,0,neutral
gerak cepat perobahan adil ekonomi lokal desa indonesia,5,7,positive
mantap bagi,5,7,positive
bisa neg verifikasi,1,0,neutral
goods performance,5,0,neutral
fungsi neg gagal masuk hp mulus sinyal bagus,1,-1,negative
masukin email sm sandi masuk neg,1,-3,negative
good and usefull,5,5,positive
sihhh nii susah banget mauu logiiinnn,1,-2,negative
captcha susah banget woiiii,1,-2,negative
masuk ajja pake ktp ngeri data pribadi diupload sembarang bagi neg perintah perban,1,-15,negative
moga manfaat positif terimakasih,5,15,positive
muhamat mursid,5,0,neutral
ribet daritadi verifikasi data,1,-7,negative
tangguhkanudah nyoba kali kali tetep bisaudah neg verifikasi identitas tetep bisamohon neg bantu dongsemuanya hambat ganggu tanggung jawabtolong baik,1,-4,negative
guna praktis,5,5,positive
salah kode verifikasi muncul neg securitynya jelas neg,1,-5,negative
nh nomor film ihjhmd dgicukiriiiiiim kirim,3,2,positive
very nice,5,4,positive
mohon hubung wa instagram facebook indeed jobstreet layan kerja daftar neg lgi,1,8,positive
masalah tampil postingan relevan neg menu search update nov mohon baik,1,2,positive
yeyen narmadaktv,5,0,neutral
baik percaya terima owner negeri bantu pecah hidup lowong rantau,5,12,positive
batas slalu neg bisa neg,1,-3,negative
riweh,1,0,neutral
jelas neg nomor telpon bisa neg dipake,1,1,positive
ampun gw apply lowonganhari ada neg manggil manggil sm glint aneh banget,1,10,positive
buruk verivikasi butuh guoblok hny teka teki main buang gpa,1,-11,negative
lgi masalah gimana si isi security check di neg respon kode no captcha isi anehh herannn tolong baik,1,6,positive
tolong selamat dr tipu coba masuk bajak,1,3,positive
very very good i love it so much,4,10,positive
leluasa neg,1,0,neutral
dasbor lag ngeblank,4,0,neutral
taiiii masuk masuk neg susahdi suruh pecah teka teki suruh liat gambar ngadep salah mulutaiiiii doang,1,-9,negative
amaging,5,0,neutral
daftar masuk biso neg kode kirim sms daftar nomer bom aneh,1,3,positive
utama praktek,1,0,neutral
not good,1,5,positive
,3,0,neutral
alhamdulilah manfaat bijak,5,11,positive
good find a job,5,5,positive
mantappp,5,0,neutral
adidas,5,0,neutral
btangkut verifikasi ulang pake beda device di neg ios di neg android nyangkut verifikasi,1,-2,negative
moga cocok,5,5,positive
kirim kode aman pernah neg dikirimgimana disend berulangulang kirim neg kode aman payah dah,1,-5,negative
toooolol babi bikin susah banget,1,-6,negative
wahh wortit karen sosmed khusus dunia kerja kegiatn lomba organisasi bangun relationship luas jaring prestasi,5,12,positive
ahterserah masuk nggak stupid lhoooo,5,-2,negative
bisa neg captcha berulangulang pernah neg selesai,1,2,positive
kali kali bisa neg jam jam suruh verifikasi suruh sampek jam ganti hari bisa neg,1,-1,negative
payah masuk mentok a quick security check hadeh,1,-11,negative
juan s,5,0,neutral
rangin nambah koneksi bot hadeh hadeh,3,-8,negative
work is kerja or kerjo seksek resekresek,5,2,positive
iyahh,5,0,neutral
iklan,1,0,neutral
i want sign with my account on samsung tab s but i didnt know the keep asked for captha continously other side i was entered correct captha confirmed by i use andriod one ui may you fix my bug as soon as possible i also have screenshoot of the problem if you want it too,2,-4,negative
mantaps,5,0,neutral
bisa neg hp android verifikasi looping,1,0,neutral
taiiiiii masuk bikin susah data bener salah dasar bangke,1,-10,negative
bisa neg verif captcha,1,0,neutral
error,1,-5,negative
domino island mamtap,3,0,neutral
syahnan nissa,5,0,neutral
moko,5,0,neutral
relasi temu,5,5,positive
ibu ribu informasi loker akurat profesional,5,2,positive
bokepsek,5,0,neutral
buruk guna neg,1,-4,negative
jelas neg iya ulang an verifikasi data,1,-2,negative
bosoklogin bisa neg kebukajgn donlod nyesel bnet bosok,1,-5,negative
selesai verifikasi bukti manusia ngulaaaang,1,2,positive
one of the best plattform i know,5,0,neutral
kacau kirim personal undang batas kali kirim personal undang langgan kirim kali,2,9,positive
error feriv gambar buka enak pakai website,1,5,positive
bisa neg verifikasi padalan bnerudh behari bisa neg,1,0,neutral
susah lpgin bikin bete,1,-8,negative
o,5,0,neutral
bisa neg captcha bener mohon baik ngasih,1,11,positive
buruk gabisa pdhl data aktif suruh verifikasi,1,-8,negative
hello i found several bugs the application the main one being the bug of not being able save changes when changing the name and profile information,5,4,positive
security check ny brp bnyk banget dftr,1,2,positive
stupid always stuck on verification,1,0,neutral
bagus cari kerja lanjut,5,3,positive
sumpah doang susah banget perakara milih hewan madep anjir,1,1,positive
bagus manfaat,5,7,positive
bagus referensi,5,2,positive
verifikasi via bisa neg,1,0,neutral
,2,0,neutral
z c ze x vz,4,0,neutral
maau gabisa,1,0,neutral
k,5,0,neutral
bantu kandidat team,5,4,positive
otp kucluk,1,0,neutral
proses verifikasi kek kontol niat ngebantu nyusahin,1,-4,negative
banget ribeud,1,1,positive
nice find job,5,4,positive
pakai upload ktp jamin data bocor neg,1,-12,negative
captcha invalid verifikasi security check succes bisa neg,1,-4,negative
pilih gambar verifikasi manusia ulang kali salahburuk,1,3,positive
verifikasi keman jelas neg ribet,1,-3,negative
mohon info guna posting tks,5,0,neutral
salam satumerta puji,5,4,positive
usaha tambak udang operator exavator berkrja operator exavator kebun sawit prtnah operator exavator tambang,5,-6,negative
bantu cari lowong pekerjaanmudah digunakanpertahankan,5,0,neutral
bagusmembantu cari kerja,5,-1,negative
bagus cari kerja,5,1,positive
aplikasi lot,1,-9,negative
manah linkedln tuh cari kerja gua lamar linkedln terima terima,1,-2,negative
kacau banget scammer india buka lowong kerja ketik kolom cari postingan lowong video editor indonesia india buka lowong kerja risih woy tolong baik algoritma kolom cari trutama postingan pas ketik negara mana sesuai domisili negara tinggal ngasal neg gin tinggal indonesia loker india,1,19,positive
bqik,5,0,neutral
ooow ooooo koooo ooooo ooo warga negara oon qm tuh ooo o ooo o ooooo ooo rumah ooo oleho,4,-2,negative
volunteer as a reporter media house of lafaek news and as a teacher,5,0,neutral
makas,5,0,neutral
ok,5,4,positive
tengk you,1,0,neutral
cv giling bakso jawa timur sp batu aji batam,5,6,positive
,5,0,neutral
akurat smart mobile,5,0,neutral
propinsi jawabarat kabupaten sukabumikecamatan cibitung,5,0,neutral
mahasiswa ospek tugas penuh koneksi mahasiswa aktivitas deteksi spam sebab suspend ikut arah merecover verifikasi detik suspend hanya neg kali tersuspend tnpa,1,-10,negative
terima kasihsangat bantu moga langgeng informasi bagus,5,14,positive
b guss,5,0,neutral
very good support our business net working,5,9,positive
good,5,5,positive
bantu,5,3,positive
linkedln facebook duniadunia,5,0,neutral
bisa neg akses handphone,1,2,positive
bantu cari kerja,5,2,positive
its ok,5,4,positive
bagus manfaat,5,7,positive
susah bener berkalikali hp hilangmalah nyuruh verifikasi verifikasi hp hilang,1,0,neutral
gudd,5,0,neutral
loker palsu,5,0,neutral
captcha valid neg pilih,1,-2,negative
susah banget loginnya,1,-2,negative
lucu bilang gratis uji eh gilir nyoba transfer bohoong gratis neg uji bilang,3,13,positive
buka langsung buka kesel banget,1,5,positive
masuk nama,5,-3,negative
update,5,0,neutral
bagus bantu,5,5,positive
good very mach dorfrt,5,5,positive
apps guna cari temen nqmbah channel peluang kerja jg bagus krn semua neg otng tau,5,-5,negative
ok good,5,9,positive
mantep neg,1,0,neutral
loginnya gmna bikin emosi loh,2,3,positive
bantu dlm cari peluang kerja,5,2,positive
gunaasuu neg,1,0,neutral
social media bagus cari kerja,5,1,positive
tolong baik upload foto banner lari foto profile,1,10,positive
fungsi neg bisa neg ubah pasword bisa neg bikin bisa neg bilang kode kirim sms email ada neg masuk bangkrut,1,-5,negative
mecari informasi,5,2,positive
wa irwan muncul neg tlg bantu bos,4,10,positive
,4,0,neutral
tunang,4,3,positive
bantu smua,5,3,positive
inspirasi kerja,5,-1,negative
info slalu update,5,-3,negative
verifikasi kek cpns,1,0,neutral
loading parah hadeh,1,-9,negative
,2,0,neutral
tolong baik kadang cape update data doang kali kali tetep ada neg ubah gt gt,1,7,positive
connected effectively,5,0,neutral
good apps nanya masuk sertifikasiwebinar update profile baik data sertifikasi trims,4,5,positive
retas,1,-3,negative
i hope i getting my dream job allahumma aamiin,5,2,positive
bikin postingan cuman ngirim gambar bisa neg lebihdan cuman laku versi mobile gagal kirim postingan gambar,4,2,positive
buka langsung kluar bisa neg pakai,1,6,positive
susah banget applikasi buruk banget,1,-6,negative
lhhu neg,4,0,neutral
guna neg masuk suruh verifikasi ribet robot pakai hp manusia neg sungguh,1,-1,negative
pogk lupa tunggakany kisanak ss kucing crmdi mustari ria yono frendy bowo agus dony udin hafis hyrihatoo kucing crmdi mustari ria yono frendy bowo agus dony udin hafis silah ceklist bom lngsung bkin,4,13,positive
capctha tolong mausiawi,1,3,positive
fast,5,0,neutral
so bad masuk verivikasi pake gambar gp bener tp cap salah mulu capek kepala pusing liat tetep salah mulu habis gitu nambah salah hadeh buang,1,-12,negative
bismilah exporter baja berat,4,0,neutral
ipok k pp,5,0,neutral
pilih gambar hadap sesuai contoh kosong ngulang capek,1,3,positive
syair hk malamini,5,-3,negative
gabisa nambah email bisa neg via web aneh,1,4,positive
konyol ngapain neg tangguh verifikasi identitas,1,2,positive
sangt bantu cari kerja terimakasih,5,7,positive
bisa neg alamat email bug fix,1,0,neutral
good good,5,10,positive
verifikasi bisa neg masuk verifikasi,1,-3,negative
widening my horizon see the world,5,0,neutral
membantudan bagus,5,2,positive
mes banget barusan kena hack backup password tetep kalah hackernya rentang banget kena hacker,1,-12,negative
apliasayasi,5,0,neutral
profesional bidang kerja pdkb tegang kv kv alam bidang pawer sistem scada usaha chevron cpi phr,5,5,positive
suka,5,3,positive
payah bisa neg,1,0,neutral
foto kembali,5,3,positive
aplikasi bikin ribet manusia robot tolol,1,-10,negative
hati mudah hack taut email pernah neg tuju email dapat neg akses ganti email data,1,11,positive
manfaat jalin hubung proffesional bagus,5,8,positive
bantu cari lowong kerja,5,2,positive
jos gandos,5,0,neutral
cool application,5,2,positive
assistance chief engineering,5,0,neutral
the emais nais girl and bacon the brookhaven bacon kesut like girl bacon like manggo,2,0,neutral
dar info installsebaiknya pakai pakaisaya pakai google account capek terus isi captcha isi,4,5,positive
band terusgak tau salah band trsudah ganti no tlpganti alamat email band terussangat kecewa,1,-5,negative
kali masuk verifikasi ada neg hasil masalah bisa neg interaksi,1,3,positive
lapor siang retas oknum bertanggungjawab neg retas wanita negeri laku hapus data lampir ganti data keman jamin mohon bantu terimakasih,4,-5,negative
tolong baik verifikasi captcha koneksi bagus ingat valid neg,1,12,positive
perfection,5,0,neutral
,5,0,neutral
on progress,5,0,neutral
saldo dana debit transaksi saya neg laku juta tolong bantu proses refund dana,1,20,positive
e,5,0,neutral
dimasukin asing ganti gmail kait gmail hapus gmail pindah tangan mudah akses batas hari langgar neg apa sulit akses asing mudah ambil alih platform kelas kapok wes thx,1,-2,negative
alam awas project manager proyek hight rise building,5,6,positive
bantu salah baik cari kerja,5,1,positive
membant,5,0,neutral
sesuai neg,1,3,positive
top,5,5,positive
cerah,5,0,neutral
,1,0,neutral
manfaat karir koneksi dunia profesional,5,8,positive
guna lemah bisa neg duel messenger,3,2,positive
kereeen guna,5,1,positive
manfaat tingkat portofolio profesional,5,8,positive
bagos,5,0,neutral
hubung lupa niat cek update data menit an nyoba servernya lot banget proses quick check verifikasi bener selesai verifikasi koneksi server putus pdhl sinyal kenceng ada neg ngurusin bener makan berkalikali nyoba putus servernya lot masyaallah saran depan tlg baik aps bikin nyaman neg guna,1,22,positive
buka neg logout otomatis coba batas,1,5,positive
kaya guna berjejaring interaksi profesional industri dunia,5,7,positive
the best,3,0,neutral
bingung it wifi mau anak muda orang neg tua anak bayar,5,-6,negative
kalaw bagus,1,2,positive
n nb v xm l nn k ino b m,3,0,neutral
coba smga cocok,5,7,positive
bagus cari kerja milik kerja taruh rekam jejak mudah sedia kerja rekrut calon karyawan sesuai kriteria usaha,5,25,positive
barang kali bantu cari kerjamencukupi kbutuhan rmh tangga,5,0,neutral
moga berkah,5,5,positive
cari lowong kerja mudah seseai kualifikasi didik ahli terimakasih linkedln,4,13,positive
harga premium mahal jobseeker susah cari kerja harap harga premium tolong timbang jobseeker tengah bawah berat langgan,1,17,positive
oke mantap,5,7,positive
lamar kali di neg dm tuh profesional,3,0,neutral
bagus bantu,4,5,positive
lumayan lancar,4,5,positive
parah kecewa verifikasi gambar kali gagal trus uda sesuai dasar verifikasi ampas thuolol gaguna sulit,1,-7,negative
sukses,5,3,positive
nggak akses email nggak,1,4,positive
,5,0,neutral
bisa neg buka,2,3,positive
bantu freshgrad cari informasi lowong kerja koneksi langsung hr bantu tips lolos job recruitment,5,12,positive
kemarin lancarlancar besok suruh metode rumit banget,1,-11,negative
z,4,0,neutral
oos,2,0,neutral
jaring good,5,8,positive
karir n sharing job profil usaha,5,4,positive
looping tlg baik,1,6,positive
susah download,1,-3,negative
bikin unauthorized mulu hadeuh,1,2,positive
bantu,5,3,positive
mudah anggur,5,0,neutral
ngebug,1,0,neutral
ok trima mudahmudahan hasil,5,8,positive
good oewsome apps,5,5,positive
ok pis,5,4,positive
asen skw,5,0,neutral
loading susah lalap ilih gmbr,1,-3,negative
susah inbox,1,-3,negative
hapusen ae ne,1,0,neutral
sulit masuk,1,-3,negative
ngerti neg sulit,1,1,positive
,5,0,neutral
mantap,5,5,positive
parah ni susah verifikasi ngulang bener depan ditingkatin lgi mudah proses tolong,1,3,positive
usaha sandvik mining contraction indonesia warehouse man,5,0,neutral
bagus,4,2,positive
aplikasi bagus nyari kerja pokok the best,5,1,positive
guna cari kerja mudah moga depan guna,5,6,positive
good jobs,5,5,positive
tolong hackdi bajak bisa neg,4,-1,negative
interfacenya bagus sederhana mudah erti cuman fitur tambah bingung sederhana job posting fake scam gitu,5,17,positive
,3,0,neutral
maju,5,0,neutral
jelek mohon indonesia mendownload neg batas permanen linkendin gabisa masuk bener,1,-3,negative
kug,5,0,neutral
buat sulit,1,1,positive
buka edit profiltiba hp freeze nghang lumayan lamachat wa hilang reset,1,7,positive
ternantu,5,0,neutral
guna neg,1,1,positive
ngelag gbsa buka,1,3,positive
cari kerja bingung,1,-1,negative
mudah banget nyari job good,5,8,positive
perna mandor asisten agronomi pt sinarmas,4,0,neutral
good many helpfull,5,5,positive
kereeeen,5,0,neutral
bantu lowong kerja sukses,5,8,positive
maaf mohon baik lagimau susah duh,1,0,neutral
percaya sosmed loker facebook,5,2,positive
hi first i am sooo disapointed with ur apps i have created and u delete my account without my acknowlede now i create again u ask my id i send and still cant open my new account luckily i havent paid premium i prefer using jobstreet or jobsdb then this apps so anoying u just look for a penny,1,-3,negative
berta baik,5,3,positive
bingung pengoperasiannyaterbiasa kitalulus jobstreet lulus sma susah nyari loker pt,5,0,neutral
nilai e beda website,1,3,positive
akun edit terimakasih,5,5,positive
data curi hatihati,1,-8,negative
ok for,5,4,positive
pake google bisa neg no respon v,1,2,positive
verifikasi sms kode tlpn masuk neg nomer,1,-6,negative
susah,1,-3,negative
cepat responya,5,3,positive
alam prestasi bidang managemen sales hukum,3,5,positive
informasi guna calon lamar kerja,5,5,positive
temu kenal,5,5,positive
sering verifikasi,1,3,positive
worker need this,5,0,neutral
kokkjk kjkkkkkkkk mkkk kkkkmkkkkkkkkkk kmmkkkkkk,5,0,neutral
bad loginregist susah banget verifikasi captcha jelas neg verifikasi hasil tibatiba suruh verifikasi ulang jelazzzz neg,1,-4,negative
syukur sebat harap sumber alat capai tuju atas nama cantum lampir,5,16,positive
ni,5,0,neutral
mantul,3,0,neutral
excellent,5,0,neutral
sengaja neg pencet reject ribet gabisa ngirim,2,-8,negative
cekep akurat,5,0,neutral
ajar,2,1,positive
best sosmed for professional,5,0,neutral
bad experience,1,-4,negative
crash postingan relevan neg amburadul,1,-9,negative
tolong baik sistem buka verifikasi upload ktp kali kali gabisa,1,5,positive
applikasi faedah neg karna ada neg panggil kerja hahahaa,1,9,positive
verifikasi mohon baik,1,5,positive
gw ilang woyyyyyyyyy,2,-5,negative
oke kawan,5,2,positive
batas laku neg langgar ngerti neg terima hambat,1,-4,negative
linkedln,5,0,neutral
lot,5,-5,negative
rusak tampil bisa neg,1,4,positive
,5,0,neutral
verifikasi susah gambar hewan posisi abstract mending pakai website pakai,1,1,positive
verif kode ke neg kirim kirim,1,1,positive
budi,5,0,neutral
jual,5,1,positive
daftar bikin sulit bener klik gambar salahin pas pilih,1,7,positive
tmi h,3,0,neutral
linkendln bantu informasi info kerja,5,4,positive
unk moga bantu kerja anggur indonesia turun semangat,5,7,positive
good yes,5,8,positive
bagus mantap bisnis,5,10,positive
very recomended,5,0,neutral
sampahdaftar susah verifikasi error suruh pilih gambar arah atas salah ulang kali salah ku salah curiga emang sengaja test bener sampe tahap salah simpul verifikasi rada gila dijawan bener ttp salah salah,2,-26,negative
suiip,5,0,neutral
wonderfull,5,0,neutral
sajarumit,3,0,neutral
email saya neg kenal bisa neg pernah neg notifikasi digit email verifikasi ulang data curi tolong baik,1,-2,negative
aman neg bisa neg akses dihack,1,2,positive
stupid security check pilih hewan hadap ada neg pilih hadap ulang x anggap salah,1,-3,negative
kocak daftar suruh verifikasi objek ngadep sampe bener pas salah gitu ngulang ngulang mending tutup sampah guna neg nyari kerja mudah sulit tolol,1,-5,negative
ngebantu banget poko,5,-1,negative
terimakasih mudah guna cari informasi sukses,5,12,positive
cari infomasi lowong kerja mudah,5,3,positive
god,5,0,neutral
chapcha susah coba ulang kali gagal,1,-5,negative
industri wajib isi isi nanya gblok,1,1,positive
manager bank bumn,5,0,neutral
verifikasi aneh,2,4,positive
muter verifikasi masuk,1,-3,negative
klo jaga aman milik retas takut,4,1,positive
resume rasto,5,0,neutral
fungsi,5,0,neutral
surga professional cari kerja,5,-1,negative
ribet doang,1,-3,negative
terima neg pesan teks kode verifikasi coba daftar ulang muncul halaman lets do a quick security cek,1,-2,negative
temu orangorang,5,2,positive
bantu,5,3,positive
bantu mudah,5,7,positive
crash melulu buka uda lg dg,1,-4,negative
hack bisa neg memgembalikan email customer service guna neg baik sistem aman,1,-4,negative
bikin marah gabisa masukin kode captha ulang ulang bener ttep bisa neg masuk kntl gblk,1,-12,negative
mantap,5,5,positive
whats wrong with latest updated version v jan all page show error,5,-1,negative
k,1,0,neutral
verifikasi selesai neg,1,2,positive
bagus main,5,4,positive
i cant using the google account that i logged previously,1,0,neutral
v xd bhs bhs badan iya har yrzy,3,-3,negative
alhamdulill h salah platform bnyk manfaat luas relasi jaring kerja,5,12,positive
,3,0,neutral
iiiil mama m,3,4,positive
bantu interaksi calon atas bantu mendaptkan kerja,5,7,positive
bisa neg jelas neg aneh tll,1,5,positive
bantu cari kerja,5,2,positive
keren teman,5,0,neutral
aneh eror pas buka,2,6,positive
obrol,5,0,neutral
di neg butukan,1,0,neutral
susah verifikasi berulangulang,1,-3,negative
tibatiba batas verifikasi minggu telah masuk tibatiba batas paham neg memposting neg apaapa komentar anehaneh saya neg buka cari lowong kerja,1,-10,negative
tolong vertivikasi ngentod tu hilang ngapa nyusahin,3,6,positive
good,5,5,positive
enjoy millions of finance chatgpt analysis and ms excel skills development thanks,5,6,positive
kenal media cari kerja global jalan gerak media professional gabung pare profesinonal lokal global bagi ilmu alam materi biasa professional ajar thanks guru professional,5,14,positive
gambar verifikasi susah,1,-1,negative
mantaf,5,0,neutral
masuk susah kaya bank paksa uninstall,1,-8,negative
bisa neg pakai update akun hilang retas solusi bisa neg,1,3,positive
bantu sichtapi lembur jarang hitung disnaker kecilkecil,5,4,positive
enjineer,5,0,neutral
mudah,5,4,positive
manfaat jalin hubung tahu ahli,5,10,positive
lokernya gada,1,0,neutral
kembang customer gabung kpd jenama expert directors overseas university graduate ie curtin university singapore northumbria university uk mba james cook university australia,5,-2,negative
bisa neg insuruh ngisi teka teki mulu,1,2,positive
selenggara giat training soft hard skill training siap pensiun bimbing teknis event perintah team building event mice meeting incentive conference and exhibition house training silah hubung terima,5,11,positive
hak kuat wajib berat,5,0,neutral
very helpfully,5,0,neutral
informasi sukses kembang,5,8,positive
heavy equipment diesel generator gas engine,5,-4,negative
aplikasi berat,1,-4,negative
jelas neg,1,1,positive
terimakasih bantu,5,8,positive
buruk,1,-5,negative
i yuu,1,0,neutral
aplikasi bagus respons guna manfaat,4,7,positive
hiim io psychologist,5,0,neutral
terjemah al quran bahasa melayu ambon salah karya mahadahsyat team bantu stakeholder tujuanx ad sosialisasi kandung isi landas hukum islam tsb umat islam masyarakat bumi negeri raja raja moga hasil karya anak bangsa tsb dr malu inspirator amin wallahu alam,5,29,positive
bangsat,1,-5,negative
ekadide,5,0,neutral
bagus cari kerja inginkantapi sekrang maih kerja,5,3,positive
terimakasih platform bantu oleh work experience knowledge and relation,5,8,positive
jelas neg bloking sembarang,1,-3,negative
ngk buka suda masuk sesuai sandi suda pilih gambar suda upload ktp bisa neg buka percaya ko kecewa,1,8,positive
mantap markotop,5,5,positive
applikasi bagus cari kerja dn,5,1,positive
bagus usaha,5,3,positive
jelajah bisnis tingkat alam kerja finansial,5,8,positive
error kayak website jijik,1,-13,negative
retas ganti email rusia ingat email telat pernah neg buka website website rentan gatau mana celah hasil hapus dipake neg anehaneh data curi retas apa neg rawan aman bikin kode digit dikirimkirim neg email gimana verifikasi gin ayo,1,-26,negative
excelent,5,0,neutral
verifikasi ulang bisa neg masuk cape banget registrasi,2,-6,negative
so hard sulit,1,0,neutral
good for communication comunitas,5,5,positive
siiip,4,0,neutral
aplikasi nyampah beli hp tp bgtu mo susah bngd pdhl ngisi captcha benargk niat banget bkin,1,-8,negative
always update,5,0,neutral
ampun dahhhh,1,1,positive
no coment,2,0,neutral
im new here,5,0,neutral
pas suruh verifikasi chaptca verifikasi bener suruh verifikasi sampe kali verif trus ampe kiamat,1,-1,negative
allah temu dgn sayed zulfikar assegaf,3,7,positive
harap fleksibel cari lowong kerja keyword relevan relevansi hasil cari sesuai skill asai harap fitur filter lowong kerja harus neg kuasa bahasa inggris,2,6,positive
bisa neg terhack,1,0,neutral
yupi,5,0,neutral
,3,0,neutral
bagus bantu,5,5,positive
bangke instal bisa neg kirim verifikasi nongol neg nongol nomor verifikasi,1,-2,negative
susah bener,1,0,neutral
bagus aplikasi mudah cari kerja nama sekolah nggak cari berkalikali nggak nambahin didik susah bingung gimana tolong baik,4,9,positive
ruwet,1,-4,negative
jelas neg bisa neg logij mulu,1,3,positive
jelk,1,0,neutral
normal,5,1,positive
manfaat cari kerja bisa neg bantu real maksud bisa neg salur tahap kerja informasi kerja seluruh duniatapi guna,5,19,positive
i love it so much you are the best thank you,5,9,positive
trimaksih tlh gabung dg grup ayah guru syaiful karim,5,-6,negative
tingkat aplikasi,1,-3,negative
loker bodong kedok ruko sinikenapa emng di neg filter informasi loker share,1,2,positive
bagus,5,2,positive
mohon maaf bisa neg yaselalu pas maanusia seperti neg manusiaagak susah akun,1,3,positive
bagus banget,5,3,positive
bisa neg isi verifikasi bukti benarbenar manusia muncul respons kode nocaptcha valid neg isi proses ulang selesaiselesai neg,2,6,positive
update bisa neg simpan foto hadeuhhh,1,0,neutral
sulit asuu,1,0,neutral
bisa neg email nomor ponsel kofe verification oernah neg terima buruk puluh kali bisa neg pakai browers buruk,1,-8,negative
asplikasinya mudah bantu cari kerja jali cepat kerja info loker sesuai kriterian skil,5,13,positive
bantu luas jaring tks,5,9,positive
sudh brapa x temu loker tipu ujung dimintain uang jt sampe turun rb kasi klo yv bener butuh bela minjm harap kerja,2,0,neutral
verifikasi verifikasi ulang ulang,3,0,neutral
captcha error berkalikali minimal resin update kesini update error nyesel gw update versi baru,1,-18,negative
refresh updt sampe nginsal gabisa posting kecewa niat posting susah payah ngeditnya biar baca info temen,3,0,neutral
jeleksemua serba dibatasisangat mengecewakantks,1,0,neutral
kirim kode bener daftar gimana,1,3,positive
i sukses pastor,5,3,positive
retas aman neg,1,-3,negative
bisa neg verifikasi manusia tulis error no captha isi ambang proses ulang verifikasi selesai neg selesai,1,5,positive
baik,5,3,positive
mantap,5,5,positive
apknya error baik puluh kali captha bener bisa neg masuk,1,-2,negative
wort neg it guna neg pernah neg panggil kerja cari butuh,1,-6,negative
tunggu,3,1,positive
ruwet jelas neg,1,-3,negative
jelas neg suruh verifikasi mulu dah bener veeifikasinya tulis eror mulu,1,-1,negative
sip oke,4,2,positive
test,4,0,neutral
susah gambar capcha isi bisa neg masuk,1,-2,negative
bantu info lowong kerja,5,2,positive
payaah,1,0,neutral
google play,3,0,neutral
mantab men,5,0,neutral
lemes bro dana potong lupa cancel cs gercep banget sosmed profesional baik jumpa,5,4,positive
astaga susah ni captcha security ribet susah jelas neg,1,-6,negative
google appstore top download by google appstore cepat nyaman iklan neg,5,12,positive
bisa neg security check error,1,-4,negative
bill,1,0,neutral
bantu cari kerja jarak jau mengartur performance bio data rahmat hidayat,5,-1,negative
deskripsi,4,-4,negative
jelek bisa neg masuk,1,-8,negative
nggak pdhl,1,1,positive
koneksitas mudah eksklusifgood,5,4,positive
,5,0,neutral
daftar bisa neg masuk eror gimana,1,-6,negative
bisa neg bulak,1,0,neutral
verifikasi jelas neg suruh ulang,1,-1,negative
stuck on security check when iam going,1,1,positive
langgar jelas neg trus pulih bisa neg,3,1,positive
bantu lali,5,-1,negative
nggak tolok ukur profesional bidang opsi neg utama unt cari kerja ideal bilang nggak,2,7,positive
apknya kocak bisa neg,1,-2,negative
ribet daftar,1,-3,negative
tarik verifikasi gagal sinyal wifi bagus mohon baik sistem,3,1,positive
lowong standar bohong lowong kerja untuk neg rekrut cari kerja,1,-6,negative
ulang verivikasi ulang ulang ganggu buruk bisa neg masuk,1,-12,negative
daftar susah tinggal kirim kode sms nungguin di neg kirim kode yauda uninstal,1,-6,negative
sistem bobrok ada neg tibatiba batas bisa neg tolong baik platform profesional kaya gin sistem rugi user,1,-9,negative
brengsek,1,-5,negative
retas kali kena bobol tolong keamananya tingkat ko bisa kelas google authenticator mas kena bobol,1,-16,negative
gila susah daftar heran web susah verifikasi kode masuk neg masuk maintain sih neg,1,-7,negative
aplisi tipu,1,0,neutral
dibanned verifikasi ktp ada neg jelas,1,5,positive
hack verif langkah batasin gabisa akses smpe kirim data pribadi gadi resin gua,1,-2,negative
mantab,5,0,neutral
ngebantu neg banget susah pakd hp tolong baik,1,4,positive
trus minimal depo brpa yatrus minimal depo brpa yatrus minimal depo brpa yaini brg masung lips dolby mix lips dolby dggggugg lips dolby mix lips dolby lips dolby cf mix lips lindor cf mix lips skiva mix lips skiva eyeliner mydarling mascara mydarling lips lindor brilliant mix lips dolby mix lips dolby mix compack skiva,5,-9,negative
bangun bianis,5,0,neutral
bantu generasi muda kerja,5,0,neutral
nunggu otp sampe mati muncul neg,1,6,positive
liat profil susah ada neg menu abs update,1,3,positive
force close masuk,1,-5,negative
pas kode captcha bisa neg aneh banget,1,5,positive
uuuu j neg,1,0,neutral
verifikasi,1,0,neutral
ana n jj qjw io j o o k k kjk j j kcda dodo duduk google google tutup tutup google google,4,-2,negative
llklo t ww b i,2,0,neutral
hack pemberitahuan neg verifikasi id gaada lanjut,1,-8,negative
application error i have repeatedly changed the profile but no effect whatsoever,1,-5,negative
aplikask aneh kode verifikasi masuk neg masuk kocak,1,-7,negative
info wlau bm harap,5,0,neutral
kena hack cekal koneksi luas miris aju banding serah ktp minggu kerja pasti,1,1,positive
lowker sedia,5,2,positive
kali bisa neg verifikasi tolong baik,1,6,positive
i cant with my google default option nor with my second account yet i think the application has cracked before publish production please contact your developer and qa hope done from the bugs soon,1,-3,negative
sosmed untuk profesional dunia kerja,4,3,positive
bisa neg gabung,2,-5,negative
bisa neg logintumben lancar hack ada neg notif,1,4,positive
info loker lulus sma pandang neg fisik pandang kerja alam kerja kelompok,1,5,positive
minus stars i have had a job before so i uninstalled this now im jobless so i install again but the verification code captcha is amazing i fill it times and never pass verification this is broken you developer of this you give me though time dude just tell you cant use this,1,-3,negative
kelompok kerja semprotancak,5,-3,negative
insha allah bantu,5,8,positive
force close,1,-2,negative
semenjak ganti bisa neg capta salah mulu kesel gw,1,-4,negative
guna,5,1,positive
bisa neg masuk suruh ngirimktp nunggu banget bisa neg masuk kah,1,-6,negative
weeks ago my account was hacked i created a new account again because there is no progress and its using double protection now its restricted and cant be opened,1,0,neutral
jalur menang,5,0,neutral
maaf tambah lampir nggak bug mohon baik terimakasih,2,16,positive
baik urus karir profesionalisme sungguh,5,7,positive
jarang,1,0,neutral
tolong batu boss susah bangat masuk mengolokolok,5,-1,negative
banayak manfaat,5,5,positive
aplikasi mantap cuman bingung teka teki uda kali kali salah,5,-3,negative
maaf batas mengupload ktp sesuai pasti proses jujur enggan ganti daftar email utama jalan enak laku bicara kali pakai mohon kompromi jalan terima,1,18,positive
jelas neg verifikasi captcha error mulu,1,-2,negative
no bad,4,-4,negative
gabung,4,-5,negative
the best application me,5,0,neutral
gabung,5,-5,negative
connection lengkap profil gw hapus pake web lancar payahhhhhhhhhhhhhh,1,3,positive
status lamar doang ada neg proses lanjut,1,8,positive
tolong apa alas aman kait baik iya kali kali ikut instruksi aman responnya respon kode no captcha valid neg isi dah berkalikali hapus data hapus ulang ada neg maju cuman aneh website amanaman langsung masuk kali kali enggak masuk masuk neg tolong baik,1,-5,negative
so great reality and activity on what wonderful world,5,3,positive
manfaat mobile legends,5,5,positive
uninstall kode captcha mutu neg cari,1,-3,negative
you are good,5,5,positive
bantu kepentingam,5,3,positive
pilih email default daftar isi email default hasil lamar cocok email beda cv profesional mohon benah bug krusial lamar,1,8,positive
padu utomo,5,0,neutral
verifikasi kirim kali kali gmail kelik verifikasi gmail aneh,1,6,positive
knp security checknya astaga ngeprank gmn,2,3,positive
i like this apps,5,0,neutral
wwwwmenarik,5,0,neutral
mudah cari kerja,5,3,positive
susah,1,-3,negative
tingkat performa cepat makasih info kerja,5,7,positive
yamau liat liat,3,4,positive
manfaat bug bikin gabisa masuk suruh main tebak,1,5,positive
,1,0,neutral
verifikasi rumit banget main teka teki gimana si cari solusi youtube banget nasib ada neg solusi,1,6,positive
bagus luas network,5,5,positive
jelas neg verifikasi ktp kirim foto ktp x tetep ajah bisa neg masuk niat ngehindarin hack nyusahin,1,-1,negative
gimana tanggal alam gabisa pilih klik gabisamasa tanggal mulai,1,-7,negative
main sumenep madura toko anak main bal smp,5,1,positive
bener bener istighfar,1,6,positive
muncul notif kode nocaptcha valid neg ulang kali verifikasi alhasil gabisa payah,1,-2,negative
rekomendasi kerja tolong fresh gitu loh kerja berbulanbulan notif via email maksimal bbrpa iklan loker pasang gitu loh rekomendasi,2,12,positive
bisnis asli ragu msh byk scammer liar depan tingkat deteksi asli profil krn msh byk fake,4,5,positive
tipu garagara,1,0,neutral
kali banned tau neg bisa neg senang neg twrus ganti gmail tolong baik tingkat aman prikritaskan nyaman guna,1,16,positive
teman jaring promosi paket tour daya tarik wisata daerah,5,9,positive
krey bambu bekas google map n,5,1,positive
gaptcha gabisa masuk ae susah,2,-6,negative
sangan informasi loker,5,2,positive
teka teki susah bambank sulit,1,-3,negative
tolong tingkat aplikasi mudah guna biar guna lancar mudah guna,1,16,positive
tolong kena hack jarang banget pernah neg mencet gimana data takut salah contact us banyak tulis doang,1,-5,negative
aman buruk kali dihack ada neg pemberitahuan ribet kali kali suruh main teka teki lowong rekruter buka peluang kerja mutu neg gin,1,0,neutral
,5,0,neutral
,5,0,neutral
update neg,4,0,neutral
terima,5,2,positive
senang guna peluang karir,5,6,positive
bad security i cant activate double security and now my account has been hacked by someone else i tried report and verify my account using my personal identity on but there was no solution at all,1,-4,negative
e df,1,0,neutral
mantap bos josss gandoooss,5,8,positive
cari kerja sulit premium ada neg impact tawar kerja apply usah pernah neg respon harap baik tks,1,6,positive
kode captcha bikin ribet,1,-7,negative
lumayan mudah lihat,3,8,positive
susah,1,-3,negative
kembang upload cv resume tertimpah web mohon jelas akses gabung linkend browser web selesai neg,3,5,positive
good,5,5,positive
iwayankarmawan,5,0,neutral
jelas neg tibatiba main suspend verifikasi ada neg balas buka akun,1,8,positive
syukur upgradenya cepat buka dgn ribetnya i lannya jubel bukafinaly have upgrade very nice goodluck thanks,5,18,positive
bisa neg aksesketika verifikasi bisa neg,1,0,neutral
buka susah,2,0,neutral
asyuu verifikasi,3,0,neutral
bagus bantu,4,5,positive
cocok,5,4,positive
bisa neg anjir suruh nebak gilir selesai suruh ngulang,1,-1,negative
bisa neg terang captha invalid dah masukin,1,-6,negative
please make a collection feature save posts i think its very useful thank you,4,1,positive
habis update bisa neg,3,3,positive
bisa neg masuk stak tekateki bener,1,0,neutral
thank you i can use this for connect with other people and friends,5,7,positive
kena batas terus x kirim verifikasi,1,-4,negative
bisa neg bisnis,2,3,positive
batas dimimta kacau,1,-3,negative
teka teki asem susah banget loginnya,1,-2,negative
gabisa akses butuh verifikasi selesai neg sampe,1,-1,negative
both very bad and web,1,-4,negative
bisa neg captcha ulang isi,1,2,positive
good,2,5,positive
jelek bet kali kali bikin bs neg masuk mulu,1,-6,negative
jelas neg,1,1,positive
susah,1,-3,negative
woi knp gw batas pdhl ngapa neg ngaapin,1,-3,negative
,5,0,neutral
dihack batas kena serang cyber,1,-10,negative
this application is really helpful thank you,5,4,positive
parah blokir jelas jelas neg ikut sesuai arah parah asli minggu dibukasaya neg lapor komplain,1,-6,negative
busuk bisa neg verifikasi make kodok ama keledai mulu ngisi bener verifikasi ulang bener aja developer,1,2,positive
lam,5,3,positive
bisa neg verifikasi security check,1,1,positive
so bad,1,-4,negative
ulang kali tersuspend tugas kuliah untuk neg rugi tolong baik sistem,1,-3,negative
kasus tibatiba batas verifikasi gagal kirim adu balas,1,-7,negative
gimana si ngapangapain neg ku kek banned tolong baik servernya,1,6,positive
selamat siang mhn supervispr pt nawawindu agung,1,5,positive
gangerti gmna gabisa loginketerangan verifikasi tinggal masukin kode pake no telpon tunggu kali kali masuk neg kodenyaganti nomor heu,1,-7,negative
top,4,5,positive
nutup bisa neg buka jaring bagus,2,8,positive
bisa neg mulu perlu tugas gimana solusi cepat nihhhh dibatasin,1,9,positive
sumpah kesel kali out,1,-2,negative
nikmat bahagia terimakasi good job,5,12,positive
cepat interaksi linkedln,5,6,positive
verifikasi gambar susah bener ngulang,1,2,positive
hilang,1,3,positive
jelas neg dah kali gw ilang,1,-7,negative
gampang eror,1,0,neutral
jelas neg batas ngapa neg ngapain gitu verifikasi tolak tanda identitas,1,-8,negative
good,4,5,positive
dipake kebanned verifikasi,1,0,neutral
gw beli premium kerja sbgai hrmalah batas layan adu suruu kantor mana,1,2,positive
captcha nge bug ulang salah tegur ulang,1,-2,negative
excuse me why did you limit my account even though i didnt commit any of the violations mentioned such as being over active spamming fake or incomplete identity and so on ive been careful using ive followed people who i might be able contact someday whether from companies motivators or fellow students at the same university as me what are you going do with my account why do you suspect me the days have been slow lately do issues like this make life more challenging,1,-5,negative
ok manfaat percaya mantaap,5,11,positive
verifikasi identitas ktp pas verifikasi masuk neg coba kali tetep bisa neg masuk,1,-1,negative
tolong baik captcha,1,6,positive
ribet,1,-4,negative
aneh parah verifikasi gakjelas lhi nyoba ulang ulang verifikasi suara bener tulis terimakasih verifikasi manusia suruh verifikasi verifikasi hasil ulang ada neg hasilnyagajelas,1,17,positive
verifikasi gambar teruus bisa neg masuk repot tolong baik,1,0,neutral
suruh verifikasi ngapangapain neg bodo banget gin aplikasi kali cmn dapet jelas neg,1,-7,negative
bisa neg posting ditefresh sampe ganti password,1,3,positive
ngotak neg ngatik apatiba suruh lagipas masuk password bilang salahpadahal password,1,-5,negative
bermutulogin neg kelar neg,1,3,positive
bakoel gula cair,5,-1,negative
verifikasi bner tp suruh ngulang jelas neg prnh neg urus developer,1,-1,negative
tolong baik masuk code bisa neg tunggu notifikasi kirim code ada neg nomor bisa neg,1,10,positive
soup,2,0,neutral
bug recaptcha,1,0,neutral
,5,0,neutral
alhamdulillah abah hji,5,8,positive
kena hack dapat neg kembali sedih,1,-10,negative
ribet banget dpt kode verifikasi tp ulang trus verifikasi gitu google bilang pakai orng jdnya bisa neg pake emai,1,-6,negative
ter cari kerja,5,-1,negative
bisa neg tahu neg kaya eror mulu dah copot,1,2,positive
sagat manfaat,5,5,positive
bagus teman kantor cari lowong kerja butuh,5,-4,negative
parah susah banget kek cekal truss susah dpet kerja sulit allah nyari makan sulit,1,-4,negative
aneh suruh jelas neg,1,3,positive
sulit verifikasi email,1,0,neutral
verifikasi tolo,1,0,neutral
ni account ubah profil,1,0,neutral
ribet banget,1,-3,negative
step doang jenjang pressident,5,1,positive
suruh ngisi captcha pernah neg,1,-2,negative
bagus cari kerja mudah tambah relasi wawas,5,11,positive
the best experience,5,0,neutral
the l,2,0,neutral
tibatiba banned,1,0,neutral
bisa neg un instalpusing,1,0,neutral
banyak verivikasi,1,3,positive
aplikasi mantull,5,-4,negative
khnl,4,0,neutral
co o zte za,5,0,neutral
kali hilang email ubah aman,1,3,positive
costumer servicenya bener bener buruk mau neg balas chat perihal restricted mohon tingkat,1,13,positive
alhamdulillah dpt magang dr,5,5,positive
ngak mutu masuk lalau ferivikasi terus susah ampun dah kacau ni,1,-5,negative
wkwk verifikasi konyol,1,-3,negative
cari kerja rebah,5,1,positive
via web ribet lihat info pt cari,1,-7,negative
verifikasi tp masuk neg masuk heran,1,-2,negative
ae susah kali verifikasi ngulang bener,1,0,neutral
error verifikasi,1,-5,negative
good apps recruiter good luck,5,14,positive
bisa neg sandi salah klik lupa sandi perintah isi nama bisa neg,1,-1,negative
pas verifikasi bisa neg ribet banget skrg doang pencet asal bener tp aps gambar salah heran klo bikin verifikasi benerlah,1,4,positive
pakai anak,5,-3,negative
bantu unt informasi ter update,5,5,positive
,4,0,neutral
pas verifikasi ribet,1,-1,negative
bisa neg,1,0,neutral
kaamw,2,0,neutral
jelas neg verifikasi lawak lucu asli aneh,1,10,positive
bisa neg verivikasi berkalikali,2,0,neutral
can not otp phone is sucked,1,0,neutral
senang bagus cari kerja mudah,5,10,positive
tolong admin aplikasi d benah ulang kali kode verifikasi valid neg sudaj pilih gambar verifikasi susah,1,-7,negative
stupid security system i pressed the right answers it says wrong,3,0,neutral
kantod bitra indonesia,1,0,neutral
kali install alhamdulillah ndak keribetan pas fitur google praktis selesai device vivo,4,11,positive
ribet benyak rekrut kode otp begitu neg fungsi,2,-7,negative
bisa neg masuk verifikasi selesai neg selesai mohon baik,1,6,positive
kerja,5,2,positive
stupid apps develop by stupid software engineer,1,0,neutral
bisa neg masuk gara capca,1,-7,negative
buruk google lancar pas suruh loginnya nyambungnyambung neg upload ktp balikin mulu menu karena neg tugas univ peduli neg,1,2,positive
tolong benah susah kayak masuk pns verifikasi ribet banget ngulang mulu tahun beres neg beres,1,-7,negative
jelas neg sampah sulit,1,-3,negative
verifikasi gagal terusssss,1,-4,negative
gimana gbisa,1,0,neutral
verifikasi captcha buruk nebak bener tetep salah,1,-6,negative
bisa neg masuk pas isi kode chapta isi bisa neg masuk ata tulis rechaptca isi buruk,1,-5,negative
your location query sucks,2,0,neutral
oke nice,5,6,positive
bagus si cuman pada gilir uninstal kagak parah kaya maksa stay dihp gimana ni mohon tindak lanjut trmksh,1,-8,negative
ttyang bbm non kmu,2,0,neutral
captha captha jelas neg,1,1,positive
k,4,0,neutral
good apl for build global network your network is your net worth,5,5,positive
bagus,2,2,positive
terjatu bangun,5,0,neutral
bantu cari kerja sesuai bidang,5,5,positive
sumpa susah si chaptanya,1,-3,negative
cari lowong kerja making gampang,5,3,positive
applikasi taiiii verifikasi gambar salah gimana kayak gin cerita,1,-3,negative
terima manfaat cari kerja informasi kerja sesuai ahli,5,13,positive
bantu banget cari kerja,5,3,positive
bagong kira cari kerja main tebak gambar hewan jungkir,1,8,positive
detail cakup bidangbidang kerja aktivitas ekonomi koneksi platform,5,6,positive
verifikasi gagal,2,-4,negative
security checknya bodoh,1,0,neutral
bantu info loker,5,0,neutral
,5,0,neutral
susah banget tebak gambar gambar sndiri jelaskaya neg aplikasi jelas neg banget awokwok,1,3,positive
oke,5,2,positive
krn,5,0,neutral
aapa apaansi gua ngisi dana dana gua potong tahu neg gua balikiin duit tuh gapernah tau transaksi pergi tuju,1,2,positive
make ban cuman garagara banyak connect gw pake menuhin tugas,1,2,positive
i changed my device and have deleted all accounts on the old device and now i cant again using the new device i think this is the worst verification system,1,0,neutral
tibatiba bisa neg akses kali kena banned permanen verifikasi,1,2,positive
sulit,1,0,neutral
is the best,5,0,neutral
keren guna,5,1,positive
bisa neg meposting poto vidio linkedln iniapa salah tolong tahutolong perbaikin linkedln oke bisa neg update poto vidio kemarinlinkedln bisa neg kirim grup tolong periksa linkedln kirim grup kirim grup tulis gagal kirim gitu tulisanyatolong linkedln posting vidio linkedln suka tulis posting hasil hapus,1,-6,negative
nonaktif salah tolong jawabanya,1,-1,negative
buruk tiada angin tiada hujan bs neg masuk kl bisa neg bikin management layan mending tutup,1,-3,negative
susah banget,1,-2,negative
tebak gambar terooss sampe kiamat jelas neg,1,3,positive
ge ngerti gimana niakun ku batas bisa neg dah up identitas sesuai arahantolong cepat pulih sayasoalnya benerbener perlusementara ku kasi,1,-2,negative
informasi lowong kerja moga kerja aamiin,5,9,positive
kena hack followers kena hack aman mana,1,-14,negative
rusaakk verify verif tp bisa neg,1,0,neutral
,5,0,neutral
nyari kerja susah data sebar mana manfaat neg rugi,1,-6,negative
buruk verifikasi gambar masuk mengadaada,1,-6,negative
buruk kali verifikasi gambar sudh tp nilai salah,1,-2,negative
verifikasi gagal bisa neg masuk,1,-7,negative
verifikasi susah ganti gampang,1,4,positive
terussss logout susah ampun sampah,1,-6,negative
respon kode nocaptcha valid neg isi isi,1,3,positive
proses verifikasi gagal,1,-3,negative
tebak captcha verifikasi selesai bukti manusia lalutibatida notifikasi respon kode captcha isi falid neg capfcha ulang captcha suara,3,8,positive
batas pemberitahuan apa email verifikasi mohon bantu,2,-4,negative
aneh gabisa verifikasi bener tp tetep gabisa verifikasi,1,7,positive
,2,0,neutral
bagus,5,2,positive
all we need is faith,5,0,neutral
verifikasi susah susahin ini neg susah banget loh,1,-5,negative
verikvikasi gagal terooos,1,-4,negative
batas pemberitahuan neg coba bisa neg tolong atas butuh laku neg aneh,2,-6,negative
all unloack service experinces,5,0,neutral
mantapp kali,5,0,neutral
leceh seksual,5,-5,negative
apps android miui xiaomi gagal verifikasi captcha dgn image audio,2,-6,negative
verifikasi ngulang pas cari bantu suruh verifikasi developer mohon baik,1,6,positive
kocak hack vietnam ganti nama upload ktp akses tolak milik neg asli kocak,1,-4,negative
verifikasi,1,0,neutral
bug,2,0,neutral
chapta always think im not human i cant even,1,0,neutral
tolol gabisa stuck verifikasi captcha mending playstore hapus bergunasaya neg pitam gara,1,-10,negative
respon captcha nyusahin gagal masuk tolong baik,1,1,positive
dah kayak sampah verifikasi ribet programmer hadeh apyuuunn,1,-18,negative
bantu thanks,5,6,positive
kagak baca verifikasi hasil,1,3,positive
hack ngajuan pulih gada tindak sekaranh verifikasi ribet,1,-8,negative
aplikasi bagus susah berulangulang kali coba bisa neg,1,-3,negative
masak gagal posting,1,-2,negative
bisa neg like komen postinfan linkein,1,0,neutral
pas verifikasi chapta ulang terus upin ipin tamat sd,2,6,positive
tolong baik verifikasi bisa neg ulang ulang,1,6,positive
ko verivikasi trus gitu ulang ulang trus,1,0,neutral
verifikasi neg gambar suara neg samasama gabisa gw salah gmn,1,0,neutral
ngisi capta kelar neg kelar idiot,1,1,positive
suruh verifikasi mulu bisa neg,1,0,neutral
lumayan guna neg ferytifikasi susah erti,1,1,positive
couldnt sign by apps my phone,1,0,neutral
rekrut cepat,5,3,positive
mantap kembang bisnis info loker,5,8,positive
poor customer care i opened a ticket a week ago regarding my unverified account and until now there has been no response,2,-6,negative
jelas neg verifikasi ulang kali selesai neg,1,3,positive
alam bidang logistikposisi warehouse transport supervisorposisi jalan bidangsteelkimiaconsumer gooddllsaya sitac telekomunikasi wilayahkalimantan utaraseluruh sumateradan jawa,5,2,positive
email password dgn tp suruh verifikasi gambar teruss centang verif tp ttp gabisa loginn heran kaya gt truss pdhl butuh banget urgent pke tolong baik,1,3,positive
verifikasi aman selesai neg bodoh cacat,1,-3,negative
happy,3,5,positive
verifikasi verifikasi gitu pikir kali install sayang paket mending web buka,1,13,positive
cari kerja mudah relasi ikut wawas,5,3,positive
susah,1,-3,negative
susah masuk,2,-6,negative
biar cepat kerja,5,6,positive
jelas neg aplikasi ngapa neg direstricted,1,-3,negative
thans apl,5,0,neutral
platform saja neg cari kerja wadah connecting all the people on the world interaksi dgn guna posting informasi butuh bagi informasi kerja awesome,5,3,positive
always and always stay at verification why,1,-2,negative
kemarin mash apply lamar apply eror bolak loh mulupdhal byak prushaan bonafit rugi,2,-9,negative
buka suruh verifikasi captcha valid neg rusak,1,4,positive
guna neg doang susah nyesel,1,-6,negative
manfaat,5,5,positive
mantapoke,5,0,neutral
great its very help me the job,5,5,positive
memper mudah cari lowong kerja,5,3,positive
is very good,5,5,positive
knp salah verifikasinyabuat verifikasi,1,-4,negative
verifikasi tolong hapus,1,0,neutral
tottttt y u tu ut,3,0,neutral
bug verifikasi captcha tolong baik pengggun bisa neg perkara bug,1,2,positive
susah banget masuk verifikasi bener response code nocaptcha valid neg isi terussss herannnnnn,1,0,neutral
berkat mudah cari rekan kerja kerja sesuai ahli,5,13,positive
guna neg uninstall broo nysel download,1,1,positive
aplikasi keren mudah informasi dunia lowong kerja,5,5,positive
applikasi iniaku leluasa informasi lowong kerja moga applikasi sukses,5,8,positive
bad susah komen jg,1,-7,negative
buruk main neg buruk bangetsudah bener email bisa neg buka,1,-2,negative
tolong bantu bisa neg pakai email kyk email kosong suruh,1,0,neutral
,2,0,neutral
k relasi moga k,5,4,positive
mantap manfaat,5,10,positive
trade spices,5,0,neutral
i am currently having an issue with logging into my account the last time i was asked upload a photo of my id card ktp and i did it correctly but still i can not access my account please help me with this matter,3,-1,negative
,1,0,neutral
sampah tingkat aman buruk hack sekian pemberitahuan verifikasi email no hp verifikasi luar biar parah tuh,1,-19,negative
mantapbisa hubung sma sepropesi,5,1,positive
bantu cari kerja,5,2,positive
stuck diverivikasi doang bener tp tulis respons kode nocaptcha valid neg isi gimana nihhh,2,6,positive
kerenn pol bantu,5,0,neutral
bikin emosi ribet,1,-1,negative
sanggat bagus mudah informasi lowong kerja,4,10,positive
verifikasi security check susah bnr pdhl bnr kali gw alien ngecewain,1,-2,negative
verifikasi gambar gabisa bener tolong baik,1,11,positive
good good gooo,5,10,positive
okee good nice,5,9,positive
exelent,5,0,neutral
kerennn manfaat dlm tukam relasi,5,8,positive
good service,5,5,positive
susah,1,-3,negative
ksni jelas neg bln mungguin hasil verifikasi data ada neg balas lagientah tau neg knpa bisa neg ku,1,2,positive
nocaptcha tpi ulang ahhsudahlah,1,0,neutral
buruk kali verifikasi trus kg hasil pdahal ikut arah pusing hadeww,1,-8,negative
tingkat prestasi semangat batas neg raih,5,4,positive
aplikasi guna dapet kerja langsung cuan tinggal isi misi,5,7,positive
bantu lowong kerja trimkasih,5,5,positive
bantu cari kerja,5,2,positive
so great,5,3,positive
gagal verifikasi ganbar suara ngisinya,1,-2,negative
batas alas neg kirim dokumen konfirmasi sekarng tindak lanjut,1,4,positive
mantab jos relasi,5,3,positive
install gabisa tahap gw ngelag internetnya tau emang apknya jelas neg gabisa,1,-3,negative
bantu temu kerja sesuai berinterkasi langsung hr usaha perushaan nama,5,14,positive
busuk,1,-5,negative
bisa neg kali verifikasi tetep ajah bisa neg,1,0,neutral
fery good,5,5,positive
aplikasi bagus,5,-2,negative
kali batas aneh verifikasi data,1,-2,negative
terimakasih sukses amin,5,11,positive
sulit,1,0,neutral
langgan x bisa neg masuk alasanya sayang bagus cacad payah,1,4,positive
mmx,4,0,neutral
sopir,5,0,neutral
,2,0,neutral
manfaat tingkat kualitas terima,5,12,positive
pulih bisa neg masuk,1,-3,negative
very useful for education and career,5,0,neutral
jaga daftar anjir,1,4,positive
benarbenar profesional ulas profesional platform tanding neg bantu luas jaring profesional cari peluang karir tarik,5,10,positive
good,5,5,positive
buang hp gimana,1,-3,negative
wawas luas rekan profesi,5,7,positive
moga bantu cari kerja,4,3,positive
parah anjir jelas neg verifikasi ulang ulang jelas neg,1,-2,negative
langsung ssya liat bagus,5,7,positive
layan baguss,5,2,positive
bikin susah,5,-3,negative
aman rendah gampang hack,1,-5,negative
mahal premium,1,3,positive
tebak gambar susah anjeng konnn,1,-3,negative
bisa neg,1,0,neutral
sayang nda fitur premium gratis umur hidup fitur bantu kerja cepat,1,23,positive
bagus cari loker informasi usaha terima linkedln,5,4,positive
suka suka guna mb biar hemat kuota data,5,7,positive
cari loker spesifik muncul loker,1,-2,negative
great medsos,5,3,positive
gabisa aneh,1,4,positive
batas gagal diupdate sosmed dg wajar maaf uninstall,1,-2,negative
baik,5,3,positive
kuat koneksi dunia kerja,4,7,positive
great job application,5,3,positive
versi very slow,2,1,positive
mantab,5,0,neutral
info loker,5,-3,negative
privat lancar,5,4,positive
nyambung gess,5,0,neutral
tambah wawas buka lahan bisnis cari kerja bangun koneksi guna linkedln dunia mantap,5,17,positive
,4,0,neutral
pplolkkjch,4,0,neutral
is the bist,5,0,neutral
tolong yahhh henti potong saldo gimana rugi,1,-9,negative
verifikasi ganti susah banget masuk logindaftar,1,-2,negative
otw,5,0,neutral
tolol stack gatcha jelas neg tolol hapus play store,1,-12,negative
kecewa,1,0,neutral
so usefull and amaze full,5,0,neutral
bantu sayaterima,1,3,positive
ok dah,5,1,positive
gagal verifikasi,1,-4,negative
verifikasi captha temu neg maksud dasar tolol developer,1,0,neutral
bisa neg suruh kali kali verifikasi gagal,1,-6,negative
get your carrier with this application,5,0,neutral
guna neg manfaat neg,1,6,positive
construction superintendent piping and mechanical the oil and gas industry indonesia,5,-4,negative
tlong baik lg knp si stiap sya sllu bsa neg alesan email sya pkai mlu pdhl brkali verifikasi gmbr,1,3,positive
the medical sales podcast is a podcast for people who want get into medical sales and medical sales reps who want advance their careers we interview top medical sales reps and leading sales executives from all over the country pharmaceuticals medical devices genetic testing diagnostic lab sales and more youll laugh youll learn and youll be inspired want learn more about how you can get suppor,5,5,positive
gabisa,1,0,neutral
baguscukup menbantu mudah paham,5,4,positive
bagus bantu cari kerja online,5,4,positive
bagussemoga kerja,5,2,positive
verifikasi buruk kirim kode di neg kirim gilir coba nomor dpt neg jelas neg banget,1,0,neutral
langsunh,5,0,neutral
sulit pas liat ulas susah,1,2,positive
lumayan bagus progres informasi kerja,3,7,positive
verifikasi jelas neg gagal mulu,1,-1,negative
ngk,1,0,neutral
tolong kirim email komplain,1,5,positive
bagus cari peluang ilmu pokok good wawas tuhan profesional,5,14,positive
dl,5,0,neutral
moga bantu mesti,1,1,positive
bad trying again verify not clear what is meant tried many times still cant again very bad,1,-8,negative
alhmdulilah,3,0,neutral
edit profil isi profil buang,1,-1,negative
,5,0,neutral
knp bisa neg buka apknya post,1,3,positive
ada neg kendala bagus,5,6,positive
terima berkat temu kerja hidup,5,9,positive
ok good,5,9,positive
bisa neg,1,0,neutral
its very insightfull,5,0,neutral
bagus bantu cari kerja,5,4,positive
psoting status lindkedln gagal mohon bantu mohon baik trimakasih,1,10,positive
bisa neg password pernah neg ganti pernah neg,1,3,positive
coba,5,2,positive
tutup suruh masuk sandi kotak sandi bisa neg pencet isi emosi,1,-7,negative
tuju dngn pt pana merah tingkat taraf hidup masyarakat ber ekonomi lemah,5,18,positive
sukses linkedln,3,3,positive
bantu cari sumber informasi lowker peluang bisnis inspirasi mentor,5,2,positive
jelas neg,1,1,positive
otomatis deteksi pasang sesuai facebook,5,10,positive
verifikasi captcha kontoll gabisa masuk bener ulang,1,0,neutral
update ih elehh,2,0,neutral
indonesia anggur tambah tipu ama ngasih neg solusi nambah beban idup,1,0,neutral
bug tolong benah menganggu bug,3,3,positive
gimana dah masukin no otp suruh masukin no hp daftar ege minggu bisa neg daftar woy,1,-3,negative
karir pribadi,5,0,neutral
knp gabisa hppadahal browser aman,1,0,neutral
kalu langgan bulan,5,1,positive
tingkat kualitas nys,5,5,positive
is the best for me,5,0,neutral
high domino island hapus gimana instal,4,-3,negative
,5,0,neutral
bisa neg masuk verifikasi ngulang situ,1,-3,negative
,3,0,neutral
tampil uiux tarik guna tp kendala gagal unggah foto loading pindah menu tlg baik terma ksh,4,10,positive
aktif,5,2,positive
bisa neg verifikasi id jadi neg salah upload bisa neg lapor team kait ada neg hasil lol,1,8,positive
sampah bisa neg,1,-4,negative
tmn bnyk nyaranin donlot tp pas gagal pdhl pencet kali tetep stuck,1,-3,negative
hard work keep moving forward,4,0,neutral
uhg,5,0,neutral
moga hasil pa dcomentarkan si custermer aktifff perangkat,3,-1,negative
good profesional,5,5,positive
god bles,5,0,neutral
km,2,0,neutral
bisa neg error,1,-5,negative
gimana kali gabisa sampe ganti nomor telepon gabisa suruh ganti nomer tolong baik,1,10,positive
guna,5,1,positive
,5,0,neutral
loker baik,5,3,positive
mario samuel sulu happy birthday,5,9,positive
respon kode nocaptcha valid neg bener isi,1,4,positive
sederhana,5,3,positive
salam golden school batam,5,0,neutral
membanty cari kerja,5,-1,negative
kntl masukdaftar verifikasi chaptcha gagal mulu bener pikir robot nyari loker,1,0,neutral
susah bangetg masuk verifikasi gagal mulu teh,2,-7,negative
verivikasi not robot error dapat neg,1,-3,negative
sesat akurat neg punya neg likedln cari google muncul nama gua tanda tangan hak cipta jam di neg hapus cari google kena cemar nama,1,-21,negative
cepat hubung,5,4,positive
hub nu cd ku ww xx,2,-1,negative
verifikasi milih gambar ros setangah jam gituuuuu mulu bikin emosi,1,5,positive
oh o,4,0,neutral
buat neg hasil uang bisa neg hapus,5,1,positive
suruh updet mulu payah,3,0,neutral
kreen,5,0,neutral
ini sihh ny close muluuu up foto susah kali berkalikali close,3,-6,negative
moga good just like used be,5,6,positive
bagus cuman karna kerja,2,4,positive
tuju,5,3,positive
good job past action and clear direction for apply the job goodluck for all,5,5,positive
top up,5,5,positive
bad captcha no response,2,-4,negative
karna hapus mudah,5,1,positive
daftar susah amad,1,-2,negative
tentang neg play store baru putar putar seleaai neg,1,1,positive
bisa neg masuk verifikasi mengunakan ktp sim posisi foto muncul silah,1,4,positive
lukman bima ntb,5,0,neutral
gw panggil kerja lenkedin gw,2,1,positive
rusak verifikasi ribet banget,1,0,neutral
butuh neg bisa neg buang,1,-8,negative
sif,5,0,neutral
tolong pake nama husen makasih,2,7,positive
bintangmoga bagusapk,5,0,neutral
,5,0,neutral
parah dah upload pake identitas asli tetep gx notifikasi harap cba aneh,2,1,positive
sorry say bantu mudah meribetkan verifikasi lupa password seribet neg kalik user neg friendly,1,5,positive
ok,5,4,positive
bisa neg googlegimana,2,0,neutral
cari kerja susah kerain mudah sulit hidup,1,2,positive
bantu bangun relasi,5,6,positive
jelek verifikasi aneh,1,-1,negative
,2,0,neutral
ok bagus banget,5,7,positive
,5,0,neutral
bagi loker donk,5,2,positive
bantu informasi lowong kerja tahu aspek hidup,5,10,positive
halo magang kerja terima,5,5,positive
ada neg,5,4,positive
qr barcode dukcapil lagiemang otak indonesia lepas neg unsur modus pungli ntar warga qr barcode kena pungli lagidi dukcapil tolong online unsur arah warga jumpain oknum dukcapil barcode,5,-1,negative
tau neg cari usaha kolom cari pernah neg muncul error koneksi lancar kaya,3,-5,negative
si oenting neg donlodbuat sarat wkwk,5,0,neutral
teka teki gambar tai,1,-3,negative
great job helpfull,5,3,positive
yes good,5,8,positive
weehh gila gagal terusgajelas,1,-1,negative
yx dg yee,1,0,neutral
woyyy verifikasi gimana gagal muluuuuu hahhh,1,-4,negative
mudah cari kerja tambah ilmu,5,10,positive
bisa neg verifikasi bisa neg,1,0,neutral
babi shope gua sedot gara ada neg pemberitahuan umdate langsung update otomatis gede bayar rb,1,-1,negative
bisa neg,1,0,neutral
bagus,1,2,positive
bener kacau verifikasi ribet oke biar bisa neg dihack tp bbrp kali sampe bisa neg doang,1,3,positive
knp gw bisa neg si parah,1,-5,negative
si bisa neg masuk lagih,1,-3,negative
susah banget bangkee verifikasi bisa neg tot,1,-2,negative
verifikasi gambar pilih gambar muncul notif merah kode recaptcha missing invalid ulang human verifikasi ujung neg,1,-4,negative
kode captcha jelasmempersulit neg,1,-3,negative
bosok juelas neg verifikasine,1,0,neutral
senang kenal,5,8,positive
bantu i,5,3,positive
nyoba,3,0,neutral
bisa neg sistem verifikasi buruk,1,-9,negative
susah banget bikin verifikas gausah ribet ribet pilih gambar hadap bener salah mulu gabisa mending bikin verifikasi masuk ribet neg simpel,1,-15,negative
,4,0,neutral
muantab,5,0,neutral
bro baik suruh uji sabar,1,7,positive
mudah hubung orangorang halhal hidup profe,1,7,positive
baca komentar gagalmudahmudahan,5,3,positive
verifikasi email apply lamar verifikasi,1,0,neutral
bantu cari kerja ada neg ijazah sangar mudah cari kerja,5,9,positive
baik proses akun error kode verifikasi kirim neg,1,-2,negative
developer manfaat tingkat fitur kualitas,5,10,positive
,5,0,neutral
it is very strange because we can not use the search feature even though we know that this person has and actually heshe does appear search feature but when i clicked it cant open their profile it is always appearing caution like search not found try shortening your phrase and we cant see who is working a company the strange thing is that when we open on the web we can see all of these employees very inefficient,1,-6,negative
gagal pilih foto posting,1,-3,negative
gagal trussss,1,-4,negative
good and responsible bal guide,5,5,positive
susah verivikasi gagal gmn awlnya enak tau neg eror susah baik,1,-10,negative
ll,5,0,neutral
more tban years working on reliability sectionworking as maintenance advisorshop engg reliability enggtechnical training instructor etc,5,0,neutral
taikkkk ku main ban,1,2,positive
download gabisa masukdaftar gila,1,3,positive
,5,0,neutral
sengaja bisa neg,1,-2,negative
gajek,1,0,neutral
bagus sekaliii,5,2,positive
captcha aneh dunia tulis bukti manusia muncul ingat no captcha valid neg isi gimana sihhh mau dokter bawa surat nyata makhluk hidup kah tolong baik,1,31,positive
oppll,5,0,neutral
bayar saldo premium otomatis konfirmasi uang segitu gitunya potong otomatis ginian motong saldo gede banget sampe rb potong bangkeeeee dapet kerja pernah neg,1,16,positive
upload foto postingan berhasilberhasil neg jaring lancar,1,10,positive
i love uh,5,5,positive
yups,5,0,neutral
nggak guna verifikasi bisa neg,1,2,positive
tolol bener masuk verifikasi jelas neg,1,-4,negative
stelah upgrade keren tampil mudah kerja,5,7,positive
aplikasisemoga bawa untung,5,4,positive
ppppppppp ppp pop upppppppp,5,5,positive
mantab moga rizki,5,5,positive
i cant my account the captcha always said i didnt answer the question while i did this is so bad,1,-4,negative
ferivikasi susah banget,1,-2,negative
bantu cari kerja relasi,5,5,positive
ruang lingkup luas,5,-5,negative
autentifikasi nomor verifikasi apaa sihh jelas neg banget,1,0,neutral
verifikasi kode sms banget kirim neg,1,0,neutral
info tokoh lihat,5,0,neutral
bantu tingkat produk,5,7,positive
verifikasi ribet sebab susah,1,-4,negative
hubung dgn teman indonesia bah dunia,5,-1,negative
khontol,1,0,neutral
bs neg masuk lgverifikasi ktp tp bs neg verifikasi by web bs neg,1,-3,negative
,5,0,neutral
verifikasi ampe lusin bisa neg kedetect capek verifikasi manusia anjir,1,8,positive
suka,1,3,positive
dtw,2,0,neutral
kont,1,0,neutral
parahh,1,0,neutral
jelas neg eror mulu ngulang terang verifikasi,1,1,positive
bantu temu relasidan klien mudah hubung dm instagram bnepb layan buat jasa undang video bas web,5,23,positive
gimana kali upload postingan gagal mulu tolong baik jaring ku lancar pake wifi tetep gamau,2,7,positive
susah verifikasi gagal bener emng laen,1,-4,negative
verikasi identitas asliemail hubung kirim pintetap bisaaaagimana neg,1,3,positive
mudah dlm cari loker trimakasih,4,5,positive
aplikasi aneh wkwk make google dsuruh verifikasi aman hewan madep atas salah gagal coba bener alhasil mohon maap uninstall wkwk aneh jg,1,-4,negative
verifikasi tolol,1,-5,negative
bisa neg google notifnya salah,1,-4,negative
gila verifikasi sulit,1,3,positive
jelas neg verifikasi pake gambar kota elu lahir bego,1,8,positive
baik kendala verifikasi ulang,1,3,positive
xa,1,0,neutral
nomor identigikasi pribadi data bni uang bni tanda pkh nama muktadir bni ungan,5,-5,negative
allah stres gara verifikasi manusia selesai kode erorr mau gimana,1,4,positive
,5,0,neutral
tolong mudah allah,1,12,positive
oh bb use ni telp,5,0,neutral
trimakasih,5,4,positive
lowonganya kelas dewa tok,5,-3,negative
muas,5,5,positive
hapus download gagal bantu hapus perangkat hp tolong,1,-4,negative
kembang usaha ikan asap,5,4,positive
mantep,4,0,neutral
verifikasi identitas kelarkelar neg,1,0,neutral
bagus info loker,5,-1,negative
gua batasipadahal ngapa neg,1,-3,negative
kreeeen,5,0,neutral
verifikasi bikin ribett,1,0,neutral
tele tele banyak verifikasi jelas neg,1,4,positive
kuis ahli adakan bahasa indonesia,4,-4,negative
uda kali kali verifikasi tp gabisa hadehhh,1,0,neutral
good aplication busines,5,5,positive
after update error verification captcha,3,-5,negative
sulit,1,0,neutral
susah daftar,1,-2,negative
retas verifikasi merespon neg bisa neg kecewa,1,0,neutral
jelas neg nh pilih gambartapi ngulang mulu verifikasi,1,1,positive
dukung buar cari kerja,5,3,positive
buruuuukkkk mudah cari kerja sulit otak neg,1,6,positive
kacau verifikasi manusia hasil catat merah atas verifikasi hasil neg anehmohon jelas bos admin niat anda neg,1,12,positive
saji lowong sesuai alam,5,9,positive
verifikasi capcha error ngisinya,1,-5,negative
terimakasih linkedln update loker kerja binggung neg cari lowong kerja,5,6,positive
verifikasi gaje,1,-3,negative
okeee,5,0,neutral
verifikasi jelas neg,1,1,positive
sambung dg profil bidang,5,-3,negative
response code nocaptcha valid neg fix that,1,0,neutral
baguss sangt guna cari kerja,5,0,neutral
verifikasi captca salah trus gmana ni,1,-4,negative
vertivasinya susah uninstall sosmed gampang,1,1,positive
aban abraham ship oildrilling deep sea aban abraham nanti hadir nama vallery harap di neg berangkat berangkat singapore suka aban abraham tunggu perintah pt rekrut ku tpi jailin pt vallery aban abraham tunggu bagaiman kontak dg vallery,5,2,positive
woi susah human verifikasi apps rusak tolong baik,1,6,positive
useful,5,0,neutral
si gagal verifikasi kali kali bisa neg ulang ulang milih gambar muncul notifikasi verisikasi hasil suruh milh gambar kali kali tetep gabisa,1,0,neutral
niat neg,1,0,neutral
respon cepat,5,5,positive
tolong developer bisa neg,1,3,positive
verifikasi salah mulu sampah,1,-6,negative
parah aman neg kena hack rekening debet trx saya neg laku,1,-15,negative
ngerjain org verifikasi smpe jam dh slesai ulang terusss jelek banget aplksi nyaaaaaaaaaa,1,-6,negative
moga ajbdengan linkedln mudah cari kerja sesuai good,5,12,positive
asu gabisa verifikasi bener ngulang asu,1,3,positive
good bye,1,2,positive
ma nt ap,5,0,neutral
hubung jaring,5,4,positive
verifikasi bikin gila,1,3,positive
verifikasi jelas neg tinggal susah ribet jam masuk neg masuk verifikasi tebak gambar,1,-6,negative
bagusmenambah wawas dunia usahaterima,4,1,positive
verifikasi jelasssss neg,1,0,neutral
buruk,1,-5,negative
banyak blabla hack,1,-1,negative
verifikasi kacau bener ngasal pas gambar salah,1,4,positive
bisa neg gambar klik salah,1,-2,negative
bikin bisa neg payah susah ampun eror mulu data masuk,1,-10,negative
sumpah ngk please baik bug,1,3,positive
verifikasi brengsek dikerjain gambar binatangparahhh,1,-3,negative
loginnya sulit jam ngabisin isi aman doank website apps smua,1,2,positive
dta abay f dts dlm sistem android red makas by hambha dhaife,5,-4,negative
verif captcha trus trusan sampe jam,1,0,neutral
anjir verifikasi ulang mulu,1,3,positive
bisa neg bad,1,-4,negative
verifikasi jelas neg,1,1,positive
woi bisa neg kalau neg simple verivikasi bener isi bisa neg stress,3,2,positive
verifikasi indetitas bagi ktp sesuai tentu tulis diulangin kali,1,2,positive
verifikasi nyusahin klik gambar muncul notif kode nocaptha valid neg isi coba tebak angka alihin tebak gambar,1,12,positive
verifikasi jelas neg,1,1,positive
bisa neg instal,1,0,neutral
manfaat,5,5,positive
aplikasi dukung,2,0,neutral
buruk kena hack tangan halhal ganti password sulit ribet,1,-12,negative
bisa neg hapus,1,-3,negative
cobak abis update gabisa buka samsek,1,4,positive
sulit susah masuk identitas gambar gagal kantor langsung kah,1,-5,negative
bisa neg verifikasi mohon baik terimakasih,2,10,positive
guna neg sampah,1,-3,negative
manfaat cari kerja,5,4,positive
recaptha hasil ngulang sampe kali alhasil kesel uninstall,1,-2,negative
verifikasi capcha bikin stres tolong benerin bener pilihanya ulang,1,2,positive
jelassssssssssss neg,1,0,neutral
kena hack gimana yak nyoba stelah verifikasi ktemu ganti sandi doang aneh,1,1,positive
verifikasi jelas neg kali kali tetep gagal sulit,1,-3,negative
puas,5,3,positive
terima bantu,5,5,positive
bisa neg susah skarang kayak neg,1,-6,negative
oke,1,2,positive
baik,5,3,positive
ada neg panggil pakai promo,1,6,positive
error,1,-5,negative
kayak asu susah,1,-6,negative
programmer,5,0,neutral
susah benerr lucu,1,0,neutral
lupa sandi otomatis ikut prosedur saat kode banget ulang jelas neg,1,-4,negative
bagus,5,2,positive
mohon maaf verifikasi mulu selesai neg selesai bingung bat knp captcah eror mulu,1,8,positive
verifikasi jelas neg muncul terang verifikasi selesaianda bukti manusia muncul eror nocaptcha valid neg isi jelas neg broken,1,4,positive
bisa neg lewat tahap verifikasi,1,2,positive
verifikasi tolong baik,1,6,positive
susah verifikasi pk suara dh dilakuin bener pdhl tp verif lg ky neg gni,1,2,positive
amazing apps,5,0,neutral
bisa neg,1,0,neutral
umpama,5,0,neutral
moga manfaat,3,6,positive
paham fitur guna,3,1,positive
verifikasi isi gagal,1,-2,negative
verifikasi susah ampun,1,-2,negative
ngelooping data verifikasi,2,-3,negative
mayan,4,0,neutral
,5,0,neutral
verfiikasinya pdhal bener bolak nggk maaf kau uninstal,1,3,positive
josss,5,0,neutral
manfaat domain pribadi,5,5,positive
susah out,1,-3,negative
agus,5,0,neutral
reting,4,0,neutral
susah dapetin kode verifikasi,1,-6,negative
verifikasi nomor kode muncul neg muncul sampe nomor gabisa daftar daftar susah,1,-2,negative
m,3,0,neutral
sulit banget loginnya ganti gmailpun nggak verifikasi data kirim ktp muncul verifikasi data,1,2,positive
minat neg hubung bawa hp samsungj plus mau neg kadang ken unsistal mau neg update usaha buruh umur th pepet tokyg atas usaha indonesia suka max th usia ken kerja biar modalaja sulitliat luar negeri kerja pabrik neng muda tok hrd pea hrd umur tua ngak ngotakhrd ganti th smua,1,38,positive
keren verifikasi gampang tidsk rumit cocok darah rendah auto darah,1,6,positive
moga,4,1,positive
jelas neg daftar susah,1,-1,negative
guna aplikasih serius nanya paham neg,1,-5,negative
aneh ngisi captcha bener outputnya salah mulu hadeuhh gimana ko gitu kirain dibetulin bug eh kaya gin,2,7,positive
bad salah,1,-8,negative
,1,0,neutral
keep up a good work,4,5,positive
bagus,3,2,positive
,5,0,neutral
xilumoxofl kk c mmm,5,0,neutral
delete verifikasi susah,1,-6,negative
mentok teka teki capcha lebih ada neg lebih,1,1,positive
jg download verifikasi nomor telp ribetnya tuhan,1,3,positive
,5,0,neutral
oz a sao selamat,5,5,positive
realisasi terima,5,-1,negative
captcha error cant,1,-5,negative
verifikasi manusia alien,1,3,positive
dasar aneh masuk sulit verifikasi,1,1,positive
verifikasi benarbenar ngulang sistem maintenance gimana susah banget,1,-6,negative
sipil engineering,5,0,neutral
bad recaptcha verification,1,-4,negative
anjir,1,1,positive
muas,2,5,positive
suka,5,3,positive
keep crashing the application auto closed each time its started,1,-3,negative
bantu promosi produk usaha hebat gratis,5,11,positive
mantap uang,5,5,positive
verifikasi teka teki muncul neg,1,1,positive
,1,0,neutral
moga berkah aamiin,5,7,positive
oke mantap keren banget bos,5,11,positive
too difficult pass selecting picture for passing verification eventhough password is correct,1,0,neutral
,5,0,neutral
error melulu,1,-8,negative
ganti merek intil,1,3,positive
ngstck tolol,1,-5,negative
ok ok,4,8,positive
bagus bantu informasi cari kerja,5,6,positive
bagus bantu,5,5,positive
verifikasi ngotak neg mas verifikasi,1,0,neutral
goooood,5,0,neutral
verifikasi chapta bener ngulang selesai neg selesai,1,7,positive
capek asik verifikasi truss,1,8,positive
batas gajelass bangett,1,-5,negative
verifikasi gimanaaa butuh ngerjain tugas pusing pusing dah,5,-19,negative
,4,0,neutral
less,2,0,neutral
s jl panjaitan l k llllll e gyyyyylorwret ye jin,1,-3,negative
proses lamar susah ribet,1,-6,negative
sya usul bagiab verivikasi ganti pakr mobil motor benda krn skrg manusia pintar ber iq sanggup neg selesai verifikasi sulit langgan dgn verifikasi anehsy sdndiri sudh verifikasi bas kali bisa neg karna gambar kura jelas neg,1,18,positive
verifikasi captcha ulang pilih susah,1,-5,negative
ok bantu sya temu loker daerah,5,9,positive
jelas neg pke email verifikasi pke captcha verifikasi pke ktp msih bisa neg masuk bikin emosi respon,1,3,positive
parah verifikasi captcha gagal mending pake website,1,-7,negative
optimal,5,0,neutral
susah,1,-3,negative
verifikasi gagal,1,-4,negative
masuk verifikasi captchanya nggak muncul ngeselin bye,1,-9,negative
curi data identitasdi suruh verifikasi identitas ktpsetelah ambilmala block,1,-14,negative
suka apl,5,3,positive
ngapa susah si daftar doang et verivikasi robot neg gila pantes bnyk rate eleuh,1,3,positive
toko sembako,5,0,neutral
i rarely use since i no longer work at hepp but i suggest you explore more if you find a lot of benefits on the network,5,-5,negative
amazing,5,0,neutral
okay,5,4,positive
apaanmau masuk lg bsngisi neg chapcta gagal teruskocak,1,-7,negative
kek fesbuk,5,0,neutral
pilih gambar hadap tp diulangulang,1,0,neutral
mw,1,0,neutral
mantaaaap,5,0,neutral
ok,5,4,positive
klik daftar fb bisa neg bisamacet bisa neg masuk,1,-2,negative
play pii,5,0,neutral
bisa neg,1,0,neutral
okey,5,0,neutral
,5,0,neutral
malas anak mudah dewasa,1,-1,negative
lul,4,0,neutral
baik panggil kerja terimakasih,5,9,positive
keren,5,0,neutral
ok banget,5,5,positive
butuh hak buatu tuju kantor trsedia bingung email,4,-2,negative
,1,0,neutral
masyaallah niat download cari kerja bikin emosi ni verifikasi pagi sore masuk neg,1,0,neutral
hoax,1,-5,negative
mauu ngasih tau guna sayasaya memberitahukan ad loginnya ribetcode verifikasi kgk masuk akallama smpe lumutanuntuk code verif kgk muncul kali harap baik sekian terimakasih,1,3,positive
pilih metode pakek google pilih jadi neg apaapa alias masuk neg kali,2,-11,negative
dlm tahap ajar,5,1,positive
gagal verifikasi mulu oyyy,1,-2,negative
guna neg sumpah,1,4,positive
bisa neg download foto,1,3,positive
muantul bro,5,0,neutral
guna neg guna neg,1,2,positive
aq duluklau bagus aq tambahin,2,2,positive
an application that has a different color from other social media,5,0,neutral
verifikasi captcha uda bener ngulang terus verifikasi kelar neg uninstall the captcha verification was success but it keep going asking the captcha again and again uninstall it,1,6,positive
thank you batu,5,6,positive
buruk batas masuk bbrp kali hasil neg ada neg alas apa jarang respon pusat bantu jelas neg d neg saran,1,4,positive
mulis artikel,5,-4,negative
nggk kirim nomor hp nomor aktif kirim kode verifikasi banget,1,4,positive
bad user experience especially about user account,1,-4,negative
mohon baik proses verifikasi verifikasi sistem merespon neg ulang kali verifikasi gagal,2,1,positive
time wasted verification,1,0,neutral
very useful apps connect with many professionals,5,0,neutral
anjir masuk foto ktp dah kali gw kirimin foto ktp gw kali gw nemu mita foto kartu id kayak pinjol,1,-1,negative
lot,1,-5,negative
susah bet masuk,1,-6,negative
bug beranda not up date,1,1,positive
jual neli bobit tanam danjual beli bibit lele,1,3,positive
mudah mudah terima usaha amin,4,14,positive
sz zaew azzwwwswswwwsw,2,0,neutral
recruitment officer cipaganti,5,0,neutral
manfaat,5,5,positive
ptarga dipa kencana,5,0,neutral
lambat,5,1,positive
kesel stlh update gabisa download foto video postingan,1,-2,negative
ngupdate lhooo ngupdate,2,0,neutral
linked gapernah langgan saldo potong alas langgan tolong bijak lumayan loh langgan rb,1,10,positive
kode verifikasi ke neg kirim kirim,2,1,positive
komunikatif manfaat,4,5,positive
cari kerja ada neg,1,3,positive
good thank you,5,9,positive
,5,0,neutral
moga bantu proses kerja,5,7,positive
nice face line up,5,4,positive
maksimal,5,3,positive
bisa neg daftar google,4,1,positive
padek,5,0,neutral
suruh nebak hewan bener tp kode captcha valid neg tau neg gmn mksudnya,1,-6,negative
jelas neg lg lg,1,1,positive
bantu informasi kerja,5,7,positive
yy i hb nc,5,0,neutral
update nggak bagus error upload foto error loading,2,-4,negative
tujuh postinhan,5,0,neutral
apps pntek,1,0,neutral
tntrr nt nntnn n n nn on n n mmnmmnn nnnnn nnnnmnnm nn mm nnenj i bi i j j video o lope n tc unbk sss r s s,2,0,neutral
ikut linkedln merespon lamar kerja,5,2,positive
moga bermampaat,4,1,positive
membantuterimakasih,4,0,neutral
very nice,5,4,positive
bad appvery regret download it,1,-4,negative
tarik,5,2,positive
bantu ajar lulus sekolah dapet kerja sesuai,5,19,positive
mw ribet verification uninstall,1,-4,negative
koneksi ilmu buka,4,9,positive
sngat sukaa,5,0,neutral
verifikasi nomor telpon masukin verifikasi suruh masukin nomor kudu nomor kagak pake nomor,1,-5,negative
foto profil user muncul neg diupdate aplikasi lowong kerja banyak neg pilih jobstreet payah,1,3,positive
kode verifikasi lupa sandi butuh buang,2,-10,negative
nyusahin cuih,1,0,neutral
baru sin haha,5,-1,negative
macem macem verifiksinya sulit pake bnyk,1,-4,negative
,2,0,neutral
mantap,4,5,positive
temu cari kerja cari produk,5,1,positive
daftar sulit susah banget verifikasi,1,-1,negative
okkkkk,2,0,neutral
oke manfaat,5,7,positive
daftar tida tau ni,5,-3,negative
pensiun pt labuh indonesia ca karang setra hotel bandung,5,-3,negative
bagus nambah wawas cari kerja teman,5,1,positive
f pppppppppppptuhan kastuhan kase akang jodoh pe tamang biar itam mo gurinda tuhan kase akang jodoh pe tamang biar itam mo gurinda tuhan kase akang jodoh pe tamang biar itam mo gurinda assalamu alai wrwb keluarga puti duka orangtua papa opa almarhum hiran puti ka hino tel akang jodoh pe tamang biar itam mo gurinda tuhan kase akang jodoh pe tamang biar itam mo gurinda,4,37,positive
love this,5,5,positive
babi periksa cepat babi salah,1,-14,negative
percumah mosting lowong jelas neg lowong penuh handphone,1,1,positive
salah grup laku bisnis,4,-5,negative
tap mantap,5,5,positive
buka,3,3,positive
thank you very much for make easy our communication wihh rach others warm best grettings foto,5,7,positive
trimakasih,5,4,positive
jelashabis neg download buka kode verifikasi masuk neg sinyal lancar,1,1,positive
lupa password sulit masuk hapus guna neg,1,-4,negative
stuck verifikasi,5,0,neutral
verifikasi gagal,1,-4,negative
mantapppp,5,0,neutral
susah verifikasi,1,-3,negative
maksa,1,-5,negative
bagus kumpul orangvorang hebat,5,2,positive
good and kept it up,5,5,positive
hemat kuota telkomsel flash,5,2,positive
malangmalang,3,0,neutral
bagus beda versi web kerja optimal,5,2,positive
apliksinya,4,0,neutral
guna,5,1,positive
biat ngebug,1,0,neutral
waow,5,0,neutral
menuhin ram,1,0,neutral
mohon linkedinaku naikin bahasa kuis ahli bahasa indonesia versi android bawah android,3,-6,negative
pake verifikasi aman jelas neg,1,1,positive
beres neg dgn kode verifikasi,1,-3,negative
bawa bisa neg hapus,1,-2,negative
ferifikasi mudah,5,4,positive
moga manfaat cari kerja lapang kerja baru tampil mudah erti moga,3,18,positive
suka uang dana potong langgan neg mohon bijak kembali,2,12,positive
linksdln bagus bantu temu temanteman kontak cari teman linkedln iniaplikasi tarik bantu sekaliterima,5,11,positive
okl,5,0,neutral
jelas neg verifikasi,5,1,positive
,3,0,neutral
bisa neg posting gambat gird geser samping,5,-3,negative
dikabarin,5,0,neutral
blum spenuhnya,5,0,neutral
sadar lupa email kontak password hapus terimakasih tunggu responnya,3,8,positive
,5,0,neutral
bug mulu kesel,2,-3,negative
banyak referensi guru tinggi,3,9,positive
keren inovatifgbu,5,0,neutral
sukak,5,0,neutral
bantu,4,3,positive
iyaaaa,5,0,neutral
download cmn verifikasi susah ampun bener disalahin lho nyoba verifikasi nyampe xan nggak susah pdhl nggak recommended pokok gausah download sabar setip tissue bagi,1,0,neutral
mudah cari kerja sharing alam dunia kerja rekomended cari kerja dar bagi alam,5,14,positive
apps bansat verif verif ktp,1,0,neutral
hti,4,0,neutral
bantu cari kerja kerja lepas,5,2,positive
aplikasi bagus bantu kerja kenal rekruter usaha kerja salah perban,5,2,positive
kagak ribet banget tong,1,-6,negative
mantappp ok,5,4,positive
buruk dapat neg diintal hp skr,1,-3,negative
please update your apps bug apps all,5,-3,negative
tukar informasi kerja jesempatan prngetahuan,5,5,positive
when im logged the it always shows a warning check your even though im already the tried clicking resend nothing happened tried another way namely verify using sms or message nothing happened i have tried dozens of times always fail the application informs me that i was told check the application but i have not been able enter the applicationhow can you check if its still outside the,1,-2,negative
sumpah ngerasa tipu coba premium batalin premiumtapi bisa neg approve saldo ilang jt,1,2,positive
bantu sosialisasi,5,3,positive
lumayan taruh informasi portofolio,5,9,positive
kaeran coba,1,2,positive
sulit paham verifikasi rumit,1,-5,negative
bantu cari kerja,5,2,positive
bisa neg inganti pasword tolak permanenribet,1,-4,negative
bodo verifikasi lambat,1,-4,negative
good apps really enjoy this,5,8,positive
download guna sampe verifikasi nomor telepon banget ulang kali pencet kirim kode kirim neg sampe loading apps ulang pakai nomor gabisa ganti nomor tetep verifikasi lambat,1,5,positive
kenap update sumarry deskripsi job and fill requerment blank mucul review titik tolong repond,3,-4,negative
gabung grup family laman web browser lindung hubung sinkron grup family rewards brave token mudah cepat aman kendali untung muas,5,8,positive
very bad verification problem,1,-8,negative
bagus neht,5,2,positive
yoman yairus,5,0,neutral
t wt,5,0,neutral
n,5,0,neutral
tambang pt andar,5,0,neutral
ikutin abaaba perintah pusat tenggara barat,5,3,positive
verif gagal,1,-4,negative
bantu manfaat,5,8,positive
komunitas profesional bagus tukar tukar informasi kembang karir bisnis,5,14,positive
kah hasil uang,1,3,positive
recommended,4,0,neutral
gobloggggg iklan setangua nonton muncul iklan goblog,1,1,positive
moga rejeki aamiin,5,7,positive
ti,1,0,neutral
ter hebattt verifikasi bisa neg haha,1,0,neutral
gimana lupa sandi konfirmasi nomor handphone masuk nama bisa neg maksud gimana mohon bantu,1,9,positive
bagus bantu profesional mudah cari kerja cari kerja,5,7,positive
p,5,0,neutral
she csr department,4,0,neutral
bagus,5,2,positive
mantaappp,5,0,neutral
gw praktisi it bingung pakai tombol gw pencet nemu neg kolom page company,1,-2,negative
gjls ni ngelagbugnya hp sd,1,0,neutral
bantu,5,3,positive
bisa neg buka konfirmasi,1,6,positive
eks,5,-3,negative
dekat,5,1,positive
one of the best professional social media applications terms of features user interface information completeness is all good thank you,5,9,positive
upload file dokumen portfolio gagal tulis eror uk file lebih neg dr mb hasil upload tbtb eror sebab neg,2,-5,negative
stupid developer engineer i cant see my own old posting,1,0,neutral
aneh prnah neg download tpi pemberitahuan email trdftr tibapdhal ny,1,1,positive
busuk banget sumpah maksud suruh nebak gambar ngehadap atas salah ampun dah,1,-8,negative
bisa neg uninstal,1,0,neutral
verifikasi mudah ulang kali bisa neg model uang kelas google rumit neg putar,1,-1,negative
mudah manfaat,5,9,positive
bnyk smg mmbantu,1,0,neutral
andi bilang k unit mm k trda unit m,5,-8,negative
,1,0,neutral
make your applicattion stable,5,0,neutral
tmgrab rp,5,0,neutral
patut hapus playstore appstore,1,-1,negative
mantap,2,5,positive
,2,0,neutral
membantumeski terantu,5,0,neutral
rugi neg linkedln,5,-5,negative
senang gabung,5,0,neutral
bsru,4,0,neutral
mulu buka,3,5,positive
bisa neg schedule post,2,0,neutral
cobain,4,0,neutral
sumpahhh riset sandi verikasi verikasi trusss gada slesainya dimuter muterin slesai neg mkasutnya gimana aplikasi update,2,-4,negative
isi serius gw mah marketing canda,5,-6,negative
ok,5,4,positive
,3,0,neutral
muas,4,5,positive
hilang bisa neg buka,1,6,positive
batas alas neg jelaskatanya suruh verifikasi data ikut tunjuk batas permanenmaksudnya gmnbener bener kecewa selesai,1,-9,negative
smoga brmnfaat,3,0,neutral
informasi luas wawas berfikir,5,5,positive
donwload mending bikin cv macem ujung ujung ngelamar kocak,1,-8,negative
wq aa annnkkkkkokokokkml,4,0,neutral
cacat salalu verifikasi kiamat bisa neg verifikasi,1,-8,negative
job search,5,0,neutral
good,5,5,positive
daftar dapat neg sms verifikasi ulang nomor bisa neg spam,2,0,neutral
bantu cari kerja,1,2,positive
,4,0,neutral
bergunaa bangett fiturnya jugaa baguss,5,-2,negative
bantu profesional cari kerja sesuai dgn bidang kerja,5,7,positive
oke mantap,5,7,positive
video,5,0,neutral
bagus keren,5,2,positive
mksih,5,0,neutral
lulus nunggu panggil prakerja jobdb guna bagus just put extra layer security,5,8,positive
mantull,5,0,neutral
pernah neg instal iklan ganggu ganggu instal pakai hp,1,-8,negative
bikin bisa neg buka hilang aneh banget nyuri data gimana,1,8,positive
rancu loker,1,0,neutral
,4,0,neutral
sampah emang niat cari kerja knp register platfom tolol,1,-10,negative
lamar kerja,1,2,positive
pengalamn setatus menjoba arti tujuanya,3,1,positive
moga kelacaran,5,1,positive
bsa neg nerima kode,1,-3,negative
pesan koneksi tp balas profil anggota nama bisa neg temu tau cari feed indonesia kerja salah kah dr atur pernah neg terima,5,1,positive
bagus networking ide alam network follow,5,4,positive
susah bikin pusing,1,-7,negative
sya ajar perdana muncul layar,4,2,positive
iklan masukkalau kurang iklan nyaterima,4,-3,negative
ive been joining quite a while it is useful for my interests so thank you dev,5,4,positive
susahpadahal pasword pasu kode,1,-3,negative
the good,5,5,positive
kali verifikasi perhati susah mudah susah neg,1,-2,negative
actually i enjoy this application contact anyone the world,5,3,positive
saldo dana potong rasa neg berlanggananmohon refund dana,5,6,positive
susah banget,1,-2,negative
,5,0,neutral
moga,3,1,positive
anyoaseo waht cewat abikafa,3,0,neutral
bermanfaaat neg rekomendasi,1,0,neutral
tolong batas neg,5,0,neutral
abal abal verifikasi pilih gambar pernah neg cumi kuras kuota,1,-2,negative
tolong biar mudah logingambar bikin ribet,1,4,positive
oooooooon kk o by knjkmi kk ijo mm oh ok ok hhoy my of gbk iook off n km kk m milik iiooik my kkkkkk m xx xx km ok ui,4,11,positive
notifikasi muncul neg,4,1,positive
jelas neg teka teki e,1,1,positive
kualitas ok loker valid,4,8,positive
bisa neg pakai facebook eror,2,-4,negative
this help us,5,2,positive
bagus pakai lahan informasi kawan,5,4,positive
moga kualitas,5,5,positive
bug mohon baik bisa neg bergabunglogin,1,5,positive
pake no telpon pernah neg susah banget notifikasi masuk,1,-5,negative
yusuf,4,0,neutral
linkin,1,0,neutral
perlu neg pakai hand phone komunikasi,1,4,positive
harga premium sangaaattt mahaaaallll harga juta gilaaa,1,10,positive
butuh kerja profil mesti pekerjaankan tolol nmanya,1,-11,negative
developer ada neg game huggy wuggy,1,6,positive
verifikasi gambar tulis kode respon kode nocaptcha valid neg isi,1,0,neutral
mantabz,5,0,neutral
hidup pianotergantung main,4,4,positive
salah pilih gambar hadap atas kita neg milih gambar jungkir atas pilih gambar normal mesti mata biar baca ulas sifat manusia cari negatif positif,1,-8,negative
a l,4,0,neutral
cari kerja keluar beda,1,-6,negative
daftar susah banget pertaanyaan bidoh,1,-1,negative
lupa password ganti sesuai dgn password ideal pakai lupa neg heran karna password tsb bikin pass alhasil pass paksa lupa karna kerja x gagal akibat ulah bikin password pakai ganggu kerja time waster,1,6,positive
kermaks,5,0,neutral
bisa neg pilh daerah,1,0,neutral
taik bolak verifikasi katak setannnnnn,1,-5,negative
bantu cari kerja mula tahu neg histori lowong kerja masuk tolon bantu depan,2,5,positive
moga pengha silanyang layan hpterima,5,3,positive
verifikasi khusus sakit,1,-5,negative
not worthed be installed,1,0,neutral
good applicationnice for jobseeker,5,5,positive
cocok ds lulus sma smk,1,9,positive
makasii kerja via apps ku temu jodoh ku hihi,5,7,positive
ok pokok punya neg buru instal aplikasi yaaaa,4,8,positive
coba kali kali update,1,2,positive
,5,0,neutral
cari cocok saing loker berat kalah,5,-3,negative
googli com play,5,0,neutral
tau aflikasih bagus langsung neg,4,1,positive
tipu lowong kerja,1,2,positive
alhamdulilah bantu,5,6,positive
sagat guna baget susah nyari kerja,3,-2,negative
bantu kerja,4,5,positive
banget,5,1,positive
uji,5,1,positive
dah biar bicara,1,-2,negative
cari kerja ajapercuma pasang cari kerja tpi klo ujung ujung make dalem,4,-6,negative
manfaat,5,5,positive
ex,3,-1,negative
recomend neg ribet sulit sungguh buruk,1,-5,negative
sip cocok medsosnya orangorang karir,5,4,positive
lot babi,1,-9,negative
this is a good appli,5,5,positive
knp ribet banget ajja sulit,1,-3,negative
goblokkk verifikasi bener salah,1,-1,negative
visa neg memsaukan nomor tlpn daftar,1,1,positive
bagus aplikasi,4,-2,negative
ho,2,0,neutral
download daftar pas masukin nomor telpon suruh verifikasi pakai kode tp kode tunggu kirim neg ulang kirim kode pas masukin kode pas daftar nomor bisa neg dipake hadeh ribet uninstall,1,-6,negative
very good clear information and connecting,5,5,positive
bagus,5,2,positive
rekomen neg cari kerja ribet efektif neg ada neg hasil jobstreet ngelamar ujung bikin platform payah platform,1,4,positive
wifi not connect,1,0,neutral
fungsi neg,1,0,neutral
captcha ramah neg,1,5,positive
limabintang,5,0,neutral
moga mnyenangkan,5,1,positive
baik application for our transaction for a while for being business,5,3,positive
suka,5,3,positive
eh anjnggggggg juta kau tarik saldo aplkasi tipu download biadab,1,9,positive
cari lowong kerja,4,-1,negative
hapus ulas publik,3,-3,negative
informasi gaya hdpku titik,5,-1,negative
error error banget,1,-9,negative
gaa daftar bisa neg pervikasinya pas code trus kirim masuk neg masuk kali nomor valid neg are you okaydude,1,0,neutral
gw hilang pas buka connect ada neg asa nyampe guna neg cihhhh,1,17,positive
is the best,5,0,neutral
bantu trima,5,4,positive
smoga camat serap oksigen bahasa indonesia,5,-4,negative
bagus,5,2,positive
bagus hubung dsri usaha,5,4,positive
sosial media cari kerja sharing alam apa putar kerja simple inovatif cool,5,12,positive
capek banget verifikasi status kali cek kek gitu barusan lg dikirain tingkat minimal minta foto ktp ikutin smua syarat jg bisa neg gimana gambar foto ktp mmg blur hubungin call center info sedia neg call center au ahh uninstall lg kecewa bgtlah bisa neg akses ckckckk,1,6,positive
keren,5,0,neutral
puas mudah cari kerja,5,6,positive
the best,5,0,neutral
,5,0,neutral
auto uinstall tau neg bodohgue bodoh bodohgak masuk halaman utama binatang hadap atas,1,-11,negative
woyyyyyyy susah banget menu tolong baik,1,4,positive
instal liat ulas ngeriiii wkwk auto uninstalllll,1,2,positive
tolol,1,-5,negative
verifikasi sebal salah payah,1,-4,negative
,3,0,neutral
bagus kerrenn terimakasih bantu komunikasi hebat,5,12,positive
moga dpt kerja,5,3,positive
banyakmembantu,5,0,neutral
banya jumplink aplikasiwebsite,1,0,neutral
,5,0,neutral
bisa neg hapus pake pe lang me palang palangem bae,1,-3,negative
driver,5,0,neutral
takut rungkad main situs kakak rungkad saldo kakak,2,5,positive
verifikasi bisa neg klik gambar sya x salah pdahal perintah gmbarny,1,-2,negative
sngt puas,5,3,positive
wawa fx nq zizah nu,5,-3,negative
sifat publik,5,0,neutral
,5,0,neutral
verifikasi efisien neg buang tenaga pilih gambar hasil salah verifikasi buruk,1,-2,negative
moga,5,1,positive
tolol gua kenal verifikasi bodoh gua liat gua klik gambar hadap salah gua ulang ttp salah auto uninstall bye,1,-21,negative
c f,2,0,neutral
linkedln bagus meyempurnakan koneksi jaring mana,5,7,positive
lowong bnyak hoax,2,-5,negative
download,5,0,neutral
good apps,4,5,positive
saran nama profil bagus isi no last name nama neg terimakasih,4,11,positive
redeem,1,0,neutral
tolol kirim pesan langgan mending murah ban guna neg,1,7,positive
captcha foolish,1,0,neutral
ttsamson,2,0,neutral
ajar saham,5,1,positive
search engine not work properly jobs tab the result doesn not match with keyword updated home tab expired,1,0,neutral
p,5,0,neutral
edit intro bisa neg simpan kesalahpahaman mulu,1,-1,negative
b registrasi sampe email bisa neg masukdi capchanya sulitsangat friendly neg user,1,0,neutral
verifikasi sumpah susah banget hewan punya neg leher suruh milih hadap atas gitu balik,4,-7,negative
great place share anything about people development,5,3,positive
linkedln,4,0,neutral
oke hubung recruiter dgn job seeker,5,3,positive
interesting,4,0,neutral
mudah cari wawas,5,1,positive
hubung resources,5,1,positive
is the best give invormations,5,0,neutral
susah banget verifikasi nyata make neg sense tolong kembang,2,8,positive
terimah informasih,5,0,neutral
postingan,5,0,neutral
mudah temu tuju dukung penuh hasil muas penuh unting,5,16,positive
,4,0,neutral
download jelek bantu,1,-2,negative
bagus manfaat,5,7,positive
gabisa masuk verifikasi ulang,1,-3,negative
good for bahasa,5,1,positive
lamar arah situs web suruh klo klik lamar langsung kirim tp giring situs web repot,4,-1,negative
mommmmmmomomom,5,0,neutral
ribet verifikasi,1,-4,negative
aktif ever,5,2,positive
hilang uang k gara ada neg pemberitahuan update premium lanjut saldo lenyap ada neg konfirmasi,1,8,positive
verifikasi gimana nggak,1,1,positive
ok cakep,5,9,positive
update apikasinya cepat tgl desember update tgl desember sdhminta update,1,3,positive
tarik tampil ui fitur tunjang,4,6,positive
b px,2,0,neutral
my god what the f is that choose image that pointing up verification it basically all are same image how i supposed my account with this can you just make a normal emailphonequestion verification,1,-3,negative
milik milik koneksi tibatiba alas otomatisasi ikut laku neg kecewa putus sesuai neg prosedur,1,3,positive
fkanwik,5,0,neutral
verif,1,0,neutral
media ter update efektif bursa karir,5,5,positive
up,5,0,neutral
bantu bantu cari kerja,5,5,positive
manfaat bag,5,5,positive
terimakasih linkedln,5,5,positive
baik neg,1,3,positive
update,3,0,neutral
batas ngapain neg,1,-3,negative
semogah manfaat,5,5,positive
verfikasi ratus kali ttp bisa neg ulang ulangverifikasi dgn bodohtunjukan gambar hadap bener sya klik gambar bnr ulang sya klik gambar salah bisa neg,1,5,positive
ribet skip kaya jadul,1,-5,negative
aplikasi bagus,5,-2,negative
bantu cari kerja kapal,5,-1,negative
good,4,5,positive
buruk profesional neg pialang aman salah neg blokir parah sumpah sampah diapk email blokir permanen komplain resmi serta bukti informasi salah kandidat dilinkedin mengunakan alam palsu eh dblokir transparan neg parah dah mudah mudah depak dr playstore,1,-20,negative
ajang capai hidup,4,3,positive
rada ribet,1,-4,negative
terima,5,2,positive
bagus pull,4,2,positive
kecewa,1,0,neutral
gg gebyf,5,0,neutral
loker palsu pialang bahaya kadang pakai linked jelas neg jelek,1,-9,negative
rd rdand the end of my drr tre earth and i id the same thing e tf r eye rt,5,0,neutral
siiiip,5,0,neutral
oimifub io,1,0,neutral
butuh alat tani batu teman sulit olah tanah cetak sawah pakei buruh mahal trimakasih likedin,5,2,positive
,5,0,neutral
very good about work better if any people posting not related about working please banned,5,4,positive
serius nanya sprti mnggunaknnya,3,-6,negative
cermat,5,0,neutral
bantu manfaat,4,8,positive
updatetan tolong donk integrasi usaha gampang daftar nggak suka kali ngelamar masuk web registrasi bagus terima kagak habis teror web notif lamar numpuk gmail oh tolong donk nggak notif gmail ganggu,1,9,positive
chenes chef,5,0,neutral
knpa gabisa download ni,1,0,neutral
force close device xiaomi mi t,5,-2,negative
suka milik manfaat bangun relasi,4,12,positive
guna neg daptar gabung sulit mendi hapus play store,1,-7,negative
bagus cari lowong kerja refernce,5,1,positive
,2,0,neutral
it is good build a good connection with profesional person,5,10,positive
opsional,5,0,neutral
i k i,2,0,neutral
verifikasi kali,1,0,neutral
edyu,2,0,neutral
very helpful social media,4,0,neutral
bagus,5,2,positive
muter verifikasi nomer,1,0,neutral
bikin pusing kepala kode aman cepat masuk neg akal susah,1,-10,negative
,5,0,neutral
verifikasi susah banget hadeh,1,-6,negative
bagus top,5,7,positive
coba,5,2,positive
bantu info loker,5,0,neutral
useful,5,0,neutral
why i can not post for more pictures wheres the carousel feature,2,-2,negative
susah pake ingat manusia ente binatang pake teka teki cari binatang madep koplok,1,-1,negative
gasssssss,5,0,neutral
bisa neg buka terang salah jaring aneh banget,1,9,positive
x bikin kena blokir,1,-6,negative
oke bagus,1,4,positive
ok,5,4,positive
apl bagus bantu interaksi luas amazing baik cuci service sofa surabaya sidorajo gresik poles lantai cuci gordyn,5,14,positive
bagus keren,5,2,positive
blokir alas banyak kirim minta koneksi pake manual pake neg alat otomasi apa bikin bisa neg akses pas daftar ribet,1,5,positive
gimana bisa neg,1,0,neutral
not simple and complicated not human friendly too many question more optional may helpfull,3,3,positive
bagus cermat,5,2,positive
,3,0,neutral
linkedinamplikasi pasang ring reting,5,4,positive
verifikasi,1,0,neutral
bolak mulu,1,2,positive
parah usaha,1,-4,negative
nal dg tingkat direksi usaha kenal usaha jenis usaha ber interaksi posisi jabat u diskudi,5,4,positive
bagus pokok,5,5,positive
susah verifikasi sesuai arah bisa neg,1,1,positive
,3,0,neutral
goof,5,0,neutral
x batas aktif kali ikut lg atur verifikasi ktp tp msh aktif salah dmn,5,-2,negative
new job notifucation more than month info new opset,1,-3,negative
terimakasih,4,5,positive
keren,5,0,neutral
bantu koneksi temu info loker,5,4,positive
pakai linkedln premium gratis bulan ada neg pemberitahuan ee dana potong account nya neg pemberitahuan email beli linkedln premium parah hati,1,6,positive
manfaat,5,5,positive
kirim pemeberitahuan loker email pas ada neg cocok,1,13,positive
good for communication,5,5,positive
e sesea etqws,3,0,neutral
good all employee and company get connected,5,5,positive
bantu orangorang cari kerja,5,2,positive
,4,0,neutral
bisa neg download buru,1,1,positive
bantu koneksi kerja bisnis,5,10,positive
manfaat sukses linkedln,5,8,positive
aq cari kerja suruh bayar bulan,1,-3,negative
bintang,3,0,neutral
bantu,5,3,positive
tutup,1,-2,negative
rekan seniman lukis negara bagi kultur tradisi budaya bagi info putar seni rupa,5,11,positive
bagus buanget,5,2,positive
terimakasih tweter masuk,4,2,positive
aplikasi aman bisa neg masukk install dri pda marah mending,1,-7,negative
taik pake verifikasi itu salah,1,-11,negative
oke,3,2,positive
cepat cv baru banding website,1,6,positive
ml,2,0,neutral
okdh,4,0,neutral
guna neg mending hapus apps storeplaystore sampah kek gin,1,-4,negative
terimakasihlinkedln,5,0,neutral
moga dapet jobs,5,3,positive
tambah jaring,5,6,positive
usaha php lamar kerja liat doang dibiarin ndak reliable cari kerja projekan tindak usaha cuman posting lamar kerja di neg hire,1,1,positive
mintak hilang tutup hp layar segi anny buka tutup layar mohon tolong terimakasi bantu,5,6,positive
masuk update ulang bisa neg pindah destop menu handphone,1,-2,negative
experience the best of teacher,5,0,neutral
bantu informasi,2,5,positive
bagus,5,2,positive
,2,0,neutral
verifikasi bisa neg ganti susah mampus hasil neg,1,-2,negative
bantu bisa neg masuk alam temanteman mohon bantu,5,7,positive
,5,0,neutral
okay,5,4,positive
uang masuk dr odeo tekhnologi ada neg pinjam uang atw apa jgn kirim uang,1,0,neutral
disiruh verifikasi data suruh upload jelas neg bisa neg,1,-4,negative
coba unplod aplikasi,2,-2,negative
manfaat temu rekan rekan profesi,5,15,positive
recomend eh pas make verifikasi sulit plus loading lot worth neg pake ni,1,0,neutral
,3,0,neutral
lelet lot,1,-5,negative
moga jobseeker sempat skill usaha,5,2,positive
error bisa neg,1,-5,negative
masuk susah kali,1,-6,negative
bohong,1,-5,negative
suruh isi langkah aman selesai isi langkah aman muter ccd,1,12,positive
registrasi main neg,1,2,positive
saran milik amerika serikat indonesia maaf dukung guna media cocok terima,1,16,positive
duluh tinggl asmat papua menagis mama bapa kampung puji tuhan mama sayang anak kandung,1,18,positive
best,5,0,neutral
haiii guna lamar beeikan panggil rekan mndapat kerja shering sedng butuh kerja terimakasi,3,3,positive
josssss,5,0,neutral
m,1,0,neutral
masuk update update neg bisa neg masuk,1,-6,negative
,5,0,neutral
daftar bisa neg nomor hp tulis neg kirim kode isi ulang nomor hp bisa neg tiga pas tebak gambar no viled trus si gmna dftr tpi nomor susah kya dibaned,3,7,positive
okr,5,0,neutral
human rights is important or notyou know until noi they controli still gobal a prisoner jailpekanbaru jailriauindonesiai am john yok choy what can i do ask for help another country not one country will help meask for sos they sameis this world not ones of country say somethink this two countryyou think fosce me can made me stoptolet the world know whats is happening this indonesia how painful and unfair methey take my parvate personal human rights,5,5,positive
aplikasi bagus siip,5,-2,negative
super dah,5,0,neutral
good the,5,5,positive
bisa neg sesuai perintah verifikasi ujung bisa neg,1,0,neutral
main kali coba daftar verifikasi lihat atas sd ok masuk salah kali kau makan kau sakit hati kau,1,-1,negative
pikir lowong kerja sales yayasan ribet,1,-1,negative
keren banget,5,1,positive
moga manfaat,5,6,positive
tolong bantu kerja sama,5,11,positive
oke,3,2,positive
verifikasi aneh banget ambil hadap salah,1,-4,negative
no educatio,1,0,neutral
mantul pis,5,0,neutral
sulit dapat lowong kerja tamat sma,1,7,positive
bagus manfaat kerja student,5,9,positive
harap usia senja,5,3,positive
yaasss,5,0,neutral
propesi digitalisasi masuk zaman karir tambah bukannn ganti robot karna bisnis propesi hadir ahli bidang level didik masuk penting,5,11,positive
mantap,4,5,positive
langgan premium mahal kirim minta koneksi batas rugi boss,1,3,positive
ribet banget gilir pencet lamar usaha,1,-4,negative
langgan mahal cuk jt,1,3,positive
okgood,5,0,neutral
bisa neg,1,0,neutral
masuk verifikasi sulit salah bisa neg mohon solusi,2,-2,negative
bantu proses cari kerja,5,3,positive
asu masuk susah,1,-6,negative
logout bisa neg please back my account,1,-3,negative
very helpfull for job seeker,5,0,neutral
jelas neg berkalikali blokir,1,-2,negative
jelas neg bolak mlu msuk neg msuk rido neg download usah neg bkin,1,-4,negative
obzakdm l okk,5,0,neutral
birokrasi perintah,5,0,neutral
mantaapp,5,0,neutral
daftar sulit,1,1,positive
bagus semngt mncri kerja,5,4,positive
vervikasinya tolong benar salah,1,1,positive
ikaln,1,0,neutral
waw suka,1,3,positive
keren profesionalitas,5,0,neutral
kayak daftar,5,-2,negative
tu uduu t uu fc ht uji i uu uuuuh u uu uuu i u tu,3,1,positive
hi,5,1,positive
login neg susah verifikasi gagal data,1,-10,negative
harap bantu,3,6,positive
you,5,0,neutral
i bv,3,0,neutral
khusus didik up lulus smksma nang install,1,3,positive
sue lamar susah daftar mana berbauar ribu,1,-2,negative
search batas kecuali premium,1,-1,negative
dunia cari kerja,5,0,neutral
daftar tp verifikasi mulu abis verifikasi notelp trus verifikasi nyari kerja klo ngurusin gambar hadap mulu heiiiiii,1,10,positive
nice,5,4,positive
masuk susahharus tebak tebak n kayak bocah sd gambar jelas neg,1,3,positive
panggil,5,-1,negative
terima,5,2,positive
keren bantu,5,3,positive
oi masuk akunt gw gmna rei adit sh qwp gilaaa,1,-3,negative
ribet simpel neg,1,-1,negative
nice and useful apslove it,5,4,positive
cepat info terima,5,2,positive
terimakasih,3,5,positive
tp hoax hapus,2,-8,negative
urus lansia,4,0,neutral
bantu cari kerja sesuai dgn alam kerja,5,9,positive
wajah eeeeeeeee,2,0,neutral
masuk sulit suruh tebak gambar robot neg,1,0,neutral
mudah nambah tahu relasi kawan wawas butuh loker,5,6,positive
alhamdulillah mudahken jalan serah alloh swt,5,7,positive
niih aseeem gagal kirim kode aman x,1,-5,negative
masuk verifikasi oke kandemi aman beres verif ko verif ngulang situ masuk neg masuk,1,-7,negative
baik bidang manfaat aneka bidang ilmu lapang kerja,5,20,positive
ok,4,4,positive
kocak robot bisa neg inimah milih gambar kodok hadap atas klik ttp kga mao hadap kmana kah,1,-8,negative
sassooia lxalmalalalaekik video,4,0,neutral
nyari kerja sulit blk daftar k,1,1,positive
oke,5,2,positive
cari info loker,5,-6,negative
sulit masuk,3,-3,negative
lupa makan,4,2,positive
cari lowong kerja amerika serikat jaman suka warnet malam malam minggu pernah neg warnet,5,-2,negative
mm mm m j k k mm m kn k,5,0,neutral
,5,0,neutral
nyangkut,1,0,neutral
registrasi ajaa ribet sms muncul neg mucul,1,-3,negative
ok ok,5,8,positive
,5,0,neutral
ribet masuk,1,-7,negative
linked baik informasi profil preferensi industri ganti rumah produksi tetep tulis merah mohon isi gitu,2,22,positive
bantu dlm komunikasi,4,5,positive
upgrade susul coba upgrade info sedia lowong kerja tawar thanks,2,2,positive
alhamdulillah bagus,5,7,positive
kasi,3,-3,negative
up date inovatif,5,0,neutral
bg w harigbhb,2,0,neutral
wis okeh,5,0,neutral
bikin bolak menu daftar,3,1,positive
astaga verifikasi tebak gambar hewan ngadep tau jir gambar burem warna bikin blur potong makan banget loh,1,-1,negative
eesses ez,2,0,neutral
job seeker palinh fav karna uiux enak pandang mudah paham,4,15,positive
yess,5,0,neutral
v j v j ccxxxxxxnwahb bewbqb s,4,0,neutral
gandeng karna buta mata otak neg filosofi,5,-2,negative
bantu cari kerja negeri negeri,5,2,positive
senang kenal temu teman teman profesi karirdan saran ajakalau bisajika postingan politik dlldiluar fungsi linkedinjangan postingterima,5,11,positive
daftar ni bolak daftar masukin email nomor telfon nama verifikasi telfon stlh lanjut ulang daftar isi nomor telfon nmor verifikasi dpt neg pakai nomor nmor bolak kecewa,1,7,positive
profesional inspirasi maju khalayak sukses salam hormat,5,0,neutral
t r,3,0,neutral
yayyaay,5,0,neutral
properti tanah jateng,5,0,neutral
manfaat,5,5,positive
verifikasi ribet manusia make neg sense,1,-1,negative
susah banget verifikasi bikin emosi auto uninstall,1,1,positive
dulukalau apkikasi bagus full,3,2,positive
kga download stuck mulu ulang ulang jga android pdhl,3,2,positive
bisa neg edit deskripsi dibenerin deskripsi,3,-8,negative
ok moga baik,5,8,positive
terus inovasi,5,4,positive
,5,0,neutral
anh suruh verifikasi bisa neg lol,1,-2,negative
guna neg,1,1,positive
njancoooook babi,1,-4,negative
bagus,5,2,positive
mantep,5,0,neutral
ter out,1,0,neutral
gabisa bilang manusia neg suruh klik gambar hadap atas salah mulu buta gabisa bedain,1,-6,negative
oky,5,0,neutral
great information,5,3,positive
good and experience,5,5,positive
good good,4,10,positive
klu manteeep lg,3,0,neutral
resto cafe hotel bandung cook cdp sous chef chef,5,0,neutral
nyoba,4,0,neutral
b,3,0,neutral
cool,5,2,positive
hurt,3,0,neutral
niat cari job kerja pas masuk daftar deskripsi gambar hewan gambar hadap manfaat banget ribet x salah mulu emang banget pastiin manusia baik bikin ribet mudah guna gimana si heran,1,12,positive
,5,0,neutral
apps bagus langsung dah,5,2,positive
l,2,0,neutral
aplikasi payah kelas linkedln programmerrnya pro bikin sistem aplikasi error fungsi neg diupdate bantu daya aplikasi guna neg diupdate errorr,1,-20,negative
inidan bantu,5,3,positive
moga bawa kerja impi,5,4,positive
trimhkasi aktif butuhkn,5,2,positive
bagus mudah cari lowong kerjato,5,3,positive
tolong tinggkat bugus,2,3,positive
never,2,0,neutral
here,4,0,neutral
good pencaker,5,5,positive
kali buka penuh harap,4,6,positive
coba,3,2,positive
moga bantu,4,4,positive
susah masuknyakayak nyuri ajabintang layakkesal neg,1,-3,negative
ok,5,4,positive
maaf ajar,3,3,positive
gewd,5,0,neutral
fiture batal premium fungsi neg menjenjebak konsumen bayar tagih gimana parah,1,-10,negative
bagus lamar mudah,5,6,positive
sangatsangat bantu keren banget,5,4,positive
,2,0,neutral
bantu cari kerja,5,2,positive
bagus sayang ada neg loker posting slta sedih liat nyata kudu s wae,5,10,positive
ampunsy bnr suka neg kayak gin sampah masuk bnr ulang,1,-7,negative
,1,0,neutral
nyusahin anying,1,0,neutral
iklan gua malas download,1,-7,negative
bagus kendala update admin bantu terimakasih,5,10,positive
is not for profesionalism platform because many people especialy indonesia update something status goverment harassment and i think happen,1,0,neutral
linkedln mantap lha,3,5,positive
samagt bagus,5,2,positive
keren bantu tolong jobless,3,6,positive
thanks likedln,5,3,positive
suka aplikasi jarang buka,5,2,positive
tolong aman verifikasi eror susah masuk,1,-7,negative
mntap,3,0,neutral
tolong nyampah email terimakasih,3,4,positive
masuk ribet pake gambar mudah ngapa,1,-1,negative
gatau gimana langgan premium,5,3,positive
lengkap profil ganggu bisa neg tolong baik donk,1,4,positive
smoga kerja usaha dn doa,5,7,positive
bina rumah sambung rumah dapur pagar ikat batu cat rumah pasang ciling double top kitchen bungbung leaking pasang tiles pasang pintu,5,26,positive
jasa kirim cargo,5,6,positive
bonus kuota bonus kuota,5,4,positive
maaf,3,2,positive
dowloam laptop,3,0,neutral
inspirasi,5,-3,negative
verivikasi gambar gitu,1,2,positive
i do not know what happen with this owner linkedln was banned my account from the website but thanks,1,3,positive
dapat neg akses google,1,4,positive
force close september,3,-2,negative
good,4,5,positive
laaawo,1,0,neutral
nyangka neg daftar data bocor wkwkwkwk banget chat whatsapp tipu wa gw,1,-5,negative
bagus manfaat cari kerja bangun networking bangun,5,6,positive
temen,5,0,neutral
salam dfm,5,0,neutral
ni knpa updategmbarny putih pdahl jringn bgusknpa,3,-4,negative
bisa neg verifikasi nomoe ros,1,0,neutral
ftcrgt g neg,4,0,neutral
dpt kerja dr linkled kasi,2,-1,negative
bantu ku,4,3,positive
bantu manfaat,5,8,positive
baharu profil bisa neg,1,0,neutral
heran gabisa akses update,1,6,positive
semangat,4,4,positive
search by posting bisa neg,1,0,neutral
seaching dasar postingan bisa neg,3,0,neutral
bisa neg search posting eror algoritma rusak,1,-1,negative
cari keluar neg tuju liat postingan gabisa,1,-1,negative
oke tingkat lgi sistem cari thanks,5,-1,negative
,5,0,neutral
recruiter,5,0,neutral
jabal boma,5,0,neutral
tata usaha smp umkm,5,4,positive
verifikasi aman cepat susah suruh nyari hadap,1,-4,negative
dapat neg simpan terang jenis bidang usaha sesuai,2,5,positive
butuh kerja lulus sma cari kerja mana baca lokernya butuh s udahlah terimakasih,5,4,positive
ok tpi tolong oknum tipu ko sampe lolos gitu kena tipu loh,2,0,neutral
bismillahirrahmanirrahim kunfajakun amin robbal alamin,5,3,positive
t m w,2,0,neutral
jelek jngn donlod boros kuota,1,-12,negative
tebak gambar email password sesuai,1,8,positive
verifikasi su,1,0,neutral
very needed,5,0,neutral
mantap,5,5,positive
bantu,5,3,positive
klo minus,1,-3,negative
mantab,5,0,neutral
mohon baik,2,5,positive
foto profil bisa neg unggah,5,3,positive
so far so good,5,5,positive
verry good,5,5,positive
saya neg pakai gmn hapus,1,-6,negative
bagus,5,2,positive
ajar,4,1,positive
bantu terima linked,5,5,positive
bisa neg daftar,1,1,positive
tolong update dasar lokasi baik filter cari berdasarkanokasi mana,3,3,positive
good aplikai,4,5,positive
nelareza,5,0,neutral
ribet banget,1,-3,negative
verifikasi bikin emosi klik sampe kali nyoba msh bisa neg verifikasi robot sok emang org butuh banget sampe verifikasi kayak gitu mending hapus kayak org butuh,1,-13,negative
cfddllele ff lollvfgolo,5,0,neutral
k,5,0,neutral
mudah cepat bantu terima ok is the best,5,16,positive
mudah mudah hubung teman,5,9,positive
foto disebarluaskan hak neg izin,1,-1,negative
kesan,5,0,neutral
lamar ribet alih website jelas neg,2,-3,negative
moga aplikasi,5,-3,negative
profil bisa neg baru kirim email ada neg balesan,1,6,positive
mw update bisa neg suruh terus,2,-2,negative
bantu mudah cari kerja alhamdulilah kali dapet kerja karna informasi,5,15,positive
loker mulu ubah neg panggil neg,1,1,positive
pas,5,3,positive
indonedia,4,0,neutral
untung,5,3,positive
harga,5,3,positive
iyq,5,0,neutral
manfaat bagus terimakasih,5,12,positive
karna postinganya,3,0,neutral
kecewa neg,5,0,neutral
an exceptional networking platform,5,0,neutral
please lamar kirim panggil kerja itu panggil di neg gedung usaha ruko gerangan mohon evaluasi rekruitmen nakal,3,-5,negative
bisa neg tutup,1,-2,negative
mechanical electrical piping plumbing pipe hydrant structure,5,0,neutral
,4,0,neutral
jaring koneksi userbos relasi buka terbantulinkedin digital satu manusia modern,5,20,positive
tolong wenang neg saldo dana potong bayar google otomatis pin neg rasa neg laku laku neg bayar apa uang,1,7,positive
bagus,4,2,positive
ribet,1,-4,negative
jj tipis,5,0,neutral
info lokernya,4,-3,negative
tau manfaat tugas,5,0,neutral
em bb nyata nyatnyata nnnn nyataih request oee r iii,3,4,positive
masukin kode verikasi lwt telpon bisa neg,1,-3,negative
taknks,5,0,neutral
lagu all o l ok loooo omk ooo ll lool ooom k mmm o mm ooo oloo ooom ooo ko o o o lop l l oolooomlllooomok koplo oo llp looklopoo o koo o o oo,3,3,positive
bantu informasi,5,5,positive
moga dpt kerja,5,3,positive
awesome,5,0,neutral
sip keren,5,0,neutral
alsixll,4,0,neutral
ldiperkosa,1,0,neutral
jelas neg susah jaring bagus jelas neg,1,4,positive
trima,5,1,positive
jarang buka,3,3,positive
sipil kontruksi,5,0,neutral
dapet kerja,1,4,positive
gas,5,-4,negative
bagus,4,2,positive
pake prenium suruh uji gratis bayar duluan nama ujicoba neg gratis uji bayar bayar rb papa neg rb pulak hadeh manipulasi bahasa,1,3,positive
ok sip,5,4,positive
baik,5,3,positive
komunitas sosial profesional,1,6,positive
ashu kagak lihat lamar gua,1,-3,negative
kerja,5,2,positive
bantu,4,3,positive
verifikasi kek,5,0,neutral
nice helpful,5,4,positive
masuk ndak note email,5,-6,negative
baru profil bisa neg edit simpan edit simpan hilang aktivitas deskripsi bisa neg gugah dokumen logo kampus universitas jember ada neg,1,-1,negative
makasih,5,4,positive
mntap,5,0,neutral
im happy with join linked,5,6,positive
good,5,5,positive
bisa neg uninstal,1,0,neutral
great place for build connect and personal branding,5,3,positive
saszaeass,5,0,neutral
,5,0,neutral
bisa neg daftar aneh masuk kode kirim linked,1,1,positive
ngelamar kerja masuk kayak gitu mending nggak download,2,-1,negative
informatif,4,0,neutral
diinstall perangkat android bisa neg,1,0,neutral
bagus cari kerja,5,1,positive
daftar ribet,1,-3,negative
waowwwwww,5,0,neutral
mudah cari kerja mecari teman profesi,5,3,positive
so far so good,4,5,positive
bagus insight relasi,5,5,positive
temu neg fitur kirim file pesandm,1,4,positive
ngasih captcha gausah ribet mao masuk gagal,1,-12,negative
good,4,5,positive
top,5,5,positive
ok,3,4,positive
,4,0,neutral
ot sd,1,0,neutral
,2,0,neutral
is mantapannn,5,0,neutral
aplikasi error,2,-9,negative
mudah opsi,5,4,positive
good performance,5,5,positive
oll mnm vv bbuk iku ul,3,0,neutral
informasi kerja hubung rekan kerja calon rekan kerja batas kenal aplikasi bantu,5,16,positive
good aftermon,5,5,positive
tldak akanlagl cetak struk,5,0,neutral
baguuus,5,0,neutral
moga jalan,4,1,positive
ribetga da lowong kerja aceh selatan,1,2,positive
mantap,5,5,positive
marketing agent century bandung,5,-1,negative
ok joss,4,4,positive
,5,0,neutral
bagus,5,2,positive
juos,5,0,neutral
susah banget masuk susah ampun verifikasi,1,-7,negative
bagus aplikasi info lowong kerja,4,-3,negative
emboh,4,0,neutral
sip,4,0,neutral
terima,4,2,positive
good bantu,5,8,positive
inovator,5,0,neutral
helping me for career sharing career webinar reference networking and job vacancy,5,3,positive
gabung dgn masuk email pribadi langsung muncul profil usaha tahap proses recruitment mohon jelas kait terima konfirmasi terima tunggu proses recruitment tahap selanjutanya,5,11,positive
ko susah si masuk,5,-6,negative
pakaimelamar nggak tembus ada neg respon kendala lamar tolong tanggap lamar kirim usaha,1,19,positive
sungguh mantap,5,9,positive
helpfull,5,0,neutral
kwren,5,0,neutral
good bisniss,4,5,positive
mantap,5,5,positive
platform bagus profesionals,5,2,positive
jos,4,0,neutral
kemudi,5,3,positive
ribet pake tekateki gitu salah mulu gambar jelas neg juntrung,1,-3,negative
nice,5,4,positive
tholol verivikasi sampe x nggak masuk,1,-2,negative
verry good,5,5,positive
jelasssss neg verifikasi aman bisa neg ngulang x tetep cocok neg,1,4,positive
bagus ukt info kerja,5,1,positive
too much asking for ubdate,1,0,neutral
fantastic,5,0,neutral
good n smooth,5,5,positive
kali masuk bisapadahal neg email password verifikasi manusiapadahal email password benarhuffffftttt,1,-3,negative
hse profesional,5,0,neutral
bagus,2,2,positive
lumayan bagus,4,3,positive
tambah relasi,4,6,positive
piye yo verifikasi gagal dikon mileh gambar wan madep duwur gambare duduhno silit pilih teliti ora ngefek opo mneh ngacak bolak balek tetep gagal lha x x megelno jempol tangan gaweo sak karepmu sehat,2,-9,negative
akun ribet,2,-4,negative
pertemannan,5,0,neutral
bantu cari kerja lagi neg cari pasti forum forum kejelesanya mas ragu,4,0,neutral
good aplikasiontl like itsucses always,5,5,positive
wawas ilmu tahu bidang industri,4,8,positive
keren banget business owner,5,1,positive
genah neg masuk verifnya susah bner klo gambar oke suruh salah ulang lgi hahaha jembootte guna neg,1,-5,negative
oke banget,4,3,positive
manfaat cari kerja,5,4,positive
lupa pasword ulang verifikasi gambar gagal,3,-1,negative
very good looking for business relations,5,5,positive
the best of best,5,0,neutral
oo,1,0,neutral
bagus kerja,5,4,positive
keren banget,5,1,positive
kerja software engineer full remote wfh mantap,5,7,positive
sukses,5,3,positive
verifikasi nomor susah,1,-3,negative
nagus,3,0,neutral
mohon diperbaikisudah verifikasi verifikasi turus selesai kasih,1,6,positive
mudah cari magang guna,5,2,positive
bantu kembang dunia n teman negara,5,7,positive
what what see sssugjr,5,0,neutral
verivikasi brapa x bisaa neg bresss neg,1,0,neutral
butuh uang,5,-5,negative
luarr biasaa,5,0,neutral
h ee,5,0,neutral
aplikasi masuk mesti tebaktebak gambar,1,-8,negative
moga jalan kerja,5,3,positive
sarana cari cari peluang kerja harap,5,-1,negative
lumayan wawas dunia tetangga,3,2,positive
very good,5,5,positive
dp kolextor,5,0,neutral
,5,0,neutral
mantap nambah relasi,5,8,positive
bantu banget cari kerja,4,3,positive
dubhe corp,5,0,neutral
busuk direstricted jelas neg,1,-4,negative
sulit cari lowong kerja cari usia,1,-4,negative
thanks linkedln,5,3,positive
bantu juang cari kerja bagus,5,7,positive
suka,5,3,positive
fleksibilitas dashboard tarik,5,2,positive
bagus bantu peluang berkarir,2,5,positive
bagusisinya smart,5,0,neutral
tolong linkedln ku bisa neg buka mohon bantu,5,11,positive
good,5,5,positive
media sosial positif bagus informasi karir,5,12,positive
manfaat nama alamat usaha start up terimakasih,5,11,positive
dah dapet kerja sempurna,3,4,positive
apikasinya jaring,5,3,positive
good apllication,5,5,positive
nyoba,4,0,neutral
keep up the good work,5,5,positive
bangun guna,5,1,positive
susah update,1,-3,negative
tombol back hp tampil halaman neg sblmnya mohon baik perlu neg input jenis kerja filter,3,10,positive
update,4,0,neutral
no marketing semen padang wilayah bantenterimakasih,5,0,neutral
are you safe for member why my linkin appears not my account,1,-2,negative
bantu cari teman kerja,5,2,positive
baik buka berfikir banyak sahabat saudara,5,13,positive
sanagat bantu kerja,5,5,positive
buka smoga bantu,5,6,positive
wro,5,0,neutral
deep,5,0,neutral
bisa neg buka komentar lihat profil,3,6,positive
nyesel banget dowload susah verivikasi slalu salah trus tipu,1,-11,negative
bagi informasi,5,4,positive
gakbisa daftar sekian maksih langsung gua uninstall,1,1,positive
ribet nyari kerja masuk,1,-7,negative
bantu nambah relasi,5,6,positive
info thanks,5,0,neutral
,3,0,neutral
operasional director,5,0,neutral
bagussayatambahin,3,0,neutral
semangat dg mbantu support,5,8,positive
datang mudah amplikasi bantu,3,3,positive
i io,5,0,neutral
rejeki,5,4,positive
bisnis,5,3,positive
thank,5,4,positive
biasa mega channel parabola visaid,5,2,positive
tap,5,0,neutral
,3,0,neutral
arah teman berbedabeda,5,1,positive
mudah komunikasi,5,6,positive
terimakasih sempat kerja seru gapernah kecewa pakai buka schroll hari,5,12,positive
pusing kambing,1,-7,negative
bagus butuh,5,-3,negative
puas keren bantu banget update informasi tahu,5,13,positive
terimakasih,4,5,positive
moga jalan,5,1,positive
jossss,5,0,neutral
bisa neg nebak gambar bisa neg bacaasal nyerocos nob,5,2,positive
nice meet and connect with our friends and other,5,7,positive
butuh kerja daerah banyuwangi bantu cari kerja,5,-1,negative
oke bagus simpan cv guna,5,2,positive
bantu cari loker depa,4,0,neutral
knp mm n n kmna m,3,0,neutral
manfaat tambah wawas,5,8,positive
lengkap mudah,5,6,positive
cari kerja favorit,5,-1,negative
no good,2,5,positive
incredible bussiness application,5,0,neutral
si ko dowload mulu pdhl dah batalin,3,-1,negative
bantu ovo uda capay carik makan sampay hak sabar mecarik makan anak ku,5,2,positive
baikin verifikasi ribet bannget,1,-4,negative
crazy why is the verification so difficult and keeps repeating even though its true but being told keep on verifying stupid application better move the jobstreet application if this is the case,1,0,neutral
bantu cari kerja indonesia,5,2,positive
relasi bisnis channel kerja buka tahan kualitas,5,16,positive
bantu tingkat relasi forum kus,5,9,positive
a very good network find and establish relationships with new relationships,5,5,positive
jancox,1,0,neutral
wushang,5,0,neutral
bagus kerja jalin relasi kerja,4,9,positive
muas,5,5,positive
applikasi rusaak bikin slalu baik laah,1,3,positive
susah vertifikasi,1,-3,negative
ok,5,4,positive
ribet masuk nyhrs ulang,1,-7,negative
cis,3,0,neutral
coba,5,2,positive
halo mana kontak team support ganti nomor telepon nomor telepon mati terimakasih,4,20,positive
coba insya allah bagus aamiin,5,11,positive
bantu,5,3,positive
branch manager ptmandala multifinance tbk,5,0,neutral
ok banget,4,5,positive
bonafit percaya,5,2,positive
ratu adil imam mahdi dana raksa,5,14,positive
aplikasi bagus batu cari kerja relasi profesional tingkat layan,5,5,positive
oil,4,0,neutral
bagus banget bantu cari kerja,5,5,positive
ada neg info lokernya cenderung facebook,1,-1,negative
sangt bagus,5,2,positive
update baru deeplinknya eror eror,1,-8,negative
driver dump truk,4,0,neutral
nice appthanks,5,4,positive
very good,5,5,positive
now komen,4,0,neutral
exxelent aplication,5,0,neutral
stres nyelesaiin verifikasi aman nyari kerja kamfret,1,-4,negative
jembuot,5,0,neutral
bantu,5,3,positive
kali dapet panggil kerja kali ada neg satu asli hoax semuamasa iya pt beda tes samad ruko lgitolong tingkat lgi biar loker tipu laporkankasian lulus alam kena tipu,1,14,positive
bantu cari kerja,5,2,positive
bisa neg masuk,2,-3,negative
verifikasi teka teki nyaa aneh dah salah jelas neg,1,-2,negative
membanru,5,0,neutral
bagus,5,2,positive
ribet mudah neg sulit,1,0,neutral
sat,1,0,neutral
upload foto profil background jam sinyal oke wifi oke but,2,7,positive
guna cari kerja,5,0,neutral
breakthrough,5,0,neutral
linkedln bantu cari informasi linkdln perlu linkedln siiiipppp,5,4,positive
jelas neg,1,1,positive
innya aneh,1,4,positive
ngaruh neg dapet kerja pake dr jaman kuliah sampe guna,1,4,positive
taiiiii bener verifikasi terus suruh verifikasi beres neg bikin tebak gambar gaush bikin kaya ginian niat hati nyari peluang bikin pusing,1,4,positive
klau salah panggil kerja kasi,3,-6,negative
manfaat,5,5,positive
fungsi,3,0,neutral
kiano bi a p,2,0,neutral
bisa neg masuk tulis batas verify identitas hubung hubung please tolong cari kerja kuliah,1,-4,negative
great job,5,3,positive
pns konsultan bidang civil engineering,5,0,neutral
gy,3,0,neutral
bantu sekalimenambah jaring tem nan koneksi,4,8,positive
enjoyer,5,0,neutral
slamat malam linkedinmohon bantu ganti nmr simcardtetapi kode verifikasi k nmr lamadan lupa password,5,3,positive
cool,5,2,positive
freeze lag force closed inti jelek,1,-8,negative
hahaha,5,0,neutral
bagus temu orangorang,5,4,positive
gagal teka teki gambar dimensi taikkkk banget,1,-1,negative
is good,5,5,positive
upload foto gagal mulu,1,1,positive
bneran sih neg lokernya panggil tp di neg pt,2,-1,negative
ay,2,0,neutral
tingkat lgi,4,1,positive
hidup simpel brooo ribet verifikasi ribet banget,3,-2,negative
bantu personal branding,5,3,positive
apitas,4,0,neutral
goody good,5,5,positive
ribeettttyou know ribet its confusing me its much verifikasi,3,-4,negative
nyaman,5,4,positive
bisa neg verifikasi,1,0,neutral
,1,0,neutral
kntl daftar ngak juh,1,1,positive
tau neg ngomong,5,-4,negative
kl,4,0,neutral
akses sulit verifikasi berulangulang,1,2,positive
jempol,5,4,positive
bantu manfaat,5,8,positive
manfaat professional,5,5,positive
guna neg,1,1,positive
,2,0,neutral
logindoang suruh pilih gambar arah mulu pilih sesuai neg mulu doang ribet bener,1,4,positive
verifikasi nomer slalu gagal bis neg masuk solusi gimana,1,-4,negative
bantu informasi lowong kerja,5,7,positive
moga mmbantu,5,1,positive
om join,5,1,positive
jarang akses,5,2,positive
cari kerja susah tolong susah maksud gmn si susah banget verifikasi suruh pilih gambar hadap atas tp gagal,1,-13,negative
daftar susah sungguh buruk baik sistem pdhl pakai wifi blank gerak neg loading eror nunggu smpe gtu j uninstal j ni,1,-7,negative
guna neg isi cuman pamer jabat pamer kerja soksokan ngasih motivasi isi sampah cuman budak kagak belagu dah,1,2,positive
coba kasi,2,-1,negative
semua neg lowker langsng lamar kdng hrus unduh laink kayak glits jobstrest gtggt ribet,2,-10,negative
thanks,5,3,positive
bantu cari koneksi kerja,5,4,positive
jossss,5,0,neutral
or,2,0,neutral
bantu,5,3,positive
liit n,3,0,neutral
dchitdbk,5,0,neutral
puas layan terimakasih tingkat kk puas usaha amanah,5,20,positive
game bagus teman suka main btc taut unik mudah main tinggal tunggu cair dana proses mudah mudah alam hasil muas,5,41,positive
mudah mudah,5,8,positive
bisa neg,1,0,neutral
mudah kerja sesuai dingin,5,13,positive
trims,5,4,positive
okkkkkk,5,0,neutral
universiity researcher profesional consultant environment for north sulawesi government since environment impact assesment consultant waste water discharge assesment several private companies,5,0,neutral
n jaring manfaat,5,8,positive
bantu komunikasi bisnis kerja,5,10,positive
can anyone tell me how get verified by number i tried couple times it didnt work respon kode nocaptcha valid neg isi this was wasting my time a lot,2,-2,negative
berantas pt pt tipu saring bener pt fiktif tipu kasihan cari kerja tipu,2,6,positive
gatau kali pas tambahin media kolom didik alam gitu bisa neg upload kaya lot banget jadi upload media metode gdrive gitu bisabisa neg tolong bug kaya gin baik tampil bagus lot upload media,5,7,positive
muas,3,5,positive
ko bisa neg masuk bingung aplikasi uninstall dah bisa neg gunain daftar mulu masuk neg heran dah,1,-9,negative
minta pertemennan,5,2,positive
liat,4,2,positive
info kerja yank nggak pesan masuk suruh interview pt pt nggak masuk lamar pt tipu,1,-3,negative
simple verifikasi simple pokok serba simple,5,12,positive
bantu pra juang cari kerja,5,5,positive
lowong kerja palsu tipu,2,2,positive
tingkat intelegensia tahu,5,5,positive
lnformatif,5,0,neutral
cobah,1,0,neutral
tarik,4,2,positive
want more new friends and share experiences on social media,4,3,positive
sinyal,5,0,neutral
cari kerja bagus,5,1,positive
bagus tarik,5,4,positive
suka,5,3,positive
sulit menginstal,3,0,neutral
very good apl,5,5,positive
mm mama k,4,4,positive
tolong baik iya jaring sinyal bagus kouta bisa neg,1,11,positive
gentot istri tetangga china tagih,5,-3,negative
ok bnget,5,4,positive
manajer,5,0,neutral
ok pokoke,5,4,positive
up date mengosongkankan download down load,1,-3,negative
alhamdulillah thank about your information linkedn,5,9,positive
voba,5,0,neutral
asa pernah neg ganti pasword tp sll gagal masuk aplg verifikasi kali gagal gambar katak,1,-3,negative
bingung banget ulang gimana nama pass salah ulang kali pass,1,-3,negative
sippplahhhh,5,0,neutral
tq bravo,5,4,positive
elegan,5,4,positive
bantu mudah cari informasi penjuru dunia,5,4,positive
moga mudah cepat diperngerti,5,8,positive
akuntan pt bank danamon indonesia,5,0,neutral
informasi job,5,2,positive
bahasa asing erti neg,1,-2,negative
membanth,5,0,neutral
daftar verifikasi kek,1,1,positive
pake aplikasi suruh ulang kali suruh terus,1,-8,negative
moga manfaat kasi,5,3,positive
jadi jalan karir mudah senang,5,10,positive
tunjang karir,5,3,positive
senior general managermanage all aspects build the prospectus high rise landed and commercial properties,5,-3,negative
jgn donlot verifikasi gila,1,3,positive
ooow,5,0,neutral
i got job from this,5,-3,negative
verifikasi susah gambar arah atas bolak bisa neg repot apps,1,-9,negative
so,5,0,neutral
kampret prnah gw downloadmmau verifikasi susah ampun pakai kuis nebak hewan hadap atasudah semuapas salahulang awalhidup ribet ribet,1,-15,negative
aplikasi bikin tagih cari kerja moga cepat panggil kerja buka,5,0,neutral
tau neg,3,-4,negative
banyak loker jelashampir neg yayasan,1,3,positive
taiiiii,1,0,neutral
nice sytem,5,4,positive
mudah,5,4,positive
moga mudah komunikasi efektif,5,12,positive
nyari lowong sulit verifikasi,1,-2,negative
good i hope more better of future,5,7,positive
bagus,5,2,positive
terima,5,2,positive
masuk update update tin ayoo,3,-3,negative
survivor,5,0,neutral
top aaja,5,5,positive
bilang pasword salah pernah neg ubah pasword langsung klik lupa pasword kode autentifikasi pake google miscrosoft authenticator sesuai tunjuk kode nyata salah gimana hub kontak ada neg respons,1,6,positive
,5,0,neutral
informasi manfaat dunia kerja usaha,5,11,positive
apkne ruwet mas sng gena ae,1,-4,negative
bukti,5,-3,negative
occ,5,0,neutral
halaman sedia neg,1,2,positive
loadingnya lambat,1,1,positive
bagus praktis,5,6,positive
apaansih pilih gambar hadap atas bisa neg bida ajgg sampah banget,1,-7,negative
gaei,5,0,neutral
good,4,5,positive
good day,5,5,positive
,5,0,neutral
goood,3,0,neutral
great job,4,3,positive
manfaat,5,5,positive
linked id bobrok bisa neg,1,-5,negative
gambar jelas neg verifikasi gagal teruuuuus,1,-1,negative
manteeb bangett,5,-2,negative
susah verifkasiyo mumet minn,1,-7,negative
bagussss,3,0,neutral
bagus manfaat profesi laut manfaat,5,12,positive
biasahebatkitasaya pribadi merasakannyakita hubung teman agam latar pekarjaankehidupanekonomiws pokoke top markotop,5,11,positive
kode verifikasi ribet rancu,1,-7,negative
guna promosi samping tambah rekan sahabat,4,8,positive
loker palsu tipu mengatasnamakan pt a b tolong filter rekomendasi loker bodong,1,3,positive
terimakasih bantu,5,8,positive
cook training commis oberoi hotel commis carnival cruise line kontrak river cruise line kontrak chef de parties,5,1,positive
jelas neg,1,1,positive
ix,5,0,neutral
tolonggggggggg x verivikasi gagal help mari laku periksa aman cepat mah cepat neg dibukabuka jelasjelas bener gagal servernya masalah,1,-2,negative
great,5,3,positive
jainalktbr,5,0,neutral
suka jadi jual produk,3,8,positive
ngisi kode tpi terus ulang perbaikin bug,1,-3,negative
bagus bantu,5,5,positive
susah banget masuk suka neg,1,-2,negative
bisa neg user and pass bener,1,3,positive
amazing,5,0,neutral
bantu cari relasi kerja,5,5,positive
always be communication others one and believe and believe good body jaring empuk strategi jumpa hubung warga jaring nyata tunjuk probadi wewenang pikir cari pikir positif sejuk iman motivasi kuat,1,32,positive
nanya verifikasi fokus baca verifikasi males gmn depan hadap atas gambar posisi diri yg neg kesampingkebawah paham neg otak beneran dengkul,5,1,positive
guna,4,1,positive
teka teki sulit bisa neg masuk,1,-3,negative
verifikasi gambar terossssssss,1,2,positive
ribet verifikasi,1,-4,negative
gooood,5,0,neutral
mudah cari lowong kerja sulit teka teki,1,3,positive
verif muli,2,0,neutral
optimal,5,0,neutral
bantu neg,1,3,positive
gjls verifikasi,1,0,neutral
ni apl,1,0,neutral
moga bagus,5,3,positive
alam spv sales oprasional manager usaha fcmg,4,3,positive
sip,5,0,neutral
mmo l mo iyanmkl nn mk,5,0,neutral
didik,5,3,positive
respon positif,2,6,positive
bisa neg verifikasi salah sulit,1,-4,negative
cerita jelas neg,1,3,positive
ayo bro download linkedln bebarengan,5,4,positive
bagus dunia kerja tambah koneksi,5,10,positive
thanks linkedln,5,3,positive
kgk perbaruhibukannya bagus jelek susah,1,-9,negative
buang verifikasi,1,-3,negative
barangsiapa kemudharatan muslim allah kemudharatan barangsiapa repot susah muslim allah susah hadits riwayat abu dawud nomor at tirmidzi nomor hasan imam at tirmidzi,1,12,positive
jelek bisa neg registrasi verifikasi support neg,1,-1,negative
suka mas linkedln,5,3,positive
verifikasi tolol,1,-5,negative
bisa neg kirim pesanmasa upgrade premium dulumana mahal,2,5,positive
faham neg,5,0,neutral
bagus bangeut,5,2,positive
nyusahin teka teki gambar bikir ribet,1,-2,negative
alami neg apa alah jalan lancar,5,-6,negative
ok dech siip,5,4,positive
great aps,5,3,positive
why must the verification be so complicated and confusing,1,-2,negative
good job,5,5,positive
jajajaja,5,0,neutral
puas,4,3,positive
x xc,4,0,neutral
susah cari kerja,3,-4,negative
manfaat cari kerja,5,4,positive
,5,0,neutral
bagus bnget,5,2,positive
verifikasi sulit,1,0,neutral
gimana siii verifikasi aj terahirnya salah mulu pdhal bener,1,-1,negative
ribet verifikasi salah ngulang kali ujung gagal hadeh,1,-19,negative
bagus bantu,5,5,positive
sistem aman baik,1,-1,negative
lumayan,5,1,positive
lumina,1,0,neutral
teka teki sesat,1,-4,negative
bantu temen postingan stres neg mahal laku jenjang anak cucu ki te,3,-3,negative
ceklis dah bener teka teki suruh verifikasi lg trusan knapa mesti ribet gitu pilih gambar hewan ngadep jelekkkk bngeeettttt mesti gimna bikin,1,-12,negative
jelek,5,-5,negative
tingkat kualitas kuantitas muas butuh langgan terima,5,9,positive
bantu temu informasih cari kerja mohon sulit,2,6,positive
so good is very good,5,10,positive
ok informasi,5,6,positive
alhamdulillah suami kerja,5,7,positive
bekrjadi ptalmrugisbagai mnijr mrangkapdnganskrtariat,5,0,neutral
qq,3,0,neutral
top ok,3,9,positive
manfaat tukar bisnis,5,9,positive
pikir badak hadap,1,1,positive
bisa neg ganti sandi kode autentifikasi,1,0,neutral
tebar kawan,5,0,neutral
teka teki sulit jelas neg,1,1,positive
susah verfikasi ribet,1,-7,negative
informasi keren,5,2,positive
bantu jobseker,5,3,positive
lalot,1,0,neutral
rintis diri pasar lelang agro jawa barat badan tahan pangan sbg kelompok kerja khusus diri koprasi pasar lelang agro provinsi jawa barat,5,-3,negative
tq for job,5,4,positive
sampah susah verivikasi kayak sampah,1,-14,negative
nya neg mudah sulit,1,4,positive
connected,5,0,neutral
mantapsss,5,0,neutral
bagus job seeker,5,2,positive
verification tolol bisa neg masuk,1,-8,negative
apasih verivikasi salah mulu cape gw anjir tebak gambar udah neg gajadi dah make ribet,5,-14,negative
bantu,5,3,positive
fb taut bau politik event forman e bicara politik silah,1,-1,negative
teralalu susah verifikasi gambar,2,-1,negative
mudah informasi,5,6,positive
ndaftar tpi isi inggris,3,2,positive
jelas neg,1,1,positive
bisa neg verifikasi gagal klik gambar bener,1,1,positive
susah banget teka teki periksa aman sentuh gambar hadap pas selesai pasword salah nggak ngulang,1,-2,negative
sukses,5,3,positive
being profesional is my habit,5,0,neutral
oi developer knp sulit banget verifikasi gambar hadap salah dah miring layar,2,-8,negative
bantu neg susah tebak gambar tele tele harap cepat hapus bodoh public teman keluarga anjur neg pilih,1,8,positive
ribet pake banget ngebantu neg ngebatu bikin kesel,1,-8,negative
yeah fantasty dinesty good like this full peaople fire and puy people good like life for you nice ok,5,16,positive
mast pakai aman tebak gambar salah,1,1,positive
qw ew e,3,0,neutral
bagus,5,2,positive
mudah cari kerja,4,3,positive
rpor,1,0,neutral
ngerti neg banget sma periksa keman no ngasal ttp acc tpi pas serius jg salah mulu heran sumpah,1,0,neutral
,4,0,neutral
suka komunikasi teman sharing kerja sesuai kualifikasi,4,15,positive
bikin aman ribet cari kerja gabisa lewatin tebak gambar gin,1,0,neutral
msntap jg apl,5,0,neutral
sistem ribetlo nyediain lowker pisikotes,1,-4,negative
jaring informasi,4,5,positive
jelek banget verifikasi ribet banget verif kode otp pinjol masuk,1,-13,negative
aplikasi bisa neg instal mentok,1,-9,negative
no comment,3,0,neutral
teka teki sulit paham salah bingung teka teki verifikasi,1,-4,negative
bagus psikotes gambar,4,4,positive
marabika mitra global sumarorong kab mamasa prov sulbar,2,2,positive
dableg suruh nebak kodok bego,1,-4,negative
verivikasi aman ribet bikin pusing,1,-8,negative
spg sepatu pt dodo garmen pt mentari mulia berjangk,5,3,positive
ngerjain doang tembak gambar masuk bener tetep disalahin tolong mudah masuk,2,-3,negative
sistem verifikasi bener lahsuruh madep tepatyang ceklis posisi diri normaldijawab diri normalkurang gimana kocak,1,-5,negative
ko nambah gax jlassnya jlass sandy bnr trusss ferivikasi brulang ydh jgn download,1,0,neutral
busuk bikin emosi,1,-2,negative
bagus cuman pemberitahuan suka ulas klik tuju neg ulas,4,5,positive
lanjut,5,2,positive
knapa bisa neg verifikasi,1,0,neutral
susah verifikasinyatilong dipermudahtq,1,-3,negative
masuk susah najis,1,-10,negative
bantu,5,3,positive
sulit mengupload dokumen sertifikat sortir bisa neg user,1,0,neutral
platform ribet,1,-4,negative
mantapppppp benerrrr,5,0,neutral
bangke ni bikinn emosi,1,3,positive
mantap,5,5,positive
lamar kerja mudah,5,6,positive
,3,0,neutral
o,1,0,neutral
daftar verifikasi modar,1,-4,negative
android aneh,1,4,positive
jelas neg teka tekinyauninstal aja,2,2,positive
kesal,1,4,positive
cari loker,5,-3,negative
masuk neg,1,-3,negative
buruk teka teki jem sampe reset password teka teki nyusahin bilang,1,-5,negative
kerenn,5,0,neutral
elrty,5,0,neutral
ih bagus banget,5,3,positive
download tp survey,1,0,neutral
mudahmudahan cinta,4,3,positive
kesel banget linkidn pas verif susaaaah banget ngegampangin nyusahin,1,0,neutral
ribet spam email lulus loh apply ndak lanjut spam email,1,-6,negative
bagus kalang cari kerja,5,1,positive
verifikasi ribet nauzubillah mah mutu neg banget pinter dikit napa,1,-1,negative
ujungujung calo mnta adm duluan jaman kompeni,2,0,neutral
habib sholikhin,3,0,neutral
losss,5,0,neutral
qa qu u u u u u xxt,3,0,neutral
bagus,5,2,positive
manfaat tambah tahu wawas,5,12,positive
bantu job seeker,5,3,positive
ribedin pakai tebak gambar,1,5,positive
masuk ribet banget,1,-6,negative
ok terimakasih bergabungkoneksi jaring,5,12,positive
suka neg verifikasi aman mending teka teki benda per verifikasi aman google hindar robot cari gambar hewan hadap ujungujungnya salah mohon baik,1,5,positive
so far so good,5,5,positive
puas,5,3,positive
klo ilah mudah jgn ribet kasihan tua gx tau,3,-4,negative
dpt kerja dr linked lowong hadeuhhh,1,2,positive
mana mau situ jalan juang akan neg menghianati hasil,4,11,positive
mantap linkedln,5,5,positive
cakep,5,5,positive
,4,0,neutral
ok,5,4,positive
linkedim reting tigakenapa sulit sinyal banding,3,3,positive
plg prnh gw downloadmau sulit chatcha,1,0,neutral
hy oedt,4,1,positive
siip,5,0,neutral
ok n top,5,9,positive
this good me,5,5,positive
tingkat linkedln,5,1,positive
manfaat tambah relasi wawas,5,11,positive
hayo,5,4,positive
bantu mudah jgn ribet lewatin tebak gambar kali gagal manusia otak kerja dengan neg tekan manusia produktif kecewaaa linkedln,1,18,positive
baikdan bantu,5,3,positive
very good aps,5,5,positive
muantabbbek,5,0,neutral
bantu kerja impi cari kerja,5,4,positive
good harap kembang mudah user,5,15,positive
woke,5,0,neutral
good,5,5,positive
good platform for jobseekers,5,5,positive
good connection,5,5,positive
bagus banget,5,3,positive
mantaaapp,3,0,neutral
bantu informasi,5,5,positive
fine,5,3,positive
burukverifikasinya gagal sulit orangtolong baik,1,-1,negative
when i was going verify the image i tried times and it never worked even though it was correct intention make it easier find work but has been broken by a situation like this please fix bugs and make it easy for us,1,-5,negative
sertivikat alam kerjasio aktif,4,4,positive
susah masuk yaterlalu ribet,1,-10,negative
sagat bagus,5,2,positive
when editing my privacy settings why suddenly redirected a job search page,2,0,neutral
santri pondok pesantren amanatul ummah dah tempuh didik mahasiswa universitas ciputra surabaya,4,0,neutral
omg kode capcahnya eror mulu emosi,1,-2,negative
staff ppic supervisor shipping general admin,5,0,neutral
very helpful,5,0,neutral
sngat manfaat,5,5,positive
henti verifikasi data susah,1,-10,negative
baikmembantu ruang pencaker recruiter koneksi,5,-1,negative
lowong kerja,4,2,positive
ribet,1,-4,negative
lumayan,4,1,positive
luas untung hubung lindung privasi aman muas,5,16,positive
n t,2,0,neutral
informatif profesionalmudah digunakansederhanalengkap milik tantang cari kerja,5,-4,negative
bantu cari lapang kerja bisnis,5,8,positive
kesel banget sumpah sm linkedln skrg tahap verifikasi gagal logika klo manusia neg hewan mungkin neg tolol tolong baik lg kecewa akut,1,-7,negative
alam kerja linkedn,3,4,positive
jozz,5,0,neutral
kode captchanya gagal masuk tida parah tolong baik loginnya lamar kerja sulit masuk sulit duluan,1,-8,negative
ngelamar gimana klo make ni daftar tidk baca lamar kerja klo lowong kerja tamat smk usia muda neg,1,9,positive
sampahmau daftar bikin kesel tolong baik chapta,2,2,positive
bantu peluang kerja impi,4,5,positive
verifikasi jelas neg maaf uninstall,1,3,positive
gila fokus bahasa inggris nggak filter bahasa begara,1,-1,negative
cari gambar hadap dengar gambar ajah mengahadap aneh gambar neg kaya lintas zebra cros jembatan mobil,1,8,positive
susah banget di neg acc,2,-2,negative
sungguh,5,4,positive
terima gabung,5,-3,negative
aman ribet beut akun bete ah,1,-9,negative
nice,5,4,positive
,5,0,neutral
h mobil apaivf d prsp ty,2,1,positive
job vacancy on board ship,5,0,neutral
sumpah kesel bangetniat hati daftar mood neg problem daftar website pas tahap verifikasi gagal sesuai gagal sampe gel niat hati download aplikasi mudah eh nambah kesel bisa neg daftar stuck pas daftar email password tolong guna kecewa tolong baik,1,10,positive
baik kode captcha daftar bisa neg lanjut verifikasi gambar henti tahap error bisa neg baca verifikasi suara hasil neg ulang,3,4,positive
kuliner,3,0,neutral
lumayan bagus,4,3,positive
,3,0,neutral
mn,2,0,neutral
manfaat cari kerja,5,4,positive
verivikasi kali kali bisa neg,1,0,neutral
tingkat kualitas,5,5,positive
good work,5,5,positive
okeetopp,4,0,neutral
,5,0,neutral
very goods,5,0,neutral
akurat,5,0,neutral
bagus bantu,5,5,positive
kontruksi,5,0,neutral
oke banget,5,3,positive
cook nationalcook chinese cook western,3,0,neutral
good,5,5,positive
lumayan bantu loker pasang,4,8,positive
gabisa download gagal tau solusi gmn,3,-5,negative
bantu rekrut karyawan tks,5,6,positive
bagus cari kerjacuma fakeatau penipuyg ujung loker palsumohon nyaring palsu,4,-4,negative
bedt,5,0,neutral
good for the apps,4,5,positive
keren informasi kerjannya,5,2,positive
,5,0,neutral
boger operator,5,0,neutral
w rb,4,0,neutral
,4,0,neutral
susah daftar edit profil,1,-2,negative
muas professional,5,5,positive
,5,0,neutral
kumpul rajin,5,4,positive
guna neg ygy,1,1,positive
bagus nyamantap,3,2,positive
bagus informatif,5,2,positive
,3,0,neutral
okay,5,4,positive
moga manfaat kerja mantap,5,13,positive
informatif komunikatif,5,0,neutral
tolong bisa neg daftar please,1,1,positive
sorry auto delete,1,-7,negative
banyak s lulus bawah susah banget cari lowker,3,3,positive
susah verifikasi bisa neg luar indonesia susah sign buffering aplikasi gerak lambat,1,-9,negative
tingkat,5,1,positive
tambah ilmu luas jaring peluang masuk tambah motivasi,5,16,positive
instruksi langsung sgb swing motor ex garap besok td prepare langsung japri mas topik hose pcs dgn meter flange dn pasang ex line boom rh lh merger line arm sh buatin flange ukur dn adapter pcs lurusss buatin flane ukur dn adpater pcs clamp dn pasang clamp dn pasang modif hose pasang motor travel rhlh ex dg valve biar steering uni,2,26,positive
mohon hama slalu ikut manusia emblem peras mnghnghalang financial hapus guna neg mnjadi kacung musrikkasihan perintah tiru,1,-3,negative
siiiiip,5,0,neutral
,5,0,neutral
mantap info kerja moga rezeki,5,8,positive
amazing every time,5,0,neutral
i hope its good start,4,5,positive
dicobain insya allah,3,5,positive
gambar hewan jelas neg,1,3,positive
withdraw,5,0,neutral
,3,0,neutral
cari kerja karyawan profesional advokat psikolog direktur manager hrd,5,5,positive
k neg,3,0,neutral
oj,4,0,neutral
dgn,5,0,neutral
payah verifikasi bener gagal mulu ribet kode verifikasi sms lot,1,-11,negative
itumemang mau neg sila,2,6,positive
jpbooss,5,0,neutral
susah daftar verifikasi banget salah mulu,1,-3,negative
ok good so many jobs searching,4,9,positive
informasi lowong kerja terupdate percaya,4,6,positive
alam tua tuatua kladi,5,-2,negative
msh komplit,4,0,neutral
lowong lumayan lemgkap sayang banyak butuh alam minimal sekian juara,4,1,positive
bwt ada neg bukti format jls neg guna mrskan klw format membuahkn neg hasil,3,5,positive
bisa neg masuk verivikasi gambar,2,-1,negative
ahli consultant resto cafe hotel dlm benah n marketing,5,1,positive
good relationship,5,5,positive
mei,1,0,neutral
moga kerja aamiin,5,5,positive
hoax info valid neg,4,-8,negative
profesional teamwork mandiri team komunikasi,5,0,neutral
,5,0,neutral
moga,3,1,positive
buka,2,3,positive
susah loging kode verifikasi kirim neg gmail,2,-4,negative
dd z,2,0,neutral
peluk senior,4,-6,negative
lumayan,2,1,positive
muas good,5,10,positive
bu bu ami,5,0,neutral
ada neg aa hee lk fol vfd ij es campur,4,9,positive
wawas informasi job depan,5,2,positive
stupid verifikasi,1,0,neutral
im a user for a long time job vacancies on seem be just ads sorry i said that,3,-4,negative
social media for professional entrepreneur,4,0,neutral
bagus bantu kerja negeri,5,7,positive
bagus peluang tawar pilih tinggal berani,5,-3,negative
parah berkalikali nebak verifikasi gambar salah mulu kali ketemu gin auto unfollow,1,-6,negative
,4,0,neutral
linkedln mengembangkanpryeksi fitur sukses raih citadan cinta idamidamkan apllikasi bagus bagus suka banget,5,16,positive
ok dahh,5,1,positive
baguss,5,0,neutral
masuk neg mentok cumam kerja trakhir tolong baik,1,0,neutral
bisa neg lamar buffering lamar,2,0,neutral
batas verifikasi ada neg pemberitahuan email,1,-2,negative
bisa neg isi data pribadi,1,-1,negative
suka tibatiba bisa neg akses,4,5,positive
,1,0,neutral
kode aman sulit bikin pusing,1,-7,negative
,5,0,neutral
motivasi n bangkit semangat dpn karna rezeki sulit prediksi,4,15,positive
fesbukan,5,0,neutral
good connecting everyone,5,5,positive
bom faham guna,4,2,positive
susah verifikasiauto and uninstall,1,-3,negative
buruk,1,-5,negative
ndak daftar tdi,1,-2,negative
sempat hubung profesional tambah relasi peluang,5,7,positive
mohon baik postingan hari post foto bisa neg kemarin ada neg,1,12,positive
ike,5,0,neutral
tolong kembang batas batas sulit lowong kerja,1,2,positive
hotel sapadia bundar s kota pasir arai rok hulu,5,-3,negative
inovatif,5,0,neutral
good applicationvery recommended,5,5,positive
guru bnn,5,3,positive
top mantap fokus semangat positif,4,21,positive
like komentar bisa neg salah,1,-4,negative
terimakasih berterimakasih management manfaat masyarakat dunia butuh kerja mudah kerja percaya tolong usaha kerja hasil berterimakasih,5,25,positive
lowong apply satu neg ada neg respon niat buka neg lowong loker benda neg langka antik juga neg pajang,4,7,positive
sunguh guna,4,1,positive
er,3,0,neutral
luas wawas,5,3,positive
sngt manfaat,3,5,positive
bagussaya ajar,5,1,positive
very helpful application for seeking a job,5,0,neutral
fungsi tuju,5,3,positive
pandu awal lumayan sulit paham lulus slta highschool ada neg fitur,3,15,positive
pas masuk isi alam kerja masalah apl solusi,3,5,positive
the one better aplication,5,2,positive
cocok,5,4,positive
mantap bantu,5,8,positive
tarik,3,2,positive
verifikasi konyol suru pilih gambar hadap smuanya hadap gambar,1,-1,negative
mantapjaringan internasitional bantu sepluruh lapis masyarakatsukses,5,3,positive
best rated,5,0,neutral
panen sawit,2,0,neutral
love this apps and very good for us,5,10,positive
very amazing,5,0,neutral
cek sertifikat vaksin,3,-4,negative
bantu cari informasi,5,2,positive
membntu dlm pncarian loker,5,0,neutral
oleh alam,5,2,positive
very good application and very easy for use,5,5,positive
,5,0,neutral
masak,1,2,positive
very bad with new verifikasi make me can not,1,-4,negative
ngelag error,1,-5,negative
job tipu tolong seleksi,1,3,positive
fixs,5,0,neutral
tolong lowong apply lamar direspontidak usaha tolong tampil neg berandapencarian perlu neg email pemberitahuan kerja info kerja apply terima,2,10,positive
security propesional,5,0,neutral
daftar aj bisa neg,1,1,positive
terima,1,2,positive
bagus,3,2,positive
coba neg dah,1,-1,negative
llkintil,5,0,neutral
teman batas neg kasta rendah kasta tinggi,5,-5,negative
ok bantu,5,7,positive
uang langsung potong k akibat langgan uang bayar rumah sakit,1,3,positive
mantap inikita cari kerja,5,4,positive
okay bagus,5,6,positive
greening the earth and providing food for the world community,5,0,neutral
baguss beberpa tingkat,4,1,positive
good and useful,5,5,positive
ko okkooopm,5,0,neutral
mantaab,5,0,neutral
kerja,5,2,positive
bagus untung,5,5,positive
solusi cari loker,4,0,neutral
mudah aktifitas,2,4,positive
apkx bantu z cari kerja z suka bangetytt,5,5,positive
kembang sayang kerja,4,8,positive
bantu cari kerja info shared of job,5,-1,negative
lumayan bagus,4,3,positive
assalamualaikum,5,3,positive
pakai,5,0,neutral
jelas neg verifikasi,1,1,positive
bagus hubung langsung jajar hrd,4,6,positive
jlas neg tebak gambar tpi kluarnya salah,1,1,positive
great professional apps,5,3,positive
tolong bantu solusi pecah verifikasi tahap nomor ponsel karna nomor ponsel daftar acount bisa neg handphone ganti punya akses verifikasi email hasil tahap,5,21,positive
lumayan,4,1,positive
,5,0,neutral
,2,0,neutral
bagus teman,3,2,positive
guna sekalibagi cari karier tambah wawas,5,1,positive
paham tampil iklan loker kah bisa neg langsung apply kah stiap apply masuk situs,2,1,positive
,3,0,neutral
excellent,5,0,neutral
e,5,0,neutral
manfaat neg,1,5,positive
profesional kebun tebu pabrik gula,5,-4,negative
buka gimana,4,3,positive
bantu cari kerja,5,2,positive
oke i like it,5,2,positive
pubilk,5,0,neutral
,5,0,neutral
koneksi pintar,5,2,positive
okesip,5,0,neutral
oklpl r,5,0,neutral
payakumbuh,1,0,neutral
mantappppp,5,0,neutral
info loker akurat,5,-3,negative
verifikasi gambar salah,1,-2,negative
bs neg isi aman liat contoh gambar contoh klik jgn wujud pokok dgn contoh contoh bs liat pas kali salah klik,5,12,positive
ok mantab cerot,5,4,positive
brkata,3,0,neutral
bukti manusia nggak bener,1,4,positive
moga kerja,5,3,positive
linkedln update info usaha aktif tutup peluang job arah actual update pt tenc indonesia aktif neg peluang job pt jgn kirim krn mantan karyawan,4,3,positive
sqngay bagus,1,2,positive
okkk,5,0,neutral
good application for networking,5,5,positive
csaawe,3,0,neutral
suka,5,3,positive
support me,3,4,positive
sosmed manfaat,5,5,positive
guna,5,1,positive
dismond,5,0,neutral
cr kerja koneksi neg gampang bakal neg nganggur kakek wkwkkwk,5,8,positive
prnah dpt pnggilan kerja tuhh ni ny,1,2,positive
tolong koneksi golong premiun gratis,4,9,positive
t ct x vu u cg buuuu buuuu ub hhhhhhhhhh ym,4,0,neutral
verifikasi verifikasi bisa neg sebel,1,-5,negative
sangsat bagus,5,2,positive
sewa jasa angkut barang,4,5,positive
teknologi ilmu computer at google,5,4,positive
thank you for cooperation,5,4,positive
kakehen iklan,1,0,neutral
tolong iklan youtubenya sering ganggu cok,1,2,positive
jelas neg,1,1,positive
ganggu,1,-4,negative
persewaa tenda dekor,5,0,neutral
paham,5,0,neutral
bagus manfaat cari lowong kerja sesuai minatkeahlian bakat mudah gampang digunakkan erti menggunakkan tools tools,5,23,positive
kawan ilmu,5,4,positive
moga,5,1,positive
manfaat,5,5,positive
sedia semangat,5,6,positive
good for community profesional,4,5,positive
bangun relasi asyik,5,3,positive
bru bos,1,3,positive
very guudddd,5,0,neutral
lumayan,3,1,positive
bantu job seeker,5,3,positive
bagus,3,2,positive
cepat dapet kerjaanmantaabb,4,5,positive
rekomendasi,5,0,neutral
ajar,2,1,positive
,5,0,neutral
guna untk koneksi dgn temanrelasi manfaat sdg butuh loker,5,3,positive
cok mala suruh ngisi kode ngisi manusia matane neg picekkk,1,-7,negative
yuks ok,5,4,positive
i murah,5,3,positive
tolong buka togel jam malam,3,5,positive
asu,1,0,neutral
is the best,5,0,neutral
mantaabb,5,0,neutral
aplikasi manfaat banyak koneksi mudah cari kerja,5,9,positive
,3,0,neutral
due,4,0,neutral
aneh transaksi dana yapdahal nyantumin neg,1,12,positive
linkedln bantu jobsekers,5,3,positive
cek,3,-4,negative
good job it must have new version,5,5,positive
bagus tambah relasi selamat n maju,4,13,positive
auto uninstal guna neg,1,1,positive
bagus bagus referensi lowker banyak,4,7,positive
upd,5,0,neutral
apansih daftar pake gambar,1,3,positive
good my parnert and my job,5,5,positive
verifikasi bisa neg,1,0,neutral
ajang pamer citra dapet kerja kagakharga hilang loker isinyaa gitu ngabisin kuota doang space memory,1,2,positive
ok,4,4,positive
elek pol polan rekomen neg blas,1,-3,negative
sebarang sungai,5,-2,negative
bantu cari kerja,5,2,positive
mantap nian,5,9,positive
,4,0,neutral
amazing good luck,5,9,positive
susah updaterudettt,1,-3,negative
verifikasi masuk neg masuk,1,-6,negative
keren,3,0,neutral
bikin ribet gabung pake verivikasi gambar bekal kali gada masuk masuk kaya gin mah males org bangrut dr bikin ribet,1,-16,negative
takjub,5,4,positive
niat cari kerja ehh suruh main puzzle bener pilih gagal mulu tolong admin,1,1,positive
size,5,1,positive
pernah neg make tau neg,1,-4,negative
,4,0,neutral
dolo,3,0,neutral
clean and clear,5,0,neutral
suka,5,3,positive
,2,0,neutral
tebak gambar kali gabisa masuk,1,2,positive
buka ig,5,3,positive
mohon masuk linked menu alam industri bisa neg edit kunci ada solusi,1,11,positive
awesome thank you,4,4,positive
mohon kembali uang karna pakai neg fitur premium harga mahal juta rugi,1,5,positive
anggur alam neg,3,-2,negative
linkedln is great place meet friends and partners from worldwides,5,6,positive
liat hasil,2,5,positive
good social media boost humanity needed,5,5,positive
inspiring,5,0,neutral
gimana industri gabisa isi isi tetep jdnya kosong kosong gaada optional milih industri tolong bantu pesan solusi,1,2,positive
sederhana,5,3,positive
moga manfaat,5,6,positive
gold,3,0,neutral
badabest,5,0,neutral
bagus bs nambah teman mudah cari informasi cari kerja cocok mampu,5,10,positive
un instal gmna,1,0,neutral
,5,0,neutral
gimanaa daftar teka teki salah muluuu repott,2,-3,negative
industri panel mvlv sd industri telekomunikasi sd,5,0,neutral
terimakasih linkedln cari kerja,5,4,positive
verifikasi mohon baik,1,5,positive
bisa neg sign bodoh,1,0,neutral
lamar pakai bahasa inggris bayar bagus belah,1,-6,negative
goodan informations,5,0,neutral
sdg ganguan dr kmaren bsa neg download gagal nyampe macet situ maju neg,2,-4,negative
manfaat dunia kerja,5,8,positive
bagus senang,5,7,positive
mannnnnnnapppppp,5,0,neutral
,4,0,neutral
jelas neg salah verifikasi an step step gagal,1,-7,negative
rusak verivikasi gambar salah otp hasil masuk neg,1,1,positive
bagus inovatif lingkung dunia kerja lali commercial harga premium sangaaaaat mahal,4,7,positive
bagus,5,2,positive
bisa neg masuk linkend,5,-3,negative
bagus untu k refrensi profile,5,2,positive
unistal karna guna,1,1,positive
sosial erti umat,5,9,positive
vertifikasi bug,1,0,neutral
manfaat cari kerja tambah relasi wawas kerja,5,12,positive
,5,0,neutral
kirim notifikasi tungguin masuk neg kirim telp bisa neg,1,1,positive
bisa neg sign gblk,1,-4,negative
tambah wawas tingkat karir,5,4,positive
imail terban susah,4,-7,negative
alam tambang sumatera selatan manufacture negeri china hongkong manufacture negeri jakarta bogor,5,2,positive
,5,0,neutral
bodoh verifikasi bener salahin tolol,1,-2,negative
stasus org nongol bknnnya info loker mending hapus,1,-6,negative
p ler,1,0,neutral
gud,5,0,neutral
no hasil,2,3,positive
assalamualaikum warahmatullahi wabarakatuh hai temen nama sahda rela cari kerja kerja,5,12,positive
bagus informatif,5,2,positive
ngelamar via alih web alamat email panggil masuk cek alamat kantor tsb tipu tolong biar percaya,1,-2,negative
moga bantu,4,4,positive
update update banyak neg,3,3,positive
maju,1,0,neutral
,5,0,neutral
bantu inspirarif,5,3,positive
terkereennn,5,0,neutral
moga manfaat sukses,5,9,positive
mantap bantu dunia iklan,5,9,positive
beku ada neg warning akan neg perna main beku warning pemberitahuan main beku beku buat neg postingan aneh download klo mau neg kecewa,1,15,positive
kermaks,5,0,neutral
ayo buru download linkedln go,5,5,positive
tres luu,1,0,neutral
terimaksih linkedlntelah mudah cari kerjadan asah skill,5,2,positive
belabelabela,1,0,neutral
good,4,5,positive
instal ngk uplikasinya hp klu masuk ply store,2,-3,negative
keren,5,0,neutral
berterimakasih,1,0,neutral
bagus,5,2,positive
kasi dulumoga manfaat,3,2,positive
parah si verifikasi gagal pencet bener bgtu sampe gw emosianknp si nyashin,1,-8,negative
good,4,5,positive
tingkat naik,5,2,positive
apl ok,5,4,positive
jtoxy,1,0,neutral
bantu cari rekan,5,4,positive
linkedln manfaat,4,5,positive
bagus,3,2,positive
kena go lumayan,4,-2,negative
kereenn,5,0,neutral
bantu jaring,5,6,positive
jelas neg verifikasi susah bener gambar normal salah gambar hadap salah aneh bener dah payah,1,2,positive
verifikasi suruh tebak memej,1,1,positive
gabung saja neg sahabat tp aneka kerja profesi manfaat dech,5,6,positive
apasih bisa neg akses premium bayar mahal jt heran males langgan,1,4,positive
terimakasih,5,5,positive
bermamfaat,5,0,neutral
klo dah dpt kerja bener bru aq full bintang,4,2,positive
tanks,5,0,neutral
gmn si verifikasi salah bener jwbn bener,1,2,positive
okkk,4,0,neutral
moga cepat kabar tempat aamiin,5,5,positive
not bad,3,-4,negative
very much experience with,5,0,neutral
good job,5,5,positive
mantaapp,5,0,neutral
khusus orangorang pro bidang lulus smasmk rekomen neg pake,3,5,positive
bobrk verifikasi kyk anak tk pernah neg lolos maen puzzle ampek ratus kali lolos neg sinting,1,-13,negative
verifikasi susah verif email nggak gambar gambar aneh tes sulit sbmptn,1,6,positive
download bos,5,3,positive
wiraswasta,5,0,neutral
alhamdulillah,5,5,positive
,1,0,neutral
ard,3,0,neutral
bonti,5,0,neutral
coba,1,2,positive
sulit toloi,1,0,neutral
bismillah,5,4,positive
maklpoh,5,0,neutral
siip oke,5,2,positive
daftar suruh cocokin gambar binatang mengahadap bikin info loker bikin game puzzel hh unin dah,1,-3,negative
daebak,5,0,neutral
guna golong populer nama guna,5,7,positive
gooooood,4,0,neutral
kek babi daftar susah kali,1,-6,negative
sentuh gambar hadap jelas neg verifikasi nomor buruk,1,-1,negative
sales area executive,4,0,neutral
bagus banget aplikasi saran kaum muda banget semenjak liat postinganku langsung bikin personal branding,5,5,positive
guna rasa manfaat swbatas baca baca informasi doang,1,13,positive
mudah interaksi komonikasi info bisnisdan loker,5,4,positive
arah mantap,5,6,positive
verifikasi linkedln susah pilih kucing hadap atas,2,-9,negative
gambar akurat boss bikin bingung verifikasi gambar bikin bingung,1,4,positive
oce,5,0,neutral
teliti nutrisi reknologi pakan,5,0,neutral
lowong kerja cool,1,4,positive
great,4,3,positive
,3,0,neutral
direktur utama pt pandu perdana borneo,5,6,positive
okeee platform mantap,5,5,positive
daftar teka teki salah,1,-3,negative
keep healthy,5,0,neutral
bagus,3,2,positive
top,5,5,positive
masuk neg langgar neg standart komunitas,1,-1,negative
amazing,5,0,neutral
its great happiness aji the great is very very great so far so good so what have a nice time sniper,5,22,positive
bom masuk,4,-2,negative
bisa neg akses update tp ttp bisa neg akses hmm,3,4,positive
gabung suruh pilih gambar kambing hadap au ahhh gelap cancel gabung,1,-19,negative
ferifikasi gambar robot neg susah betulmales pakai awalsudah ribet,1,-5,negative
,1,0,neutral
taok,3,0,neutral
great application,5,3,positive
sangatpuas,5,0,neutral
awas tipu,2,4,positive
ingi ajar usia terima ilmu sinitrims,5,7,positive
good personality work and powerfullnes the application me,5,5,positive
daftar batas bisa neg akses kecewa langgar neg,1,0,neutral
cek email gmn lupa email sya tolong adakan cek email bisa neg thank,4,0,neutral
tolong arah,5,4,positive
x n tin,4,0,neutral
nn inon,5,0,neutral
bisa neg verifikasi x gagal,1,-4,negative
pingin bisnis lahan proferty industri,4,5,positive
lowong saudi arabiariyadh cablesaku x saudi riyadh cablespengen lagiterima,5,0,neutral
aman cepat,5,3,positive
mumtaz mahal,4,1,positive
bantu cari informasi lowong kerja,5,4,positive
,3,0,neutral
bnyak oknum tipu mohon tanggap dgn serius,5,0,neutral
kerja,5,2,positive
amazing senang,4,5,positive
bantu butuh kerja,5,0,neutral
biar bicara,5,1,positive
job hunter,5,0,neutral
banget,5,1,positive
minggu gabisa akses versi baru hapus cache gabisa,1,-1,negative
ze,4,0,neutral
heloo saudara selutuh dunia pakailsh application okay best agpbergabunglah srlalu memskai application okay,5,9,positive
good and the best,5,5,positive
,5,0,neutral
bantu,5,3,positive
partisipasi,2,3,positive
verifikasi bodoh,1,0,neutral
nambah ribet kaya neg ribet,1,-6,negative
top,5,5,positive
bagus baget,5,2,positive
wadah cari kerja baik alam semesta,5,4,positive
hjkji,5,0,neutral
its good,5,5,positive
why is it so difficult post multiple photos even i have updated the please fix it,2,-5,negative
first time,5,0,neutral
profesional karakter,5,0,neutral
hihi,5,0,neutral
paham y neg,4,0,neutral
bagus interaksi guna,5,6,positive
operator forklift,5,0,neutral
couldnt enter into my account,1,0,neutral
kecewa laku neg tindak anggap langgar batas mohon pecah kecewa respon batas lambat ada neg respon rugi dapat neg,1,2,positive
apknya ribet jelas neg enak pakai jobstreet mudah paham simpel,2,9,positive
ada neg nyari kerja sekian ratus lamar bulan ada neg satu terang dokumen lampir baik,1,15,positive
buruk kecewa,1,-5,negative
bikin verifikasi bener gblk,2,-1,negative
cari kerja kuli bangun di neg,3,-1,negative
bener bener profesional,5,6,positive
,2,0,neutral
mohon developeradmin lowong kerja kedok hoax via adm mohon klarifikasi jobskeer lamar usaha inginkanterima,5,2,positive
mudah,5,4,positive
ok,5,4,positive
gimana verfikasi salah mencet gambar hadap atas,1,-6,negative
bagus simple relevan cari kerja tele neg jobseeker,5,4,positive
verifikasi rumit,1,-5,negative
cari kerja samping,2,-5,negative
jelas neg mesti verifikasi gambar jelas neg,1,1,positive
mantapps,5,0,neutral
hape error yasaya buka via web komputer web hape error,2,-7,negative
bagus informasi,5,4,positive
okkk,4,0,neutral
bagus tambah jaring,5,8,positive
daftar ribet,1,-3,negative
,2,0,neutral
rekomendasi bagus bangun karir,5,2,positive
very bad verification of going alone is so hard it doesnt make sense its always wrong fix the picture,1,-7,negative
top,5,5,positive
praktis neg daftar suruh verifikasi aman kali hufff,1,3,positive
pikir out of the box reality,5,1,positive
gblk info loker tebak gambar susah verifikasi,1,-5,negative
wahh biasaa wajib download,5,-2,negative
susah kerja aj instal ginian uninstal,1,-1,negative
right brother,4,0,neutral
oke bofohin bisa neg masuk verifikasi,5,-1,negative
bisa neg tebak gambar otak eror,5,4,positive
bai,5,0,neutral
tolong bisa neg akses website laptop playstorehandphone check internet okey diberpaharui buka silah coba kendala jaring,3,17,positive
ust ikhsan,5,0,neutral
verifikasi doang bisaverifikasi mohon dperjelas dn keamananyatq,1,3,positive
andai wajib neg alam kerja hubung mahasiswa pintar tq ur,2,9,positive
oke,5,2,positive
verifikasi sulit,1,0,neutral
helpful,5,0,neutral
bantu informasi lowong pkerjaan,4,5,positive
mudah salah pilih bantu cari kerja,5,0,neutral
bantu proses cari kerja,5,3,positive
bagus gabung hebat,5,-3,negative
e,5,0,neutral
ready,5,1,positive
aamiin,5,2,positive
plis bantu kerja,5,5,positive
bantu jobseeker,5,3,positive
as,5,0,neutral
mudah cepat dlm verikasi kode,5,4,positive
bagusssssss,5,0,neutral
bantu komunikasi langsung kabar berita apa,5,3,positive
guna,5,1,positive
ajah,5,0,neutral
daftar susahtolong ganti verifikasi via no hpsend code otp,1,4,positive
su asu asulo dongdot turun nyesel,1,-4,negative
mantul,5,0,neutral
the server really bad,2,-4,negative
semangat pagi optimis pesimis keluarga yte team indonesia bentuk trobosan tingkat finansial akurat padat percaya aman boyadi banyuwangi ambil trobosan tingkat finansial karena dampak covit luluh lantah ekonomi rakyat indonesia solusi program modal resiko hasil aman silah simak,5,26,positive
mks,5,0,neutral
,4,0,neutral
go a head go success,4,0,neutral
goodmantapss,5,0,neutral
good,5,5,positive
pandang belah mata kaya cantik smart panggil profesional bom kenal karya pandang emanng pilih usaha daftar linked kasi org lulus nyari kerja tp pernah neg lirik kecewa kecewwaaaa,1,7,positive
bugs samsung s update tolong bantu,2,6,positive
bikin kesel susah,1,-8,negative
mudah ketimbang web dukung bahasa indonesia,5,4,positive
good opturnity,5,5,positive
hallo team dev verifikasi rubah recaptcha langkah verifikasi paham manusia normal hatur nuhun,1,13,positive
crane operator,5,0,neutral
,1,0,neutral
hubung orangorang hubung peluang mudah hubung orangorang halhal hidup profesional bangun kembang jaring profesional baca berita bisnis industri baru temu kerja impi profil hanya neg resume profesional capai karier bar,5,22,positive
is the best,5,0,neutral
guna batu kalang usaha,5,4,positive
hubung relasi info job,5,1,positive
tau,1,-4,negative
maju sukses pln pondok kopi tema teman tanbahan kerja luar,3,5,positive
very cool,5,2,positive
bantu,2,3,positive
simple,5,3,positive
well done,5,0,neutral
bener neee,2,3,positive
wellhead x mastree,5,0,neutral
agama rukun agama mental spiritual,2,-6,negative
moga segera aamiin,5,6,positive
bagus media informasi,4,4,positive
easy connecting relation so many networking good experiance,5,5,positive
jaring bagus susah update jelas neg,1,3,positive
ajar bisnis penggalama,1,4,positive
daftar member terdadtarno id kirim,4,3,positive
pikir positif cool,5,7,positive
bagus kalk,5,2,positive
mudah lowker baru,4,4,positive
koneksi bisnis bagus,5,7,positive
,5,0,neutral
mudah mudah iny bantu sya habis phk hiks hiks,5,14,positive
bingung,1,0,neutral
jalan bisnis talk fusion enak perlu neg jual produkkerjanya rumah dapat dolar menit,4,16,positive
jelasbaru neg kasi aman salah salah cari kerja nebak bikin manfaat lh gblk,1,-11,negative
ragu ragu bawa bank mandiri nunggu panggil takut tipu,2,-7,negative
there are many job that shown on there thanks for linkin made this,5,3,positive
selamat siang development komplain kait nonaktif sebab neg verifikasi identitas mohon bantu proses buka tks,4,18,positive
nice info,5,1,positive
guna banget,5,2,positive
bermanfaatttttt,5,0,neutral
mantap mak yus,4,5,positive
,5,0,neutral
hasil kolaborasi facebook jobstreet moga depan fiturfitur dukung laksana sourcing proses rekrutmen karyawan,5,12,positive
bantu bidang luas jejaring sosial negerithank you,4,10,positive
paham,2,0,neutral
cacat verifikasi gambar dah salah dah nyoba pakek hp tetep salah baik verifikasi gambar,1,-12,negative
bisa neg,1,0,neutral
jelas neg aplikasi pas masuk pake gmail bisa neg verifikasi nyoba x nebak gambar salah pas make nomor coba langsung masuk pas suruh ngirim kode kirim masuk kode eh kayak gitu mesti ngirim ulang kode,2,-15,negative
lancar,4,4,positive
himo ooloooolol oll,2,0,neutral
i hope make better,5,2,positive
wwconm moktar,5,0,neutral
bagussangat bantu,5,3,positive
rumit,1,-5,negative
manusia bikin gw puyeng mo muntah manusia gak neg masuk akal,1,-4,negative
kocak ngasih neg kode verif cocok,1,2,positive
senang dgn linked tambah informasi sahabat,5,14,positive
great connect with professional,5,3,positive
down load mudah mudah,5,5,positive
bantu,5,3,positive
verivikasi gapernah bener,1,0,neutral
ribet daftar nyabaru nyari lowong kerja sulit ribet indonesia,1,-7,negative
mudah cari informasi bisnis kerja,5,8,positive
bantu pencaker,5,3,positive
untuk neg cari kerja aplikasi ilmu gantung bagaimna mnggunakan cari relasi,5,-4,negative
valuable,5,0,neutral
mantap bantu,3,8,positive
kontraktor,5,0,neutral
good,2,5,positive
susah,2,-3,negative
cari jamin god luck me,3,-4,negative
waras,5,2,positive
bismillah moga izin allah antara cepat kerja amin,5,14,positive
google jobs,5,0,neutral
oke mantap jiwa,5,7,positive
kenal,5,3,positive
good aplication,4,5,positive
dasar gila verifikasi lucu bkin org emosi,1,9,positive
ok baggus,4,4,positive
dah uninstal periksa susah,1,-11,negative
sya panggil trimakasih tipu b panggil skali gagal hasil tanda real bantu cari kerja,1,3,positive
blum dapet kerja,3,4,positive
bantu saji pasar lowong kerja,4,9,positive
spider domino,1,0,neutral
terimakasih kasihini bantu,5,8,positive
buka web ngelink linked nyahadeh,1,3,positive
ok,5,4,positive
berhentimenutup paksa tekan tombol halaman posting sticky footer tingkat tika atas,3,-6,negative
tebak gambar bikin puyengdah gw manusia robot cari loker,2,5,positive
moga bantu ajar tahu digital,5,9,positive
bagus bantu,5,5,positive
moga cepat kerja seauai skil sya linkedln,5,6,positive
good looking for job,5,5,positive
bantu,5,3,positive
jalin kaca indah neg,5,3,positive
realisasi tk panen tgl div hk div hk div hk div hk total hkrealisasi tk panen tgl div hk div hk div hk div hk total hk,4,-3,negative
suka banget applikasih moga moga maju,5,6,positive
terang sulit masuk karna teka teki kodok,1,-3,negative
komonikasi info kerja,4,-1,negative
mantaps,5,0,neutral
tingkat,3,1,positive
very nice,4,4,positive
sep,5,0,neutral
pressurepro salam kenal,5,3,positive
susah verifikasinyagak,1,-3,negative
,5,0,neutral
susah banget masak nebak katak loker permaiann katak aneh,1,4,positive
cuman yanebak gambar salah,1,-2,negative
cek,3,-4,negative
bisa neg download apliksi ni,1,0,neutral
ngapain maen tebak tebak anj cari kerja maen neg game gw karna jelek,1,8,positive
luas angkasa,5,3,positive
lumayan bagus,5,3,positive
coba,5,2,positive
ux of latest version not too impressive on android if you on deep search and open a profile then tap x back you will back first result its annoying but overall i see some improvement on ui design,3,-3,negative
sekalj info loker,5,-3,negative
anjrsebenarnya zihgw kn apus gitu k pencet uinstal,5,-2,negative
okeeee,5,0,neutral
spesis offf,1,0,neutral
verifikasi nebak gambar pas step akhir salah coba kali step gagal rekomendasi neg aplikasi kecewa,1,-5,negative
this media add more infornations especially which are correlated with my science and experience background,5,0,neutral
verifikasi bikin emosi jelas neg,1,4,positive
just like and more easy browse search job update,4,0,neutral
good the best application,5,5,positive
dukung,5,4,positive
butuh kerja operator exca,5,-3,negative
update,5,0,neutral
lowong tipu banget hati hati guysss,1,5,positive
good for your businness,5,5,positive
tolong pakai gmail nggak update uninstal turus instal nggak,2,5,positive
moga manfaat tau butuh,5,-3,negative
cari berita lowong kerja,5,-5,negative
senang,5,5,positive
susah panggil interview,3,-4,negative
jelas neg verifikasi masuk nebak gambar hewan mending kasih kode captcha nebak gambar,1,3,positive
ok banget aplikasi,5,1,positive
guru sekolah,5,6,positive
bagi sedekah terima,5,4,positive
easy looking for the joband sharing with each other,5,3,positive
test,4,0,neutral
tahu neg,4,4,positive
bank syariah,5,0,neutral
this is awesome,5,0,neutral
update,5,0,neutral
bagus,1,2,positive
bagus,5,2,positive
markotop,5,0,neutral
hidup dam penintan ham,5,-1,negative
payaaaaahhhh bisa neg dr,1,0,neutral
mangapa install instal,5,0,neutral
mudah ber interaksi penjuru kawan,5,4,positive
moga manfaat hanya neg janji manis doang,5,9,positive
koneksi informasi manfaat,5,9,positive
bantu,4,3,positive
baik rusa mesin,3,3,positive
terimakasih coba,5,7,positive
bantu info job kerja terimakasih linkedln,5,7,positive
bisnis karir,5,3,positive
klo blh tau ap guna alpikasi hasil uang tunai,3,3,positive
manfaat mudah cari kerja,5,8,positive
jelas neg verifikasi aneh banget najis,1,2,positive
uploaded video bug proses uploading,1,1,positive
oiooolo,1,0,neutral
guna neg,1,1,positive
,4,0,neutral
guna tolong bina kawan,5,4,positive
rahayu mudana inengah,5,4,positive
hello im a user and have a problem when use it my internet connection stable but how could i cant see homepage even i cant search my friends profile or change my profile hope you fix this i knew it was hard cause im developer too,4,1,positive
bantu informasi lapang kerja,3,10,positive
mantap ne krn info x akurat,5,2,positive
saran tempat cv tolong usa neg baharu outomatis hapus,1,-1,negative
keren bagus,5,2,positive
mbantu dlm informasi,5,2,positive
mandor proyek rumah tinggalsaluran air alam th bidang proyek rumah tinggal,5,8,positive
bismillah moga kerja layak,5,10,positive
dpt kerja kah,5,2,positive
selau menjankan dua ada neg royalitas obsesi,5,6,positive
ceopendiri usaha startup,5,1,positive
dih login neg bbrpa gw lgsg kena suspend pdhl gw ada neg salah krna bikin bbrpa minggu dah males pake ribet,1,-17,negative
maantap,5,0,neutral
bagus,4,2,positive
bagus bngeett,5,2,positive
smoga cepat kerja sesuai alam kerja sysebagai groun stafporter trimakasih wassalam,5,16,positive
good saran verifikasi mode suara mudah gambar,5,15,positive
guna hanya neg jobseeker recruiter employee manfaat tambah wawas relasi,5,9,positive
meet people,5,0,neutral
goodjob,3,0,neutral
jalan peluang,5,0,neutral
yup,5,0,neutral
pokoke apik sippp,5,0,neutral
kur tau,1,-4,negative
bagus kasi jooooozzzz,5,-1,negative
daftar susah banget susah,1,-4,negative
jhosss,5,0,neutral
nice,5,4,positive
mitra logam,5,2,positive
terima,5,2,positive
bantu dukung,5,7,positive
mantab bagis,5,0,neutral
semangat,5,4,positive
fk tinjau lamar kerja bisa neg klik button tinjau guna neg sinyal mah emg rusak,1,1,positive
erasyus,4,0,neutral
tv na sional,1,0,neutral
bisa neg update,1,0,neutral
masuk verifikasi sulit,1,-3,negative
linkedn,5,0,neutral
asenliu,5,0,neutral
ok moga dapet kerja,5,9,positive
manfaat cari kerja,5,4,positive
bantu cari hubung,4,1,positive
f,4,0,neutral
torurism bromo destination,5,0,neutral
keren,5,0,neutral
guna aktif alhamdulillah puas,5,11,positive
logistik,5,0,neutral
aplikasi uninstal lg gara gambar badak hadap k susah msuk,1,-9,negative
good apshelping professional connect,5,5,positive
this is good but please fix bugs its really annoying after update why i cant open and always try again even i have good signal,3,2,positive
qhse,5,0,neutral
bantu hadir mudah mengupgrade membranding usaha,5,10,positive
terkadang buka terkadang bisa neg aneh seperti neg lancar lancar tangan kendala thanks,1,24,positive
bantu cari kerja,5,2,positive
bagi alam motivasi yukk kendor semangat kaya dermawan sukses takluk dunia,5,21,positive
mantap bosque,5,5,positive
bantu mendapatakan kandidat sesuai qualifikasi premium neg biaya langgan premium recruiiter,5,12,positive
cari kerja,5,-1,negative
thanks good,5,8,positive
toolpusher,5,0,neutral
luas jaring bisnis relasi moga depan langgan bayar mudah jangkau target luassalam sukses tim linkedln,5,19,positive
mudah,5,4,positive
mantap,5,5,positive
bagus pis,5,2,positive
kali daftar tp ituin gambar kali salah,1,-1,negative
hubung usaha kerja profesional,4,4,positive
god info,4,-3,negative
potensial individu luas network ilmu,5,7,positive
amin,5,3,positive
mekanik n security butuh kerja kembang tanam herbal jahe merah,4,6,positive
mohon bantu,5,5,positive
non aktif bisa neg,1,2,positive
mejadikan inspiratif peluang nyata,5,4,positive
gooddd,4,0,neutral
dandut,5,0,neutral
bajngan bikin verivikasi human ribet banget suruh milih gambar hewan ngadep atas pilih ngadep atas salah coba puluh kali salah bikin recaptcha bener,1,-18,negative
,3,0,neutral
oks,5,0,neutral
jelas neg foto profil edit logo eh tau hapus alas langgar hak cipta,1,-3,negative
gbs posting,5,-2,negative
,5,0,neutral
daftar usaha menyakinkaneh tahu pesan wa panggil ujung yayasan bilang yayasan neg duit,3,4,positive
apps bagus,5,2,positive
syukron,5,0,neutral
terimakasih bermamfaat,5,5,positive
habis update error bisa neg buka mohon baik,1,6,positive
manfaat,5,5,positive
goood,5,0,neutral
moga bantu cari kerja,5,3,positive
manfaat,5,5,positive
bantu informasi kerja,5,7,positive
linkdeln bantu kembang bisnis makan online,5,10,positive
jelek pas buka layar putih,1,-3,negative
mantap penuh info akurat,4,2,positive
sistem kerja tarik berani jalin relasi jaring online google keep improving yourself,4,6,positive
ad,2,0,neutral
exited,5,0,neutral
berak kerja bayar bulan gila saraff,1,1,positive
very good,4,5,positive
oke,4,2,positive
ok,5,4,positive
good aply,4,5,positive
terimakasihbanyak manfaat,5,5,positive
meet people around the world with the many type of job the got just good,5,2,positive
ttor,1,0,neutral
ok banget,5,5,positive
helpfully for job seekers,5,0,neutral
ytunnel,5,0,neutral
luas jaring looker lebih bagus,5,9,positive
bagus,5,2,positive
bagus,4,2,positive
maaf,4,2,positive
manfaat hebat dalam,5,8,positive
dl qu,3,0,neutral
manfaat,5,5,positive
mohon maaf langgan linklendl batalkankarena usaha jalan neg macet mohon maaf terima informasi sugi,5,15,positive
vangke verifikasi gambar gua masuk neg akses gw verifikasi bener,1,1,positive
tolong kembali bisa neg akses tolong tolong proses kembali normal,3,13,positive
bagus,5,2,positive
error bisa neg status,1,-5,negative
applikasih bermamfaat trima,5,1,positive
bantu cari relasi,5,3,positive
beneran linkedln asli kah bisa neg masuk takut data disalahgunakan kirim ktp,1,2,positive
baik cari kerja berbagiinformasi kerja,5,4,positive
bagus,5,2,positive
ee e eee e ee e e r e ddre e reee ee e e e r er dddeddr dd r rr r de f umah dvrrrr r divre drrr f qqqqqq qrfr de f qr qt,4,0,neutral
tebak gambar susah jelas neg jelek,1,-2,negative
ada neg kendala daftar,5,5,positive
very helpful aplication,5,0,neutral
aplikasi bagus bug bs neg gambar anti profile banner profil bisa neg warna putih restart website mobile jg ttp bisa neg mohon baik terimakasih,4,4,positive
bisa neg trlalu rumit,5,-5,negative
alam bisa neg ungkap,5,5,positive
bantu cari lowong kerja betulbetul sesuai umum lowong,4,6,positive
maaf tgl reset nama ulang paksa uninstall pasang ganggu server baik,4,1,positive
suka mohon maaf,3,7,positive
top thank you,5,9,positive
bintangsoalnya upadate,4,0,neutral
jajal,5,-4,negative
gimana proses verifikasi ada neg kirim kode verifikasi via sms kali nyoba ada neg kode sms,3,5,positive
jodsssd,5,0,neutral
wowww keren,4,0,neutral
nice project,5,4,positive
hahahahaha bagus gaes,5,2,positive
lua,5,0,neutral
bego gunaa neg profil dasboard dah baru dg usah tpi search browser muncul mas kerja laman browser,1,-5,negative
when dark mode,3,0,neutral
istimewa,5,0,neutral
next,5,-2,negative
tau neg guna,1,-3,negative
thx,5,0,neutral
boros memori,1,-5,negative
mantap,3,5,positive
moga jalan rejeki berkah allah,5,14,positive
iya oke,4,2,positive
semangkin n cemerlang satu msypendidikan,5,7,positive
terima,5,2,positive
fery good info,3,2,positive
terimakasi membanti,3,0,neutral
daftar kecoh pilih gambar normal posisi jg selesai informasi guna,1,7,positive
professional networking tempat,5,-3,negative
mantapsmoga,5,0,neutral
verifikasi gmna si pusing,1,-4,negative
bikin emosi doang,1,4,positive
lumayan bagus susun cv fitur alhamdulillah kerja wartawan keep the good job guys,5,16,positive
so useful,5,0,neutral
sengaja neg rubah premium mahal bangetdan batal susahhh banget,1,-3,negative
moga manfaat,5,6,positive
baik malikat sayap neg,5,-1,negative
bantu,4,3,positive
pusing pala sayaa,1,-4,negative
good for networking,5,5,positive
mantulll,5,0,neutral
verifikasi gimana si ko ribet yapengen masuk bikin ribetttt,1,-7,negative
hubunganantrapembisnis,5,0,neutral
oke trims goodjob brother,5,6,positive
bantu kerja applikasi,5,5,positive
batu good,5,7,positive
bsik,4,0,neutral
apl bagussssterpercaya loker,2,0,neutral
proses sulit lupa password password nonaktif akun payah linkedln,1,2,positive
,1,0,neutral
info fast respon and feedback,5,-1,negative
uyeee,4,0,neutral
bismillah ikhtiar semangat,5,11,positive
good apps,5,5,positive
recomended kerja usaha negeri,5,3,positive
bsgus,4,0,neutral
mudah info loker,5,1,positive
bagus upload lainlain susah spam,1,-4,negative
siiplah,1,0,neutral
mntapzzz,5,0,neutral
cari kerja koneksi kerja bagus mudah efektif,5,14,positive
update gabisa posting mohon baik,1,5,positive
verifikasi lucu gambar kodok dg posisi jawab tekateki benarbenar manusia serasa kuliah filsafatapa manusia manusia,1,16,positive
susah bikin sulit,1,-3,negative
help me be there please,5,-1,negative
great apps with knowledge sharing and networking for us,5,6,positive
tolong selektif rekomendasi kerja iklan joble selektif pilih kerja tanggung pribadi jobseekerpemula percaya asli loker laku neg pengechekan latar usaha tipu tolong jaga percaya lamar,2,9,positive
never stoped on always that is my writing when the knoledgement about it minus little misunderstanding has make anything not interesting,3,-3,negative
depan,4,0,neutral
,2,0,neutral
maaf verikasinya jgn gambar kodok geli liat susah milih gambar,3,-1,negative
bagus,4,2,positive
gudlah,5,0,neutral
bagus unutuk cari kerja,5,1,positive
good info,5,2,positive
bagus,5,2,positive
aplikasi ksuka,5,-4,negative
bangun,3,0,neutral
best,4,0,neutral
buah hasil,5,5,positive
informatif,4,0,neutral
good i like that,5,5,positive
bsgus,5,0,neutral
mantab,5,0,neutral
positif kerja an sesuai neg,5,9,positive
mudah sya cari kerja,4,3,positive
yuhuu,5,0,neutral
mutu neg nebak gambar jelas neg wkwk payah,1,6,positive
,5,0,neutral
best is the best,5,0,neutral
bisa neg masuk yak pake google,1,-3,negative
ksi gntng klo bru nmbh,3,0,neutral
tau neg,1,-4,negative
kayak mantap,5,2,positive
bantu,5,3,positive
good job,5,5,positive
go,2,0,neutral
inspirasi,5,-3,negative
nie bantu cari kerja skrg cari kerja susah,5,-2,negative
rangin bintang puas,1,3,positive
makasih keribetan bikin,1,4,positive
verifikasi gambar kayak gitu penting neg buang ganti gambargambar mudah,1,6,positive
membatntu mu jenjang karir,5,0,neutral
good and smart,5,5,positive
baik,5,3,positive
siip,5,0,neutral
bantu cari info lowongab kerja koneksi global,5,1,positive
dahsyat bagus,5,4,positive
ok,3,4,positive
normal,3,1,positive
ok,5,4,positive
bagus manfaat,4,7,positive
informasi manfaat trimakasih,5,11,positive
leasing land lease margot margonda neg ttg margonda raya putri amelia gandeng ardon sekian,5,0,neutral
tolong info data dishare google google hapus bisa neg payah,5,-6,negative
moga download kerja aamiin,5,5,positive
ok bantu tambah wawas,4,10,positive
kerenn,4,0,neutral
ponijo mumet,5,-4,negative
internal,4,0,neutral
lumayan,3,1,positive
good ketemu teman is ok gaes klau bnyak hadiah hehehehe,5,14,positive
tuhan daftar gimana mbakmas pusing tolong bikin emosi suruh pilih gambar kodok hadap uda puluh kali bisa neg masuk pake no gagak mulu pake suara uda gagal tolong daftar susah pusing emosi tekan kodok tadik gagal mulu ok ok relax sabar sabar sabar sabar sayang tuhan,1,30,positive
cari batas,1,-6,negative
asik keren,5,4,positive
asli bagus,5,4,positive
cocok,5,4,positive
,4,0,neutral
muas,3,5,positive
portal kerja tampil yg neg terbaruu,3,3,positive
komunitas profesi bidang profesionalitas kerja optimal no bayar,5,5,positive
oke banget sukses,5,6,positive
usaha lamar hasil nihil,2,0,neutral
good job thanks,5,8,positive
nonggol neg dpt panggil kilk email,5,-1,negative
,5,0,neutral
mulu,1,2,positive
moga kali nyoba,3,1,positive
cant this,1,0,neutral
bagus cari kerja jalin network,5,1,positive
so good,5,5,positive
tolong,3,3,positive
manfaat sabar tunggu rezeki usaha cari kerja satu usaha rekrut,5,18,positive
yuhu,5,0,neutral
excellent,5,0,neutral
rizal,4,0,neutral
a pioneer expand professional networking and the biggest professional culture,5,0,neutral
obat alat vital pria wanita bandar lampung,1,-11,negative
aplikasi bagus professional saking profesional ysampai bisa neg mudah jelas kerja pas lamar nyata pake b inggris aduh susah paham,1,10,positive
belief the just world,5,0,neutral
ok all,5,4,positive
thn team marketing,5,1,positive
this verry good apps,5,5,positive
mantap,5,5,positive
komenya ko pke leugewage english,3,0,neutral
,3,0,neutral
tolong kunci privasi hubung,5,7,positive
special tax,5,4,positive
bantu cari info kerja,5,-1,negative
tahap coba,3,2,positive
bagus,5,2,positive
media sosial buruh wiraswasta terima,4,6,positive
banyak neg loker,3,3,positive
cba okey pa x,4,-5,negative
suka kadang error,4,1,positive
tolong cari kerja lokasi batam keluar singapura,5,-1,negative
,5,0,neutral
aplikasi gmn susah suruh milih gambar ad neg habis,1,-6,negative
keep it up,5,0,neutral
macet melulu,5,-3,negative
weel play,5,0,neutral
halo arifin rais,5,4,positive
bagus jalin relasi hubung dunia kerja dunia nyata,5,14,positive
manfaat cari kerja,5,4,positive
aktif beraktifitas,5,2,positive
up date new informance,5,0,neutral
okkkk,4,0,neutral
q kasi no,5,-3,negative
good for search job,5,5,positive
aplikasi bagus sanganf bantu info loker,5,-2,negative
hapus,5,-3,negative
cool,5,2,positive
mantab,5,0,neutral
good sharing information for telecomunication,5,8,positive
sipppppp,5,0,neutral
susah masuk verivikasi kya tau pusing ngasin kouta ajh,1,-14,negative
program sesuai masak tinggal nunggu kode verifikasi dah puluh kali daftar kalian neg kirim,1,4,positive
mantaap,5,0,neutral
terima inpo manfaat,4,7,positive
koki,5,0,neutral
gembel,1,-5,negative
bintang dulubelum,3,0,neutral
mantappp,5,0,neutral
mudah hubung profesional,5,5,positive
mudah erti,3,6,positive
good,5,5,positive
bermangaat,5,0,neutral
edward z,1,0,neutral
bantu cari kerja keren,5,2,positive
saldo potong id persetujuanjngn neg instal,1,0,neutral
qc ei inspector compex atex,5,0,neutral
mengatsi masalahh neg,5,0,neutral
sgt mmuaskan mnjlnkan pkrjaan skrg krna mnmukan pkrjaan trmksih linked,5,0,neutral
teman luas informasi kerja thanks linked,4,10,positive
hapus nggak paham maaf hehe,5,0,neutral
excellent application,5,0,neutral
bantu,5,3,positive
bagus branding personal,5,2,positive
woworuntu,5,0,neutral
bagus banget aplikasi,5,-1,negative
tim hrd,5,-4,negative
bantu cari teman,5,0,neutral
experts,5,0,neutral
gabung susah,1,-8,negative
o ook mcinta han putoh kawen han jadeh bajei jih lon bloe dumpue lon watei meu cinta geu tanyoe tatem khianat keu lon hai dinda laen kamita katung keu lakoe pakon uroe jeh keu lon ta cinta sipeu noh jiwa gata keu lon nyoe mu pakon jinoe meu nyoe lon tabalah tuba tabri keu lon nyoe hanco hate lon agei ter timpa bit hana bak gata adoe tatem meu kawen laen dinda pilih bapa tatung keu lakoe rugoe meu janji meu rumoh tangga,4,-5,negative
l,4,0,neutral
bisa neg verifikasi,1,0,neutral
bantu pencaker,5,3,positive
ekselen,5,0,neutral
tingkatkn,3,0,neutral
good aplication for linking of jobs and public relations,5,5,positive
perepisional,5,0,neutral
terimakasih,5,5,positive
sayang suka,5,6,positive
bugs kli,5,0,neutral
uptodate,5,0,neutral
open new path,5,-3,negative
,5,0,neutral
mantap,5,5,positive
asik,5,4,positive
moga human manusia selamat world dunia akhirat aamiin insya allah protector waterman superman spiderman hyperion,5,17,positive
nice i like it,4,4,positive
susah kerja,1,-1,negative
bagus banget bro,4,3,positive
cari wawas,5,-3,negative
frepect and good,5,5,positive
instal cobaa apknya terima,3,2,positive
erti,1,2,positive
manfaat tunjang karier,5,8,positive
bagus info,4,-1,negative
i hope gws,4,2,positive
bisnis ku,5,3,positive
terima,1,2,positive
manfaat,5,5,positive
nice jobs,5,4,positive
great,5,3,positive
manfaat,5,5,positive
novita l es ztari,5,0,neutral
not good,2,5,positive
sangant bantu jobseeker cari informasi sayang terkadang koneksi internet sendat koneksi internet bagus saran baik koneksi sendat baik lg terimakasih,5,29,positive
gimana verifikasi susah banget,1,-2,negative
bangun luas jaring,5,6,positive
,2,0,neutral
more than enough,5,0,neutral
help,4,2,positive
manfaat bagi lowker juang hidup keluarga,5,16,positive
thank you linkedln,5,4,positive
bags,5,0,neutral
terimakasih tim manfaat guna individu usaha jenis,5,8,positive
verivikasi susah ampun malas,1,-6,negative
oke oke oke,5,6,positive
panggil sehat neg atas nama usaha apliasi,1,0,neutral
daftar gabisa ngapain bikin,1,1,positive
hybrid cari kerja online portfolio profil pro,5,-1,negative
q,2,0,neutral
nice,5,4,positive
terimakasih kembang sarana hubung cari beri kerja god bless you,5,10,positive
so need for help,5,2,positive
moga manfaat,4,6,positive
nice apps,4,4,positive
mantap ngebosenin neg,5,5,positive
excellence the world,4,0,neutral
great platform for professional comunity,5,3,positive
very very good aplication,5,5,positive
very good sosmed,5,5,positive
memperifikasi ribet gambar hadap atas klik bener salah ulang kali salah ribet si nyetbkin kesel,1,-20,negative
awesome,5,0,neutral
terima moga berkah sukses,5,10,positive
bantu,5,3,positive
this is very helpfull,5,0,neutral
rendah hati,5,-3,negative
banyak korban wa usaha aneh aneh di neg cek usaha pakai siup donk,1,5,positive
bantu curiga benar usaha moga,3,8,positive
kerja upaya baik apa amanah pada,5,5,positive
aplikasix sngat bagus mebantu dpat informasi kerja,5,6,positive
tau,5,-4,negative
salah safety officer pt tunas jaya perkasa,5,7,positive
goollllll,5,0,neutral
cair,5,-1,negative
ngak verifikasi,1,0,neutral
banget,3,1,positive
manfaat,5,5,positive
platform bantu staf ahli cari kerja informasi keahlianya cari tenaga kerja ahli butuh,5,1,positive
ampas periksa cepat bikin ribet anjengg,1,-9,negative
bantu hantar apa sukses,5,3,positive
guna,5,1,positive
,5,0,neutral
bagus,1,2,positive
good job,5,5,positive
bagus gan,5,2,positive
sampoernah,5,0,neutral
map himpun usaha masyarakat tani indonesia wadah himpun potensi usaha pertanianternak perikananpotensi laut teliti perhati usaha bidang pertanianternakperikanan potensi laut hulu hilir satu tekat sikap gerak maju sejahtera cerdas masyarakat tani laku agribisnis,5,9,positive
good,5,5,positive
standar,5,-2,negative
sulit baru makan ruang simpan,3,-5,negative
b,3,0,neutral
apknya bagus maslahnya banyk bug masuk maslahnya bisa neg nasuk mas jaring uda jgn download mending pindah jobstreed ada neg kedala,1,9,positive
bodoh verifikasi mu jelasgambar neg ngawur bisa neg,1,0,neutral
ribet pake gambar arah arah,1,0,neutral
nonaktif,1,0,neutral
suka banget aplikasi bantu,5,3,positive
promosi loker tolong usaha usaha banyak neg korban panggil buka loker pihak neg usaha kait jasa calo salur uang mengatasnamakan seragam adm dapet kerja kagak tolong perhati selektif banyak neg korban tipu,1,10,positive
rusak fega andriana fega fanfiction handra suka,1,6,positive
,3,0,neutral
kerja,4,2,positive
akses bbrp dg jabat professionalism,5,-1,negative
lamar kerja tombol tinjau hias click no response very bad for the biggest sosmed jobseeker,1,1,positive
good social media for professional peoples,5,5,positive
woo bantu teman dunia tambah wawas penuh dunia dunia sejarafilmmusic lagu didik,5,14,positive
good luck ok,5,13,positive
bantu hubung,4,4,positive
isi keman bisa neg masuk halaman,3,-1,negative
lestari budaya kerja cinta kerja emban,5,11,positive
situs khusus cari kerja cari kerja komunikasi interaksi langsung bagus,5,8,positive
bagus n keren,5,2,positive
bangga kecimpung dunia bisnis media terima dukung moga baik depan,5,17,positive
bantu dunia kerja,5,6,positive
mantap apknya,5,5,positive
bisa neg buka,1,3,positive
ok thanks,5,7,positive
bisa neg upload foto update mohon jelas,4,6,positive
good apl,4,5,positive
,5,0,neutral
,5,0,neutral
linkeidn lah neg saing nambah neg bagus puruk kualitasnyaribet,2,2,positive
linkedln membantusemoga maju sukses,5,3,positive
teknik tambang,5,-4,negative
jaring luasvery much,5,3,positive
masuk tp blum dpt kerja dr an,3,-1,negative
mmbntu info,5,-3,negative
muharamin,5,0,neutral
nyaman pakai,2,4,positive
qa,1,0,neutral
like this,5,0,neutral
smangat,5,0,neutral
nonaktif alas neg sial,1,-5,negative
satucinta,5,0,neutral
sulit guna,1,1,positive
takut hadap berat lakilaki pantang mundur jiwa sejati hrus kuat,3,2,positive
bisa neg ngirim cv,1,0,neutral
verifikasi masuk,1,-3,negative
is really useful for making new contacts and connecting with people i know but my account is banned for long time with no solution thanks,5,3,positive
masalh signal full dpet neg informasi skali,2,2,positive
suka info putar skill alam isi cv urut rapi hubung industri usaha mati,5,13,positive
mantap sukses selaleu,5,8,positive
so slowly,3,0,neutral
bapuk verifikasi bikin susah,1,-3,negative
ak kirim pap km biar km prcaya ak manusia,1,6,positive
juancok buagus,5,0,neutral
very good hope we meet good works and relation here the best of the best,5,10,positive
periksa aman masuk jelas neg mau ap terimakasih,1,3,positive
chat ajh kudu bayar parah,1,-1,negative
bagus,5,2,positive
apkh cari job,4,-3,negative
becanda kah verifikasi pake nebak hewan hadap atas pake hewan pilih kek pilih sampe,1,-8,negative
very powerful and useful,5,0,neutral
nggatheli cok,1,0,neutral
info lowonganya tipu,1,-3,negative
kali upgrade,1,0,neutral
karyawan cari kerja,5,2,positive
baik verifikasi guna masuk sulit gambar terang jelas neg,1,6,positive
haloooo pegawai yth main blokir enak ada neg info hapus data butuh neg ada neg salah apaapa tibatiba non aktif ada neg informasi mana letak profesionalisme pernah neg memposting postingan isi konten hoaks tipu jenis,1,7,positive
interestingwe can hear so many exsplane n how n why from very succesful man and woman on the worldvery exitead,5,-3,negative
bagus mohon mudah settingannya lamar kerja,4,10,positive
bantu tambah ilmu dalam hebat inspirasi terap terimakasih,5,15,positive
moga bantu,4,4,positive
tolong dri linked klo basmi qnet nipu post loker harap ketat serta surat resmi prusahaan,1,2,positive
guna tambah wawas bantu cipta lapang kerja butuh,5,7,positive
nya neg bantu cari kerja mepersulit org dgn verifikasi jelas neg penting neg kali puluh kali salah mulu gambar kodok taw ngadep kiri kanan suka dah sebal maaf uninstall jelek guna neg,1,-1,negative
bad,2,-4,negative
good program,5,5,positive
pakai,4,0,neutral
many benefits looking for job seeker tried it,5,0,neutral
coba,1,2,positive
verifikasi daftar guna sulit ulang kali tetep salah maaf makasih,1,4,positive
,5,0,neutral
tolong gimna sii mksdnya si kodok susah,1,-2,negative
si bikin dibikinn ribet verifikasi taai,1,-4,negative
bagus penuh degan,5,2,positive
job portal bantu guna,5,4,positive
gatau makenyatp kaya bagus,4,3,positive
email,3,0,neutral
maintenance,5,0,neutral
dah,5,-3,negative
medsos kelas banget,5,-2,negative
ntap,5,0,neutral
good,4,5,positive
oke,4,2,positive
jelas neg msuknya susah guna neg,1,-1,negative
tibatiba nonaktif akun tugas kuliah mohon bantu aktif mohon tangan terimakasih,3,15,positive
proses blokir dapat neg kesal,2,4,positive
why is it slow when running the application is too slow and a problem occurs i have been upgrading every time but the problem persists i cant use it even view the homepage or notifications,1,-8,negative
membatudan manfaat,5,5,positive
terima bantu,5,5,positive
bawa go internasional go world wide,3,1,positive
field asistant,4,0,neutral
motivasi ambil pengalamanyg bagi suka duka korban kesuksesanbisa jadi semangat,5,8,positive
the best of application for job seeker many utility of skill and utility of experiences for your improvement career,5,0,neutral
gimna verifikasi,4,0,neutral
bagus bangun networking,5,2,positive
llllloppopoo,3,0,neutral
bagus,1,2,positive
pc gt soal neg klo onlinedi pc hrus verivication gt susah,4,-4,negative
salesman,3,0,neutral
boga group bakerzin hurricanes grill pancake co by dore,5,0,neutral
aplikasi bagus mantap,5,3,positive
moga hasil cari loker,5,1,positive
pa rudy gbr blk mesanine dimensi unp eddy susanto,5,-5,negative
good job,5,5,positive
tlong donk byk info loker hoax skip,2,-8,negative
masuk susah,1,-6,negative
koneksi,3,2,positive
iklan proses daftar rumit mesti bayar,1,-5,negative
bagus info kerja aktivitas kerja relevan teman,5,3,positive
verifikasi,1,0,neutral
fiktur,5,0,neutral
cool,3,2,positive
info loker,3,-3,negative
purno,5,0,neutral
alhamdulillah kenal usaha,4,9,positive
dapat neg percaya sepenuh usaha tipu hati hati lamar kerja,1,11,positive
what the hell is thisthis doesnt suit medont download ityoull regret it later,1,0,neutral
bagus muas jelek copot,4,3,positive
bantu cari relasi kerja,5,5,positive
yasemoga sesuai harap sayathank you,4,6,positive
ok thanks,5,7,positive
kerja,4,2,positive
jelas neg tentu neg hasil,1,1,positive
pandu wisata karaton sumenep th,4,3,positive
cari kerja freshgraduate experience rekruiter manfaat positif gantung olah terimakasih,5,10,positive
semangat ajar,5,5,positive
selaluh setia selaluh sehat walafiat aktifitas hari,5,0,neutral
berbagay plat stainless lai cover cladding intalasi eskalator tks,5,3,positive
jaabvwa rtaag a p qqi fff gt neg ttvtjj,5,0,neutral
terima baru kala baik bug tingkat performa fitur bantu hubung jaring profesional bina karier,5,13,positive
,1,0,neutral
susah kerja,3,-1,negative
moga kerja mudah,5,7,positive
zaman now bagus,5,2,positive
apaaan si niat neg biar download doang astaghfirullah jahat,1,-5,negative
verivikasinya drai gambar kodok banteng ada neg bener pilih sesuai,1,5,positive
instal ntar nyeselll jelek sulit verifikasi suruh pilih gambar badak hadap atas salah mulu bener nyesel habisin kuota doang,1,-16,negative
great for people get connected industry area but unfortunately sometimes its hard solve the verification methodetried select the same picture can you give more easier method i hope you will hear this,3,3,positive
paham,1,0,neutral
jelek banget pas verifikasi masuk neg akal kali kali salah,1,-8,negative
amira tent usaha gerak bidang jasa sewa tenda lengkap alat pesta usaha orang ada event wedding nikah launching grand opening resmi pabrik bazar ulang jenis tenda tenda roder tenda roder dekorasi tenda roder dekorasi vip tenda roder transparan tenda dekorasi nikah tenda bazar tenda event tenda kantor marketing service tenda gudang amira tent,5,40,positive
bantu ingormasi lowong kerja,5,5,positive
user friendly manfaat karir bisnis layan profesional sulit verifikasi dsb seleksi alam gausah pake dtg langsung pos satpam bawa map,5,12,positive
sentuh gambar hadap atastpi ups tepathddhhhh apaanngk,1,3,positive
jaring universalmembermember mancanegarabanyak,5,3,positive
bantu,5,3,positive
jelek bgtt verifikasi aneh,1,-1,negative
susah cocokin gambar,1,-1,negative
sentuh gambar adap atas pala kau cape plis usah neg instal loginnya sulit mending instal joobstreet loker,1,-8,negative
kali nonaktif payah ad neg niat buat jahat iseng,1,-6,negative
w z,5,0,neutral
recruitment abal abal bodong,1,0,neutral
i have good experience for installing this application its help me reach more job than before thanks,5,10,positive
scam,1,0,neutral
tensi aj ni dah tau lgsung pake email tp ending ny email lg msuk,1,-11,negative
good info update if you need for the job,5,2,positive
perbaikin verifikasi bnr,1,0,neutral
obb,5,0,neutral
bnget jjjj,5,0,neutral
daftar susah aneh verifikasi suruh pilih gambar hadap klik salah sampe kiamat,1,-7,negative
bisa neg buka buruk,1,-2,negative
,5,0,neutral
pas isi kode recaptcha bisa neg x aman sistem bisa neg acc,1,-2,negative
sorry susah banget suruh cari gambar hadap coba kali ttp salah,1,-11,negative
bisa neg baka email beda tetep bisa neg uninstall terimakasih,1,3,positive
apaaa sihhh verifikasi susah suruh pilih gambar hadap tetep salah gatau dahhh kecewa,1,-10,negative
,5,0,neutral
lana tinggal,3,1,positive
yahsmoga dgn sgala perlu lancar,5,6,positive
way,5,0,neutral
terimakasih batu,5,7,positive
guna neg,1,1,positive
bisa neg donlot,1,0,neutral
bangke,1,0,neutral
lambat,3,1,positive
banget,5,1,positive
layan muas suka,5,10,positive
poor,4,-4,negative
maaf nonaktif alas neg pulih tetep bisa neg,1,2,positive
job description good,5,5,positive
musimaplikasimusiklgukenangan,1,0,neutral
diupgrade neg bisa neg buka aplikasi,1,-1,negative
i cant my account,1,0,neutral
batu sosial,5,6,positive
,5,0,neutral
akurat,5,0,neutral
lucu bikin darah,1,7,positive
,1,0,neutral
ok banget,5,5,positive
baik,5,3,positive
bantu,5,3,positive
ikut kuis ada neg versi bahasa indonesia bisa neg,2,-3,negative
moga bermanpaat,5,1,positive
uninstallnya gimana,3,0,neutral
jelas neg enak jelas neg verifikasi pakai gambar jelas neg memgarah jagan instal maaf,1,12,positive
kasih biar dinotice konfirmasi gambar mbe hadap atas sulit unik emang bikin emosi org gatau,5,6,positive
maaf verifikasi konyol suruh cari kudanil lihat sampe tanggan gempor hasil neg hasil,1,3,positive
,2,0,neutral
update berat buka bugentah kuota penuh internet daerah lumayan bagus tolong kembang baik,2,13,positive
biar produk dulumodal tr s join fi,5,5,positive
temu profesional bidang,5,2,positive
info lokernya akurat,5,-3,negative
gatau buka henti muat ulang hmmmm,2,-2,negative
gimana gabisa karna sistem aman pilih gambar eror puluh kali salah gabisa masuk tolong benah,3,-12,negative
guna neg download bro nyesel download,1,-4,negative
god luck,5,4,positive
amazing for legal network,5,0,neutral
,5,0,neutral
bagusssss bangetttt,5,0,neutral
oke mantap,5,7,positive
bantu,5,3,positive
moga manfaat,5,6,positive
laptop pake verifikasi gambar kodok kagak hp seribet neg guna neg jelas neg ribet hasil verifikasi laptop bisa neg emosi,1,1,positive
dbikin ribet bisa neg jls neg,1,-4,negative
gimana mengembankaa usaha maksimal,5,4,positive
dana prakerja,1,4,positive
bagus cari kerja,5,1,positive
mudah cari kerja bnyak koneksi,5,5,positive
haha suruh cari mnhdap smpe biar nungguing gilir biar mnghadap ttp salah heemmm beres neg jelas neg,1,-6,negative
o k,5,0,neutral
the is really wasting my samsung phones device storage thats why i gave a one star rating,1,-2,negative
goooddd,5,0,neutral
bantu,5,3,positive
layan sinyal kadang hilang daerah parung,4,8,positive
kurir,5,0,neutral
solusi motivasi sip daaaaah,5,6,positive
ngelamar gitu pas regist gagal dasar anak dajjal,1,-4,negative
gajelasssss masuk susah bnr,1,-6,negative
paham neg guna apl tolong jelasin,2,4,positive
jo zz,5,0,neutral
coba,5,2,positive
syukur masuk media sosial,5,6,positive
teka teki nyiksa sumpah,1,-1,negative
manfaat sempat sempit serah urus maha kuasa tuhan yme mudah mudah mudah,5,25,positive
verifikasi susah pilih pakek hp laptop tolong baik kyk gni ngk biaa akun salah dri tekateki gambar suara,1,1,positive
susah verifikasi iq jungkok,5,-3,negative
daftar susah pilih gambar bilang salah,1,-6,negative
yoss auto uninstall dev ngabantu sulit masuk suruh verfikasi sulit jelas neg banget,1,-3,negative
cocok,2,4,positive
sangad,5,0,neutral
,1,0,neutral
ok,3,4,positive
i cant sign so annoyed,3,0,neutral
yeah,4,0,neutral
bagus mudah cari kerja temu circle,5,7,positive
hubung kerja simpel praktis,5,10,positive
daftar sulit gimana makenya,1,1,positive
,4,0,neutral
tambah relasi,5,6,positive
bismillahirrahmanirrahim assalamualaikum warahmatullahi wabarakatuh,5,3,positive
download bisa neg payah,1,0,neutral
bisa neg daftar verifikasi kali kali tetep bisa neg,1,1,positive
semang putus asa,2,6,positive
membantubagi,5,0,neutral
tolong tambah mode gelap please add dark mode,5,-1,negative
divisi uang admin,3,0,neutral
bisa neg guna neg terimkasih,1,1,positive
bagus untk sahabat benua,5,6,positive
setia layan,5,-2,negative
prakerja,5,0,neutral
,5,0,neutral
membanti,5,0,neutral
susah verifikasi gambar kodok pilih salah,1,-9,negative
xzaz,3,0,neutral
,5,0,neutral
muas,5,5,positive
bantu cari kerja curhat kerjan doang banyak share alam doank,1,10,positive
execelent,4,0,neutral
suka padasoso diya tida poka,5,3,positive
banding job seeker,5,3,positive
ada neg ok,2,8,positive
suka eror buka mau neg responsangat neg kecewa si,1,7,positive
jelek salah mending web,1,-7,negative
its good for connecting people the world,5,5,positive
dapat,3,2,positive
jumpa teman hebat,5,0,neutral
keren mantap,5,5,positive
lumayan lancar update,3,5,positive
driver and bangun proverty,5,0,neutral
bisa neg cek ulas bisa neg mau neg bantu hapus,1,1,positive
kuaaaatrrroooieeekk update,5,0,neutral
jrlek,1,0,neutral
susah siiih bolak gagal heran,1,-3,negative
bikin paket gua abiszz,1,1,positive
maaf kasi bisa neg share video youtube eror paksa uninstall,1,-9,negative
bagus,2,2,positive
verifikasi pakai teka teki cari kerja susah makin susah hadeh,1,-9,negative
maaf kecewa bangat dgn apknya suruh pilih gambar hadap verifikasi susah bangat pilih puluh kali gagal kecewa bangat dowloadnya,1,-9,negative
verifikasi susah banget pusing,1,-6,negative
linkedln bantu berusahatank you linkedln,5,3,positive
kemarin bobol ku linkedlnuntung privatskrng lihat pakai akun disinimangkanya download linkedlntolong jk nama bobol pakai ku inisaya tanggung neg jawabkarena guna neg linkedlnskrng dowload maka,5,-6,negative
goog,5,0,neutral
niat neg download daftar verifikasi jelas neg salah bisa neg tolong,1,1,positive
info kenal job,5,0,neutral
bantu wawas,5,3,positive
update mulu,1,2,positive
nagih gaji rate wkwk,1,0,neutral
bantu akses dunia bagi alam cari kembang giat usaha,4,11,positive
syrat susah,1,-3,negative
semangattttttt,5,0,neutral
ksh dl dpt krj,3,0,neutral
lihat,1,3,positive
c k,4,0,neutral
mantap,5,5,positive
oke banget informasi,5,5,positive
keren,4,0,neutral
tolol susah kali daftar ribet verifikasi muter jelas neg,1,-10,negative
didik patut apresiasi,5,5,positive
sumpah kali masuk susah banget hahaha fix uninstal,1,-2,negative
verifikasi ribet suara hasil alih tebak gambar cepat salah kali kali salah uninstall ribet,1,-3,negative
sulit periksa keman,1,-5,negative
bantu terimakasih linkedln,5,8,positive
up,5,0,neutral
broken verifikasi trus suruh verifikasi kali kali broken,1,-2,negative
asu susah nian bangsat,1,-4,negative
susah daftar masukin no hp suruh ngulang pas dimasukin bisa neg coba akun ada neg,3,5,positive
exlusive good,5,5,positive
good pokok,5,8,positive
mudah,5,4,positive
bagusmantap,5,0,neutral
jalan,5,0,neutral
manfaat,5,5,positive
hei dev klo bnr tolol gmpang email gmail dripada dsruh pecah tekateki situ tolol n brengsek download cari kerja untuk neg main teka teki mutu neg boss,1,-11,negative
nice apps get good opportunity,4,9,positive
media sosial bagus bangun jaring profesionalitas kerja,5,11,positive
mantab,4,0,neutral
ok,4,4,positive
opsional,5,0,neutral
informasi begabung linkedia terimakasih,4,7,positive
kualitas tingkat,5,5,positive
dota,1,0,neutral
tlg masuk perangkat gagal dlm aktif,1,-2,negative
rumah tangga tanggung jawab waregza dela hoya sidabutar lari tanggung bayar garuk piring div sinar mas kandista asslap ptsampoernaagro tbk kebun sumber sawit oki palembang janji bayar hasil kerja asisten ingkar janji rp tunggu niat baik malu almamater malu tanggung jawab asisten,5,5,positive
nice job,5,4,positive
halo kecewa nonaktif lalu neg larang coba verifikasi tolak ikut rules tolong kembali,1,-1,negative
cari kerja gambar hadap atas,1,-3,negative
krend,5,0,neutral
bagus,4,2,positive
the good job,5,5,positive
verif susah mumet cari kerja mumet verif jga clue bener bgtu sulit banget,1,-8,negative
gabisa uninstall,1,0,neutral
super,3,3,positive
mudah transaksi,5,8,positive
kali sa mo masuk up date truss yha,3,-3,negative
usaha pialang kasih linkedln lapor ditindaklanjuti neg kalah platform belah,1,-7,negative
good know and implement as a partner of my career,5,5,positive
bagus tambah bisnis,5,8,positive
bantu lowong kerja,4,5,positive
bagus bnnngggeeettt,5,2,positive
too,3,0,neutral
mayan,5,0,neutral
bantu,4,3,positive
,2,0,neutral
bisa neg diuninstall,1,0,neutral
testimoni,5,3,positive
luas wawas buka lebar,5,9,positive
guna profesional,5,1,positive
komunikatif n peduli,4,4,positive
,5,0,neutral
guten,4,0,neutral
keren,4,0,neutral
lumayan,1,1,positive
bukti kerja,1,-1,negative
nice for looking jobs,5,4,positive
bagus,5,2,positive
android koneksi,4,2,positive
bagus,5,2,positive
bisa neg daftar terosssssssssssss gagal gitu,1,-3,negative
keren,5,0,neutral
tolong bisa neg bikin bisa neg,1,3,positive
great apps and super useful,5,6,positive
,5,0,neutral
ngak tau,1,-4,negative
gabisa masukin nomer eh puter,1,0,neutral
support lifestyle,5,4,positive
suka aplikaai,5,3,positive
v good,5,5,positive
woah,5,0,neutral
aplikasi neg cari kerja curhat kerja,1,-1,negative
penasaran,5,-3,negative
lupa sandi ribet verifikasinyaaaa,2,-3,negative
bantu tambah relatiin,5,6,positive
susah daftar verifikasi kodok zuma gagal gambar hadap atas ada neg pilih kodok zuma atas susah cari kerja plissss,1,-18,negative
profesional kembang on the of the best thanks,4,6,positive
bantu ad lowong ngasih tauterima linkedln,5,6,positive
ribet hrus verik gambar salah mulu mutu neg,1,-1,negative
rekomendasi jalin hubung kerja profesional,5,3,positive
semog,3,0,neutral
simpel bijaksana efisien efektif,5,13,positive
ninggalin aktif,3,-2,negative
bikin gabisa gabisa gtu,1,0,neutral
daftar susah periksa robot neg salah daftar tetep ajh salah,2,-14,negative
bismillahirrahmanirrahim assalamualaikum warahmatullahi wabarakatuh,5,3,positive
sungguh,5,4,positive
baik inovatif,5,3,positive
info lowong kerja akurat jobs seeker,5,-1,negative
radio,5,0,neutral
linkedl very good,5,5,positive
bisa neg buka pesan bnyk kirim pesan sayajadi tau neg informasi teman teman,1,7,positive
bagus ringan isi mantap,5,11,positive
manfaat mudah ajar,5,10,positive
jelek bngett,1,-5,negative
good for the information,5,5,positive
great channel connect with industry professional,5,3,positive
hidup buat,4,3,positive
suka,5,3,positive
update bro,2,0,neutral
pas update parah bisa neg scroll bawa mohon baik,3,4,positive
,5,0,neutral
informatif,5,0,neutral
step by,5,0,neutral
jalin relasi,3,3,positive
like it,5,0,neutral
good work with,5,5,positive
ra paham,2,0,neutral
bagus mohon tingkat fiturfitur tarik,5,7,positive
,5,0,neutral
rekomendasi,5,0,neutral
mantap,5,5,positive
maaf tarik neg,1,4,positive
colll,5,0,neutral
versi dark mode,3,0,neutral
ringan,5,2,positive
coba,1,2,positive
not nice low respon when i try cancel for pay take money very bad,1,2,positive
,5,0,neutral
bagus banget bantu,5,6,positive
paham masu alvikasi,5,0,neutral
success linkedlngood job,5,0,neutral
good,5,5,positive
amat loker abal palsu muncul sistim it verivikasi neg komplit an absah an pt cv pilih domisili a nongol daerah lucu banget it newbie,1,5,positive
bisa neg,2,0,neutral
bantu segalahal menmbah ilmupengetahun kreatifitas,5,3,positive
,3,0,neutral
admin nonaktif pdahal ngapain neg cman apply kerja tolong bantu,1,8,positive
,5,0,neutral
ok jos,5,4,positive
ok l,1,4,positive
yeoa,5,0,neutral
manfaat,5,5,positive
verifikasi jelas neg tahap verifikasi salah,2,-3,negative
mncoba,2,0,neutral
hubung jaring profesional senang tambah ilmu lingkung jaring positif,5,23,positive
sangay bantu jobseekers cari kerja,5,2,positive
juossstenanpokoke bnyk info tarik plus sngt pnting putar loker,5,1,positive
masuk payah kali kam payah,1,-1,negative
asswrwb mintak saran bisa neg email account facebook,5,2,positive
aplikasi bagus banget,5,-1,negative
lumayan,3,1,positive
its very good,5,5,positive
im happy have this thank you for the attention and your kind,5,9,positive
harap bantu,5,6,positive
fositip tingking,5,0,neutral
mudah cepat,5,7,positive
bantu hubung kolega kolega sahabat sahabat,5,12,positive
bagus cepet lot neg kyk bank cib,5,-1,negative
tebak tekateki percaya benarbenar manusia what can i ask again is the person who makesowns this really human unanswered question,1,8,positive
nyari kerja lulus s,5,5,positive
terima aplikasi keren silaturahmi cari rekan bisnis,5,2,positive
bagus,4,2,positive
fuk with security check i always mistake,1,1,positive
good i like it,5,5,positive
bantu cari kerjaterima,5,0,neutral
tingkat,5,1,positive
its looking good help us find jobs make networking and coordinated with industri where we want work,4,7,positive
terimakasih platform sharing portfolio profesional thanks,5,11,positive
ndak,1,-3,negative
siiiippo,5,0,neutral
mantap keren,5,5,positive
bnyak relasi bagus,5,5,positive
tolong info masukin berkas lamar gmna ko bisa neg mohon info,5,-1,negative
uup,5,0,neutral
ox makadih,3,0,neutral
alam dapat linkedln,5,4,positive
ne bagus bgi,5,2,positive
lumayan mantep sich,3,1,positive
alam,4,2,positive
gimana nonaktif mulia admin,1,0,neutral
mati,1,4,positive
tolong logintulisannya nonaktif trus tulis pakai kannn gimannaaaa takut pakai tanggung neg,1,2,positive
bantu,5,3,positive
terima,3,2,positive
keren banget koneksi usaha,5,4,positive
dapet kerja platform nggak pecah telor pecah telor wkwkwkwk,5,5,positive
best profesional medsos,5,0,neutral
profesional neg nonaktif pemberitahuan neg data real akurat pernah neg melangar,1,-4,negative
p p,5,0,neutral
ragamdan manfaat apl ilmu alam expert bidang tambah percaya sukses maju sia sia waktu u jelas neg gabung buat senyum bahagia ayobergabung,5,12,positive
inih mechanical engineriing specialistd kembang imtaq iptek dpt bangku sekolah tk lulus kuliah,5,12,positive
keren bantu cari info lowong kerja hubung langsung profesional sukses,5,6,positive
senang manfaat,5,10,positive
baik,5,3,positive
,3,0,neutral
m coba,2,2,positive
kali bikin kali nonaktif pernah neg apps neg out the best,1,0,neutral
cakep,3,5,positive
maksud bayar,3,4,positive
c mv,1,0,neutral
bagus kembang poto kampung inggris tempirai pali linkedln terimakasih linkedln,5,10,positive
aplikasihnya bagus gaees,5,2,positive
is good,5,5,positive
if you find for a pro connection this is is the,5,0,neutral
oke oke,3,4,positive
pas google bisa neg manual gabisa tulis tunggu gimana,2,4,positive
ok,1,4,positive
ms maksud manfaat br coba buka,5,13,positive
very good apps,5,5,positive
beda versi buka postingan,1,1,positive
moga dpt kerja,5,3,positive
recomended,5,0,neutral
gjls ngentod,1,0,neutral
parahh bisaa neg masuk sekali uninstal ulang tolong baik,1,2,positive
bagus tunjang profesionalitas profesi,5,5,positive
suka,5,3,positive
mantaf manfaat terimakasih,5,10,positive
bisa neg verifikasi jwb suruh ulang,1,-2,negative
media sosial guna fokus dunia kerja mudah cari kerja minat temu relasi,5,23,positive
keren tawar kerja,5,-2,negative
dark mode nyaman si,4,4,positive
professional,5,0,neutral
aplk bantu hubung dgn relasi,5,7,positive
surat vaksin,2,0,neutral
bsa neg buka verifikasiggl trus ribet,1,-1,negative
tambah besar insight,5,7,positive
nyoba,5,0,neutral
habis update kau neg buka,1,6,positive
okq,5,0,neutral
media social beda lainprofessional wibawa,5,-2,negative
ok suka,5,7,positive
loker bohong,1,-5,negative
burik,1,0,neutral
bisa neg buka tolong perbaikithanks,3,6,positive
update koq foto profil hilang wkt lg muncul neg lot postingan org foto video bs neg muncul,1,6,positive
good media everybody for skill sharing information,5,8,positive
kode aman susah salah salah,1,-14,negative
execelent,5,0,neutral
jooooooopos,5,0,neutral
bagus efektif,4,7,positive
small chages can make a big difference,5,0,neutral
salah jejaring sosial profesional akses orangorang kalang profesional aksessibel profesional muda disabilitas sensorik netra,5,0,neutral
trimks impormasi kerja,5,2,positive
ketemu teman,3,1,positive
ok harap,5,7,positive
upadate bisa neg gambar foto,1,5,positive
tolong baik bug bisa neg buka diinstall ulang bisa neg buka device poco f pro,1,12,positive
susah kalauminta updatenon aktif,1,-1,negative
mantap,4,5,positive
top bangetok,5,5,positive
susah bikin pasword,1,-3,negative
linkedln baik tahan kwalitas,5,4,positive
bantu cari kerja,5,2,positive
vesbuk,4,0,neutral
moga dpt bantu cari kerja driver,4,3,positive
,2,0,neutral
paham pungsi,5,0,neutral
,5,0,neutral
sampaah,1,0,neutral
smoga dapet kerja,5,4,positive
benarbenar tambah relasi kalang kerja alumni jurus info baru kait lowong kerja mantapp,5,8,positive
komplit,5,0,neutral
susah,1,-3,negative
moga urus bawa jlan sukses motivasi terimah,4,8,positive
abis donload suruh verifikasi robot neg dsruh milih gambar hadap susah beda bingung nyari hadap gmna org pala tolong verifikasi laen,1,-5,negative
gagal terusssaplikasi ni,1,-4,negative
mantappp,4,0,neutral
bagus lamar kerja,5,4,positive
e ek mah aplikasie,1,0,neutral
walpaper,5,0,neutral
bantu informasi kerja usaha bantu oramg komunikasi kerja,5,15,positive
verifikasi rumit,1,-5,negative
mantabbsemoga kerja berkah mrlalui,5,6,positive
bantu beras liter pangan hari dapat neg bansos klurahan rt no kranji bekas barat rahmat,5,6,positive
bantu cari kerja,5,2,positive
go,5,0,neutral
mksh kmi gabung,2,-3,negative
ajh,5,0,neutral
mantull,5,0,neutral
crash pas quis lencana nomor mantep,1,-4,negative
hari pakai kena nonaktif jelas langgar jelas neg langgar,1,-1,negative
moga,5,1,positive
bagus terimakasih,5,7,positive
job information,5,0,neutral
manfaat cari kerja,5,4,positive
ajar smp tri tunggal surabaya alam oleh sana teman teman kerja kepala sekolah wibawa berat hati pindah tugas terima pns smpn tulang sidoarjo jawa timur tempat kerja kenal teman teman alam sana kembang ahli didik ikut latih,5,24,positive
tolong data hapus,3,-3,negative
iya sayat bagus,5,-2,negative
good luck,3,9,positive
hubung profesi relasi latar,5,4,positive
goodlah,5,0,neutral
goder,1,0,neutral
laode serfian naisa laod serdin,5,0,neutral
sitijindanbenar pakai,5,0,neutral
sopi bagus,5,2,positive
usaha palsu buka lowong,1,4,positive
mantapp,5,0,neutral
berani bagus tahan,5,3,positive
gerak bidang dagang tani,5,0,neutral
s a b p awlz t tjw t,3,0,neutral
mantap bantu pasang iklan,5,12,positive
connecting people,5,0,neutral
agus suparru republik,5,0,neutral
aplikasi,5,-4,negative
suka loadingnya kadang tibatiba bisa neg loading menganggu aktifitas sceoll,5,6,positive
,5,0,neutral
linkedln inspirasi bantu,5,0,neutral
scaffolder,5,0,neutral
juli today i changed the star that previously gave a star rating then updated the change star because my account had absolutely no access use again please fix again,1,-3,negative
bagus share information hard work negara,4,2,positive
tau neg,1,-4,negative
pas verifikasi bolakbalik hmmmmmm,1,3,positive
nagus linked sahabat bisnis,5,7,positive
jaring internet lancar,5,7,positive
lumayan,5,1,positive
lumayan,4,1,positive
bagus,5,2,positive
moga jembatan rejeki iniamin,4,1,positive
jelek ni,1,-5,negative
linkedinperlindungan dasar hukum kamibersamamoe akoeselamanya,5,3,positive
download buat akun susah banget verivikasinya mutermuter tanya manusia,1,4,positive
ada neg guna rugi,1,0,neutral
kabar,5,2,positive
informatif bidang profesionalisme,5,0,neutral
youtube facebook indonesia nang nanggroejih atei,4,-5,negative
muas hasil,5,8,positive
wokee,5,0,neutral
wawzer,5,0,neutral
mu sic ajivf,1,0,neutral
gabisa masuk jelas neg,1,-2,negative
q qaa,3,0,neutral
pdhl lihat neg jg prnh neg download tp knp tb ter install,1,3,positive
ntap,5,0,neutral
bengek banget nggak ganti foto profil,2,8,positive
bagus hubung kenal,5,6,positive
teman,1,0,neutral
paham manfaat,2,5,positive
baiiiiiiiiiiiiiik,5,0,neutral
mabtap,5,0,neutral
uhu,5,0,neutral
bantu komunikasi,3,5,positive
keburu kesel sma katak milih jam pernh neg benr taikaplikasi jels neg,1,-10,negative
pribadi,5,0,neutral
dapet kerja kgk update mulu,1,3,positive
ok,5,4,positive
linkedln,1,0,neutral
,5,0,neutral
sipppp,5,0,neutral
poco x pro,5,0,neutral
sumber informasi akurat luas era informasi peluang kerja informasi jaring bisnis,5,17,positive
nicw,5,0,neutral
,4,0,neutral
nonaktif ngapa neg ngapain,1,0,neutral
masuk susah ampun kode aman nebak gambar madep jelas neg,1,-5,negative
bagus,1,2,positive
apps bagus mantap pokok dapet kerja,5,14,positive
lengkap,5,2,positive
gaul,4,-3,negative
nice good,5,9,positive
mudah lamar kerja,5,6,positive
mebantu,4,0,neutral
,5,0,neutral
gimana,4,0,neutral
butuh,5,-5,negative
nikjl,5,0,neutral
bagus cari kerja mana,5,1,positive
bisa neg memposting kali kali bisa neg memposting,3,0,neutral
,5,0,neutral
rekomen,5,0,neutral
bantu tarik pribadi sharing informasi tau berita ter update dunia oilgas pribadi nicevery nice cheers for you all,5,7,positive
layak neg,1,3,positive
manfaat uninstall aj,3,5,positive
update,1,0,neutral
ribet donload vertivikasi gua sangka robot,1,-4,negative
kirim lamar diarahin lamar via jooble dapet panggil interview tipu hedeuh,3,3,positive
jasa uang asuransi kl cari kerja jasa uang tempat asuransi,5,4,positive
serve w srundeng w,5,0,neutral
mudah mudah bs manfaat,5,13,positive
bantu konektifitas kolega mudah cari informasi kerja,5,8,positive
mantap jiwa bosss,5,5,positive
kena tipu tks,1,-3,negative
bagus manfaat,4,7,positive
,5,0,neutral
terimakasih bantu,5,8,positive
lamar kerja ribet,1,-2,negative
mudah,5,4,positive
staf ajar asessor lembaga sertifikasi profesi politeknik tani negeri pangkep,5,-2,negative
mantaf,5,0,neutral
bantu memnerikan informasi,3,5,positive
top bagus banget,5,8,positive
mantb moga bagus,5,3,positive
tarik,3,2,positive
liat kolom komentar usaha muji muji ken angkat karyawan tulis,1,16,positive
bantu mudah puas,5,10,positive
facebook bisnis,5,3,positive
goyang,3,-4,negative
juang kerja mohon doa doa kerja,5,17,positive
e,1,0,neutral
negatif komen,1,0,neutral
ada neg manfaat,1,9,positive
,3,0,neutral
is one of the best application,5,0,neutral
good job end alwos becare full,5,5,positive
tlg bantu selesai mslh,5,8,positive
bnyak mendapatjan infoyg susah ditrmpat,5,-3,negative
maksa ponsel samsung bisa neg hapus nonaktif,1,-8,negative
brlajar,5,0,neutral
trim,5,0,neutral
gabisa daftar gimana ngasih rating bagus,1,6,positive
bantu kamiterimakasih,5,3,positive
kecewa kali nonaktif pemberitahuan neg,1,-3,negative
jobseeker baik,5,3,positive
bantu temen cari kerja bagi informasi,5,6,positive
terimakasih linkedln,4,5,positive
bagus bantu,5,5,positive
alhamdilah temu hebat,5,2,positive
warna,5,0,neutral
sip,5,0,neutral
saya neg hapus device,1,-6,negative
ada neg,5,4,positive
kasi,3,-3,negative
susah verifikasi,1,-3,negative
keren jalan langsung ngaco eh google nonaktif tuju baca data prangkat,1,6,positive
bantu terimakasih,5,8,positive
bantu mohon nyaring lowong bohong,5,0,neutral
mrnyebalkn,1,0,neutral
klo cari kerja klo cari pidio canel yutup hasbiar,5,-4,negative
banti klox bawa hasil saling neg rugi,2,-1,negative
very good for fine job,5,8,positive
very excellent andf useful,5,0,neutral
ribettt suruh milih gambar kodok hadap gitu sampe nenek idup,1,-4,negative
sio,5,0,neutral
xba,3,0,neutral
dinas tani,5,0,neutral
manfaat bisnis teman top leader negara suka linkendin,5,16,positive
mbuh gag ngerti opo ne,5,1,positive
oke,5,2,positive
god very nice,5,4,positive
good and many things learn from all the world profesional persons,5,5,positive
,2,0,neutral
m,5,0,neutral
butuh neg,1,-5,negative
jelas neg loker kg mending copot sue,1,4,positive
keren tampil beda,5,-1,negative
seperti neg,4,-1,negative
ui dark mode will be nice,3,4,positive
hariono,5,0,neutral
oprator produksi,5,0,neutral
ribet banget verifikasi ku dgn bener salah,1,-4,negative
username,5,0,neutral
smngat,5,0,neutral
bagus,1,2,positive
guna,5,1,positive
dagang,1,0,neutral
bagus,5,2,positive
manfaat cari tau lowong kerja,3,0,neutral
kecewa situs gun situs x bisa neg nonaktif pemberitahuan neg pernah neg unggah meposting halhal tindak kriminal jahat luar undangundang materi postingan jual property jual memposting property di neg nonaktif kirim verifikasi ktp hasil nol,1,-3,negative
verifikasi aje ribet,1,-4,negative
bntang,3,0,neutral
top marko top,5,10,positive
tolong follow up email mohon tim ahli perhati,1,1,positive
dwld thn dpt panggil itu tipu,1,-3,negative
mantabtp sayang kerja bisa neg nentuin,4,5,positive
nebak gambar gimanasalah mulu njir,1,1,positive
baguuusss,5,0,neutral
fabricationerrection construction project,3,0,neutral
good,5,5,positive
tingkat qualitas,4,1,positive
,5,0,neutral
jadi mudah,5,5,positive
tolong dunia kerja,5,6,positive
aplikasi,5,-4,negative
soksokan dewasa download,5,2,positive
bagus,5,2,positive
bantu,5,3,positive
moga batu cari kerja,3,2,positive
velemboket,3,0,neutral
,5,0,neutral
make neg,3,0,neutral
wew,1,0,neutral
simpan slide,5,-3,negative
bagus banget kereeen,5,3,positive
baik neg,1,3,positive
kembang,5,3,positive
ok banget,3,5,positive
cooolll,5,0,neutral
bagus mantap,5,7,positive
relasi koneksi,5,5,positive
bagus profesional,5,2,positive
mudah mudah bagus,3,10,positive
lowong cocok neg dgn mampu,1,6,positive
alih platform bisnis kerja platform sosial media sedih komentar balas pasti robot developer neg customer support,1,12,positive
bagus manfaat,4,7,positive
mntap,4,0,neutral
good apps help get a job,5,7,positive
juuooos,3,0,neutral
tambah teman bagus,4,5,positive
berangkat,3,-4,negative
usaha banyak pasif responnya proses recruitment,3,6,positive
guna,5,1,positive
semangat serah,5,6,positive
lowong tp ndk respon bsa postingan modus,1,-1,negative
mantap gunain,5,5,positive
keren tempat kerja,5,-1,negative
beguna,5,0,neutral
periksa cepat ribet,1,-6,negative
linkedln depan,5,0,neutral
u uhhh uh h ikmal lnnuuulnunlllnhu,5,0,neutral
trima aplikasih,5,1,positive
nice recomend bngettttt guna mengoprasikannya,5,5,positive
operator produksi scanner,5,0,neutral
bagus tambah relasi informasi pernah neg jangkau beda instagram facebook twitter lainlain harus halhal kait dunia kerja tambah fitur jobs course tambah skill alam,5,15,positive
good job thanks,5,8,positive
manfaat,1,5,positive
bagus,3,2,positive
,5,0,neutral
bantu dlm mencaro informasi kerja,4,7,positive
informasi kerja akurat,4,4,positive
terimakasih jadi dunia,5,7,positive
mudah,5,4,positive
barokah slamet,5,0,neutral
trimakasih,4,4,positive
sampahhhhhhh susah daftar,1,-2,negative
apl membntu,5,0,neutral
manfaat,5,5,positive
apl jelek nya neg permanen download mulu,1,0,neutral
moga jodoh cari kerja,5,3,positive
tawar kerja nganggur,5,-5,negative
dimzbimz,5,0,neutral
nggak guna,3,2,positive
gabung moga jodoh lamar bantu,3,2,positive
lately the application often crashes cant reload and cant back must be reinstalled,1,0,neutral
mnataps,5,0,neutral
nrmal kem bal l,4,0,neutral
mantep,5,0,neutral
cocok jobseeker,5,4,positive
adandanc,5,0,neutral
mangisundaun,5,0,neutral
bagus bantu,5,5,positive
verifikasi disuru milih badak arah pilih salah ni,1,-7,negative
premium career group useless,1,2,positive
manfaat dunia kerja didik profesional,5,11,positive
moga bantu kerja apa positif amanah kolaborasi istikomah,5,12,positive
ruwet bikin betek bos emang ada neg gampang,1,7,positive
membntu bnaget,5,0,neutral
samsung a,5,0,neutral
daftar nggak tolong baik,1,8,positive
alam lancar,5,6,positive
dr kesuma halim msc,5,3,positive
good suka,5,8,positive
lamar masuk susah akses,1,-4,negative
ok,5,4,positive
tarik,2,2,positive
aplikasi lot koneksi apa lancarmohon baik lancar,1,-3,negative
banyak isi org gaya lagak sultan spt ahli dlm bidang usaha postingan ucap selamat motifasi knyataannya beri motifasinya motifasi omong lebih nyata trbalik info hoax,1,6,positive
kga tau donlot,3,-4,negative
fuvejobdserre,1,0,neutral
hapus bos aplikasi verifikasi ribet gagal kek maling sampah,1,-16,negative
bagus tingkat lowong kerja wilayah aceh,4,5,positive
mantaap,3,0,neutral
,3,0,neutral
i like this applikation,5,0,neutral
surip,2,0,neutral
masuk ajaa sulit hadeh gimana majuuu,1,-7,negative
bantu cari lowong kerja recommended,5,2,positive
lowong update neg,1,0,neutral
recomended,4,0,neutral
gabung mesti verifikasi parah susah,1,-16,negative
tambah jaring shering knowledge,4,6,positive
,1,0,neutral
bantu juang amplop coklat,5,9,positive
menyebarluaskan ide ide ber hak paten mbuat alat optik baca keping cakram vcd cd dvd brd lensa camera smartphone,5,4,positive
myo,3,0,neutral
bagus sosial,5,6,positive
hadeh,1,-4,negative
daftar dah pake data bisapayah neg,1,-5,negative
bagus tambah bintang,4,5,positive
guru matematika,2,3,positive
susah banget verifikasi manusia nyaa kali kali tetep salah muluu,4,-3,negative
tingkat,5,1,positive
lumayan lh,3,1,positive
sippp,5,0,neutral
isi usaha bodong kayak usaha tipu interview uang x nama pt bedabeda muka copet amit amit awas hati hati,2,1,positive
apl kasi bantu,5,0,neutral
kredible,5,0,neutral
need improvement on job opportunity,3,0,neutral
bantu,5,3,positive
filter lokasi lowong kerja tolong tambah area makassar terimakasih,5,13,positive
good application for good professional,5,10,positive
lamar kerja,5,2,positive
wali santri,1,0,neutral
,5,0,neutral
klo bagus,2,2,positive
download,5,0,neutral
a a mcd hv,2,0,neutral
blajar linkedln,5,0,neutral
kelas ni ngak masuk,4,-6,negative
pass,2,0,neutral
good know and good for the relation,5,10,positive
,5,0,neutral
bagus cari kerja,5,1,positive
cocok guna layan plexibel,4,7,positive
make sure aplks be agreat aplks,4,0,neutral
ubah sistem verifikasi,2,-4,negative
updatenya cepet,4,2,positive
nice for professionals,5,4,positive
bagus kembang,5,5,positive
manfaat karier,5,5,positive
nggak ngerti pakai aplikasi gimana tamat kuliah terima,3,4,positive
bagus,5,2,positive
mohon bantu ny,5,5,positive
mantaa p bantu,5,3,positive
sulit batal premium kena tagih bln sebal,1,-9,negative
ntah gagal verifikasi gambar saat pilih sesuai perintah hadap atas sistem jawab salah,3,-10,negative
,3,0,neutral
bantu tampil alam kerja cari kerja,4,7,positive
pihak tindas jajah,1,-13,negative
pu,5,0,neutral
batas teman level director teman langsung batal,1,-5,negative
terimakasih bantu,5,8,positive
bagus,3,2,positive
bantu dal ulas berita akurat terima team,5,2,positive
mantap jiwa,5,5,positive
good comunication,5,5,positive
apikasi logout pas verifikasi manusia ketemu gambar katak putih susah verifikasi saran di neg ganti format verifikasi manusia pake gambar katak tolong pulih bisa neg,4,15,positive
mantaps,5,0,neutral
nice thanks,5,7,positive
always,5,0,neutral
not good,1,5,positive
mantaabbbb,5,0,neutral
parah klo mao neg baru bisa neg bukainimah minggu klo liat play sture baharu paksa,1,-7,negative
cobs,5,0,neutral
mudah mana,5,4,positive
makasih,4,4,positive
sulit,1,0,neutral
only for professionalist its work,4,1,positive
mudah mudah bagus info peluang kerja,4,9,positive
up,5,0,neutral
info dr,3,-3,negative
keren parah bantu,5,-2,negative
politik masuk ranah kerja sampah,1,-6,negative
update,2,0,neutral
good application for profesional,5,5,positive
dinas kerja tata ruang kota metro alumni institut teknologi bandung jurus sistem teknik jalan raya universitas lampung jurus teknik sipil,5,-12,negative
thank you team,5,5,positive
keren,5,0,neutral
temu teman karir,5,2,positive
thankz you,5,0,neutral
panti asuh alanshaar talise pusat palu,5,8,positive
bantu,5,3,positive
zionism,1,0,neutral
informasi lowong kerja informasi kerja bantu,5,11,positive
teman sukses msh renang laut usaha,5,5,positive
daftar susah verifikasi bisa neg,1,-2,negative
mudah dapet jerja,4,6,positive
supervisor housekeeping,5,0,neutral
too much not important post it should be filtered due the difference of purpose not like instagram or facebook,1,0,neutral
facebook,5,0,neutral
penting neg,1,3,positive
apl,5,0,neutral
tau gimana neg hapus,1,-7,negative
terima besarny linkedln team bantu gapai sukses thanks,5,15,positive
good for me,5,5,positive
not kkiii,1,0,neutral
please bring murz account back,1,-3,negative
tolong terima,5,5,positive
siipppp,5,0,neutral
sukaaaaaaaaa,5,0,neutral
goddess,5,0,neutral
good,5,5,positive
,4,0,neutral
selamat malam terima kerja,5,8,positive
bagus aplikasi,1,-2,negative
mdhan dpt kartu pra kerjaamiiiiiiiin,5,0,neutral
batu dekat,5,3,positive
capek urus kerja,5,6,positive
trial gratis suruh bayartaek,1,2,positive
smg milik amin,5,4,positive
bantu semuah,5,3,positive
bantu manfaat,5,8,positive
,5,0,neutral
bagus kiprah profesional komunitas profesional temu profesional dunia,5,10,positive
tempat saa,2,-3,negative
saran klik alamt email langsung hubung alamt email tolong kayak job street langsung apply alamt pt terima,3,11,positive
baik,4,3,positive
mantap,5,5,positive
ajar tambah wawas,5,4,positive
ok banget tunggu dksih lgi bintang khn tahap hehe,3,6,positive
bantu bisnis,5,6,positive
sagat membantuluarbiasatetap eksisyaami,5,0,neutral
excellent application,5,0,neutral
cuba lg,1,0,neutral
moga manfaat,5,6,positive
very good,5,5,positive
puas pakai update bagus kembang keren the best,5,8,positive
perfomancenyagood job,4,0,neutral
alam pahit nganggur thm gara setan corona,3,-12,negative
suka kali pakek,3,3,positive
,2,0,neutral
bajak mohon bantun makasih,3,2,positive
sippp update info kerja,5,-1,negative
macari hall hall brmanfaat,4,0,neutral
ok mantap,5,9,positive
ngk ngerti,1,1,positive
coba,5,2,positive
informasi kawan rezeki,5,5,positive
manfaat,5,5,positive
bodoh gw daftar ratus kali gabisa pake google tolong benerin sampe dead tlol,1,4,positive
allahuma sholli ala muhammad wa ala ali muhammad bismillahirohmanirohim alhamdulillah hirobil alamin olays cyber team setia siaga cepat,5,5,positive
bagus bantu,4,5,positive
sngt,5,0,neutral
keren,5,0,neutral
easy and simple use,5,3,positive
koneksi,4,2,positive
servis ac,5,3,positive
starting follow,4,0,neutral
jurus,1,0,neutral
i love because it gives a new atmosphere my life,5,3,positive
freelanceadvocatstaf administrasipeneliti,5,0,neutral
coba,4,2,positive
bisa neg uploap foto error pilih,2,-4,negative
aktif,5,2,positive
bagus bantu,5,5,positive
good info,5,2,positive
tambahin opsi non alam biar ribet neg ngelengkapin data profilenya,1,-4,negative
makasih nyediain informasi luas pernah neg sebar luas masyarakat pakai alhamdulillah skrng kerja sesuai spesialisasi saran mula sabar karna nggk instan update cari informasi lowong,5,28,positive
bagus untu sharing informasi,5,7,positive
guna tambah jaring tahu informasi kerja komunikasi,5,17,positive
good opportunity,5,5,positive
jelek banget,5,-4,negative
jual pupuk,5,1,positive
tahe emgpertanyaan aman gambar hewan salah mulugajelas,1,-2,negative
babi masukin kamar kerja kelar tinggal klik lamar bisa neg notif maaf salah taik,1,-5,negative
,3,0,neutral
good,5,5,positive
linked guna,4,1,positive
lestoran waiterbroker,5,0,neutral
mantap pangilan pilih,5,3,positive
is okay,5,4,positive
parahbru mw pake nyaeh errorpadahal data uda msuk semuasaya saran downloaddr pda nyesal nnti,1,-5,negative
update,4,0,neutral
smart,5,0,neutral
simple but important,5,3,positive
bantu spesifik,5,3,positive
moga hasil,3,4,positive
excellent,5,0,neutral
gada usaha nyangkut tambah usaha nipu doang,1,6,positive
bantu cari pekerjaanmembangun relasi informasi luas,5,8,positive
biadang dunia it ai education,5,1,positive
woi banteng gmn si bsa neg hadap org smua kepala puter doang fakk,1,-2,negative
yooomann,5,0,neutral
harap sambut cemerlang sebelumnyasemogaalloh menghendakiamiin robbalalamin,5,10,positive
umayan,3,0,neutral
bantu n teman profesionalterima,5,3,positive
lumayan bagus,5,3,positive
bantu,5,3,positive
sukses,5,3,positive
nice,5,4,positive
knp muter molo mo diupdate,1,0,neutral
bagus banget,5,3,positive
inspiratif dapat info loker motivasi gabung,5,-3,negative
guna neg iklan nyambung neg usaha jelas neg,1,3,positive
informasi bermanfaatpeluang karir usaha bagus,5,5,positive
jalin seluruh dunia teman bisnis,5,4,positive
thanksto me all freinds,4,0,neutral
guud,4,0,neutral
susah masuk gagal teka teki ajah jelas neg,1,-9,negative
lumayan tambah relasi,5,7,positive
bagusss,1,0,neutral
,2,0,neutral
bantu,3,3,positive
mantab,1,0,neutral
mechanik,5,0,neutral
tabss,5,0,neutral
mohon baik akses web bisa neg aneh pake android versi sekian terimakasih,3,16,positive
pakai terlalu neg seringsaya pakak profesional bidang fitur lengkap ringkas loker kadang buka terkadang binggung,5,6,positive
bantu dlm info update,5,0,neutral
alhamdulillah bantu kerja terima,5,12,positive
keren profesional,5,0,neutral
thx appnyago chat,5,3,positive
mantab cari lowong relasi kerja,5,2,positive
bantu,5,3,positive
profesional,5,0,neutral
this application can help me get new people good carrier and get business motivation thank you,5,11,positive
mantaaab,5,0,neutral
rumit test tekateki awal masuk,1,-6,negative
knp aj yh,2,0,neutral
sangst membsbntu,5,0,neutral
bagus maaf dapat hihi,5,6,positive
best for sharing very recommended,5,3,positive
informasi lengkap,5,4,positive
coba,5,2,positive
busuk kali aplikasi,1,-9,negative
bos,1,3,positive
masuk ribet banget kali kali gabisa,1,-6,negative
capai harap sesuai minta atas,5,8,positive
bagus bantu cari kerja sesuai harap,4,10,positive
konsultan awas proyek pabrik high rise building,5,4,positive
membntu musim demi mncri info kerja,4,-1,negative
jelek dininaktifkan,1,-5,negative
askamandey,3,0,neutral
ulasantanpa tuju,2,3,positive
is the best,5,0,neutral
bagus byk teman,5,2,positive
as asepirima,5,0,neutral
error,1,-5,negative
the best,5,0,neutral
bantu promosi produk,5,6,positive
best super,5,3,positive
gratis,2,4,positive
bagus bangun relasi informasi jangkau neg kerja,5,9,positive
kawan,3,0,neutral
instal,4,0,neutral
good,5,5,positive
ado parah,1,-5,negative
dalam untung,4,6,positive
maaf kasih abis diupdate gabisa akses suruh,1,5,positive
bangun relasi kerja,5,5,positive
kali gagal sandi salah masuk ubah sandi,1,-11,negative
kerja wajib,5,0,neutral
instal suruh cari binantang arah robot bilang salah mending hapus,1,-9,negative
good tank you,5,5,positive
good,5,5,positive
cari kerja,5,-1,negative
sungguh bantu cari kerja,5,6,positive
bener ribet daftar susahthis is not recomended,1,0,neutral
amezink,5,0,neutral
tingkat layan,5,3,positive
jelas neg dimasukin bener verifikasi ngulang mulu sampe tulis malampauin batas,1,3,positive
good pokonyaa,5,5,positive
bantu informasi,5,5,positive
mantap yes,5,8,positive
bantu tambah wawas,5,6,positive
aman salah mulu susah asa,3,-2,negative
pt atsumitec indonesia,2,0,neutral
bagus,5,2,positive
guna hormat izin apl,5,-3,negative
bagus swxaplokasinya,5,2,positive
kau aq inin universaltrims,5,0,neutral
verifikasi teka teki anjay susah,1,-6,negative
moga,4,1,positive
is good,4,5,positive
dl,3,0,neutral
update informasi kini peluang bisnis kerja butuh konsumsi publik kalang,5,5,positive
this application there was no feature report scam vacancy and still there are a lot of scam vacancy website i can report them but i didnt see really block people who have the account and the vacancy page that was another reason why i didnt continue my premium account on data security is weak,2,-10,negative
baik,4,3,positive
visualisasi halaman baik tingkat,4,4,positive
looking round of word,5,0,neutral
,5,0,neutral
good recommended mudah erti,5,11,positive
knp masuk susah,1,-6,negative
google,5,0,neutral
mantaaabbbb,5,0,neutral
keren,5,0,neutral
,5,0,neutral
terimakasih partisipasi,5,8,positive
keren,5,0,neutral
very good and professional,5,5,positive
pernah neg,2,0,neutral
great we can connecting people the world and every company easy,5,3,positive
lumayan temu profesi kerja,4,5,positive
paham,1,0,neutral
,4,0,neutral
tolong bantu kauntuk kerja,5,8,positive
abi thanks,5,5,positive
bagus,5,2,positive
koq bisa neg tau tolak proses suruh kirim sen usaha tau neg no contac usaha tersebuttolong simple lamar mudah ngelamar tau status lamar klo tolak boleh neg ngelamar usaha,3,-7,negative
ribet masuk,1,-7,negative
tanda tangan nama hendra gunawan alamat cilacap jateng umur pt nawakara group alam sd security th pt yasindo tama tangerang km jabat anggota security th daesun enginering project semen nusantara cilacap korea jabat anggota security th sd pt gardatama nusantara project semen cibinong cilacap th nawakara group,5,-7,negative
sepppp,5,0,neutral
manfaat,4,5,positive
nice aplication,5,4,positive
mukulsaekh,5,0,neutral
hpwnkgdwztmmfw alex leonardi lahir dimedantgl oio,5,3,positive
gabung dg group inshaa allah manfaat,4,5,positive
godjob,5,0,neutral
pintarcerdas tapiorang mudah hebat hidup manfaat aamiin,5,13,positive
tolong tambah mode gelap,4,2,positive
i just need max days job apportunities not weeks ago,2,0,neutral
bagus bantu,5,5,positive
ribet,1,-4,negative
ribet suruh main teka teki suruh pilih gambar hadap gambar putar jelas neg uninstall bye sampah,1,-10,negative
alas neg blokir suruh verifikasi kartu id cocok neg capek ladenin bot digmail,1,1,positive
very helpfully,5,0,neutral
i got many information,5,-3,negative
,4,0,neutral
taiiiiiiiiiiiiiiiiii,5,0,neutral
kurun minggu puluh puluh lamar lamar ada neg panggil gilir email masuk usaha telusur kantor jelasalias neg tipu bosen kali nyoba nipu kawan kawan jobstreet isi iklan lowong tipu ajah cek satu lowong and on the way you uninstal bohong,1,-7,negative
v m,5,0,neutral
maaf cuman ngasih aplikasi suruh periksa aman cepat milik mohon jelas terima,1,3,positive
mantaaaaap,5,0,neutral
eva rini alam,5,2,positive
aplikasi bagus nonaktif,4,-2,negative
moga depan,5,1,positive
very nice,5,4,positive
verry god,5,0,neutral
produk nasa manfaat respon cepat puas layan informasi erti,5,22,positive
jasa linkedln,5,4,positive
,5,0,neutral
jelek,5,-5,negative
kadang tulis wa,4,3,positive
ok for rekomendasi job and conection,5,4,positive
buka konfirmasi email susah konfirmasi email kirim neg email,1,8,positive
good great ok,5,12,positive
,5,0,neutral
aplikasih muda paham ajar bantu gabung cari peluang bisnis negara sendir negara tetangga,5,-3,negative
good update,4,5,positive
nggak layak,1,4,positive
komentar enak knapa ada neg pilih tolak baharu klo pilih tolak,1,-3,negative
aplikatif,5,0,neutral
good information and thanks good idea,5,13,positive
jos mantap,5,5,positive
tambah relasi,5,6,positive
,4,0,neutral
krenn,4,0,neutral
sayasuka teman duniaapa dunia ekonomibisnis aktifitas jarang ketahuilov linkedlnsaya dukung mu,5,5,positive
wadah stakeholders laku bisnis real update mantaappp,5,5,positive
thats so usefull,5,0,neutral
bagua,4,0,neutral
nice apps,5,4,positive
bismillah,3,4,positive
mantaap,5,0,neutral
sjzrs dring,4,0,neutral
tolol nyari kerja susah developer niat sih neg bantu verification susah kaya uji national dasar badak edan tabak gambar salah mulu,1,-8,negative
josss,3,0,neutral
lumyan,5,0,neutral
jelektidak notifikasi jelas,1,1,positive
begitlah biasa,5,2,positive
ok aplikasi tp agk sdkit kurng ngerti tatacaranya,4,1,positive
sgt bagus,5,2,positive
bisa neg verifikasi masuk neg akal thx,1,-3,negative
lamar pake satu pernah neg panggil not rekoment pen ari kerja cuman bikin rame pala neg fungsi bagus,1,8,positive
,2,0,neutral
keren cari loker,5,-3,negative
jainal,5,0,neutral
masuk dar daftar susah ampun banteng kodok suruh pilih arah binatang putar aneh x coba ngk lolos bikin ribet,1,-14,negative
kiri,5,-3,negative
mantap jaya,5,9,positive
this application is designed very important and useful but surprisingly the introduction the application indonesian so refer the language i ask automatically indonesian language application please shorten the advertising time related specific platforms banners and avoid commercial ads that suck up internet quota and also avoid buying anupgrad apple developers is very provesional instead of begging keep mind that usersmembers have not received the results of their op,4,-3,negative
enough,4,0,neutral
su suka,5,3,positive
good postingan video postingan unjung poin hadiah,5,11,positive
bantu cari kerja,5,2,positive
mantab,5,0,neutral
bayar ngirim email gratis jelas neg bat,1,6,positive
bagus banget,3,3,positive
krn coba,1,2,positive
berteletele sign apply web usaha lamar,2,1,positive
cepat terima koki,5,5,positive
bagus banget,5,3,positive
ok,4,4,positive
i like it upgrade up skill entreoreneur,5,0,neutral
bagus appsnya,5,2,positive
pnya linked wktu via kirim email dr linked tp pas donlod aplikasi bs neg nali email no hp hasil hrs bikin barumengecewakan,1,4,positive
kerja proyek tambang batubara openpit underground kerja iron ore project kerja proyek tambang chromium proyek tambang nikel,5,6,positive
good sosmed,5,5,positive
best and very recommended,5,0,neutral
not help me yet get a new jobs,4,2,positive
moga depan amin,5,4,positive
manfaat bangun hubung bisnis,5,9,positive
cepat,4,3,positive
bantu,5,3,positive
js rna a bg an,4,0,neutral
mntab,1,0,neutral
good,3,5,positive
manfaat,5,5,positive
hnarma,4,0,neutral
tenuk teman teman semangat cari kerja kantor,5,3,positive
baharu cari batas penggunajobseeker arah premiumberbayar bayar makan sulit jobseeker mohon baharu,1,-1,negative
exellent,5,0,neutral
bagus manfaat,5,7,positive
kerja rewinding countruksi mecahanik kerja sipil,5,4,positive
user friendly,5,0,neutral
,5,0,neutral
halo please improve the appearance of the feed when using the post filter very inconvenient easier the previous filter posts feature,1,-2,negative
,3,0,neutral
go stei sebi depok,5,0,neutral
appl sagt bagus,5,2,positive
siip,4,0,neutral
coba,1,2,positive
motivasi kreatip teman bnyak bantu terima,5,8,positive
sulika,1,0,neutral
bagus bapakibu bayar kirim cv inmail,4,5,positive
ganti telusur,4,3,positive
bisa neg loginbaru etik alamat email,1,0,neutral
aplikasi bantu guna bagus,5,2,positive
teman hehe,5,0,neutral
jaya terusss,5,4,positive
why i can not upload my cv or resume pdhl format pdf,2,-2,negative
suka liat lowong kerja,4,7,positive
esukasi,5,0,neutral
ok cepat aktifitas bisnis,5,10,positive
tolong baik verifikasi verifikasi gambar kodok salah pilih kodok hadap terima,1,0,neutral
work hard and job busy end dipicull doit finish the help teknologi is simple,5,5,positive
bisnis perdagan ikan,5,3,positive
verifikasi kek uji psikotest niat beda tp nyusahin end user ux benerin friendly dikit suruh analisa muka katak hadap kek mna pake sound arahin gambar lgtolong baik verifikasi sayang bagus,1,3,positive
jelas neg apkdibikin ribet apply jobs,1,-3,negative
senang libur pantai gading dn labu haji,5,9,positive
penuh skill komunikasi insfirasi,5,2,positive
bergabungjd bri dlusesuai kembang nti bru bri bntg,4,3,positive
,5,0,neutral
ancak tau neg craxa,5,-4,negative
gapernah instal ni knp nginstal sndiri sihh ksel,1,-5,negative
manfaat tambah koneksi,5,10,positive
baik,5,3,positive
anna king abdurrahman,5,0,neutral
bagus responnya moga manfaat,5,8,positive
aplikasi bagus pas plis aman verifikasi melaui email pake tebak gambar kali kali ngejawab tetep salah gimana nasib bisa neg garagara bisa neg nebak gambar,2,4,positive
facebook instagram whatsapp youtube twitter,5,0,neutral
recomended,5,0,neutral
i like,5,0,neutral
trima ksh infonyalinkedlnsmoga brmanfaat lgi org byksukses slaludan tingkat mutu kwalitas info,4,2,positive
good for relationships,5,5,positive
pokok ok banget,5,8,positive
bagus,4,2,positive
cobain cocok keren,4,4,positive
senang bs berkenaldgn org,5,5,positive
bagus lupa loker cocok citacitanya tulis,5,7,positive
alhamdulillah bantu,4,8,positive
bagus,5,2,positive
tambah wawas,5,3,positive
lot bikin emosi doang,1,-1,negative
recommended apl,5,0,neutral
,5,0,neutral
bagus ketemu aman nyaman,5,7,positive
nonaktif,1,0,neutral
semangat trus,5,4,positive
very good media,5,5,positive
i cant save my any profile changes really really great,1,3,positive
bagus,5,2,positive
makas,5,0,neutral
luas jangkau tawar kerja,4,1,positive
mantap bantu,5,8,positive
x jam sma taik,1,-5,negative
ggod bnyak tw cari kerja siap skill depan talhanks baca doa depan kerja arab solat masjid nebus dosa banget aamiin,5,12,positive
bisa neg verifikasi,1,0,neutral
informative mudah pakai,5,4,positive
thanks you moga barokah n sukses jalan bisnis selesai,5,12,positive
bantu,5,3,positive
its help connect with my proffesional friends and get a lot of knowledge,5,0,neutral
yeeeesss,4,0,neutral
sgini,3,0,neutral
bidang busnis,5,0,neutral
manfaat kembang bisnis relasi,5,14,positive
bisa neg buka,1,3,positive
good job,5,5,positive
baguss banget,5,1,positive
,1,0,neutral
blum perna maka blum tau guna,2,-3,negative
aaaqq,5,0,neutral
dahsyat,4,2,positive
star,5,0,neutral
ken,5,3,positive
lokernya ada neg ngeliatin status foto and video mudjur lahir,1,10,positive
kursdolar,5,0,neutral
nice application give new perspective and spesific friendly on field job area,5,4,positive
profesional bantu ilmu jenis kerja isi dalam jaring sosial iniadalah orangorang hati orangorang profesional bidang masingmasing salah satunyaorang kerja jalin hubung profesipekerjaan sukses sehat team work,5,30,positive
good inspiration,5,5,positive
sa gat bangus,5,0,neutral
bidang,5,0,neutral
thenks good,5,5,positive
ok,5,4,positive
semakinmempermudah cari kerjaa sipok,5,-3,negative
bantu,5,3,positive
okelh,5,0,neutral
kelas,5,-3,negative
moga manfaat,5,6,positive
aplikasi email ada neg alamat email ngaco banget benerin tuh aplikasi hub bikin bener cek email email lingkedln tanda email email benerin sistem gimana,1,-10,negative
luas jaring,5,6,positive
bawa hasil,5,4,positive
ningalan kedungtuban,5,0,neutral
good and great,5,8,positive
promosi,5,0,neutral
lamar kerja praktis neg,3,6,positive
moga ni bantu partner kerja sesuai,5,9,positive
bru,3,0,neutral
bagus donwload alpikasinya,5,2,positive
keren dgn updatean hebat lowong kerja,5,2,positive
cepat akurat,5,3,positive
cari kerja,5,-1,negative
good for relationship,5,5,positive
,5,0,neutral
manfaat mohon tingkat,5,8,positive
i like this,5,0,neutral
ukur,5,3,positive
informasi guna silahturahmi,5,3,positive
t,4,0,neutral
bantu cari info kerja tolong sempurna fitur chatnya mudah atractive terimakasih,5,14,positive
blank on notification,1,0,neutral
,2,0,neutral
okeeee,5,0,neutral
this aplication so far so good,5,5,positive
appbagussemoga manfaat,5,5,positive
bagus bantu informasi lowong kerja,4,9,positive
manfaat neg khalayak hapus bikin full memorybuang data,1,-1,negative
terima relasi ku perlahan bisnis logistik ku kembang,5,11,positive
best,5,0,neutral
penting neg gede gengsi doankk bantu neg sulit anyway budaya riset penting neg butuh cari kerja huhhhh ngapain pake skill enak ngeblog buang buang bayar kridit fleksibel neg butuh lokal,1,4,positive
amazing apps for job seeker,5,0,neutral
tolong informasi lokerlowongan kerja akurat ada neg imbal duituang rugi kecewa si lamar,5,7,positive
sya senag,3,0,neutral
dulusoal rasa hasil,3,1,positive
bismillah semogah kerja impi contoh sanbox,5,6,positive
goodmembuka jaring teman,3,3,positive
please add dark themes nowadays mostly apps add dark theme feature for best experiences,4,-3,negative
santuy error,5,-5,negative
simple mudah erti,5,9,positive
suka moga jaya,5,8,positive
pakai moga bagus,5,3,positive
guna cari lowong,5,-2,negative
bagus terbelokir neg,4,2,positive
bagus bermanfat bngun komunikasi,3,4,positive
membantuthx,5,0,neutral
sf ptperivera logistic hotel seratta sf ptkencana digital printing sf bank danamon sf ptbeton perkasa spv wulling sf astra daihatsu,5,5,positive
,3,0,neutral
top daah,5,5,positive
greaatt,4,0,neutral
upload linkedln susa tunggu antri apload info loker kak neg want ask sis how come uploading it on huh always waiting line want upload besides the locker info can it or no sis,3,-5,negative
bagus cari kerja,4,1,positive
sukses,5,3,positive
lumayan loker puas,4,4,positive
tau pungsi,5,-4,negative
pas tambah info job patok upgrade skill,5,3,positive
bantu kerja,5,5,positive
sungguh luarbiasa,5,4,positive
bagus manfaat profesional,5,7,positive
gagal,1,-4,negative
mudah,5,4,positive
,5,0,neutral
status server,5,0,neutral
mantap fan cepat,5,8,positive
baik,5,3,positive
bisa neg buka pesan,1,5,positive
mill manager palm oil mill,5,0,neutral
dark mode,4,0,neutral
gimana suruh pecah teka teki mulu ada neg bener sm,2,7,positive
sipb,3,0,neutral
kerja aplikasi neg lowong kerja,1,0,neutral
bantu parapencari kerja,4,5,positive
moga ttp manfaat,5,6,positive
dl,3,0,neutral
very good,5,5,positive
bissmillah dapet kerja,5,4,positive
info kumunikasi linkedln td sulit mudah order lancar,1,5,positive
mantull,5,0,neutral
cepet informasi,5,4,positive
temu teman tukar alam cari kerja percaya,5,6,positive
hi terimakasih hadir ruang bagi ilmu alam hebat,5,13,positive
gabung alam,5,-3,negative
masuk susah tebak gambar salah verivikasi jelas neg,1,-4,negative
thanks all good,4,8,positive
tahap ajar dn bimbing mg cpt pinter dlm bangun vetube jaya kompak jari,4,9,positive
lamar kerja,5,2,positive
mantap,5,5,positive
moga moga,4,2,positive
sungguh manfaat,4,9,positive
tau da loker smk,5,-4,negative
parah facxxxx main blokar blokir maaf nonaktif batas akibat salah kirim mohon verifikasi identitas browser desktop,1,-6,negative
mudah hubung orangorang halhal hidup profesional bangun kembang jaring profesional baca berita bisnis industri baru temu kerja impi profil hanya neg resume profesional capai karier,3,20,positive
,1,0,neutral
the best of the best friend thanks for watching and happy indonesia day nyaman hati nyaman saku nyaman kawan nyaman indonesia dunia sport amerika sport korea sport china sport taiwan sport maintenance server with bismillah yra aamiin subchanalloh alhamdulillah yra aamiin subchanalloh alhamdulillah yra aamiin,5,47,positive
bantu cari kerja sesuai nyesel neg poko,4,-2,negative
,2,0,neutral
guna peluang,4,1,positive
uninstall,1,0,neutral
bagus tambah alam nal milik usaha manager,5,9,positive
susah banget uninstall kes boleh neg linkedln hmmmmm,1,3,positive
nice professional work,5,4,positive
long away from spain live my own country indonesiathen star this horible pandamic hope everything is oke the future,5,5,positive
asssik manfaat,5,5,positive
susah gabung email sandi susah masuk trus verifikasi tebak gambar buka neg buka linkden,1,-3,negative
kumpul orangorang sukses,5,3,positive
ntah bego aplikasi buruk dftrlogin muter dstu sory nihil,1,-13,negative
help me,5,2,positive
,3,0,neutral
lihat hadap atas,1,-1,negative
,5,0,neutral
nyaman aplikasi,5,0,neutral
bagus keren aplikasi puas diriyaaa mas mbak,5,1,positive
mencobanyasemoga manfaat,4,5,positive
lamar kerja linkedlnsagat bantu cari pekerjan cocok sayatrimksh linkedln,5,6,positive
jelek fungsi kayak medsos mending ganti nama,1,-3,negative
bagus like,5,2,positive
not really help me find a job,3,2,positive
it easy make communication with one who we need and efficient,5,0,neutral
bantu cari kerja oleh ilmu praktisi hrd ulas manfaat,5,11,positive
updating fiturfitur media konten syarat teknologi platform it canggih,5,0,neutral
aplikasi bagus,4,-2,negative
sukasekali aflikasi,5,0,neutral
says kryawan pt minamas langgeng muara makamur,5,8,positive
ok,5,4,positive
greatest,5,0,neutral
dear mr mrs based on the information there are some required job is needed at your company i am so interested with your offers for the joint with your roomates company is available and suitable with my requirements as project management consultant pmcmechanical inspectorqa qc welding inspectorndt inspectorflange management i have an adequate basic communication skills friendly attitude manageable person hard worker a dynamic person target oriented and eager learn comp,5,2,positive
bagus ajar tambah relasi,5,9,positive
,4,0,neutral
apknya baaba,3,0,neutral
bisa neg konfirmasi alamat email banget,1,4,positive
,5,0,neutral
krn hubung sukses,4,4,positive
bisa neg,1,0,neutral
asuutembak gambar verfikasi gagal mulupadahal bener tu gambar madep atassasuu emangnyeseeelllll siiall,1,3,positive
bantu cari relasi bisnis luas,4,9,positive
maaaaaaantaaqqap,4,0,neutral
infomatif,5,0,neutral
its agood songs,5,0,neutral
hai team terima buka sempat start up impi saran depan reminder do list guna bingung kali thanks,5,15,positive
help me for new oppurtunity,5,2,positive
oke sipp,5,2,positive
erti,1,2,positive
ulang ribet banget pilih atas salah muluhadeeehhhapa gua robot,1,-16,negative
coba,4,2,positive
mudah bangun relasi koneksi dunia kerja,5,12,positive
good networking,5,5,positive
belim liat faham,5,2,positive
,5,0,neutral
,5,0,neutral
slamat soretrimks hadir st mohon ijin dgn hormatbantuan kontrol pandu kelola sinkronisasi n personel informasi status dn data jg bayar dl,5,10,positive
gua mau neg hp gua tp bisa neg diuninstall,5,-1,negative
bangga,3,3,positive
key account manager,5,0,neutral
bagussss,5,0,neutral
walt disney pleasayou can me joba,5,0,neutral
pas feriv salah,2,-1,negative
mudah cari kerja,5,3,positive
,5,0,neutral
cari job good is good,5,7,positive
ok enak poko neng buka,5,15,positive
pas lengkap profil gagal,1,1,positive
suka ajar,4,4,positive
koq nggak uninstall uninstal,1,1,positive
good,5,5,positive
spektakuler,5,0,neutral
bisa neg masuk alamat email daftar neg lwt web masuk mohon arah ubah direspon,1,-2,negative
tolong langsung lamar linkdln langsung prantara daftar web hire today thanks,2,13,positive
biar bicara,5,1,positive
kecewa bisa neg masuk cuman klik gambar jelas neg sukses,1,3,positive
manfaat n bantu cari lowong kerja n bagus,5,9,positive
mudah komunikasi seleksi gabung linkedln update konsumer capai tuju,5,8,positive
cba duu,5,0,neutral
good performance,4,5,positive
banned alas neg,1,0,neutral
manfaat jaring bisnis,5,11,positive
stone jump andal tuhan yesus kristus,5,8,positive
s informatika skill php js html css mysql looking for job,5,-4,negative
thats great much better and helpful,5,5,positive
,3,0,neutral
,5,0,neutral
bagus neg batas,1,-1,negative
moga depan membangunnusa bangsadan agama,5,-2,negative
asyik,5,0,neutral
luuar biasaa applikasi dpt hubung pintar cerdas kaya ilmu,4,7,positive
coba,3,2,positive
kereennnnn,5,0,neutral
bantu smua mula alam cari dukung support atw pekerjan terima,5,9,positive
,2,0,neutral
i try,5,0,neutral
nice,4,4,positive
connecting more,5,0,neutral
tarik artikel sistem operasi android,5,-5,negative
ik,5,0,neutral
isi bio mahasiswa kendala maaf salah tetep bisa neg,3,0,neutral
hubung dg teman,5,1,positive
good,5,5,positive
coba,3,2,positive
media sosial bantu cari kerja,4,6,positive
beneficial and updated,5,0,neutral
bantu cari info kerja,3,-1,negative
very nice and supported,5,4,positive
anjg verifikasi gambar salah sembarang suara suara sepertintv ada neg salur salah gila jelas neg abis quota,1,-2,negative
cucok,5,-1,negative
best,4,0,neutral
jarang pake,5,0,neutral
video putar neg otomatis atur kontrol video tarik,4,9,positive
,5,0,neutral
good information on job thanks for you,5,8,positive
bismilla ikut bijak,3,0,neutral
job baru moga,4,1,positive
jual tanam hias buat taman bal,5,6,positive
dunia butuh elemen air bentuk tumbuh global,5,-1,negative
good job,5,5,positive
ak lm buka ni,3,3,positive
advokat konsultan hukum,5,3,positive
luarbiasa,5,0,neutral
bagus apl moga kerja terimakasih,4,10,positive
trash,1,0,neutral
orangorang hebat,5,0,neutral
bagus dunia kerja,5,5,positive
tampil bagus jaring daya cocok relasi mutu,5,16,positive
sr manager general manager,5,0,neutral
membntu,4,0,neutral
set x,2,0,neutral
susah henti maruk,1,-10,negative
,5,0,neutral
,2,0,neutral
gilabisa gilain,1,0,neutral
top abis,5,6,positive
btg,3,0,neutral
gabisa ganti foto,1,6,positive
i cant make a school yard plis i need a solution about this thanks,3,3,positive
bantu bagi alam,4,7,positive
manfaat,5,5,positive
,5,0,neutral
aq mncoba trlalu qu phami wlaupun sdah lma hp qu,4,0,neutral
tambah jaring koneksi usaha,5,9,positive
,4,0,neutral
such a weird and unclear verivication instruction,1,0,neutral
hoax sesuai neg datengin,1,-2,negative
bantu terima linkedln,5,5,positive
uyy,5,0,neutral
bagus bantu profesional sharing cari lowong kerja prestistrima linksemoga devlop trus tingkat layan,5,10,positive
suka linkedln conectivitas,4,3,positive
bantu,5,3,positive
linkedln percaya,1,2,positive
gud,5,0,neutral
sip ok,5,4,positive
masuk susahmasih mudah joobstreet layan bagus lambat,1,6,positive
lumayan,5,1,positive
terima wadah jobseeker moga profesional,5,3,positive
ganti foto profil banget bisa neg ganti,4,10,positive
goodthanks,5,0,neutral
thn alam kerja produksi dyeing,5,4,positive
please be kind what were those weird animals pictures i wan na relog my acc but you didnt help me,1,-5,negative
lamar dr smpai panggil kerja dr usaha lamar dr linkedlnkecewa,1,3,positive
goodsemoga dapat kerja linked inaamiinpandemi corona beranta,5,4,positive
cobak,3,0,neutral
muhun,5,0,neutral
moga jalan,5,1,positive
mantaff,5,0,neutral
suka cita,5,3,positive
mohon benah sistem verifikasi masuk gambar jelas neg tahan verifikasi masuk mohon baik depan opsi,1,1,positive
penginstalan kali mulu,4,2,positive
,3,0,neutral
uh kgb,1,0,neutral
optimal,5,0,neutral
asw habishabiskan paket update bisa neg,1,4,positive
informasih,5,0,neutral
ok,5,4,positive
on the track thanks for your intention,4,3,positive
driver dump truck,5,0,neutral
mantap hubung hr usaha info lulus seleksi neg cv pernah neg kabar,5,11,positive
update cepat,5,3,positive
minggu kemarin bisa neg,2,0,neutral
belit belit,1,-6,negative
beguna bantu,5,3,positive
bisa neg refresh page mobile milik premium uninstall gagal tolong baik,1,9,positive
selamat moga indonesia mudah hasil maksimal sumber,5,16,positive
gitu,5,0,neutral
mantap gamenya bro,5,5,positive
bagus tarik mudah komunikasi sektor bisnis lowong kerja,4,15,positive
i was thinking that im not the only user who have been experiencing down server of whether by mobile apps or webpage for developer please kindly fix this issue since its quite bothersome,3,-5,negative
keren parah,5,-5,negative
nice,5,4,positive
susah relogin mohon bapakibu saudara pake vpn moncobanya work itsebelumnya susah out akun bantu teman,5,-1,negative
bagus banget,4,3,positive
lulus sma,4,5,positive
bisa neg update,1,0,neutral
situs erorrrrrr,2,0,neutral
sayat bantu,5,-1,negative
puas informasi,3,5,positive
deskripsi kerja,5,-2,negative
bad,5,-4,negative
download,1,0,neutral
suka bantu,5,6,positive
can not refresh please fix it,1,-1,negative
bisa neg buka suruh verifikasi sentuh gambar hadap gambar,2,6,positive
update lost connecting,1,-3,negative
hadeeeeeh terooooss bisa neg update newsfeed huuuuuu,1,0,neutral
virussaplikasi rusak ponsel lihat komentar negatif bawah nyesal pokok,1,5,positive
applikasi profesional bantu orangorang butuh kerja the best,5,0,neutral
verifikasi ribet bangeet gilaaa masuk verifikasi cepat appstore salah verifikasi aneeeh oooyy alien neg manusia,1,-5,negative
kualitas,5,4,positive
operator splitting,5,0,neutral
bantu,5,3,positive
,5,0,neutral
ladi nasabah,3,4,positive
no komen lahh harap ubah lebihh,1,3,positive
nice,5,4,positive
iyq,3,0,neutral
karna msih mula,1,-3,negative
hibur,5,0,neutral
mudah info kerja,5,3,positive
indonesian mining broker,5,-3,negative
instal bisa neg daftar,1,1,positive
dede haryanto fporpilwebsite meta trader senang bahagia bagi anugrah bahagia buat doa moga jaya kalang dunia trimakasih besar dede haryanto modelator grup publik,5,32,positive
lowong tmn dwng,5,0,neutral
why cant reset the password,1,-2,negative
bagus,5,2,positive
mantap bisnis,5,8,positive
instal bisa neg daftar,1,1,positive
izajah gada alam kerja pakai neg,5,4,positive
terima cepat mudah,5,9,positive
ra urus,5,0,neutral
daftar tengah verifikasi aman hadeuh,1,3,positive
iyh,5,0,neutral
cant refresh error pls check,1,-5,negative
pe rnah pakek,3,0,neutral
cari kerja,4,-1,negative
bagus profesional mohon tambah fiturfitur dark mode,4,7,positive
good jobs,5,5,positive
hank,1,0,neutral
berita job offer admin selektif sifat nys tipu sekarsng,5,-7,negative
apps warna berremu hebat hebat,4,0,neutral
ngubah bahasa bahasa indonesia gimana,2,-8,negative
bagus banget,5,3,positive
okay banget,5,5,positive
bisa neg bisa neg refresh feed uninstall install ulang install ulang bisa neg,3,2,positive
,3,0,neutral
terima,5,2,positive
hasil,5,3,positive
moga kerja,5,3,positive
sorry panggil neg hadap,3,-5,negative
dpt jumpa relasi terima,5,5,positive
bisa neg akses web bisa neg refresh beranda loguot bisa neg install ulang tetep tolong baik,1,11,positive
rusak bisa neg bodo guna neg,1,-1,negative
iya coba,2,2,positive
buka,5,3,positive
tulis,3,0,neutral
bagus,5,2,positive
karna coba nnt bagus kasih neg full,2,6,positive
ok,5,4,positive
baik rusa cepat,1,6,positive
baik,5,3,positive
bagus loker,5,2,positive
semangat pagi salam sehat selamat sukses bahagia,5,21,positive
layan muas profesional,5,7,positive
suka bantu the best,5,6,positive
manyap,5,0,neutral
hello i think you have a bug with navigationbar your apps when i open the apps homepage bottom not follow grid system with the top,1,4,positive
linkedkemarin nge refresh status bisa neg logout sampe uninstal instal ehhhhh bisa neg bisa neg kembalibahkan ganti password bisaapa neg salah,1,1,positive
great apps,5,3,positive
bisa neg buka mobile web notice lowong kerja masuk email bukak linked nggak sungguh kesal harap admin cepat respon email thanks,2,22,positive
end frontier bisa neg akses bbrp kali updategagal uninstall re install coba mobilephone support neg,5,8,positive
riet pakenya erti neg rumit,1,-3,negative
bantu komunikasi,5,5,positive
manfaat terima,5,7,positive
good for hotelier,5,5,positive
cinta lindkein,5,3,positive
off coba masuk aman nyaman koment bisa neg masuk download mudah login neg,5,4,positive
makasih,5,4,positive
temu profesional bidang,5,2,positive
,1,0,neutral
i hope this application really fits what i envisioned bringing together and making connections between professionals more accessible,5,0,neutral
okey bnget,5,0,neutral
mayang sari,4,0,neutral
download cma mw mncri org mw beli ginjal gw minat dn serius bls sja email gw,3,1,positive
hari webmobile hasil buka bisa neg balas panggil kerja sungguh kecewa,1,12,positive
mohon bantu admin my job kurirexpedisi terimakasih,5,10,positive
jozbro ws lanjot ros aplikasine mantaap,5,0,neutral
bantu,5,3,positive
bisa neg instal update baru bisa neg refresh feed,3,2,positive
linkedln bagus tambah relasi lokal internasional,5,8,positive
mantap hubung negara teman negara tingkat hubung bisnis menjankau negara,5,11,positive
kereen ni saing instm salam vtuber vtuber depok,5,0,neutral
tambah koneksi orangorang hebat,5,5,positive
marine safety equipment,5,0,neutral
cepat,5,3,positive
mudah mudah an bantu,5,11,positive
bangus menbangun relasi,5,3,positive
moga kuis,5,1,positive
keren bantu butuh komunikasi teman kenal,5,3,positive
keluarterus pemberihatuan blokpadahal apatolong tau,1,-4,negative
good apps and opportunities,5,5,positive
tambah ilmu,5,7,positive
oke bagus,5,4,positive
i hope improve again my gadget is broken or needs be improved every time i open it always shows sorry we cant upload your feed please try again disappointed please improve please improve please improve as twitter good apps thanks,3,-11,negative
okee,4,0,neutral
mudah z hubung temanrelasi juang cari kerja informasi,4,9,positive
usaha banyak biar mudah carik kerja,5,6,positive
mudah cari kerja,5,3,positive
risal gg,5,0,neutral
eformbricoidbpum,5,0,neutral
bnyk loker bodong,1,0,neutral
apps bagus,5,2,positive
ajar,5,1,positive
boss ku,5,0,neutral
dl,2,0,neutral
mantaff,5,0,neutral
apps bagus hati laku org niat disosmed,5,4,positive
cukup neg ruang update nambah ruang,1,-11,negative
siil,5,0,neutral
pola butik,5,3,positive
mantab jiwa,5,0,neutral
,2,0,neutral
all is good,5,5,positive
bantu,5,3,positive
jaring,5,3,positive
harap ads loker tolong mudah usaha lamar kerja mudah,5,17,positive
mantaffsilaturahmi,5,0,neutral
terima manfaat,3,7,positive
good aplication,5,5,positive
manfaat bantu cari rekan kerja,5,11,positive
diupdate bsa neg ubah profil isi alam kerja moga baik,2,10,positive
gabisa kali masukin email gabisa,1,0,neutral
faster and update info,5,-3,negative
moga cari kerja moga cpt mndapat kerja moga cita bahagiain rang tua moga terkalbul wujud salam dulur,5,0,neutral
ribet daftar kode bener masuk neg masuk,1,-9,negative
bantu,4,3,positive
baguskeren,5,0,neutral
aktif fitur dark mode layar perangkat,5,2,positive
i loved,5,0,neutral
cepat manfaat,5,8,positive
good luck,4,9,positive
,5,0,neutral
awsome,5,0,neutral
tipu investasi lowong kerja,4,2,positive
awesome,5,0,neutral
mambantusekalai,5,0,neutral
oke,5,2,positive
dpt bansos jt dagang keliling pakai anak,5,-3,negative
aktiv,5,0,neutral
susah buyers,3,-3,negative
susah,2,-3,negative
akunlama knp ngilang otmatis neg lg,4,-3,negative
bagus,5,2,positive
teman wawas,5,0,neutral
ok,5,4,positive
bantu lengkap informasi,5,7,positive
gw ubah cant acces,1,0,neutral
hanya neg cari kerja temu teman cari koneksi bagi inspirasi,5,-4,negative
bantu kerja,5,5,positive
okee,5,0,neutral
minggu error jelas neg,1,-4,negative
,5,0,neutral
sgt syukur bnyak informasi kerja,5,9,positive
ku eror bisa neg akses tolong bantu,3,4,positive
mendownload neg nyapoto kedonglot memori hp coyyyy,1,0,neutral
good,5,5,positive
sensional,5,0,neutral
mantap cepat,5,8,positive
mabtul,1,0,neutral
coba,3,2,positive
kerja operator mesin sopir lokomotif sopir forklip,5,2,positive
bantu kerja,5,5,positive
bagus,5,2,positive
bagus,5,2,positive
mksh,1,2,positive
,4,0,neutral
kaasih klw manfaat aq tmbah bintangx lg,2,5,positive
koneksi relasiklien bisnis hilang kontak thanks,5,13,positive
yooooo,5,0,neutral
coba katnya bagus,5,4,positive
bagus cari loker cari relasi cari referensi teman pas tau ttg bingung pakai,5,-5,negative
buka linked website postingan ulang laman utama mohon baik postingan tampil baru koneksi ribu muncul lg lg minggu postingannya muncul,3,13,positive
sambung,5,-3,negative
kemarin bisa neg sinyal bagus,1,2,positive
,3,0,neutral
can not go through quickly slow progress,2,1,positive
lro ati,3,-1,negative
top,4,5,positive
muncul tulis maaf salah refresh,3,1,positive
bagus,4,2,positive
mantap gan info loker gan,5,2,positive
senior supvrehabilitation,3,-3,negative
mntep,4,0,neutral
nan wijaya,5,0,neutral
goodjob,5,0,neutral
tahu neg hasil donlod linkedln loker cocokternyata ada neg loker cocok yaah informasi lokernya nongol skrg hapus ahh sia sia buang uota ajakwkkwkkwk,1,-1,negative
guna guna,2,2,positive
daerah tangerang loker,5,0,neutral
,3,0,neutral
nggak,5,1,positive
maister injection molding skill silver,3,0,neutral
,3,0,neutral
informasi kerja ilmu,5,8,positive
baharu bisa neg klik lupa password bisa neg mohon bantu,2,6,positive
apply usaha alih web alhasil email spam web kunjung hssshhh bingung,2,1,positive
,5,0,neutral
moga lelah ku nilai ibadah,5,14,positive
,2,0,neutral
tolong dian translate,3,3,positive
pas buka perbaharuipas baharu tulis china gitu bisa neg bantu gimana baharu,2,9,positive
moga kerja sesuai ekspektasi,5,6,positive
bagus hanya neg apply lowker sni silahturahmi hebat,5,-1,negative
amat bagus owner karyawan calon karyawan,5,12,positive
mmbntu,5,0,neutral
juang kerja relasi,5,8,positive
bagus kembang bisnis bagi bisnis,4,13,positive
linked bagus bisa neg alami eror di neg kenal,3,-2,negative
positif no sara motivasi job seeker,4,4,positive
jls neg bet susah mesti teka teki spiral dl,1,-6,negative
prtama kali make kasi ok,4,1,positive
not response when,1,0,neutral
t inspirasi,3,-3,negative
assalamualaikumsaya dulusetelah hasil kerja lengkap bintangnyatrims,3,7,positive
pepek nonaktif,1,0,neutral
wahh mantap,2,5,positive
refresh bisa neg gilir logout bisa neg masuk klik lupa sandi bisa neg bantu,2,3,positive
tingkat fasilitas informasi,5,5,positive
moga kerja linkedln,5,3,positive
tarik aktual,5,6,positive
guna banget uji butuh banget buatbaplikasi iniii,5,-1,negative
error,3,-5,negative
bagus,3,2,positive
hai masuk aplikasi mudah mnamba wawas,2,0,neutral
aktif kn,5,2,positive
lamar kerja alih website laindan,3,2,positive
bantu informasi hubung dunia kerja,5,9,positive
puassss,5,0,neutral
bantu cari kerja,5,2,positive
bisa neg diunins,1,0,neutral
qcdi ptmnaptphgptpathlab ind n sia,3,-5,negative
,4,0,neutral
meubel lokal,4,0,neutral
wanita sabar,5,5,positive
tolong kuis bahasa indonesia tq,2,3,positive
manfaat bina hubung relasi teman semya,5,9,positive
bisa neg buka,1,3,positive
hoax boong,1,-9,negative
relefan,5,0,neutral
kenal,5,3,positive
klo dah oke,4,-1,negative
bagus bagus bagus,5,6,positive
ngapain instal,1,0,neutral
coba baik,5,5,positive
,1,0,neutral
ulas krn gabung,3,-5,negative
manfaat job niaga,4,5,positive
,3,0,neutral
moga bantu,3,4,positive
suka,5,3,positive
harap depan info loker mudah tingkat rating informasi lokasi domisili sesuai tahan kerja lamar online via bantu kandidat anak bangsa hebat berkarir sukses,5,16,positive
jan download,1,0,neutral
very good for relationship,5,5,positive
josss,5,0,neutral
keejariusk ms msnmnka,5,0,neutral
jaring bantu bangun jaring bisnis,5,12,positive
jaring relasi baik,5,9,positive
gdnice awesome,5,0,neutral
jos banget,5,1,positive
linkedln oke,5,2,positive
bantu,3,3,positive
fresh graduate,5,-2,negative
keren easy use very useful,5,0,neutral
informasi update,5,2,positive
tets aldi novendru aldi taerr,5,0,neutral
masuk nyuruh milih galaksi spiral milih neg kerja,1,-8,negative
after updated this application i cant make posting change my pic profile everything about upload pic video not working so useless,1,0,neutral
mudah temu cari relasi dunia kerja,5,9,positive
lumayan muda mudah kerja,3,5,positive
bagus temu bagi informasi,5,8,positive
pasang foto profil ganti hilang,5,13,positive
daftar pas kode verivikasinya ngirim nomer verifikasi nomer hp personal xxxxx gitu program resmi kode ferivikasi kirim resmi aplikasi ada neg nomer hpnya takut jaman skrg bnyk hacker tanggung neg,3,1,positive
kayak bagus,1,-1,negative
guna moga lebihh dri kmrn baik jln baik jln baik untk depan,3,11,positive
pake dunia kerja moga manfaat barokah tksajkh,5,9,positive
halo kenal indra guna ilmu guna,5,10,positive
thanks linkdlin,5,3,positive
keren banget,4,1,positive
percaya,5,2,positive
,1,0,neutral
manfaat laku usaha bas umkm,5,6,positive
kasi bagus langsung kasi,2,-1,negative
mudah mamfaat,3,4,positive
konten awat sakit online iklan kontrol neg,5,0,neutral
great,4,3,positive
bisa neg hapus sampah,1,-7,negative
the rigth way get work,5,0,neutral
bantu anggur kerja,5,1,positive
suka,5,3,positive
profesional,5,0,neutral
lau sya tmbahin,1,-2,negative
yesus,3,0,neutral
bantu cari kerja,5,2,positive
kreatifitas bagus,5,2,positive
kerja dr top,5,7,positive
update keren cuman ada neg fitur cek profile,5,0,neutral
please add a region filter thx,5,-3,negative
no hubung bantu ganti password ganti no tlp,5,10,positive
,5,0,neutral
not interested,1,0,neutral
njayani,4,0,neutral
sanfi,5,0,neutral
bantu bisnis,5,6,positive
coba,3,2,positive
sooo damn good,5,5,positive
informasi dunia kerja berita bagus,4,3,positive
mudah karir kerja,5,6,positive
lumayan bagus,4,3,positive
mantap n,5,5,positive
keren banget aplikasi lowong kerja suka moga lowong kerja percaya,5,7,positive
hibur tua,5,-4,negative
geogle jual pakai merek sepatutasgordeninterior properti bs tambah,5,4,positive
halaman utama bahasa inggris isi video berita informasi usaha ada neg lowong kerja cari ketemu neg,2,1,positive
lamar kerja web,1,2,positive
keep acronym is world first,5,0,neutral
okbanget,5,0,neutral
great n excelent,5,3,positive
moga jaring luas,5,7,positive
good aplication for network jos tenan,5,5,positive
zead,5,0,neutral
help for searching opportunity of new jobs,5,2,positive
,5,0,neutral
bagus cari kerja terimakasih,5,6,positive
maxim ojol murah riah,5,6,positive
hallo nama randy aldhi kurniadi bagus bantu karier rasa sistem bug harap buka jalan salah starup indonesia gojekovo buka lapak tokopedia,5,8,positive
good,5,5,positive
mantapsangat bantu,5,3,positive
mohon luas bidang lowong kerja syarat beri kerja tks,4,11,positive
apknya mantap dah,5,2,positive
bunga,5,3,positive
my best friend make it connection the world of working space,5,0,neutral
membantubagus,5,0,neutral
bantu cari butuh tambah wawasann,5,-2,negative
ntaps,5,0,neutral
moga bs kantong,5,2,positive
tambah wawas relasi jaring,4,9,positive
suka moga wawas luas hidup,4,9,positive
bisa neg baru,1,0,neutral
bagus bantu cari info job,4,-1,negative
ngelamar beli premiyum tay,1,2,positive
help other people expand networking,5,2,positive
apasih gaje,1,-7,negative
ajar caramakainya,5,1,positive
sambung sahabat,3,1,positive
operator welding,4,0,neutral
lowong krja ditawarkn tingkat profesional tp syarat trlalu ketat batas lamar profesional dlm cari kerja dr segi usia sama dg lamar tengah bawah lulus kuliah gaji tawar profesional sgt sesuai neg dg alam kerja sama dg lulus kuliah informasi lowong buka usaha banyak hnya sbg syarat hrd cari kandidat pd temu calon karyawan bnyak tipu tnpa nyaring,1,24,positive
info lowong kerja,5,-1,negative
bantu jaring dunia professional,5,7,positive
bagus manfaat lhoh,4,7,positive
tipu filter ketat gimana pinter pinter jobseeker milih loker,1,5,positive
boskalu bagus tambahin neg,4,2,positive
tambah wawas ilmu,5,7,positive
faster,5,0,neutral
bagus smoga sukses trusssss,5,5,positive
nyoba bagus ane ksh lagie,3,2,positive
pokok recomended,5,3,positive
keren banget,5,1,positive
manfaat profesional,5,5,positive
juang,5,3,positive
info kerja sesuwai domisilo dongsetidak prsaratanya sma smk sedrajat trimakasih,5,3,positive
good communication,5,5,positive
sosial media suka iklim positif bantu kerja bantu usaha temu karyawan moga taun jon sesuai harap,5,27,positive
karna bantu,5,3,positive
mayan,3,0,neutral
very excited and very good for meet up with a new friends with good appearance,5,12,positive
bagus koneksi,5,4,positive
super digital akses,4,5,positive
bismillah moga bis bermanfat depan aamiin,5,7,positive
,5,0,neutral
its okey,5,0,neutral
,5,0,neutral
suka,5,3,positive
mantap networking,5,5,positive
bagi lokernya,5,2,positive
recomendasi masuk,3,-3,negative
mantap kali bah,5,2,positive
mantap jaring bisnis kerja,5,13,positive
mah sarjana doang smk,1,1,positive
bismillah moga manfaat aamiin,5,12,positive
bantu,5,3,positive
bagus dapet kerja ny,5,6,positive
sraz nnr te e tt,5,-2,negative
halo email bisa neg masuk mohon jelas,2,1,positive
gila gw pasang neg pasang gila yak,1,14,positive
nyaman,3,4,positive
inibanyak alam dapat,5,4,positive
batu,4,2,positive
susah,1,-3,negative
bantu informasi daya masyarakat,5,5,positive
moga mudah lancar kerja sesuai mampu amin,5,19,positive
great really u have try this application,5,3,positive
keren bantu,5,3,positive
jalan,5,0,neutral
faham,5,0,neutral
jelas neg buka lowong lamar jelas neg,1,5,positive
moga manfaat,4,6,positive
kayak sosmed,3,-3,negative
depe,5,0,neutral
cari beri kerja dunia data cari data usaha cari moga sesuai,5,-5,negative
bantu ken koneksi bidang kerja bom ngerti pakai moga guna yaaa,5,14,positive
i really like this site a lot of products are offered maybe it can be a reference for those who want find something they want,5,-5,negative
batu,5,2,positive
mantap,5,5,positive
manfaat jalin relasi komunikasi positif,5,14,positive
n,5,0,neutral
cari kerja ok,5,3,positive
,5,0,neutral
bermanfaatbanget,5,0,neutral
,4,0,neutral
kuasa truk tronton thn,5,3,positive
info bagus bantu,3,2,positive
good aplication,5,5,positive
mantulll brooo,5,0,neutral
bisa neg ganti foto profile,1,6,positive
very good,4,5,positive
bagus neg cari kerja,1,1,positive
,1,0,neutral
siph,5,2,positive
oke sip,5,2,positive
ok,2,4,positive
good luck for bantu,5,12,positive
hemm bagus update cakep kembang the best,5,10,positive
skali,5,0,neutral
nyoba tau kerja pas terimakasih linkedln ngebantu nyariin kerja poko manfaat lupa tingkat,5,11,positive
bagus guna,4,3,positive
mudah informatif,5,4,positive
just new,5,0,neutral
axes baca layar,1,3,positive
ribet,3,-4,negative
maknyos,5,0,neutral
yez,5,0,neutral
good lahsangat mudah referensi cari teman,5,6,positive
tuti hanta pu telepon amam rew,5,0,neutral
manfaat dg linkein,5,5,positive
tolong bantu pas lamar kerja alih update nggak tolong solusi,1,18,positive
update aneh moga kerja saya neg uninstall,3,4,positive
karaoke fp,5,0,neutral
keren tambah jejaring support karir,5,7,positive
bagus bantu bangun cv,5,5,positive
siiippp unduh,4,0,neutral
this is good,3,5,positive
minggu mengupdate neg wall status error,3,-5,negative
hoy,5,0,neutral
bantu cari kerja sesuai,5,5,positive
susah uo date,5,-3,negative
banayak info loker guna,5,-2,negative
sukasekali,5,0,neutral
mantap kali ka tolong bantu ka job kerja,5,13,positive
linkedln sngt bagus,5,2,positive
i like this applicationit can help me find job,5,2,positive
lesgo,5,0,neutral
mantap selamat pagi rekanrekan kenal hanan darmawan barangkali rekanrekan butuh jasa terbit jamin bank garansi bg surety bondasuransi proyek bos procedur cash neg collateral jenis bg sb jamin tawar bid tender bond jamin laksana performance bond jamin uang mukaadvance payment jamin pelihara maintenance bond jamin bayar paymen bond spd jamin bayar asuransisurety,5,-16,negative
,1,0,neutral
baik ajar ilmu,5,8,positive
knapa gni buka lindkedln lari hadeuuh kecewa jelas neg,1,2,positive
kali,3,0,neutral
satpam,5,0,neutral
ok,5,4,positive
lambat lodinhnya masuk,2,-2,negative
bagus kenal sukses dunia kerja mereperensikan kerja kenal karakter moga unatuk bantu butuh relasi peluang kerja,5,20,positive
bagus,5,2,positive
sya guna linkedlnsangat manfaat tunjang wawas disiplin ilmu pencapain dunia usaha budaya dri latar belakangsemoga linkedln sukses,5,21,positive
good application relationships among workers the world thank you,5,9,positive
senang linkd n bantu koneksi jaring,1,13,positive
moga dapet kerja aolikasi,5,5,positive
ajar,3,1,positive
job recommended,5,0,neutral
sip,5,0,neutral
good,3,5,positive
i worker,5,0,neutral
nyoba moga sykses,3,1,positive
keren tampil histori,4,1,positive
fitur linked stories samsung a android update thanks,4,3,positive
bantu cari kerja,5,2,positive
bagus,5,2,positive
guna,5,1,positive
email ku masuk pasword ku masukkanudah ku konpirmasihkan gmail ku konpirmasihkan lagitolong perbaikin,2,-3,negative
bitang an,3,0,neutral
woww amazing,5,0,neutral
senang,5,5,positive
tuhan yesus kati,5,3,positive
bantu profesional bangun koneksi jaring sukses,5,11,positive
help me awesome,5,2,positive
luaaaaar biasaaaaaa,5,0,neutral
harga,5,3,positive
gus mifto,1,0,neutral
bagus admin koq posting muncul neg beranda,3,4,positive
bagus cari kerja,5,1,positive
bantu trims,5,7,positive
bantu proses cari kerja,5,3,positive
uu tutuiuhj,5,0,neutral
biak bos,5,0,neutral
useful for everyone,5,0,neutral
mantap beselancar keman temu teman temanpokoknya mantap keren,5,12,positive
banget lowong kerja bagus bagus,4,7,positive
ubah profil kinarja karyawan,5,3,positive
,5,0,neutral
slmsaya familiar dgn metode manajemen simple tangan suply chain dr mesan material managing gudang mnaging prosesschedule line balancing produksiwip finished goods orientasi dead line delivery forecast sales level stock acu pd kbutuhan produksi dgn continous improvement team operations manufakturing development menghasillkan leadership busiines proses excelence dorong usah saing dgn competitor positif,3,1,positive
terima,5,2,positive
bisa neg buka,1,3,positive
iam as a local birding guide since till now merauke region west papua indonesiaspecially wasur national park and other areas near merauke region,3,0,neutral
ajar,3,1,positive
bosun experience ahts and psv operation offshore mexico uae asia indonesia,5,-4,negative
andika,5,0,neutral
sangag guna tambah wawas koneksi,5,6,positive
nice and great,5,7,positive
muas cari kerja lokal negri,5,4,positive
tolong bantu tul lamar kerja,5,8,positive
profesional helpfullness,5,0,neutral
,4,0,neutral
saangat bantu kerja,5,5,positive
kl downloadnya gampang bisa neg hapus guna neg lamar lowker jancoook,1,2,positive
yes yes,5,6,positive
moga manfaat,5,6,positive
tuju dgn,5,3,positive
nonaktif terus ngapa neg ngapain butuh banget tugas kuliah bikin kali payah banget nyusahin,1,-3,negative
bermamfaat,1,0,neutral
nungguin bilang i love you nungguin mui tuju lebel halal botol ciu lgi gabut wkwk,5,5,positive
professional,5,0,neutral
nyoba,5,0,neutral
tolong erti neg saat lamar kerja arah website,3,8,positive
taksi driver,2,0,neutral
dagnut,5,0,neutral
ntap,4,0,neutral
mantab bantu,5,3,positive
yes good luck,5,12,positive
maka,3,0,neutral
tolong bantu media,5,6,positive
bantu bagi cari kerjauntuk info putar kerja lowonganperkembangan dunia usahamenambah koneksi teman sahabatterimakasih,5,4,positive
kali kali nonaktif mambantu neg malas sya hapus,1,-7,negative
ngagur bermanpat banget yng rumah moga cepet nemu kerjan yab,5,5,positive
f c v,2,0,neutral
bagus bikin yambah wawas,1,2,positive
linkedln temu dalam negara kenal bantu informasi dilinkedln buka jendela dunia biasaaa,5,17,positive
bismilah,5,0,neutral
cocok cari kerja tambah koneksi sempat kerja,4,10,positive
this is very nice,5,4,positive
respon info lamar,5,-1,negative
coba duly,5,2,positive
alhamdulilah instal linked lihat penjuru dunia thanks linked bantu my bisnis,5,13,positive
usaha,2,1,positive
bantu salam semangat,5,7,positive
woww good,5,5,positive
coba ngak pas hapus langsung,5,5,positive
baik terimakasih,5,8,positive
puas maksimal,5,6,positive
good experience get new opportunity work,5,5,positive
apps recommended topik angkat putar dunia kerja manfaat kembang karir samping sempat open networking off course,5,7,positive
mmmmmmmm mmmmmmmmmmmmmmmmmmmmm mnww bck,4,0,neutral
sya lbih bnyak tau info lowobgan pkerjaan,3,-7,negative
bagus nermanfaat jalin hubung teman bidang kerja,4,5,positive
need more job information,5,0,neutral
gila darah buat beku bisa neg pakai ungu,4,8,positive
bantu maju,5,3,positive
efektif cari informasi kerja informasi wawas,5,8,positive
dunia luas,5,4,positive
design wwt audid energi and environmental,3,3,positive
kkkkkkkk puass,5,0,neutral
well application fot job seeker,5,0,neutral
tema gelap android dunk,3,-4,negative
h,4,0,neutral
nyesel aktif update versi ngebug buka buka mending uninstall,1,5,positive
supppper,5,0,neutral
bagus profesional but for now why all the user like facebook deferrent with fb im borned,1,0,neutral
mohon info bantu lowong kerja real,5,6,positive
mudah mudah bantu lamar kerja,4,13,positive
markotoptoptop,5,0,neutral
bisa neg balas pesan,1,3,positive
bagus tambah jejaring,5,5,positive
gud profesional,5,0,neutral
nice,4,4,positive
mr ayah aftulchabib bunda tatistibahati mys ayah bunda,4,6,positive
sulit kerja,1,2,positive
oke,5,2,positive
sangatt bantu kerja,5,5,positive
gabung ah klo bagus,2,-3,negative
mancin,5,0,neutral
cewe bsa boking,5,0,neutral
great apps,5,3,positive
bagus bantu,5,5,positive
kerja,4,2,positive
kerja ada neg henti,5,2,positive
ratu kiduk,5,2,positive
depan wawasansharing maju jobstreet ubah,5,0,neutral
if you can give me back my restricted account ill give u more stars just a dumb suddenly restricted account without permission and never give any solution if i dont need this for my business ill never install u,1,0,neutral
goodrespon cepat,5,3,positive
im bachelor degree from civil engineering i have experience building housing hotel hospitaly road industry etc,5,1,positive
mantap brofull rekomended,5,5,positive
ogah ahh bnyk mkn memory hp ogud,1,-3,negative
terimaksih bantu,4,7,positive
joss pokoke,5,0,neutral
good job,5,5,positive
baguswalaupun memdapat kerja linkedlntetap semangat usaha,5,7,positive
bagus sngat bantu,4,5,positive
coba mengunakan linkdln,2,2,positive
bagus lamar kerja wajib inst,5,2,positive
bagus bantu,5,5,positive
mohon maaf salah taruh ahli ubah,5,4,positive
maju,5,0,neutral
bagus,3,2,positive
dapet kerja,4,4,positive
bisa neg upload video,3,0,neutral
,4,0,neutral
trims,5,4,positive
ok bantu,5,7,positive
manfaat bantu berkarir penuh edukasi positif,5,12,positive
cobal,3,0,neutral
best of the best profesional worker,5,0,neutral
cari kerja susah bantu informasi mengunakan,5,1,positive
bagus,5,2,positive
moga manfaat,5,6,positive
bantu bagi cari informasi kerja,5,6,positive
moga sukses,5,4,positive
dapet kerja,1,4,positive
driver slama sim b polos laring paket,1,2,positive
ubah lokasi susahgagal,3,0,neutral
susah erti kayak bos,1,-1,negative
bagus informatif profesional,5,2,positive
terimakasih,3,5,positive
beda dgn bnyk kenal teman bidang pekerjaantrmksh,5,1,positive
nggak email coba kali kali nggak,1,4,positive
suka,4,3,positive
guna calon pra kerja,5,3,positive
lumayan bagus,3,3,positive
mantabbb good job,4,5,positive
prakerja tambah ilmu,5,7,positive
agido,1,0,neutral
bantu,5,3,positive
email dapat neg verifikasi kendala email gilir bikin pdhl email dri pke gilir lmr krj ora iso,2,-1,negative
semangat pagi menang,5,9,positive
moga mudah cari kerja,5,4,positive
thank u bantu moga impi,3,8,positive
modal usaha,5,3,positive
download,1,0,neutral
i like it,5,0,neutral
alam warehouse gudang paham cek masuk barang gudang fifo kendara forklift,5,-5,negative
good job not bad,5,1,positive
good social media,5,5,positive
tobot galaxy,5,0,neutral
l,2,0,neutral
lamar kerja mantap,5,7,positive
linkedln,4,0,neutral
mudah mudah bantu,3,11,positive
bantu cari inpo,5,0,neutral
lumayan cari kerja,3,0,neutral
ok jjj,5,4,positive
bantu kembang network,5,6,positive
,4,0,neutral
ok suka,5,7,positive
,1,0,neutral
upgrade bisa neg masuk ampun suruh upgrade kemaren,1,-4,negative
bantu hubung orangorang profesimantul,5,4,positive
ok rekann kenal,5,7,positive
,5,0,neutral
klw pas email pake verifikasi pas dijawap ngk emosi,1,9,positive
valid informaton,5,0,neutral
mantap aplp,5,5,positive
ngentot bisa neg,1,0,neutral
sanggat puas,5,3,positive
good connection platform,5,5,positive
maju trus ilah baik indonesia,3,3,positive
karna hubung singacir,5,1,positive
lambat,1,1,positive
kenal karakter orangdari situ belajarlinkedin mantap pis,5,8,positive
mantap,5,5,positive
manfaat mudah,5,9,positive
josd,5,0,neutral
info lokernya update,3,-3,negative
so good so like,5,5,positive
situs tipu loker,1,0,neutral
good pis,5,5,positive
,5,0,neutral
bantu cari loker,5,0,neutral
lirik pesan andal biar download buka aplikasi,1,7,positive
good profesional,5,5,positive
tipu lowong untung berangkat bal,1,-1,negative
linkedln baikmembantu banget cari kerja kerja bangun komunikasi,5,4,positive
bantu dlm cari teman kerja,5,2,positive
coba,3,2,positive
bagus kenal publik,5,5,positive
mudah mudah info lowong kerja,4,7,positive
google potensial kembang bidang komunikasi ok thanks,5,12,positive
bantu kerja,1,5,positive
sorry retingnya appnya,1,-4,negative
suka,4,3,positive
belm sya gna knjdi kash bintng,1,0,neutral
baguuuuuusss,5,0,neutral
linkedln upgrade nonaktif bisa neg buka linkedln mohon bantu buka linkedln pulih terimakasih,1,16,positive
mula,3,-3,negative
keren banget,5,1,positive
ffi,5,0,neutral
love this open mindset worker object training of intuition create good content and good insight,5,12,positive
awesome,5,0,neutral
dewasa,5,2,positive
nyedot pulsa,1,-3,negative
,3,0,neutral
terbaikmembantu butuh,5,-5,negative
moga temu mitra kerjasama,5,8,positive
good and amazing bantu,5,8,positive
job,5,0,neutral
,2,0,neutral
bantu jobseker,5,3,positive
nicee,5,0,neutral
bantu dapet kerja semangat hidup juang keeps smile and self healthy,5,16,positive
mining open pit fropesionalpop minerbalicen cy police bfamiliar excavatorloderdozergradertruckgood leadershipdisplinneroriented mine target prod liading pointhaul riadaccessdisposal west dumpdewateringexcecution mine design mpeexperienced spv prod levelheoperatorspull certification by mine dealerh heavy epuipment ability crew mining ship by shiprostered man power shipoprdriverchekerall support crew minimize prod costingbujeda and hard working mine target,3,0,neutral
bagus baik,5,5,positive
terimah appk ni bantu cari inpormasi moga manfaat suka good,5,14,positive
bismillahmudahan ak dsini gmpng mendpatkan pkerjaan baikdn cpt mndptkn,5,0,neutral
lumayan amplikasi fungsi,4,1,positive
muas bantu cari kerja,5,7,positive
bagus promosi product,5,2,positive
bug upload video glitch menu utama komen company ribet heran aplikasi microsoft bug fiturnya optimal,1,-4,negative
ok muas dunia bisnis,5,13,positive
dah loker respon,3,-1,negative
terima tim kerja,5,0,neutral
ngabantu,5,0,neutral
,4,0,neutral
ok lahlbh diupgrade lg komunikasi,5,6,positive
,5,0,neutral
bantu cari info loker,5,-3,negative
run,4,0,neutral
alam kerja thn bidang sepatu sepatu merk nike usia kendala kerja semangat kerja muda usia kepala semangat kepala hehehehe,4,20,positive
alhamdulillah bantu cari kerja terima,5,9,positive
bangkit listrik bahan neg bakar plm permanen magnet ganti peran sumber energi baru,5,9,positive
nic,5,0,neutral
mantap mantap,5,10,positive
bantu banget jaring wilayah indonesia,5,7,positive
terima bantu,5,5,positive
veriy good,5,5,positive
dgn mudah kerja,5,6,positive
bantu kembang,5,6,positive
terimakasih bantu lgi,5,8,positive
i want try,4,0,neutral
happy,5,5,positive
bismillah moga kerja cepat,5,10,positive
terimakasih,5,5,positive
medsosnya jobseeker marketing purchasing,4,0,neutral
,5,0,neutral
bagus,5,2,positive
good koneksi tambah,5,10,positive
banget cari informasi kerja,4,2,positive
mudah kenal dgn siapapuj,5,7,positive
busnis yes,5,3,positive
alam kerja bidang plastic molding injektion operator produksi helper teknisi,5,4,positive
update,5,0,neutral
bantu cari kerja,5,2,positive
good for career,5,5,positive
keren,4,0,neutral
mantap appsnya interaksi usernya oke info putar lowong lewat neg,5,9,positive
buka jasa sketch wajah lukis tote bag pasar media sosial whatsaap facebook instagram shoppi tiktok,5,13,positive
good services,5,5,positive
bagus usaha ku tinggal ada neg pakai haha,4,8,positive
puas,4,3,positive
job job,5,0,neutral
ganggu terang salah,2,-6,negative
top and good,5,10,positive
banyak tipu lokernya dateng kantor ehh biaya admin hadehhhh parahh lahhh,1,5,positive
sla,5,0,neutral
guna jalin networking profesional,5,1,positive
bagus mudah,5,6,positive
trims,5,4,positive
reting bisa neg tolong defeloper gimana solusi,1,6,positive
bantu cari kerja,5,2,positive
nice and give inspiration,5,4,positive
instal bisa neg,1,0,neutral
mantul bagi bisnis,4,5,positive
lom kaji rinci blum paham,4,4,positive
moga bantu cari kerja,5,3,positive
minmudah mudah cocok manfaat yeterimakasih,3,13,positive
profesional social media hubung lintas profesional kerja,5,3,positive
lumayan bagus beda,4,1,positive
mantap senang,5,10,positive
good luck,5,9,positive
mantaf abis,5,1,positive
bisnis,4,3,positive
brulll,1,0,neutral
bantu cari kerja mudah,4,6,positive
good aplication,5,5,positive
tau bagustidak,2,-4,negative
instal apknya muncul neg dekstoplayar utama handphone tolong respon,2,6,positive
marketing,1,0,neutral
ok ni,5,4,positive
blum paham ajar lamar linkedln,2,1,positive
topmargotop,5,0,neutral
tampil,5,1,positive
manfaat terimakasih,5,10,positive
mantap,5,5,positive
aplikasi mantapsangat bantu beraktifitas,5,-1,negative
stars for you,5,0,neutral
sdah bagus trus berivasi bisah saing,5,2,positive
cerita mreka alam tambah,5,7,positive
informatif mudah luas jaring kerja,5,12,positive
upload postingan gagal cari koneksi komunikasi dg guna hubung gagal total baik spy cepat respon,2,3,positive
bantu,5,3,positive
bantu cari informasi jaring,4,5,positive
top sukses,5,8,positive
tau muas,5,1,positive
urus kerja the best,5,2,positive
ok jg,5,4,positive
moga bantu,5,4,positive
profesional,5,0,neutral
bantu kerja,5,5,positive
bug,2,0,neutral
,4,0,neutral
very exelent help us and share with any profesion,5,2,positive
great good baik pis manfaat jobseeker,5,16,positive
bijak di neg pandang baik tata dunia,5,11,positive
alhamdulillah mudah utama relasi sebar tambah sei donesia,5,15,positive
good application for profesional employer connecting sharing and caring,5,8,positive
driver dt operator hdoht foremen priduksi,5,0,neutral
bantu cari kerja kontrak suasana kerja bidang kerja lokasi negeri negeri sedia,4,12,positive
good,2,5,positive
tukang jait sepatu,5,1,positive
bagus berita lowong kerja,4,0,neutral
oke,5,2,positive
its oke,4,2,positive
cari informasi,5,-1,negative
provider job inside the are pretty difficult not simple as we send the reguler email,2,3,positive
berita ko nonaktif anehh apakahh padahl gw updet cumb promo jasa doang engg bau nrgatif,5,0,neutral
jual mobil,5,2,positive
dukung cari pekerjaaan tambah wawas jaring teman bisnis kembang bisnis,4,16,positive
hi admin why i cant add friend my please repair your apps so that your apps can useless other thanks,1,-1,negative
hatihati lamar lowong kerja tipu,2,2,positive
mantaappp cuyyyy,4,0,neutral
bantu cari kerja,5,2,positive
ssmoga hasil aamiin,5,5,positive
mudah erti bagus mula,5,5,positive
good aplkasi,5,5,positive
cari kerja,5,-1,negative
lamar download,3,0,neutral
spam,5,-3,negative
informasi loker mudah,5,6,positive
ko donload bisa neg masuk donload tipu,1,-3,negative
kro teman pakai premium,1,2,positive
provider job linked ribedga bikin simpel,2,3,positive
dl bljr,3,0,neutral
hidup kadang tindas tindas gantung jalan hidup ini tak seman kembang gula,5,-8,negative
pas,5,3,positive
masoh ngerti gimana aplk ribet,4,-3,negative
bantu lowong update neg belibet iklan jg,5,3,positive
nyari kerja lamah neg ngisi data kerja pt kerja aneuh,2,1,positive
kaya sosmed,5,2,positive
pake juga neg rekomendasi kerja,1,2,positive
terus juang tolong butuh kerja,5,3,positive
rain on me,5,0,neutral
ranty sumy,5,0,neutral
terimakasih linked bantu,5,8,positive
an lengkap neg cari kerja wilayah kota pekan kotakota ada neg,1,4,positive
goodjob,5,0,neutral
linkedlin mantap,5,5,positive
cari kerja liat neg konten postingan orangorang sukses anjing,1,0,neutral
linked bantu,5,3,positive
bantu tambah jaring ber bisnis,5,12,positive
semangay,5,0,neutral
suka,5,3,positive
senang,5,5,positive
no coment,4,0,neutral
bantu banyak silaturahmi,5,6,positive
hear of sales pt asia jaya mobilindo mazda cibubur,5,4,positive
fh,5,0,neutral
,5,0,neutral
posotif,5,0,neutral
halo debit atm langgan unconnect kartu debit settimg google langgan neg sia sia dollar resesi tolong respon donk,1,-5,negative
hapus,1,-3,negative
,4,0,neutral
tolong developer linkedinsebelumnya saya neg buka ulang input password salah repassword da say dri verifikasi identitas bsa tinggal nunggu balas cek email hasil ulang dri gabisa ulang,1,2,positive
oke,5,2,positive
uptudate biar optimal,5,1,positive
tolong informasi lowong kerja akurat banyak atas nama usah tipu kali lamar tipu mendowload harap perhati benar rugi masyarakat cari kerja masyarakat mancarin kerja jangaj main,1,4,positive
koki masakan indonesia chinese food,5,3,positive
manfaat mudah linkedln terima linkedln,5,11,positive
sangattt bantu bagus cari kerja karna info neg loker,5,1,positive
sip mantap,5,5,positive
sampah kaya gin didownloadbikin emosi ajah,1,1,positive
alam jalin informasi tarik pembisnisbila informasi modal bisnis,3,13,positive
pernah neg pakai,1,0,neutral
thank you aplikasi cuma neg cari loker buka relasi luas,5,3,positive
cigin laghi e,5,0,neutral
semangat cari,5,1,positive
lowong kerja tipu,1,2,positive
,1,0,neutral
positif kalang pokoe baper,5,5,positive
moga cepat kerja berkarir,5,6,positive
jos markojos,5,0,neutral
tugas,5,-1,negative
pls automatically for updating,5,-3,negative
knp nonaktif gimana aktif,3,2,positive
bantu cari informasi kerja,5,4,positive
bagus manfaat,5,7,positive
halaman isi promosi penting neg dukun sugih mo cari kerja dukun wkwkwkw sry kasi,1,-5,negative
medsos pro baik,5,3,positive
alam kerja pt cahaya plastindo pt bumi menara internusa,5,4,positive
masuk moga manfaat slalu,5,3,positive
ajah,5,0,neutral
tolong tingkat jangansaya kcewa bnyak lowong sih uang sbelum pekerjakanpnipuan,1,4,positive
,4,0,neutral
sama,3,3,positive
moga sukses,5,4,positive
tambah wawas,5,3,positive
tolong bantu gimana daftar tulis mentok selamat mohon cerah,3,9,positive
lancar lancar,4,8,positive
terima tingkat performa signal hp pancar signal,3,3,positive
bagi alam teman dr kalang,5,4,positive
appnya bantu banget kawankawan cari kerja,4,3,positive
ef,3,0,neutral
maaf krn ajar gobann dgn tawar jasa bgmn,2,3,positive
jual beli,5,3,positive
,5,0,neutral
great apps,5,3,positive
bagys,5,0,neutral
siipcepat,4,0,neutral
tolong baik aplikasi user dapat neg buka personal pernah neg tindak langgar atur,3,11,positive
nice this aplication,4,4,positive
welder combinationsmawfcawmigalloyssaluminumstick and tigand gouging auto tankg ltgegw gavw,5,0,neutral
,1,0,neutral
kendala bsa neg masuk,2,-3,negative
enak mudah,5,9,positive
kakutdk fleksibel informasi garingtidak asli,3,4,positive
manfaat moga sukses,5,9,positive
,2,0,neutral
jaring hubung praktis,5,8,positive
cafe and resto,5,0,neutral
aktif,3,2,positive
nice,5,4,positive
very goodconnect every one,5,0,neutral
ok siip,4,4,positive
hp,5,0,neutral
apa bentuk duplikat data pribadi coba publikasi pribadi org bagi intim uud sengaja publikasi acak mengclaim uang rekening pribadi tolong ihk tindak lanjut agen td sebut lewat batas rugi laku sedikit neg hari mengclaim uang ratus situs resmi id ofliinekan,1,-5,negative
sbgai sumber berita ulas lintas berita bgi baca sampai berita,5,-7,negative
nnti naikin baguss,3,0,neutral
sedot wc mandiri,5,-3,negative
applikasi jejaring baik,5,3,positive
thanks linked,5,3,positive
good job sasar cari kerja,5,4,positive
best application,5,0,neutral
instal android tab a sistem lolipop bisa neg support neg lolipop,1,0,neutral
tahan layan ketat awas produk abal abal,5,7,positive
bangun karier sesui ahli,5,0,neutral
oke mksh,5,4,positive
very good and simple use,5,8,positive
moga,4,1,positive
kerja keras bhagiakan tua,5,-2,negative
bantu joobseeker,5,3,positive
kren aplikasi,4,-4,negative
anthony azmingo lingkung hidup sumbar,5,2,positive
bantu cari kerja,5,2,positive
ome,5,0,neutral
sesuai butuh,5,-2,negative
welder at aramco,5,0,neutral
ngrti neg gunainnya bisa neg buka,1,3,positive
temu sahabat alam dlm profesi,5,8,positive
tolong cek dr pagi td postingan ada neg ubah bajak,5,0,neutral
nyari kerja,4,0,neutral
platform bagus,5,2,positive
nice and easy use,3,4,positive
infornatif,5,0,neutral
kecewa,2,0,neutral
tuduh alat otomasi kirim undang guna neg,1,5,positive
,5,0,neutral
good aplication,3,5,positive
moga may,4,1,positive
alhamdulillah info loker,5,2,positive
tau,5,-4,negative
bru lihat kerja,1,5,positive
mohon bantu nonaktifkannonaktif sadar pernah neg buat rugi melangar tentu mohon bantu terima,1,7,positive
lumayan bagus,3,3,positive
terimakasih,5,5,positive
baik mudah manfaat masyarakat,5,12,positive
donwlond,5,0,neutral
sukaa,5,0,neutral
bantu bagus,5,5,positive
good and really inspiring thank you,5,9,positive
info continue top,4,2,positive
awesome,5,0,neutral
bantu,5,3,positive
architextural,1,0,neutral
bantu guna,5,4,positive
slowly but sure,5,0,neutral
komplit kurang iklan feed storytks,5,-3,negative
aplikasibgus,5,0,neutral
tess,2,0,neutral
budidayajamurtiram,5,0,neutral
bsgus,5,0,neutral
bibit id prayitno,5,0,neutral
sulit bs buka,2,3,positive
greattt,5,0,neutral
ajah,3,0,neutral
lagibaysk,5,0,neutral
ok job,5,4,positive
very useful thanks a lot,5,-2,negative
media sosial profesional,5,4,positive
,5,0,neutral
bagus cari kerja pandemi,4,-4,negative
manager kebun,5,-4,negative
oksiip,5,0,neutral
update pas klik tetep bisa neg buka tolong fix problem,3,5,positive
guna cari kerja tambah temanteman alam,5,5,positive
bagus banget,5,3,positive
bank danomon kendari jabat account officer bank mega kendari jabat team leader ukm pt endap mineral andal semesta pt bososi pratama jabat finance division,4,-3,negative
dl ajar,1,1,positive
sip salam kenal sudut desa,5,3,positive
bantu koneksi lingkung kerja,5,7,positive
simple ringan manfaat,5,10,positive
hebat percaya,5,2,positive
coba,3,2,positive
coba untung kerja,5,7,positive
klo bagus br,3,2,positive
kembang tolong baik mash tipu cari kerja bikin usaha terbit info lowong kerja asal neg bikin profil usah dgn kolom komentar linkedln info lowong jelas neg tipu,2,1,positive
nup,1,0,neutral
very helping and usefull,5,0,neutral
bidang terna,3,0,neutral
mudah peluang bisnis rejeki manjur god bless,5,15,positive
keren mnrt su kumpul positif,5,4,positive
bagus mencobs,5,2,positive
siti asitia,1,0,neutral
juang pahlawan,4,3,positive
paham appl inikegunaanya soryy,1,0,neutral
kini,5,3,positive
top,3,5,positive
bantu cari kerja kerja da inspirasi biasadan sukses kenal sukses,5,10,positive
bantu cari relasi usaha kerja nice,5,10,positive
,3,0,neutral
terimakasih bantuanx cari inpormasi loker,5,2,positive
bagus stop working sayang mohoh baik terimakasih,3,16,positive
mantaaappp,4,0,neutral
toko,4,0,neutral
ijazah sma usah neg download takut insecure,2,-4,negative
ada neg manfaat,3,9,positive
maaf ksih,3,2,positive
siiippp,4,0,neutral
,2,0,neutral
easy for used,5,0,neutral
buruk mohon baik,1,0,neutral
posting tapiii gagal,1,-4,negative
partnership,5,0,neutral
,1,0,neutral
,5,0,neutral
bagus jalin profesional bidang cari kerja,5,1,positive
otp,5,0,neutral
nice good job,5,9,positive
bagus,5,2,positive
blum kerja linkedln,3,2,positive
oke terima,5,4,positive
salah luas jaring kerja,5,4,positive
join application lihat kembang job depan thanks,2,10,positive
great experience,5,3,positive
nglamar hoax ada neg panggil,1,-2,negative
topp,3,0,neutral
yosh,5,0,neutral
bantu buka temu orangorang hebat seluruh dunia kait usaha kerja salam,5,13,positive
mantapp,5,0,neutral
profesional jembatan ilmu pengalamanpengalaman aplikasi dunia kerja relationship,5,-1,negative
anehini jejaring sosial follow undang teman blokir terang tangguh krna guna alat otomatisasi guna neg alat otomatisasi nama jejaring sosial bebas donk banyak teman batas,1,12,positive
bantu,5,3,positive
mas,1,0,neutral
manfaat teman loker,5,5,positive
bantu terima,5,5,positive
bermafaat,5,0,neutral
blum kasi reting,3,-3,negative
suka dengqn gagas,5,3,positive
cobadulu,5,0,neutral
gabisa download,1,0,neutral
ok thx,5,4,positive
bs neg update status dah update,3,-3,negative
bantu,4,3,positive
blum buka sepenuhx,1,3,positive
foto kini jm,4,6,positive
xa stories,3,0,neutral
moga manfaat pakai,4,6,positive
bagus manfaat,5,7,positive
sya klau oparasi aplikasi bagus sya tambah,3,1,positive
anjirr ni ribet mo lamar mesti nulis ulang alam kerja alam kerja mo neg sombong ribet nulisin lg ribeeeetttt,1,-6,negative
if you have power you must be a winner,5,0,neutral
usefully,5,0,neutral
susah download,2,-3,negative
keren keren keren,5,0,neutral
cari alam tahu,5,3,positive
ok aj,5,4,positive
mas instl nyobain,2,0,neutral
dapet kerja mantap,5,9,positive
recommended install this application,5,0,neutral
sungguh tambah wawas hubung pikir positif mudah interaksi sosial harap jaga postingan kandung sara moga baca postingan sifat didik bravo li god bless,5,33,positive
masuk bisa neg masuk nonaktifkanperasaan pernah neg nonaktikan gimana kembang bikin ribet guna mula,1,-9,negative
increase knowledge,5,0,neutral
dsini,5,0,neutral
loker,3,0,neutral
semangat,5,4,positive
job,5,0,neutral
bagus info loker,3,-1,negative
gimana,1,0,neutral
awsomeeee,5,0,neutral
bom lampir nomor telepon teman,1,1,positive
good applikasi,5,5,positive
bantu cari rekan kerja cari kerja,5,5,positive
great for our bussiness,5,3,positive
ok seru,5,9,positive
yes ok good,5,12,positive
asyik ajaisinya profesional,5,0,neutral
informasi kait profesi,5,3,positive
cari informasi kerja lowonganini,5,1,positive
moga bantu kerja,5,6,positive
bikin company page gabisa mulu interface bikin bingung nyari bikin company page menu help diikutin instruksi tetep gabisa menu instruksi interface aplikasi sama neg,1,-1,negative
sya bru ajar guna,3,2,positive
bantu karier bangun networking,5,3,positive
thanks info lowong kerja sayang terima,5,7,positive
tolong ngk masuk,4,0,neutral
batu cari kerja,5,1,positive
afternoon sis before apologizing why my account was deactivated i have already created a new account but keep it deactivated what do i do i have already verified the id card through the laptop but still cant ask for the repairs i need it my id card has been scanned and stil l cant because,1,-2,negative
bagus cepat jalan titi karier sukses,5,10,positive
gaje info loker jelas neg ada neg panggil maksa update,1,-7,negative
bagus bg calon penguasaha bisnis krn inspirasi nilai neg,5,7,positive
nice n good,5,9,positive
moga bantu kerja sesuai passion wallet,5,9,positive
i like,5,0,neutral
job apply langgan premium info loker posting apply arah situs dimna sign up situs masuk mudah apply lamar kerja,3,5,positive
professional business,5,0,neutral
aplikasi bisa neg diuninstall,1,-4,negative
guna untk cari kerja,5,0,neutral
wawas,5,0,neutral
good aplicasithanks,4,5,positive
good banget,5,6,positive
ignited,5,0,neutral
bijak,5,3,positive
mator suwun,3,0,neutral
intalasi sipil baja ringan plapon kusen almunium,5,2,positive
,5,0,neutral
bagus bermaanfaat,5,2,positive
puas,5,3,positive
set wae,3,0,neutral
oke instal,1,2,positive
bagus,3,2,positive
informasi,5,2,positive
jios,5,0,neutral
ikut tayang chaenel suka muda mudah bagus tarik,5,9,positive
mudah mudah kerja bantu,5,13,positive
bantu jobseeker,5,3,positive
ribet gunainnya kyk neg belah tinggal apply,1,-8,negative
kasi klw beneran bagus kasi,1,-1,negative
bagus ajar motivasi koneksi profesional bidang kerja,5,10,positive
baikk,5,0,neutral
,4,0,neutral
bantu luas jaring kerja,5,11,positive
guna,5,1,positive
moga sukses pekerjaankuamin allah,5,9,positive
bantu dlm komunikasi,5,5,positive
cobatp lumayan bantu,2,4,positive
bantu,5,3,positive
manfaat komunitas jobseeker,5,7,positive
cepat,5,3,positive
bagus profile individu prosesi profesional bidang individu,5,2,positive
sesuai neg,1,3,positive
oke,5,2,positive
manfaat info terimakasih,5,7,positive
cc t wf b,4,0,neutral
mantabb,5,0,neutral
info kerja luas,5,2,positive
oke bantu,5,5,positive
mantap,5,5,positive
,3,0,neutral
bantu cari kerja tahu salur ilmu usaha bakat mudah seluruh dunia individu maju tangguh pribadi kuat,5,27,positive
guna bgi cari kerja,5,0,neutral
familiar,3,2,positive
bagus bangeet,5,2,positive
suka bantu,5,6,positive
bagus kalin,5,2,positive
kenal dunia profesional terima,5,6,positive
hilarous moment yet bonding time cherish good memories and share stories of achievement life family education working area entrepreneurship pro bono consulting and alive learning platform order maintain between career paths experience curve x education learning curve dos jeff w families,5,3,positive
baik layan loker butuh akurat,5,0,neutral
bagus banget aplikasinyasangat bantu,1,6,positive
goodjob,1,0,neutral
moga tambah wawas dunia,5,5,positive
minggu aplikasi buka close,1,-3,negative
tolong banned nama asi dwi setianingrum beliau ambil nosaya sbg masuk bkl lapor wajib,1,-5,negative
everything is good for the info,3,2,positive
zoom sekolah online tari balet sebagainyatadi hapus,5,1,positive
suka aplikasi,5,-1,negative
bantu kuat koneksi dunia kerja terima creator team xoxo,5,13,positive
paham program komputer akuntansi sap erp accurate excel pajak all tax ppn control werehouse internaltaudit analisis finansial report exim internal audit accounting project perban rekonsiliasi marketing intern extern,5,2,positive
driverofrator porklif,5,0,neutral
bermanfaatpada situasi tau maaf pake pas zaman kulia aj,5,1,positive
membantuterima,5,0,neutral
informasi bagus,4,4,positive
bagus si hp gw muat neg anjing,5,-2,negative
bantu hubung cepat,5,7,positive
,3,0,neutral
design grafis,5,0,neutral
bagus kesan,4,2,positive
good,5,5,positive
bagus bantu,5,5,positive
guna mudah guna,5,6,positive
banyak lowongang tipu bgst,1,3,positive
mudah cari peluang lapang kerja sesuai alam good luck,5,20,positive
fine,5,3,positive
info loker masukkok dominasi surabayadomisili tegaljateng,4,0,neutral
manfaat thx,5,5,positive
much information this,5,0,neutral
mutu coyy,5,3,positive
pedoman hidup,5,2,positive
good aplication,5,5,positive
mohon kembang mudah cari kerja cari kerja mohon awas perusahaanperusahaan tipu uang walk interview terima hormat fidal jourdan christian,5,15,positive
sosial media positif mudahmudahan jaga,5,10,positive
expanding the network and its development,5,0,neutral
thanks linkedln,5,3,positive
nonaktif gmna tau gmna biar aktif,5,-1,negative
jos,4,0,neutral
profil bisa neg pakai foto upload kali,2,3,positive
mebcobaa,5,0,neutral
tolong baik force close isi form data apa terimakasih,1,5,positive
bantu temu solusi kerja,4,10,positive
oktolong feed,5,0,neutral
moga bantu,5,4,positive
account excecutive ptindolife pensiontama thn,5,0,neutral
nice,5,4,positive
good relationship among profesional worker,5,5,positive
mudah upaya kerja penuh kerja paruh,5,6,positive
,1,0,neutral
mudah jaring,5,7,positive
,5,0,neutral
nyoba ntar bantu manfaat tmbah bibtangnya,3,8,positive
bantu dlam cari relasi ruang lingkup dunia kerja,4,-2,negative
coba,5,2,positive
paiping kontraktor listrikbersertifikatpernah ptjayanti grup baglistrik bersertifikatdp ptindocater sertifikat sekarangkarena korona rumah,5,-1,negative
listrik,1,0,neutral
,2,0,neutral
ajar,5,1,positive
recommended neg,1,0,neutral
no comment,5,0,neutral
bagus syh,5,2,positive
good order,4,5,positive
nawe,1,0,neutral
bagus,5,2,positive
semogga sanggat bantu,5,3,positive
recomended platfrom media social,5,0,neutral
susah buka,1,0,neutral
top partner situasi,5,5,positive
manfaat fitur lengkap,5,7,positive
erti pelajjari,5,2,positive
this is amazing where every one can share their experiences and opinions so we can know which is the right,5,0,neutral
manfaat,5,5,positive
paham entak knapa nyaman linkedln mensos mositif,5,1,positive
bantu sekaliuntuk hubung teman teman karier gai usaha,5,5,positive
feeling good,5,5,positive
nice tons of knowledge improvement networking,5,4,positive
bantu wira usaha,5,4,positive
helpfully,5,0,neutral
nggak tau krn instal,2,-3,negative
,3,0,neutral
lupa linkedln ku,5,1,positive
bantu good,5,8,positive
baca motivasi lokernya,5,6,positive
kerenmudah cari kerja,5,-1,negative
moga kerja,3,3,positive
kerja,5,2,positive
membntu kembang jejaring portofolio,5,5,positive
goodd,5,0,neutral
bukadaftar nulis spt dimintaeeeehh lg kali,1,0,neutral
moga fasilitas guna maju,5,4,positive
salah platform media sosial tepat platform personal branding,5,0,neutral
n,3,0,neutral
great as well,5,3,positive
no togel,1,0,neutral
bagus cari kerja head hunter,5,1,positive
bagus bantu,5,5,positive
love it so much help my professional community a lot of features can be used,5,2,positive
nice,5,4,positive
moga platform percaya memeberikan info lapang kerja temu,5,7,positive
moga bantu kerja kluarga linkendin,5,6,positive
biang men,5,0,neutral
dukung karier,5,4,positive
moga dapet jodoh,5,6,positive
,5,0,neutral
,4,0,neutral
oo,5,0,neutral
pesan guna mohon bantu gaya postingan update status tempat contoh postingan nyinyir sindir instansi publik pancing komentar manfaat neg hubung neg dunia profesional kerja kotor media online kelas silah lanjut attitude baik neg media thx,5,4,positive
operator engine roomloaderboilersterilizer,3,0,neutral
terima info,4,-1,negative
susah ribet rumit jelas neg info jga nyesel klo download dh,1,-19,negative
sulit banget bisa neg,1,1,positive
,3,0,neutral
mengikutin linkedn cari kerja smoga mendapatkn kerja,5,1,positive
donlooth mudah kerja pasitif tingking,5,6,positive
bantu cari kerja hebat penguna,5,2,positive
bantu kerja,5,5,positive
bisa neg unggah foto paksa unggah otomatis tutup,1,0,neutral
moga bantu dlm cari pkerjaantrima ksih,5,1,positive
bantu cari kerja bantu,5,5,positive
mantap insfiratip,5,5,positive
the best,4,0,neutral
terimakasih bantu,4,8,positive
moga bantu,5,4,positive
suruh muterin bola susah serasa ejekkkk ngatain klo bener manusia emnk anjing main hp,1,-6,negative
hse,5,0,neutral
bagus hadir dark mode versi,4,4,positive
karna kenal freshgraduate ceo usaha moga kerja aamiin,5,9,positive
cba,5,0,neutral
bagus temanteman profesional nambah wawas,5,2,positive
kenal,5,3,positive
bingkai salah inovasi bagus gerak cepat butuh guna,5,1,positive
easy,5,0,neutral
bicara tpi bayar,5,1,positive
steam turbine specialist,4,0,neutral
very good social media for search job,5,5,positive
cobak manfaat,2,5,positive
mudah jobseeker recuiter temu profesional wawas luas apa,5,6,positive
easy find job,5,0,neutral
pakai jaring profesional jaring medsos beda banding jaring sharing hubung dgn dunia kerja perush apa pokok sifat positif teman rekan kenal via kenal dunia nyata kerja sesuai dgn masya allah moga sukses kembang aamiin,5,55,positive
good information job,5,5,positive
yee,3,0,neutral
semata neg mata peluang kerja tambah wawas dunia kerja,5,6,positive
goodservice,5,0,neutral
dpat neg uninstall beritahu meng uninstall,1,0,neutral
support,5,4,positive
usfull,5,0,neutral
mantap cari koneksi relasi,4,7,positive
familier ok,3,4,positive
mudah praktis loker mantap,5,13,positive
hati nyari kerja via online tipu,2,2,positive
mantap maju kembang,5,8,positive
interested,5,0,neutral
bantu cari lowong kerja batam,5,2,positive
bantu cari kerja relasi,5,5,positive
simple mudah bantu koneksi kerja,3,14,positive
senang relasi bagi informasi cepat moga fitur fitur tambah jadi the best,5,20,positive
fhoto aset ppa jambi,5,0,neutral
mudah cari peluang kerja,4,3,positive
keren luarbias,5,0,neutral
mantaapppp,4,0,neutral
info akurat,5,-3,negative
mithacanopy,5,0,neutral
mantap neg,1,5,positive
sgt suka,5,3,positive
lot banget update doang pdhl jaring inet oke,1,2,positive
bagus bermanfaar tambah relasi,5,8,positive
motivasi,5,3,positive
alam driver forklip,5,2,positive
ok,5,4,positive
kerja sedia aplikasi mayoritas halaman bisa neg buka lamar lowong expired akses not recommended,1,5,positive
useful,5,0,neutral
bagussss,5,0,neutral
jaring kerja,5,5,positive
why now if post it always crashes and when again upload is queued,3,-2,negative
all good amazing,4,5,positive
bagi ilmu,4,6,positive
bufferingnya detik masalah premium apps huhu,1,-2,negative
bagus senang,5,7,positive
mudah lengkap,5,6,positive
job seeketered,5,0,neutral
bisa neg akses tau neg,3,-2,negative
thanks,5,3,positive
top moga sukses,5,9,positive
mudah bantu,5,7,positive
luas wawas,5,3,positive
sanga bantu,5,3,positive
posisi bldg manager pt sgrs bni jakarta,4,0,neutral
,1,0,neutral
gratis bayar,1,5,positive
batu,4,2,positive
bagus bangga linkedln,5,5,positive
hapus ganti email linkedln gimana ko gabisa trmksh,5,0,neutral
tarik dapat,5,4,positive
bom masuk,5,-2,negative
ko kemarin download gamaju sampe skrg,1,0,neutral
ngak pake downlod ngak buka,4,3,positive
,4,0,neutral
vv mben nggak papa,1,1,positive
bagus klo lancar top,5,11,positive
bad nonaktif,1,-4,negative
manfaat tambah sahabat lowong kerja,5,14,positive
batu,5,2,positive
moga bnyak neg iklan,5,1,positive
keren,5,0,neutral
good relationship,4,5,positive
bantu jalin komunikasi pekerjaanthank so much,5,5,positive
bantu cari kerja blum kerja dari apl,4,1,positive
bantu cari kerja hasil semiga hasil,4,8,positive
masuk bikin ribet bolak instal,1,-7,negative
mengupgrade kaya wawas dunia kerja tambah networking baik pokok,5,14,positive
buyan,1,0,neutral
mantap,5,5,positive
mudah cari karir,5,1,positive
knp nonaktif,1,0,neutral
ex driver ptcakra karya nusa,5,2,positive
smoga bantu,3,3,positive
kerja kerja kerja hasil menghianati hasil,5,12,positive
manfaat banget nambah pertemenana cari bagi info tentang neg loker motivasi kerja,5,8,positive
operator boiler,5,0,neutral
lanjut good,5,7,positive
langkah ambil,1,-1,negative
asa profesional,5,3,positive
baguss,4,0,neutral
jaranf buka tp baru teus,1,3,positive
bantu cari kerja relasi tahu salur ilmu bakat usaha mudah dunia isi timpa ilmu individu karakter maju unggul tangguh pribadi kuat sungguh takjub dgn aplikasih akurat percaya percaya manusia kembang bakat ilmu talenta ekonomi tekhnologi kemanusian moga salalu,5,64,positive
kesal download bru suruh upgrade gimna kali,1,2,positive
mudah mudah kerja sesuai,5,13,positive
ok banget,5,5,positive
koneksi profesional,5,2,positive
keren tunjang bisnis,5,6,positive
q,5,0,neutral
,1,0,neutral
situs situs ikutisaat add tandan dalam tokoh dunia mumpunidan kali lupa neg,3,5,positive
informasi akurat,5,2,positive
continuos improvement,5,0,neutral
aflikasi bagus masyarakat,5,2,positive
bismillahirrahmanirrahim,5,0,neutral
terima linked lanjut,5,4,positive
terimakasih linked,5,5,positive
every information is provided more clear,4,0,neutral
i love use this for personal branding thank yoi,5,9,positive
piter,5,0,neutral
moga manfaat,5,6,positive
bantu cari kerja kerja linked,5,4,positive
motivasi sukses,5,6,positive
thanks,5,3,positive
kreatif dgn fitur manfaat muda komunikasi terimakasih,2,14,positive
suka,5,3,positive
payah mudah bannedsering me non aktif account sebab neg ingat neg salah satu kena,1,7,positive
berani rubah quality presentase,5,0,neutral
manfaat bantu,5,8,positive
bantu,5,3,positive
multiusage,4,0,neutral
bantu memperrmudah cari teman pwkerjaan,5,0,neutral
manfaat kembang hidup hidup,5,12,positive
point az ntar klo ngebantu,3,0,neutral
preet,2,0,neutral
great experience with,5,3,positive
terima informasi lamar kerja koresponden,5,6,positive
bantu,3,3,positive
job bantu manfaat good job,5,13,positive
nal orangorang kerja propesional,5,2,positive
usaha mebel import,1,3,positive
manfaat tambah wawas tahu,5,12,positive
eror cek profil foto lelet suka eror,1,-6,negative
alamat teman sudahlaama sua neg alhmdulillah allah hu akbar syukron masha allah,5,10,positive
mantap keteu jodoh,5,8,positive
logisticstrading and suppler produck briquetepalm kernel shell and palm kernel mil,5,-3,negative
loker lari blogo cantum no wa pas cek usaha jelas neg,1,3,positive
info lowong kerja baru,5,-1,negative
aplikasih bagus mecari kerja,4,4,positive
bagus sngat bantu,5,5,positive
mudah bantu cari kerja,5,6,positive
easy use,5,0,neutral
solutif,5,0,neutral
excllence,5,0,neutral
mantuuuulllll,5,0,neutral
aplikaei bantu cari info kerja koneksi usaha terimakasih,5,7,positive
suka informadi,5,3,positive
bagus bantu,5,5,positive
good performance,5,5,positive
guna cari kerja,4,0,neutral
cepat akses,5,5,positive
informasi ter update,4,2,positive
cobah,3,0,neutral
simple berkratif,5,3,positive
bantu cari info pekerjaansehingga profile cari loker,5,-6,negative
andal muat temu berita untung,5,6,positive
riweh loginnya banyak iklan,1,3,positive
bagus banget,5,3,positive
mudah data,5,1,positive
recomend,5,0,neutral
good is the best,5,5,positive
informasi bagus,5,4,positive
verry verry good and helpfull application i give five for you,5,5,positive
mantaappooo,3,0,neutral
minggu aktif neg linkedln buka nonaktif,1,5,positive
insight,5,0,neutral
hapus ahli linked gimana ada neg ikon hapus,4,-2,negative
informasi moga manfaat,5,8,positive
bagus moga allah mudah mndpat kerja dsni,5,14,positive
so far so good for the function jobseeker,5,5,positive
tolong baik jaringannyalelet banget main video bisa neg elearning,1,9,positive
terimakasih senang,5,10,positive
trimakasi bantu dlm cari kerja temu dgn org profesional,5,4,positive
cepat,5,3,positive
good bro,5,5,positive
profesional keren,5,0,neutral
informatif manfaat,5,5,positive
error,2,-5,negative
bantu cari kerja,5,2,positive
very user friendly and useful,5,0,neutral
wonderful and amazing around the world with linked digital,5,0,neutral
bantu kerja cari kerja milik usaha kelola usaha,5,7,positive
coba,5,2,positive
moga,5,1,positive
thankyou,5,0,neutral
ilmu lowong,5,4,positive
good solution,5,5,positive
mudah,5,4,positive
inspirasi neng banget ketemu dgn org bidang bidang sales marketing finance operation sukses li,5,7,positive
mga nie bs bantu,5,3,positive
mhon baik lg,4,3,positive
alam ptpanca duta kerja tugas sekolah praktek kerja lapanganmagang,4,8,positive
appbagus,5,0,neutral
moga cepat kerja linkedln iniaammiinnn,5,6,positive
ok,5,4,positive
best media for professional,5,0,neutral
bangun relasi komunikasi,5,5,positive
tukar alam informasi kerja relasi,5,10,positive
now is better than before,5,2,positive
manfaat perihal lowong kerja koneksi tambah tahu terampil kerja,5,22,positive
it is very nice linkdln aplication,5,4,positive
bantu luas jaring bisnis,5,12,positive
sungguh manfaat,4,9,positive
bagus mantap sosial business,5,11,positive
moga untung kerja sesuai harap menginstall,5,12,positive
good efective,5,5,positive
bantu mantap,5,8,positive
is good,5,5,positive
mantap bantu,5,8,positive
simple akurat,5,3,positive
manfaat,5,5,positive
pom,5,0,neutral
alam beda,5,0,neutral
sang,5,0,neutral
manfaat,5,5,positive
pakai moga temu job sesuai dgn basic dsini,4,6,positive
hasil dpt kerja,1,5,positive
satisfied,5,0,neutral
drever truk,5,0,neutral
smga dpet kerja amin,5,6,positive
nyepam email ada neg satu cv w terima interview nasibnasib,1,9,positive
ikat mitra bisnis rugi,1,1,positive
,5,0,neutral
harap koneksi kerja sesuai,5,10,positive
i like it,4,0,neutral
cari jalan,5,-3,negative
clash of clans,5,0,neutral
alhamdulillah postingan hasil temu mitra bisnis karyawan hebat terimakasih langsung,5,26,positive
good for jobs sharring network,4,5,positive
helping find job,5,0,neutral
paham,5,0,neutral
,5,0,neutral
lelet connected internet problem utama,5,-4,negative
ko susa masuk,3,-3,negative
senior accountant,5,-3,negative
professional applikasi,5,0,neutral
keren mudah ganti foto profil,3,10,positive
pdhl pake,5,0,neutral
this is a good,5,5,positive
bantu,4,3,positive
tambah jaring profesional besar peluang,5,10,positive
maasyaa allah keren,5,5,positive
mantap bantu,5,8,positive
kereeeennnmantaaaapp,5,0,neutral
baik profesional,5,3,positive
professional hubung cari kerja beri kerja ajang diskusi kait kerja political social budaya pasti applikasi aura positive manfaat ikut,5,9,positive
is oke,5,2,positive
manfaat jalin relasi profesional cari peluang karier,5,5,positive
salah nonaktif salah coba baharu bisa neg mohon jelas terimakasih aktif terimakasih,1,9,positive
gooodd,5,0,neutral
update loker,5,0,neutral
mohon maaf bantu harap baik depan terimakasih,1,18,positive
sambung teman,4,-3,negative
bagus,5,2,positive
,5,0,neutral
bagus produsen konsumen,5,2,positive
goog for new information and sharing relationship,5,3,positive
bagus buka mitra usaha,5,8,positive
bagus media sosial profesional,5,6,positive
aplikasi jelek uda masuk email kali kali suruh masuk pake email bisa neg,1,-17,negative
bantu jalin hubung komunikasi profesional bidang kerja,4,8,positive
senang hubung pintar high level hotel sayang untung kali apply loker,5,13,positive
mudah informasi kerja cocok lowong kerja sya,5,14,positive
mohon maff admin bisa neg cari koneksi bisa neg tambah teman,1,4,positive
jelas neg guna ribet developer webnya anak magang,1,-5,negative
ni bagus,5,2,positive
karna jga tau,1,-4,negative
,5,0,neutral
mantaps,5,0,neutral
tngkatkan,5,0,neutral
linkedln,2,0,neutral
very nice good job,5,9,positive
sulit tambah foto profil,5,6,positive
mantap lh,5,5,positive
,1,0,neutral
jobseker bagi alam,5,4,positive
aplikasinx bagus,1,2,positive
de,3,0,neutral
harap sahabat pakai,4,7,positive
mantap no jaring propesional,5,8,positive
sukses tim ui ux,5,-1,negative
da,1,0,neutral
bantu mula profesional,5,0,neutral
recomended lamar kerja,5,2,positive
goods best is best,5,0,neutral
tambah tahu dunia kerja,5,10,positive
bad aplication,1,-4,negative
tualang,5,0,neutral
i give i will see and ill add more thanks,4,3,positive
wau senang cari beneran walailupun tau neg fungsi,5,1,positive
good and moga dpt kerja sesuai keinginanaamiin,5,11,positive
install,3,0,neutral
masuk tulis nonaktif bikin x gmail beda jelek banget,1,-9,negative
wartawan riau rasa neg segitu putus alih posisi tks,5,-2,negative
manfaat,5,5,positive
okok ok,4,4,positive
bagus tpi pas bayar loadingnya ganti foto profil gagal,3,8,positive
good day n good luck no safety guality n guantity,4,14,positive
u,2,0,neutral
this application is very good especially for us business entrepreneurs who need a lot of work relations,5,0,neutral
tambah,5,3,positive
i dont like,1,0,neutral
tau fungsiny,1,-4,negative
terima tanggap keluh,5,5,positive
tolong loginlogin pernah neg,1,3,positive
not bad,5,-4,negative
bangun,5,0,neutral
manfaat terima linkedln,5,7,positive
bagus koneksi tambah,5,7,positive
dukung informasi peluang kerja,5,8,positive
salam sukses,5,3,positive
is good,3,5,positive
bagus,3,2,positive
tarik,5,2,positive
keren i like it terima tolak gimana paham,5,-2,negative
lowong kerja aktifkadaluarasa neg tolong iklan lgagar update,1,5,positive
good job,5,5,positive
peran dlm diskusi dngn usaha,5,1,positive
excellent,4,0,neutral
hubung profesional,5,1,positive
mantapp jaring profesional,5,3,positive
sarana ajar professional kerja,5,3,positive
very helpfull connect withvprofesionala,5,0,neutral
suka manfaat nal praktisi ahli profesional usaha bidang bisnis terimakasih,5,17,positive
bisa neg donglod,1,0,neutral
social justice,5,0,neutral
pas download susah banget henti angka,1,-3,negative
sulit fahami,1,0,neutral
bantu luas relasi,5,9,positive
good,5,5,positive
gambar tulis nama hehe bagus aplnya makasih,5,8,positive
ganggu notifikasi penting neg,3,-1,negative
mudah dioperasika,4,4,positive
suka aplikasi,5,-1,negative
aplikasi mantap,5,1,positive
jos,5,0,neutral
bagus bikin cepet darah,1,8,positive
klik kalimat premium gratis langgan ya neg takut suruh bayar ingin neg langgan batal,2,6,positive
driver alam thn,5,2,positive
kash tambh bintang,2,0,neutral
very good,3,5,positive
scspesial,3,0,neutral
hasil,2,3,positive
bisaa neg unistall dn download sendriii,1,0,neutral
suka bantu,5,6,positive
applikasi bagus jaring kerja,5,7,positive
lumayan bagus,4,3,positive
the,5,0,neutral
khaznaa,5,0,neutral
lowong palsu,4,0,neutral
uninstall sajagak guna bagi,1,3,positive
gabung apl,3,-5,negative
cipta lagu dangdut jawa,4,2,positive
indah info sya trima terima bantu akn sya instal perangkat sya baik,5,9,positive
moga untung,5,4,positive
bisa neg tampil komentar,4,1,positive
,4,0,neutral
kelana,5,0,neutral
,1,0,neutral
bagus batu,5,4,positive
aa,2,0,neutral
bisa neg komentar,5,0,neutral
,4,0,neutral
et dah appni update ros,3,-3,negative
jelek main jelek tuju ejek keluar like my komenku,1,-12,negative
informasi inspirasi,5,-1,negative
ngak buka,1,3,positive
praktis,5,4,positive
bisa neg buka,1,3,positive
i can get more relation good job,5,5,positive
keren abis thanks,5,4,positive
nice i can join imformation,5,5,positive
,3,0,neutral
erti perban bantu,5,2,positive
samsung skrng jelas neg,1,1,positive
instal,1,0,neutral
best application,4,0,neutral
tau neg ni aplk ap,3,-4,negative
hapus google hilang minggu,1,0,neutral
krn ajar,3,1,positive
bantu thanks,4,6,positive
,4,0,neutral
moga allah swt bimbing jalan diridhoinya,5,9,positive
,5,0,neutral
bagus manfaat,3,7,positive
bisa neg ganti profil note gagal mohon,1,1,positive
informasi,3,2,positive
keren gan,5,0,neutral
terimakasih bantu guna,5,9,positive
kerja pt young lim,5,2,positive
bantu manfaat cari loker tambah dunia kerja,5,11,positive
terimakasih bantu,3,8,positive
moga perkejaan,5,1,positive
mantap,5,5,positive
info job,5,-3,negative
jos,5,0,neutral
bantu jaring cari kerja,5,5,positive
,5,0,neutral
moga bantu cari kerja mitra bisnis,5,8,positive
bisa neg inztal,5,0,neutral
tlong admin ajarin aq gmn cra menh hasil uang,3,3,positive
deskripsi nilai bagus kembang usaha bukti,3,4,positive
bs neg donload,1,0,neutral
ratu adil satria pingit imam mahdi presiden ri,5,17,positive
,1,0,neutral
medsos dg basic profesikeren,5,0,neutral
bagus hasil,5,5,positive
thn sopir,1,0,neutral
bagus org cari kerja buka lowong kerja,4,6,positive
bantu makasih,4,7,positive
good apply,5,5,positive
buka,5,3,positive
ambyar,5,0,neutral
good informasi for job,5,7,positive
nikmat,5,3,positive
cobak,1,0,neutral
soalny lom ad low kerja ny,4,2,positive
fenv,1,0,neutral
mudah bantu info lowong kerja,5,6,positive
tirimakasij,1,0,neutral
pas banget pemuda pemudi ajar usaha sukses,5,11,positive
bagus,4,2,positive
good,5,5,positive
moga bantu,5,4,positive
bidang perniture,1,0,neutral
bayar males main,1,-1,negative
situs bagus,5,2,positive
bantu informas,5,3,positive
yoi,3,0,neutral
mode gelap untun,3,-4,negative
ok man,5,3,positive
mamah,1,-4,negative
yh,5,0,neutral
got my wife maybe,5,-3,negative
muas posting,5,5,positive
,4,0,neutral
nonaktivkan sj stlah buka neg pas nonaktif gimana,1,6,positive
,5,0,neutral
linkedl bantu info lowong kerja trimks bantu perhatianya,3,5,positive
alhamdulillah wasyukurillah,5,5,positive
mantap jiwa,5,5,positive
bagus,3,2,positive
selalu buat,5,1,positive
mudah mudah manfaat,5,13,positive
very good very helpful,5,5,positive
bagusmembantu,5,0,neutral
bantu karir babyak relasi teman,5,6,positive
good luck lindekin,5,9,positive
di neg desain ajar kah mahasiswa kerja,1,7,positive
bernanfaat info bangun relasi mohon jaga kualitas tingkat,5,9,positive
sya cuba duluh syabelumperna pakai ni,5,0,neutral
ajar hasil uang butuh bimbing admin bodoh bidang teknolgi terima mohon bantu,3,9,positive
bisnis tradding,5,3,positive
mantap tingkat,5,6,positive
bagus batas neg status dukung giat bisnis,4,6,positive
nn iye,5,0,neutral
klo bagus tambahin,3,2,positive
terimakasih,5,5,positive
linkedln biasaterima linkedln,5,0,neutral
modus,1,-3,negative
bantu,5,3,positive
i got my account lock because i try connect people wht problem,1,-9,negative
jaring,5,3,positive
site engineer and administration logistic engineer administration project archive administration administration system,2,0,neutral
heem,5,0,neutral
ribet banget aman milik bagus,5,0,neutral
bantu cari kerja,5,2,positive
wauuu good apply thx,5,5,positive
gagal download jaring kuat henti,4,-3,negative
bantu,3,3,positive
bad application,1,-4,negative
oke,5,2,positive
bantu informasi kerja sesuai kompetensi temu relasi kolega suitable,5,18,positive
baik sytem bug shortcut mudah akses kenal muas,4,17,positive
,5,0,neutral
goods,5,0,neutral
biar kau pergi kau ber sama,5,5,positive
mantul coba,5,2,positive
moga manfaat masa sulit,5,6,positive
sma karna coba,5,2,positive
gampang fahami,5,4,positive
butuh neg,1,-5,negative
bantu,5,3,positive
top networking market place,5,5,positive
semangat,5,4,positive
sikat abis,5,1,positive
ok banding bersi lawas,4,8,positive
lumayan bgiitt,3,1,positive
macem nikontol,1,-2,negative
informasih job cepat,4,3,positive
good dunia kerja,4,8,positive
susah kerja applikasi info info job nilai positif,2,2,positive
fb bisa neg buka bagimna cra lupa sandi fb,1,4,positive
kosen pintu jendela,4,4,positive
capek isi captcha sukses neg sukses ribet bye,1,5,positive
baru informasi update data bisa neg sebab,4,2,positive
penting neg,1,3,positive
bagus cari kerja,5,1,positive
not bad,2,-4,negative
trima,5,1,positive
suka,5,3,positive
mantulbro,5,0,neutral
kontol gua bangsat masuk kagak gimana suruh recapcha trus ttep bisa neg masuk anjing usah neg download guna neg,1,-32,negative
omong,5,-4,negative
layan,1,2,positive
repot instal daftarhapus,1,-5,negative
cari kartu prakerja,5,-3,negative
very good for make self be much introdution,5,5,positive
terima kas,5,2,positive
noob,1,0,neutral
paham,3,0,neutral
tau maka,5,-4,negative
guna neg,1,1,positive
sapai terima bayak linkedln teh aman sempurna,5,6,positive
,3,0,neutral
spesifik,5,0,neutral
godt luck mudah informasi putar loker kereeen,5,10,positive
i love it thanks for developert,5,8,positive
bisa neg alas batas kembali ada neg tunjuk linked kembali case,1,1,positive
minggu update nguras data,1,-3,negative
technologinya digital super kamar dangang world,4,3,positive
many update no job,1,0,neutral
terima aplikasi bagus banget,5,1,positive
bingung ijasah s ken urang sd ge te tamat,1,6,positive
okem,4,0,neutral
oke,5,2,positive
sosial,5,4,positive
,5,0,neutral
informasi kait dunia industri dunia usaha mudah dapat,5,12,positive
cari kerja muda,5,-3,negative
vadmin,5,0,neutral
kadang susa daftar,3,4,positive
mantap mudah terima informasi,5,13,positive
linked is made our friendship closely give loves for all of the world,5,0,neutral
bantu hubung dunia kerja relasi,5,10,positive
good connecting,4,5,positive
bantu anak anak muda negri negri,5,-5,negative
tagih bin,5,-3,negative
main,5,2,positive
apliksi bagus dn bantu,5,5,positive
ulas stiker kosong,5,-4,negative
lg cari peluang kerja bagus,5,1,positive
ok,4,4,positive
butuh apl inintuk mudah download fb whatsapp,4,-1,negative
nonaktif jelas neg,1,1,positive
bagus moga bantu,5,6,positive
nonaktif ada neg jelas benci mkanya ada neg ubah ada neg tambah terimakasih,1,25,positive
tolong baik,3,6,positive
jajal kasi ajj ea cocok n bagus kasi full bintang,4,-4,negative
steady,5,0,neutral
kebabyakanrating rating,5,0,neutral
harap nonaktif tolong baik thanks,1,12,positive
live up,4,3,positive
tingkat kualitas,5,5,positive
jg,4,0,neutral
terimakasih,4,5,positive
oke bangun relasi,5,5,positive
cari kerja,5,-1,negative
ulang updad adil neg,2,4,positive
bodong tipu anjg jan ad instal ntar nyesel sumpah,1,-7,negative
agungagung,5,0,neutral
pakai tdnya kemaren nonaktif koneksi,5,2,positive
,2,0,neutral
good news,5,5,positive
mantul terimakasih luarbiasa sip,5,5,positive
good bener,5,8,positive
dipake baru,2,0,neutral
tinggal neg informasi kait kembang dunia kerja terimakasih,5,15,positive
bantu jaring kerja terima sukeses,5,10,positive
bantu aplikasi dikit update saran update bikin sebentar sebentar update kesan kyk labil,1,-11,negative
sangka neg guna comunitaz better,5,6,positive
kasih neg,2,2,positive
trainingg dky yyyyyy,4,0,neutral
install guna neg di neg install dipake cc apaaaaaa,1,1,positive
tugioto usaha industri aluminium panci wajan,1,1,positive
oke lahh,5,2,positive
sihsetiap sebelumnyatidak dinonaktifkansetelah baharu aplikasi bisa neg dininaktifkansebenarnya salah apatolong ditindaklanjuti,1,-8,negative
info loker semua neg lengkap dg alamat usaha kantor lengkap no telpon kantormeskipun dr loker usaha,4,0,neutral
tanahwa,5,0,neutral
mudah praktis,5,8,positive
suka applikasi linke lin bantu,5,6,positive
terima hubung dg profesional alhamdulillah kerja,5,10,positive
bagus tp uda lamar pangilan,4,2,positive
bantu mudah cari kerja butuh,5,1,positive
senang bergabubg kmarin nonaktif sebab neg terima daftr pakai nonaktif pemberitauan neg sebab neg gabung nonaktif nonaktif bgimana pdhal laku neg apa mohon info,1,2,positive
linkendin application is very good can help me find a job thank you for the linkendin application,4,11,positive
hrus dpat hubung org dalam neg group,3,4,positive
,3,0,neutral
recomended jobsekers telaten nambahin connection,5,4,positive
nyaman,5,4,positive
moga manfaat bg guna,5,7,positive
beneran bagus sih neg cari kerja,1,4,positive
bagus guna,5,3,positive
cerdasgoodtopnice,5,0,neutral
aslmkm kbr bagus bener suka guna,2,9,positive
media sosial kaum bisnis,5,7,positive
ok bantu,5,7,positive
setel sulit ubah,2,0,neutral
bagus org,5,2,positive
isi chatting message bisa neg hapus arsip diarsipkantolong baik message spam kaya nawarin produk ken hapus message spam,3,-4,negative
josd,5,0,neutral
stronggers always,5,0,neutral
my account is gone,2,-2,negative
smoga slalu manfaat,4,5,positive
mon agebei rua pateppak,1,-4,negative
mantap bro,4,5,positive
j,3,0,neutral
good enough,5,5,positive
connecting world,5,0,neutral
smga manfaat,3,6,positive
sistem henti,4,-8,negative
dllu,4,0,neutral
the best linked,5,0,neutral
,4,0,neutral
mantaps,5,0,neutral
terima fasilitas dlm karir bisnis,5,7,positive
gabung lupa fasword ribet,4,-8,negative
waah siip bantu butuh kerja serius,5,-5,negative
bantu mksh linkedln,4,5,positive
cobain,3,0,neutral
kerjaa iya,1,0,neutral
nyoba,5,0,neutral
lau bagus aq full,3,0,neutral
masyaallah,5,0,neutral
kadang berat,3,3,positive
not helping so muchbut thank you,2,4,positive
bagus ok,5,6,positive
masuk nomer,5,-3,negative
okeoke,3,0,neutral
filter masuk neg akal input lokasi jakarta nampilin lowong dunia bsa neg urut baru kalah ama jobstreett hei muhasabah kapitalis,1,-6,negative
technik,5,0,neutral
denggan roha,5,0,neutral
fungsi manfaat,5,5,positive
insya allah manfaat aamiin,5,12,positive
impactful,5,0,neutral
projek,5,0,neutral
tolong bos baikyah baik cepat bar panggunayh puas terimakasih,5,20,positive
kualitas,5,4,positive
thanks you,5,3,positive
kerja mudah mudah dengn wb,5,10,positive
manfaat sarana informasi sektor tambang batubara,5,7,positive
mmang biasamlalui sya dpat krjaan,3,0,neutral
,5,0,neutral
terima,5,2,positive
kenal bisnis,5,6,positive
,2,0,neutral
lumayan bagus cari lowong kerja kenal dgn profesi,4,5,positive
bantu cari kerja,5,2,positive
main seru banget suka,5,11,positive
post is not sort by newest,3,0,neutral
moga bantu kerja,5,6,positive
mantaappsssss,5,0,neutral
banyu,4,0,neutral
,5,0,neutral
maaf susah mendownload,1,-1,negative
kualitas profesional,5,4,positive
ssya bintang,2,0,neutral
good kerennn,5,5,positive
powerful,5,0,neutral
semogah cita sukses,5,3,positive
bagussemoga manfaat,5,5,positive
contruksi bangun,5,0,neutral
miss,2,-4,negative
bantu banget,5,4,positive
nyaman,5,4,positive
ajj,3,0,neutral
belit neg belit,5,-6,negative
mantul,5,0,neutral
alhamdulillahirabbil alamin,5,0,neutral
bikin gagal mulu,1,-2,negative
serah kunci sukses serah kunci hasil serah akhir neg serah henti neg serah penuh juang serah hasil serah jatuh neg serah serah serah sempat,5,35,positive
bom kerja,3,3,positive
kirim nomer emba arni ladyxara kurma prom asia,2,2,positive
puas inisangat bantu,5,6,positive
kl interviewcrew jgn mendetai jg engine,5,0,neutral
tks kenal,5,3,positive
aprilikasinya bagus banget,5,3,positive
bru nyoba,2,0,neutral
bagus kualitas,5,6,positive
yo,1,0,neutral
anak ajar,3,-2,negative
bagus banget kerja sya bertrimaksih,5,5,positive
very helpull,5,0,neutral
mantap simple n cepat,4,11,positive
bintang,5,0,neutral
sup,4,0,neutral
jam moderen sosial media tanggo bantu sek temu teman tinggal,5,10,positive
lumayan info loker,3,-2,negative
moga kerja,5,3,positive
senang gabung linked motivasi tksh,5,3,positive
cobain klw bagus ta kasi fuulll starnya,4,-4,negative
good job,4,5,positive
ajar bintang,2,1,positive
bintangkarena msalah bisa neg liat fropil ampload videomohon accunt baik,3,5,positive
uji cobakasih,3,1,positive
mudah jobseeker bantu dpet rezeki drj amin,3,13,positive
bantu,5,3,positive
sngat membntu,2,0,neutral
jarang,5,0,neutral
usaha besar cianjur,4,5,positive
,3,0,neutral
lumayan,1,1,positive
bantu cari kerja,5,2,positive
oke,5,2,positive
jual beli telur bebek,5,3,positive
sahabat informasi setia percaya,5,4,positive
oker,5,0,neutral
professional,5,0,neutral
supervisor,1,0,neutral
gabung,5,-5,negative
superviser,5,0,neutral
bisa neg upload foto video mohon account baik terimakasih,2,13,positive
lagu,5,2,positive
yeviyadi,5,0,neutral
mudah cari kerja,5,3,positive
tolong saring spam menggangu neg guna,1,1,positive
moga karya karya lebi kembang,5,10,positive
ngerti neg ny,2,1,positive
ui tarik kl,4,2,positive
bisa neg daftar gagal,1,-3,negative
lot lambat dlm upgrade butuh jaman,1,-11,negative
baca ulas teman teman mf tarik neg gabung,1,0,neutral
,2,0,neutral
membntuku,4,0,neutral
profesional,5,0,neutral
azik,5,0,neutral
so far so good,5,5,positive
bagus tambahin,2,2,positive
cool,5,2,positive
media sosial serba,5,4,positive
tap tap,4,0,neutral
begitu neg bantu,1,3,positive
united,5,0,neutral
hasil,1,3,positive
moga dapet kerja,5,5,positive
pencaker profesional,4,0,neutral
ok,4,4,positive
min update,1,0,neutral
tolong tambah bayar premium,1,9,positive
mantul bossssss,5,0,neutral
senng,5,0,neutral
th tks butsi axiii sda th th masuk cpns guru,5,0,neutral
dukung,5,4,positive
apaansi,5,0,neutral
security houskiving,1,0,neutral
trimakasi moga,5,1,positive
ksh yahkl bagus ksh,3,2,positive
ken nyari kerja,2,3,positive
krm pesan hrs premium,1,4,positive
salah faedah,5,0,neutral
kenpa susah dptari pakaiy ulang kali gagal trus masuk alikasi mmbntu,1,-10,negative
good ide,5,5,positive
smoga bantu,4,3,positive
workshop produksi mesin finishing cetak,5,0,neutral
rencana jalan rel logistik,5,2,positive
terima kasihh,5,2,positive
good linkin,5,5,positive
moga kerja negri amin,5,6,positive
easy job,5,0,neutral
top,4,5,positive
ganti foto gagal,1,2,positive
ui nn mlkoxpp,5,0,neutral
lumayan,2,1,positive
coba,3,2,positive
lowong kerja cari partner bisnis,5,2,positive
,2,0,neutral
techcnical mechanical engineering comisioning fitter bholthing assyembly testing instrument equipment service oilfield manufacturing,5,0,neutral
bingiiiit dowloud hadeeeeh,5,0,neutral
bagus karir,5,2,positive
mudah cepat paham,5,7,positive
,4,0,neutral
bantu kerja marketing temu profesionaltapi sayang bisa neg kirim video status mohon respon admin,5,16,positive
bs neg hapus,1,-3,negative
i see first it i intended i give,3,0,neutral
bnyk manfaat info mantap,5,7,positive
suka,4,3,positive
good application,5,5,positive
luas relasi bisnis moga manfaat,5,15,positive
info loker,3,-3,negative
ah,2,0,neutral
good update poto gagal mulu dah,3,0,neutral
coba profil,5,2,positive
muda bantu,4,1,positive
biak,5,-3,negative
,5,0,neutral
ngerti neg dgn susun gambar,2,3,positive
wiraswasta dlm bidang kay,5,0,neutral
tau,3,-4,negative
bagus friendly tolong,5,5,positive
bersih cerah,5,0,neutral
asik,3,4,positive
trim linkedln bantu lg ngangur,5,3,positive
tenang arah,3,6,positive
indah,5,3,positive
wahhhhhh,5,0,neutral
senang,3,5,positive
edit photo profil bisa neg klik save gagal,2,-4,negative
im perry purnomo,5,0,neutral
anjing,3,-4,negative
memcoba,3,0,neutral
tutup ada neg jelas salah ada neg jelas,1,4,positive
tibatiba bisa neg nonaktif mohon jelas,2,3,positive
bagus ok,5,6,positive
easy meet people,5,0,neutral
good aply,5,5,positive
bis neg adi uninstal,1,2,positive
kontol,1,-5,negative
n,4,0,neutral
cepat up date,4,3,positive
bagus nyari lowong kerja,5,2,positive
lumayan tipu kerja online saring kasihan kawan kawan cari kerja terima,4,8,positive
simpan data data kirim gagal,1,-11,negative
really help for looking job,5,2,positive
good appli,5,5,positive
sistem error,3,-9,negative
guud,5,0,neutral
porno,1,-5,negative
guru kuliah daftar neg tulis universitas ada neg susah move kolom,3,6,positive
bantu cari informasi dgn kerja,5,4,positive
aq cari lowong kerja sesuai umur skill,5,6,positive
bantu manfaat bangun jaring bisnis luas,4,17,positive
okaeygood,5,0,neutral
hilang kembali,1,3,positive
mudah,5,4,positive
moga bantu anggur,5,0,neutral
mudah cari kerja,5,3,positive
donlodnya knp,1,0,neutral
jos bantu,5,3,positive
crew svitzer wijsmuller,5,0,neutral
bantu cari lapang kerja,3,5,positive
shining,5,0,neutral
bantu pencaker,4,3,positive
nonaktif nggak lakuin jarang buka uji kena non ktif,1,2,positive
very good,5,5,positive
muda mai,5,-2,negative
bagus seksli,5,2,positive
alam bidang ritail xpdc marketing disiplinbertanggung,5,2,positive
alhamdulillah bantu,5,8,positive
bagus profesional,5,2,positive
maaf paksa uninstalsaya suruh masuk posisi kerja terbarusetelah masukantetap bisa neg masuk hate,1,-13,negative
good aplicasion,5,5,positive
hello admin nonaktif linked tolong klarifikasi,2,5,positive
mncoba karna coba,5,2,positive
bingung non aktif up date,2,2,positive
j m,5,0,neutral
baguss,5,0,neutral
ciee aplikasi,5,-4,negative
bantu informasi kembang dunia kerja,5,11,positive
baguss bantu,5,3,positive
syukur nikmat allah hitung neg hidup bara tabarakallahu fikum aamiiin rabb al aamiiin,3,18,positive
good but i have problem can not upload pict or video,5,1,positive
bantu terima,5,5,positive
muas,5,5,positive
connect me many profesional person this world,5,0,neutral
simpan dokumenya,5,-3,negative
manfaat,5,5,positive
tolol,1,-5,negative
bom job info ok,4,2,positive
test,2,0,neutral
guna,4,1,positive
bagus info dg teman profesional carrier pemikirannyagood very good,4,4,positive
muas,1,5,positive
klo bagus lg bintang,3,2,positive
sanagat bantu kerja,5,5,positive
likedin good,5,5,positive
giat pulang selamatg,5,0,neutral
mantap jiwa jiwa kentu,5,5,positive
bagus bagus,5,4,positive
indonesia indah,5,3,positive
bedebest,5,0,neutral
interesting,5,0,neutral
apknya mantul,5,0,neutral
heba muas,5,5,positive
bantu,5,3,positive
terimakasih buat android karna simpan data foto,3,3,positive
okey banget,5,1,positive
gpod,5,0,neutral
ringan aplikatif,5,2,positive
jujur salut buat bantu lulus mahasiswa cari kerja sayang sma kelas butuh kembang bantu negara capai citacitanya rang miskin,5,9,positive
tualang dunia internet cari job baik sayamakasih linkedln,5,1,positive
bangga,5,3,positive
sobatdapur,3,0,neutral
muhammad faisal milik pt paypal pt bank mandiri cv pertambagan usaha teknologi usaha tambang emas olimpiade london pt paypal,1,0,neutral
komunikasi mudah info terupdate,5,3,positive
bagus,5,2,positive
mudah kenal profil profesi usaha cari profesi selaras terima,4,10,positive
,1,0,neutral
manfaat bangun koneksi praktisi profesional dunia kerja,5,10,positive
ok membntu,5,4,positive
lije,5,0,neutral
erti,5,2,positive
informatif senang teman sahabat milik kompetensi profesional,5,13,positive
service panel listrik automatis genset gulung generator motor pompa,5,0,neutral
kenal orangorang hebat,4,3,positive
dark mode pake koq blommanhattan mode,1,0,neutral
senang,4,5,positive
baik koneksi bisnis,5,8,positive
twter,5,0,neutral
by the future,5,0,neutral
mantap euy,5,5,positive
papua bangun rumah rayat kabupaten kota papua hkhususnya daerah dalam bangun rumah rakyat,5,8,positive
goodness,5,0,neutral
jobseeker,5,0,neutral
terima,5,2,positive
cari pile,5,-3,negative
hasil prouek,3,3,positive
bagus cari kerja,5,1,positive
thanx,5,0,neutral
lumayan,4,1,positive
good work for,5,5,positive
,4,0,neutral
tolong ketat lowong karna lowong garuda indonesia kedok tipu travel permata terimakasih,1,8,positive
,2,0,neutral
easy meet,4,0,neutral
profesi pekjerja tukang renovasi pergudangantapi tawar pabrik operator pertanyaanya lihat neg status propesii,3,1,positive
aoa,5,0,neutral
helpfully,5,0,neutral
mantap linked,4,5,positive
bantu,4,3,positive
jual viagra asli jakarta,5,3,positive
moga tingkat lg,5,2,positive
n,4,0,neutral
awesomeness,5,0,neutral
matap,5,0,neutral
terima jadi portal menghubukan orangorang profesional,4,3,positive
nama arinusx bhbol,5,0,neutral
wardah,5,0,neutral
moga membrikan baik trima,5,5,positive
bom manfaat bah,2,3,positive
easy reach,5,0,neutral
i can not,1,0,neutral
nonaktif gimana ngebalikinnya sungguh terrrweeluuu,1,4,positive
up date info new job,5,-3,negative
bagus batu,5,4,positive
bagus kalang,4,2,positive
some issue,1,0,neutral
durung fhm,3,0,neutral
cari kerja teman,4,-1,negative
butuh mobil rental bus medan solusi,5,-1,negative
mnatap,5,0,neutral
,5,0,neutral
mudah cari nafkah,5,4,positive
mantul,5,0,neutral
suka sharing nambah wawas sgt ok,5,10,positive
terkadang ak senyum dengar kataorang acar bela salah ak santai bela neg lurus pasal pasal tuduh,5,1,positive
okmantaf,5,0,neutral
oke joss,5,2,positive
aplikaai bayar,3,1,positive
ape ni woyyy,1,0,neutral
kusuttt galou,5,0,neutral
alhamdulillah sukses,5,8,positive
perfec,5,0,neutral
klo emang entar kasih neg ok,4,6,positive
ok bagus,3,6,positive
badu,5,0,neutral
bantu peluang peluang bisnis dunia digital,4,7,positive
oke good application and profesional for job,5,7,positive
linkedln info lowong baik alam temu info batas neg wawas luas sempat ubah thanks linkedln,4,4,positive
,5,0,neutral
paham neg,3,0,neutral
reting,5,0,neutral
lihat ulas,3,3,positive
,3,0,neutral
terima aplikasi bantu,5,1,positive
untung cari kerja,5,2,positive
gimana lamar kerja ngak ngerti ikut tolong tau karna blum paham,2,-1,negative
z x,3,0,neutral
lamar kerja babi anjing kode verifikasi bisa neg konek babi android,1,-13,negative
single,3,3,positive
,2,0,neutral
verygood,5,0,neutral
bagusuntuk bangun komonikasi orangorang,5,0,neutral
calo tipu anjing,3,-4,negative
waw,5,0,neutral
hilang,1,3,positive
susah,2,-3,negative
sabgat bantu,5,3,positive
utama alam,5,2,positive
teman lowong pttji alamat kantor daerah klender jakarta timur play tipu salah korban,1,-8,negative
sembah allah swt tuhan alam,5,8,positive
bagus suka,5,5,positive
always good,5,5,positive
mohon tolong ultras singamania pssi sian,5,2,positive
,5,0,neutral
bicara terimakasih,1,5,positive
linkadinfations,4,0,neutral
moga gabung cepat kerja,1,1,positive
linkedln bermafaat,4,0,neutral
masjun diesel,5,0,neutral
bagus asyik,5,2,positive
bagus penuh,4,2,positive
gmna hapus android,1,-3,negative
be good,5,5,positive
,5,0,neutral
siipp,4,0,neutral
trimakasih linkdlnhidup warna,5,4,positive
buka,3,3,positive
matsari sus,5,0,neutral
,4,0,neutral
bantu,4,3,positive
weell its okeaauuuu,4,0,neutral
good,5,5,positive
gamblang baca,5,6,positive
mudah accesnya,2,4,positive
working,5,0,neutral
sales manager,5,0,neutral
lumayan mmbantu,5,1,positive
bantu,5,3,positive
lulus magister hukum mh universitas bangun panca budi medan milik alam kerja thn sbg branch manager usaha konstruksi pimpin cabang samping jg advokat legal,5,10,positive
oke sip,3,2,positive
nggak kirim pesan pribadi,1,5,positive
mudah an kerja amiin,4,6,positive
nice,5,4,positive
tingkat fiturnya,5,1,positive
bantu,5,3,positive
kog pas masukin no hp bisa neg mulusya pakai nomor bisaudh neg sya trus mlh no hp sya bisa neg smua,1,3,positive
buka ngeclose,1,3,positive
terima linkedln,5,2,positive
good apps can find people a have skills and job vacancy,5,5,positive
beluk dapet kerja,5,4,positive
mntep,5,0,neutral
guna gimana erti neg perlu cari butuh open bo vcs butuh dana bantu mantab,3,-4,negative
info lowong kerja di neg serta pt alamat nomer wa tolong tindak lanjut karna tipu ujung uangpemerasan terimakasih,4,8,positive
mantaaaap,5,0,neutral
suka,5,3,positive
dzz,3,0,neutral
super,5,3,positive
menggumpulkan informasi putar dunia kerja didik top markotop,5,13,positive
impormasi berita usaha dunia,5,-2,negative
knapa bisa neg uninstal bahaya jngan nge hack,1,-9,negative
ratna,5,2,positive
klo bagus ta tambai,3,-1,negative
,1,0,neutral
gabisa msuk ssah,1,0,neutral
good program make effetive systeme actually,5,5,positive
manfaat,3,5,positive
karna msuk,3,0,neutral
speed q,5,0,neutral
,3,0,neutral
diswansah taoiwan tao,5,0,neutral
bantu hubung karir dunia,5,5,positive
,3,0,neutral
okebanget,5,0,neutral
anjirrr,1,0,neutral
gimana ngerjain cok,5,-2,negative
pas,4,3,positive
joint,5,0,neutral
nice application,5,4,positive
guru hidup penuh suka duka hadap semangat penuh abdi harap rido allah swt,5,24,positive
a professional network,5,0,neutral
midah,5,0,neutral
,5,0,neutral
bantu info loker,3,0,neutral
muhammad faisal aceh pidie,1,0,neutral
susah daftar rumit gagal daftar guna,1,-9,negative
aj,3,0,neutral
jos,2,0,neutral
cari kerja anak makan neg rumput,5,0,neutral
ok joos,5,4,positive
,3,0,neutral
manfaat,5,5,positive
bagus banget apl,5,3,positive
bagus jalin kerja dg rekan,5,8,positive
oke oce,5,2,positive
okedeg,5,0,neutral
good jop,4,5,positive
bagus,4,2,positive
ok mantaplh,5,4,positive
the apps very useful for making connection,5,0,neutral
mantap selektif pilih mem teman,5,0,neutral
paham,3,0,neutral
sngat bantu,5,3,positive
ora nggo cilik,1,-3,negative
kecewa nonaktif,1,0,neutral
utimarkus,5,0,neutral
oke,4,2,positive
kagum,5,3,positive
mantp bantu,5,3,positive
okeh,5,0,neutral
good aps,5,5,positive
dear developer bisa neg uninstall guna neg hp,1,3,positive
bagus seh tp banyak cmn jambu loker manfaat jahat,5,6,positive
foto camera video wacth,4,3,positive
harap kembang harap tambah fitur cari magang murid sma derajat sekian terima,4,19,positive
filim,5,0,neutral
good apl,4,5,positive
tolong bantu password wechat id sweetqu lupa password,5,7,positive
jobs,5,0,neutral
linkeind gila akunq blokir hapus aplicasi play store layan muas neg,1,4,positive
agr bantu ipn up date contoh org bilang tanah tanah soerga,5,3,positive
lumayan bantu,3,4,positive
good job,5,5,positive
hengingink kring,1,0,neutral
sosial tambah relasi dunia kerja ilmu softskill,5,17,positive
ada neg,5,4,positive
keren bro,5,0,neutral
gabung,4,-5,negative
konvesional good,5,5,positive
tambah wawasankeuangan dai,3,3,positive
sip yea,5,0,neutral
kenal dunia bisnis kembang peluang coba gabung,5,7,positive
si momtok,5,0,neutral
jty ftv ffff fgfgg ytt ttt,5,0,neutral
bisa neg baru,1,0,neutral
good linked aplication,5,5,positive
alam bidang landscape design interior eksterior vertical artisan,5,2,positive
bnyk tmn pnglm brtmbh bnyk,5,0,neutral
terima kasi,3,-1,negative
cakepp,5,0,neutral
dl,2,0,neutral
canggih,5,0,neutral
,5,0,neutral
simpntok,5,0,neutral
experience had workmust by responsible all monitoring regard on the projects and programs planning start and untill finished projects,5,0,neutral
buruk,3,-5,negative
luas calon kerja,5,5,positive
mantapz,5,0,neutral
terima temu hebat,5,4,positive
user friendly and good performance,5,5,positive
share informasi perihal kerja,4,4,positive
coba,2,2,positive
ketemu teman danjuga boss ucap selamat,4,4,positive
hubung teman batas neg dalam negeri negeri,5,1,positive
bagussss buuuannngeeet,4,0,neutral
good job,5,5,positive
long,3,0,neutral
non aktifknmhn aktifkn kmbli,5,0,neutral
mantap,5,5,positive
layan pakai neg aktive,5,2,positive
bantu cari kerja,5,2,positive
mantap,5,5,positive
,3,0,neutral
mmm a z w a q cofo,1,0,neutral
free member,5,3,positive
exited,4,0,neutral
simple cepat,4,6,positive
,1,0,neutral
trying keep up,4,0,neutral
bagus mudah lamar kerja panggil kerja sekali panggil interview harua beli tiket traveloka tipu,2,9,positive
keren manfaat,5,5,positive
bisa neg diupdate terang nonaktif,1,2,positive
maaf cuman doang,2,3,positive
mantav,5,0,neutral
exvellence,5,0,neutral
mksh manfaat,5,7,positive
coba,5,2,positive
tarik,5,2,positive
baguss,4,0,neutral
semangattt,4,0,neutral
jelas neg masrakat desa butuh neg kau bikin full simpan hpku sj kau butuh cuman game,1,-10,negative
entar bagus bintang,3,2,positive
pake panggil interviw,1,-1,negative
biar bahagia,5,5,positive
aman,5,0,neutral
cepat sambung walupun jam sibuk,5,4,positive
,5,0,neutral
alam da penuh prihatin tp syukur,5,9,positive
buruk ad neg,1,-5,negative
tq,5,4,positive
ekstraordinary,5,0,neutral
mantul bro,5,0,neutral
amplikasi good,5,5,positive
terima bantu cari kerja lamar linkedln tanggung neg merespon lamar lamar kirim modus tipu mohon linkedln ketat lamar lamar kerja kirim tanggung neg balas lamar modus terima kerja kedok tipu waspada hati hati lamar makasih,1,18,positive
ok masuk,5,1,positive
senang kenal byk org relasi lbj luas,5,14,positive
hubung krja lbih erat,5,1,positive
cari lowong kerja,4,-1,negative
,5,0,neutral
v good,5,5,positive
hastina,5,0,neutral
nonaktif pernah neg langgar atur,1,4,positive
sang t bantu info kerja teman,5,2,positive
keren bantu shearing layan informasi,2,7,positive
entrepreneur,5,0,neutral
,4,0,neutral
guna bangun relasi cari referensi kerja,5,3,positive
masuk gambar lampu lintas kapok gua deftar kerjaanya,1,-3,negative
lowong tawar tp pindah ngak ngaruh cv linkid depa tinggal share,2,-2,negative
teman responden,3,0,neutral
linked sedia neg info lowong kerja linked banyak sedia info jual iklan produk usah atur aflikasi rumit ribet praktis neg simpel neg banyak neg atur,1,11,positive
fungsional,5,0,neutral
as usual,5,0,neutral
linkin ok,5,4,positive
good account can help increase business,4,7,positive
full mantap,5,5,positive
nice,5,4,positive
pt hasta prima industri qc passes ptcitra solsindo lestari baq cutting pthoco asia industri operator produksi,5,8,positive
bantu cari kerja,4,2,positive
moga alternatif,5,1,positive
harap mohon bantu butuh pertolongaminamin raabal alamin,5,3,positive
bantu kembang karier,5,6,positive
kelola koperasi th,3,0,neutral
kaya error gitu update mohon bantu,4,2,positive
manfaat mudah,5,9,positive
top dah,4,2,positive
hmo,4,0,neutral
tipu,1,0,neutral
pt pakoakuina pt lavida herculon,4,0,neutral
pasang manfaat,4,9,positive
bom tau kegunaanya,2,-3,negative
sempit jaring fasilitas tawar kerja,1,-1,negative
jos gondos,5,0,neutral
sya lihat tipu info lowong kerja dar saran depan bantu filter info loker tks,2,4,positive
good application,5,5,positive
lumayan biar jenuh neg tau dunia,3,-1,negative
bantu,4,3,positive
sangatt bagusss,5,0,neutral
oke mantap,5,7,positive
god,5,0,neutral
bajak sayatlg alih,4,-4,negative
mantul abis,5,1,positive
teman baikjgn cari musuh,4,-7,negative
nilai tinggikarena coba,3,7,positive
,4,0,neutral
manis cinta,1,8,positive
maju trus,4,0,neutral
simple relevan,5,3,positive
mudah cari loker,5,1,positive
sebagaijurumasak driver,4,0,neutral
quick easy,5,0,neutral
cari peluang,4,-3,negative
good and clear,5,5,positive
bantu cari teman bisnis,5,3,positive
usaha skala tawar lowong kerja iming gaji syarat lamar setor uang bayar bentuk syarat setor uang apa bentuk usaha fiktif tipu waspada jahat mana modus beda,3,0,neutral
informasi lowong kerja rentang usaha update jangkau negara,5,5,positive
newbi,4,0,neutral
mantap aplikasunya,4,5,positive
bantu skli,5,3,positive
terimakasih,5,5,positive
wastap,3,0,neutral
mudah mudah mantap,5,13,positive
moga layan,5,3,positive
ok bagus,5,6,positive
good aplication more connection,5,5,positive
puny bumi belah,5,-5,negative
mantul,4,0,neutral
aka akara tialara,5,0,neutral
qp pelamin pos adfghjkllxcvbb,1,4,positive
bagus maju,5,2,positive
see dee,5,0,neutral
key,5,0,neutral
sanggat membantutp tolong unsur tipu harap biar mantaaap,5,7,positive
bagus,4,2,positive
good experience with related the jobs,4,5,positive
ok,5,4,positive
update informasi,5,2,positive
please reopen my account,3,-3,negative
nice apps very usefull,5,4,positive
terupdate tru,4,0,neutral
likethis,5,0,neutral
batu rekomendasi peluang kerja mantab,5,4,positive
yoi,5,0,neutral
ckp bantu modu tipu atas nama usaha mungut biaya kunjung neg respon lamar kerja setor uang nama usaha browsing pum alamat ada neg valit neg daftar ijin usaha hati hati tipu atas nama usaha beeskala mungut uang lamar kerja,2,13,positive
ajar,1,1,positive
yess okey skali,5,0,neutral
kondisi atur,5,4,positive
dlm bangun jaring relasi,4,6,positive
akuadalah,5,0,neutral
jhajal,5,0,neutral
lh,3,0,neutral
simple useful and easy for building trust,5,3,positive
oookee siiip,5,0,neutral
linkin mebgupdate informasi baru sahabat linkin manfaat bangun hubung relasi teman,3,15,positive
,4,0,neutral
very good aplication,5,5,positive
ok txs,5,4,positive
google,3,0,neutral
appyg bagus,5,2,positive
alam butuh ilmu info komplit,5,-2,negative
,5,0,neutral
bagus ngirim lamar ada neg panggil interview,2,5,positive
linked baiktp diposting dr situs webbisa verifikasi,4,0,neutral
kl,1,0,neutral
uji,4,1,positive
lebih baik better,5,6,positive
gif keyboard,5,0,neutral
patnam,5,0,neutral
ta bari bilang yoba,5,-3,negative
bagus tambah teman bangun jaring dunia kerja manfaat bantu individu cari kerja,5,18,positive
make my life conect wide with profesional people,5,-2,negative
mantao,5,0,neutral
kontol,5,-5,negative
baikkkk,3,0,neutral
moga depan bantu banyak neg iklan iklan terimakasih,4,12,positive
ok sip,4,4,positive
sgt,4,0,neutral
bagus aq tambahin,1,2,positive
mantap jiwa,5,5,positive
mlim batre kk lowmmi,2,0,neutral
avjaksis,3,0,neutral
google manfaat milik mudah publik alamat rumah kantor promosi usaha,5,14,positive
ajar,5,1,positive
me v,3,0,neutral
,3,0,neutral
gdjob,5,0,neutral
lowong kerja bagus satu usaha tanggap lamar kerja,4,13,positive
terima,5,2,positive
bagus bantu informasi,5,7,positive
development manager,4,0,neutral
i like this aplication,5,0,neutral
bagus cepat ulas publik berita postingan,5,1,positive
mohon bantu loker sesuai jurus,5,8,positive
informasi kerja baru,5,4,positive
sempat kpd cari kerja,5,-1,negative
nggak nggak gedegede repot nafas bola g g kemarin,3,-3,negative
bisa neg baru,3,0,neutral
klo ngelamar limpahin lainaplikasi cacat,1,-5,negative
perlu neg cari kerja buka laman usaha jasa informasi tenaga kerja validitas informasi hoaks data pribadi kirim kemudi salah bertanggungjawab neg infiltrasi penting korban deskripsi lamar sesuai usaha cari tenaga kerja lamar good job,3,19,positive
,2,0,neutral
bantu informasi pekerjaanterima,4,5,positive
bidang cleaning sevise,5,0,neutral
kerja jembatan ujung gading,5,-5,negative
i have been using the i often get a fake job and even i have applied some companies but they give no respond until the applications become expired really disappointed and help nothing better jobstreet and kalibrr that usually notify the applicant whether its rejected or accepted but fine at least responding is helping,1,7,positive
sekretaris,5,0,neutral
bantu informasi jetenga kerja wiraswasta,5,7,positive
manteb,5,0,neutral
opesional,5,0,neutral
mudahmudahan canggih bagus,5,2,positive
coba moga manfaat,4,8,positive
nice apps for businessman,5,4,positive
derita,5,-5,negative
ok,4,4,positive
sangatt bantu info lamar bumn akhirny cobaa alhamdulillah rezeki terima kerja bumn,4,12,positive
staff hrd,5,0,neutral
why not can my open this,1,-5,negative
keren,1,0,neutral
okk,2,0,neutral
kembang tanah kapling,2,3,positive
goid,3,0,neutral
salam kenal,4,3,positive
i love,5,5,positive
lanjut,3,2,positive
terinakasih,5,0,neutral
loker tipu pake travel,1,0,neutral
bisa neg akses info non aktif tlong konfirmasi,3,4,positive
jujur kerja tawar ribet usaha palsu letak bekas ampun cari kerja tipu,1,3,positive
ium,4,0,neutral
spv kansai paint,4,0,neutral
birsa lowong kerja palsu kedok agen consultimg,4,-1,negative
atagommo,1,0,neutral
tambah wawas prosfek karir wira usaha,5,4,positive
manrap,5,0,neutral
optimal,3,0,neutral
coba,3,2,positive
masukerror neg,5,0,neutral
,1,0,neutral
jujur,3,4,positive
manfaat,5,5,positive
rindu kerja,2,4,positive
maicin,5,0,neutral
v v,3,0,neutral
erti perban,4,-1,negative
future better more,5,2,positive
krus indo kirim,1,-1,negative
good touch many enterpreneurs businessman and professionals from allover tje world,5,5,positive
ok bagus,4,6,positive
henti,1,-4,negative
gabung,2,-5,negative
thief thx,1,0,neutral
qqn wkka cat kangen pantai pagatan,1,4,positive
ok up date info,4,1,positive
bisa neg sandi salah sandi tolong bantu,2,2,positive
informasi lowong kerja tipu surat panggil palsu untung slalu cek asli email surat panggil asli palsu usaha asli sampai neg tipu hatihati jgn cepat giur lowong kerja tawar mending cari informasi lowong kerja asli usaha asliy,1,17,positive
banyk informasi kerja,5,4,positive
canceling but my saldo keep lost,5,-1,negative
bantu kembang jawat dang kembang tahu,5,13,positive
batu tongong banyakin cabang usah neg ribetcontoh cari kerja lamar kerja lamar kerja emang gitu mendi usah neg share loker oke,5,-6,negative
peristiea,5,0,neutral
maaf,1,2,positive
bisa neg aplod taekk,5,0,neutral
good good good good,5,20,positive
ok bagus bantu peluang cari kerja,5,8,positive
bantu cari relasi,5,3,positive
sabar rendah hati penuh semangat raih sukses,5,11,positive
smga cepat kerja,5,6,positive
make me always remember all my friends at each project,5,3,positive
blum tau,5,-4,negative
okok,5,0,neutral
pt asmo indonesia pt kartika alhajjar pt sarana media seluler pt semesta nustradestrindo,5,0,neutral
ngk buka aplikasiny,1,3,positive
email daftarin pas baru egk masuk,1,0,neutral
ngak guna,1,1,positive
alhamdulillah bantu thanks,5,11,positive
a,5,0,neutral
suka,5,3,positive
mudah hubung orangorang sukses bidang masingmasing,4,8,positive
suka,5,3,positive
tolong saring lowong kerja temu x lowong bodong nipu untung kejadia kasihan pasti,3,17,positive
semangat juang,1,7,positive
ribet,3,-4,negative
klo bantu kerja,3,5,positive
blum dpt kerja,3,2,positive
manfaat,5,5,positive
okay,5,4,positive
linkeid gateli cuk akunq masuk ndak layan muas neg lembiru plastore,1,1,positive
nonaktif,1,0,neutral
moga manfaat untk lanjut informasi,3,10,positive
mayan,5,0,neutral
its very useful,5,0,neutral
law bagus bintang,4,2,positive
comen,5,0,neutral
mudah cari infomasi,4,1,positive
goodbye,5,-3,negative
ajar,4,1,positive
moga batu kerja singapore,5,5,positive
ok,1,4,positive
tipu loker gudang garam garuda peni linkedln tipu,1,0,neutral
bagus sasar,5,2,positive
good and suitable for employees who are looking for the best work,5,5,positive
tinggal tanggerang cimone legok karawaci kp melayu,5,1,positive
the best,5,0,neutral
bantu job,4,3,positive
gw instal neg instal sndiri ud apus msih ttep ad aneh,1,4,positive
harap gabung konektivitas masyrakat dunia,5,-1,negative
dukung,5,4,positive
ijolajolimut bugis,5,0,neutral
coba,4,2,positive
berbahayaterlalu jembatan rantai tipu kedok lowong pekerjaantutup lapor,1,-5,negative
guna,4,1,positive
info percaya realita,5,-1,negative
peluang karir,5,0,neutral
sukses linkedlnnl,5,3,positive
sip,5,0,neutral
bagus batu,5,4,positive
pagi trimksih hadir smoga manfaat sallaam,5,8,positive
bagus aplikasi,5,-2,negative
komunikasi kawankawan profesional profesi,4,2,positive
great,5,3,positive
mudah cari loker teman,4,1,positive
non aktif,3,2,positive
yes mungkn,5,3,positive
mantabbb,5,0,neutral
hadir cari teman dahabat hebat alam iptek bagi sama cari tambah sifat manusia terima,5,11,positive
email palsu penipuanuang hilang kerja neg,1,5,positive
keren abissss,5,0,neutral
long life aplications,5,-2,negative
relasi,5,3,positive
jelas neg nonaktif bisa neg masuk jelas neg knpa tolong admin bantu respon proses,1,8,positive
m ag ic,5,0,neutral
muas,5,5,positive
pengoprasiannya,3,0,neutral
on,2,0,neutral
binasa,4,3,positive
moga aplikasi bantu,4,0,neutral
c b i internasional att apm group,5,0,neutral
top bantu usaha,5,9,positive
ajar,1,1,positive
bagus,5,2,positive
bantu bagi ilmu alam,5,11,positive
aplikasi bagus sayang bisa neg ngepost,3,1,positive
bantu teman n bisnis,5,6,positive
bantu bangun jaring,4,6,positive
baik,5,3,positive
tingkat jaring teman,5,4,positive
lumayan,3,1,positive
good apps bantu jobless cat kerja,5,10,positive
pakai,3,0,neutral
mebantu,2,0,neutral
mantaaaapp bagus bangun jaring professional,5,5,positive
gg update ketik huruf langsung menu,1,3,positive
cari kerja,2,-1,negative
bisa neg buka uda masukin email sandi bilang tolong cek,1,2,positive
mutu neg install baharu modal admin tau kurang aplikasi,1,-6,negative
mantap,5,5,positive
sip,4,0,neutral
,3,0,neutral
mohon maaf rate nyaa nonaktif,1,4,positive
tul,5,0,neutral
perferct,5,0,neutral
gooooooooood,5,0,neutral
cari kerja professional,4,-1,negative
manfaat hasil,5,8,positive
my name sarif hidayat i am year old and i am available be a driver or private driver for expat,5,0,neutral
bantu,5,3,positive
,5,0,neutral
sya suka,4,3,positive
bagus temu hebat info lowong kerja,5,3,positive
i v,3,0,neutral
,1,0,neutral
kox bisa neg masuk yh email bisa neg masuk salah paswort bener masuk fb bisa neg gmn apl,1,-10,negative
,1,0,neutral
bagus kaya sosmed,4,4,positive
wonderful,5,0,neutral
lengkap informasi,5,4,positive
,5,0,neutral
pmbangunan mushola,1,0,neutral
ratna tarna,5,2,positive
execellent,5,0,neutral
moga thanks linkedln,1,4,positive
yamantap,5,0,neutral
lowong lowong buka website kadang situ alhasil bisa neg ngelamar isi resume tp bisa neg ngelamar lgsg,3,8,positive
perfect,5,0,neutral
thanks for you my google chrome apply android baru ok google play story sestem android one kn apply haru android ok,5,11,positive
bgitu hp bsk hubung kmana,4,1,positive
recommended jalin relationship carier friendship batas neg,5,-3,negative
bantu dgn info loker butuh,5,-5,negative
terima manfaat,5,7,positive
mantap,5,5,positive
mmmwmwkw,5,0,neutral
instal hp ingin neg kena,1,-3,negative
mantap brother,5,5,positive
tolong menguninstall ganggu rugi segansegan neg perkara ranah hukum terima mohon responnya,1,-3,negative
ribet alih web langsung neg web pribadi gitu kecewa,3,-1,negative
bangus,5,0,neutral
hamid obing,5,0,neutral
bagud,2,0,neutral
email konfirmasi alamat email konfirmasi mohon bantu,2,11,positive
sesui jaman texnologi,4,-2,negative
sngat,5,0,neutral
hebat,5,0,neutral
housekeeping supervisor,5,0,neutral
tp masuk sandi otomatis halaman jadiya gabisa,2,0,neutral
okela,4,0,neutral
bantu,5,3,positive
,4,0,neutral
sip,4,0,neutral
kuak mudah mudah linkedln buka arah simpel milik,4,16,positive
bagus,5,2,positive
mantap bagus,1,7,positive
nyoba,1,0,neutral
komunikasi sahabat info baru job kerja sesuai butuh,5,3,positive
susah verivikasi,5,-3,negative
mantulll,5,0,neutral
sen apelikasinya luas lg biar jangkonya luas wawasanya bayak terima alvin,5,9,positive
bagus neg,1,2,positive
nice aplikas,5,4,positive
god,3,0,neutral
easy connect with amazing people,4,0,neutral
bagus,5,2,positive
suka close sndri,5,1,positive
bagus cepat,5,5,positive
rekomendasi,5,0,neutral
mantap,5,5,positive
hikmah jamela kangen,5,5,positive
cukk,5,0,neutral
this post very importance and nice linkedln,5,4,positive
hubung teman profesi,4,1,positive
mandiri usaha,5,-2,negative
aplikasi bisa neg teman teman tolong usaha id bagus bagus bisnis,1,7,positive
moga bantu cari kerja,5,3,positive
indedned dalam adlah orng orng hebat milik kredit didik bangga ikut milik luas teman banyak tahu ikut smau ad dalam ornag milik wawas laus suka bangga teman terimakasih,5,30,positive
hcker nhur on,5,0,neutral
punya neg uang,5,3,positive
klau manfaat kasih neg bntng,3,7,positive
love it,5,5,positive
ajar aplikasi,1,-3,negative
terimakasih bantu temu bisnis owner,4,13,positive
share youtube,3,0,neutral
ok,5,4,positive
nonaktif minggu iniharus adu bagi tolong tanggap,1,5,positive
sip sip,4,0,neutral
tau fungsi,1,-4,negative
bissmillah,4,0,neutral
dagang lepastu bangkrut,5,-5,negative
dilhatnya simplesaya saya neg modus loga kitera pinjam online,5,-6,negative
butuh bantu,5,-2,negative
gagal,1,-4,negative
top rate,3,5,positive
moga,5,1,positive
jalan jalan,5,0,neutral
more knowlegde about bussines,5,0,neutral
good info,5,2,positive
i dont know about you but i want know you,4,0,neutral
benar neg,5,2,positive
harap bangun karir,4,3,positive
br pake,5,0,neutral
lumayan kreen,4,1,positive
teman jaring teman profesional,4,3,positive
,3,0,neutral
wum,4,0,neutral
lumayan bagus guna perlu,4,6,positive
tolong kembali uang dr kartu kredit mana langgan gratis premium stop ambil rp mana manfaat premiun ada neg impact sayathanja,1,18,positive
good for job opportunities from around the world,4,5,positive
ok,3,4,positive
suka dagang,5,3,positive
sus yanti,5,0,neutral
why i cant found short cut icon my phone,3,-2,negative
tolong linkind mudah nonaktif sistem ubah hp cas masuk lg non aktif kecewa tolong bost teeimkasih,1,5,positive
good luck all injob,5,9,positive
good for your career level and share what youn learn your office,5,5,positive
tukang laspipe fittermechanical,5,-2,negative
bagus neg aplikasi,1,-2,negative
john untung,4,3,positive
bintangx pul,5,0,neutral
najam,4,0,neutral
like,5,0,neutral
bangun konektivitas sharing alam tahu dunia kerja,5,12,positive
sampah,1,-4,negative
muhammad faisal sultan aceh merdeka,5,0,neutral
bagus abal neg abal info,4,-1,negative
hasil,1,3,positive
m,3,0,neutral
cobain,3,0,neutral
thats okey,5,0,neutral
manttap,5,0,neutral
sya,5,0,neutral
top,5,5,positive
jelas neg nyampah email,1,-3,negative
ni bagus tp edan update hr,3,-1,negative
hati hati iklan lowong kerja bohong hati hati tipu,3,5,positive
teman tukar pemgalaman bantu,3,4,positive
amazing,5,0,neutral
suka,4,3,positive
m umjjb,5,0,neutral
sempurna lagimantafff,5,3,positive
good job,1,5,positive
jodoh,5,3,positive
pakai,4,0,neutral
moga beemanfaat,5,1,positive
mantap update,5,5,positive
luas koneksi baik jaring relasi,4,14,positive
nice,4,4,positive
layan buat kolam renang,5,1,positive
nonaktif kemaren nonaktif kecewa,1,0,neutral
ni aneh mudah hack waspada,1,7,positive
tray,4,0,neutral
bantu lumayan,3,4,positive
manfaat neg,1,5,positive
,2,0,neutral
bantu temu kerja,5,7,positive
canggih,5,0,neutral
ganti nama samsung account,3,3,positive
anda bs diunisntal,1,-1,negative
good,5,5,positive
bagus tpi iklan lowong neg kerja,4,4,positive
barang kali operasi bidang lestoran atw catring join sayur negri,5,2,positive
alam,4,2,positive
inlco,5,0,neutral
beguna neg,1,0,neutral
khushukha,5,0,neutral
buka sbg jalan cari alam rintis kerja masa mudah tambah wawassn ilmudan ajar sukses,5,17,positive
tas promosion,1,0,neutral
mantaf bro,5,0,neutral
jual beli rumah tanah gedung kantor sbg agen independent khusus jakarta pusat jakarta selatan jakarta timur depok,4,6,positive
ok mantaaaaaaap,5,4,positive
semenjak instal rajin mandi rajin sholat henti mabok maksiat,5,5,positive
no good,1,5,positive
bagus temu pengaruh positif,4,11,positive
tambah wawas dilinkedln tambah teman,5,6,positive
sucesfull,5,0,neutral
god jobs,5,0,neutral
nyoba moga cocok,5,5,positive
bisa pengalamam beri neg uangtiap produksi,5,2,positive
verifikasi aman,1,0,neutral
suip,5,0,neutral
exportir produck handicrafts,5,0,neutral
oke,3,2,positive
moga bermamfaat,5,1,positive
tau kerja aktivitas kenal,4,1,positive
coba,2,2,positive
bantu hubung koneksi bisnis,5,9,positive
coba,4,2,positive
boss,3,0,neutral
didownload buka download lg gitu mulu mending didelete,1,7,positive
good pokona mah,5,5,positive
dr,5,0,neutral
maju posisi,5,0,neutral
godd,5,0,neutral
klo bagus ditamba,2,2,positive
,5,0,neutral
bantu,3,3,positive
bagus cari kerja,5,1,positive
dlo klo bagus nti kasi,1,-1,negative
mantuls,5,0,neutral
masuk ribet,2,-7,negative
,3,0,neutral
stlah thung login neg sekali ktmu atas lngsung masuk tawar kerja hihihihii,5,-10,negative
hiho ketuk jeda,1,0,neutral
pake makany,2,0,neutral
mudah lamar kerja,5,6,positive
alam,4,2,positive
bagus,5,2,positive
apaya untung ya neg,5,7,positive
profil bagus harus neg apply tawar kerja panggil tokopedia surakarta pernah neg apply sayang hasil tahap wawancara moga sempat hasil,5,7,positive
yash,5,0,neutral
very good build your networking,5,5,positive
,5,0,neutral
bisa neg loging,5,0,neutral
can not see the feed and update,3,0,neutral
goodmedia sosial arah kembang karier bisnissatu masuk tolong filter konten layak neg tayang tempat neg sukses terima,5,16,positive
bagus,5,2,positive
eror mulu apl,1,-2,negative
askabakansnsisms,3,0,neutral
telahmenjafi client traing,3,0,neutral
mantull,5,0,neutral
usaha panggil joint,1,0,neutral
lumayan,1,1,positive
tau fungsi,5,-4,negative
,5,0,neutral
penipuam isi,1,2,positive
bikin kerja,5,2,positive
bung makenya sulit tri,2,0,neutral
great,5,3,positive
siiiip,5,0,neutral
update,3,0,neutral
dpt informasi,5,2,positive
more easy make networking and promoting,5,0,neutral
semangat karir,5,4,positive
ok,5,4,positive
achmadi jaya cenel,5,4,positive
i like it,5,0,neutral
jelassss neg robot neg,1,0,neutral
aplikasi bantu suka suka suka,5,8,positive
,2,0,neutral
mlehoiii,4,0,neutral
ok,5,4,positive
mudah pakai,5,4,positive
kurngi ikln please,1,-3,negative
pingin mudah sprti hrapkn,4,6,positive
mntap,5,0,neutral
buruk,1,-5,negative
bagus manfaat,5,7,positive
erti,1,2,positive
ghsgu,1,0,neutral
tambah jaring teman,4,6,positive
nisdh hapus ulang ulang kali msh ajja,1,-3,negative
guna bangun terimakasih,5,6,positive
guna tolong review,1,4,positive
very goood,5,0,neutral
ok good,4,9,positive
tau lowong kerja,1,-2,negative
chef is the best working,5,0,neutral
paham,4,0,neutral
test,3,0,neutral
efektif,1,5,positive
joint tibatiba minggu bisa neg buka alas connection capai mungkin neg ganti email please help me,5,8,positive
bagus bantu,5,5,positive
you,5,0,neutral
murah hati nyoba,5,5,positive
moga sllu mudah guna,5,6,positive
kren,5,0,neutral
bisa neg,4,0,neutral
bnyk lowong kerja tipu rugi tolong perhati likedin,2,0,neutral
,3,0,neutral
mohon bantu temu usaha terima tamat slta from senior high school alam bidang trimakasih,5,16,positive
why does this application prohibit and block kratom sales even though kratom has not been banned until now the loss that i have my buyers is who is compensated,1,-6,negative
mula,5,-3,negative
error,2,-5,negative
ok mantap,5,9,positive
b klau apknya ditmbh lgi,5,0,neutral
gabung,3,-5,negative
ok,4,4,positive
drever bus raja saudi tinggal propinsi jeddah daerah hamdaniah gaji bulan minim banget walo tahan liat depan erti atur bus musim kerja ajar nama kerja travel umrah n haji ajar travel umrah layan jamaah alhamdulillah bersukur bangeut initerimakasihbuat,4,20,positive
mudah an slalu layan,5,6,positive
jos gandos,5,0,neutral
palsulowongan abal pas dateng langsung diporotin,1,8,positive
was aap sending,5,0,neutral
membantur,5,0,neutral
sip,3,0,neutral
rating,5,0,neutral
mahin surabaya,5,0,neutral
huh,1,0,neutral
mantap broooo,5,5,positive
mantuul,5,0,neutral
ak,3,0,neutral
oke bitlytiruterapkanjalankan,5,2,positive
tpi kadang susah ntuk bukaudh brbagai mcam aj bisa neg ntah knpa nihaplikasi sohai,5,0,neutral
,4,0,neutral
nice,4,4,positive
menbantu,4,0,neutral
binguuuung ahhhhh,5,0,neutral
sumpah nyesel download nyamau nyari info loker dapet panggil hoax,1,-11,negative
bantu cari kerja,5,2,positive
cool apps,5,2,positive
solusi baik cari kerja,5,5,positive
ko,3,0,neutral
komentar hilang in neg jelek,1,-2,negative
gn sehinga mudah masuk kerja,4,3,positive
buka bilang arah penginstalan penuh tahu neg install update milik versi terupdate mohon bantu terima,1,16,positive
kerja bagaiman,5,2,positive
buruk hapus,5,-8,negative
kren,3,0,neutral
bagus,4,2,positive
jos,4,0,neutral
ok josh,5,4,positive
for all job seeker i very understand how hard for seeking a job nowdays but you have know this this application help us find some chance for job and absolutely yes it work for filter some job vacancy you could filter that by yourself no mistakes this fiture and you have a responsibility for filter which valid or not hopefully you all are wise for give a rating and some comment this application is helping for find some job vacancy and you filter all of that thanks,5,8,positive
ok,5,4,positive
insya allah terima lamar pindah kerja,3,10,positive
nggak,1,1,positive
its very good,5,5,positive
bingung masukny,5,0,neutral
jelas neg banget,1,2,positive
help many people get friends and information,5,5,positive
simple,5,3,positive
lumayan,5,1,positive
nyata nonaktif baik,4,7,positive
jahenuja,5,0,neutral
nilai,5,5,positive
siif,5,0,neutral
guna bagus,5,3,positive
mas coba,4,2,positive
butuh neg,1,-5,negative
gw suka,5,3,positive
bs cari kerja,5,-1,negative
aps cs,5,0,neutral
coba,2,2,positive
baguuuuuus,4,0,neutral
snagt bantu,3,3,positive
baik fb lupa sndi langsung pkek lgi krn,3,7,positive
,4,0,neutral
asik si tulis,5,4,positive
,5,0,neutral
guna,4,1,positive
perna kilang nocikon malaysiaselangor,5,-3,negative
tingkat hubung teman,5,2,positive
representative tampil,5,1,positive
bagus cepat,5,5,positive
sgt mmbantu,4,0,neutral
good choice for us,5,5,positive
mantab,4,0,neutral
ribet,4,-4,negative
good job brother,4,5,positive
bagusmedia sosial profesionalhr jobseeker,5,4,positive
good,4,5,positive
manfaat uk profesional kerja informasiinformasi dunia kerja informasi business update,5,12,positive
bagus tambah jaring,5,8,positive
koi,5,0,neutral
,2,0,neutral
bantu cari info loker valid,4,-3,negative
jalur mudah sow we re tiule beaste bin jiu now eriale,3,0,neutral
buka notifikasi cari hasil neg baru,3,3,positive
ih,1,0,neutral
mantaaf,5,0,neutral
nonaktif,2,0,neutral
ambil vidio twrus jadi konten,1,-4,negative
susah paham,1,-3,negative
moga sesuai bintang,5,4,positive
nembantu,5,0,neutral
,4,0,neutral
moga guna,5,2,positive
bantu jaring luas dlm bidang usaha,5,10,positive
goog,5,0,neutral
mohon kembang aman palsu tipu lowong kerja situs tawar kerja datang keluar uang alas administrasi,1,-2,negative
semga slalu andal,5,5,positive
unstal tpi terdftr dri google play updatebuka,1,0,neutral
bagus bantu,4,5,positive
bagus,1,2,positive
coba klo bagus ntar,3,4,positive
mutu,5,3,positive
matah,5,0,neutral
bagus,2,2,positive
nayamul,4,0,neutral
ok manfaat,5,9,positive
mudah infor mas kerja terima linkedln,4,8,positive
jual mengotrakan rumahruko tanahpabrik inget amen indohouse,5,1,positive
bantu hidup hari,5,5,positive
gud,5,0,neutral
good lahh,5,5,positive
shoping,4,0,neutral
guna fb,5,1,positive
pernuh wawas kerja poll,5,2,positive
,4,0,neutral
terima buka geogle,5,5,positive
blanakan subamg,2,0,neutral
yoi,1,0,neutral
mantap mantap,5,10,positive
bagus klik,4,2,positive
best way sesrch job,5,0,neutral
bangsat posting loker tipu loker tipu bawa nama usaha aply lamar liat aply lamar,3,-1,negative
aman,3,0,neutral
manfaat,5,5,positive
bantu cari kerja,5,2,positive
informasi ada lokasi tanah area pergudanganpabrikasi rumah wilayah tangerang,5,9,positive
ooh,5,0,neutral
hemm,4,0,neutral
moga bantu pencaker,5,4,positive
bisa neg buka gabung gmail,1,-2,negative
oke laaah,4,2,positive
bom terap maximal,1,1,positive
terimkasih mudah cari kerja,5,3,positive
mencobah semogah manfaat,5,5,positive
butukan,3,0,neutral
jembatan sharing alam,5,1,positive
entar bagus tambai,3,2,positive
ap q ngerti maaf emg tau neg,5,-2,negative
makas,5,0,neutral
okay bismilah,5,4,positive
jelas neg,2,1,positive
ada neg tunjuk mereviso email lamar kerja,1,6,positive
saji informasi tera bdate,5,6,positive
,3,0,neutral
ko bbrp kli bisa neg,1,0,neutral
good linked,5,5,positive
bantu,4,3,positive
ora du dinlot kang,1,-3,negative
apl mantap bangat,5,5,positive
nggk diamods gratis diamods nggk,1,4,positive
flm forno film porno,1,-5,negative
ooo,2,0,neutral
ok,5,4,positive
ganti foto profil bisa neg loading sinyal lancar mohon baik,1,15,positive
,3,0,neutral
mantul jokk,5,0,neutral
,5,0,neutral
den dena mbak dila suri,2,-1,negative
aplikasi jelek,1,-9,negative
baguus,1,0,neutral
zez,1,0,neutral
is ok,5,4,positive
pakai pakai insyaallah nambah,2,2,positive
downld buka suruh buka uras kuota,1,-1,negative
,4,0,neutral
,1,0,neutral
ajar,1,1,positive
bom dalam fitur,4,4,positive
ngak tau alasana tolak lainpadahal data,5,-11,negative
bantu bangun relasi,5,6,positive
zip,5,0,neutral
naguu,5,0,neutral
bug bisa neg akses,1,2,positive
baikberguna,4,0,neutral
e,3,0,neutral
sip,5,0,neutral
puas kerja linkeddln,5,5,positive
ada neg,1,4,positive
jelek,1,-5,negative
masuk banget paswod god bye,1,-5,negative
ok sipp,5,4,positive
,4,0,neutral
bagus manfaat,1,7,positive
cek biodata alungajl rintis kemerdekaancilacap,2,-2,negative
kereen,5,0,neutral
ntaps,5,0,neutral
kembang karir bagus,5,5,positive
foto opooohakfjwidiwpqpmcnn jadi inna jnelasfs more news foto si manis jalan bdg nama band na,3,12,positive
,4,0,neutral
ok oce,5,4,positive
bagus mas,4,2,positive
bagus lengkap ptofesional,5,4,positive
,1,0,neutral
cari hasil umum ppdb sman cikarang utara bisa neg,4,1,positive
seve,5,0,neutral
ilmu cari kerja mudah,5,7,positive
cepat,5,3,positive
kadih ah,1,0,neutral
akurat,5,0,neutral
okedeh,5,0,neutral
,5,0,neutral
up,4,0,neutral
i like,5,0,neutral
susah mengaktipkan as neg,5,-3,negative
tau hasil,5,-1,negative
terbaikkk,5,0,neutral
bagus bangat ni,5,2,positive
oks,5,0,neutral
,4,0,neutral
hidup indah sentiasa syukur,5,10,positive
bantu cari kerja,5,2,positive
kadang mudah job via agency spt linkedln,4,7,positive
oiler crane barge east marine,5,0,neutral
bantu,4,3,positive
bagus,5,2,positive
makasih kaka,5,4,positive
mantul bener bro,5,3,positive
okok sahja,5,0,neutral
,4,0,neutral
nice for seeking the network,5,4,positive
nambah kenal hebat,5,3,positive
iadi pasu fod,5,0,neutral
mamtap,5,0,neutral
kepala produksi cor logam,5,0,neutral
ok banget,5,5,positive
lumayan,3,1,positive
driver,5,0,neutral
,2,0,neutral
layar,5,0,neutral
panggil,2,-1,negative
goblok nyesel gua download,1,-13,negative
,1,0,neutral
manteppp,5,0,neutral
perangkat desa,4,0,neutral
sngt mnunjang skli,5,0,neutral
very good,5,5,positive
gw butuh,5,-5,negative
bagus fi hack,3,-2,negative
bantu sya cari kerja,5,2,positive
bisa neg masuk nomor telepon tulisananda dapat neg masuk nomor telepon inikira aplikaai neg bawa uninstall duluhuuhhandphone samsung a,1,-3,negative
rwr maulana muhammad diri nkri diri the united nation pbb sunan tapaut hindia ones banker,5,2,positive
,2,0,neutral
,5,0,neutral
bagus banget bisnis,4,6,positive
good,5,5,positive
all right,5,0,neutral
suka,1,3,positive
bagus banget bantu,5,6,positive
,1,0,neutral
kelulus,3,0,neutral
oke,5,2,positive
good,4,5,positive
muas,1,5,positive
aalaa,1,0,neutral
up,5,0,neutral
apl nh penboong lg,1,0,neutral
force close isi sandi boss,1,0,neutral
tai ada neg gunanyapetunjuk aj nyambung neg dobol cm bikin pusing ngoprek jls neg,1,-5,negative
sip,5,0,neutral
,5,0,neutral
klu manfaat bru,3,5,positive
bagus cari kerja,5,1,positive
gooooooo,5,0,neutral
mantappppp,4,0,neutral
suka,5,3,positive
informasi job tki,5,2,positive
skype,5,0,neutral
gimana daftar,5,1,positive
lowong benar ragu mohon kroscek benar kelas usaha freeport check tipu,3,2,positive
mudah,5,4,positive
home at work,5,0,neutral
dagang porang,5,0,neutral
syukur,5,5,positive
kantol,1,0,neutral
bnyak,5,0,neutral
thats why we need is a special day,5,2,positive
,3,0,neutral
mauza,1,0,neutral
nice sgt guna thanks,5,8,positive
,3,0,neutral
kene sabung wafi upadte,5,0,neutral
ok,5,4,positive
bagus tingkat,4,3,positive
bagusbanyak koneksi dapat bantu cari lowong kerjatpi bsa neg masuk non aktif otomatisapa salah tolong info,5,-1,negative
kamers tembus pandang,5,4,positive
sangan suka,5,3,positive
daftar sekolah knp loker kerja,1,6,positive
bisa neg loading new page baik rating for the respon,5,7,positive
suka panggil gadis kota,5,1,positive
jelas neg iklan sampah,1,-3,negative
emang jelek bagus,4,-3,negative
ff,5,0,neutral
nice one,5,4,positive
bagus,5,2,positive
tuju,4,3,positive
mw kayak bagus bantu butuh uang,5,-3,negative
daunload sakit perud,4,-5,negative
,4,0,neutral
bantu bisnis jasa service ac,5,10,positive
tolol goblok kambing anjing adakan tolol doa kaki patah tangn biar buat neg tolol aminnnnnnnn,1,-25,negative
layan,5,2,positive
adsz,5,0,neutral
bagus aplikasih,5,2,positive
love love linkend,5,10,positive
tibatiba susah,1,-3,negative
mntab,5,0,neutral
baik,5,3,positive
suka,4,3,positive
,3,0,neutral
info lowong kerja ada neg hasil,1,6,positive
trey dl klu ok,2,4,positive
biar karna bukti,5,-2,negative
mudah mudah job,5,8,positive
connected profesional all arround the world,5,0,neutral
terima bantu,5,5,positive
mudah simple,5,7,positive
bagus oke,5,4,positive
good jobs,5,5,positive
gbo,5,0,neutral
,5,0,neutral
sman tangerang kota,1,-1,negative
batu,5,2,positive
tipu,2,0,neutral
wiwin,5,0,neutral
anjing bangsat tipu loklau hpus bikin darah pkokx jgan ad instal jamin psti nyesal sumpahh,1,-14,negative
an katnya banjak fb,1,0,neutral
alam taxi rubah nasib grabcar,5,2,positive
rugi hari mendownload bisa neg upload foto bisa neg nambah temangak upload foto propil,1,1,positive
bagus bantu,5,5,positive
bagus neg,1,2,positive
ajar dl,3,1,positive
intensif buntang,2,-2,negative
gin bantu,4,3,positive
,5,0,neutral
layan muas,5,7,positive
suka,1,3,positive
akreditasi standar nilai,5,0,neutral
banget nge downdlod jam selesai neg selesai,5,5,positive
vitmate,5,0,neutral
mambantusukses,5,0,neutral
dermo,2,0,neutral
bagus banget memuaskn terima bos ku,5,8,positive
very informative,5,0,neutral
kerja bawa mesin,5,3,positive
soalx nnti klo da lantik paman,3,3,positive
bagus aki tambahin mya,1,2,positive
bagus kali,5,2,positive
jancokkkk,5,0,neutral
oohhh,4,0,neutral
,5,0,neutral
ptmegariamas sentosa juni september pt panchadharma sentrabhakti oktober november alasanya henti neg tutup konnter habis kontrak,5,2,positive
coba,4,2,positive
bagus bangat sosial,5,6,positive
manfaat,4,5,positive
main bagus,5,4,positive
coba,5,2,positive
takuongtanah,5,0,neutral
bantu neg,1,3,positive
bantu,5,3,positive
of,5,0,neutral
mantep,3,0,neutral
kagum,5,3,positive
puas,5,3,positive
mudah,5,4,positive
go,5,0,neutral
mantafff,5,0,neutral
klw gacor,3,0,neutral
prestasi tentu posisi,5,-3,negative
hasil kasi,3,0,neutral
bantu,5,3,positive
gabung bln,5,-5,negative
nyoba ksh,4,0,neutral
menginstal tips tips erti terimakasih linkedln moga maju amin,5,19,positive
pengalamnan pkl bln kantor bppd serang banten,4,-4,negative
toop,5,0,neutral
asyiap,5,0,neutral
daftar kerja,4,3,positive
maka man,4,-1,negative
susah ndowload,3,-3,negative
brusor bisa neg ni,5,0,neutral
bagus aplikasi skill ubah rekomendasi bikin iri haha,4,-7,negative
spammmmmm,1,0,neutral
uji,1,1,positive
,1,0,neutral
ubah atur seleksi terima siswa dg sistem zonasi rurut hasil sdm kwalitas rendah,1,-2,negative
kasi bintan bagus tamba bintanya,2,-1,negative
,1,0,neutral
respec,5,0,neutral
mantap pol,5,2,positive
,1,0,neutral
siiippp dachhhh,5,0,neutral
pesan bayar,1,3,positive
aplikasi tampil maaf salah mohon baik,1,0,neutral
anu,5,-3,negative
bantu kerja info loker,5,2,positive
rumah tangga,5,3,positive
downlod ngak tau aplikasi bagus,3,-6,negative
good luck,4,9,positive
bisa neg nama salah pdhl nama asli,1,-2,negative
aplikasiny tlg tingkat,3,4,positive
bagus sekaliii,5,2,positive
jelek sesuai postingan palsu menginfokn open recruitmenmohon kenltentuan individubadan usaha id valid ada neg id sembarang menrungikan,1,-4,negative
simontok,1,0,neutral
gw suka neg mendi pergi bangsat,1,-1,negative
masalah sulit pasuk nomor kode sandi,5,-5,negative
aplikasi bagussss,5,-4,negative
bagus,1,2,positive
hai admin tolong tambahin kolom nama,5,6,positive
apl monyet,1,-3,negative
hobi nonton,5,0,neutral
tai masak download suruh daftar trus jls neg bgst bukti robot neg verivikasi ribet ah tai,1,-16,negative
tele,5,0,neutral
pnsdoakan,5,0,neutral
,5,0,neutral
profesional,5,0,neutral
tester,5,0,neutral
mmbntu dgn,5,0,neutral
mantap bos,5,8,positive
loker usia max dapet,5,2,positive
bantu cari kerja,5,2,positive
bagusss,4,0,neutral
vidhot,5,0,neutral
puas,4,3,positive
nice,3,4,positive
mo,4,0,neutral
sadtiryah denny,5,0,neutral
konyol,5,-3,negative
bisa neg baru status koneksi muncul terang maaf salah refresh status pemberitahuan koneksi bagus,2,6,positive
smoga bhong neg,5,0,neutral
aktip,5,0,neutral
wae,1,0,neutral
alam,3,2,positive
,1,0,neutral
terimakasih moga lancar giat,1,10,positive
moga mudah akses,5,7,positive
sipp,5,0,neutral
suka,2,3,positive
enak pake cangkeme,5,5,positive
bin gan,3,0,neutral
yowes sip,5,0,neutral
lagintah,1,0,neutral
kuy,5,1,positive
batu karna tau prosedur daftar,5,-5,negative
sukses li inspirasi dalam,5,3,positive
good apps for looking an opportunity,5,5,positive
off,5,0,neutral
so good,5,5,positive
pasang,5,4,positive
aq nyoba bagus nnti neg aq comen,4,2,positive
elika,5,0,neutral
anjing daftar bisa neg kli jgn asalasalan,1,-3,negative
goog,4,0,neutral
hasil kasi,2,0,neutral
alam linkin,5,2,positive
terima,5,2,positive
loding nginstal jalan neg memori penuh neg tetep loading bisa neg data ku isi nyala tolonv,1,1,positive
please add copy and lite i need thats,3,-3,negative
klu masuk fb,3,-3,negative
moga bantu ksih,5,4,positive
lowong kerja koki,5,2,positive
info kegurua cpns,5,-3,negative
sanggar bantu,4,3,positive
buka gmail bisnis sajakarna nilai,5,11,positive
civil supervisor,5,0,neutral
sanggat bantu karir,4,3,positive
cepat update,5,3,positive
pacu,5,0,neutral
aplikasi bagus,5,-2,negative
nyoba kolo bantu,4,3,positive
taiikkkkk,1,0,neutral
operator lantai bor smpai sumatra jambisekarang ptkugup narama umpul area tambang ptfitembaga pura timika papua operator loder h h,3,1,positive
anjir boongan jgn download,1,1,positive
haheho,5,0,neutral
guna jalin relasi,5,4,positive
lhh klo hasil ny bagus full ny,2,5,positive
selamat sore daftar negeri cibinongbagaimana bu,5,6,positive
apik,4,0,neutral
oke bagus,5,4,positive
semangat berkarir men esuaikan zaman mudah dgn smoga bisamnambah wawas sukses,4,11,positive
mudah cari ajar,5,2,positive
jos,3,0,neutral
mantap jiwa,5,5,positive
nyoba,1,0,neutral
bagus,5,2,positive
good,5,5,positive
bagusssss,5,0,neutral
jelek banget,1,-4,negative
baguuss ajar,5,1,positive
moga bermanpaat,4,1,positive
bayar dbikin susah,1,-2,negative
,3,0,neutral
,2,0,neutral
gooooddd,5,0,neutral
content luar job vancany,4,0,neutral
joss,5,0,neutral
moga hasil,5,4,positive
mantap sekaleei,5,5,positive
alam cari alam,2,1,positive
bagus aplikasi,4,-2,negative
manfaat,3,5,positive
bantu,3,3,positive
bantu cari kerja,5,2,positive
,5,0,neutral
lumanyan,3,0,neutral
layar,5,0,neutral
hikmah,1,2,positive
klo ok sya lg,3,4,positive
manfaat,5,5,positive
banget,3,1,positive
tesss,5,0,neutral
guna bangun karier sahabat,4,5,positive
results,5,0,neutral
terimakasih bantu,4,8,positive
asiaap,5,0,neutral
halo kabar,4,3,positive
,1,0,neutral
coba,5,2,positive
bagus membantumenambah teman dunia,5,3,positive
lengkap bantu,5,5,positive
erti,1,2,positive
klu bagus aq bointag,3,2,positive
hot film,5,-4,negative
info manfaat,5,2,positive
kasi,5,-3,negative
mudah,5,4,positive
mudahmudahan suksus,5,0,neutral
bagus kash lgi,2,2,positive
manfaat km,4,5,positive
,5,0,neutral
testing,4,0,neutral
bener bisa neg nyadap sms,1,3,positive
dfi,4,0,neutral
sip,1,0,neutral
ok,4,4,positive
good performance,4,5,positive
,4,0,neutral
irsya,1,0,neutral
tolong admin baik posting gagal jaring full kecewa tolong baik mohon apps bantu saudara butuh terimakasih,1,16,positive
erti,5,2,positive
gua nilai,2,2,positive
ad neg,5,0,neutral
telek,5,0,neutral
zhendy styawan,5,0,neutral
sib,5,0,neutral
adi,5,2,positive
mantap aplikasih,5,5,positive
pakai,5,0,neutral
kece hasil canggih,5,8,positive
lansung penuh kasih kasih kau doa biar mendownload minecraft pe gratis,5,13,positive
bagusbuntuk main ml ranked,1,2,positive
baguss full ny,1,0,neutral
x jam bisa neg smentara aktif neg linkedln tolong aktif kali ganti password mohon direspon makasih,1,16,positive
biaya kulia stikes abi tahun,5,2,positive
mohon info loker linkedln filter benar guna nyaman cari kerja moga kembang terima sukses,4,14,positive
oky magdalena,2,0,neutral
aplikasi bagusss mantappp cari loker,5,-7,negative
puri,3,0,neutral
kerja keras fokus depan hidup hidup,5,9,positive
jelas neg,1,1,positive
kassa men,5,0,neutral
karan download tau neg gimana isi,1,-2,negative
nanty klw bnr ksh,3,0,neutral
memberikn informasi sangt manfaat dn,5,7,positive
,2,0,neutral
bagu,5,0,neutral
cobaa,4,0,neutral
bantu,5,3,positive
go,4,0,neutral
bagus,3,2,positive
simotok,5,0,neutral
mbuh,5,0,neutral
a connecting,5,0,neutral
bagus tambah jaring,5,8,positive
jejang karir,5,0,neutral
join,4,1,positive
klo dah dpt kerja sesuai dg kriteria suami,2,2,positive
gijil,1,0,neutral
pt tor ganda staff uang alam organisasi individu kelompok,5,-3,negative
tf this apps is on my phone,1,0,neutral
asyekkkkk,5,0,neutral
dear tolong berantas lowong palsu masak kelas lowong resmi neg official lho lowong bohong malu neg,2,3,positive
bantu yaatrmkasi,5,3,positive
helpfull thanks,5,3,positive
apl,5,0,neutral
nambah wawas rekan teman,4,4,positive
ribet msu masup ny,1,-4,negative
oke muda mudah bagus,5,6,positive
mitra bagus,4,4,positive
cobaa dulubagus,3,0,neutral
,3,0,neutral
berjuangterus,5,0,neutral
bantu trimakasih,1,7,positive
mbar ff yuk,5,4,positive
terima bantu,5,5,positive
good for search job,5,5,positive
aq z,3,0,neutral
ngetes ni benar,1,2,positive
kaloe emang best entar,2,0,neutral
tampil manual otomatis,2,4,positive
siip,4,0,neutral
ok sip,5,4,positive
oce oce,5,0,neutral
li,5,0,neutral
selamat suci maaf besar,1,15,positive
moga sukses,5,4,positive
bahasa jawa pentingkarena bahasa khas budaya jaga lestari,4,2,positive
sayah hidup dunia,5,3,positive
sungguh,3,4,positive
oke boss,5,2,positive
ok baanget,5,4,positive
bagus kreatif,4,6,positive
good apps,5,5,positive
gampang cari kode,3,-2,negative
krn coba klu bagus nnti tambah bintang,3,7,positive
mantapppppp,5,0,neutral
allahuakbar,5,0,neutral
,3,0,neutral
sgt bantu zc,5,3,positive
manfaat mudah informasi lowong kerja akurat,5,13,positive
simple and easy,5,3,positive
insyaallah bantu,5,5,positive
mantap,5,5,positive
bagus boss,5,2,positive
oke banget,5,3,positive
nice share your job,5,4,positive
okk,5,0,neutral
suka neg,1,3,positive
bagua,5,0,neutral
mantap info,5,2,positive
cari kerja,5,-1,negative
supervisor cvbintan harap,4,3,positive
susah uninstall,1,-3,negative
byk bajak email,2,-4,negative
lulus s teknik mesin usu cargill tropical palm production supervisor alam posistif usaha,5,4,positive
,5,0,neutral
puas,3,3,positive
is the best,5,0,neutral
relasi bisnis,5,6,positive
senang aplikasi manfaat,5,6,positive
,4,0,neutral
lumayan bagus,2,3,positive
moga posisi,5,1,positive
bantu promosi corporate ami,5,3,positive
suka linkedln,1,3,positive
kereen,4,0,neutral
is the good,5,5,positive
very very very good,5,5,positive
lumyan bantu cari kerja,5,2,positive
dlm,5,0,neutral
suka,4,3,positive
bagus mesti bukti,5,-4,negative
nyobain,2,0,neutral
tolong update loker pisah,4,0,neutral
moga ber inovasi,3,5,positive
good aplication,5,5,positive
cobabulu,1,0,neutral
mantav,5,0,neutral
joss silaturahmi,1,0,neutral
fahrulrozi tamat kuliah universitas sumatera utara fakultas ilmu sosial ilmu politik jurus administrasi bisnis asurance bni life bancassurance spesialys pic asm area banda aceh pt prop raya icc kick koun area banda aceh sigli bernuan meulaboh pt mayora head office area lhokseumawe,5,16,positive
its really very good,5,5,positive
seeep,5,0,neutral
,5,0,neutral
kah,2,0,neutral
,5,0,neutral
okeeeeeee,3,0,neutral
id,4,0,neutral
bagus tingkat sllu update linkendin,5,3,positive
oke,5,2,positive
bantu,5,3,positive
job apl,4,0,neutral
of course,5,0,neutral
not bad,4,-4,negative
suka dukanyasemua jalannyasemoga ladang pahala,4,1,positive
moga partner,5,1,positive
god jobs,5,0,neutral
moga bermampaat bantu kembang bisnis,5,10,positive
foo,5,0,neutral
god job,4,0,neutral
nice,5,4,positive
buka bantu hubung dunia hebat unggul,5,8,positive
wakil ketua dprd abes sd,5,0,neutral
bagus membanhun jaring,5,5,positive
goods,5,0,neutral
wou,5,0,neutral
tuban,3,0,neutral
duh,1,-4,negative
keren,2,0,neutral
goid,4,0,neutral
nnti klw bagus tmbahi lgi,2,2,positive
good bantu,5,8,positive
mula bagus,3,-1,negative
aplks brengsek,1,-5,negative
bantu,5,3,positive
manfaat nambah silaturahmi,4,5,positive
jelas neg bisa neg masuk bikin habis kuota,1,-1,negative
guna,1,1,positive
okeh,5,0,neutral
suka,5,3,positive
harap trims,4,7,positive
sip,3,0,neutral
gagal mulu,1,-2,negative
coba broo,4,2,positive
be good better,5,7,positive
for job,5,0,neutral
it may connect my networks,4,0,neutral
mengupdate ubah,5,0,neutral
hubung perangkat android hubung ponsel hubung facebook boss ku,5,3,positive
loading forever,2,0,neutral
,2,0,neutral
good for new job,5,5,positive
,5,0,neutral
pegawai swasta,1,3,positive
buang iklan hp,5,-3,negative
cocok capai jalan cepat,5,11,positive
maksa,1,-5,negative
perna,5,0,neutral
bagus tpi klau bnar mantap asli trus langkah sulit neg,4,13,positive
,5,0,neutral
mantaptapi tingkat jaring sayasupaya cepat dgn anggota,5,4,positive
monyet,5,-3,negative
bagus lancar,5,6,positive
informasi loker relasi dapat,5,7,positive
kelas,5,-3,negative
memposting loker bohong rugi juta kerja aplikasi,1,-10,negative
i like is the aplicasion,5,0,neutral
parmank bocah,3,0,neutral
lamar bisa neg kirim mentok harap tunggu sampe hari tunggu bisa neg kirim status harap tunggu,1,8,positive
nama kurang fan klebihan urus kerja atas mausia usaha allah tentu terima ass wr wb,5,0,neutral
nyoba,3,0,neutral
i feel unhappy because i cant even though i already have an account,1,0,neutral
mantap bantu,5,8,positive
tai langkah aman guna neg bikin huuu goblok,1,-5,negative
,5,0,neutral
nganggur,1,-3,negative
amat membantuthanks,5,4,positive
,5,0,neutral
tambah fitur live streaming mantap tunggu updatetan baru,4,12,positive
kebun kelapa sawit pma pt rea kaltim plantations group owner london inggris jabat askep estate tepi,5,-11,negative
bagus,5,2,positive
bagus,4,2,positive
anak,5,-3,negative
bantu cari kerja,5,2,positive
sebenernya loker cuman info doang,2,-1,negative
planet,5,0,neutral
,4,0,neutral
bantu jalan bisnis,5,6,positive
mutu neg tai,1,-2,negative
jelek,1,-5,negative
try furst,4,0,neutral
bantu bentuk jaring bisnis informasi dunia,5,16,positive
lumayan,4,1,positive
gabung,3,-5,negative
diupdate,1,0,neutral
,5,0,neutral
donwload,1,0,neutral
mantaf,4,0,neutral
tunggu ada neg tambah bintang,4,8,positive
,4,0,neutral
,5,0,neutral
ok pas bangetsangat optimal,5,7,positive
mantap sngt mmnbtu temu arng knl neg teman,5,7,positive
cook banquet,5,0,neutral
aduuhh plisss recaptha robot apaanaku uda bener masukin sandi nyakenapa sulit,1,3,positive
film prima judul jampang,5,6,positive
no comment,5,0,neutral
opertor batching palnt pt prafik mus gemilang operator batching plant ptholland ballast thiess join operation operator batching plant ptagro cecker material ptleighton contractors indonesia projeck ccdt cikampek cirebon ouble track sigmen tekhnisi labbeton lapang ptunggul beton remikon operator wheel loader ptpionir beton,5,0,neutral
yups,5,0,neutral
informasi komunikasi bisa neg pisah sosmed moga,5,2,positive
ankut barang bahan bagunan,5,-3,negative
klo ok,3,4,positive
tolong loker,5,3,positive
mudah mudah dukung performa kerja hp,4,14,positive
ok punyaa,5,4,positive
bagus keren sangatbagus,5,2,positive
,2,0,neutral
ok joss,4,4,positive
sngt suka,5,3,positive
wajib samsung guna neg bisa neg hapus,1,-4,negative
noted,5,0,neutral
,4,0,neutral
i do not like this,2,0,neutral
kerjasamanya,4,0,neutral
lihat dlo,3,3,positive
bantu cari loker kerja,5,2,positive
bagus sampaikanmenurutku,5,2,positive
bagustapi muncul salah tolong abai bisa neg apdet koneksi sayatrims,1,-1,negative
bagus genep bagus tolong bener aplikasi bagus,4,8,positive
,5,0,neutral
klo ok ksih smua,3,4,positive
email masuk tulis nonaktif linkedinpdhl email aktiftolong bantu,4,0,neutral
manfaat aplikasinyamembuat jaring mudahmemudahkan cari lowong kerja,5,7,positive
,5,0,neutral
ux,3,0,neutral
no coment baguzzzz,5,0,neutral
bantu kerja,5,5,positive
okey,2,0,neutral
aj,1,0,neutral
dulue nantik emang sukses aq,4,3,positive
perbaikanuntuk tunjang fungsi,2,3,positive
,5,0,neutral
bantu bagus,5,5,positive
mantab,3,0,neutral
yusuf ganteng,1,4,positive
,3,0,neutral
oi baa ko aa ko buruak bana dak buka,1,3,positive
gogood,5,0,neutral
moga untung,5,4,positive
ruqyah,5,0,neutral
asik info mambagun liat kembang biar buntang,3,3,positive
excellent,5,0,neutral
mall boemi kedaton lampung,5,0,neutral
lh,5,0,neutral
like this,5,0,neutral
,3,0,neutral
rusdi boneka,5,0,neutral
suka banget,5,4,positive
good application,5,5,positive
,4,0,neutral
mantul,5,0,neutral
subhanallah,5,0,neutral
whatsap,5,0,neutral
mecoba,2,0,neutral
indonesia,5,0,neutral
luas networking sharing knowledge,5,6,positive
bismillah,3,4,positive
mantulll,5,0,neutral
ok mantab,5,4,positive
kasi cari kandidatoke skebanyakan pintanah kali modal alam manaitu bantu bayak neg teorismk contohkalo merwka alam kenapaharus sampe diplomatyah ajabuat buka lowongankebanyakan php,5,2,positive
tau,3,-4,negative
coba,3,2,positive
aplkasi bagus,5,2,positive
bisnis bidang rajin tangan bambu kayu,5,5,positive
keren banget dahtopppppp,5,1,positive
please increase the number of job openings the application advice must be even tighter due the many fraudulent companies the application,3,-3,negative
bisa neg masuk,2,-3,negative
mudah usahawan cari kerja,5,3,positive
detil maksimal,5,3,positive
coal q bpak,2,0,neutral
seru,3,5,positive
makas abdet baharu lancer,5,0,neutral
tutup account verifikasi neg benar account laku neg langgar upload larang policy promosi market pengaruh quality guaranty,1,0,neutral
,5,0,neutral
bermanf at,5,0,neutral
yes mantap,5,8,positive
goods,5,0,neutral
good i hope i can find a good job here,5,10,positive
bagus,4,2,positive
ngerti gmn pake tanks,3,1,positive
kemarin datangin lowong kerja linkedln pas datang kantor calo bsa salur bayar uang jt tuju mbayar butuh kerja anggur kerja janji sesuai domisili tawar kerja luar domisili beda janji awaldan seperti neg cantum iklan linkedln,1,2,positive
well,5,0,neutral
kerja ininamun bs tambah koneksi pasti guna,4,11,positive
lawas,5,1,positive
informasi lowong kerja informasi,5,6,positive
smg manfaat,5,5,positive
bongak,1,-5,negative
good very helpful please make it more improved again the future thank you so much,5,6,positive
great,4,3,positive
greaatt,5,0,neutral
ku,4,0,neutral
keren lihat kerja negeri,4,5,positive
bagus bermanpaat,5,2,positive
pengembng rakus laut low x gagal,1,-4,negative
trimakasi linkedln bantu,5,3,positive
bagus bangun jaring,5,5,positive
lihat,4,3,positive
pokoke mantaazazaaaaaaappp,5,0,neutral
joss,4,0,neutral
moga kerja baik,5,6,positive
,5,0,neutral
jalan hdup bkn apa,3,-3,negative
pulih mail prangkat hubung,5,1,positive
susah,2,-3,negative
hay,5,1,positive
aj,5,0,neutral
,4,0,neutral
tambah wawas alam bagi informasi perihal kerja,5,11,positive
nh,4,0,neutral
mantap sagat detail peluwang kerja,5,9,positive
,5,0,neutral
mantab,5,0,neutral
selamat gabung,4,0,neutral
iping,5,0,neutral
yuo,3,0,neutral
mudah berkarir,5,4,positive
top markotop video dishare dpt download trims,4,9,positive
operasional,5,0,neutral
good apl,5,5,positive
,4,0,neutral
bagus relevan,5,2,positive
profesional solid surface tangerang indonesia,5,0,neutral
biar lbih pinta hp,5,1,positive
beautiful beautiful,5,0,neutral
matap,5,0,neutral
piping supervisor,5,0,neutral
professional is linkedln,5,0,neutral
ok,5,4,positive
bagus,5,2,positive
success,5,0,neutral
wuuss wussss,5,0,neutral
status informasi,5,2,positive
cakep,5,5,positive
bagus,3,2,positive
bagus bantu,4,5,positive
,2,0,neutral
linkedln bisa neg buka solusi,4,6,positive
teknikal manager factory,5,0,neutral
ksih,5,0,neutral
ngabisin kuota doank bisa neg masuksumpah kecewa,1,-2,negative
baguuuuus,5,0,neutral
jancok terima,5,2,positive
vendor pttpse buat part part tankvessel assembling tank standard,3,1,positive
mantap banget bantu galan,5,9,positive
mudah mudah lancar amiiiin,5,12,positive
gg mmbantu,1,0,neutral
buka langsung install,1,6,positive
ok,5,4,positive
tai bisa neg gunakang goblok katasndi aplikadi ai tai snjing,1,-15,negative
kenal,5,3,positive
bismillah,5,4,positive
daftar mulu,1,3,positive
ok tanks,4,4,positive
hang feed hilang,3,3,positive
keren bantu,5,3,positive
,5,0,neutral
bagus,3,2,positive
sephh,4,0,neutral
suka linkendln,4,3,positive
,4,0,neutral
bom,5,1,positive
baharu mulu,1,2,positive
good,5,5,positive
uuf,5,0,neutral
baguus,5,0,neutral
berani tampil,5,1,positive
siipppp,5,0,neutral
mantap,5,5,positive
mabii,5,0,neutral
a gs h,5,0,neutral
yoba,4,0,neutral
lambat mendownloadnya,3,1,positive
ni,5,0,neutral
bantu proud,5,8,positive
quick n fast response,5,0,neutral
etc,3,0,neutral
bagus next,3,0,neutral
tas klo bagus entar tambah,4,5,positive
nice for exploration and mining information,5,4,positive
bokep jepang,5,-5,negative
bantu dlm cari kerja,5,2,positive
coba,1,2,positive
sherly,5,0,neutral
dounlod bisa neg,1,0,neutral
,1,0,neutral
bagus,5,2,positive
conecting people,5,0,neutral
lutut depan mahat magandihe,5,-2,negative
mudah julo bantu renovasi rumah,3,14,positive
bagus jujur profil,5,6,positive
smoga bantu,5,3,positive
manfaat informasi,5,7,positive
dasar z zx,2,0,neutral
,2,0,neutral
hay adminmoderator thank for your attention my complaint why i cant access but as my connection is so well i hope youre fixed that thanks,1,6,positive
mudah cari alam kerja banyak teman,5,8,positive
mntul,3,0,neutral
good luck,5,9,positive
asisten maintenance supervesor mekanikal enginering,5,0,neutral
nyobav,5,0,neutral
kabar gembira solusi harmonis pasutri masyarakat kota bandar lampung klinik obat alternatif bpk abdul azis asing neg keahlianya obat perkasa pria jantan keluh obat layan keluh pria wanitabagi yangkurangjantan putar alat vital solusi klinik obat bpk abdul azisbagi pria milik ukur penis panjanganda tentu lingk,5,2,positive
simak,5,3,positive
sungguh bagus,5,6,positive
terima bantu kerja sesuai alhamdulillah usaha nama,5,16,positive
exelence,5,0,neutral
edukatif and informatif siiip,5,0,neutral
i think this is place who care important about job,5,2,positive
ribet,2,-4,negative
good for refrence,5,5,positive
bisa neg buka yh,3,3,positive
info lowong kerja,5,-1,negative
ribet linkedln masuk susah paswod,1,-10,negative
property,5,0,neutral
bantu,5,3,positive
bagus sich kemarin bisa neg posting guna yg neg aneh,5,7,positive
bagus,5,2,positive
kelas,5,-3,negative
good idea,5,5,positive
operator,5,0,neutral
sat kerja gua dah,1,-4,negative
ok,5,4,positive
bissmillah,4,0,neutral
bantu sukses,5,6,positive
coba asik aplikasi neg oke linkadln,2,4,positive
,5,0,neutral
bantu akses web linken,5,5,positive
ku tulis china update store playstore neg akhcoba nonaktif hapus versi model,5,0,neutral
mula,3,-3,negative
mantap bantu,5,8,positive
moga beri kerja servis kompor gas,3,0,neutral
mantapp,5,0,neutral
sederhana,2,3,positive
menang kalah,4,0,neutral
oky,5,0,neutral
thr your program,4,0,neutral
bal,5,0,neutral
mantap,4,5,positive
lumayan bagis,2,1,positive
,3,0,neutral
kenal luas,2,6,positive
godd,5,0,neutral
perfectg,5,0,neutral
bantu,5,3,positive
cari teman banyak,4,0,neutral
keren,5,0,neutral
bagus bangun jaring,5,5,positive
applikasi cepat,5,3,positive
bagus ny neg,5,2,positive
tetew,5,0,neutral
ajar,4,1,positive
easy use good for search any jobs,5,5,positive
good social media,5,5,positive
i can find new job by linkedln,4,0,neutral
blokir,1,-3,negative
bagus ktm tmn info loker mudah,4,3,positive
layan bagus guna marketing,5,5,positive
tapmantap,5,0,neutral
kes informasi dalam,5,8,positive
good jobbaru nyoba,3,5,positive
bs cari,1,-3,negative
bisa neg coment sm translate muncul beranda,1,2,positive
huff,4,0,neutral
ok dehhnya linkedln ok lh,3,8,positive
nnib,5,0,neutral
ntar dapet kerja ku tambahin,3,4,positive
nyobain,3,0,neutral
kerja linkedln info gansist,2,-1,negative
i love it,5,5,positive
mudah muas,4,9,positive
info akurat terima,5,-1,negative
susah masuk,1,-6,negative
bantu bianis,4,3,positive
,3,0,neutral
good application for next generation,4,3,positive
coba,2,2,positive
trima,5,1,positive
xxu,2,0,neutral
super,5,3,positive
bantu promosi,5,3,positive
berkommunikasi teman,5,0,neutral
bantu cari kerja,3,2,positive
bangun relationship bidang profesi kerja,5,2,positive
expert,5,0,neutral
,3,0,neutral
nnti ksh klw uda,2,0,neutral
tolong filter lowong kerja jelas neg tolong lihat detail usaha check benara akhirakhir marak tipu oknum tanggung neg pasang rekomendasi linked job search alami tipu,2,15,positive
cari lowong kerja lihat,3,2,positive
oky,1,0,neutral
update up date kalah minum obat,1,-10,negative
suka sulit masuk,5,0,neutral
suka banget,5,4,positive
mantabbb,5,0,neutral
goodis,5,0,neutral
never give up,5,0,neutral
manntap,5,0,neutral
harga,5,3,positive
bagus banget,1,3,positive
bagus mudah aplikasi dukung,5,6,positive
semangat juang,5,7,positive
aplikasih memuaskn,5,0,neutral
bagusss,5,0,neutral
aplikasih dukung informasi akurat,4,6,positive
mantap lanjudkan,5,5,positive
kerja pt star cosmos,2,2,positive
love li,5,5,positive
nge friends,4,3,positive
,1,0,neutral
moga membantudan tolong hapus ingat perusaahn menipumasih usaha tipu dsni,5,4,positive
mantap bamyak relasi,5,8,positive
senang hubung frofesional hebat,4,6,positive
bantu inspiration,5,3,positive
,5,0,neutral
khontolll,1,0,neutral
tai krgunaannya,4,-5,negative
hubung,5,1,positive
thank you linkedinaplikasi senang bantu hidup keluarga thanks,5,21,positive
good apps,5,5,positive
appnya mantap,4,5,positive
,2,0,neutral
smoga bermamfaat,4,0,neutral
kalah lieur,1,-7,negative
dawafh,3,0,neutral
knpa daftar gin payah ah,1,1,positive
baguss jossss,1,0,neutral
nyoba,3,0,neutral
goodgoodgood,5,0,neutral
gabung,5,-5,negative
,2,0,neutral
alam awas lapagan produksi,5,6,positive
soezar,5,0,neutral
cba,1,0,neutral
,2,0,neutral
mudah fitur,5,4,positive
bantu,3,3,positive
tambah tks,3,3,positive
l like,5,0,neutral
,2,0,neutral
bysa bysa,1,0,neutral
its good,5,5,positive
keren,2,0,neutral
nanya namax cari kerja nganggur,1,-5,negative
anggota profesional tugas kerja buka bantu tangan,4,5,positive
alam,4,2,positive
idont know whats fiil,3,0,neutral
karna manfaat,2,5,positive
i love you sheikh hamdan,5,5,positive
dulumoga amanah kuat,4,7,positive
guna,1,1,positive
cinta,5,3,positive
pakai setelahnyamoga manfaat,4,5,positive
nyoba dl,4,0,neutral
mudah hubung,5,5,positive
,5,0,neutral
no pain no gain,5,0,neutral
,4,0,neutral
,4,0,neutral
good jop,5,5,positive
busuk,1,-5,negative
maksa baharu,1,-5,negative
r bokep,5,-5,negative
,1,0,neutral
klinik obat alternatif bpk abdul azismelayani keluh pria wanitabagi jantan putar alat vital solusi klinik obat bpk abdul azisbagi pria milik ukur penis panjanganda tentu lingkar cm cm cmpanjang cm cm cm cm cmdan hasil permanen jamin aman efek neg sampingmetode obat urut alami ramu tradisional herbal bantu doa,5,-7,negative
wre air brawijaya supervisi tol road,3,-1,negative
bagus,5,2,positive
tau neg guna,5,-3,negative
seru,5,5,positive
quality control laboratory,5,0,neutral
mo,5,0,neutral
best news work,5,0,neutral
jgn lupa tanggal april pilih prabowo sandiaga salahudin uno,5,-5,negative
,4,0,neutral
tesssterrrr,3,0,neutral
mantul mantep,4,0,neutral
dagang kaki gimana spy dagang laris,3,0,neutral
,3,0,neutral
m,3,0,neutral
tambah relasi silaturrahmi,2,6,positive
moga mantap,3,6,positive
bagus,5,2,positive
,1,0,neutral
setijuhui,5,0,neutral
manfaat dunia kerja keep it up,4,8,positive
tau dpt kerja disiniaminnn,3,-2,negative
cari job,4,-3,negative
good apps i like it,5,5,positive
lowong kerja hr,3,2,positive
kirim barang wahana express wonoayu,5,2,positive
,4,0,neutral
linked ok,5,4,positive
entar tambah kl bagus,3,5,positive
,2,0,neutral
,3,0,neutral
saye kasi ntar kalok saye lancar maksimal tambahin okey good nice,3,13,positive
,2,0,neutral
oke oje,5,2,positive
lumayan simple tarik mna lowong kerja amin,5,11,positive
mbohlah bingung,3,0,neutral
okee,3,0,neutral
lumayan bagus kenal broker negeri,5,3,positive
coba duluthankss,4,2,positive
nambah bintangx,2,0,neutral
dl kl ok br br psng apl,1,4,positive
sllu kalah inggin rasa menang,5,-2,negative
,3,0,neutral
bisa neg pasang foto profil,2,7,positive
learner,5,0,neutral
bantu aktivitas kenerja,2,3,positive
hei shbt smualam kenal,3,3,positive
mahasiswi,5,0,neutral
,2,0,neutral
elok,5,0,neutral
keren hubung,5,1,positive
maek,5,0,neutral
proyek konstruksi baja desain besi,4,4,positive
ox moga tambh ilmu,5,5,positive
dear team please upgrade cv template i hope that can realized,5,0,neutral
bagud,5,0,neutral
hebat mantap,5,5,positive
aq iso ketemu konco lawas neg kene,5,6,positive
tai bisa neg uninstal,1,-5,negative
is okey,5,0,neutral
sanggat sukaa,5,0,neutral
ssuuiho,5,0,neutral
bantu cari kerja,5,2,positive
media interaktif mamadai era glabalisasi,5,0,neutral
appnini bagus bnget mnjadi jmbatan bang,5,2,positive
bagusterima,5,0,neutral
inoget,5,0,neutral
moga manfaat tahu neg bisa neg,3,10,positive
duluy bisa neg upload foto size kecil,2,1,positive
,1,0,neutral
bisa neg daftar kecewa,1,1,positive
dukung menakses inform si,4,4,positive
gin aj klw aq,3,0,neutral
,3,0,neutral
dusta hati,5,2,positive
bagus jalin relationship worker and business,5,2,positive
bagus bagett,5,2,positive
pnglmn,3,0,neutral
bisnis,5,3,positive
bugs,1,0,neutral
,5,0,neutral
wonderfulyes,5,0,neutral
kg mm,1,0,neutral
good job,4,5,positive
ngentot stupit,1,0,neutral
bantu informasi lowong peluang kerja org,5,7,positive
,2,0,neutral
linkedln moga manfaat,4,6,positive
pomade herbal merk gloss,4,2,positive
perna,5,0,neutral
molek,3,0,neutral
daftardbcncomidbisnisokermaryaulfah,5,0,neutral
coba bagus,5,4,positive
ganti ig,5,3,positive
jual beli,3,3,positive
gabisa bos,2,3,positive
,5,0,neutral
tambah relasi kerja,5,8,positive
no komint,1,0,neutral
instal butuh info kerja usaha,5,-5,negative
good helpfull,5,5,positive
untk silaturrahim,5,0,neutral
good application,5,5,positive
google sifat publik,5,0,neutral
why i cant download,5,-2,negative
laut indonesia,5,0,neutral
senang,5,5,positive
moga manfaat,5,6,positive
bagus manfaat,5,7,positive
oke banget,4,3,positive
maju cepat,5,3,positive
,4,0,neutral
mantap bantu,3,8,positive
wa,5,0,neutral
,5,0,neutral
bismillah,4,4,positive
kenal orangsemoga,5,3,positive
jalin saudara,4,0,neutral
linkedln baik profesi kerja,5,5,positive
coba,3,2,positive
siip,3,0,neutral
kontruksi sipi kontruksi baja,5,0,neutral
mudah teman,5,4,positive
sanggat bantu jaring persaudaraanand bisnis,5,9,positive
bantu,5,3,positive
lovely,5,0,neutral
mantapsangat bantu,5,3,positive
tarik moderen,5,2,positive
by ok,5,4,positive
bisa neg daftar tulisanya gagal mulu sinyal,1,-1,negative
lengkap,5,2,positive
kagak,1,-3,negative
kayak,1,-3,negative
ling,4,0,neutral
bagus karier,4,2,positive
susah nihh,1,-6,negative
gabung dgn linkedlnterimakasi,5,-5,negative
bagus masuk putar puter bisa neg payah,1,-1,negative
balik,5,-3,negative
joba,5,0,neutral
mudah mudah bantu,4,11,positive
,5,0,neutral
luas nettwork,4,3,positive
good comunication,5,5,positive
ok good,4,9,positive
cant opened,1,0,neutral
yanto,5,0,neutral
lanjut paham,5,2,positive
mantap surantap top markotop,5,10,positive
wish you getting better and better,5,4,positive
aplikasi mutu neg,1,-1,negative
coba,5,2,positive
produsen spandek pasir,5,0,neutral
ngerti neg tpi lgsung hahaha,5,1,positive
,4,0,neutral
bantu bagibyg membuthkan unt bagi informasi jalin kerja,4,9,positive
josh,5,0,neutral
good application connected people the word you dont need meet your friend just open this application know everything,5,2,positive
good jobs,5,5,positive
lumayan,2,1,positive
update bisa neg liat profil status feed,3,2,positive
massining,5,0,neutral
ter alu nich gguna penggaguran lulus menggetahui dunia tuch,4,6,positive
pt so good food,5,5,positive
pok oke oke,5,4,positive
bantu terima,4,5,positive
best,5,0,neutral
melmar kerja mastpi mna hrus ngantr lmran,5,2,positive
bantu dlm kerja trmksh,5,5,positive
daftar bisa neg tolong paja,2,4,positive
very excelent find any information for seafarers job,5,0,neutral
yui,5,0,neutral
ok siiip,3,4,positive
tambah wawas,4,3,positive
bagus cari kerja,5,1,positive
like,4,0,neutral
rf telecomunication vsat,4,0,neutral
foreveer,5,0,neutral
gua,5,-3,negative
mmmm,2,0,neutral
porno ama hewan,1,-5,negative
mnfaat,5,0,neutral
positif manfaat jangkau informasi relasi,4,14,positive
ngit,5,0,neutral
how not try,4,0,neutral
bitlymaxtube,5,0,neutral
good job for us,5,5,positive
sangatmembantu,5,0,neutral
tau manfaat,2,1,positive
good aplication and service,5,5,positive
bagus aplikasi,5,-2,negative
psbu,5,0,neutral
teka teki sila,1,1,positive
jos pokoke,5,0,neutral
servis elektro kipaskomporsanyomejikommesin cucidlk,4,3,positive
always correc abaut data,4,-3,negative
ntaps,4,0,neutral
,1,0,neutral
good must be better from before,5,7,positive
tanks very much,5,0,neutral
humas ofrator exsavator,5,0,neutral
apl hubung luas,5,4,positive
excellent,4,0,neutral
i have some problem with mobile version cannt open any updates or check who accept my invitation,1,-6,negative
kali susah jaring jelek tau nggak isi biodata appnya bantu,2,-3,negative
cant sign up why,2,-2,negative
jabat supervisor usaha mewa fod,5,-2,negative
membantudan bagi kerja,5,4,positive
lihat,2,3,positive
ok,5,4,positive
sippp,5,0,neutral
ok good aplication,5,9,positive
salah sosial baik,5,3,positive
bantu kait kerja,5,6,positive
suka x,5,3,positive
hebat,5,0,neutral
main bola ps ade da n manang tanding,5,4,positive
toop,3,0,neutral
,5,0,neutral
bantu interaksi dlm bisnis cari info lowong pekerjaa,4,3,positive
trial,5,0,neutral
mantap jaring profesional mudah,4,12,positive
duluklu bagus,3,2,positive
ko gua gabisa masuk,1,-6,negative
hb nn ubb u hu u mmi,4,0,neutral
ko nggak aplikasi,1,-3,negative
puas apliksi terimakasih,3,8,positive
manfaat,4,5,positive
bantu informasi peluang kerjathenks,5,5,positive
kerennn,5,0,neutral
cepat bantu jasa profesional,5,10,positive
sgt m mebantu job sesuai dgn ahli kt very good hen hau yung,5,8,positive
,5,0,neutral
dpt baca guna challenge,5,6,positive
fil,5,0,neutral
good bantu,5,8,positive
tarik,5,2,positive
informasi tangkap bantu ancang,4,2,positive
mo,5,0,neutral
moga sllu info kabar baru,3,0,neutral
nice,5,4,positive
moga manfaat,5,6,positive
nyaman linkedln koneksi tantang percaya promosi moga depan,5,5,positive
verry good,5,5,positive
tualang,2,0,neutral
terimaksi partivasinya,1,0,neutral
,3,0,neutral
,1,0,neutral
tipu lowong kerja mohon waspada,1,7,positive
sgt nimbrung peluang,5,0,neutral
mantaff top joosss,5,5,positive
ajar tambah alam ikut maju tehnologi masadepan,5,3,positive
bisa neg update bsa neg buka,1,3,positive
sip,5,0,neutral
siip joos,5,0,neutral
great,5,3,positive
luas linkedln,5,3,positive
mechanical,5,0,neutral
bidang terbit bukubuku sospol,5,0,neutral
kelam,5,-4,negative
linkeldn mudah jalin relasi informasi global,5,9,positive
lumayancukup bantu,3,3,positive
pt pkss,5,0,neutral
tambah inspirasi,5,0,neutral
goodapps,5,0,neutral
very good,5,5,positive
applikasi professional kelas intellektual dunia global,5,-2,negative
klaw,5,0,neutral
,5,0,neutral
,5,0,neutral
bagud,5,0,neutral
bagus ta,3,-1,negative
is the best,3,0,neutral
keren bingit,5,-5,negative
bantu cari kerja,5,2,positive
terima,4,2,positive
,5,0,neutral
oke baguuuiiuuuuus,5,2,positive
bantu dlm kerja,4,5,positive
,1,0,neutral
manfaat profesional,4,5,positive
fantastic,4,0,neutral
oke,4,2,positive
,5,0,neutral
bantu wawas,5,3,positive
bantu,5,3,positive
bantu cari informasi,5,2,positive
salah tambah relasi tambah alam wawas hebat profesi beda beda,4,3,positive
menakjubkn,5,0,neutral
layan,2,2,positive
cari kerja online ngelamar sll bisa neg mentok suruh hubung wa pas hubung wanya yayasan trus bilang yayasan duit bener gimna info donk bro,2,-3,negative
moga,5,1,positive
lihat,5,3,positive
suka,5,3,positive
manfaat bangun relasi profesi,5,8,positive
bagusasa,5,0,neutral
oke,5,2,positive
bisa neg instal,4,0,neutral
sengatsengat bagus,4,2,positive
bagus bantu iformasi kabar terbarucukup bagus good joobs,5,14,positive
,4,0,neutral
wahsap,5,0,neutral
,2,0,neutral
gambira banget kerja yank bantu,5,8,positive
okeyy,5,0,neutral
bgud,5,0,neutral
,5,0,neutral
ggod job,5,0,neutral
bantu bagi ilmu,5,9,positive
yakalo bagus,4,2,positive
super,5,3,positive
susah,1,-3,negative
moga lancar lolos modal terimakasih kerja sama,3,13,positive
bagus update informasi bisnis relasi tks linkedln,5,10,positive
mantaap tambah lg teman,5,3,positive
bagus,3,2,positive
lumayan elu manyun,5,4,positive
piping project control civil site mager at asahimas project engineering at wokatuba lube oil blending plan at federal oil project civil engineer at pdsu factory pic piping project at mitsubishi chemical project,5,-4,negative
teman loker lulus sma,5,5,positive
solusi kembang kembang usaha,5,10,positive
ikut bagus ajah,4,-1,negative
yess noo yeessss,5,0,neutral
its verry good,5,5,positive
moga layan terimakasih,4,8,positive
bagus,2,2,positive
mbikin buku koleksi file file screenshots buku alam smartphone kali hidup,5,6,positive
manfaat bantu,5,8,positive
kerja keras integritas,5,2,positive
suka,5,3,positive
salesmen,4,0,neutral
tani,5,0,neutral
iya loh,5,0,neutral
bagus kompetensi,5,5,positive
cari teman professional,5,-3,negative
,5,0,neutral
klo fix kasih neg full star,1,2,positive
duluh tamba bintangx,2,0,neutral
ksh,3,0,neutral
keren,5,0,neutral
nyobah,3,0,neutral
baguss banget,4,1,positive
nambah sahabat positif,3,8,positive
good amazing,5,5,positive
brian wahyu,5,4,positive
bantu,5,3,positive
lumayan membntu,5,1,positive
lihat,2,3,positive
klo dapet gua jempol keluarga,4,7,positive
staf sma n tukka,5,0,neutral
terimakasih doa hasil,5,12,positive
oke but nojobs applied that give result for me,4,2,positive
dah krja,5,-3,negative
yaoke,2,0,neutral
dudu,3,0,neutral
moga jalan sesuai damba thank you,5,8,positive
alami sulit akses bolakbalik password hasil,3,2,positive
lamar fleksibel mudah bantu bagi tentu peluang karir,5,6,positive
good a job,5,5,positive
mudah cari kerja,5,3,positive
tos,3,0,neutral
bersemangatpemu da ok,5,4,positive
good program,5,5,positive
i got some professional friends and some jobs,5,0,neutral
,4,0,neutral
tolong saring job buka lamar bener palsu kena tipu untung langsung tlp trus nanya usaha,1,12,positive
sllu dapar neg orderandsisi order turah d neg ambilinsdangkan puya bunyi neg seklaliduduk hp internet samadmn salah,5,-2,negative
bantu banyak tali silaturahmi,5,6,positive
still difficultly search the job,3,0,neutral
thanks linkedlnfully helpfull contact people and friend and find out job vacancy,5,3,positive
kepala sekolahketua rawan tingkat desa kabupatensekertaris kksketua komiteketua kppsketua yayasanketua ranting ormas,3,-4,negative
aplkasi jelas neg ribet ngisi jg ribet praktis neg eh skrng mlh non aktifkn bisa neg dwnload prtma kali sprti,1,-3,negative
,3,0,neutral
bagus,5,2,positive
ajar kasi,2,-2,negative
non aktif verify dgn upload ktp gagal mohon cerah ny,1,0,neutral
bantu info loker,4,0,neutral
bagus bantu,5,5,positive
sipp,5,0,neutral
dpt kerja tinggal neg anak dirmhterima linkedln,5,0,neutral
mudahn manfaat bwt,4,5,positive
dpt job inibravo,5,0,neutral
ka whatsih be lahdak rugi,5,-5,negative
pergi rumah nenek moyang bagus unduh android mas anton selamat senyum he he he,5,9,positive
mudah dapet kerja bagus keluarga,5,14,positive
thanks for linkedln,5,3,positive
nam,5,0,neutral
nyoba,5,0,neutral
ijazah smp engak,1,0,neutral
teman,5,0,neutral
keluh,5,0,neutral
great apps,5,3,positive
bantu,5,3,positive
hapus teman fb,1,-3,negative
pemberitahuan notifikasi bisa neg buka,1,0,neutral
bagus bisnis,5,5,positive
mantap hubung dunia kerja,5,9,positive
butuh kerja,5,-3,negative
bguss,4,0,neutral
suka neg,1,3,positive
duluya,3,0,neutral
bisa neg kirim foto video,3,5,positive
ok,5,4,positive
bagus,5,2,positive
gimana ngecek angsur difif bos,1,4,positive
bismillah moga bantu aaamiiin,5,8,positive
,5,0,neutral
s boliologi,5,0,neutral
,4,0,neutral
iklan masuk,3,-3,negative
anyink bangsat,1,-5,negative
coba,3,2,positive
anjing,5,-4,negative
mudah cari lapang kerja,5,6,positive
asu,5,0,neutral
mantap kali l,5,5,positive
t o p,5,0,neutral
bantu informasi,5,5,positive
pokeh cok mancokan engak taeh buccok mun taoh taeh buccok ye engak riah pokeh pokeh patek anjing,1,-1,negative
liat,5,2,positive
,5,0,neutral
bantu cari kerja tambah teman bagi alam,4,9,positive
aplikasi bagus,3,-2,negative
very usefull apps for professional networking,5,0,neutral
aplikasi bagus,3,-2,negative
,1,0,neutral
trbaik sllu,5,0,neutral
matapp bengatt,5,0,neutral
bagus cuman nyari kerja ngebangun resume tarik fitur harap akses fitur fitur tolong gratis cost premium,5,18,positive
waoo mantpp dkt silahturahmi dn bs tambah wawas,5,3,positive
bagustetapterkoneksi,5,0,neutral
toppp,5,0,neutral
tele upgrade premium susah,3,-1,negative
cobak,5,0,neutral
baru yowhattsap,1,0,neutral
,3,0,neutral
pernah neg kerja dr ssini,1,2,positive
keren klo ny sampe ribu gw nilai bintangny sampe ribu,5,5,positive
apknya okk suka,4,3,positive
kerja,5,2,positive
smntra,3,0,neutral
tibatiba bocor seko temen kelas tau malu banget,1,-11,negative
,5,0,neutral
moga bagus,5,3,positive
moga bantu,5,4,positive
good choice,5,5,positive
nice aplikas,5,4,positive
bagus tambah jaring,5,8,positive
akungagal mulu gbs buatpke email google gmn,1,0,neutral
bangke tipu,1,0,neutral
coba,5,2,positive
bntang aj klo bru bntang,1,0,neutral
smart,5,0,neutral
,3,0,neutral
mantab,5,0,neutral
,3,0,neutral
moga jaya,1,5,positive
mantaaap,5,0,neutral
ajar endorse,5,1,positive
cpat bayak neg ribet,5,-4,negative
toyota,4,0,neutral
mudah hubung teman kenal,5,8,positive
sedia terima untk cipta,5,4,positive
,4,0,neutral
general superintendent,4,0,neutral
aangat,5,0,neutral
bantu komunikasi hebat terhormatthankyou,5,5,positive
lapor kpd lowong kerja palsupenipuan harap tingkat aman lowong palsu tsbt salah kasus rssiloam brda daerah banjarmasin dgn modus tipu dgn transfer uang akomodasi travelhoteltiket pp ganti rspusat siloam brda bal curiga langsung rs buka neg lowong smpai pagi lihat lowong n msh aktif,1,21,positive
ntar klo ok bintang,3,4,positive
profil bisnis bagus relasi kerja,5,10,positive
manstapp,5,0,neutral
senang gabung linkedln tambah wawas alam,5,5,positive
,5,0,neutral
yes,3,3,positive
berkah,3,4,positive
mudah akses mudah cepat,5,13,positive
,5,0,neutral
oke,5,2,positive
lol,5,0,neutral
mantap find me leyla kapoor,5,5,positive
mkasih,5,0,neutral
mantabb,5,0,neutral
cari jodoh,5,0,neutral
bagus cpt info manfaat nambah wawas luas,5,7,positive
,5,0,neutral
siip mantap,5,5,positive
sangar,4,0,neutral
a kasi,3,-3,negative
paksa mendownload,1,-4,negative
,5,0,neutral
buka,4,3,positive
gin nyari loker,3,-2,negative
kerennn,5,0,neutral
rray,3,0,neutral
mula,1,-3,negative
ku,3,0,neutral
siiip,3,0,neutral
,5,0,neutral
like,4,0,neutral
oke,5,2,positive
sya cbk nntk sya tambah ny klw bguss,5,3,positive
,3,0,neutral
,5,0,neutral
,3,0,neutral
ok oba ah,5,4,positive
ckba,3,0,neutral
siiiip,5,0,neutral
moga cari kerja,5,0,neutral
,5,0,neutral
moga seperti neg,5,0,neutral
nyoba,3,0,neutral
penuh,1,0,neutral
yunu,5,0,neutral
anjing,1,-4,negative
biass,5,0,neutral
fmwhastapp,5,0,neutral
bagus bgi org paham manfaat,5,7,positive
temu klien cepat nggak,5,10,positive
erti inikarna pelajritapi sya apliksi keuntungnnya sabaiknya,4,2,positive
keren,5,0,neutral
moga ada neg tipu,4,5,positive
bohong neg full dah,3,-8,negative
coba,4,2,positive
kontol bangsat,1,-10,negative
tingkat,4,1,positive
bantu,5,3,positive
bg,5,0,neutral
terimakasi,5,0,neutral
ok kakak,4,4,positive
info lokernya,3,-3,negative
mantap,4,5,positive
lemak men gratis,5,4,positive
yeah,5,0,neutral
termakadi,5,0,neutral
dl,3,0,neutral
tempat tahu,5,1,positive
info dunia,5,-2,negative
jaya truss,1,4,positive
sya suka dngan,5,3,positive
,4,0,neutral
keren anjay,5,-3,negative
moga masuk amin,5,1,positive
overall ok,4,4,positive
ok ctp dpt peluang bagus dri,5,6,positive
real,5,2,positive
sesuai,3,3,positive
andak,4,0,neutral
mohon banyak loker,4,5,positive
,5,0,neutral
moga kecewa neg,5,1,positive
moga bhong neg lot laen,3,-4,negative
bantu nyaman,5,7,positive
mantwp,5,0,neutral
moga bohong neg lot,5,-9,negative
siiiip,3,0,neutral
good,5,5,positive
good application,5,5,positive
super,4,3,positive
memuasksn,5,0,neutral
mlm bos,5,3,positive
hebat,5,0,neutral
apik,5,0,neutral
super duper,4,3,positive
ok,4,4,positive
terap tahan,4,1,positive
mantaff,4,0,neutral
gw heran tuh kya social media hubungin dgn hrd drpda pncari kerja sndri suka share opini pribadi,3,9,positive
mudah manfaat n bantu,5,12,positive
profesional bagus tingkat,5,3,positive
loding suka klo buka pake biaya klo buka informasi,4,11,positive
wei yan,5,0,neutral
mudah manfaat,5,9,positive
,5,0,neutral
bantu,4,3,positive
versi update lambat,1,1,positive
sempurna,5,3,positive
beri informasi bagus,5,6,positive
bingung pengiimran nydata a,5,0,neutral
terima buka jalan karya berkarir sosial,5,12,positive
mantap,5,5,positive
susah lihat who viewing the my profile,5,0,neutral
bnyk info kerja yng bagus,5,1,positive
perbaikin,3,0,neutral
goodjoob,5,0,neutral
sukses,3,3,positive
,5,0,neutral
moga loker,5,1,positive
mudah,3,4,positive
inpormasi layan kerja cepat,3,7,positive
bermamfaat teman,5,0,neutral
,3,0,neutral
hina benar neg fungsi instal buat butuh neg instal rating jelek harga komentar hujat karya manfaat tanding komentar sekianv,5,-4,negative
ngrti pakeny,3,0,neutral
big love you,5,5,positive
koyoll cok bedes celeng opo ojok instal aplikasine engkok koen longor goblok yoooooooooooooooooooo,1,-5,negative
oky keren,5,0,neutral
terima,5,2,positive
very good and support career,5,9,positive
kenal semunyaa,5,3,positive
moga bantu untk kejar mimpi,4,3,positive
ok bnget,4,4,positive
jaring luas,5,6,positive
yess,5,0,neutral
dont mory,4,0,neutral
senang,5,5,positive
okokokkkkk,5,0,neutral
nyoba,5,0,neutral
bantu siiplah,5,3,positive
logintiba,2,0,neutral
daftar pakek gmail sampek skarang gabisa mohon konfirmasi nerima sandi konfirmasi sms,2,9,positive
mohon jelas peluang kerja cocok profil,3,9,positive
,5,0,neutral
bantu temu kerja,4,7,positive
the best program,5,0,neutral
tingkat,4,1,positive
liat dulunanti klo bagus gw,3,4,positive
mantap,5,5,positive
sukses makasih,5,7,positive
bermanfaan,5,0,neutral
good job,5,5,positive
,3,0,neutral
like it,4,0,neutral
media komunitas bisnis percaya,4,7,positive
maknyussss,5,0,neutral
,5,0,neutral
mudahmudah bermampaat,4,0,neutral
harap temu kawan,4,5,positive
ok ok ok ok,5,16,positive
imformatif,4,0,neutral
bangat innya,4,0,neutral
rumayan,3,0,neutral
mantaps,5,0,neutral
semogga manfaat,5,5,positive
coba cari peluang usaha,5,0,neutral
salam sukses,5,3,positive
manfaat networking,4,5,positive
profile bisa neg ganti foto profile posting foto search perusahaanmohon bantu tim bantu hubung jaring profesional kebun,5,11,positive
suka,5,3,positive
moga sukses aplikasi makaimal,4,0,neutral
oye,5,0,neutral
okmantap,4,0,neutral
bagus,5,2,positive
alternatif sosial cari kerja dpt andal,5,8,positive
inti jobstreet,1,0,neutral
bisa neg simpan foto salah,2,-4,negative
suka,5,3,positive
keren,5,0,neutral
well well well,4,0,neutral
ismazing,5,0,neutral
kenal penjuru negeri,4,0,neutral
sya suka,5,3,positive
mudah kerja,5,6,positive
mwngikuti alur perkmbngan sj,5,-4,negative
paham manfaat,5,5,positive
good jobs,4,5,positive
dukung bagus,5,6,positive
boedoet,4,0,neutral
bagi loker bagi temen temen,5,4,positive
,4,0,neutral
coba,3,2,positive
profesional mudah temu berita jari kerja,5,0,neutral
,3,0,neutral
very good information,5,5,positive
bismilah,5,0,neutral
bagus full,3,2,positive
update info lowong kerja,5,-1,negative
,5,0,neutral
moga manfaat pribadi butuh,5,1,positive
gunakn ginkn,5,0,neutral
,4,0,neutral
gede banget,5,3,positive
bagus,2,2,positive
ok bos,4,7,positive
bantu,5,3,positive
mantaaap,5,0,neutral
bismillahbaru ajar,5,1,positive
tuju aflikasi,5,3,positive
okey,4,0,neutral
nyoba hasil muas full,3,8,positive
moga,5,1,positive
only some time but forever,4,1,positive
nyoba,4,0,neutral
terimakasih aplikasi manfaat,5,6,positive
yes bnget,5,3,positive
besy,3,0,neutral
very giodandthan good job,5,5,positive
brg x dapet jodoh,4,5,positive
hahaha,5,0,neutral
nieh aplikasilemot,1,0,neutral
bagus bwt aplukasi,5,2,positive
dgn cepat temu teman brgbung,5,5,positive
bagus nggak,4,3,positive
saematur nuwun,3,0,neutral
ngumpulnya profesional kadang lebay,4,-1,negative
juang doa,5,7,positive
bagusaplikasi inisangat dukung wirausaha,5,4,positive
chet ml bagus banget,5,3,positive
suka,4,3,positive
henti,3,-4,negative
bru,3,0,neutral
coba,4,2,positive
formula,5,0,neutral
manfaat butuh info kerja,5,-1,negative
,5,0,neutral
yu,5,0,neutral
objective like us,4,0,neutral
cemana ubh data,5,-3,negative
suka,5,3,positive
paham,3,0,neutral
good,5,5,positive
bagus fb fungsi tambah koneksi teman kerja cari kerja,5,8,positive
lol,4,0,neutral
terus,4,0,neutral
bagus bantu cari lowong kerja,4,4,positive
bingung,3,0,neutral
why content results for searching features removed that was very helpful for me find post from peoples,3,-2,negative
guna milenial,5,1,positive
bagus,3,2,positive
bagus appnya pinter,5,7,positive
bibtang kluar ribet ngak,1,-4,negative
bismillah walhamdulillah,4,4,positive
find new jobs,5,0,neutral
biasa,1,2,positive
jgn lot jaring,5,-2,negative
nyoba neh,3,0,neutral
good my,5,5,positive
mudah browser,5,4,positive
bangga gabung dilinkedln,5,-2,negative
oke bagus,4,4,positive
bagus bantu,5,5,positive
tingkat,5,1,positive
bantu siifff,5,3,positive
ulas,5,0,neutral
terima tambah sahabat,5,9,positive
coba,3,2,positive
keren,5,0,neutral
hasil kembang ekonomi,3,6,positive
bismilah dah nyoba tar suksess aya bintangnyee,5,0,neutral
senang banget,5,6,positive
uhuyyy,5,0,neutral
aq suka kli dgn bantu,4,6,positive
buka harap bagus,3,8,positive
it komputer,5,0,neutral
,5,0,neutral
good application,4,5,positive
good web,5,5,positive
gabung jg gabung dgn linked sempat bagus sosial lingkung lokal,5,-4,negative
tolong politik hapus,4,-1,negative
maop,5,0,neutral
siiip,4,0,neutral
kali donlot pernah neg dpt notif terima panggil interview hire langsung via emailhanya info kerja itu info lowong bidang gelutijadi cenderung kerja teman kerabat maaf copot dr hp,2,4,positive
terimakasih info bantu,5,5,positive
senang gabung krn dpt informasi butuh ketemu dgn teman,3,-2,negative
dukung cari karir,4,1,positive
cuba,5,0,neutral
bagus bangun jaring orangorang profesional,4,5,positive
tarik,5,2,positive
,2,0,neutral
manfaat,5,5,positive
sheeft,5,0,neutral
cari peluang,5,-3,negative
great application,5,3,positive
tingkat kn,5,1,positive
coll,5,0,neutral
mantaps,5,0,neutral
trimakasih,4,4,positive
good apps related with friend and find new jobs,4,5,positive
mantaap bs tambah jaring relasi,5,9,positive
karya nyata raih rejeki,5,13,positive
moga manfaat,3,6,positive
ribett,1,0,neutral
senang dalammembangun relasi,5,8,positive
yalumayan komunikasi,3,2,positive
pokoe top maju truus,4,5,positive
butuh lowong kerja driller tool pusher oil gas,5,-7,negative
i love this aplication,5,5,positive
bagus mantap,5,7,positive
ane ksh,3,0,neutral
coba,4,2,positive
bantu,4,3,positive
,5,0,neutral
bagus bantu umat dunia nice,5,13,positive
oky,4,0,neutral
,5,0,neutral
,4,0,neutral
manatap,5,0,neutral
tu neg,3,0,neutral
alus wa lumayan,5,1,positive
no comments,5,0,neutral
sipp,5,0,neutral
iya,3,0,neutral
paksa update,3,-4,negative
mudah hubung,5,5,positive
sip pokoe,5,0,neutral
delihgtful,5,0,neutral
,1,0,neutral
ok,5,4,positive
moga manfaat,4,6,positive
good,5,5,positive
profil cahari kerja,5,-1,negative
good,5,5,positive
mboh ra,1,0,neutral
umpat balarut,5,-4,negative
cari kerja,4,-1,negative
baru mulu,3,2,positive
,5,0,neutral
,5,0,neutral
tuju,5,3,positive
,5,0,neutral
sukka,5,0,neutral
kept eidjdbj bajing janfok,5,1,positive
ok guys,5,5,positive
its work,3,0,neutral
info info baik,5,-3,negative
faham karna perangkat,3,0,neutral
ngerti neg,3,1,positive
dana darurat bantu atas uang,5,4,positive
mudah sarana imformasi scr nasional internasional flm hub professionalan,5,4,positive
allright,5,0,neutral
gunanyavuntuk coaba,1,0,neutral
ksi bibtang,2,0,neutral
nett working,5,0,neutral
goods jooobs,4,0,neutral
test dulusaya butuh kerja likeidtq,3,-3,negative
coba,4,2,positive
thanks,5,3,positive
tau fungsi,4,-4,negative
gabung linked tambah tahu,5,2,positive
ken coba coment ok thx linkedln,3,9,positive
inspirasi,5,-3,negative
moga manfaat,4,6,positive
inspirasi,5,-3,negative
sup,5,0,neutral
tau,5,-4,negative
bantu cari kerja promo bisnis,4,8,positive
bagus bangun usaha,5,3,positive
,3,0,neutral
faham guna linkedln,3,1,positive
thanks very muchi like it,5,3,positive
my home,5,0,neutral
bantu koneksi kerja,5,7,positive
ok,4,4,positive
mssuk eko,5,0,neutral
bagus cari kerja,5,1,positive
no coment,5,0,neutral
acc downkk,4,0,neutral
siip,3,0,neutral
bagus komunikasi teman usaha,4,5,positive
pulsa,5,-3,negative
relasi hubung bisnis luas,5,10,positive
suka,4,3,positive
maju,5,0,neutral
thanks,4,3,positive
bagus oke,5,4,positive
sip,1,0,neutral
god linkelit,5,0,neutral
lahbintang,3,0,neutral
ksh lgi,4,0,neutral
banget okee coy,5,1,positive
bagus tuker informasi,4,4,positive
siper,5,0,neutral
jobs,5,0,neutral
bagus referensi jaring kerja,4,7,positive
puas cepat,4,6,positive
jaring luas,5,6,positive
nk,4,0,neutral
moga applikasi bantu,5,4,positive
dlkalo bnr bermamfaat langsung naikin bintangy,2,3,positive
very important application,5,0,neutral
caba law bagus,3,-2,negative
bisa neg up foto galeri sesuai tentu,2,3,positive
ribet,1,-4,negative
taps,5,0,neutral
ganti foto profil unggah bisa neg mohon bantu atas,2,7,positive
coba moga ilmu tani pepaya kalifornia,4,7,positive
perfeck,4,0,neutral
nie akurat neg cari kota dekat ribet banget,2,-6,negative
,3,0,neutral
very good for looking for job,5,5,positive
lengkap,5,2,positive
gooooooood,5,0,neutral
,5,0,neutral
temu peluang binisusaha lowong kerja apl baguss,5,4,positive
bagus aplikasi,5,-2,negative
manfaat,5,5,positive
exellent,5,0,neutral
alhamdulillahatas bantu,5,3,positive
,4,0,neutral
maksimal manfaat keprofesionalanseseorang arah,5,9,positive
baguspertahankan performa,5,0,neutral
tlong bntu bwt kerja cocok,4,6,positive
bangsat email bisa neg buka,1,-2,negative
mantabs,4,0,neutral
sip oke,5,2,positive
ajar,5,1,positive
lumayan,3,1,positive
bagusss nyari kerja tolong tingkat,5,4,positive
masok,5,0,neutral
yes,5,3,positive
yakin neg,5,3,positive
guna,3,1,positive
ok,5,4,positive
bagus neg,2,2,positive
wal pun aga oke,5,-1,negative
membantuthanks,5,0,neutral
sukses butuh juang,2,1,positive
trmksh smg manfaat,5,5,positive
sosmed berfaedh,4,0,neutral
tingkat aman data base,4,-2,negative
faham neg,1,0,neutral
linkedln temu kerja sesuai,3,7,positive
bisa neg rubah foto profil klik uploadsimpan proses internet lancar mohon baik,4,13,positive
sgat,5,0,neutral
bingung dg guna,3,1,positive
mudah bantu,5,7,positive
kembang,4,3,positive
infus dang dana halal,5,4,positive
morwati,5,0,neutral
penting full,5,3,positive
siiiiip dah,5,-3,negative
nti,3,0,neutral
enkk,5,0,neutral
o yess,5,0,neutral
ajar,3,1,positive
ok,4,4,positive
baik sistem,4,-1,negative
bayar,3,1,positive
faham opo yoo,3,0,neutral
sukses,4,3,positive
ok sngat bantu good,5,12,positive
siiip,3,0,neutral
bagus nambah channel kerja,5,4,positive
must be corrected for update,4,0,neutral
mudah lamar kerja,5,6,positive
ngak tau tuju,3,-1,negative
bagus aplikasi,5,-2,negative
smga brmanfaat,5,1,positive
pakakpakak,2,0,neutral
teman,5,0,neutral
suka teman,5,3,positive
donwload klo bagus ranting yangbpenuh,2,2,positive
siiip bantu,5,3,positive
ok bantu,5,7,positive
peluang,4,0,neutral
buka wawas,5,3,positive
top banget,3,6,positive
bantu brteman rekan,5,7,positive
suara,3,2,positive
joss,5,0,neutral
pokok bagus,3,5,positive
nice nice meet other people with great jobs,5,11,positive
moga job kerja safety,3,3,positive
hallo,4,4,positive
bagus tuh,3,2,positive
moga sukses,5,4,positive
guna suka,5,4,positive
info kerja,5,-1,negative
bismillah,4,4,positive
harap moga canggih lgi,4,4,positive
moga bissa ngebantu,5,1,positive
lumayan,4,1,positive
nice,2,4,positive
lumayan amanah temen,3,6,positive
manfaat tp bagi neg org gw hubung pasang bawa samsung galaxy a parah lg bisa neg uninstal pajang mubazir,1,8,positive
lumayan info manfaat,3,3,positive
should be develop,5,0,neutral
moga barokah,4,1,positive
ane dl moga bermnfaat,3,1,positive
suka krn info butuh kerja teman tambah saudara,5,0,neutral
moga bantu pecah untikkehidupan,5,4,positive
begitu neg familier facebook,4,0,neutral
,5,0,neutral
anjing bsa neg gabung nyesel download gj,1,-14,negative
mantaaaaaap polllll love yuuuuooo,5,5,positive
cba ko bisaya neg,2,0,neutral
klo bagus bru,4,2,positive
bego dikibulin nyari kerja,2,0,neutral
i like it,3,0,neutral
demoga karir amin,5,3,positive
tingkat mutu,3,4,positive
tahan,4,1,positive
coba b masuk neg akal sehat penuh b,3,3,positive
bagus,5,2,positive
persehabatan,2,0,neutral
lg,4,0,neutral
bisa neg search postingan kunci search kerja puas,2,8,positive
,4,0,neutral
brpa kali ganti pass ttep bisa neg masuk kamvrettt sbenernya salah heran gua,1,-3,negative
baguz,5,0,neutral
bagua,5,0,neutral
moga sukses,5,4,positive
mudah info manfaat peluang bisnismantab,5,6,positive
ne aplicasi eror banget,1,-3,negative
mudah komunikasi dg teman,5,6,positive
the camera reimagined samsung galaxy ss,5,0,neutral
moga manfaat,4,6,positive
coba,4,2,positive
keren,4,0,neutral
smoga mati,4,4,positive
cobanunggu,4,0,neutral
misi kali gagal uninstall install tetep mohon konfirmasi,3,1,positive
usaha usaha,5,2,positive
moga jalan lancar karya amin,5,11,positive
this application makes you reach more than just an information,5,0,neutral
moga bermenfaat,3,1,positive
bagus,5,2,positive
tingkat konte feednya,3,1,positive
tetep semangat raih,5,6,positive
bagus mamfaat,5,2,positive
ok aje,5,4,positive
tingkat,5,1,positive
ada neg,3,4,positive
cepat,4,3,positive
lanjut,5,2,positive
suka applicasi,4,3,positive
many people get dreams some true togther and many still wishly,5,0,neutral
bantu,5,3,positive
cobak neg dl,3,0,neutral
so pretty good,5,5,positive
bantu tambah tahu butuh terima ladihj,5,7,positive
tingkatlan kwalitas pantau prusahaan modus pnipuan,5,-1,negative
bisa neg daftar member daftar gagal,2,-2,negative
its a good for seeking the job,5,5,positive
guna guna,4,2,positive
semogaa,4,0,neutral
,5,0,neutral
,5,0,neutral
joss,4,0,neutral
sesuai guna butuh,3,-1,negative
bisa neg,2,0,neutral
why cant i delete the certificate that i posted the funds only appear try it,3,-4,negative
thank you for your current job vacancy,5,4,positive
matap praktis,5,4,positive
payah paksi bb q redmi x lelet susah,1,-3,negative
moga bermanfat,5,1,positive
bisa neg pakai,1,0,neutral
moga manfaat,4,6,positive
peluang peluang,4,0,neutral
guna neg,1,1,positive
linked,5,0,neutral
terima moga manfaat guna,5,9,positive
inspiratif,5,0,neutral
klu bener bagus,1,5,positive
error on vivo,1,-5,negative
dpt instalkrn lainthank,5,0,neutral
usaha tawar info lowong kerja valid neg info tipu harus management filter info lowong kerja pasang,2,-9,negative
bantu kerja,5,5,positive
bantu temu karir job sesuai butuh,4,3,positive
formal,5,2,positive
langsung,5,3,positive
terima,5,2,positive
moga manfaat mudah difahami aamiin yra,5,12,positive
moga manfaat,5,6,positive
for development of this thank you so muchbecause this i can get an opportunity for get a job thank you and keep going,5,8,positive
mudah ribet neg,5,0,neutral
iklan,5,0,neutral
sipppp,4,0,neutral
paham apl,4,0,neutral
terima diijinkan gabung syaa allah berkah,5,6,positive
notif pas buka eror,2,2,positive
moga acc,4,1,positive
moga manfaat sukses slalu,5,9,positive
bagud,5,0,neutral
cba riben,5,0,neutral
bagusmeskipun dapet kerja hasil apply,5,7,positive
sip,3,0,neutral
linkedln ok urus kerja bnyk dsni,5,6,positive
daftar bisa neg situ daftar bisa neg gmn gunain,5,2,positive
bantu nyari loker driver,5,1,positive
,3,0,neutral
sekses,5,0,neutral
suka,4,3,positive
ngerti neg,1,1,positive
bantu cari kerja,5,2,positive
bagus aju proposal cepat terima,5,4,positive
,3,0,neutral
fo bagusits goodthanks,5,0,neutral
ok banget mantap,5,10,positive
lumayan bantu,5,4,positive
manfaat cari kerja,4,4,positive
,5,0,neutral
lengkap informasi,4,4,positive
mantap puollll frank,5,5,positive
ajibbbb,5,0,neutral
bagys,5,0,neutral
tarik bantu resah cari kerja,3,-1,negative
moga manfaat,4,6,positive
nyoba,5,0,neutral
bagus kalimat profesional,5,-1,negative
error,1,-5,negative
penasaran ama inibuat fungsi,4,-3,negative
sip alaisip tekesip tekesip,5,0,neutral
bantu,5,3,positive
bantu terima,5,5,positive
mantap,5,5,positive
br nyoba,5,0,neutral
bantu,5,3,positive
cari kerja susah,3,-4,negative
hubung relasi peluang berkarir beda,5,2,positive
bagussss sangatttt bantu dlm komunikasi,4,5,positive
bagus bantu cari relasi kerja trima,4,8,positive
bagus cari kerja kolega mancanegara,4,1,positive
good job bantu,5,8,positive
ok banget,5,5,positive
mantab bnyk koneksi negeri,5,2,positive
bantu uinformasi,4,3,positive
,5,0,neutral
bagus,5,2,positive
bantu pribadi bidang hotel moga sukses baik,5,11,positive
moga guna masyarakat,5,2,positive
bermafaat,5,0,neutral
moga,4,1,positive
knp bsa neg diinstal,5,0,neutral
manfaat komunikasi sosial,5,11,positive
moga manfaat,3,6,positive
klo bagus ksih,4,2,positive
top suka,4,8,positive
ok thanks,4,7,positive
okee oke,5,2,positive
cocok daerah,5,4,positive
paham miss,5,-4,negative
nggih,5,0,neutral
good aplikatif,5,5,positive
batu lancar,5,6,positive
terima,5,2,positive
penasaran,5,-3,negative
,5,0,neutral
yaklo bagus tambahin lg yamau,4,2,positive
bantu koneksi teman bisnis,5,8,positive
naice,5,0,neutral
satu usaha,5,4,positive
bug muat komentar terang koneksi sambung buka komentar,5,4,positive
blon fapat kerja,5,2,positive
tingkat,5,1,positive
tingkat kerja,3,3,positive
moga mengatagorikan relasi dasar minat cari kerja,5,7,positive
bagusok,5,0,neutral
try first,5,0,neutral
net human nice,5,4,positive
bohong,1,-5,negative
good for all,5,5,positive
,5,0,neutral
bagus,5,2,positive
the best pendobolaan mleded,5,0,neutral
senang skali,5,5,positive
ok good job,4,9,positive
pokok ok,5,7,positive
smoga lancar,5,4,positive
siip,5,0,neutral
terima,5,2,positive
aplicasi pea eror mlulu aplicasi anjing tai,1,-13,negative
,5,0,neutral
smoga mudah pencaker kerja,5,6,positive
career indefinitely,5,0,neutral
mudah cari relasi,5,4,positive
sipp,3,0,neutral
knp bias neg slalu gagal muat motif ny,1,-6,negative
update trus minggu update sampe kali,3,0,neutral
,5,0,neutral
caustamermarchet,5,0,neutral
batu bisnis,5,5,positive
okay,3,4,positive
menggunakanya mudah trm ksh,4,4,positive
gtu,5,0,neutral
,3,0,neutral
ora ngerti,4,-2,negative
linkedln mantap bos,5,8,positive
hebat,5,0,neutral
bagus aplikasi tau info update mantappp,5,-9,negative
oke,5,2,positive
bagi ilmu manfaat kerja hehe,4,13,positive
sri ain,5,-5,negative
bagus aplikasi,4,-2,negative
lihat dl,4,3,positive
mas mba bro habis instal hp serang virus trojan virus serang selesai instal apl buka trojan serang hp why salah pada,5,-13,negative
uhuuyyy so,5,0,neutral
senang,5,5,positive
goods,5,0,neutral
mudah informasi,4,6,positive
,4,0,neutral
smg dpt bantu,3,3,positive
bagus banget donload neg nyesel liat you tube apli kasi keren you tube,5,-3,negative
gmn dpt informasi kerja update bantu ucap terimakasihplus rate,3,5,positive
mboh,1,0,neutral
ku suka plikasi,4,3,positive
tau,3,-4,negative
mohon respon,5,4,positive
linkedln,4,0,neutral
,3,0,neutral
bantu kadang respon perecrut tolong tampil lowong kerja smk email usaha,5,15,positive
mantaaaaabbbe,5,0,neutral
good job,5,5,positive
pokok mantap,5,8,positive
slow,5,1,positive
bantu bagus,5,5,positive
ah,4,0,neutral
pandu aplikasi,5,-1,negative
good luck for,5,9,positive
pokok mantap,5,8,positive
bantu,5,3,positive
moga bermanpaat,4,1,positive
bagus suka,3,5,positive
coba ahhh,5,2,positive
mantapppo,5,0,neutral
cing sukses,5,3,positive
mula mohom bantu trims,4,4,positive
tolong bantu,5,6,positive
mohon direspon jwban tks,5,2,positive
membany,5,0,neutral
no thanks,5,3,positive
coba tau acc,3,-2,negative
full,5,0,neutral
downloadnya kaya cacing lolaapa dapet kerja sesuai harap bintang,4,8,positive
coba,3,2,positive
god job,4,0,neutral
menbantuh,5,0,neutral
testing dl gan,3,0,neutral
itsagood,5,0,neutral
tamban modal samping pas libur,5,4,positive
bantu sukses canggih,5,6,positive
good,4,5,positive
liat dah,5,-1,negative
daftar gimana bisa neg,1,1,positive
buka uaha,4,3,positive
sgt bnget,5,0,neutral
recomended,5,0,neutral
suka banget bantu,4,7,positive
ngrti maksud,3,3,positive
sip,5,0,neutral
baguss,5,0,neutral
brp jam update update lgi,3,0,neutral
baguzz,5,0,neutral
usaha maju,5,1,positive
nyoba,2,0,neutral
koneksi pakar bagai bidang ahli,5,1,positive
cocok banget,5,5,positive
simple sistem aplikasi,3,-5,negative
gabung usaha service ac,5,-4,negative
bantu,5,3,positive
bantu usaha,5,4,positive
tau dalam,4,-1,negative
kereeenn,5,0,neutral
,5,0,neutral
bravo,3,0,neutral
good job i like,5,5,positive
barangkali cocok n pas,5,7,positive
zuka,4,0,neutral
canggih,5,0,neutral
muantap boss,5,0,neutral
unggul karya,5,3,positive
lamaaaaa,1,0,neutral
help me looking job for security officer thanks so much,5,5,positive
i like gathering and connecting your programnice meet u all,5,0,neutral
bagus tambahin,3,2,positive
hp gw ilang klw ktmu nnti gw tmbah bintang,2,-5,negative
,5,0,neutral
bantu,3,3,positive
bantu cari loker mudah,4,4,positive
keren karna koneksi ide pikir maju,5,3,positive
bantu,5,3,positive
ea,4,0,neutral
tai,5,-5,negative
klau alhmdllh,5,0,neutral
bagus tambah,3,5,positive
memvantu,5,0,neutral
tahap ajar,5,1,positive
because any times you give me information and chance,5,0,neutral
bermanfaatterima,5,0,neutral
sip,4,0,neutral
bantu kembang karir,4,6,positive
lumayan,4,1,positive
mantap moga sukses,5,9,positive
semogaa,4,0,neutral
yoon easy a life,5,-2,negative
,3,0,neutral
i am like it,5,0,neutral
cool,4,2,positive
moga manfaat,5,6,positive
bingung,3,0,neutral
coba yes,4,5,positive
tahu neg temu,5,6,positive
sukses slalu,5,3,positive
baharu trus tp ada neg ubah masuk akal bs update,4,1,positive
maw nanty klo bagus tmbh,3,2,positive
smoga ter bantu,3,3,positive
nyoba nyoba,5,0,neutral
nnti okaq,4,0,neutral
bisa neg uninstal,1,0,neutral
baruau,5,0,neutral
nice,4,4,positive
bisa neg akses reset password email sukses logging verivikasi aman nyata guna cari layan cs cari solusi ketemu neg bantu,2,13,positive
awam tp gpp,5,0,neutral
moga manfaat,5,6,positive
good all,5,5,positive
moga linkedln sukses trus,5,4,positive
dl,1,0,neutral
lumayan erti,4,3,positive
bagus networking,5,2,positive
klau bagus tambah bintanya,3,5,positive
bantu,5,3,positive
bagus hubung profesional,5,3,positive
yes,4,3,positive
bisa neg upload foto profil,4,3,positive
mantap,5,5,positive
sukak manfaat,5,5,positive
solusi,5,3,positive
bagus aq,3,2,positive
,5,0,neutral
henti asus padfone s android,1,-4,negative
suka cari,5,0,neutral
,5,0,neutral
dluklu bagus ku,3,2,positive
bantu susah,4,0,neutral
bintang,4,0,neutral
,5,0,neutral
,5,0,neutral
good socmed,5,5,positive
maju,5,0,neutral
tal,1,0,neutral
cepat gampang caribteman bisnis,5,10,positive
,5,0,neutral
moga sukses akulaku,5,4,positive
moga manfaat,5,6,positive
,4,0,neutral
promo bisnis,3,6,positive
,5,0,neutral
i like it,4,0,neutral
hubung terminal,5,-2,negative
mantap tambah tahu,4,12,positive
dulunanti bagus,4,2,positive
supya mudah dunia medsos,5,5,positive
bantu hubung teman teman,5,4,positive
layan tingkat,5,3,positive
hubung teman mantan mantan,5,-5,negative
top jka brhubngan dngan akulaku,5,5,positive
baik,5,3,positive
sandi rubah bolak tetep bilang sandi salah gimana,1,-4,negative
nggak senang,3,6,positive
bilang jelek download tau neg fungsi tuju cari tau fungsi tau bisnis manfaat,5,-9,negative
mudahn bermamfaat,5,0,neutral
its the best,5,0,neutral
live your passion,5,3,positive
alam,5,2,positive
dus bagus,2,2,positive
bismilllah,5,0,neutral
uninstal,1,0,neutral
bisa neg daftar,2,1,positive
bagus pengalamanok,5,2,positive
cocok ajar lulus karier,5,10,positive
good,5,5,positive
bagus klau butuh,5,-3,negative
good,5,5,positive
tolong mudah akses masuk mana terimakasih,3,11,positive
dl klau tmbh lgi,3,0,neutral
mantap bantu,4,8,positive
ok,5,4,positive
sip,5,0,neutral
nice,5,4,positive
jarang,3,0,neutral
mantab proteksi pasang,5,4,positive
moga proses dg cpt,4,2,positive
nyobak,5,0,neutral
thanks for the application of the most important thing,5,3,positive
hoax lowong so hati,4,-3,negative
,4,0,neutral
bantu tampil,4,4,positive
tai,1,-5,negative
kk kangen,5,3,positive
stupidbuang kuota jelas neg,1,-1,negative
,4,0,neutral
baik,5,3,positive
manfaat,5,5,positive
gabung,4,-5,negative
,1,0,neutral
,4,0,neutral
anying,5,0,neutral
jaring tambah wawas cerdas,4,6,positive
keren jah,5,0,neutral
inlinkedin,5,0,neutral
tau ah,5,-4,negative
daftar gabisa robot neg kocag,4,1,positive
paten,5,0,neutral
,3,0,neutral
nice with this,5,4,positive
good for new employee,5,5,positive
bantu,4,3,positive
alhamdulillah banjarmasin suka sekaliterima,5,8,positive
whataps ganti,1,3,positive
cri kerja,5,2,positive
recommended,5,0,neutral
smoga manfaat,5,5,positive
smga bermnfaat,5,1,positive
gta vice city full version free game downloads,5,5,positive
indah,4,3,positive
update wakok mlah ketemu nginstal linkedinapk tk,1,1,positive
mg bagus,4,2,positive
splikasi tai,1,-5,negative
mantap,5,5,positive
bagus ful bintanya,4,2,positive
yes,4,3,positive
bismilah cari kerja tau dapet,5,-3,negative
puas,5,3,positive
tarik suka,5,5,positive
najis goblok jijik gua download,1,-17,negative
lihat,3,3,positive
moga manfaat bahan cari informasi,5,2,positive
moga manfaat,5,6,positive
ok ok laaaah,5,8,positive
mga manfaat,3,5,positive
koyok telek,1,0,neutral
download tau neg aplikasi faedah ato,1,-4,negative
,5,0,neutral
fio ndere,2,0,neutral
ig rickymarttt,5,0,neutral
tarik,2,2,positive
manntap,5,0,neutral
mudah kerja,5,6,positive
keren,5,0,neutral
good jobs my aplications,5,5,positive
ksh dl yaaa mw liat dl klo bagus ksh full,2,4,positive
coba,3,2,positive
ngk,2,0,neutral
moga muas,3,6,positive
,3,0,neutral
lowong kerja hasil neg mah gatau kerja,5,6,positive
jls neg goblok bikin penuh memori doang tolol,1,-9,negative
mantaap,4,0,neutral
nyoba kl bagus kasih neg full,3,4,positive
nol,5,-3,negative
download aplikasi ada neg,5,0,neutral
luas penhetahuan,5,3,positive
bagus baru,3,2,positive
yes,3,3,positive
bagus bnyak,1,2,positive
nyoba klo bagus,2,2,positive
ww,2,0,neutral
erti maxud tujuanya,2,2,positive
blum,5,0,neutral
nyoba,1,0,neutral
bagus belanja paket cicil,4,8,positive
ulu moga manfaat,3,6,positive
aq senang sekli,5,5,positive
mntaaaap,5,0,neutral
cukhp bzgus,5,0,neutral
kaya neg dah ngisi formulir eh d neg acc,5,-1,negative
moga manfaat bagus,5,8,positive
trima info,5,-2,negative
bagus like full,3,2,positive
good for job seeker,5,5,positive
mohon acc,5,2,positive
masuk dek,5,-3,negative
sata menark,4,0,neutral
bukti dl yaaa,3,-3,negative
gimana,5,0,neutral
bravo,5,0,neutral
good bro,5,5,positive
semogga acc,5,0,neutral
ewako,5,0,neutral
tau limit lg,4,-4,negative
kasi bantu android hilang,4,3,positive
donwload bangatkuota habis,1,3,positive
terima,3,2,positive
mudah mudah manfaat amin,5,16,positive
kasi mohon acc makas,5,-1,negative
gin dullu,3,0,neutral
nyobain ajar,3,1,positive
keren banget kenal,5,4,positive
coba,5,2,positive
sesal,1,1,positive
,4,0,neutral
diva teknik rubber,5,-2,negative
coba,4,2,positive
tau manfaat,2,1,positive
coba yahhh,3,-1,negative
olike,5,0,neutral
susah manfaat akademis krn kontak kontak berita tulis pendek,4,3,positive
tunggu kerja sini,3,3,positive
mantappp,3,0,neutral
yup gitu,2,0,neutral
ksh dllu but nyoba,4,0,neutral
manfaat,4,5,positive
media sosial,4,4,positive
muas,3,5,positive
instal dapat neg invalid browser chrome mohon konfirmasi,2,2,positive
br mo,2,0,neutral
god,5,0,neutral
good duluuu,4,5,positive
good good good,5,15,positive
coba okk,3,2,positive
bagus,5,2,positive
segitu yamasih,3,-3,negative
,3,0,neutral
klo,3,0,neutral
segitu,3,-3,negative
force close,1,-2,negative
smoga aju cepat acc,4,0,neutral
tau neg,5,-4,negative
ak enak,5,5,positive
mantaf,4,0,neutral
neng,5,5,positive
,5,0,neutral
ajah,3,0,neutral
ok coba,5,6,positive
fitur baharu,4,0,neutral
bisa neg username password,3,0,neutral
,3,0,neutral
good apps my network is grow by the way i cant upload pictures and videos from my galery can u figure it out thanks,5,8,positive
moga bantu meberikan lowogan kerja muas hasil,4,14,positive
wishing got a job,5,-3,negative
gatau,5,-1,negative
bisa neg gimana,3,0,neutral
tele ribet bikin puyeng,1,-8,negative
bantu layan,5,5,positive
aplikasih kini,5,3,positive
no komen,5,0,neutral
lengkap ragu neg,5,-1,negative
wahyuni,4,0,neutral
,5,0,neutral
kasi,5,-3,negative
ganti facebook,4,3,positive
mantap sa,5,5,positive
very good moga manfaat salam sukses,5,14,positive
bukti,4,-3,negative
moga bantu,5,4,positive
as news info,5,-3,negative
sae pis,5,0,neutral
bguss tambahin bintqx,4,0,neutral
selamat,5,5,positive
mdh mdahan bantu ksh aj,3,3,positive
aplikasinye luarbiasa,5,0,neutral
tolong,5,3,positive
semangat,4,4,positive
nice,4,4,positive
salam khatulistiwa,5,0,neutral
suka banget,4,4,positive
gabung,5,-5,negative
nice application very like it,4,4,positive
yaaa,3,0,neutral
very good fantastis,5,5,positive
,5,0,neutral
sngat bantu bos,5,6,positive
mudah hasil,3,7,positive
brooo,4,0,neutral
kayak keren,5,-3,negative
mantapkeren abis,5,1,positive
verry good,5,5,positive
manfaat,4,5,positive
bitlymaestrooptimacare,5,0,neutral
,3,0,neutral
lumayan bagus,2,3,positive
as usually,4,0,neutral
so easy me look for job,5,0,neutral
tap gays,5,0,neutral
bagus nambah,4,2,positive
,2,0,neutral
its good,5,5,positive
beyond,5,0,neutral
,4,0,neutral
bagus,5,2,positive
jalin sahabat bagus,5,6,positive
info uptudate,5,-3,negative
serasa kenal dunia smakin,5,4,positive
good job,5,5,positive
paham,4,0,neutral
good job i like it,5,5,positive
install kl pakai naikin rating,4,0,neutral
coba,5,2,positive
mencobasemoga manfaat,5,5,positive
karna tau manfaat ny,3,1,positive
bantu moga tingkat,5,5,positive
smoga manfaat smua,4,5,positive
komen bagus dah dr benjol,5,-1,negative
ko bisa neg tau salah mana,3,-8,negative
ood,5,0,neutral
dapat neg hapus android,1,-1,negative
kasi klo bagus,4,-1,negative
kali dapet kerja tentunyakarena allah,5,9,positive
bantu senang,5,8,positive
selamat,5,5,positive
good for relationship,5,5,positive
uasss,5,0,neutral
bantu cari kerja sesuai dg alam temu dg teman teman dg mudah,5,13,positive
very ood,5,0,neutral
manfaat tambah ruang lingkup kerja,5,2,positive
okkeee,5,0,neutral
luas professional network,5,3,positive
bantu bisnis,5,6,positive
kerenmembantu,4,0,neutral
dl,3,0,neutral
very good application,4,5,positive
bingung dng,4,0,neutral
salah mulu,2,-2,negative
guna dlm cari kerja,5,0,neutral
ngerti update oreo,5,1,positive
,3,0,neutral
coba,4,2,positive
guna banget info kerja,5,1,positive
good,5,5,positive
soip,5,0,neutral
slalu informasi loker,5,2,positive
moga cepat kerja,5,6,positive
amazing platform,5,0,neutral
tambah relasi kerja,4,8,positive
top,4,5,positive
sippp,4,0,neutral
lumayan mhl,3,1,positive
manfaat cari kerja sesuai latar didik sesuai alam kerja,5,17,positive
margreth imelda magdalena sembay,5,0,neutral
tooop markotop,5,0,neutral
trus tingkat kwalitasmu,5,1,positive
jayantiputramandiri,5,0,neutral
alhamdulillah tunjang karir,5,8,positive
ntah apl gw update oreo samsung gw besok guna apl,5,1,positive
mantap abisss,5,5,positive
hebat,3,0,neutral
good working,5,5,positive
,4,0,neutral
info loker,5,-3,negative
very good,5,5,positive
bagus banger cari lowong kerja,5,1,positive
dluklu bru,3,0,neutral
bagus jaring kerja,4,7,positive
superb,5,0,neutral
bagus aman,5,2,positive
hallo temu bug handphone memposting foto bisa neg foto simpan ada solusi terima,3,18,positive
good like,5,5,positive
apl bagus,5,2,positive
karya,4,3,positive
alami sulit masuk,5,-6,negative
lihat kembang,4,6,positive
the besth apl,4,0,neutral
coba,5,2,positive
moga guna depan,3,2,positive
,4,0,neutral
good joob,5,5,positive
lumayan bagus,4,3,positive
coba,5,2,positive
yes,4,3,positive
full ok,5,4,positive
optimis,5,0,neutral
keren dn tarik,4,2,positive
moga berkah,3,5,positive
bntg bertmbh liat kembang nyhh,3,5,positive
,4,0,neutral
super,5,3,positive
moga sejahtera keluarga,5,5,positive
,3,0,neutral
bug mana gabisa ganti profile foto profil dsb mohon baik,3,11,positive
duluklo bagus,4,2,positive
mengikutin ksh kemudi ok,4,7,positive
,4,0,neutral
nt ng nt r k l u ppn gu ru d h t m h n nt ng l g,4,0,neutral
bantu profesional,4,3,positive
berkah,4,4,positive
suka banget,5,4,positive
yesss,3,0,neutral
dukung kerja,4,6,positive
bintang,4,0,neutral
klo bagus,3,2,positive
mantappppp,4,0,neutral
kerja,4,2,positive
bantu tambahin bagus,4,5,positive
dulukalo bagus,3,2,positive
terimakasih teumanseumuanya,5,5,positive
buka peluang temu org hebat,4,5,positive
bagus hibur,4,2,positive
ribet bisa neg cerna,3,-9,negative
muas nambah,4,5,positive
dluklau aplikasi bagus bru tmbah,4,-2,negative
,4,0,neutral
test used,3,0,neutral
win streak,5,0,neutral
ksh,4,0,neutral
az,3,0,neutral
ngak jlass,1,0,neutral
bintang nnti ditmbah bagus,4,2,positive
manfaat,4,5,positive
bagus nambah bintang,4,2,positive
dluklo bagus naikin b,4,2,positive
manfaat cari,5,2,positive
cakrp,5,0,neutral
bisa neg ngapain download,1,0,neutral
baik,5,3,positive
okbanget,4,0,neutral
good,5,5,positive
ok tar ta tambahin,3,1,positive
smntara kl sya taambah lg,4,0,neutral
test dl,4,0,neutral
mantap gua pul,5,2,positive
i like this,5,0,neutral
makek,3,0,neutral
yesterday,4,0,neutral
ari ieu teh naon bere heula we urang tata kmha make na,3,0,neutral
batu,5,2,positive
keren banget,5,1,positive
okm,5,0,neutral
cocok sharing alam kerja,5,11,positive
smg bermafaat,5,0,neutral
jangkau segmen,4,0,neutral
bagus,4,2,positive
,4,0,neutral
bawa malesin bisa neg uninstal,1,-3,negative
bagus mea ambah teman,5,2,positive
sgt manfaat,4,5,positive
gooood,4,0,neutral
make be best,5,0,neutral
utama prifasi edukasi penuh sabar,5,5,positive
gabung,3,-5,negative
sip,4,0,neutral
moga guna informasi kerja jobs peluang usaha,5,7,positive
ok bingit,4,-1,negative
cari wawas,5,-3,negative
keren abis,5,1,positive
lumayan bantu,4,4,positive
aplikasix bantu mantappp,5,3,positive
,3,0,neutral
men,1,0,neutral
smga,4,1,positive
medsos keren profesional abal neg abal salut banget keren,5,1,positive
coba boss,5,2,positive
mudah akses,5,6,positive
like this,4,0,neutral
bagus,5,2,positive
blum pake ni siklo bagus aqu kasi,3,-1,negative
mudah info,5,1,positive
istimewahhhhh,5,0,neutral
moga bantu,3,4,positive
,4,0,neutral
good nice,5,9,positive
mksdny ap ko hrus donlod aplksi emg klo donlod gx trima pinjmn ny,2,0,neutral
aplikasi lot banget upgrade lancar bisa neg pakai versi lawas lancar,3,1,positive
akrab lg,5,3,positive
du gan,3,0,neutral
thakun barupemula beres neg linked,2,0,neutral
i like,4,0,neutral
greatest,5,0,neutral
alus,5,0,neutral
top,5,5,positive
oprasional,4,0,neutral
faham manfaat,4,5,positive
ok teman bisnis usaha motifasi sukses,5,11,positive
azha,3,0,neutral
blum thu,5,0,neutral
jajal pit,3,-4,negative
krenn,5,0,neutral
senang penuh,5,5,positive
faham si tpi aj moga manfaat,3,6,positive
toppp,5,0,neutral
ok jg,5,4,positive
lanjutkn,4,0,neutral
good aflikasi,5,5,positive
telat promopromo iklan,3,-5,negative
trimakasih smoga sukses dpn,3,7,positive
good job,4,5,positive
tau neg manfaat,5,1,positive
moga,5,1,positive
goodjobs,5,0,neutral
,4,0,neutral
woke banget,5,1,positive
mantaaaf,5,0,neutral
maju,5,0,neutral
dlukawan,3,0,neutral
ok banget,4,5,positive
bagus baget,5,2,positive
bantu cari referensi dunia bisnis,4,4,positive
good for my refrensi,5,5,positive
semangat,3,4,positive
oh,5,0,neutral
moga bantu,4,4,positive
suka,5,3,positive
good for looking for job,5,5,positive
dunia teman,5,1,positive
sansangat bantu,5,3,positive
not bad,4,-4,negative
masuk susah langkah aman ngisia cukup neg tgah jam ulang benci guna neg,1,-2,negative
,5,0,neutral
alami ganggu buka hp banding fb socmed,2,-1,negative
sinyal jelek,1,-5,negative
best performance,5,0,neutral
was verry nice driver bal,5,4,positive
lowong belit belit,2,-6,negative
bagus bobot sempurna,4,7,positive
ayoooo lombok,5,0,neutral
jijik habis neg recaptca,1,-2,negative
bantu,5,3,positive
bisa neg uda ganti sandi tetep bisa neg tolong solusi admin,1,9,positive
asyik,5,0,neutral
lihat bgm,3,3,positive
koneksi kawan n,5,2,positive
hubung tp info lowong ada neg,4,2,positive
klo cari kerja,4,-1,negative
lets try and continuos improvement,5,0,neutral
dapet,3,2,positive
moga apik,5,1,positive
ntar naikin bintangx lgi,2,0,neutral
,4,0,neutral
nyoba moga manfaat,5,6,positive
coy,4,0,neutral
,3,0,neutral
bagus mmbantu,5,2,positive
,5,0,neutral
good apps for get a job,5,5,positive
lazangww,5,0,neutral
dukung trima ksh,5,5,positive
,3,0,neutral
uji,3,1,positive
new,5,0,neutral
blajar,5,0,neutral
i like this,5,0,neutral
gratis,4,4,positive
puas,4,3,positive
,3,0,neutral
ajah,5,0,neutral
nyuba,4,0,neutral
haru up todate lg dt anggota,3,-3,negative
tahab nyobain,3,0,neutral
tahu,4,4,positive
sikap tindak sederhana,5,5,positive
bantu,5,3,positive
jngan kecewa,5,0,neutral
terima bagus teman nambah info,4,1,positive
jalan,3,0,neutral
the bezt,5,0,neutral
moga cpt,3,1,positive
si,5,0,neutral
luas silahturami,5,3,positive
moga bantu,5,4,positive
mudah bs bantu,4,7,positive
mudah akses,4,6,positive
i like,5,0,neutral
cba cari tau iya,3,-7,negative
its work,5,0,neutral
klo bagus,3,2,positive
bantu hubung kerjasama kontraktor,5,7,positive
bantu and thanks,5,6,positive
c,4,0,neutral
bagus wawas,5,2,positive
bagus bisnis n tambah wawas,5,8,positive
jos,5,0,neutral
mudah cari koneksi hubung orangorang,5,4,positive
ouch,5,0,neutral
wahana sharing informasi uptodate,5,5,positive
tambah wawas,5,3,positive
tolong klo virus iklan halau,5,3,positive
keren status jg jgn smua perlu neg,4,2,positive
goif,5,0,neutral
king,5,0,neutral
lowong,5,0,neutral
mudah imformasi,4,4,positive
nice for information jobbles,5,4,positive
bantu bisa neg masuk gagal ubah bintang,1,-4,negative
bagus tingkat,4,3,positive
okkk thankss,5,0,neutral
ok i want join,5,5,positive
bisnis lancar,5,7,positive
bagus relasi tahu,5,9,positive
nice application,5,4,positive
batu,5,2,positive
guna anak negri,4,-2,negative
suka bnyk jaring luas,5,9,positive
klw krjaan sino tambahin neg,2,0,neutral
lot,3,-5,negative
keren teman ilmu tahu,5,8,positive
marvelous and splendid,5,0,neutral
its oke,4,2,positive
sempurna,5,3,positive
bqik,3,0,neutral
bagus bgtbnyk dpt tmn br bs bnt kt cari kerja br tp syglinkedin tb hilang,5,4,positive
bagus kuntk cari kerja relasi,4,4,positive
bisa neg hubung akulaku,5,1,positive
ok tingkat kn,4,5,positive
puas akulaku,5,3,positive
mudah temu rekan dllm kerja,5,12,positive
bantu temu dunia kerja idamidamkan,5,8,positive
waowww hebat,5,0,neutral
good,5,5,positive
bnyak temen,5,0,neutral
good people good vibe,5,10,positive
good and safely,3,5,positive
dl,5,0,neutral
thank you very much,5,4,positive
jancok,5,0,neutral
terima smoga manfaat,4,7,positive
mejehlah sakieu mah,5,0,neutral
lamar ada neg hubung terima,1,7,positive
klu manfaat,3,5,positive
klu bagus tambah bintang lg,4,5,positive
kenal dgn org org sukses dpt motivasi lg,5,9,positive
puas,5,3,positive
beeguna bagus,5,2,positive
dl klo q,2,0,neutral
biar puas kasih,5,6,positive
okeythanks for apps,4,0,neutral
hade ey,5,0,neutral
bagus,5,2,positive
energi baru mari,5,7,positive
gua kasik bintaang,5,-3,negative
bagus dlm kembang jaring,4,8,positive
klo msk pernah neg dpt n lelet,1,0,neutral
duluklo bagus,2,2,positive
manfaat,5,5,positive
utama coba,3,2,positive
biar bicara,4,1,positive
bagus,5,2,positive
tambah relasi bisnis,5,9,positive
ok,5,4,positive
ntar jelek turun,5,-4,negative
,3,0,neutral
,2,0,neutral
ngerti aplikasi,2,-3,negative
terima moga manfaat,5,8,positive
tau,4,-4,negative
bantu tingkat kualitas,4,8,positive
solusi,5,3,positive
salaam slmat pagi trimakaziiih bantuanya,5,1,positive
bagus bintang,4,2,positive
mantaapp,3,0,neutral
untung,5,3,positive
ogood,5,0,neutral
sukses cari kerja,5,2,positive
hahahahah,4,0,neutral
bagus skali,5,2,positive
k,5,0,neutral
ah,3,0,neutral
bagus ntar lgi,2,2,positive
applikasi good,5,5,positive
bagus komunikasi bisnis lancar,4,11,positive
i like it,5,0,neutral
great work pokok bagus,5,8,positive
tarik,3,2,positive
tingkatkkan lg,4,0,neutral
mudah bantu,5,7,positive
foto sampulhahah,4,3,positive
jlas neg,1,0,neutral
bisa neg verify captcha susah masuk,1,-6,negative
can not install may be my phone sucks im using himax,5,0,neutral
nice apps,5,4,positive
ntar tambahin klo manfaat,3,5,positive
bagus krng erti,4,4,positive
sukses,4,3,positive
bantu bantu,5,6,positive
gooden,4,0,neutral
oke bnget,5,2,positive
bantu mohon mudah apply lamar kerja,5,11,positive
job architect,5,0,neutral
oke syafaruddin juang kerja buruh mari rapat baris kawan,5,12,positive
klo nnti tambahin,3,0,neutral
good,5,5,positive
bnyak info bisnis,5,0,neutral
more job need be published,5,0,neutral
cek,4,-4,negative
nats toserbaolshop,5,0,neutral
hati gmail bajak bajing,1,-1,negative
gatau,3,-1,negative
yes,5,3,positive
mantaf,5,0,neutral
good moga manfaat,5,11,positive
moga dijadiin informasi lowong kerja,3,5,positive
hebat,5,0,neutral
positif gabung dgn linkedl,5,-1,negative
joss top joss top joss top joss,4,15,positive
bantu cari informasi loker motivasi kerja,5,7,positive
ngajuin akulaku,4,0,neutral
manfaat,3,5,positive
gimana daftar pake google gagal tolong jelas,2,1,positive
bagus info lowong kerja,4,1,positive
mantap dah,5,2,positive
cari investor sawit,5,-3,negative
interaksi,5,3,positive
klo bagus,3,2,positive
use it and you will connected world,5,0,neutral
lihat aplikasinyasmga ngembantu akuinsya allahaamiin,4,3,positive
dpt krja,3,0,neutral
siiipp,5,0,neutral
baik,3,3,positive
ko bisa neg aju pinjam,5,-3,negative
moga manfaat,4,6,positive
bisa neg up,2,0,neutral
,3,0,neutral
good looking and representatif,4,5,positive
tingkat kuawalitasnya,4,1,positive
ok,5,4,positive
bagus erti,4,4,positive
bice,5,0,neutral
best,5,0,neutral
bisa neg ganti foto profil,2,6,positive
tob,4,0,neutral
hamba mu uang,5,0,neutral
klo bagus tambah neg,2,5,positive
alus ngabantu pis hade,5,0,neutral
ingintau,5,0,neutral
thank,5,4,positive
mantap,5,5,positive
bisa neg buka close update,5,1,positive
suka info welder,5,0,neutral
bagus aplkasinya,4,2,positive
suskses,5,0,neutral
i need you,5,0,neutral
akulaku yess,5,0,neutral
sijp,4,0,neutral
info kerja lengkap bantu,4,4,positive
greet,5,0,neutral
mantap nambah modal,5,7,positive
mantap nian,5,9,positive
very helpfull and can learn many thing also can connect with many high profesional many field of businessman,5,0,neutral
tunjang usaha tambah relasi rezeki,4,13,positive
senang bantu cari kerja,5,7,positive
manfaat,4,5,positive
mudah,5,4,positive
coz aq br nyobak,3,0,neutral
ribet,4,-4,negative
why i cant use my phone number verification i already try different phone number,1,-2,negative
bantu,5,3,positive
bermapaat wlpn ribet,5,-4,negative
bantu info kerja,4,2,positive
bravo,5,0,neutral
parah bisa neg bikin gagal langsung uninstal ajah,1,-6,negative
please message free tq,5,4,positive
bagusdan manfaat,5,5,positive
bantu,5,3,positive
bagus bintang,3,2,positive
gagal masuk payahhh,2,-7,negative
bagus c x,5,2,positive
lumayan teman,3,1,positive
sampah registrasi ajaa bisa neg guna neg,1,-3,negative
maju,3,0,neutral
sigab,4,0,neutral
great aplications,5,3,positive
masuk hebatnyatunggu mu,3,-3,negative
hebatmantapgood,5,0,neutral
keren my lovely,5,0,neutral
tidk copot tp bisa neg,2,1,positive
ok,4,4,positive
coba,3,2,positive
klok bagus aq kisih penuh,3,2,positive
cuba,3,0,neutral
payah masak nomor cuman bisa dipke wktu daftar pas coba nomor suruh ganti pasdiganti mau neg masuk sekrng punya neg nomor dipke trus daftar pke daftar aj repot gimna ngasih solusi admin tolong balas solusi,1,24,positive
laah,4,0,neutral
,4,0,neutral
oke,3,2,positive
makasih dpat ngebantu,5,4,positive
,5,0,neutral
bagus neg,1,2,positive
terima moga informasi kerja,4,7,positive
guna manfaat detail lengkap akurat terima,5,12,positive
bagus baut reperensi,5,2,positive
topapp,4,0,neutral
nice,5,4,positive
moga kerja,5,3,positive
moga sukses,4,4,positive
the best choice conected,4,0,neutral
ruang interaksi profesional maju personal komunal,5,0,neutral
trimakasih smoga bs buka peluang bs kerja sesuai dgn profesi,3,12,positive
,4,0,neutral
cari kerja ubah,5,-1,negative
coba,3,2,positive
wasteful and bad security validation please build more best,1,-7,negative
logout gilir susah blokir aneh,1,-2,negative
sinyal jelek,5,-5,negative
senang gabung,5,0,neutral
mudah lengkap lg fiturnya,4,6,positive
lowngn sepi,3,-3,negative
siiippp,5,0,neutral
excellen,5,0,neutral
loker beda lainkarena postingannya bobot guna,5,1,positive
yes,3,3,positive
mudah cari kerja,5,3,positive
perdana,5,0,neutral
sucess is my right,5,0,neutral
manfaat terimakasih,5,10,positive
nunggu acc,3,1,positive
hai salam sejahtera sukses,5,6,positive
terimah,5,0,neutral
suka tpi lebi klw update lg,5,3,positive
manfaat pd knpa d neg,5,5,positive
mantaaps,5,0,neutral
bantu meng up personal branding bantu tebar baik manfaat,4,14,positive
embuh lahh,2,0,neutral
good seller,5,5,positive
ok jiwa,5,4,positive
suka skali,5,3,positive
ok,5,4,positive
goddd,5,0,neutral
nice,5,4,positive
laper,5,-3,negative
okey good,4,5,positive
good appsgo a head,5,5,positive
rekomendasi,5,0,neutral
jelek instal bagus tabah jelek ngak,3,-3,negative
bantu,5,3,positive
jual beli ac,5,3,positive
oke,5,2,positive
good for comunication for expert engineer,5,5,positive
great way connect people arround the world,5,3,positive
moga akurat email reqruitment mudah,5,5,positive
bagus bantu,5,5,positive
ok,4,4,positive
butuh kerja,4,-3,negative
bisa neg update si,5,0,neutral
goooood,4,0,neutral
moga sukses,5,4,positive
ajar mohon bimbing terimakasih,5,11,positive
akulaku bantu,5,3,positive
mantap banget,5,6,positive
tamabh oke,5,2,positive
bantu cari loker,5,0,neutral
akulaku mantap,5,5,positive
mantap oke banget top,5,13,positive
sukses,4,3,positive
coba,5,2,positive
sukses slalu a l,5,3,positive
inovasi baik,3,7,positive
buka wawas,4,3,positive
i have a little problem about this applicationcan not be installplease solve my problemthanks,5,-4,negative
sukses trus akulaku n trus maju jaya,5,7,positive
top banget,4,6,positive
senang banget begabng liken,5,6,positive
bantu pepet dana,5,2,positive
mantaffff,5,0,neutral
oke mantap,5,7,positive
alus pissan,5,0,neutral
its justice,4,0,neutral
tolak,1,-4,negative
joz,5,0,neutral
coba,2,2,positive
okesekali,5,0,neutral
oke de moga maju jaya selaluaju,5,7,positive
goodaplikasi,5,0,neutral
goodmaju akulaku,5,0,neutral
ok sukses maju trus akulaku,5,7,positive
siiiiiiiiiiip,5,0,neutral
,5,0,neutral
gimana si h,3,0,neutral
oksemoga laku jaya kedepannyaamiinn,5,4,positive
apik,5,0,neutral
ok ok ok,5,12,positive
mantaf akulaku sip,4,0,neutral
mantappppppp,5,0,neutral
bagus jobseeker,5,2,positive
coba,4,2,positive
moga sukses,5,4,positive
aj,4,0,neutral
good job,5,5,positive
memperbaikin jalan hidup,4,2,positive
bagus jobseeker,5,2,positive
teing,5,0,neutral
bikin tarik,5,2,positive
mudah job sesuai,5,7,positive
very good for info job vacancies cookabcook,5,2,positive
susah downloadgagal trsjadi bt,3,-3,negative
for silaturahmi,5,0,neutral
tingkat komunikasi temanteman,5,3,positive
,3,0,neutral
akulaku moga jaya maju kecewa neg bener nyata,5,12,positive
bisa neg upload poto gallery,5,0,neutral
bagus,3,2,positive
tr klo tmbahin,4,0,neutral
ok,4,4,positive
suka namba alam dunia kerja,5,8,positive
moga loker mauantafffbisa nambaj wawas ajar,5,2,positive
keren manusiamanusia keren moga bill gates founder microsoft,5,1,positive
emezing,5,0,neutral
,5,0,neutral
bagus bnyk peluang dunia kerja,5,5,positive
ok,3,4,positive
berkah,5,4,positive
access pencaker dn usaha,5,1,positive
senang,4,5,positive
harap dpt kerja multi nasional dgn income amazing,5,5,positive
ngebantu,5,0,neutral
bantu bidang info loker,5,0,neutral
coba,4,2,positive
best,5,0,neutral
insha allah berqah,5,5,positive
good application,4,5,positive
hubung profesi bagi pengetahuanistilah dunia lebar neg daun kelor,5,7,positive
bantu impormasi kerja ngobrol dgn teman teman lamatks,5,6,positive
bagus sifat maju,5,2,positive
bs byk info loker alam interviewe byk usaha,5,0,neutral
moga usaha amanah langkah keluarga,4,15,positive
bintang,3,0,neutral
good work,5,5,positive
jejaring sosial bantu profesional kenal bagi baik amin yra,5,18,positive
inikita referensi pekerjaandan teman tukar informasi kerja,4,5,positive
yar tambah,4,3,positive
moga wasilah alloh swt terima usaha baik berkahamin yra,5,7,positive
bagus,5,2,positive
klau bagus tambh penuh,3,2,positive
bagus cari keerja,3,-1,negative
ku yes,5,3,positive
oke promote profile,5,5,positive
,3,0,neutral
mantaaaap,4,0,neutral
bantu,5,3,positive
lihat,3,3,positive
hem bingung,3,0,neutral
wewww,3,0,neutral
klobbagus ksh,4,0,neutral
mantap bro,5,5,positive
dulhu aplikasin dukung full bri,3,4,positive
very interesting,4,0,neutral
susah,1,-3,negative
nice job,5,4,positive
pakai,5,0,neutral
i lihat,5,3,positive
lumayan seru nambah ilmu,3,10,positive
sip kasi,3,-3,negative
klo beneran kasih neg full,2,5,positive
yobaa,3,0,neutral
,3,0,neutral
bisa neg didownload ulang,1,0,neutral
moga sukses,5,4,positive
liat,3,2,positive
paten loh,5,0,neutral
aj bagus,3,2,positive
mantp,5,0,neutral
suka,3,3,positive
suka,3,3,positive
testimoni nnty nambah,3,3,positive
mantapppppp,5,0,neutral
coba,4,2,positive
bantu sharing,3,6,positive
oke,4,2,positive
suka,4,3,positive
ok,5,4,positive
manfaat,5,5,positive
mudah manfaat,3,9,positive
,3,0,neutral
nice apps,5,4,positive
mudah cari kerja,5,3,positive
,3,0,neutral
duluklo,3,0,neutral
maknyusssss,5,0,neutral
nyoba klo bagus,1,2,positive
manfaat halhal positif,5,9,positive
,3,0,neutral
muantabss,5,0,neutral
execellent,5,0,neutral
yaaa,2,0,neutral
bagus,5,2,positive
manfaat menjalun networking,5,5,positive
mantap bantu,4,8,positive
bantu,5,3,positive
moga sukses sukses,5,7,positive
mantapz suka,4,3,positive
lihat,3,3,positive
,5,0,neutral
likeeee,5,0,neutral
ruaarrr biasah,5,0,neutral
tayang lowonga kerja yng bantu cari kerja terima,3,9,positive
seru jg,4,5,positive
ok,5,4,positive
hatur nuhun,5,0,neutral
bantu,5,3,positive
bantu bagusterima,5,3,positive
ada neg salah awal usaha apa usaha karya,3,4,positive
more more relation ship,5,0,neutral
bantu luas wawas,4,6,positive
kereeen,5,0,neutral
moga bagus,5,3,positive
ok,5,4,positive
nal,3,0,neutral
pervect,5,0,neutral
bewbie,5,0,neutral
mantaap,5,0,neutral
muas bik neg kecewa,5,5,positive
bantu bagus terima,4,7,positive
w a w,5,0,neutral
gabung,5,-5,negative
iok,5,0,neutral
thx mudah,5,4,positive
tess,3,0,neutral
brrmanpaat,5,0,neutral
dlm penkembngan,5,0,neutral
informasi moga akurat,4,3,positive
top,5,5,positive
e kursi sofa cabang bandungjakarta baguuus,3,0,neutral
,5,0,neutral
trimakasih mudah,5,8,positive
bring my job,5,0,neutral
sbagussss,5,0,neutral
tolong,5,3,positive
dood,5,0,neutral
network luas,5,3,positive
semangat,5,4,positive
tdi download msih gmn nh,1,0,neutral
siiplah,5,0,neutral
antap tingkat,4,-4,negative
mudah terima,5,6,positive
,3,0,neutral
butuh kerja,4,-3,negative
maaf msh training,1,2,positive
bantu bangun hubung,5,4,positive
jelek,1,-5,negative
lokerya,3,0,neutral
makasih gan,5,4,positive
loker abal,1,0,neutral
top among the pop,5,10,positive
tambah wawas,5,3,positive
coba,4,2,positive
pintu sukses kerja keras doa,5,9,positive
luarbias,5,0,neutral
belm terdownload,5,0,neutral
ebergik,4,0,neutral
,3,0,neutral
bisa neg valid neg,1,0,neutral
koneksi,5,2,positive
apklsi good,5,5,positive
daftar logout nyoba gabisa paswrd salah verivikasi email sms ttep gabisa tetep paswrdnya salah gimana,1,-7,negative
dah bisa neg masuk,1,-6,negative
lumayan bantu,5,4,positive
hubung mudah,5,5,positive
gooig,5,0,neutral
qu tau aplikasi kaya gmnah,4,-6,negative
bantu,5,3,positive
kl bagus bp ntang,3,2,positive
moga manfaat,5,6,positive
cayooo,4,0,neutral
goo jobs,5,0,neutral
bantu,3,3,positive
payah bisa neg bisa neg daftar masukin kode aman menu payah,1,-2,negative
,5,0,neutral
klo,5,0,neutral
bisa neg register redmi note x snap,2,0,neutral
simply and nice,4,4,positive
geeat,5,0,neutral
good i like it,5,5,positive
bagus dgn,4,2,positive
,3,0,neutral
manfaat bantu,5,8,positive
kesan sekalicepat akurat,5,0,neutral
mudahn,5,0,neutral
i have a job becase this thanks very recommended,4,3,positive
good job,3,5,positive
jajal bru,4,-4,negative
jelek rangin bintang,5,-5,negative
m good,5,5,positive
moga bantu cari kerja lagithanks,5,3,positive
bantu,5,3,positive
gc buka,4,3,positive
nyoba,4,0,neutral
mudah layan,4,6,positive
manfaat,5,5,positive
kuuuk,3,0,neutral
yes,5,3,positive
wa kasi,3,-3,negative
tau bru mo,3,-4,negative
gi go,5,0,neutral
banyak sahabat,5,7,positive
samsung galaxy s s,5,0,neutral
daftar pakai email tp gabisa masuk daftar ulang email pakai berti daftar ud tp ttp gabisa masuk,1,-3,negative
oke wawas,3,2,positive
moga slalu memamfaatkan sempat bagi peluang,4,3,positive
iya oke,3,2,positive
semakun mantab,5,0,neutral
mula,3,-3,negative
hati hati loker tipu ane tipu jngan srh transfer uang dg alas apa,1,1,positive
tingkat mutu thx,5,4,positive
bagus,4,2,positive
,5,0,neutral
bagus tp gmn nambah jangka,5,5,positive
ok banget lindked,5,5,positive
ok,5,4,positive
,4,0,neutral
bgis,5,0,neutral
klo bagus tambahin bintang,4,2,positive
get smart,5,0,neutral
bagi informasi tahu teman,4,8,positive
ni ken az,3,3,positive
bantu nilai manfaat dohabat,4,13,positive
gimana ka,3,0,neutral
iba,3,-5,negative
suka,5,3,positive
ngk paham tp,5,0,neutral
mebantu laklakii atauperemuan butuh kerja,5,-3,negative
fasilitas upload resume data anda baik usaha kapasitas uploadnya minimal mb,3,2,positive
jooosssluar,5,0,neutral
im gon na try,3,0,neutral
brharap solusi dapat inpormennya,5,5,positive
ok ok yes,5,11,positive
test,3,0,neutral
great,3,3,positive
mantep ajha,5,0,neutral
inspirasi,5,-3,negative
sukses sllu,5,3,positive
eklusif,5,0,neutral
liat,2,2,positive
profesional comunity,5,0,neutral
mantaffff jiwa,5,0,neutral
coneksi,3,0,neutral
,5,0,neutral
bantu,4,3,positive
no comen,3,0,neutral
sambung luas,5,0,neutral
tolong cari kerja sesuai mampu,4,7,positive
mantab,5,0,neutral
bagi tahu informasi,5,8,positive
coba,5,2,positive
bantu cari kerja,5,2,positive
hallow all comunity likein salam kenal mrjaiman sagala from indonesia,5,3,positive
wahana iring maju teknologi informasi linkedln manfaat,5,7,positive
tempe,2,0,neutral
oke,4,2,positive
verygood,4,0,neutral
thanks bantu,5,6,positive
semprul,5,0,neutral
manfaat info bisnis,5,5,positive
bagua,5,0,neutral
sya sgt suka aplikasih,3,3,positive
infornasinya bantu,5,3,positive
the best of the best,5,0,neutral
,5,0,neutral
didownload pas buka gambar doangagak kecewa,3,8,positive
taikkkk bikin bisaaa neg rugi download,1,-5,negative
bagus ntar tambahin,3,2,positive
tolong baik fiturnya lowong hoax ujung tipu,2,-2,negative
terpakza download kredit akulaku,3,0,neutral
so far so good,4,5,positive
hopefully could be made me stronger,3,0,neutral
tolong pulih virginiaifit ifit,5,3,positive
gokil,5,0,neutral
dl,5,0,neutral
batu,5,2,positive
low ribet neg tmbh,4,-4,negative
ok tambah bintang,3,7,positive
akurat,5,0,neutral
tp dapet kerja pake,5,4,positive
jempol,4,4,positive
terima mrmbantu,5,2,positive
gabung,4,-5,negative
daftar bisa neg,2,1,positive
mudah mudah peluang kerja cepat,5,13,positive
bsa ngajuin pjman,5,0,neutral
menginstal,5,0,neutral
bantu,3,3,positive
moga dapaat batu cari kerja mempermudh,5,2,positive
pokok mantap banget,5,9,positive
ok,4,4,positive
its ok search job,5,4,positive
manfaat relasi kerja,4,10,positive
good for all people,5,5,positive
super,5,3,positive
br coba,4,2,positive
bilang guna bilang ngebantu neg belegug,4,1,positive
no coment,3,0,neutral
mudah hubung teman,5,5,positive
okthanks,4,0,neutral
pakai applikasi bantu terima,3,5,positive
oke salut,5,2,positive
guna asik neg,5,5,positive
got job,5,-3,negative
trimaksih,4,0,neutral
gabung linkedln,5,-5,negative
up,4,0,neutral
gabung,5,-5,negative
we are linked,5,0,neutral
,3,0,neutral
q gabung,5,-5,negative
lumayan bantu,4,4,positive
ok,3,4,positive
baguuuus,5,0,neutral
moga cepat pekerjaanamiinn,5,4,positive
terimakasih pasang iklan,5,9,positive
smga manfaat,5,6,positive
erti neg,1,2,positive
bangun relasi kerja,5,5,positive
lope,5,0,neutral
gtw,3,0,neutral
mantap kembang profesionalisme,5,8,positive
sgtu tau isia heheheh,3,-4,negative
moga bantu,5,4,positive
bermangpaat,5,0,neutral
rumit verifikasi,1,-5,negative
mula,4,-3,negative
relationship,5,0,neutral
bantu skali kenal kalang,5,6,positive
baik putar job and experience,5,3,positive
manfaat bisnis,5,8,positive
very helpfull,5,0,neutral
manfaat,4,5,positive
lot klw hp,1,-5,negative
bisa neg masuk khusys kerja propesional,5,-1,negative
tambah informasi,2,5,positive
makasih moga cepat kerja,3,10,positive
senang gabung,5,0,neutral
joss gandos,3,0,neutral
tarik ni kayak,5,-1,negative
manfaat terimakasih,5,10,positive
klo mantap langsung,2,8,positive
ok,5,4,positive
busines,4,0,neutral
be friend,4,0,neutral
tingkat kualitas,4,5,positive
susah daftar pas gabung lamaaaa skali knpa gtu model,2,-1,negative
sgtu,3,0,neutral
siep,4,0,neutral
good tambah wawas lbih mudah teman alam dunia bussines indonesia,5,15,positive
lumayan nambah wawas,4,1,positive
bos,3,3,positive
terimakasih linkedid,5,5,positive
sing lancat,5,5,positive
tau,4,-4,negative
job bagus,5,2,positive
sanagat suka,5,3,positive
alam,4,2,positive
goodthnks,5,0,neutral
baik,5,3,positive
the thumb,5,0,neutral
tahap tahap capai sukses,4,7,positive
sabgat nembantu,5,0,neutral
ti,4,0,neutral
pasang suka,5,7,positive
bagus jg,4,2,positive
iya kerja,3,2,positive
waw download nggk nyesel,5,-5,negative
dulukalau oke bintang,4,2,positive
baguus,5,0,neutral
dapat cinta sejati,4,8,positive
walk of fame city as lost,5,-3,negative
insya allah bagus,5,7,positive
terima good luck,4,11,positive
terimakasih bantu,5,8,positive
capek verifikasi blasss bisa neg,1,4,positive
usaha fiktif mudah it jebol email spam tebar mana,2,2,positive
hoaks ok,3,4,positive
mudah bermanfaatamin,5,4,positive
terimakasihminta bantu kerja,4,5,positive
moga sukses manfaat,4,9,positive
manntaaappp,4,0,neutral
suksess,5,0,neutral
good job linkedln,5,5,positive
buka wawas barupeluang usaha barumembangun hubung kerjasama legalsukses anggota,5,5,positive
sukses,5,3,positive
terimakasih linkendin berkat mudah mndpatkan kerja alhamdulilah kerja sesuai harap bagus,5,25,positive
very nice,4,4,positive
usaha terima,5,3,positive
pnya tp faham dn bru tw dosen wktu bliau ngajar klo trnyta bsa untk mudh cari pkrjaan smga bsa untk mdah cri job skrng bntng,3,-2,negative
download mudah bs bantu dlm cari kerja,5,6,positive
simply informatif and easy use,5,0,neutral
i just installed and my command good,5,5,positive
dulusoalnya tipu atsnma prushaanmhon tingkat aman,3,1,positive
terimah sempat,5,0,neutral
pakai gw,5,0,neutral
mabtap,4,0,neutral
bs neg cri kerja,1,2,positive
senang temu teman,3,7,positive
membantuthanks,5,0,neutral
rumit,5,-5,negative
x z acc z langsung licin acc,5,7,positive
bagus,3,2,positive
klo bagus tmbahin bintag,3,2,positive
download,2,0,neutral
joz bagus,5,2,positive
moga sesuai jalan tambah trims,4,11,positive
nyaman,5,4,positive
id like a blink,5,0,neutral
simple luarbiasa,5,3,positive
lg ken ajar,5,4,positive
tuh tmn,5,0,neutral
teman wawas tahu,5,4,positive
informasi informasi baharu wawas dunia kerja usaha mantap,5,13,positive
mantabbb,4,0,neutral
yacari teman,3,0,neutral
good applications,4,5,positive
jalin sahabat,4,4,positive
informasi akurat,3,2,positive
bagus realisasi,3,-1,negative
tambah koneksi good job,5,10,positive
ok oc,5,4,positive
msntap,5,0,neutral
suka mudah sosial media,4,11,positive
bagus tambah teman,5,5,positive
moga manfaat bagus,4,8,positive
moga hasil,5,4,positive
moga cepat kerja,3,6,positive
wish you all the best,5,0,neutral
cari patner,5,-3,negative
want try,5,0,neutral
,3,0,neutral
mudah cari kerja,5,3,positive
gampang tgl nambah,4,4,positive
bagus bantu kerja,4,7,positive
,5,0,neutral
goodjobs,3,0,neutral
testing,4,0,neutral
moga sukses,4,4,positive
bagusssssss,5,0,neutral
place support,4,4,positive
bagus bangun jaring good for jobseeker,4,10,positive
klo bagus bintang nnti jendral,4,2,positive
apkikasi kenal profesi thx,5,3,positive
nyaa moga manfaat,3,6,positive
bagus bet aplikasi,5,-2,negative
apl,3,0,neutral
bisa neg daftar,4,1,positive
elegant,5,0,neutral
oke banget,4,3,positive
dech yaam,4,0,neutral
bagus promosi,4,2,positive
people so awesome their jobthanks,5,0,neutral
moga manfaat jalin persahabtan,5,6,positive
anak tolong bantu,2,3,positive
bagus tingkat,4,3,positive
alfred hocsdi,5,0,neutral
moga sllu baik bgi,5,4,positive
coba ok diterusin,3,6,positive
senang brgabung disinismoga prshabatan ttp trjlin selma nyaslm hock,5,5,positive
near perfect,5,0,neutral
tester,5,0,neutral
linkin park,5,0,neutral
,4,0,neutral
bantu temu teman kerja,5,7,positive
pokok e joss,5,3,positive
nyobian heula,3,-2,negative
silaturrahim,4,0,neutral
cba,3,0,neutral
terimakasih bagi informasi,5,9,positive
kenal bagi dunia kerja,5,8,positive
senang bertemen thanks sihar albert auditor gbu,5,8,positive
ok good,5,9,positive
oke ajang informasi karier,4,1,positive
professional,5,0,neutral
sip update,5,0,neutral
yusepul dah,5,-3,negative
,5,0,neutral
banget,4,1,positive
ukey,5,0,neutral
bantu tolong up date info job percaya,5,5,positive
kali info kerja sahabat sahabat,5,7,positive
,3,0,neutral
aplikasi bagus guna bagus tanggung bener neg isi mengatasnamakan managemant,5,4,positive
lumayam,3,0,neutral
hoyong damel,5,0,neutral
bantu cari job,5,0,neutral
yoiii,5,0,neutral
benar,3,2,positive
good informations for jobs,5,5,positive
actually this aplication not bed but i dont udestand why message not any attrach for file like excel power point word and ect and the data for aplication so big and slow loading please give me feedback and hope this can be better than this time,3,-5,negative
it is counten very well,4,0,neutral
penguna tolong rinci,1,3,positive
moga menbawa berkah,5,5,positive
verifikasi main tebak gambar jengkel maaf uninstall terimakasih tebak gambar,1,15,positive
no coment,2,0,neutral
minat linkedln,5,4,positive
masuk,4,-3,negative
menxukung peluang usaha,5,1,positive
dinamis,5,0,neutral
moga untung,4,4,positive
suka,5,3,positive
bagus tearah,4,2,positive
tarik terimakaih,3,2,positive
oknum tanggung neg dgn mengatasnamakan rekrutmen hati tolong kyk gin sgera atas,2,-1,negative
bagus,2,2,positive
,5,0,neutral
teman saudara,5,0,neutral
bin lelet,3,0,neutral
ok kuota update update,3,2,positive
bagus kadang lelet,4,5,positive
realiaaai benara,5,0,neutral
sop,5,0,neutral
robot neg muncul ketik gambar dg solusi,1,6,positive
okey okey,5,0,neutral
bagus kalang bisnis,5,5,positive
bantu jobseeker,5,3,positive
,4,0,neutral
okey bagus,5,2,positive
ok bantu,5,7,positive
pantang serah,5,-2,negative
linkedln bisa neg kirim video,5,2,positive
congratulation,5,0,neutral
mudah bantu cari kerja,5,6,positive
,5,0,neutral
lumayan nyoba,3,1,positive
hallo everyone,5,4,positive
good,5,5,positive
jos,5,0,neutral
its something new for me awesome,5,0,neutral
not bad,2,-4,negative
gw,5,0,neutral
,3,0,neutral
jalan hidup,5,2,positive
pangkas manfaat,4,5,positive
syiapa tau rizeki kerja,5,-2,negative
domain email abal abal tolong diberinfitur report filter semacm moga manfaat jebak neg lowong kerja palsu,3,11,positive
eror lambat input or edit profil,1,-3,negative
kembang ilmuyg bagus,5,5,positive
info job updeet,4,-3,negative
god jobb,5,0,neutral
dullu,2,0,neutral
verifikasi sampe mnit sndri kaya teka teki aman ribet,2,-2,negative
bagus banget,4,3,positive
siip dah,4,-3,negative
moga,5,1,positive
coba,3,2,positive
,5,0,neutral
lengkap butuh,4,-3,negative
smoga sukses,1,3,positive
manjalon teman bisnis,5,3,positive
very nice,4,4,positive
try first if its good ill give stars,4,5,positive
untung kenal tenaga profesional,4,9,positive
coba klo ok kitatambah bintngny,4,6,positive
hidup iring doa usaha,5,7,positive
vmonoton utuk chat tren moderen,3,1,positive
good virtual design,5,5,positive
bantu banget,5,4,positive
looking for jobs,4,0,neutral
more friends more opportunities,5,3,positive
bukti tambahin,3,-3,negative
knp verivikasi langkah aman install,3,4,positive
moga brmanfaat bru,4,1,positive
mudah cari kerja,5,3,positive
sukses,5,3,positive
nice,4,4,positive
smoga manfaat slalu,4,5,positive
ssh x bk linkrn,3,0,neutral
mantaf,4,0,neutral
suka,4,3,positive
tingkat online shop company profile,5,1,positive
keren banget,5,1,positive
nice,5,4,positive
top skor,5,5,positive
moga sukses,5,4,positive
awesomoe,5,0,neutral
inspiratif,5,0,neutral
pokok keren,5,3,positive
mamtap,5,0,neutral
like it,5,0,neutral
mudah say mendowload bahan kuliah,4,3,positive
mantap bayak teman,4,5,positive
toap,5,0,neutral
oklah,4,0,neutral
informasi usaha pas businis,5,6,positive
b,5,0,neutral
mula,5,-3,negative
manfaat,5,5,positive
ok shiip,5,4,positive
pokok oke oce,5,5,positive
bisa neg upload artikel gambar file,4,-2,negative
informasi teman kota,5,1,positive
bagus teman,4,2,positive
ferfect,5,0,neutral
banyak temana,4,3,positive
nice work,5,4,positive
bagus hubung dunia luas,5,7,positive
a completeplatform for your professional career,5,0,neutral
,4,0,neutral
excellent,5,0,neutral
very very very good,5,5,positive
bantu saman dlm sahabat,5,7,positive
your besttt,5,0,neutral
coba,4,2,positive
media sharing positif guna medsos mari bagi kaya wawas kebinnekaan indonesia,4,16,positive
ajar and ajar,5,2,positive
harap capta hilang krn menganggu klik klik tp kelar neg,1,9,positive
moga,4,1,positive
tau krna pake,3,-4,negative
manfaat,4,5,positive
moga good,5,6,positive
banyk solusi dr trma ksh,5,3,positive
bagi sukses,5,5,positive
,5,0,neutral
guna,5,1,positive
sipp,4,0,neutral
moga bantu tambah relasi,5,10,positive
tingkat,5,1,positive
mantap bagus aplikasi,4,3,positive
kalu bagus full,3,2,positive
diferent and usefull,5,0,neutral
keren,4,0,neutral
tar coba,4,2,positive
bantu cari kerja tambah relasi,5,8,positive
we are the water solution,5,0,neutral
bantu sich,4,3,positive
bahus,5,0,neutral
bisa neg daftar,1,1,positive
mna kualitanya,3,0,neutral
ooo kk,5,0,neutral
masuk proses diulangulang,1,-2,negative
gampang cari teman kerja,5,3,positive
good apps i like it,5,5,positive
joss,3,0,neutral
blum cobak nti klu ok tk blang sanggat bantu dar makasih,5,11,positive
top,4,5,positive
ntar klo bagus tambahin,3,2,positive
dl mdh bagus apl,3,2,positive
mantep bsa ama org org sukses,5,3,positive
,5,0,neutral
bagus aplikasi,4,-2,negative
bantu,5,3,positive
coba,4,2,positive
iklan,3,0,neutral
superbly usefull keep up the good work,4,5,positive
ziiippp,5,0,neutral
oke,5,2,positive
masuk,4,-3,negative
dunia luas,5,4,positive
good keep it up,5,5,positive
masuk mudah,4,1,positive
coba dulukalau manfaat nambah,3,7,positive
tambah koneksi,5,5,positive
bagus sngt bantu,5,5,positive
males banget buka share bisa neg langsung ngambil gallery masuk berkas susah nyari foto upload,1,-2,negative
lengkap tambahin,2,2,positive
lin bsa komunikasi ama rekan sepropesi cari peluang,5,3,positive
mem bantu cari kerja sesuai skil,5,5,positive
sngat mmbantu sya full kn ny,3,0,neutral
admintolong diperbaikisaya kali kirim fitur pesan hasil gagalmohon tanggap kembang,3,13,positive
salam hormat,4,0,neutral
out,3,0,neutral
seruuuu,5,0,neutral
bagus tambah,3,5,positive
,4,0,neutral
sempurna,4,3,positive
coba bagus kash full,2,4,positive
just like it,5,0,neutral
bagus langsung,2,5,positive
out buka linkedid,2,3,positive
moga bagus lg cari kerja dpt informasi putar lowong kerja,3,6,positive
klo paham tingkat,3,1,positive
tank you,4,0,neutral
gabung,3,-5,negative
cari tau guna nu,5,-6,negative
tarik full ok,4,6,positive
,5,0,neutral
,4,0,neutral
senang,5,5,positive
sdg dlm coba,4,2,positive
batu zy,5,2,positive
nnti klau bru,3,0,neutral
all shall be perfect,5,0,neutral
kasi dl bagus promosi jenderalok,3,-1,negative
yesgood,4,0,neutral
bizzz,5,0,neutral
ydah dah tanggung aflikasi abal uadah panggil kerja sampay,5,-4,negative
is the best,4,0,neutral
jooss,5,0,neutral
moga manfaat ijin nyoba and jempol full,5,10,positive
we hope is fine than the others,3,3,positive
knpa susah aq bikin,3,-3,negative
bantu informasipekerjaan,5,3,positive
bagus share info loker,5,-1,negative
yaw,5,0,neutral
coba,4,2,positive
manfaat bagi tahu,5,11,positive
good karier,5,5,positive
batu activity kerja,4,4,positive
thanj for your kinds,5,0,neutral
sarana tukar tahu,5,5,positive
maknyuss,5,0,neutral
,5,0,neutral
oke,5,2,positive
bagus cari loker,5,-1,negative
mantp,3,0,neutral
can ngarti euyyy,5,-3,negative
thanks bro,4,3,positive
ok dech,3,4,positive
supoort,5,0,neutral
duluntar kalok bagus tambahin,3,2,positive
yes allrigth,5,3,positive
good performance,5,5,positive
cocok,4,4,positive
test,3,0,neutral
,5,0,neutral
like,1,0,neutral
jadi hidup mudah,5,7,positive
harap bantu,3,6,positive
bagus guna cari informasi,5,2,positive
good luck,4,9,positive
aplikasi,4,-4,negative
gimana gabung nulis perintah tapi langkah aman bikin susah,1,-4,negative
applikasi bantu unt informasi guna info lowong kerja,5,5,positive
good,4,5,positive
mudah temu loker good job,4,11,positive
mantabbb,3,0,neutral
come joint travelling a lombok island,5,0,neutral
hasil join,4,4,positive
gabung lanjut,3,-3,negative
ya neg kl info pakai neg bahasa ingris ngerti neg,5,-2,negative
suka,5,3,positive
wawas,4,0,neutral
pake ngerti,2,1,positive
,4,0,neutral
ketemu,5,1,positive
bantu,5,3,positive
batu banget linked temanketemu teman tambah wawas cari kerja,5,5,positive
,3,0,neutral
manfaat kerja profesional,4,7,positive
ok ok,5,8,positive
wawas luas,5,3,positive
,5,0,neutral
bagus lg,3,2,positive
,5,0,neutral
kl,3,0,neutral
yahlumayanlah,4,0,neutral
no understand,3,0,neutral
hubung cari kerja dunia,5,1,positive
aplikakasi,5,0,neutral
soiip,5,0,neutral
,2,0,neutral
nyobain,5,0,neutral
bergina banget informasi,3,3,positive
bagus insya allah,4,7,positive
,3,0,neutral
,3,0,neutral
make bagus,3,2,positive
kali hilang gitu email sandi aj bisa neg buka tolong donk blas bagimana biar,1,10,positive
puas aplikasi,5,-1,negative
sulit display berat page,5,2,positive
karna daftar sulit,3,1,positive
happy fun,5,5,positive
moga dapar kerja,5,3,positive
dunia maya dh macem,2,-1,negative
bantu sahabat,5,7,positive
lebih,3,1,positive
hati hati loker tipu dalih biaya akomodasi mengatasnamakan travel,1,3,positive
bantu jadi chanel seluruh dunia,5,5,positive
harap sesuai,3,6,positive
okay,4,4,positive
awesome by eastjava,5,0,neutral
ok,4,4,positive
terimakasih lk,5,5,positive
suka,5,3,positive
jenpok,5,0,neutral
bingung aplikasi,3,-4,negative
kerja network,4,2,positive
gabung gagal melulu,2,-12,negative
bantu cari kerja,5,2,positive
verfikasi sandi ulang kali,2,0,neutral
susah,3,-3,negative
jaya,5,4,positive
tarik,4,2,positive
manis,5,5,positive
siiip,5,0,neutral
sayang ada neg terjemah,3,7,positive
minat neg teman ngasih tau,2,3,positive
me and yu,5,0,neutral
bagus,5,2,positive
,5,0,neutral
gooodd,4,0,neutral
xp cp motor atv,4,0,neutral
,4,0,neutral
,3,0,neutral
hp sulit snyt krng,3,0,neutral
saran neg masuk linkedln lowong tipu filter,1,-1,negative
maya,3,0,neutral
sulit masuk,4,-3,negative
bantu tingkat network,5,4,positive
lihat,4,3,positive
muas,2,5,positive
terpecaya,5,0,neutral
install,5,0,neutral
bisa neg akses web,4,2,positive
verifikasi masuk susah jelas neg susah masuk verifikasi robot neg sungguh sayang,1,-4,negative
bagus batu,5,4,positive
thanks,5,3,positive
goodverry good,5,5,positive
sukses nda mesti mahal,5,1,positive
tipu mengatasnamakan usaha cari kerja karyawan uang,1,3,positive
bagus mudah cari teman kerja,4,5,positive
ajar manfaat,4,6,positive
yess,4,0,neutral
terima linkedln berkat km mudah cari kerja temu byk teman usaha lokal negeri,5,9,positive
pngguna,4,0,neutral
linkend cepat profil teman,5,3,positive
moga usaha kembang,4,5,positive
super,5,3,positive
help full,5,2,positive
mantapp,5,0,neutral
oke try,3,2,positive
good job,3,5,positive
tahan mudah,5,5,positive
tau langsung dpt kerja,5,1,positive
nyoba,2,0,neutral
salam perdodara an sh terate,3,0,neutral
bantu bisnis,5,6,positive
baruh ko stiap minggu sihh,3,-2,negative
bagus moga manfaat,4,8,positive
tolong terjemah bahasa indonesia benci gw apl bisa neg download,1,3,positive
good tool,5,5,positive
aplikasi bagus nambah,3,-2,negative
samgat bantu,5,3,positive
until now update why update again and again but if your signal bad can not conect if we travel around and get bad signal some town only say bugbugbug please we need this make update help everyone everywhere africa cuba or small island no name thx for att,3,-9,negative
good inspirator,5,5,positive
manfaat,4,5,positive
semogah manfaat,5,5,positive
paket internet as hajar mendownload mb,5,-1,negative
optimal,1,0,neutral
info baru dpt inform lwt email,4,-3,negative
sip,3,0,neutral
good solution creditial global,5,5,positive
nmbh lg,3,0,neutral
good application butmake simplethanks,4,5,positive
good aplication,5,5,positive
kerja akurat,5,2,positive
ok,5,4,positive
profesi profesionalisme,5,0,neutral
you you,5,0,neutral
okmoga sukses,5,3,positive
cocok b,3,4,positive
sbenarnya bagus suka aplly lowong sign pas pakai sansi salah nggak lamar mana,2,5,positive
excellant,5,0,neutral
mudah manfaat,5,9,positive
bisa neg,1,0,neutral
bisnis,5,3,positive
bagus simpel informasi,5,7,positive
yaaaa keren lahhh,5,1,positive
keren banget percaya,5,3,positive
bantu informatif,5,3,positive
universal lingkup luas cocok kerja negri cari kelas s alam bahasa default inggris cocok fresh graduate aman ketat tipu mengatasnamakan pt kenal iming gaji cari wanita embel mess bukti syarat kualifikasi persis beda pt,1,-8,negative
okkkk,5,0,neutral
pusing bayar sekolah pinjam daftar kuliah butuh dana juta,5,3,positive
very nice n good,5,9,positive
baru tpi tman msih smga dpet bru,5,1,positive
fiturnya bagus,5,2,positive
siipppp,4,0,neutral
mantapppp,4,0,neutral
pindah kartu memory,5,1,positive
linked srlalu dukarcfy buka krn luoa password saranksn afmin libked fafilitas penggsntiisn password simpel safe jsngan fpt google ribet,3,2,positive
iklan,3,0,neutral
good i like,5,5,positive
bagus komunitas profesional,5,4,positive
great,4,3,positive
formal,2,2,positive
oke,3,2,positive
sederhana,2,3,positive
salam sukses,5,3,positive
ok,4,4,positive
i like,5,0,neutral
jempol biar up date,5,5,positive
mahal,5,1,positive
nyoba,2,0,neutral
informatif bantu,3,3,positive
update biar keren,4,1,positive
cari baiksp tau blanx,4,-7,negative
ntar,3,0,neutral
,5,0,neutral
is the best,5,0,neutral
apagk ng rti,4,0,neutral
puuas,5,0,neutral
,3,0,neutral
,4,0,neutral
user mula tingkat layan,4,0,neutral
komunikasi informasi,5,4,positive
bagus,4,2,positive
bagus,5,2,positive
okbanget,5,0,neutral
mayan,3,0,neutral
jelas neg,1,1,positive
sayang bisa neg salin teks,3,3,positive
top,5,5,positive
tetep ok,5,4,positive
mudah,4,4,positive
bismillaah yaaa cari kerja cocok syaa allaah,3,3,positive
,4,0,neutral
suka bagus banget,5,6,positive
helping me find out my friends connect with them thanks,4,6,positive
coba duluaq,3,2,positive
krna bru versi android web suka,4,3,positive
bagus,5,2,positive
highclass keren,5,0,neutral
emang sip,3,0,neutral
,4,0,neutral
,4,0,neutral
bagus partner kerja,5,4,positive
bagus manfaat bisnis,5,10,positive
simple network bussines,4,3,positive
klo ok,4,4,positive
ngerti neg ni tamu,5,1,positive
informasi bagi cerita slalu baik,4,9,positive
,3,0,neutral
pasang nyampe jam nggak muncul,2,6,positive
tolong,4,3,positive
,5,0,neutral
,4,0,neutral
testimoni,5,3,positive
bagus koneksi,5,4,positive
helpfull application,5,0,neutral
god job,4,0,neutral
bener kah,5,3,positive
mantappp,5,0,neutral
ariestriwahyudise,5,0,neutral
moga,5,1,positive
bismilah test,5,0,neutral
keren n mantab,4,0,neutral
bru pakentr klo bintang,3,0,neutral
top banget smoga smakin ngetop,5,6,positive
bagus satu teguh cerai,5,1,positive
i so happy use this application can help me join other people and sharing about some business thanks,5,14,positive
bantu kawan,4,3,positive
bagus guys,3,3,positive
lumaya bantu,3,3,positive
tambah relasi,5,6,positive
the best for teacher,5,0,neutral
kenal tpi prnah nyoba,5,3,positive
klo bagus nambah,1,2,positive
tanks sngat bantu,5,3,positive
,4,0,neutral
its so exciting meet the best people on their world,5,0,neutral
guna,5,1,positive
suka kadang sulit daftar cari pkerjaan,4,4,positive
bug bisa neg update profil,2,0,neutral
gimana jogetnyaklo mantab gpp,3,0,neutral
matnap bagus,5,2,positive
baharu,5,0,neutral
keep going,4,0,neutral
gabung aktiptapi neg setia,3,-9,negative
moga sukses slalu,5,4,positive
ribet masuk keamananny ribet ulang masukny,2,-11,negative
bagus,3,2,positive
m t p roo,5,0,neutral
sukses,5,3,positive
dl kl br tmbh,3,0,neutral
is good,5,5,positive
simple easy acces,5,3,positive
bagus bintang,3,2,positive
manfaat jalin komunitas kembang relasi,5,13,positive
great for the professional each others,5,3,positive
moga guna,5,2,positive
godjob,4,0,neutral
moga manfaat job,4,6,positive
mudah temu relasi,5,9,positive
tau neg bisa neg masuk ket valid neg lewat puluh aman ganti sandi hapus data masiihhh bisa neg hadeeeuuhhh,1,-8,negative
block iklan,2,-4,negative
ok referensi,5,4,positive
coba,3,2,positive
luas hub kerja,5,5,positive
malas pakai,1,-4,negative
sya senang suka dngan,5,8,positive
coba,3,2,positive
manfaat,3,5,positive
tukar informasi,4,3,positive
coba untung dr sebu,4,5,positive
bantu,3,3,positive
mencobaklo bagus n bintang,4,2,positive
jaring,5,3,positive
okeeeeeeeeeeeee,5,0,neutral
bagus banget,5,3,positive
kenemu,5,0,neutral
bantu fresh guadate,5,1,positive
lengkap,4,2,positive
,4,0,neutral
sipp good,4,5,positive
br download smg manfaat,3,5,positive
mudah hubung kerja,4,7,positive
positif,5,4,positive
suka,5,3,positive
mantap mudah an guna,5,10,positive
good opportunity,5,5,positive
tester yach,3,0,neutral
smga depan lg,4,1,positive
tig u ti k u i u k i,3,0,neutral
mudah promosi bisnis,3,7,positive
kl banyak lg info,5,0,neutral
thanks,5,3,positive
klo bagus tamba,3,2,positive
atur email notifikasi bisa neg,3,4,positive
i love,5,5,positive
ajar,4,1,positive
,5,0,neutral
msa coba kl ngs tambsh neg,2,2,positive
the best for,5,0,neutral
bagus,5,2,positive
this application is very good thanks,5,8,positive
bantu,3,3,positive
tambah kreatifitas sendiri,4,0,neutral
unt terima info positif,5,3,positive
senang banget,5,6,positive
good apps,3,5,positive
mantap sya kerja,5,7,positive
kurang hoax,4,-8,negative
i love dd,5,5,positive
goodtingkatkab,5,0,neutral
mudah,5,4,positive
emang top lahhanya benah lagikl aq send masages org aq knal mau neg buka tool send masages bro thanks,4,16,positive
amazing,4,0,neutral
,5,0,neutral
mantap,4,5,positive
penis,5,-5,negative
sagat bantu,3,3,positive
good tpi jgn suka lot lg,4,3,positive
this is world your the control,4,0,neutral
good,5,5,positive
gurih,5,1,positive
trims,4,4,positive
,4,0,neutral
meningkatakan relasi,4,3,positive
good boy,5,5,positive
no komen,2,0,neutral
good for organitation,5,5,positive
cari kerja pas cari sempat karir recruiter cari talent sesuai tugas isi profil lengkap alam didik kursus timbang recruiter menghire,5,7,positive
best moment,5,0,neutral
tingkat program,5,1,positive
good job bro,4,5,positive
bagus ngerti pake hehehhe,5,3,positive
mantap om,5,5,positive
go on top,5,5,positive
bangun jaring,5,3,positive
sangatembantu,4,0,neutral
good apps very recomended this apps,5,5,positive
bantu mantap,5,8,positive
coba ntar tambah bintang bagus,1,7,positive
manyun,3,0,neutral
good joobs,4,5,positive
manfaat guna,5,6,positive
bisa neg didonwload salah tulis,1,-4,negative
senang dgn aplikadi,5,5,positive
helpull,5,0,neutral
greaters,5,0,neutral
bantu menamba rekan cari kerja,5,6,positive
good lumayan cari kerja,5,5,positive
ok ajj,5,4,positive
baru mei dapat neg pindah micro sd this application can not be moved sd card,1,3,positive
,3,0,neutral
mantap,4,5,positive
siip,5,0,neutral
bagus kembang jaring,5,8,positive
agrobisnis and gemstones,4,0,neutral
dapat,5,2,positive
jet a job easily,5,0,neutral
is the best,5,0,neutral
mantaap,3,0,neutral
paham,2,0,neutral
moga eks,5,-2,negative
suka,5,3,positive
moga bagus,5,3,positive
i cant write my note for my friendsnhmm,3,0,neutral
yeahh,3,0,neutral
lihat ahbaru suka,3,6,positive
its just began for growth,4,0,neutral
maaf ajar,3,3,positive
oke untk sudh fham,3,2,positive
ketemu teman,4,1,positive
tanda,5,-2,negative
lumayan nambah gaul,3,-2,negative
maju teknologi tuntut ajar teliti manfaat,5,3,positive
,4,0,neutral
asik relasi good jobs linked,4,12,positive
bingung cari mohon arah jelas usaha bidang likendin anggota,4,-1,negative
,3,0,neutral
koneksi kerja,4,4,positive
jaga sholat,5,7,positive
,2,0,neutral
save bahagia,5,4,positive
bantu,3,3,positive
mogamoga ngebantu banget,5,1,positive
mohon,5,2,positive
amazing sosmed for the future,5,0,neutral
bagus tingkat,5,3,positive
ntar tambah,4,3,positive
sip,4,0,neutral
kereeeeennnn,5,0,neutral
bagus suka,5,5,positive
be happy,3,5,positive
bagus,5,2,positive
mantab mending jadi bb simpel dah makan neg makan ram hp lowend,5,5,positive
hidup lillahi taalaa,5,2,positive
mudah,3,4,positive
bagus,3,2,positive
kembali data ku,5,-3,negative
i always renew this but still cant moved micro sd card why,5,-2,negative
klo bagus nnti mudhan bantu,3,5,positive
payah,1,0,neutral
good for job seeker,4,5,positive
lumayan cari info loker,5,-5,negative
interaksi maju bravo,5,3,positive
,4,0,neutral
baguss bangettt,5,0,neutral
manyap,4,0,neutral
new clean and responsive,5,0,neutral
bagus lahh,4,2,positive
sukses,5,3,positive
awam,5,0,neutral
kiro kiro iso ora iki,3,-3,negative
,3,0,neutral
sippp,3,0,neutral
lina,5,0,neutral
lumayan,3,1,positive
juang henti neg,5,-1,negative
i love this apkits very useful,5,5,positive
bagus bisnis,5,5,positive
bantu fresh graduet,5,1,positive
greatt,4,0,neutral
great,5,3,positive
mudah cari kait kerja,3,4,positive
very helpful finding a new jobs,5,0,neutral
inovatif,5,0,neutral
wujud kerja mudah,4,8,positive
bantu cari relasi jaring kerjathnks,5,6,positive
buka moga manfaat,5,9,positive
mudah dpt kerja bagus,5,8,positive
bantu,5,3,positive
coba,3,2,positive
urang update,3,0,neutral
mantapp,4,0,neutral
lumayan manfaat,4,6,positive
,4,0,neutral
jobs,5,0,neutral
nyoba,2,0,neutral
spam instal i hate i do uninstal but spam notif,1,-11,negative
,3,0,neutral
bisa neg,2,0,neutral
program nyata,5,4,positive
moga manfaat,5,6,positive
sya bintang yaaah,2,0,neutral
coba moga,4,3,positive
baguss banget,5,1,positive
bagus skali,5,2,positive
mantab qolbu,5,0,neutral
,5,0,neutral
sumanget,5,0,neutral
download ke neg buka,5,3,positive
relasi plus info,5,2,positive
bantu,5,3,positive
nyoba ah,3,0,neutral
bantu dlm belanja,5,5,positive
temu dgn tlah miskomunikasi,5,2,positive
perpect,5,0,neutral
coba,5,2,positive
good choice,3,5,positive
admin pakai aplikasi,5,-4,negative
mudah mudah terima,4,10,positive
tar klo bagus,3,2,positive
force closed bad problem but good,5,-6,negative
,2,0,neutral
is,4,0,neutral
bermampaat,4,0,neutral
suka bisnis,3,6,positive
pokoke apik,5,0,neutral
susah kali kali,4,-3,negative
media koneksi percaya,5,4,positive
mantao,4,0,neutral
keren banget okay,5,5,positive
,3,0,neutral
z,4,0,neutral
moga bantu,5,4,positive
bagus blog,5,2,positive
bisa neg daftar,3,1,positive
apa mana handal,4,-3,negative
good application,4,5,positive
ribu kali tetep bisa neg,1,0,neutral
dukung sukses,5,7,positive
ciba,3,0,neutral
siiiip,4,0,neutral
cobq duli,5,4,positive
lumayan bantu,4,4,positive
ok weldone,5,4,positive
woww,4,0,neutral
n belumtau,5,0,neutral
fabulous,5,0,neutral
keeereeen,5,0,neutral
bantu,4,3,positive
iya,5,0,neutral
mudah bermafaat,5,4,positive
enk neg,1,0,neutral
insyaallah,5,2,positive
siep,5,0,neutral
good dah,5,2,positive
cukuo guna,5,1,positive
indah bagi iklas,4,5,positive
sample and easy,5,0,neutral
unduh,5,0,neutral
bagus nambah profesional,5,2,positive
just go ahead progressing,4,0,neutral
lumayan upgrat lgi biar,3,2,positive
good super mudah dapat apartemen harga jangkau,5,17,positive
lowong ada neg nerima bohong maka applikasi,3,-1,negative
bagus info kerja,5,1,positive
jarang peluang,3,0,neutral
tahan tingkat mutu,4,5,positive
logout,3,0,neutral
moga rejeki kerja harapakan,4,7,positive
bagus mohon tingkat mudah cepat,5,12,positive
bantu tingkat jaring kerja profesional,4,9,positive
thanks find place work more easy,5,3,positive
lot,5,-5,negative
moga bagus aplikasi,5,-1,negative
very great appl silah coba,4,8,positive
lbih ok,5,4,positive
baik,5,3,positive
up terusss,1,0,neutral
ok,5,4,positive
manfaat,3,5,positive
just do it karim,5,0,neutral
tolol,1,-5,negative
kasi klau bagus tau,3,-5,negative
im engineer,5,0,neutral
smoga succses,4,0,neutral
is verry good,3,5,positive
g od for proffesional communication,5,0,neutral
,4,0,neutral
mengesankanterimakasih,5,0,neutral
gut,5,0,neutral
this good,5,5,positive
bagus,3,2,positive
bagus krn semntara lg sibuk,3,6,positive
very good,5,5,positive
dg linkedln bs tau informasi dg cpt,5,-2,negative
tess,3,0,neutral
mencobak,5,0,neutral
mohon bantu,5,5,positive
many thanks for accepting hope fine get networking,4,6,positive
padat bobot,3,2,positive
pretasi yes narkoba no,5,3,positive
tolong memories,5,3,positive
entar klu bagus entar lg,2,2,positive
goodyear,5,0,neutral
bantu bijaksana salam,3,4,positive
mantab,5,0,neutral
suka banget dgn bantu,4,7,positive
the good conection,5,5,positive
,3,0,neutral
bantu kerja good job,5,10,positive
bagus hasil sumber ajar bagi informasi,4,10,positive
baij,5,0,neutral
bagus bantu karier,5,5,positive
batu bangeet,5,2,positive
bagus,4,2,positive
tingkat akses loginnya,5,3,positive
soo far good,4,5,positive
bagus mudah komunikasi kembang,4,11,positive
awesome,5,0,neutral
,4,0,neutral
bagus,5,2,positive
bagus ih mudah komunikasi,5,8,positive
sipsemoga manfaat,5,5,positive
cba yeh,5,0,neutral
media positif,5,4,positive
god,4,0,neutral
mantabzzz kerreennnzz pokonyaahhh okeehh banged deehh,5,0,neutral
good job,5,5,positive
its ok,3,4,positive
kereeeennn,5,0,neutral
it still buggy cant put unlisted company name please fix it,3,-3,negative
like this help us find a new job,4,2,positive
mantap bro,5,5,positive
suka ruuuaaarrr biiiaassaaa,5,3,positive
media ruarrr hebat suka suka,5,6,positive
moga succes patner,5,1,positive
ye,5,0,neutral
bantu kembang jaring,5,9,positive
error force close,2,-7,negative
keren kenal sahabat negri thx,5,7,positive
aggre,5,0,neutral
god job,5,0,neutral
alam,3,2,positive
it should not need payment for full features,4,0,neutral
elek,5,0,neutral
bantu mudah,5,7,positive
manfaat,5,5,positive
is oce,5,0,neutral
bagus cari relasi,4,2,positive
suka coba,5,5,positive
new ready,5,1,positive
luas jaring batas,4,3,positive
kreatif partisipatif,5,4,positive
good for business,5,5,positive
good informations always,4,5,positive
nice,5,4,positive
biar lancar smua,4,5,positive
bantu hubung dunia,3,5,positive
good aplication,5,5,positive
sukses,5,3,positive
future apps,5,0,neutral
ok z klo promo usaha,5,8,positive
yes i like,5,3,positive
jaring,5,3,positive
luas jaring good lahhh,4,11,positive
oke coba,5,4,positive
limit gratis tpi knp pulsa doang,3,2,positive
nice application,4,4,positive
sebal,2,0,neutral
bantu cari kerja,5,2,positive
oke,4,2,positive
manfaat berjejaring nambah tahu,4,9,positive
nice and very nice,5,8,positive
good,4,5,positive
sip jos,5,0,neutral
keren,5,0,neutral
mantap abieeezzzz bro,4,5,positive
nice,4,4,positive
sii,5,0,neutral
bantu mantappo,5,3,positive
yes i do,5,3,positive
i like this apps,5,0,neutral
jaring luas,5,6,positive
bangsak,5,0,neutral
hello worlds,5,2,positive
aplikasi baru macet neg,3,-4,negative
cukur puas,3,3,positive
hello kitty,5,2,positive
berita bobot,5,-2,negative
mudah mudah bisnis,4,11,positive
nice,5,4,positive
nice,5,4,positive
mudah mudah manfaat,5,13,positive
suka bisa neg kirim pesan,4,7,positive
bagus aplikasi,5,-2,negative
nice and recomended,5,4,positive
peluang tambah wawas,4,3,positive
android wajib instal manfaat,5,3,positive
klo dah ditrima krja br nmbah lg,4,-3,negative
bagus,3,2,positive
nambah informasi,4,2,positive
nice apps,3,4,positive
kecewa batas,1,-3,negative
bagus tingkat ilmu tahu,5,11,positive
informatif bantu cari kerja,5,2,positive
,2,0,neutral
keren banget,4,1,positive
linkedln bisa neg kirim pesan balas pesan guna linkedln laintiap balas pesan ktanya pesan gagal kirim mohon tanggap,2,16,positive
bahagia,5,4,positive
like cv online promotion our life,4,-2,negative
goodvery good application,5,5,positive
msih coba,3,2,positive
,4,0,neutral
nice have,5,4,positive
make a simple get information,5,3,positive
guna,5,1,positive
buka padwordnya bilang salah,1,-1,negative
manfaat,4,5,positive
ok good,5,9,positive
moga bs org sukses,3,4,positive
nnti dtmbh klo bagus,3,2,positive
not bad,3,-4,negative
nyoba klo realty tambahin,3,0,neutral
lanjut,5,2,positive
joss gandos,5,0,neutral
butuh andal,4,0,neutral
i love you,5,5,positive
,5,0,neutral
good,4,5,positive
linkedln top,5,5,positive
ksh dulukl tambahin,3,0,neutral
,3,0,neutral
dulubarangkali dpt job,3,0,neutral
like this for aplication,5,0,neutral
bapuk,1,0,neutral
good relation information for me,5,5,positive
good,4,5,positive
,4,0,neutral
paham,3,0,neutral
sya,4,0,neutral
moga bantu bismillah,5,8,positive
proses instalnya android,2,1,positive
mantab bri,5,0,neutral
lumayan entr bintang,3,1,positive
sulit masuk,5,-3,negative
moga manfaat,5,6,positive
semangat hidup,5,6,positive
bisa neg daftar bisa neg masuk,1,-2,negative
kjooooss,5,0,neutral
,3,0,neutral
aplikasi tolong jringannya jgn trrlu krn h susah,5,-4,negative
lh,5,0,neutral
ok,5,4,positive
big help and a lot of information,5,-3,negative
i like it,5,0,neutral
moga dpt bantu,4,4,positive
yng baik berita wahidiyah,5,-1,negative
its very easy contact people,4,0,neutral
my is mspk cadsena,5,0,neutral
resep,4,3,positive
cona dulj,2,0,neutral
coba,3,2,positive
bangus keren tp q,3,0,neutral
ok jg,3,4,positive
susah installnya susah daftarmya susah loginnya,1,-9,negative
bisa neg masuk mohon dantuannya terimakasih,3,4,positive
mboch,5,0,neutral
