text,rating
bagus,5
tor monitor ketua,5
bagus cuy,5
mahal njeng,1
bagushanya iklan,4
akun mahasiswa ga acc,3
kebanyakan premium nya,2
seru bgt dengerin lagu pas lirik nya suka muncul suka engga kalo ad pas pencet gk ad tulisan nya tp gpp tetep enak dengerin,4
iklan nya banget dengerin lagu langsung iklan,1
dpt email dr google invoice rb pmbyrn spotify sy cek no yg jd pembyrn yg rb sisa rb sekian brp tuh yg nominal yg hilang cantumkan invoice aneh gak pejabat gak swasta aja gak transparant,1
qualitas music ok bagus lengkap,5
kayak gini gaperlu habisin kuota tiktok youtubetapi premium nya bayar,5
bagus musiknya,5
,5
asik,5
lagu jaman skrg update trs,5
muter musik diluar playlist sih jdi playlist capek kalo muternya rendom lagu aja,1
ngebet bnget ya pengen org beli premium sya dngerin musik dengerin iklan nih milih lagu aja batesin bjir,3
spotify tolong deh kasih jarak iklannya mikir tau aplikasi bebas ngasih jarak iklan ngotak gak ganti lagu langsung iklan sih gak keganggu ya mikir cuman x doang iklannya kayak gini eh ngelunjak lagu langsung iklan capek banget tau gak nyantai dengerin musik iklan gak skip tolong banget ya mentangmentang gak premium iklannya ditumpuk,1
baguss banget deh spotify besttt,5
apk serasa berat,1
jelek,1
pengalaman bakat menyanyi,5
iklannya x wkwk ga iklan,1
buset,4
bagus,5
enak mendengarkan lagu,5
harga premium mahal,4
sk aplijazi sesuai dgn,4
bagus si tpi banyakkkkkkk iklannya kurangin gk,4
cool,5
lagunya bagus menarik dengar,5
baguss,5
suka banget lagu nya,5
bagus,4
bagussssaa,5
ok,4
zionis,1
kurangi durasi unskipble add tambahkan lirik lagu yg lirik lagu yg dulunya lirik lirik,1
iklan nya,1
nice,5
iklan nya ngelunjak lagu bru iklan maksa bgt nyuruh premium,2
pengguna spotify mod uang berlangganan perbulannya maafkan curang,5
ok denger musik,5
putar lagu playist langsung pindah lagu playist tolong putar sesuai urutan dikasih pro gk enjoy,4
no comment ni apk bgs bgt dgrin lagu,5
good,5
seru bangett lagu favorit ku spotify,5
,5
bagus tidur mendengarkan spotify,5
seru mendengar lagu,5
spotify be ma mate,5
uda bagus si iklan nya banget yg premium mahal,5
keren banget,5
bagus dengarin lagu,5
ok,5
wow mantap,5
suka spotify teman nyetir teman nongkrong teman disaat galau kembangkan ya ayo cobain spotify skrg,5
dikasih playlis yg gak dindenger,1
plis kasih gw premium gratis minn,5
iklan gak matiin shuffle pintar bayar premium putar lagu sesuai urutan playlist gabisa putar menit apapun musik update spotify tolong kurangi iklannya perbaiki bug sebutkan,1
enak denger lagunya,5
aplikasi bagus,5
bagus byk iklan,4
bagusssss,5
bagus,5
iklannya dengerin iklan aja minimal lagu iklan,1
mantap,3
bagus bangat aplikasi sayang nya musik where be you bagus,5
mendownload apk menyelesaikan nya tetep ga,1
mantap,5
iklan teros,1
lagu yg tibatiba diputar tolong solusinya mengurangi kenyamanan aplikasi kronologi ngelag lagunya kepencet kali diputar diupdate download ulang mohon bantuannya,4
sebernarnya aplikasi spotify udah bagus banget menurutku ngapain dijadiin premium fitur gk pengguna non premium kayak shuffle pintar gk masalahin heran batas memilih lagu kayak gitu mendengarkan lagu gratis dikasih batas jujur bingung premium,4
bagus cuman pencet lagu yg putar suruh halaman premium,3
bagus,5
pakek lagu namanya lagu ff ml,5
bagus sihtapi iklannya kebanyakanmasak lagu iklan y maklum aja namanya gratisan,3
,5
sukaa spotify denger lagu favorit bebas,5
jernih suaranya,5
enak didenger,5
topp,5
mantap,5
iklannya ngelunjak,1
tidk dwonload apknya,1
seru terhibur lagu lagunya,5
bagus banget dengar musik lengkap wok,5
iklannya,1
mantaaaabbbb,5
pass ngegalau,5
bagus akun,5
iklan nya kurangin,3
iklan,1
aplikasinya bagus suka,5
playlist lagunya terbaru,5
mantappp,5
bagus,5
kadang ngelag sih,5
aplinya bagus bangettttsuka bangetttt,5
mantap,5
terimakasih,5
keren bagus,5
bagus musik enak,5
pilihan play matikan layar,5
spotify lagu nya pas sentuh loding,1
sangt nyman sinih klo ga afk sya ga tifur,5
iklan kurangin banget iklan dikit dikit iklan langsung iklan,4
iklanmu cok,1
suka terimakasih spotify,5
anjim kikirnya ni aplikasi musik orang dengerin lagu banget dibatesin seharian iklannya semenit keliatan banget tuh meras duitnya,2
iklan nya yee,3
malas iklan kebanyakan,1
puas kualitas musiknya,5
iklan tolong kurangi dikit durasi iklannya,2
gak buka spotify pas buka sore sampe gak tau gak muncul daftar lagu nya ya update gak buka layar hitam doang,4
iklannya bangettt min mentang gw gk pake premium lagu jeda iklan smpe hafal bnyk sm iklannya,2
bagus lagunya suka,5
kikir banget gw yg gratisan susah denger lagu yg gua pengen heran dahdari lagu ga ngacak bikin acak oke normalkarna cmn lagu playlist yg randomskrng gw denger lagu puter lagu itukecewa banget gua kalo,1
tawaranny premium,1
konsisten minim iklan,5
pt daesang agung indonesia,5
bagusss,5
koh musik yg putar ko ikilann yaa,4
pas pakai aplikasi menemukan lagu favorit,5
i love spotify,5
ko mo pp hu,5
lagunya banget pusing milih enak denger iklan nya aja sih menganggu,5
muhammad rizki,5
bagus lagunya gak badan,5
iklan,3
bagus sih but iklannya banget dengerin lagu iklan,2
baguss enak banget playlist nya temenin tidur,5
bagus banget lagunya,5
lagu ya old enak dengerin min lagu kesukaan min pokonya pengen min lagu old pengen nyenyak tidur yaa min,5
bagus suka karna nyetel lagu ngelagmati mati trus g matiin,3
ksih bintang yahh bagus sihh wee tuh iklan emosiii harap perbaikiiii ongkee,5
yg gw cari terima kasih spotify,5
enak sih minusnya kalo ga premium tuh iklannya buanyak bgt kalo iklan ok ku maklumi sampe dapet iklan durasinya mengganggu banget gitu loh ga nyaman tolong spotify perbaiki ya kesejahteraan pengguna nyaman pencipta lega penggunanya betah komplain aja si tolong perbaiki banget orang ngalamin kayak,3
apk asuk,1
sggdgsgsjshdi negeri nsvdjd dunia,5
proses nyaa,4
bagus banget,5
ya,5
sayang gak offline ya orang butuh duit,1
aplikasinya sudh bagus kurangi iklan,5
bagusiklannya gak,5
bagus lagu lagunya enak,5
bagus suka apk gw suka dengerin lagu spotify,5
nyaman dupakek,5
cocok mendengar lagu dj,5
kesini parah iklan nya sampe x iklan s,1
enak,5
mati,1
hilangkan iklan nya pliss,5
gacor,5
bagus bnyak iklan,5
bagus polllll lagu nya seru,5
kesini ga milih lagu milih lagu random,1
good menarik sayangnya premium download lagu iklan sisanya bagus,4
m kiram,5
berfungsi banget akuu suka dengerin laguu remix aplikasinya remix dann bikin akuu takjub,5
aplikasi bagus mendengarkan musik,5
bagusss bgttt dengerin lagu ajaaa,5
sanga,5
suka lagu musik nya,5
sukakarena sy mendengarkan lagu lagu favorite yg penuh kenangan,5
,5
seru bgt sih lgi bosen ngapain dengerin lagu ad kerjaan dengerin spotify,5
gw suruh premium ama spotify gw dengerin tabola bale lagu opo wae tabrak,1
terimakasih spotify karna bersedih senang persinggahanku,5
lumayan iklan,5
baguss bgt,5
seru mendengar lagu bagus banget,5
,5
be the best musik yg lokal internasional love date,5
bagus gng,5
moga efektif,3
terimakasih menemani sunyiku,5
spotify tolong ya membalikan sistem download gratis mendownload membeli paket premium mohon gratiskan,2
sukaaaaa bngttttt,5
plis sebenerny ni aplikasi bagus sih cuman nih ya maaf nih ya gw orang udah donload spotify kek kikir njir donload spotify kayak ih anjay bagus bgt ni aplikasi cuman gw update tuh spotify nya iklanya gk anyiingg dibatasin denger musikny pls cok kek maksa bgt bli prenium sumpah mh berasa diteror iklan njir v,1
bagus banget spotify musicc makasih udah nemenin galau ceria,5
siiip,5
spotify error memutar lagu bug semacamnya tolong perbaiki,4
lagunya enak didengar music lembut kemana dengarin spotify,5
lagu asik,5
zenitsu,5
okay,5
rawr slebew,4
sangatt baguss,5
bagus,5
aplikasi nya iklan mengganggu mendengarkan lagu menguninstal aplikasi,2
mantap gudangnya lagusmua lagu sinibisa menghibur planggan ku,5
gak ngomong bagus,5
iklannya ngelunjak padhal kemaren udah bagus,1
heran suka gabisa play music suka yg ilang music nya,1
cocok bgt yg suka musik kalo buka wa gk ilang gitu lagu nya,5
wowwwwwwwww,5
simple mudah,5
iklan y parah,1
seru dengar lagu,5
bagus kaliiii maaf yaa kalo gak bayarr kasih bintang kerena bagus bangettttttttt,5
niatnya mendengarkan musik mendengarkan iklan in konsep nya mutar musik muncul iklan,1
lumayan,4
the app drain my battery very quick can be more optimize for old device use sd series thank u,4
suaranya bagus putus putus,5
bagussss bangettttt,5
cocok,5
mantablah,5
susa daftar nya,3
lagu udah spotify suka lagunya,5
,5
ga bsa kebuka playlist like songs nya,3
main game dengar lagu nice,5
pokoknya menemani sehari,5
mendengarkan musik kali suruh beli premium dengar musik tolong perbahrui kalo kayak gini mend hapus aja spotify,1
spotify dah bnyk bgt iklanya ga kaya gini iklan mulu,4
,5
ngelunjak lamalama,1
stelah d kasih bintang jd bnyk iklan,1
pelanggan,5
a,5
apk bagus gak iklan musik gak bosen suka banget apk gak musik ya emang bagus deh,5
lagu putar kah eror playlist ga,2
kebanyakan iklan gk offline,1
bagus banget sihh akuu,5
mohon maaf aplikasinya gak,1
bagus d,5
buh mantap enak lagu dj nya terimakasih,5
dengerin lagu iklan nya lagu udh beda bgt spotify yg dlu yg skrg,1
yg bener aj dikit dikit update dikit dikit update fittur aj jd mkn quota internet,3
ok,5
best app,5
woi min spotify udh ga pake nomor hp udh cape cape ngumpulin lagu ilang,5
jangam downloadlebih bamyakiklan music nya iklam wkwkwkwk lawak aplikasi ko tol,1
premium berbayar iklan,1
,5
update wear os gabisa dengerin pake tws,2
fitur nya premium,3
dikit dikit iklan ga ngotak iklannya iklan iklannya detik ga ngotakk,1
berkualitas,5
ntap,5
lagunya bagus cocok akuhhh,5
so far so good,5
bagusss,5
nice,5
keren banget,5
menyalaa abang ku,5
dengerin musil fav akubisa liat lirik lagunya,5
udh band iklan sm lagu,1
suara nya kerna puas,5
qq,2
bagus lagu nya sesuai,5
perbaiki eror gua berandanya eror mulu,2
,5
kebanyakan iklan,5
bagus sya suka aplikasi dengr lagu mlm tidur,5
eror dibuka,1
bagus iklan lagunya kadang lirik kadang gk,5
senang mendengarkan music aja,5
turmuzu,5
nice,4
login akun facebook googleakan kasih bintang perbaiki,1
good,2
keren,5
waw banget,5
bagus bagus iklan nya gak ngotak anjir langsung iklan lagu jir bener aja min kurangin kek udah gak muncul iklan dikit pas pake mod nya hehehd,4
aplikasi nya bagus ya cuman sayang premium pilih lagu premium bikin kecewa berat,1
iklan,1
iklannya kali dengerin lagu iklan iklan aja haji lu,1
aja iklannya,1
baguss,5
iklannya ngotak,1
enak player mode sad,5
spotify ny berguna banget belajar bobok pas malem enak banget tpi min gak dipakai off gratis pliss buatin kek gituan,5
iklan kali cokkk,1
kanjut,5
makasi udah ennakan lagunya makasiya,5
keren enak mantap,5
suka aplikasinya,5
iklan nya aja ya plissss,5
jooos mamtaf,5
suka bangett sih bersih bersih rumah betah banget dengerin lagu lagu galau kek gitu musik pokoknya,5
spotify rakus youtube wkwk iklan cuman dengerin lagu pendek mend pindah app simpel murah,1
dengerin lagu animasi,5
iklannya kebanyakan ga skip,3
iklan jdi x beli premium bajakan,2
sayangnya iklan update premium,5
suka lagu nya lagu dipilih suka banget,5
tolong ilangin opsi premium nya plis,5
bantap,5
banget ya prem,1
sekrang aplikasinnya prabayarmahal,1
bagus banget suka dengerin lagu nya,5
aplikasi wajib sihhh mah nemenin disetiap dengerin suara indahnya rony parulian,5
aplikasi bagus laguhampir lagu aplikasi hp lirik nya hilang,5
mantap bagus aplikasi nya lagu nya komplit bug perbaiki terimakasih,5
bagus dengar lagu,5
bagus bgt,5
spotify mantap,5
josjis,5
mantap,5
spotify mantap pingin lagu aja tinggsl pilihmantap pokoknya,5
iklan nya,1
aplikasi udah bagus iklan nya,4
bagus,4
load koneksi bener baguss kenapasii sedih bgt asli offline coba gada gangguan koneksi sekaliiiitolong emang bug aja gimana huhu nyetel lagu aja tibatiba ngestuck udah uninstall instal aja tolong ya suka aplikasi ngga bug nya lhooo mohon,1
lulur uyoooiokuorohghuhgie ga ruu tidurr siang see sore eh ga wesweeeeay ufffh dunia makan hih,3
makasih,5
tambahkan liriknya gak biar tau lagunya lagunya gak dikasih cepat diperbarui lagidan lagunya gak diulang berkali gambar penyanyinya dengarin musik videojadinya kayak nontonin penyanyinyataro gambarnya ajasatu podcast nya gak biar kayak joox aja ya diperbaiki perbarui semoga cepat diperbaiki diperbarui ya,5
aplikasi nya bagus memudahkan mencari musik diputar,5
bagus bgttt,5
bug nya playlist hilang,1
bagusss bangettt sukaaa dengerin lagu main gameee,5
bagus banget dengerin lagu,5
gppsih cuman disuruh kasi rat aj,5
mantap,5
jaringan internet amanaman deh disuruh cek jaringan internet ga buka profil lagu,1
kerencuma ya karna iklan bosen coba deh beli paket premium nya,4
good and easy,5
enak galau,5
mayan,4
aplikasi yg membantu kegalauan dlm perjalanan,5
lagu nya bagus bagus tambahin lagu viral yah tik tok okeyy,5
aplikasikan bagus bosan sedih,5
iklannya kebanyakan,1
,5
menghibur,5
wifi tata tertib sekolah nabi isa,5
lagu iklan gak ngotak anjeng kek kebijakan bahlil,1
bagus,5
asik ngerjain pr nyanyi un,5
dengerin lg galau,5
suka pilihan lagu karna ga download trebel,5
liriknya srtiap klik gabisa,2
apk nya bagus alhamdulillah nya iklan nya gak ngeselin tuh pas dengerin playlist tibatiba pindah lagu gak ku sukai repot ya buka apk nya nyetel musik playlist okelahh,5
bagis,1
bgus,5
trim ksih bnyk musik,5
gaada mode kerauke tolong fersi kerauke,1
good,5
lagu menenangkan jadian marah guy bintang spotify,5
musik lagu lagunya lengkap,5
aplikasi bagus,5
aplikasi menghibur senang mendowlod aplikasi,5
mantap aplikasi nya,5
please iklannya kali aja gak upgrade premium mikir kali bray mahaaallll harganya,4
nice work,5
,5
b aja bagus,5
aplikasi nya mantap,5
premium,5
worth it ngilangin stress gabut yaa bagussklo galau spotify intinya mood happysadatau gimana kesini bagustapi iklannya mohon dihapus terimakasih,5
puas bangat pakai spotify rekomen pokoknya,5
jaringan lemah mutar,5
gg suara nya bagus,5
bu,3
karna nemenin gambut iklan,5
oke oke sip,5
keren sekaliii apknyaaa,5
dipakai,1
good job,5
,5
login ndak maunya apasih ngentod,1
trimakasih puas,4
mmbantu puas,5
asyik seru enjoy,4
really like,5
manfaatnya,5
aplikasi pemutar musik online offline,5
memuaskan iklan,5
puas,5
good suka,5
instalnya,5
bagus sih iklan,3
suaranya bagus bersih noise,5
aplikasi brengsek kesini iklan lo orang bayar premium apk nya hapus,1
bagus banget lagu nya,5
suka lengkap lagunya,5
kurangi iklan nya,5
siiip mantap keren,5
aplikasi bagus iklannya mengganggu play music udah langsung iklan,3
iklan taiiiiiii b u n mend orang download nih apk kalo gak nyepi pikir dikit iklan gedek gua dengar pengisi suara iklan nya sumpah dah gak abis iklan taiiiiiii iklan nya taii apk taiii ngarap banget,1
musik n suara yg bagus,5
bgus,5
kebanyakan iklan,1
iklannya kalo,4
gk diputar,1
disaat keheningan terasahanya alunan nada menghangatkan suasana,5
trimakasih spotify,5
sekrang iklan,1
dikit dikit disuruh premium,1
apk nya bagusstapi iklannya ampe huhuhu ganti lagu udah iklan lagimau beli premium pelajar pentingkan hall duluutapi emang bagus nih apkmana lagunya lengkap,5
terbaik,5
lagu iklan iklan semenit dengerin lagu dengerin iklan pelit,3
nguawour iklan sampe udh gt milih lagu yg aj pake batasan udh gt fitur skipnya cm kali doang promosi spotify premium ampe kek maksa,1
yaelah pelit aja spotify iklan ampe biji durasi bener udah bener aja iklan tambahin inovasi harga premium promo allah ganggu banget maksa bgt iklan ampe biji durasi detik buset menit udah kaya dengerin lagu gua,1
nggak ribet,5
mantabbb lahh,5
aplikasinya jelek diharuskan top up premium mutar lagu yg diputar,1
bujuugggg iklan kali iklan pas udah selesai iklan iklan buset dah iya iya gw tau gw ga premium ga gitu gw terima bujug dah gila kali lo,3
bagussd,5
𝒑𝒓𝒆𝒎𝒊𝒖𝒎 𝒌𝒂𝒚𝒂𝒌 𝒂𝒔𝒖 𝒅𝒊 𝒔𝒖𝒓𝒖𝒉 𝒃𝒂𝒚𝒂𝒓 𝒖𝒅𝒂𝒉 𝒅𝒊 𝒄𝒐𝒃𝒂 𝒈𝒂𝒌 𝒖𝒔𝒂𝒉 𝒕𝒆𝒕𝒆𝒑 𝒉𝒂𝒓𝒖𝒔 𝒃𝒂𝒚𝒂𝒓 𝒂𝒔𝒖𝒖 𝒂𝒔𝒖𝒖 𝒃𝒊𝒌𝒊𝒏 𝒕𝒊𝒅𝒖𝒓 𝒈𝒂𝒌 𝒕𝒆𝒏𝒂𝒏𝒈 𝒚𝒈 𝒉𝒂𝒓𝒖𝒔𝒏𝒚𝒂 𝒍𝒂𝒈𝒊 𝒋𝒂𝒘𝒂 𝒎𝒂𝒍𝒂𝒉 𝒍𝒂𝒈𝒖 𝒔𝒂𝒅 𝒂𝒔𝒖𝒖,1
sumpah lgu lgu enak bgt dengar lgi lgu yg kau,5
iklan ditengah iklan maju mundur kek joox keknya ni spotify,1
b aj,1
bagus,5
lagu,5
diupdate gak enak download lagu aja premium berbayar gak enak bet dah apaapa premium haus uang kah download premium,1
lumayan,4
bagus bgt plisssss,5
warna kesendirian,5
terbaik,5
membantu mendengarkan musijk kesukaan ku,5
,5
asik banget dengerin musik rekomen banget sihhh,5
suka aplikasi iklan dengar lagu aplikasi kasih bintang,5
ok ni apk,5
bagus banget,5
lagunya bayar murahan,5
iklannya brutal,3
iklannya,4
alhamdulillah recomended for my playlist,5
milih lagu premium,1
mantab suara jernih koleksi lagu yg lengkap good job,5
bagus,5
mendengarkan lagu sad,5
oke,5
baguss iklannya tapii gakk,5
l ads,1
aplikasi musik ternyaman,5
bagus iklan gak nyaman,5
kebanyakan iklang sukabaru dengerin musik udah langsung iklankadang iklannya bikin badmood,3
baguss,4
suka banget ga apapun,5
bagus santai aja,5
cari lagu sesuai yg ribetpokoknya puas download,5
hapus aplikasi ininanti pakai download lagioke,5
premium kebanyakan iklan,1
jellekk banget spotify gratisannya baruu muterr laguuu udahh muncull iklann kaliii gitu aja trus stiap muterin lagu x doangg iklann nya,2
berguna bgt nemenin kalo sepii,5
ga lihat lirik lagunya udah hapus cache tetep ajaudah laporin tetep jugaudah lapor pa lurah ga bisaudah panggil camat bingung geleng geleng,1
my spotify go blank sooo many time i have try many things like re download delete data etc,1
sukaa polll,5
ngga banget deh lagu iklan gila sih nih apk apk yg aja ga premium ngga segitunya parahh,1
iklan lu kebanyakan ngntot,1
sgt bagus,5
banyakin iklan nya,5
skrng iklan ny ampun deh gak asyikkk,2
p bagus,5
keren lagu jkt,5
dikitdikit iklan dikitdikit premium milih lagu yg putar premium yaaa ampunnn gtu mend hapus aja apk nya cari apk aja,1
bagus bermanfaat kalo mendengarkan musik spotify,5
oke siiip,5
download lagu geratis suruh bayarmending dirubah kaya bagus,1
good luck,5
aplikasi bagus bngt bagus aplikasi membantu bgt kalo gbt buka aplikasi inj seneng bgt kalo kekurangan nya data nya boros bgt rumah engga wifi beli kuota habis ditambah pake aplikasi yg bikin boros kuota beli nya yg mahal biar enga boros aplikasi nya membantu bgt bagus,5
tolong berbayar bingung rakyat miskin gimana masaa orang disuruh maksa pakek premium sihhh,1
enak menghalu,5
lagu nya lengkap kasi bintang krna suka dngerin lagu lagu kah indah lagunya nadin amizah hindia sal priadi seventeen menyukai lagu indah rat aplikasi spotify soo tetplah semangat menjalani hidup yaa dunia slalu berpihak soo be happy,5
bagus syg ny bnyk bngt iklan ny,1
gilaaa keren bet cooo,5
spotify spotiklan iklan nya banget,3
woi tanggung playlist gw gak buka pas buka gak lagunya playlist gw ilang perbaiki bugnya udah premium,1
iklannya,1
good mudah operasi kanpilihan lagu lagu mudah aja adadi save mudah offline ok good rekomendasi aplikasi spotify sukses berkembang,5
i like,5
kerennnn,5
apk ny asik well,5
yo mbuh,5
seru dengerin lagu,4
mendengar music lancar,5
bagus selaki,5
lagu,5
bagus tolong iklan penampilan bagus semoga durasi mendengarkan iklan dikurangkn,5
pengen bangett ngasih bintang gak spotify pelittttt kebanyakan iklan gak premium kalo menikmati lagu iklan download bedaaa,1
lagu,5
paket komplit,5
aplikasi musik terlengkap atur daftar lagunya,5
bagus banget,5
suka banget dengarin lagu dengar lagu nya yb spotify makasih banget pencibta lagu yg banget iklan nya,4
mantul,5
sangatttt bagusssss,5
халах эге,5
iklan maksa premium,3
bagus aja gitu lagu nya gua mah vobain geh cepat donlod,4
bagussangat membantu,5
suka,5
apk kikir anj tolol babi monyet,1
mah dengerin iklan dengerin lagu download kalo ngga nyesel,1
cuman premium ribet,1
ʙᴀɢᴜs ᴅᴀɴ sᴜᴀʀᴀɴʏᴀ ᴍᴇʀᴅᴜ,5
mua lagu aja,5
bagus berhibur trimakasih,5
dicoba ya,5
,5
mantapp,5
pengaturan equalizer manual mendelete apk,3
pikir rate,3
kebanyakan iklan iklan nya,3
bagus dengerin musikk,5
enak dengarkan,5
bagus,5
the best app to play a music,5
good good,5
suka banget apk nya klo nyari lagu ga susah tinggal ketik lirik trus emang ga jeda iklan tinggal pake premium dengerin lagu spotify bikin nyaman banget suka bangettt,5
keren,5
the bet bangettt,5
very good,5
keren cool,5
bagus puas,5
bagus deh perrahankan,5
udh bagus aplikasinya cuman iklannya ngelunjak tengok mambah udh iklan pas milih lagu iklan maksudnya gimana tau makek gratisan konsistenlah iklannya ngelunjak lihatnya iklan kasihnya,1
senang aplikasi mudah utk mencari lagu favorite,5
bagusssssss,5
sporty bagus lagu yg sukses,5
bgs cm bnyk iklan,5
lagu enak dengar lagu dengar bagus,5
baguss iklannya iklan dengerin lagunya duakali putaran udah iklan setelahnya,4
,5
iklannya skrg,1
lagu nya tolong lengkapijan tau nya premium doang,5
keren bangettttt,5
musiknya suara,1
aplikasi aneh disuruh beli premium iklan situ,2
sampah,1
suka,5
menarik enak dengar,5
belajar spotyfy playlist kesukaan be another level semangattttt,5
bermanfaat sehari,5
apalah premium,1
bagussss bangettt udah pas,5
cocok aja,5
kebanyakan iklan najis ga muncul trs playlist pintarnya suka muter lagu yg sma ngulang ngulang sistem bgo,3
udah kikir nih aplikasi namanya nyari untung ya gimana yak gak salahin,2
maksa premium kak aplikasi nya mekah,1
mntap,5
gimana spotify pencet tampilkan lirik ga muncul lirik lagu muncul warna doang tolong,3
si bagus iklan ya gak perna muncul gitu udah bintang,5
mantap lagu,5
bayang lagu ya,5
for me spotify in apsi music in the best spotify aplikasi musik terbaik,5
nostalgia berat,5
anjayyy,5
enak ngerjain tugas,5
keren ga ribet,5
iklan,3
aplikasi musik oke keren pilihan mendengarkan lagu lagu musik sinimudah spotify sulitmembuat pengalaman mendengarkan lagu musik menyenangkan,5
mendengarkan musik iklan,5
iklan,3
lagu nya enak enak,5
dikitdikit premium kerja langganan premium uang sangu ku ga gede kumpulin beli premium keperluan ku paket data nya skincare keperluan sekolahdll sangu ribu sehari berkelahi,3
hapu iklan nya oy gw sad gk mood,1
dukung terorisme udah pake aplikasi kecewa berat liat aplikasi mendukung terrorisme bintang biar keatas biar org org lihat,5
suaranya enak nyaman mulus iklan seterusnyaphonkfunk nya enak,5
hay guy apk terbaik dengerin iklan gratis musik sumpah iklan nya seru banget bayangin aja guy dengerin musik gratis iklan biji kadang lebihin makasih spotify lopyuuu hadeh kelamin pria,5
iklan bikin kesel njingk,1
nya enak dengar suka nya main game beraktivitas belajar kasih bintang,5
aplikasinya bagus banget dah doang,5
,4
iklanya langsung abis lagu iklan cuman dengar lagu yg suka sehari,1
memuaskan,4
seneng banget terima kasih spotify,5
overall bagus buset iklanya,4
jos iklannya,5
udh bagus nya iklan mengganggu yng mendengar lagu tolong kurangi iklannya,3
keren bgt seru dengar lagu seru nggak dinyalain jaringan apalah,5
muantap menn hindia garis kerasss,5
iklan,5
bagus banget dengerin lagu nyaman cari idola kitaa,5
sebenernya suka dengerin lagu spotify kalo ganti lagu premium trus lagu ga lirik nya,3
bagus musiknya,4
iklanya ganas menganggu kecewa aplikasi,1
sukaaa bagusss kerenn,5
seruuuuu,5
iklan udah bener make yg mod apk yg ori,1
maaf ga mencet bintang bintang,5
bagusssssss bnyk iklan sol nya gk pake spotify premium,4
mantap cuyy dengerin lagu belajar,5
suka aplikasi,5
bagus banget main game,5
wemar bana,5
membantu disaat mendengarkan lagu lagu,5
plisss kasi paket pelajar kak smasmp engga beli khusus,5
kebanyakan iklan mek,1
gak masukk,4
lagu lagu menceritakan kehidupan,5
bagus musikan kalo pergi,5
alasan kasih iklan lagu tulisan lirik lagu,3
kebanyakan iklan berlapis ga,1
parah ajh iklan nya gak kaya dl dengerin lagu iklannya x lipat wkwk moon maaf ky nya abis w hapus dehh apk nya,3
mendengar lagu,5
bagus dengerin laguu,5
aplikasi baikkenapa hapus karna memori memori uinstal,5
dengerin lagu favorit ky spotify seru bgt aktivitas lagu favorit spotify buruan download,5
keren,5
aplikasi jos apik menjaga mut,5
,5
bagus kasih bintang,5
well play gacor parahh,5
halaa madrid,5
enak gak muncul iklan,5
lagunya enakenak,5
muncul iklan x oktober iklan x muncul jarak lumayan cepat menggangu iklan muncul x seringsering udah x,4
sengattt bagus,3
spotify lengkap lagu nya iklan si spotify rekomended pe cinta lagu,5
terbaik,5
bagusssssssssssss bangettttttttt,5
suka bagus makasih,5
kebanyakan iklan,2
iklan menggangu aplikasi laen diskip spotify g bonafit premium aplikasi laen premium mengecewakan iklan mmenit diskip,1
kebanyakan iklan iklannya tampil auto uninstall,1
iklan,3
cool jockey,5
apk nya baguss iklan apaapa,5
ad but song be wild yk,1
sangan suka,5
iklannya nongol kali loh bodo ya wes lumayan,4
aplikasi terkikir minggu ga premium iklannya seabkrek lagu iklan iklan minggu ga premium kikir banget lagu iklan,1
,5
pilihan lagu kesukaan,5
perbaiki suka musik india liriknya gaada versi indo ya gabisa nyanyi tolonglah,2
minimal ra iklan,1
nice,5
aplikasi bgus bnyak lagu keren keren,5
bagus,4
top,5
mantap dengar musiknya jernih suaranya,5
iklannya ga bnyak perasaan dlu cuman sampe kali trs durasi iklannya lgi ga detik mend beralih sc aja,3
ok,5
great,5
apk bagus gak dwonload,5
iklannya digenepin seminggu aja klo min kesimpulannya dengerin musik dengerin iklan,2
lagu sukai sih heheh,4
the best lahh,5
pengguna gratisan premiumsaya nyaman memutar lagu kesukaan dialihkan kelagu diluar album kesukaan lagu rekomondasikanyaini menyebalkansaya spotify uda enam tahuniklanya menyebalkan berlangganan premiumini sgt menyebalkanmengapa ngak diisi iklan komersil menguntungkanskrng spotifyinya hapusskg mendengar musik yt ajlebih nyaman,5
busuk dengerin rekomen dasi tolong klo gak ganti akun gak ajg,3
bagus,5
ok berguna skli,5
ngelunjak aja iklan nya yah,1
premium iklannya dihilangkan,5
knp jd iklan skrg jd lumayan gpp tp d periklan bgt menangiss dah guee,5
aplikasi baguss bangett,5
iklam mgentot,1
error ingim mempremium kam akun,2
musik gratis mantap,5
bagus banget lagu,5
suka lagu,5
iklannya ga lagu iklan langsung muncul x,3
boikot spotify,1
mantap,5
skrng iklana klo ngk pasang mode premium n kadang iklana ngagetinmembuat orng nyaman tidursangat menggangguklo dpt iklan yg berisikn ngagetin skrang lagu yg hrspanjang d pendekinjd kurangi bintanga,2
pokoknya love u,5
gw galau,5
mantepp,4
apk jaman dipinjam bocil auto download ni aplikasi,1
terimakasih menemani hariku,5
gen z banget,5
tersimpan data,5
perfect,5
sukaaa bgttt pliss,5
mantips,5
iklannya kali jir,4
bosen gua pake aplikasi online,2
coba,5
qaaaaaaaaaaaaaaa,1
,1
kikir banget lagu iklan puqii,1
inu blend nya disetting spotify selera kayak gua cuman gua doang,5
apk membantu sy sy suka apk trimakasih,5
sengaja ksih bintang gk bagus,5
baikkk bagussss,5
bagus banget kalo gabut dengerin musik,5
memuaskan apk sportify,5
lagu enak,5
gua suka lagu nya,3
bagus suka relaks dengerin lagu,5
mahal pembayarannyasekarang udah gak bis ofline ya,5
serubebas iklan lope dehhh,5
suka sm lagulagunya pokoknya pilihan dengerin musik aktivitas,5
seru,5
teks nda,5
bagus gak leg,5
bintang bagusi,5
seru sihtapi ganti lagu premium,5
maksa bener kayanya dah beli premium nih aplikasi,1
playlist rekomendasi musik yg pas harian,5
bagus cucokk bgt klo belajar pass bgt ga sih,5
keren sih,5
teman terbaik,5
bln ga update pas update skrg iklanya bertambah langsung skligus mengganggu sih,2
aplikasi bagus menarik,5
bagus kajian ustadz firanda,5
lop,4
kalooo kataa akuu inii bagusss sii iklannyaa lumanyaa sedikitt inii cocok banget siii,5
gabisa downlod lagu gratis,5
amaze,5
sangatttttttt bagusssa,5
good,5
bagus banget lagu kadang gak pindahin ya,5
lagunya seru menarik,5
mntaps,5
spotify bayar males deh fitur sukai lagu ku ilang mengecewakan,1
nice music,5
bagus putar lagu duka dh,5
error mulu stres,1
aduhhhh aplikasi bagus ajatapi kebanyakan iklansaya puter tv dapet iklan menunggu menitapalagi durasi iklan aja tolong kurangin iklann mendengarkan lagu bebas iklanspotify premium mahal tolong kurangin iklan nyaa,2
sippp,5
woii ni spotify knp mkin iklanny si nyetel lagu eh udh iklan aja satudua,5
denger laguu asik,5
suka mendengarkan musik,5
kualitas gasyorrr,5
lagu bikin suka lagu nya,5
gak beli premium,1
lagu enak,5
enak bagus playlist random sesuai selera musik,5
jelekkkk iklan kebanyakan iklan mulu,1
lagu nya enak banget,5
bagus sepuasnya,5
bgus,5
spotify playlist lagu ilang,1
lagu lagunya menarik,5
download lagu lagunya hilang,3
kebersihan p,5
gw ga logintolong perbaiki,1
suara jernih enak didengar,5
karna aplikasi bagus merelakan luka bejirrr,5
apk nya bagus banget,5
iklan mengganggu,4
aplikasi kebanyakan iklan niat mutar lagu mutar iklan ktl,1
sukaaa bangettttt tapiii iklan,5
apli kasi bagus main game mati hp mati,5
gatau gabisa sambungin bluetooth,1
bagus lagu nya main game bagus lagu nya lagu coba,5
keren tpi iklan,5
,5
,1
enak bgt aplikasi iklan dengerin lagu yg bagus lagu,5
iklannya kali ajg ga skip,1
senang spotify menemani senggang menghibur,5
sy terhibur dgn aplikasi,5
enak didengarkan,5
kakean iklan,1
bagus,5
banget lagu nya,5
dah premium nya gak beli,4
good mistah,5
iklannya malesin,2
lancar all music ok,5
,5
jelekk,1
laguprodcast dam lengkap,5
aplikasi nya bagus,5
zzzzzzzzzzzzztau,2
milih lagu aja batas nya ngentod najis iklan kali detik tamak yahudi kamuh anjink,1
kerennn abis aplikasi tengkyu,5
muak bangett putar lagu iklannya seribu iklannya udah minimalisir kasih bintang,1
jarak lagu iklan deket bangeettt lagu udh iklan iklannya diupdate udh menitan pelajar harga premiumnya lumayan pricey,3
lengkap mencari lagu nya gk ribet,5
banget iklan yg musik yg play,1
iklan nya bener bener diluar nalar muter lagu langsung iklan sampah wajib bener nyuruh beli premium,1
pake spotify membantu perjalanan kuota,5
mentangmentang ga premium mutar lagu iklan youtube aja ga seambis,1
sumpah aplikasi keren sih knp tau ya knp gk dululengkap liriknya mudah cari nya yg hobi karoke cocok ni pake aplikasi,5
aplikasi ok,4
suka banget lagu spotify,5
lagu iklan minimal iklan sajadan premium iklan gitu premium loh beriklan,4
iklan nya banyakin min apk yg isinya iklan aja gausah lagu dalemnya,1
kkeerrreeennn,5
hiburan bangrt,5
iklan terossss,1
gampang mendengarkan musik,5
pls diskon murahhhh,5
semoga bermanfaat penggemar,5
jaringan bagus ga trus iklan nya tolong setel lagu iklan nya sampe nya kalo iklan nya pendek niat biar cepet tidur ga tidur karna iklan nya,2
pindah youtube aja sportify skrg kayak maksa bnget nyuruh premium iklannya ditambah plus durasinya yg lumayan,1
spam iklan berhenti spotify ha ha ha ha ha,1
gagal beli premium,1
spotify klannya gilaan yg eh jadisecara ga langsung maksa pengguna beralih premium sungguh mantap penjajahan era modern,1
kasih bintan,4
menghibur,5
nyaman,5
aplikasi kikir tloll anjgg gw sumpahin bangrut lu babi aminn,1
very good,4
let go the app be better now with triple ad,1
kecewa,1
bagus banget coy download,5
sih jir iklan nya ga ngotak,1
tingkat,4
good aplikasi hidup semangat berwarna,5
iklannya kurangin mentang mentang udh prmium coba gratis iklanya banyakiin,3
bagussss sukaaa,5
mantul aplikasinya,5
aplikasi mantap suka,5
konyol iklan tol,1
gabisa berlangganan dc,1
premium nya sungguh merepotkan,1
bagus banget apl nya,5
iklan,1
anti orang ga premium iklan loh dengerin iklannya lagunya,1
lengkappp,4
tolong developer nya turunin harga spotify premium nya,5
semenjak update sportiff premium gaseru gratis bayar mengecewakan,2
menyeru hati,1
menit iklan gak enak banget pengen denger musik denger orang ngebacotiklanya gak menarik musik denger aja ya kocak udah bikin playlist apalah,3
bgs banget rekomen bangt aplikasi music ad hindia idola sampee dompet aja hindia ayo donlot,5
puass,5
lengkap lagu an nya,4
musik lengkap,5
aplikasi nya jelek iklan siklus nya pengguna premium nyaman aplikasi sungguh memaksa user premium not recommend,1
bagussss,5
terkesan aplikasi karna mendengarkan lagu hambatan,5
liat lirik aja premium,5
kerennn bangett,5
bagus aplikasinya nyalain pas main game,5
gratis lagunya acak,4
aplikasinya bagus mendengarkan lagu aplikasi mendengarkan lagu playlist lagu disukai habis lagu yg playlistnya pindah lagu yg rekomendasikan tolong perbaiki mohon,3
aplikasinya bagus enak deh denger denger lagu aplikasi terfavorit,5
sukaa banget iklan nya ganggu banget plisss karna ga langganan premium asik denger lagu iklan tu rasanyaa huaah,5
iklan premium biar ga iklan ga kaya,1
bagusd,5
karna premium,3
baguuuuusss,5
lagu nya mantap bagus,5
iklan,3
iklan nya dah,5
udah bagus tp iklannya gk ngotak busettt lirik lagunya nggak tinjau ya pas dipencet tampilkan lirik kosong nggak tulisan tolong gimanaa,3
bagus mantap sertai lagu penuh kenangan,5
aplikasi nya bagus bayar premium yg sukai bayar premiun,3
putar lagu menerus ulangi lagu menerus,1
bagus iklan nya banget,4
bagus upgrade lagu,5
enak banget dengar,4
hh oei uee eue,5
aplikasi gg parah sih wajib donloid dou haha,5
sangatt sangatt akuu sukaaaa,5
kren,5
benci bgt pgn dngrin lagu aja pake byk iklan premium smw lgi sm aj pemaksaan biar pendengar lgu hrs byr org jg pgn kli dgrin tnpa byk iklan melikmati,2
mentang mentang ga permium gua denger lagu abistuh iklan denger lagu x iklannya x,2
aplikasi berguna keseharian mendengar lagu sembari menulis apapun jenis lagu spotify berkat spotify tulisan ngefeel rat aplikasi terima kasih menciptakan aplikasi sebagus spotify,5
monolog suka monolog,5
,5
,5
jelekbanyak iklaniklan udah detikdatang nya beruntun,1
kebanyakan iklan,3
download lagu banget premium,3
asik sihh kurangnya iklan,4
menghilangkan stress,5
aplikasi t sm sp layar klo mw denger lagu buka play store dlu bikin buang gw pmls ba buka play store,2
bintang aplikasi,5
emg bagus bintang nya eror,1
kasih bintang tp tolang bantu jg iklannya kurangin durasinya ya,5
iklan babi,1
spotify mantep dehhh,5
suka,5
pass,5
bagus dikit dikit berbayar,4
kesini jdi berbayar,4
great but i can not listen to audio file,4
suka,5
gtw rate aja wkwk,5
seru semenjak update part nyanyi favorit ku gak diulang maksudnya part nya udah terlewat gak mundurin,3
mendengar artist kesukaan ku savage,5
bagus bangett cuman kadang ngelektrus lirik lagu nya udh bener bagus banget pokoknya,5
baguss banget,5
seru nyaman,5
mantab koleksi lagu mendengar nya,5
iklan nya lagu udah iklan aja,2
jujur suka bgt dengerin lagu spotify tp ko gini ganti lagu sesuai aja premium nggak ya nungguin ganti aaa gini sii balikin yg pls ganti lagu sesuai yg pengen ga,3
sangatt bagusssss,5
bagus,5
gbs beli paket premium,1
klo masak nyuci piring suka banget dengerin nya radak hafal lagu,5
iklannya gak ngotak anjink,1
asik bagus banget apk nya,5
bagus iklan tolong iklan dikurangi,5
aplikasi bagus banget lagu lengkap sinidebest deh pokok nya,5
bagusuntuk kwalitas suara tolong peningkatan,5
bagus tpi iklan,5
bagus,5
baguss tp kadang iklanny suka nakutin,5
bayar,1
iklan nya banyakk dengar lagu udah iklan iklan nya menit males denger lagu,1
lagu nya seru banget,5
enek mendengar nya karna mendengar nya enak dah gratis pulaa sayang nya jibkalo hp susah memuat ntah ruang memuat katre hp nya hengg,5
niii bagusss bgtttsukaaa dewhhh apalagii wktu pergi truss dengerr lagii darii spotify,4
tingkatkan,5
suka banget,5
dah,5
apk bagus banget,5
aplikasi bagus bintang karna cules memberinya bintang,5
aplikasi nya memudahkan mendengar musik negeri musik ngehits bervariasi apk nya bagus sampe menggunakannya,5
aplikasinya jelekbanyak iklanspotify pelit ihh perasaanku kagak pelit pelit dahapa premiummau denger lagu dibatasipokoknya gak bebaslahh denger lagu sinipasti aja premium premium premiumdan iklannya kalo dikitin bnyk banget kadang ngerasa bagusan update dehh yg,1
goodd,5
denger lagu galau,5
spotify lu yg bener aja masak dengerin lagu doang dikasih limit batas harianpelit banget woiii astagaaabayangin nih ya gw mencet lagu one bend knee gk disuruh langganan bjrrr sekikir kah trus skip lagu dikasih batas limit pelit bjr tolong klarif ny cs spotify,5
suka aplikasi hp nya mati masi putar lagu,5
bagus tolong iklan,5
coba ys min,4
pembuat berhenti update download mod,1
bagus banget tolong diperbaiki,5
dengerin lagu dimana aja pakai wifi,4
memperbaiki suasana hati,5
good,5
okeylah bagus plis ganti lagu coba,3
najis bgt iklannya iklan suka dapet iklan,3
gila ya ilkannya sampe kali,2
baguss suka ny lengkap terimakasih yg bikin aplikasi,5
bagus menghibur,5
bagus,3
kebanyakan iklan,4
kayaknya aplikasi musik kikir putar lagu premium saran kembalikan spotify kurangin sifat kikir nya sesungguhnya rasulullah saw bersabda masuk surga orang menipu bakhil orang berbuat buruk budaknya diriwayatkan at tirmidzi,1
ya peoses pembayaran premium muncul menghubung pdhl koneksi pengaturan aman aja mohon solusinya spotify,4
kikir,1
suara music bagus mudah temukan,5
berguna engga iklan jdi nikmatin lagu putar bagus,5
aplikasinya udah bagusterus mudah gunakantapi kurangin iklan nya gakitu menggangu,4
mantap,5
kerana aplikasi baguss,5
kasih bintang bnyak iklan nya premium tdk iklan nya pembayaran,4
aplikasinya bagus lagunya enak enak denger,5
bagus banget si ku enak banget lagu lagu nya lengkap nya tinggal cari aja,5
aplikasi bermanfaat trimakasih menciptakan sporty,5
puas dengar lagu,5
iklannya kebnyakan woi,2
mendengarkan lagu,5
jossjiss,5
bagus karna lagu kesukaan,5
the best,5
pengalaman buruk isi aplikasi iklan fitur terbatas pengguna dipaksa berlangganan kebebasan fitur,1
maksa bngt berlangganan,5
udah jelek kualitas suaranya premium liat lirik aja premium perbulannya mehong bet btw iklannya mbak banyakin dah iklan horor pocong kunti kuyang jam malam sengaja banget memeg,1
iklannya gak ngotak cok ya kali putar lagu trus iklan iklannya gak lucunya iklannya promosiin premiumnya mah tepatnya promosi tp mengganggu pendengar,1
enak mendengar kagu,5
bagus banget spotify suara ya jernih,5
banget iklannya,2
semuaaku suka,5
enak dengerin laguu,5
bagus tolong iklannya,5
keren bgtt asli cuyy lagunya bagus podcast nya jg lgii pokoknya the bestt,5
bagus dengar,4
bagus mendengarkan musik offlenee,4
putar lagu iklan nya kebanyakan putar iklan lagu,4
iklan durasi nya detik,1
bagus,5
ogah bgtt apk kyk gini dah iklanny jd ngerusak mood iklannya aja gpp udah iklan detik iklanny sampe kali itupun jede lg dh iklan lg hadeuhh,1
iklannya aja si kaga masuk akal,3
enak dengarin lagu,5
benarkan lagu gratis,3
bayar,3
keren dengerin lagu tersedia,5
mntap ku kasih bintang,1
seru ga ketinggalan lagu nya iklan nya dikit trus ga putus,5
mencari lagu judul,5
thebest,5
gacor mantap ga,5
bagus banget,5
bagus sihh,4
merekomen dasi apelikasi bagu,5
busetiklan nya ga tuhsekali nya langsung iklanlama durasi nya,2
seru denger lagu,5
terbaik,5
its good but most popular songs doesnt have lyric for some reason thats why i be give instead of,4
seru,5
lagu nya mantap spotify mantap menghibur gabut,5
kurangi iklan,3
bagus banget banyakin musik dj nya lengkap banget keren dah,5
bagus nyaman,4
mudah pilih lagunya,5
suka cuman ga suka shuffle ya,2
spotify mendengarkan lagu punnnn pokoknya aplikasi spotify membantu bangettt makasih udh aplikasi inii thank you,5
aplikasi nya sih udah bagus ya banget iklan nya bilang tolong kurangin iklan nya,4
iklannya seabrek bgt lagu iklan lagii durasi iklannya aja,3
lumayan baguss nya likan hororr,3
bagus banget lagunya bagus,5
sastro disiplin banget,5
iklannya ga ngotak,1
asikk,5
iklannya banget durasinya lagu iklan iklannya nggak cuman jujur mengganggu banget nggak sesering overall bagus minus situ aja,4
gilaaaa perasaan iklan nya kalo skrng kali disygkan banget sekelas spotify iklan nya huhu,3
puas,5
siippplah,5
keren,5
bgus app nya,5
bagus tolong sediakan lagu ya terkadang lagu tersedia spotify sih saran terimakasih,5
aplikasi bbm hancur karna iklan aplikasi hancur karna kebanyakan iklan kesini kaya dipaksa orang bayar biar ga iklan cepat lambat semoga ga ngalamin aplikasi hancur karna ngemis duit tamak,1
,5
sorry gue uninstall aliran dana militer isriwil,1
mantab,5
iklan jam pake nih app gitu aj sampe pelanggaran pindah app lg,1
iklan hama,1
bagus bgttttt,5
biyir biyir primium primiim banget dah bayarr huuuuu gak kebelet umroh kali,5
pilih lagu disuka bikin playlist,5
bro development please aplikasi lu dah bagus iklan nya ituloh kebanyakan banget anjirr gue dengerin lagu udah dikasih iklan berbeda anjirr ya gye muak njirr sengaja gue kasih bintang biar muncul semoga baca ya ulasan gue,5
suka lagu tp suka mati,3
apik spotify lihat lagu,5
denger music langsung iklan kalo iklannya oklah iklannya,1
suka lagu nya,5
bagus sih load nya bet,4
jirrr bgs bngt,5
muantapp polll kalo sih sebenernya bintang,5
bagus bgtt lagu yg ngga lirik nya iklan ngerti karna premium,4
lagu nya enak cm tolong kasih fitur kaya lagu nya,4
kembalikan spotify premium miniiiiii,4
jelek banget aplikasinya beli paket premium gagal saldonya kualitas,1
memuaskan,5
mantap bre,5
aaaaaaaa seruuu bgtt dengerin musikk mainn gameeee aaakuuuu sukaaaa tapii bikin ngeleg dikit,5
iklan nya,4
woii iklannya bener sampe x,4
seru make nya,5
setia menemani diwaktu kerja,5
iklan gak ngotak youtube aja kalah,1
iklannya yaa,2
bagus,5
iklan anj,1
membantu,5
oke banget,5
keren sporty,5
iklannya ndk puas dengar lagu iklanya mohon perbaikilah,1
i like all the songs i like,5
milihnya,3
mantap mempermudah mencari musik kesukaan,5
kebanyakan iklansangat mengganggu,1
aplikasi nya bagus,5
memutar lagu,5
pdhal apk nya bagus tpi gw ksih ret karna kesel iklan nya jdi bnyk bet abis lagu iklan beda ma perasaan iklannya gk gini,3
enak,5
terhibur banget pake aplikasi ngusir suntuk,5
always,5
aplikasi nya bagus banget lagu kesukaan terutay lagu pupet,5
suka bangetttt fitur nya lagiiiiii,5
ambil premium for student ngk udah berulang kali coba spotify nya dataku ngk terdeteksi,1
gratis jelek,1
aplikasinya seru banget suka iklan aplikasi ga iklan iklannya,4
mantaps pokoknya,5
iklan bgt woi,1
keren,5
premiumnya lengkap,5
sukaaa,5
bagus bagus liriknya tersedia lagu lawas,3
spotfy mah membatasi lagu ga kaya bebas dengerin lagu manapun skrng berlangganan dengerin lagu,1
cuuv v lbryy v ncrub vwgvr,3
perfec music internatianal quality,5
bagus mencari lagu yg cari langsung ketemu aplikasi biasajang lupa mengunduh ya kawn kawn,5
ok bangetttt musikmusiknya,5
pokoknya enakkk bangett pake spotify,5
aplikasi membantu,5
jngan iklan y,5
musik nya artisnya keren suka premium nya murah mahasiswa,5
pengen dengar musik iklan satiap selesai musik langsung iklan biji,1
mantap,5
bagus lagudan seru,5
suka,5
iklan jing ampe x,1
great,5
keren iklan sampe x aja x x biar keren,1
fitur cari kadang,1
bad,3
mutar lagu aj berlangganan klo gitu apl nya premium,3
asik klu dengerin lagu ap aj ad,5
suka banget aplikasinyaa premium nya murah bangett lagii saranin download aplikasinyaa enak banget lagunyaa,5
good job man,5
ok,5
apk go blok iklannya smpe to lolll udh kikir promosi laennn to lolllll mend gue top up pubg dri pda apk bng sit,1
diskon penipuan,1
add more ads,1
aplikasinya bagus sayangnya banget iklan nyasaya mendengarkan musik langsung iklan mohon menayangkan iklan spotify,5
lagu lagu spotify mengusulkan lagu customer servicenya dihubungi chat fiturnya lho temanteman spotify tolong perhatian khusus jujur koleksi koleksi hobi koleksi lagulagu lengkap tersinggung ya katakataku spotify oke terima kasih,5
spotify gak yg bagus,4
ganti lagu iklan ny banyakkk lgi minimal yh yh gk in mh sampe mh iy kalo abis iklan ya udh lancar sampee mh iklan lagu ny sampe dnggg idihh lagu lagu where we be kgk siballl,3
lagu iklan,1
spotify andalan musik podcast pembaruan terbaru pengalaman mendengarkan lancar menyenangkan,5
samgat mudah mendengarkan music,5
apknya bagus tolong banyakin iklan ya,5
lagunya bagus bagus gampang cari,5
aplikasi memuaskannicegoodjob,5
aplikasinya kersn banget dengerin lagu pencarian,5
ga lagu ku pilih lagu tolong perbaiki hilangin iklan nya terganggu,2
terbaikkkkk,5
aplikasi cocok pemain cai polybuzz,5
bug,1
bagus bangett,5
war war war,1
no komen,5
podcast download offline diputar ya,4
aplikasi nya udah bagus premium iklannya muncul seringsering ganggu bangat asli ora boong,5
aplikasi bagus,5
bagus,5
saran kalo ngasih iklan kasih iklan minimal durasi detik kebanyakan iklan,1
lagu nya enak enakk cuyy,5
iklan,2
musik nya oke banget,5
seruu bgtt kalo main game trs nyetel lagu spotify premium yaa kalo ganti lagu manual nunggu besok premium hdhh ak nihh gaada duit beli premium minn tolong iniin dongg kalo ganti lagu manual premium plss makasi semoga dibaca,4
lagu gak sia dounglot spotify,5
ganti lagu iklan kadang kadang iklan males banget enakan youtube,2
,5
kecewa banget lagu liriknya gak,2
kebanyakan iklan kaga nyambung iklan nya,1
iklan gk nambah aduhhh nasib fp mend pindah aja gw,1
aplikasi sampah bayar,1
lumayan,3
apk meng hibur,5
spotify gw bug lirik nya gak tpi gapapa nya tetep jos dah pokok nya,5
uang hilang ribu premium membeli premium,1
lagu nya asik asik bener bener aplikasi yg saranin yg santai manapun love you pcr yoon jaehyun treasure,5
bagusss,5
aplikasinya bagus suka kalo nonton musik muncul iklan kali iklan nya berdurasi detik menit tolong ya kalo ngasih iklan ya ngotak,5
wow,5
𝑏𝑎𝑔𝑢𝑠𝑠 𝑏𝑔𝑡,5
enak banget dengerin lagu spotify iklan gapapa,5
aplikasinya bagus,5
iklannya,2
baguss bgt,5
ads in a row,3
buatt ngapain ajaa nyamann,4
kali iklannya,1
iklan gak ngotak,1
membantu berlatih menyanyi,5
bagus polllll,5
mantulll,4
mendengar lagu ditutup aplikasi,5
banget iklannya kntlll,1
aplikasi music player the best ya spotify,5
demm keren bett coyy,5
iklannya gak masuk akal lagu play kali iklannya kali bye,1
,5
sporty mutar lagu udh premium gimana sii dikit yg putar udh kena primium,4
spotify kereen,4
kasih aja ya,4
baguss bgdd sumpah playlist aj keren lagu yg suka sieh despacito wawww kane bgd bintang ouyyyyyy pliss tolong bener baguss bandingkan apk dengerin musik tolong ubah update yhaa klo update fitur hapuss sieh nya gada iklan premium ya gpp ko ga mengganggu jugaa pokonyaa lope bgd apk makasi developer lopee dehhh,5
bagus skali sih nih aplikasi,5
banget iklan nya taii,1
dengarin lagu ckckck,5
lelet loadingnya,2
aplikasi bagus lagu terbaru muncul spotify,5
bagus iklannya dihilangkan biar nyaman dengarkan nya,5
boikot,1
apk udh bagus iklannya dibilang dikit tp adain diskon spotify premium siswai sma dongg tugas dn fokus sm tugas gr gr dengerin musik spotify yah yg bikin kesel tu gara gara kahalang iklanjadi please kasii diskon prem siswai sma jugaaa wajib langsung sit set beli spotify prem,5
lu hujat sekain iklan,5
josss,5
tenxi and jemsii the best brokk,5
gacor kang,5
keren banget gak muncul iklan musik bagus,4
music lengkapjadi mantap,5
ngotak dikit ajg iklan kali bbi,5
banget premium iklan,3
bilkin tenang,5
goood,5
bagus aja maen ep ep ama ml,5
mend yowtube lewati iklan nya,2
gk iklannya ko yaa,5
berguna kaum rebahan sih,5
kikir banget kasih iklan gak nanggung langsung denger lagu,3
aplikasi bagus banget kasih bintang semangat aplikasi semoga rezekinya amin,5
sebanding lagu iklan kebanyakan iklan nya,3
lagu kenang,5
sorry gk suka hp udh pencet lagu nya gak suara nya plus gak gambar nya lagu nya gambar gambar lagu tpi gk,2
enak banget dengerin lagu main gamess,4
ga tambahin iklan spotify kebelet haji kah,3
tolong lagunya kasih teks lirik versi karaoke,5
kren,5
josssss,5
mantapp hd sound,5
cm spotify doang yg bikin w lbh seru,5
baguss banget iklan nyaa,4
ganti lagu aja hrus premium elah,1
aplikasi mudah iklannya,5
bagus sich aplikasinya dengarkan lagu gratis free berlangganan bnyak mendengar iklan yg lumayan musiknya,4
bagaus,5
beg,5
bagus bangnget,5
jambot,1
gw udh premium aja iklan,3
aasyik bro,5
enaka banget,5
,5
kerennn,5
update milih gue kasih,5
gratis iklannya ngotak dikit sampe iklan uninstall,1
mantap aplikasi musik spotify,5
promosi dikitdikit promosi dikitdikit promosi,2
,5
lagunya lengkap rekamannya jernih,5
,5
memanjakan telinga,5
thank you yg udh ciptain sportify bumi bagus bet apknya ak dengerin musik favorite ak pokoknya makasih yg udh nyiptain apk karna musik jiwa raga hidupku,5
jarang iklan ga premium nicee,5
asik lagunya,5
bintang iklannya,4
apkasi bagus,5
mantap,5
pay to hear,1
suka premium suka aplikasi,5
oke bagus,5
spotify mantap,5
tks,5
musiknya nyaman didengar memutarnya,5
gak kayak duluiklan nya lagu kali kalo lagu iklan,1
mls bgt iklannya skrg aja gw males huh,1
bagus fitur premium bagus,5
spotify musik podcast bagus suka sekalii makasih spotify,5
plis iklanya apuz aja,5
mencoba,5
uninstal ah support genosida,1
burik gak menarik,1
suka banget jalan dengar lagu,5
rumah gwe bnyk lagu yg gw suka,5
mendengarkan lagu ga maksimal karna dibatasin kalo maksimal premium ribet kasih bintang,1
enak banget denger lagu gk premium,5
bguss bngett,2
maacih,5
bagus minus iklan truss,5
kerenberbagai jenis musik lokal global,5
kurangin iklan bintang koklagi dengerin tenxi berubah iklan,4
mantepppp,5
kikir aja ni aplikasi yg iklannya detik sampek yg menit,1
premiummilih lagu batesin aneh,1
asik asik lagu nya,5
enakeun,5
teruntuk admin spotify tercinta tau kalo ga premium dengerin lagunya tolong ngasih iklan bejibun gitu dapet iklan doang sampe iklan mah kayak denger iklan doang denger lagu abis iklan langsung maaf kalo kesannya kayak buruk coba premium spotify terimakasih,4
simpel,4
lagunya lengkap banget suka liriknya,5
iklann,1
shuffle pintar nya ga nyambung sm lagu yg denger,3
pendukung genosida,1
oke mntp,5
menyenangkan mudah cepat search lagu artisnya tersedia liriknya aplikasi recommend,5
bagus banget suara nya,5
kasi bintang karna lu spotify udh bikinn nangiss seseorangg butut hamaa apk tbtb akun orng login hp orng sih cuh,1
enak banget,5
minimal kalo ga pengguna pake bajakan hapus paket premium seminggu bodoo bayar paket kbulan enteng paket pelajarmahasiswa orang kuliah gitu mikir lahhh udah bener bener paket premium kminggu dihapus lawak bener ni developer,1
lagu buanyak bet,5
keren iklan nya kurangi iklan aja,5
ngelunjak ni iklan males uninstal aja apk nya,1
bagus dengar,5
bikin mood lagii,5
lagu diputar random,4
gilaaa bagusss banget,4
enak banget lagu lagu nya udah ga muncul iklan udah pake mode premium,5
cocok,3
gut,5
bagus banget lagu,5
bagus bangett sukaaa indah banget dengar lagu,5
iklann satt,1
bcot iklannya gw tau duit lu isriwil,1
bagus suka dengar lagu aplikasi,5
bagus bagus,5
teman d galau,5
sangking bagus nya bingung komen ap,5
bagus banget tolong banget bikin spotify nya gak premium,5
lumayan bagus,4
iklan,3
dengerin lagu galau,5
saran ya lagu kasih iklan aja minimal iklan lagu udh premium kasih iklan biar user kecewa kwon tl,1
bagus,1
so perfect dengerin musikk luvv,5
bagus gak iklan sayangnya gk lirik lagu nyaa,3
mantap keren spotify,5
tenang bngt nya,5
anti genosida,1
dikit dikit iklan mencet lagu aja premium fleksibel gk batalin langganan bikin susah harga dinaikin mend software aplikasi,1
bermanfaat,5
semenjak gw make nih apk gw tw selera lagu sejati gw wkwk gw sbenernya suka spotipe y gw bru denger lagu tuh mncul iklan bikin gw g mood ngevibes bgt gw dengerny kali y dikurangin tuh iklanny cm pendapat gw ya soalny gw agk risih lov spotipe,5
aplikasi nya bagus lagu enak banget kalo dengar lagu gak,4
this be my best friend,5
maksa spotify mintak premiun ya gw gak bebas gak ya,2
mine iklan,5
mantaaapss,5
menyukai lagu mendownload nya karna jutaan lagu,5
bikin belajar nyaman,5
hp mati lagunya tetep jalan hemat batre hp,5
komplit banget koleksinya,5
iklan nya,2
really good,5
lagu ya sesuwai harapan ciri have lagu ku,5
suka ga puter lagu paksa beli premium jam,2
asyik keren lagunya,5
iklannya gila udah spam x lagu udah iklan x bangke,1
cocok jalan enak lagunya the best top,5
bagus tingkat lagu,4
makasih nemenin gua kalo mikirin ortu malem smbil musikan prem nya student hemat,5
aplikasinya bagus iklan,5
krna ccok tiduringin beres,1
puas applikasi,1
apk bagus,5
suka iklan dengerin musik offline,5
baguss,4
iklan cepat muncul banget,2
mantap lagu cari lagulagu nostalgia,4
anying iklan mulu konol iklan nya biadab lu yg donlot mening kaga ngabanying iklan nya kaga ngotak,1
mantap banget nih aplikasi,5
aplikasi kek tv iklanya,4
lagu iklan njirr,1
mantap aplikasinya mendukung pakai dolby atmos,5
terima kasih spotify menemani perjalanan,5
bagusuntuk mendengarkan lagu lagu musik hitss viral,5
menyenangkan aplikasi,5
jagan iklan nya pake kuota putar spotify,5
bagus mudah akses,5
aplikasi ya bagus,5
kurangi iklan iklan yg spotify,4
bagussatu lagu iklaniklan dilarang kumat nih lagu iklan,4
memuaskan,5
mentang ga premium iklannya x parah bngt duit emng kbangetan,1
keren spotify,4
bagus penyusunan,5
serius iklannya ampe ganti lagu kek tv wkwkwk,5
kebanyakan ikln,1
,5
bagus,5
apalah skrg kebanyakan iklan anjir,2
kebanyakan iklan gabisa skip,2
sukaiklannya dikit,5
bagus apk dengerin musik main game,5
bagus menemani kerja keseharian,5
aplikasi yg bagus kembangkan,5
menghiburrrr,5
berbenah bossku,4
banya dpe lagu,5
bagus lagu iklan ribet,2
,5
cocok penyemangat hidup,5
bagus senang suka dengerin musik donwlod sporty karna pengguanaan ya mudah membantu mudah lagu,5
aplikasi kikir kali kali wakk iklan sampek x,1
kerenn,5
wahh spotify sii udah ga bisaa diragukan cakep beuhh,5
iklannya asuu,4
spotify app musik kekinian terbaik pribadi,4
terdebestlah pokoknya,5
premium hapuss,5
bagus menyukai aplikasi dilengkapi lirik podke nya seru bgt sayang nya iklan,5
belajar gratis,5
kelamaaan iklannya mend cari app aj bye,2
so disappoint,1
enak santai dengerin musik,5
free p,1
bgus,3
kocak,1
aplikasi nya bagus lengkap iklan dk ngotak dengar musik dengar iklan oke iklannya kalo muncul kali aaaa oblok ikalmnya disuruh pake shopee pay later disuruh pinjol aashaaua,4
bagus kalo kasih gw premium gratis hehe,5
jujur bagus sih lengkap cuman gitu dah terbatas banget ya nya kikir sih,3
milih lagu aja premium astaga sebatas milih lagu aja premiumin tolong balikin kaya sampe sebatas lagu aja premiumin kesel,1
mantao,5
dengerin lagu ga jeda pas dengerin gabisa dengerin lagu yg pilih bgt sih spotify,1
mantaaap,5
mantapsangat membantu,5
bagus bangtmudah cari lagunya,5
iklan reguler lagu iklan,1
kl,5
gak sih lagu playlist gak putar,1
bagus memoku penuh,5
dear ceo spotify kecewa menyuruh pencipta menghapuskan alquran kecewa,1
booster harian karna denger musik thank spotify premium wort it wlw berbayar lagu lokal internasional lengkap,5
ok good,5
enjoy asik,5
baguuss pake bgaett,5
baguuuss banggeeettt pliiss,5
banget pilihan musik ya,5
premium,1
gw denger lagu drakethe weekndpartynextdoordaniel caesarradioheadplaiboy cartidon toliverjohn lenonchase atlanticbruno marscoldplay thankyou spotify,5
sumpahhh ni apk bagus bgtt gak bohong,5
iklannya,5
lirik lagunya bagus bagus,5
sukses my spotify,4
cocokk bgtt klo aktivitas gtu kadang iklaanya ganggu pas asik asiknya,4
sya suka lagu,5
cocok mendengarkan musik lagu sukai,5
iklannya,3
bagus skl,5
bagus bgt,5
,3
bagus benget aplikasi ngelagu jaba pakai main game kalo hp nya dimatiin ngelagu iklannya iklan,5
aplikasi nya bagus gak ngelek bagus deh pokok nyahh,5
not bad,1
bikin nenangin hati sepi,5
bagus pas masuk kedalam aplikasinya lamaa ya jaringan bagusmemo okeadaaa yakalau bagus kasi bintang nahan sabarr masuk kedalam apk,3
bagus sumpah sampek kejang,5
nyetel lagu spotify bikin galau trs mencari lagu sesuai aplikasinya bagus,5
lagu kesukaan enak dicari enak denger lagu pas main game,5
seruu,5
aplikasinya bagus banget,5
suka spotify mendengarkan musik apapun spotify pembayaran lagu dengar,5
bagus,4
pengguna iklannya gacor kecewafitur fiturnya bagus,2
aplikasi bagus rekomendasi lagulagu populer,5
sihh lagu nya asik semuaa sukaa dehh,5
menemani kesepianseru,4
seruuuu,5
iklan mulu hadeh musik iklan,3
,5
bet iklannya kontolll,1
aplikasi nya bagus udah gitu aja,5
iklan ok si,5
baguss bgt lopyuu,5
lagunya ngga liriknya udh liriknya,5
bagusss bgtt,5
maksa utk premium pause lagu ditengahtengah menit,1
kasih bintang iklan premium mahal,3
nilai yg kalo cari lg pd album kadang,5
aplikasi nggak nyetel lagu dipaksa premium gimana ngk duit,1
bagus membantu,5
tolong lirik yg ilang tb tb dibenerin njir gue nyanyi kagak gr gr lirik nya ilang dikitdikit iklan mulu gapapa sih iklan langsung kali berturutturut njir durasi iklannya iklan movie gausah nyaranin pake premium gue kurangin karna udah mikir kid,1
losgak da iklan,5
iklan nya numpuk,1
lqgu liriknya,4
josjiss,5
best music,5
bagus lagu nya,5
iya aplikasi lagu yng,5
hahhh,4
dikit premium aneh,2
iklan nya ngentod,4
joss gandos,5
lumayanagak lemot,4
kaga muter podcast bjirrrr tai ylahh,2
bener aja iklan nya langsung detik,1
aplikasi bagus orang suka mendengar musik,5
iklan nya,2
sdh uninstall mendukung genosida,1
spotify bagus lagu trend,5
bagussssd,5
,1
bagus apk ku suka,5
aplikasi bagus,5
menyukai lagu kimika,5
memuaskan,4
lagu yg mudah dicarilalu tingga playoke bangetrecomended music nya,5
i be deeply disappoint to learn that your party participate in the genocide movement,1
,5
okay iklan nya ya gak kerasa dengar lagunya iklannya minimal sponsor aja dibanyak banyakin iklan nya muak tolong kurangin ya gak bagus tau aplikasi dianggap aplikasi berbayar,1
bagustapi tolong download lagunya gratisan premium,3
puter dimainkan beda emang tolol,1
bgs bgt lagu nya keluarin denger musik sukaan main game chat gambar dll kerja bagus,5
lelet sesrch lagu kkneksi jaringanku bagus,2
spotity terbaik,5
bagus bgt app nya musik musik nya enak,4
lagu nya,5
bagus nya kadang gak atur susah deh overall bagus,5
hebatt,5
bagus sih cuman kurangi iklan yg gak nya trus harga premium nya kasih,1
gw beli peremium tanggal ya napa abis premimnya gajelas banget,1
iklannya so asik jir kesannya maksa banget nyuruh premium,4
udah kali aja iklan muncul ya bodat,2
feature berubahubah,5
kebanyakan iklan sih lagu udh iklan iklannya x dikurangi ya iklannya aplikasi nya bagus loh,4
lumayan keren mantap,5
oke,4
so far so good teman moment aja,5
ya akun gua ilang cuman pengen akunudah premiumnya gua pengen masuk ga masuk tolong gimana akun gua ilang aja rugi gua sumpah kalo balikin aja uang gua,3
lancar jaya pokoknya enak lagunya,5
time drift time drift race drift race race mainan,1
bagus mendengarkan lagu,5
tenang,5
suka membantu mencari lagu favorit,5
ga cepetin lagunya,3
spotify putar lagu iklannya y,1
aplikasii baguss dii akuu gak bisaa liat lirik laguu nyaa,4
bikin galau,5
iklannya dikurangin dikit yaa,4
teman,5
sy mw update premium bulanan ga yah sy sdh hapus download ga,2
sangattttttttttttt bagussssss,5
menghibur,4
cocok,5
gidog,4
tolong iklan nya semangkin ya kali iklan berturutturut iklan nya putar lagu udh iklan aja,2
iklan pemutaran lagu iklan kali dengerin lagu iklan aplikasinya nihbingung banget,1
bagus buset iklannya ga tuh premium lumayan harga segitu perbulan tpi okelah not bad pricey barangkualitas harga tpi klo disuruh premium harga segitu mnding dengerin iklan seabrek jir tpi ya abis pindah apk merah klo iklannya,4
lumayan,5
gok,5
kikir iklan ga kikirrr,1
awaaaawaaaawaaaaaaad nn nnv,5
niat hati update tp ga udah gitu ga pencarian lagu nih sekarangada ga,3
kebanyakan iklan,1
iklannya ngelunjakawalnya,1
lg bagus,5
sesuai mauu sukses ya,5
apk nya kerenn iklan seakan memaksa pengguna berlangganan premium trs klo muter lagu tbtb keputar lagu yg ga sesuai vibe lagu yg didengarkan tolong ya developer ngasih iklan yg masuk akal,5
pertahankan prestasimu,5
,5
bintang iklan nya sampe iklan ga kaya dulukayak maksa premium,1
bagus,5
reduce ads,3
iklan,2
𝚋𝚊𝚐𝚞𝚜,5
apk nya bagus tolong iklan nya kurangainsebelum puter lagu iklanbares denger lagu iklanlama males pake apk inimending cari yg mod aja klo gini terustolong pengembang apk,3
bener aja iklannya su aplikasi aja iklan detik,1
lagu playlist dengar beda,3
aplikasi bagus bgt iklannya ngasih saran bagus menghibur terimakasih spotify ad menemani,5
,3
spotify bagus,5
bnyk banget iklan si anj,1
iklannya,1
gratissss,5
keren banget iklannya,4
bagus aplikasi,5
baguss bngtt jdii akuu bisaa dengerr laguu sembarii mainn permainnann apaa punn,5
welll pokonamah,5
ngk seru tibatiba d suruh bayar,1
aplikasinya bagus banget iklan mohon kurangi iklannya,5
too many ads,1
apk gacorrr minus iklan nya bejibun,5
kebanyakan iklan suaranya mengganggu,1
g worth it bgt anjj muter lagu iklannya ampe kali anjir lahhh,1
ngasih iklan ngotak dikit kontol lagu iklan woilah,1
ya aplikasinya bagustapi premium iklan hp bermasalah mendengar lagu mati lagu nyalalu aplikasilagu nya ulang gimana sih berbayar aplikasi udah bagus suka terima kasih ya udah aplikasi,4
yah allah tolong dana ketarik otomatiss sebesarrb nya tdk sengaja kepencet fitur langganan nya mohon kembalikan uang sayasaya butuh,1
iklan nya jgn trllu bnykyg nya ok,5
iklan menggila main lagu iklan biji detikan parah,1
spotify bagus bngat,5
hei kau bentar nyetel lagu ku pencet pake premiumdasar gua duitgini aja pake premiumnya kalo offline iklanjangan bikin sengsara,1
buaaagus bgt ok dadah,5
bagus sukaaa banget,5
heh gue premium bayar pake google play tolak suruh make telkomsel pas udah pake telkomsel tolak suruh make dana pas udah make dana jaringan eror heh bgst gue make wifi kartu gua g duanya lo apasi,1
suka bgt kalo denger pas baca perjalnan cuman kadang iklan nya bikin ga nyaman,5
bye bye spotify,1
gk niatan bikin vocal off biar versi karaoke,5
bagus suka karna lagu idol kpop bts,5
too many ads,1
kualitas jernih,5
menghibur senja,5
dah,5
gak offline,4
seru banget,5
aplikasi pemutar iklan,2
apliksi yng sngat menghibur bngett klo lgi kspian mlkukan hall intnyaa good jobbbbb,5
sangattt bagussss menemani kuuu sepanjanggg hariii,5
ga load lagu lagu terbaru,5
tolong lagu vokalis edi silitonga judul tangis cinta,5
aja sih emang bagus emang gue bilang waw gitu wk wk wk wk wk wk wk wk wk wk wk wk ha ha gabut wk wk wk wk abc ah bacot ha ha ha ha ha ha gue gabot aja bagus,5
iklan nya bgttt iklan,2
seru belajar nyanyi,5
aplikasinya bagusmau cari lagu playlist mudah gak ribetputar lagu kuota habis,5
mantap mancing,5
bermanfaat,5
apk nya mantap dengarin lagu kesukaan lagunya lengkap,5
gak suka iklan nya,2
bagus,5
banget sih instal nya,1
kali update nya lemot iya,5
premium mendengar lagu,1
karna lagu nya enak,4
bagus banget spotify mantap,5
mantep,5
minsumpa permudah gak pembelian preniumnyakek daftar kerja aja,3
kebanyakan iklan msih bagusan sc sih ga bnyk iklan trus kalo putar sesuai urutan ga hrs premium lgu sc ekhem be that too much duh,1
minimal pilih lagunya yg playlist batasannya,2
lbih kebnyakan iklan,1
seneng bnyk iklan,5
spotify hiburan musik mengesankan,5
bagus uptodate lagu terbaru khusus kpop,5
terbantu mendengarkan aja musik lagu suka sehat sukses spotify terima kasih,5
ok banget,5
tambahin fitur blokir artis bre ms ngedenger musik dr artis musik rekomendasi ny jd dr dy trs contohnya gua cmn ngedenger musik karma cnahvivinos trs musik rekomendasi gua langsung jd playlist alien stage gua gtw tp intinya tambahin fiturnya memeg,3
mantap dengar lagu kesukaan buka yg,5
enakkk,5
bagus sangan membantu hiburan musik,5
biar bintang yg berbicara,5
lagu nya,5
lagu minang,5
goog,5
bagus banget pas denger sad iklan,5
koleksi lengkap,5
bagus,5
over all udah bagus kali yaak suara lagunya jernih lagu dicari iklannya bgt anjirrr ok i know ga premium tp ga premium jg karna harganya mahal bos sesuai duit yg dompet q pls yh spotify kasi diskon bwat premium gapapa deh prem nya sebulan doank harga nya emang murah tbh ak pengen prem tp cm sebulan,5
developer nggak tulisan lagu,2
haji kali,1
best,5
ajg bat sad iklan tlol iklan nya ngiklanin premium beli premium cuman ilangin iklan yg ngajak nyuruh beli premium lo kikir gimana bangst,1
aplikasi membantu ku semangat main game ku tertidurebih cepat,5
deezer still besss,5
males bgt udh premium slalu play lagu andmesh pencet shuffle dapet lagu andmesh play playlist hit dapet lagu andmesh apalah algoritma nya gak suka andmesh dah muak gua setaun gini trs,1
dah bagus login makasih udah dengar ya spotify,5
best aplikasi cok suka sih,5
mantafff topppp,5
kadang putar lagu pas gambar baca webtoon wkwkwkwk rekomen banget sihh,5
nyetel lagu aja iklannya udh berkali,2
senang,5
mkasih udh membantu,5
iklan,3
my life now,5
mantap apotify no,5
berlangganan masuk apk,3
bagus banget,5
bagus,4
bagus salah nya suka iklan,5
baguss,5
bagus sayang iklan ya mengganggu,5
suka,5
spotify udah bagus mantap lh pokok nya tolong hilang iklan horor nya d ganti iklan yg horor nya dengerin lagu d spotify pulang kerja hutan ya d pikir asik asik merinding bawa suasana tolong d ubah iklan nya yg,5
bagus lagu,5
mantab polll,5
lagu spotify music,5
aplikasi nya kayak babi burik jelek mend hapus pelaistore,1
,5
,3
fiturnya ga iklan,1
lagu sangking banyaknya sampe bingung,5
menyenangkan bikin tenang,5
bagus,5
aplikasi keren,5
bgusgreat klo kurangin durasi iklan nyamksh,5
aplikasi inii baguss bayar,5
apalah dikit dikit premium premium gila duit bener,1
bagus klo lg gabutt,4
seru banget kalo nugas dengerin spotify,5
lagu lagu nya asik,4
playlist lagu beat hip hop yg nyalain galau,1
tolong lirik ditampilkan,5
sya sngt puas aplikasi sngt bgus skli sya sngat menyukaiy,5
tida dibuka loo,1
suara menyenang hidup aplikasi rekomend,5
ga dibuka pas udah didownload,1
lagu nya enak bagus,5
lagu ya bagus,5
membantu,4
lagu sesuai suara jernih bass ok,5
mantap,4
memilah race cepat putaran lagunya paet,1
senang seruu,5
baguss bangett cuman suka iklan betmutt baguss bengettt,5
ok bgt,5
bugis sidrap,5
kikir dikit bayar kebelet haji,1
aplikasi nya bagus banget,5
bagusss bngttt,5
apk bagussss bangettt tapii iklannya bikin kesell lagu iklannya iklannya bikin apk muncul nilai negatif nya,3
menyenangkan enak dengar,5
,1
kerennn,5
login menit,4
cocok,5
seru banget pake spotify,5
deh,5
lagu nya bagusnge trendtidak patah patah pokoknya bagus,5
bagus sihh kalo udah dengerin musik tuh iklan nya,5
aplikasi bagus menar ik,5
teruskan abangkuhhh,5
oke bang,5
lagunya enak dengar,5
bagus sabil nain,5
lagu nya yg sukaa,5
aplikasi nya bagus mainin playlist ku kadang lagunya nyasar lagu rekomendasi lagu kaya playlist gak suka lagunya muncul mulu bikin bete udah chat gpt ilangi nya tetep gak,3
klo rid asik banget,5
aplikasi membantu menemani beraktivitas sehari,5
kebanyakan iklan nya,1
suka apk musik bagus musik india jga paporit iklan nya jga ngga bangak klw iklan sebentar,5
berhenti berlangganan premium saldo dana ketarik ribu premium mohon refund dana,1
iklan nya maksa banget premium,1
terbantu aplikasi pakai memori simpan hp klik spotify lansung dengerin musik gangguan sinyal pokok nya mantap,5
sempurnatinggal karaoke nya,5
udah muak banget sih iklannya udah laguini yg didengerin lagunya iklannya cobak,3
bug contohnya gak mutar lagu sesuai urutan udah beli premium beli premium aneh,2
bagus tambahin liriknya,3
bagus lagunya update,5
kebanyakan iklan komplit lagu nya,1
aplikasinya bagus iklan sy kasih bintang,4
bagus gak makan jaringan bagus,5
lumayan,4
mudah asikk memputar lagu tugas,5
mv nya lo,5
keren lagu lagunya,5
please kurangin iklannya,5
musik yg lengkap mantab,5
bagus suka lagu lagu pas dgn yg kuinginkan,5
apk dengerin musik dengerin iklan ya kaya dengerin iklan trs mengecewakan terimakasih kikir,3
bagus dijadikan penghilangan gabut,5
kereen,5
bagus aplikasinyabanyak pilihan musik good job,5
mantap pisan euy,5
musik terlengkap,5
bangett iklan nya,3
aplikasi ya bagus hebat ya jarang dapet iklan mantap,5
bagus menghibur,5
apk yg berguna pecinta musik,5
bagus banget sukkyaa,5
akun disuspend browser menghubungi contact us tolong dibantu mengklik kirim pesan halaman masuk spotify tolong dibantu,1
sy ksih ajaknp mesti klan yng muncul,4
membantu naikan mood thank spotify,5
gampang cri lagu,5
sangatt baguss bebass carii laguswolawat,5
kerennn byk lagu islami,5
aplikasi bagus,5
aplikasi nya gak rekomen iklan nya maksa bet langganan biar premium nyusahin banget kalo belom premium gak percaya cobain aja,1
kasih bintang aplikasi spotify dengerin lagu gratis cuman premium nggak premium nggak dengar lagu gratis udah premium ngunduh lagunya masuk playlist musik ya premium mendengarkan musik resiko mendengarkan iklan musik putar spotify nya bagus sih keren musiknya,5
banget iklannya,4
iklannya tolong dikondisikan bikin earworming banget ga abisabis,3
bagus main gem suaranya ilang,5
enak lirik nya lengkap lagu nya lengkap ngak wifi gabut donlownd,5
apk yahudi dikit dikit premium,1
bagus jelek,5
apk sih nggak gw mencet lagu lagu nggak,1
musik nya keren,3
suka banget suka denger musik nyayi lirik nya minus nya iklan nya,4
keren mantab sportify,5
aplikasi kikiriklan menit ga milih lagu,2
aplikasi nya bagus,3
lagu nya enakk enakk,5
baguslagunya lengkap tolong kurangi iklannya iklannya menggangguitu sayasaya kasih bintang,4
ok sip banget,5
bug musik setel kadangkadang nggak bersuara buka youtube denger lancar hambatan,3
enak dengerin tolong iklan ga premium aga mengganggu terimakasih,5
enak dengerin lagu jkt,5
musik suka mati,1
great soung be clear,5
ya spotify pas mutar lagu lagu suaranya lagu hilang suaranya pas iklan gak hilang tu suaranya,4
aplikasi kikir,1
hapus aja udah,2
stres maruk pencet lagu premium sih astaga,1
absolut cinema,5
gatau enak aja,5
,5
bagus sih cuman pas lagu yg rekomen gk direkomen tolong perbaiki yaa,4
senengkalo nggak kouta tetep ndengerin musikk dehh jadinyaa,5
buagus suka banget dengerin lagu spotify disuruh mama lipetin baju,5
mantap,5
bagusss,5
mengurangi stress,5
cocok teman perjalanan makasih sportify,5
suru premium mulu trus pas dengerin lagu batas nya males bgt pake spotify maaf bgt ya unstal suka,1
pake nge gamon,1
bagus pokoknya,5
iklan y tolong iklan dihapus,5
suka aplikasi gangguan lagu yg suka hilang memperbaiki nya,4
anak asu iklan,1
bagus banya lagu nya,5
bagus ku kasih bintang makasih udah sportyf,5
bagus pleksibel,5
bagus banget menemani kesepian lagu,5
susah ruwet mengakses lirik lagu mobile scroll tap tinggal tap tombol playpause mengakses lirik versi tolong diperbaiki,1
the best,5
bgtt bgtt suka suka,5
menikmati banget aplikasi premium ganjil iklan berdialognya alay mean character notice artis paporit kesanya kayak mengajak alay lebay doang memiliki perasaan gitu slera laguku tergolong fomo,2
apalah milih lagu dengerin aja up premium mend dengerin lagu youtube,1
iklannya,1
spotify gak sumpahh iklanterus iklannya gak jirr,1
lumayan cuman iklan kali premium nya takut nya kayak capcut premium emm nya kasih reward request gitu nya premium engga kalo ga premium yaudah tawarin fitur premium iklannya hapus kalo premium yaudah kalo kabulin gapapa jugah yaa,4
app keren,5
applikasinya bagussimple mengagumkan menyukainya,5
bagus bangett iklan nya,5
bangus,5
tolong ya perbaiki bug nya bug nya mendengar musik tolong benarkan,4
puas banget,5
rada ngelag dikit suka fc aja,4
aplikasi putar lagu eh yg keputar sesuai,1
tolong iklannya kurangin iklan muluumalah kalo iklan bamgat lagunya so okeyy,3
oke lagunya lumayan bagus,4
suka spotify dengerin lagu,5
puas lagu,4
mantapkekurangannya download nya,5
lagunya asik banget,5
lagunya sesuai expetasi minus gk setel lagu premium,1
,5
lirik lagu nya udah kali update iklan nya muncul,2
posisi handphon terpakai nyala musiknya memuaskan,5
banget premium nya susah denger lagunya iklannya banget,1
uda didownload lagunya tp pas dibuka offline apknya gabisa gimana sih siasia didownload kalo dipakai off apknya load gabisa dibuka,1
bagus lagu lagu nya lengkap,5
kadang kadang gaada suaranya udah gedein volume nya,4
berhenti berlaganan,1
mantab bagus,5
seneng dengerin bimodanupalagi humor nyangakak beud,5
nya udah bagus iklan nya gak mengganggu pas coba liat lagu lirik nya pas pencet tampilan lirik gak tulisannya liriknya tau lagu memiliki lirik pencet lagu memiliki lirik pencet tampilan lirik nya gak tulisannya liriknya,4
berguna lagu,1
musiknya komplit es cekek serebu taro,3
iklannya kenceng lgi denger musik iklan kenceng bikin sakit telinga gblk,1
kurangi ikan nya,4
baguss apk cocok orangnya suka mendengarkan musik,5
bagus,5
gratis bagus,5
suka musik,5
bagus banget rekomendasikan download aplikasi,5
aplikasinya bagus gak kendala puas banget aplikasinya jadu kasih bintang,5
bagus banget sukaaa,5
lagu nyaa perfect bagus bagus komplit jugaaa suka ama spotify ailopp,5
bagussaya suka dengar lagu,5
gila bagus banget cuuuuuuyyyyy recommend sih,5
lagu banget ak pilih ak spotify,5
media hiburan kondisi jam full dicoba lantas dimilikki apk,5
bagus banget apk nyaa tpi kebanyakan iklann tolong kurangi ya iklan nya,5
iklan nyaaa,3
mantaaap,5
lagu lagunya enak,5
sukaaaa,5
aplikasi nya bagus,4
mantaap spotify lagu dangdut lawas,5
koleksi lagu nya lengkap dn update,5
cute,5
solusi,5
apik,5
enak jir dengerin metal slipknot,5
suaranya jernih bagus bangettampilannya keren,5
spotify gudang iklan banget musik iklan gak kek spotify dlu iklan nya dikit tolong min iklan nya kurangin nya suka degar musik spotify udah,3
enak,5
seru beragam lagu nya,5
aplikasi bagus tp kadang eror hp,3
lengkap banget lagunya tinggal klik,5
suka spotify fitur memudahkan pengguna mendengarkan favorit,5
aplikasi kikir nyaman mendengarkan musik shuffle pintar nya kagak terulang ulang mend platform sebelah,1
enak lagunya simpen lagu pokoknya enak nilai nya,5
bagussss bangettt,5
aplikasinya hemat kuotasimpel ribet lagunya lengkap,4
bagus aplikasinya cuman iklanya,3
jempol,5
aplikasi lu maksa biar orangorang premiumdikit iklan saatttt,1
aplikasi senang belajar bernyanyi,5
membantu mendengarkan musik,5
yapss download gaiss baguss inii,4
mantap mantaf,5
bintang aj,5
goood,5
enak lagu ya mantep laguya bagus,5
iklannya gila,1
seriusan nih gabisa muter lagu sesuai hati premium fyi pelajar kebutuhan beli premium paket pemula paket pelajar kayak gini bisabisa ninggalin spotify aplikasi bagus free dengerin iklan udah oke ya gini halo halo dev lihat ga ulasan,2
dengerin musik aja dimana aja kualitas bagus,5
apalah dengerin musik kali udah gak jir aplikasi kikir premium,1
suka dengerin music dr spotify,5
bagus tpi emng ribet klo kmu gk premium,4
nice good,5
hm byk ikln ka cb kurngin iklanny,2
apk kikir iklan gk kayak,5
seru aja nyantai,5
rorrrrrrr,5
sumpah ni aplikasi baguz banget wajib download pengguna spotify berharap gausah bayar menghilangkan iklan sbnernya gapapa bayar pas pencet gratis premium tuh gatau bayar oy tolong spotify benarkan kasi petunjuk yaa mohon diambil hati kalo kaya ngegas emang kek gitu,5
iklan aja,3
kebanyakan iklan,3
iklan premium nya mahal bangt,1
boooo,1
lagu bagus,5
spotfy gak gratis nya gak cocok pas pencet lagu premium,1
sngt menyenngkan,5
udh puluhan kali beli spo student pembayaran gagal trs suruh ganti metode cmn shopee ga pembayaran yg ijo ga gagal sistem,1
bagusssss suka dengerin musik tidur ditingkatkan ya iklannya,3
bagusssssssss banget,4
suka spotify spotify badmood trus mendengar lagusaya tenang tenang thank you so much,5
so perfectly and often lag,5
iklan ganggu premium,1
lungunya lengkap,5
kayak anjingg kntll knp sih gw pengen nyari lagu pas pencet lagu aneh putar tlolll bgtt,3
ko dengerin lagu yah,5
seru mendengarkan musik spotify,5
fitur terbaru oke,5
spotify senang mendengarkan lagu yg suka,5
bagus lagunya,4
good apk,5
musik tersendatsendat,3
bayar pilih musuk,1
lagu nya enak,5
bagus main game santai,5
membantu mendengarkan lagu farian musik nikmati,5
ga keren hrs byr,1
enak didegenrin,5
alasan karna dengerin lagu sepuasnya,5
hebat,5
spotify gak diputer musiknya,2
love,5
aja sihh,3
peremium asu,1
jngn bgs love you,5
bagua,5
bagus bangett,5
gk seru banya iklan fan kalo udh lewati perjam bayar gk seru,1
tung tung tung sahur tatatat sahur udindin din dun madindidin liriri larila orcaleo orcala yanto dak balerina ahh,3
bagus mendengar lagu favorit ku,4
kerab,5
aplikasinya kikir dengerin aja disuruh premium,1
aplikasinya bagus pengurangan iklan aja bikin ganggu,4
bagus banget recommend,5
mudah d,5
iklan kali lagu iklan,1
udah ok dibatasin kalo pilih lagumasa pilih lagu premium iklan ya banget,2
gg iklan semoga engga iklan,5
keren musikmusik nya,5
bagus sayang nyari lagu coba,4
nunggu besok,1
iklam grabb ganggu banget bngst,4
saran spotify menambahkam fitur dimana orang orangkita seberapalama mendengarkan lagutahun memakai spotify haripls spotify,5
banget iklan double denger musik iklan pake kalo apk ga berisi iklan risih iklan kalo enak dengerin musik download apk banget iklan lobaiklan,1
banget premium taa,5
makasiiiiii spotify,5
sih sengaja ga langganan biar tetep iklan tipis biar ga bore lagu kesini iklannya ngeselin ya iklan spotify yg masuk parah youtube gabisa skip,2
spotify pelit ya premium liat lirik ga batas skip lagu dikit dikit iklan resiko pengguna gratis engga lagu iklan kaliii dengerin lagu iklannya hadehh,1
aplikasi musik kikir install,2
bagus,5
aplikasi nya bagus lengkap,5
h main potong saldo aja,1
kikirsampah,1
enakk bangett darii semuaa laguu spotify,5
kehibur guasss,4
apk musik top no mah,5
bagus sekaliaplikasi music yg lengkap bs menghiburterutama yg kota,5
bagus coba premium nya gratisin mls denger iklan,4
dengar musik funk nih,5
kek jembt masang musik gak pilih,1
iklannya dikuranginmasa lgu langsung iklan gtu aj trs,2
suara nya merdu lago favorit ku spotify bagus bangetttttttttttttttt,5
suka dengar lagu bagus suka banget,5
aplikasi nya bagus,5
lagu nya seruuuuuu bgtt,5
kasik bintang karna denger pas offline,5
ʙᴀɢᴜs ʙɢᴛ ʙᴜᴀᴛ ᴍᴀɪɴ ʀᴏʙʟᴏx sᴀᴍʙɪʟ ᴅᴇɴɢᴇʀɪɴ ʟᴀɢᴜ nya,5
bagus bgt tpi main game,5
menarik,5
iklannya,1
aplikasi nya bagus ga iklan gitu,5
𝚋𝚊𝚐𝚞𝚜 𝚋𝚊𝚗𝚐𝚎𝚝 𝚜𝚎𝚖𝚞𝚊 𝚕𝚊𝚐𝚞 𝚋𝚊𝚑𝚔𝚊𝚗 𝚊𝚍𝚊 𝚒 𝚕𝚒𝚔𝚎 𝚒𝚝 𝚒𝚔𝚕𝚊𝚗 𝚗𝚢𝚊 𝚓𝚊𝚛𝚊𝚗𝚐 𝚓𝚊𝚛𝚊𝚗𝚐 𝚓𝚞𝚐𝚊 𝚋𝚊𝚐𝚞𝚜 𝚕𝚊𝚑 𝚙𝚘𝚔𝚘𝚔 𝚗𝚢𝚊 𝚠𝚊𝚓𝚒𝚋 𝚍𝚒 𝚞𝚗𝚍𝚞𝚑 𝚌𝚘𝚌𝚘𝚔 𝚔𝚊𝚕𝚘 𝚕𝚊𝚐𝚒 𝚝𝚎𝚗𝚊𝚗𝚐 𝚖𝚊𝚞 𝚐𝚊𝚖𝚋𝚊𝚛 𝚜𝚎𝚓𝚊𝚞𝚑 𝚒𝚗𝚒 𝚓𝚞𝚐𝚊 𝚋𝚎𝚕𝚘𝚖 𝚍𝚒 𝚜𝚞𝚛𝚞𝚑 𝚋𝚎𝚕𝚒 𝚙𝚊𝚔𝚎𝚝 𝚙𝚛𝚎𝚖𝚒𝚞𝚖 𝚕𝚊𝚐𝚞 𝚗𝚢𝚊 𝚙𝚊𝚜 𝚜𝚎𝚜𝚞𝚊𝚒 𝚓𝚞𝚐𝚊 𝚜𝚞𝚍𝚊𝚑 𝚒𝚝𝚞 𝚊𝚓𝚊 𝚜𝚒𝚑,5
good,5
bgus bngt sukaa bngt denger lagu spotify,1
bgus,4
,5
boikot ceo nya zionis,1
apk kikir,1
bagus kualitas suaranya,5
ok promo semoga promonya,5
bagus gk ngelagbuat maen game lancar,4
udah gaenak sporty batas milih lagu hadeh mentang mentang ga premium gada gada klo iklan bole batasi hdeh gimna tlong rubah kyk,1
berat,3
lagunya kadang rusak import lagu tiktok ig dll enak dipertengahan kyk kusut iramanya kyk kaset rusak,4
bagus mendengar lagu favorit ku,5
bagus perkembangan,5
seru banget dengernya,5
no comen,5
kebayakan iklan,1
daftar premium coba berkali kali pembayaran nya,5
iklan mulu,3
mantab,5
update sing viral,4
aplikasi pelit minimal iklan ny dikurangin iklan bikin turun mood najisss najis mampus ku rat star,1
mantap terima kasih,5
baguss bangettt,5
menemani pagiku,5
aplikasi bagus banget santai santai,5
bagus penyejuk suasana,5
bagus tpi jadikan premium,5
baguss bangett,5
ok musicnya,5
mantap jenis musik tersedia,5
kapitalis tod,1
aplikasi in bagus dengerin luang tp sayang klok download pre mium,5
suka,4
bagus ga iklan,5
spotify apaapa berbayar,1
jelek banget enak denger musik mati coba kali keseringan kadang lagu yg putar nga putar,1
seru denger lagu tampa dateng acara,5
karna iklannya,5
najisss lagu iklan nya kali bangkeee emg neh aplikasipantas kasih bintang,1
maksa premium udh premium berbulanbulan ga dikasih lirik,1
ga lirik nya ya,1
bnyak iklan,1
wawww,5
aplikasi nya bagus main game musik musik nya seru,5
enaken,5
baikkkkk,5
menikmati musik yg asik menyenangkan,5
bagus main game game attack overall nya bagus cmn iklan nya kurangi ya terimakasih ulasan sayaa,5
bagus tpi lagu ad iklan,4
aplikasi yg bagus,5
memuaskan,5
lagu nca candu,5
mutar music batasan nya gw free gw nonton iklan lu penghasilan situ pakai batasi pengguna olah lu tuhan kha,1
membantu,5
update banget,5
,5
aplikasi sy rekomendasi bangeet pencarian lagu jdi gampang,5
apk musik terbaik,5
bagus banget aplikasi,5
aplikasi rusak sih mencet tombol x lagu diputar pencet diplaylist nyebelin,2
gue senang nya lengkap banget,5
yuck zemangad yach,5
mainanya hebat,5
iklannya kebanyakan plisss iya lagu iklan,4
mantap gk iklan cocok anak muda yg nyari musik,5
sip bingits dah,4
gabisa masuk akun goggle bikin kesel,1
spotify bagus putar musik sepuasnya iklan,5
dikit dikit iklan bagus wlee,5
bagus didengar,5
support samsung a pencarian putar musik,1
bagus banget lagu ku suka,4
bagus banget band papih delwish,5
mend download lagu lagunya hilang pemakaian spotify eror yg ngalami,1
bagus putar lagu mesti iklan kali,4
apk bagus iklannya lamaaa bangett,4
kikir,2
kerennn,5
baguss tpi udh bnyk iklannyaa,4
petani muda,5
donlod gak premium gak tolong kasih gak premium,5
makasi ya spotify terhibur lagu buka dengerin lagu spotify biar beraktivitas nya enak,5
enak lagu nya cari,3
aplikasinya bagus pengalaman buruk aplikasi senang mendengar musik favorit lagu cari lagu lagu pencarian kritik tolong lagu kasih liriknya terjemahkan iklan nggak mengganggu,4
aplikasi nya bagus mempermudah nyari dengar podcast lagu,5
mantap banget,5
sukaa banget samaa spotfy,5
bagus pilihan cocok ngedengerin lagu chatan,5
gak tau,5
baguss bangetttt lagu nyaa enakk enakkk ga ngeleg jarang iklan,5
spotify bagus dengar phonkmontagemdan funk yayy,5
suka banget aplikasi nyaa kali premium nya harga nya diturunin dikit ya,5
apk bagus mudah tetapai iklan kali terganggu menyetel musik tolong kurangi iklan sedikitsedikit premium,5
candu jir,5
senang menikmati lagu favorit dr aplikasi spotify perjalanan berkendara jd menyenangkan,5
mutar music aja premium tolol emang,5
i lovee,5
bagus kali cok,5
good aplikasi musikk,5
scammm beli premium harga rban pas dicek akun balikin duit gue lumayan beli yg paket siswa gue beli yg paket gara tergiur harga ya gini,1
asyikk dgn spotify,5
gangguan bug,1
bagus,5
kacau,5
dikit dikit iklan ni apk muter lagu iklan,1
enak ngegame ngerjain tugas,5
mantap dn bagus,4
laguuu bagus full albumm,5
aplikasi terbagus play store menghibur mambuat manjadi aktif mendengar lagu sedih seru nya suka bintang,5
menemani tugas ku,5
asik bgt bagus bgt aplikasinya,5
bagus mudah mencari lagu yg suka,5
enak ngedenger lagu sabil main game,5
suka lemotdan pilihan nya banyakiklan jarang muncul,5
suka nyayi bagus banget bikin suara bagussss kasih bintang,5
pakai olahragabelajarsebelum tidur,5
buruan download,5
males premium miskin iklannya kurangin,1
,4
bagusss banget,5
belajar bernyanyi karna aplikasi panggung basar mctv,5
bagus dengar wf,5
membantu menghibur rileks tenang,5
bagus banget mine nya lelet,5
pandai memuji butfor me spotify be the best,5
mantap menyenangkan,5
aplikasi saaaangat bangusssss,5
nicee,5
aplikasi kikir anj milih lagu aja batasnya udh gitu bgt iklan,1
lagiklwjringan hpg ngelage macetan perbaiki yach ka biar penggunanya jatuh cinta sporty,5
gatau ah pusing,5
sya memutar spotify,5
bagus mudah penggunanya,5
aplikasi berguna banget pencinta musik,5
bgus bngt danger smapai main geme,5
senja,5
visca barca,5
goodtone,4
bayak lagu,5
udh gk langganan premium lagu iklan menit biji lagu mah kaya dipaksa premium,1
iklan aja gehhhh ih komo anu rafi gak suka lagu,1
mata duitan,1
semoga depannya ga iklannya,5
apk yg bagus,5
gangguan,1
gua sad iklan njir,1
bagus k,5
bagus membantu menenangkan pikiran kacau memutar lagu spertify,5
bagus membantu terima kasih,5
oyiii,5
p bunuh,1
oke,1
omg keewn,5
lagu lengkap,5
abis update ga ngapa ngapain gua asli dah bae bae aja aneh ni skrng,2
,5
applications that support warfare,1
bagus kadang iklanya gangu its okay sihh yg gangu tombol skip nya batasi banget jujur gangu banget plus liriknya loh yg engak yg iya,2
iklannya banget,4
knapa lirik kga muncul jir,1
,5
puas,4
mantapppppp suka,5
bagus lagu where we be one direction masuk aplikasi lagu nya bagus,4
iloveyu spotify seru bgt slalu bkin playlist sndiri,5
bug lagu playlist hilang,1
suka iklan,1
bagus membantu tenang tugassaat sibuk bersih rumah,5
bagus,5
najis mati mati mulu musiknya,1
goob,5
bagus saran sih tambahkan favorit mudah notifikasi makasih,5
bagus walopun gak premium masi dengerin musik khidmat,5
gampang ngebug kaga masuk coba sinyal lancar,1
spotify anyinggggue lg lipet baju dengerin lagu disuruh premium bangst,1
kawan tidur,5
kecewa yah pengguna gratisan download lagu aja premium kehilangan akses mendownload lagu sekian terimakasih,1
bagusss,5
rb,5
ni apalikas susa bet akun ya males banget gua kayak,2
bagusss bwangetttt,5
bagus enak dengar lagu nyatidak berisi iklan berisi iklan,5
wenak pol josjis,5
iklannya klo gak yg premium,5
seru aja nya lagu jepang jawa galau,5
bagus aplikasinya muncul bug gitu menghapus mendownload ulang memencet lagu simpan playtis lagu tibatiba hilang mohon perbaikan,3
bagus aja aplikasinya,5
bagussssss bangetttttt,4
aplikasinya udah bagus pas ganti lagu lagunya tuh beda playlistnya risih,2
menenangkan depresi mengobati pikiran,5
sip,5
lagunya keren keren,5
saran aja lagu bhs korea jepang pake alfabet,5
aplikasi bagus mendengarkan musik,5
spotify keren bgt si kalo video nya ga potong kalo full video asli keren si udh lirik semoga kedepan nya dbkin full video klip setel lagu nya,5
bgs lagu lengkap poko ny klo download g nysel,5
pokoknya suka banget spotify,5
im happy,5
pilihan,5
dengerin musik,5
rekomendet tuk dengar,5
seru cpt,5
iklan tolong dikurangi,5
assalamualaikum maaf kasih bintang gk download nya tolong bnerin terimakasih,1
thank for block my account just because i use import playlist now i can say goodbye to this greedy app with peace and never comeback again,1
bagus yahhh login web masukin kode gabisa masukin pengen konekin discrod pas dapet pengen isi kaga isi udah coba berkalikali refres tetep aje,4
its ok banget suja,5
bangus,5
good job bro,5
bagus kali gila enak main dengerin musik,5
lagu nya enak iklan nya musik iklan nya,5
,5
kebanyakan iklan biarpun gak premium iklanya gak ad bedakan shufelnya tank,3
apk bagus bgt nemenin perjalanan santai galau dll spotify free nya perlama yah thee bestt pokoknya,5
bagus bintang,5
whatta best app music that ive ever download,5
aplikasi yg bagus mendengarkan lagu pilihan yg sukai,5
tolong update suka lag,5
tolong akun pelajaran biar siswa siswi belajar nambah enak pas stel musik ga iklan nya biar seru,4
recently liatening cant update dihapus recently listen sesuai fakta didengar,1
iklan x anying,1
top music mantap,5
topbgt,5
bagus banget n aqu suka aplikasi,5
terimakasih kajian buku spotify,5
mantap,5
good,5
bagusss bgt,5
mantul abis brooo,5
aplikasi bagus santai,4
khmer,5
biaya bulanan murah download,5
iklannya gak bermutuaneh,3
bagus san,5
free,5
favorit song,5
jujur aja sih gw kecewa kek bet dikasih limit muterin lgu perhari apalgi iklan yah lumayanlah udah ga separah klo g slh it spotify ngsih limit dengerin lgubnyk iklan klo thun udah membaik klo g slh dlu kek pas lgi muterin lgu itukan liat kebawah rekomendasi ama genre lgu itumirip lgu nya kumohon adakan enak gituu ku aja sih makasih yaa,4
kebanyakan iklan sit lg,1
aplikasi borokk ngentottbanyak bug kek asuu,1
enakk bgt laguunyaaa,5
aplikasi nya mendukung kurangi yah iklannya pokoknya the bestt,5
iklan kepuasan konsumen,5
aplikasi sayang lagu habis didownload tdk terputar,5
serubanyak lagu kesukaanku,5
muscul tampilan hp,5
lagu aplikasi nya memuaskan,5
sistem pembayaran langganan ribet,1
aplikasi berhuana suka lagu,5
gk tau keajaiban tau lagu lagu ku suka this be really good i like this song,5
udah iklan puter lagu aja maksimalnya perhari hancur spotify saran kalo gapapa iklan tapii dibatasi denger musiknya,1
premium carik lagu,5
bagus suka banget aplikasinya,5
njs mkin sni mkn pelit gw ykin dunia yg milih premium dh bnyk ko lu maksa bgt si co smw ny aj dibtesin gw dh ikhlas pas prtm kli wktu dlu fitur offline tb premiumin mkin ksini nglunjk lu pd muak gw gw msh pljr kbtuhn gw bnyk k premium yg yg gw btuhin ksh klonggrn lh cok,1
positif bagus gratiis,4
help,5
ngeselin banget pas coba besok ttp suka dikit,3
aplikasinya bagustapi suka iklan,5
terbaek,5
lagu nya bagus,5
baguss aja sih,5
bikin lagu menyenangkan,5
sad lagu nya bagus bgt,5
males ah pelit maksa bngt,2
lagu hd suka,5
mantap pokoknya,5
menyamakan,5
seru mendengarkan lagu online,3
mya gausa iklan najis bgtdikit prem,5
bagus pintar,5
aplikasi nya bagus tolong kurangi iklan sekian terimakasih,5
𝚋𝚊𝚐𝚞𝚜,5
cakep spotify bintang lagu nya bagus banget,5
jir cuman lagu yg putar doang premium pemerasan mah namanya lu uang orang yg pakai premium iklan sampaisampai mutar lagu doang premium mend download lagu nya pakai ni aplikasi ujung ujungnya cuman peras jir,1
ko ga offline,1
baguss bgtt woikkk,5
aplikasi nya sungguh berguna,5
aplikasi enk dengerin lagu,5
music and podcast be the best,5
aplikasi bagus banget memuaskan kasih bintang tolong banget kurangin iklan nya ya makasih oke aja,5
ganjah kau,2
aplikasi besss dengar lagu lihat podcast ahh pokok nya aplikasibaguss,5
w ewewew urrr eeettttee eeeee yt eeeee w weeeeeeeeeeeeeeeeee eee,2
bagus lagu nya,5
terimakasih kesempurnaan aplikasi,5
puassss,5
musiknya lumayan,3
suka mendengarkan musik,5
kikir bnget njirr gw nonton drama melolo bnget iklan spotify kikir,1
menghibur diwaktu santai lagunya,5
lagunya lengkap mantap,5
seru nyaman didengar,5
suara nya merdu banget lagu nya bagus,5
enk gak iklan,5
bagus iklan nya tolong kurangi,3
suka suka,5
spotifay nya gk buka,2
cepetan rilis lossless fitur mix nya indonesia,3
bagus,5
bagustapi mohon dikurangi iklannya ya,4
kasih bintang karna aplikasinya bagussaran si durasi iklan dikurangi untk yg udh oke sukses,5
karna menyenangkan,5
kebanyakan iklan asw lagu iklas x gedeg dngernya,1
sound capaule ga keliatan lagu diputar gimana yah,1
lagu seruu,5
mengecewakan,1
apknya baguss,5
appelikasi bagus,4
bagus kadang iklannya premium aja deh blm banget,5
good banget lagu bagus lamq barurecommded,5
menghibur,5
puas,5
kebanyakan iklan elek apl ne,1
kerrreen,4
sumpah keren bgt,5
ok joss,5
bagus tingkatkan,5
min tolong hilangkan iklan dll,1
dear developer apk nya bagus sih fiturnya canggih iklannya menurunkan kualitas pengalaman pengguna tolonglah arogant menyiksa pengguna pakai iklaniklan menyiksa pengguna pendengar banyaknya pengguna omset lumayan arogant ya manusia mati pengguna mendoakan jelekjelek,2
mantap,5
mantappppp,5
lagunya menarik rilex,5
parah si iklan nya muncul,1
banyakin iklannya iklan putar lagu suka iklan ketimbang aplikasi,1
spotify bagus mendengar lagu enak kokok nya ku kasih bintang,5
,5
kereeenn,5
sanagat bagus,5
gjls bgt lagu diplaylist hilang sinyal bagus kuota bnyak pake wifi akun yg kaya kena blacklist gitu gabisa buka spotify mohon perbaiki ya t,1
baguss banget gue sarani suka dengerin musik,4
bsgus,5
aplikasi bagus,5
bnyak iklannyaa,1
complete with a tone control sound control recorder and storage for record songs only then will i give it star,4
tdk kesulitan cari lagu,5
bagus banget rasain tenang,5
gak tau bilang apaintinya spotify jossgandoss,5
bagus bgt,5
pilihan lagu suka banget,5
seru dengar lagu sepuase,5
iklan iklan iklan woi iklan,1
tolong developer download lagu gratis kasih seminggu nya disuruh download,5
kikir banget anj ni apk,1
spotify keren berlangganan paket premium spotify google play store,5
semoga dikembangkan suka mendengarkan musik aplikasi,5
iklannya,2
bagus dengarkan lagunya kadang sesuai ngebasnya papa saran perbaiki laguyang sesuai basnya banyakin bagus,5
bagus menyenangkan,5
keren,5
keren semoga exist,5
iklannya kurangin woi males iklan detiknya sampe kali,3
sehari batasi lagu yg pilih premium,1
terkadang kebanyakan iklan gak lirik nya cuman lagu,4
sngat bagus,5
bagus iklan,5
membantu tugas main game mantaplah,5
bagus,5
bikin darah aja anjg,1
iklan abad jembudt,1
i like this app but im still struggle with some of the lyric feature that be still not available on some of the songs i want to hear,4
bagus mendengarkan lagu sad langit turun nya hujan berubah karna nya lavora semoga notis admin,5
oke banget nemenin kost premium minggu adain,5
bagus kwalitas musiknya bagus,4
ya bayar berlangganan pulsa tolak pulsa isinya byr premium bulanan include pajak syg bgt kalo top up saldo ewallet,3
bagus bagus lagu nyah bg,5
bagus coo,5
asik dengerin lagu kalo galau klo lg masak ngapain suka dengerin lagu spotify iklannya dikurangi ya spotify maaf banget sekian terimakasih,5
seru cokkkk,5
spotify keren,5
mantap and the best,5
minus iklan doang premium,4
𝐛𝐚𝐠𝐮𝐬𝐬 𝐬𝐤𝐥𝐥𝐥,5
bagusbisa dengerin musik sepuasnya tapisering banget iklan pas masuk spotify langsung iklan iklan nya video kayak tulisan gitunah kesel nya iklan tulisan tulisan tutuptapi hp ku gak pencet,3
buruk,5
oke,5
lagunya,4
good aplikasi,5
lengkap lagunya,5
kasih bintang lagunya enak banget dengar,5
lagu tersedia aplikasi inidan artis aplikasi inijuga memposting lagu aplikasi nya develop,1
lagu nya lengkap bikin asik,5
bagus orang galau,5
bagus,5
abis update lagu nya gak nyala,1
spotify aplikasi kuh bagus lagu lagu nya,5
bagus pakek sound,5
bagusss,5
saskia regina putri,5
bagus banget,5
aplikasinya bagus tolong update,5
dengar musik mengganggu aplikasi,5
bagus iklannya tolong kurangi,5
bagus pakai jalan,5
seru mudah,5
ko putar musik langsung skip skip,1
bgs bngt lagu lagu nya suka spotify karna lagu favorit situ trmhksh udh menemani,5
dengerin musik sportifyasik urutan lagu mantap,5
terimakasih aplikasi menemani ku membantu ngesad,5
bagus sii sukatapi kebanyakan iklannya,5
knp sih premium kek kekurangan duit aja,1
ee,3
ad yg bayar,4
aplikasi scam,1
mantap tpii premium,5
enak dengar,5
apalah dikit dikit premium,1
turunkan harga premium,5
so far so good,5
gk tau,5
mntap,4
top no,5
iklan ganggu kurangi iklan,1
tolong berbayar cakep banget lohh aplikasinya,4
download nya cepet dengerin lagu suka rat spotify,5
bagussga ngelagberguna tpi minesnya iklan si,5
udh bagus sih ya cuman pas mencet lagu lagu nya langsung beda gitu loh pengen hapus tolong benerin plsss kesel dengerin lagu,2
iklan tau ni apk iklan pas udah download iklan mend iklannya sampe kali iya gw tau beli premium solusinya ga orang beli anjir kurangin kocak maksimal kek anj,1
mantap suara keren,5
tolong iklannya dengerin musik dapet udah iklan,3
asik lagu lengkap,5
mantap beud ah,5
bintang update wear os nggak muter lagu jam tws,2
aplikasi musik sejuta umat,5
menyenangkan,5
udah gak nyaman pakai spotify aplikasi kikir ditambah ngebug gak play musik lirik kadang gak play lagu band gak liriknya konyol parah mend beralih apk aja,1
aplikasi musik bagus lengkap sinyal nya jg bagus tdk lemot,5
aplikasi kebanyakan iklan,1
bintang dulukarena sistem masukin lagu ga playlist udah,3
top mantap be the best,5
bagus cuman iklan nya kurangin iklan terimakasih,3
aplikasinya buruk pelajar disuruh premium jajan aja rb dasar kikir lagunya batasi ga bebas dngr lagu pelajar keadilan spotify,1
keren memutar music dimana ofline berbayar slainya ok,5
komplit pkoknya,5
bagus cuman iklan nya,5
iklan ajasih,1
gunanya spotify ni pas iklannya dibilang apk musik gratis tnpa iklan pas download ehh premium pakai taikkk apk bedanya youtube mend youtube taikk apk spotify ni,1
jarang iklan suka,5
iklannya,5
bagus keren,5
ok bagus,5
ngilangin notif paket dijeda gimana sih ganggu banget aseliii dah,2
aplikasi musik menarik bagus,5
jelek,1
habis update stak layar hitam sia sia gw beli premium apk nya gak pake,3
mantap menghibur diksla sepi,5
trimakasih,5
klo bagus kasih lagii,3
spotify i like it lahklo kekurangan adamanusia membangun menciptakankekurangannya adaterus berkarya pengembangannyakeep go bro,5
josd,5
cuih najis ga milih lagu yg bayar idih sudi najis,1
sukaaa,5
lagu ya enak mencari ya mudah,5
suka aplikasinya,5
tolong spotify kena limit dh ga gila gila duit,1
aplikasinya bagus enak temen tidurr,4
audio lossless indonesia,5
rangka menyetujui peran ceo spotify mendorong negara pelopor perang wokwok,1
enak banget kalo main ff galau pake spotify,5
membantu,5
menyukai aplikasi,5
top,4
lagu muncul iklan developer nya maruk kali bjir,1
skrg gw kecewa singkatnya susah banget nyari lagu yg bagus sesuai yg cari kebanyakan ntah lagu yg lampirkan pencarian yg bagus bagus,1
bagussss terimakasih,5
very good chicken,5
paten kali iklan nya jangn kali,5
peterpan noah pasha ungu bertahan,1
stop genoside,1
spotify nya error,1
bagus banget gk auk pas dengerin lagu boboiboy iklan lagu,4
jelek banget sumpah jang download ni aplikasi jek jelek,1
enak dengar lagu yg suka,5
sukaaaaatapi premium nya mahalkenapa ga kurangin kaya mingguatau perhari,5
easy to use and fun,5
suara nya bagus dengar,5
agus tau,5
spotify musiknya ok banget terimakasih,5
bagus bagus banget,5
spotify,5
lumayan klo sibuk bosan dengerin lagu ngerjain tugas pokoknya worthit deh,5
sulit iklan nya jalan pemutaran mohon perbaiki,1
lagunya,4
behh keren sih,5
masterpiece wok,5
aplikasi bagus wajib download,5
lagunya beragam,5
i have no coment but this be app be crazy,4
aplikasi baguss,5
suka bgttt,5
enak denger nya pokoknya suka banget spotify banget banget makasih ya ku dengerin lagu enak spotify,5
thank spotify nemenin luang,3
bagusss,5
sampe,1
apk nya bagus kesalahan iklan aja bagus,5
musimg emak denger yabikin bosan sekian terimakasih,5
suaranya pas lirik nya kadang gk lirik nya tolong vidio lirik nya yaa maaf pengen,5
sip mantap joss,5
hiburan,5
iklan pakai pagi krn mendukung zionis,1
kecewa jaringan bagus memuat aplikasi bertulis periksa koneksi internet,1
fast forward lagu aja premium,2
nggak ofline gratis lgi ofline bayar,3
lagunya bagus,5
susah banget cuman beli premium,1
kalo sih gapapa iklan karna premium wajar kalo iklan,5
bagus jirr,5
suka mendengar lagu spotify,5
bagus free,5
yf,1
,5
sangatenghibur,5
cocok dengerin lagu thank you spotify,5
kikir,3
memutar lagu load nya banget membuka playlist nya load nya gak tamat tamat load mulu,2
seruu dann bagus bagusss laguu nyaa,5
iklan nya taikk,1
nasiha wilona,5
aplikasi nya si udah bagus klo pengguna gratis worth premium dlu puas udah si segitu aja terimakasih,5
aplikasi ny sii bagus suka bangett yg gak suka nya lirik nya gak tolong adakan lirik lagu nya,1
cocok main game dengerin lagu,5
senang mendengar lagu suka i,5
praktis ndbbisa d putar dblatar belang jga tmuntuk skg baiktpi abdetudeny yg seprti d youtube yg terbaru iklan yg d tampil kn penyiaran iklan ny aptudeat,5
bagus lengkap aman terpercaya,5
mantul musik gratisan,5
iklan puter lagu dh iklan,1
good interest,5
lagu nya bagus,5
kesini kikir,1
menarik menyenangkan,5
spotify bagus aplikasinys,5
enakkk bagtt denger lagu nyaa mudahh bagtt nyari lagu kitaa mauu,5
mantafff,5
mend dengerin musik yt aja spotify milih lagu doang premium,1
bagus mantap,5
iklan lu freak gajelas giliran beli premium persulit konyol ni apk,1
iphone gb trus upgrade samsung gb berharap dpt premium murah pas pembayaran eh trik market palsu klik pembayaran emang konoha nya gk konsisten jujur,5
lagu aja yg tinggal ketik nama penyanyi atw judul lagu segampang ituh,5
bagus mudah memutar lagu favorit,5
lagunya komplit,5
legitimasi enjoy world of music,5
kesini iklan apk dengerin musik apk dengerin iklan lagu selesai dilanjut iklannya sampe kali gila,1
puas,5
mantap bagus,5
good application,5
suka mendengarkan musik spotify iniselalu teruptudate,5
trhibur dg lagu ny yg komplit,5
aplikasinya memuaskan tp iklannya lumayan,5
bagusss bgtt gaa adaa yg vip sumpahh,5
menjijikkan,1
bagus banget aplikasi nya debes,5
bagus nenangin tidur,5
coleeeeee,5
top promo mahsiswa murahin mahasiswa beli gua,5
apk jlk njirr,1
ribet,1
assalamualaikum selamat mlm spotify sngat menyukai nya smga sukses sllu spotify kasih bintang krna lagu nya bagus cocok bwat kerja santai,5
op,5
terhibur,5
bagus lagunya iklanya hapus ga,5
besttt,5
kurangi iklan nya bang,5
rekomended utk pencinta lagu indonesia lagu manca negara,5
josstk,5
,5
tolong dikurangi batas mendengar lagunya yaa,5
bagus lag,4
suka banget spotify,5
bagus diragukan,5
kikir skip lagu aj batasin udahlah iklan batasan kikir kikir,1
iklan,2
premium kayak negara aja potong pajak,1
gak offline jirr,2
seru sih kadang iklan,5
bagus suka,5
bantu mendengarkan lagu sukai,5
terimakasih apk nya berguna,5
kirim bintang,5
aplikasi nya bagus suka gak ubah mah,5
biarkn bintang yg bicara,5
suka dengerin musik apk satunya yg menuhin hobi,5
pelit bet jir rakus,1
bagusss,5
baguuuuuuuuuus,4
mohon lirik lagunya terima kasih,5
bagus no debat,5
ga tau ko,5
coba,5
asik banget si,5
ok sip,5
recommend,5
lagu gaada liriknya,1
,5
bagus referensi mendengarkan musik batas,5
lagu nya bagus aplikasi ny bagus seneng deh pokoknya seneng,5
skip lagu batas nya ya,2
aplikasi nya bagus fitur nya lengkap bgt,5
membantu rumahbisa mendengarkan lagu,5
tolong perbaiki gua gak lirik,4
bagus konten,5
berguna,5
,5
bagus seru,5
iklan nyaa,2
readikj,5
bagus banget,5
jembut,4
i love,5
lagu lagu nya bagus mendengar lagu pas offline,3
bagus memuaskan,5
keren premium tolong dimurahi harganya,5
mend spotify ngga premium dengerin lagu offline,1
suka lagu ny iklan nyh bnyk,5
,5
ngga tau,5
mantap,5
gtauu sukaa bgt samaa spotifykdg klau galau tu enak dngerinn musik anti iklansegalaaa,5
perang bela srql gak respek banget udahlah uninstal aja,1
bintang aja nya dosa,1
hiburan gambarmengedit videodan belajar,5
bagussss enakk bgt dengerin laguu,5
bagus nyala internet,5
seru dengerin spotifay,5
ga pencet lagu yg gw suka udah premium,1
bgus bngt dengerin musik,5
aplikasi bagus mendengar lagu sesuai kemauan,5
bagus aplikasi,5
,5
aplikasi nya bagus kalo mood hancur solusinya pake spotify,5
aplikasi kasihnya bagus tolong iklannya kurangi,5
apk nya seru,5
rada gedek iklan dah aja,4
performa aplikasi bagus,5
ntah apalah spotify nya berhenti pas denger lagu nya maen hp berenti,1
iklan,4
coba,5
yehhehee,5
bagus trus aplikasinya cenderung memiliki desain yg sesuai expetasi expetasi pengguna,5
spotify anj gua pakai spotify fitur latar gambar ibispaint x brp detik hilang lagu nya gak mood gambar ahh gini mend uninstal aja ni apk,1
iklannya bnget jmbt,4
aplikasinya bagus bangettapi data tetep nyala matiin loding melulu,5
music nya gabisa diputar tolong diperbaiki bug nya,1
iya,5
bgt,1
keren,5
bagus banget iklanya tolong kurangi ya,5
pengalaman aplikasi setalah coba fitur nya komplite bagus segi suara mantep hemat rekomend suka musik,5
jos,4
seru banget lagu nyaa,5
bagus tdk ad iklan,5
dj nya,5
bintang ya,4
dendam teman bernama muhammad radhian abbass panggil abbass,5
goodgood,5
bagus gk download,4
aplikasi nya eror cari yg,4
bikin puas fiturnya tolong bikin pemakaian baterainya kurangi,3
mudah,5
lengkap,5
baguss danjuga klo beres rumah nyetel lagu spotify,5
two thumb up,5
bagus masuk ya,3
spotyfy daftar lagu yg sukai langsung putar,1
tolong kasih lirik lagunya lagu liriknya lagu bahasa inggris,3
seneng pakai aplikasi karna musik lengkap sdah bannyak iklan mengganggu,1
bagus diputar latar,1
mode gratis spotify pelayanan terbaik konsumen,5
tolong perbaikan bug dengar lagu main game pas masuk game lagu nya mati trus mohon perbaiki,5
gausah pake wafi bagus sii,4
shuffle nya ganggupadahal udah susun lagunya diputar sesuai urutan,2
aplikasi nya seru,4
bermanfaat,5
bagus lagunya enak didengar belajar berpergian,5
wwwwwwwwwwwwawwwwwwwww wwwwwwwwwwwww membantu www download tema hello ww w download to ww wwwwwwwwww,5
rekom gak sepeerti platfrom lainn puas dechh,5
asik spotify,5
iklan maksa banget premium,1
joss gandoz,5
bgs lagu ny enak i like it,5
,1
tolol pilih lagu yg d putar lagu d playlist cm bs putar ulang premium sungguh buruk mata duitan skli mend you tube,1
waw,5
bagus bgt aplikasi nya,5
iklannya banget,1
gak putar wifinya bagus,1
suara nya bagus keren,5
sumpah lagunya bagus,5
lagu sya,5
bagus dengerin musik,5
bagus cumanya iklan bezir,5
bagussssss,5
sarankan mencari lagu bagus pengguna spotify beruntung sya pecinta lagu,5
main voli sunset,5
aplikasi bagus kurangi iklannya,5
maksa banget disuruh daftar premium,1
lagu sih tinggal pilih lagu hnya gk off line slalu pakai data dehasiknya download lagu trus putar off linejadi bintang aja deh,3
ppolh,5
𝙖𝙥𝙠 𝙣𝙮𝙖 𝙨𝙖𝙣𝙜𝙖𝙩 𝙗𝙖𝙜𝙪𝙨 𝙨𝙚𝙠𝙖𝙡𝙞𝙗𝙞𝙨𝙖 𝙢𝙚𝙣𝙙𝙚𝙣𝙜𝙖𝙧𝙠𝙖𝙣 𝙢𝙪𝙨𝙞𝙠 𝙮𝙖𝙣𝙜 𝙠𝙞𝙩𝙖 𝙢𝙖𝙪 𝙥𝙤𝙠𝙤𝙠𝙣𝙮𝙖 𝙖𝙠𝙪 𝙠𝙖𝙨𝙞𝙝 𝙗𝙞𝙣𝙩𝙖𝙣𝙜,5
lumayan dengar music,5
sngat yman ktika dinger,5
ok udah uns,1
enak main game dengerin lagu,5
,1
aplikasi musik lengkap banget ga premium yah iklan,5
udah yap nya,2
recommend banget gen z galau hahaabercanda yaa pokoknya aplikasinya bagus banget lagu adadan gak ganti lagu susah payah udah tergantikan otomatis kalo pengguna aplikasi baruu kasih voucher iklan gratis harisemingguuntuk uji coba kalo bisaa yahh,5
terbaik putar musiktapi data,5
spotify oke gendre musik sedia top markotop,5
berguna banget musik seharj,5
iklan muter lagu iklan nya kali hadeh gak kayak kali kali,3
nyamann banget,5
nyimpan lagu gak bisah,2
terimakasi ya,5
mantap lahh,5
music player terbaik,5
aja login premium blm premium kekang iklan ga ganti lagu jam x,2
nyaman no,5
spotify the best,5
knpa lgu ny g bs milih sesuka hti kt mlh suruh langganan pdhl bgs bngt klau grts npa hrs update si,1
bagus banget sihtapi tolong iklan nya kurangin yaaa,4
iklan pengguna mohon dikurangi,5
,1
blm install,5
minanh,5
saldo terpotong otomatis pembayaran gagalnamun saldonya ga gila sih,1
bagus sih emang premium ya,5
this,5
opinion,5
bagus aja sih b aja,5
sukaa,5
aneh pas masuk login,1
top markotop mantul jempol,5
aplikasi mantap sound mantap the best pokoknya,5
bagus disayangkan aplikasi udah iklaniklan nya nya putar lagu iklan lagu putar lagu nya nggak sesuai lagu yg keputarpadahal bagus banget aplikasi pendengar gratisan sayatapi saran coba premium pemula aja udah disediakan jamin nggak kecewa cuy gw premium yg langsung premium,5
cocok main game mendengar lagu,4
apk bagus,5
milih lagu aja premium coba males denger musik pake spotify,1
mendengar tampa macet,5
jernih suaranya iklan giliran lagunya suaranya ga pepek,1
spotify gua bebas dengerin lagu mainin aplikasi,5
udh ga download lagu iklannya dukung zionis,1
tdk download kecuali bayar download,1
haha,1
eh simbah mulia,5
enak banget alunan musik nya jernih iklan pas musik enaknya,5
lagunya lengkap liriknya pokoknya seruu dehh,5
seru bet dengerin lagu spotify,5
spotify banget iklan lagu udah iklan durasinya detik iklan si gapapa ya pakai gratis ga iklannya ga enak didenger bikin males denger lagu spotify,2
aplikasi bagus lengkap lagu app menyediakan berjuta juta lagu didengar,5
bagus bangetudah gratis podcast denger cerita horor pokoknya aplikasi the best,5
gua kasih bintang gk bebas iklan tp ko penipu,3
iklan mlu mmg,1
aplikasi sangatsangat kasih bintang terbantu banget mencari lagu mendengarkan mengikuti lomba nyanyi internasional aplikasi bagus,5
top markotop,5
mantapthe best,5
bagus lagu nya lengkap,4
bagus aktifitas sehari,5
bagusbisa denger lagu banyakkkkk,5
cocok mendengarkan musik,5
aplikasi nya bagus cumaperlu bagus dikit lagu nya on putar gak putar kalo of,5
spotify dengar music suka terkeluar gitu trus kalo buka spotify notif apk kgk muncul keyak telat gitu pas matiin spotify bermuncul notif apk,3
rat tolong kalo login kalo loginnya cepat gak ribett kalo perbaiki ku kasih bintang,3
enak aja,5
bagus tau gk mood senang lgi,5
i like,5
boikot,1
mantap gampang,5
bagus lagu y,5
pokonya bgus bgt lagu favorit iklan spotify,5
suka denger lagu download spotify situ lagulagu cari,5
asikkkk,5
cuman mendengar musik iklan nya premium mahal,4
love bangettt spotify teman kerja setia,5
bagus banget,4
suka banget spotify,5
bagus dengerin lagu ku suka iklan,5
seru,5
,4
terbaik,5
bug pas mengedit urutan lagu playlist pas save urutan lagu nya gk ter edit mohon perbaiki,4
lagu nya keren,5
terbaik dah,5
bagus sih nya premium,3
welll welllll welllll,5
suara jernih,5
no debat,4
apaansi top up premium gabisa terhubung gjls,1
apapunnn kesel liriknya gak muncul udah premium premium gak muncul sampe habis gak muncul liriknya masaaa buka google liat lirik,3
kasih bintang nya lagu favorite ku sailor song,5
iklan menganggu,1
bagus main game,1
bagus sieh kalo masuk pinterest gabisa stel music perbaiki ya,4
love itt,5
hifi sounddss,5
mudah mendengarkan murotal al quran,5
berguna mendengarkan musik,5
bagus santai santai dengerin lagu,5
keren poll,5
ok gin,5
apk yg gokil karna mendengarkan lagu lagu dengar podcast,5
bagus lagunya,5
always force close i use pocophone f please fix it,1
moodboster bgt disaat sepi teman,5
good jeda iklan,5
bnyk ikln,3
𝘬𝘢𝘳𝘯𝘢 𝘴𝘦𝘳𝘶,5
lopeee,5
kadang eror,3
𝕓𝕒𝕟𝕪𝕒𝕜 𝕚𝕜𝕝𝕒𝕟 𝕟𝕪𝕒 𝕓𝕠𝕤 𝕥𝕠𝕝𝕠𝕟𝕘 𝕕𝕚 𝕣𝕖𝕡𝕚𝕧𝕤𝕚 𝕤𝕦𝕡𝕒𝕪𝕒 𝕚𝕜𝕝𝕒𝕟 𝕟𝕪𝕙 𝕕𝕚𝕜𝕚𝕥,3
aplikasi bagus mendengarkan musik josjis,5
bagus,4
alhamdulillah mudah han bermanfaat,5
mantapmaster bass yg seimbang merdu ditelinga bg yg mendengarkan musik spotify emang okjoss tenan,5
bagus,5
lumayan bagus fleksibel lagu nya beragam lagu si udin kepadaku dj remix nya ga,4
tambahin lagu,5
bagus aplikasi nya,5
lagu yaaaa bagussss ama rikwess,5
bintang utk menilai,5
mantap spotify pengguna gratis cocok instal aplikasi iklan nya jarang okelah tingkat performa koleksi lagu nya,5
pilih playlist,5
kurangi iklan,5
puas,5
memakan memori,3
kesini mengecewakan loding susah,1
seru bgt dengerin lagu bagus bgt,5
ooooii susah susah banget jir pengen klaim paket premium studentpadahal udh berkali kalinunggu tetep aja kek ga bisapadahal kartu mahasiswauniv terakreditasi lahtetep ae ga bisakek gimik elah gimana spotifyplis gua,1
kereen,5
musiknya enak ditelinga,5
mudah utk menikmati lagu kesayangan,5
skrg gk enk krna iklanya lagu yg gk bsa dipercepat mohon spotify sprti dlu yg enk,5
lumayan dengerin lagu iklannya,4
bagus vip kalo gratisan jngn harap aplikasi,5
gw setuju ulasan,5
pas udah downloadkan nyetel lagu ngebug ngebug nya kek pas nyetel lagu nya mati ni iklan nya bnyk banget ga ngira ga ngotak anjir yg ni aplikasi nyetel lagu bayar,1
dengerin lagu chat kekasih pokoknya asik deh spotify keren,5
boikot apk sampah cuih,1
bagus banget applikasi nya,5
resuffle pintar,1
udah setel lagu dalem playlist puter lagu playlist,3
geboy bgt min,5
komplain bayar ya cuman lagu aja bayar dasar mata duitan mahal idupin lagu aja bayar orang kaya gitu,1
pembayaran via google play pulsa indosat gagal ya pulsa isi,3
fitur free gak lagulagu slow,5
aplikasinya bagus iklan mengganggu,5
menurutku udah bagus gak iklan iklan spotify premium sayangnya gak offline good job deh developer,4
enak,5
geram gw pas belajar dengerin lofi synthwave konsentrasi pecah gara gara iklan spotify tv spotify gemini bintang iklannya spotify premium bintang iklan lagu lagu,4
pelit banget setel musik aja peremium,1
lagu,5
bisaa mendengar lagu kesukaan,5
kol,1
halo senang aplikasi music spotify hargai karya aplikasi keluahan spotifty keluahan nya klik foto profil coba ss profil foto profil kenangan mohon fitur nya hargai aplikasi terima kasih,2
mantab gak ribetbisa putar layar of,5
bagussss banget fiturfitur keren gak hp memiliki fitur,5
aplikasi nya bagus lagunya lengkap tolong perbaiki ya bug yg meresahkan,4
kadang susa pencet,4
way f,5
premium males,1
dimana dengerin spotify,5
pukkababa,5
iklan dikurangi sekalinya ikaln munculnya langasung harap pertimbangkan pengguna sanggup membeli spotify premium harap gercep permasalahan iklan,4
gampang cari lagu,5
gilak bat kapitalisnya sampe sampe milih lagu premium kebangetan lu cuihh,1
kecewa akun yg ga login akun deh kekurangan apl hasil pencarian yg penyanyi judul lagu lagu yg dihasilkan penelusuran apl sesuai,3
its good,5
nyaman nyaman aja pake dengarkan musiknya ilang,3
glow aura be the best heal musics,5
puas spotify dengarkan lagu indonesia negeri genre nya lumayan,4
bagus sih bayak lagu surah suka download bagus makannya bintang,5
apk jelek premium biar pilih lagu,1
bagus menemani perjalanan,5
mantap kali,5
suka dengerin buka scroll lumayan komplit nemu lengkapnya youtube ngaji filsafatnya faiz fachrudin,5
alhamdulillah sukses slalu gak macet,5
kece,5
s fe,5
apalh lagu batesin kalo iklan gapapa,3
musik nya bagus,5
krna iklan,4
kapitalis,1
mohon maaf iklan kak,5
favorit bngettt,5
bagus iklan,5
jernih suaranya bagus lagunya,5
bagus mins liriknya ilang,4
liriknya kemana hah dengerjn lagunya menit iklan lagu langsung iklan banget ya beli premium,1
lagu nya enak kasih bintang,5
bagus banget pokok ya rekomen banget,5
pilih lagu premium apalhh,1
office tab,5
colour my life,5
bagus banget kasih bintang unlimited sumpah berguana bgt kalok denger lagu,5
main game,5
menikmati musik aplikasi,5
,1
simple mudah stres,5
kebanyakan lagu minim lirik,1
suka dengerin tidur nggak dengerin kalo perjalan enak banget lengkap banget,5
,5
bagus putar lagu oflan moga gratis,5
bagus banget untung iklan nya cuman spotify doang gak aplikasinya iklan nya gak,5
semuaa laguu enak enak dengernya jadii sukaaaa,5
lagunya jeda njir udah kek ytmending yt,1
nyaman aplikasi iklannya iklan berlangganan premium suka berlangganan otomatis,1
omg bro,5
mantap orang gabut,5
terimakasih,5
kecewa langganan habis,2
suara jernih,5
enjoy,5
gak,1
𝚊𝚔𝚞 𝚜𝚞𝚔𝚊 𝚕𝚊𝚐𝚞 𝚔𝚊𝚖𝚒𝚗𝚎,5
bagus sholawat gasuka lagu sepongsor nya gasuka bgt bagus kokkk,5
maksa bngt premium anjmana iklanya bngt bngstpelit fitur ngntd,1
bagus banget nih aplikasi nya buka lagu yg suka,5
gampang mudah aplikasi,5
iklan iklan ny cuman sampe iklan kadang mutar lagu udh iklan lg,1
bagus mendengarkan musik suka,5
kalo bebas iklan si enak,4
menyenangkan skli,5
musik teman hr an kulbh mudah,3
suka blm premium tpi msih denger musiknya heheterima kasih,5
pas banget dengerin lagu yg hit,5
apk nya jelek,1
baguas,5
bguss bnget,5
suara y volume udh mksimalspotipypleeeeeeeeeeease,5
menyenangkan,5
makasi menciptakan aplikasi,5
recomended,4
pembodohan publik promo harga rb genap sebulan udh hanguss,1
pake premium ehh giliran udah habis pake free stiap lagu iklan trsan kaya gitu,2
just a suggestion the price can be reduce because the price be too expensive in indonesia,5
wasaf,5
jos jis menghibur,5
bagus aplikasinya,5
bagus,2
jelek banget ngak fitur karoke nya,5
aplikasi bagus kikir dikit tolong kurangi dikit premium ya dek,1
pemaksaan bayar premium,1
bagus bgtttt sukses admin,5
kebanyakan iklan gk kaya kalo milih lagu balesin pay to win banget,2
keren abis nih aplikasinya,5
woy premium pilih lagu premium niat gk sh apk,1
faforit ku,4
spotify emang oke suaranya,5
fitur nya bagus lagu putar lagu iklan promosi spotify premium mendengar lagu kali bikin gk senang karna dengerin lagu ku suka gk syukurnya besok dengerin lagu keselahan playsift lagu putar seharus nya lagu eh acak lagu nya selesai acak bug emang,4
cocok tidur,5
suka banget,5
pengen tau,4
kesel langganan premium yg seminggu kg bisabisasuruh coba coba ngeselin,5
why doesnt mine have lyric,5
coba iklan hapus,5
suka lagu,5
bagusss buatt nemeniinnn ngerjainnn tugassd,5
kali dengerin musik pas malem tuh aja tulisan memutar lagu ayo jelajahi premium kelas sd kalo premium mesti bayar,3
suka suka lagunya kecuali pop kpop lagu percintaan suka musik perlawanan,5
enak woiii spotify iklan pliss males denger musik menurutku bagusan iklannya lagu biar enak and enjoy tolong ya spotify lagu dapet iklan bosen iklannya mulu and lupa shibal anyong aigo aigo jinjaaa mihu mihu nya teman temannnnn,5
kebanyakan iklanserba premium,1
baguss suka mendengarkan lagu iklan pliss bokek jujur bagus apk nya sumpahhh karna iklan ret birnrng,1
komplit polmantap,5
baguusssssz suak bangerrtrr,5
bagus aj,5
asik lagu ny,5
gampang dipakai pilih lagu diplay sesuai nge search lagu spotifynya langsung kepasang sesuai lagunya kalo nge search lagu play keplay lagu tulisan pasang lagu besok premium maunya denger lagu search denger lagu nge play lagu,1
kecewa semenjak update dikitdikit premium,1
spotipay berguna bosa,5
enak mendengarkan musik musik koplo,5
sayah suka,5
suka mendengarkan musik dj spotify,5
spotify memaksa premium,4
suka baget lagu nya,1
mendukung genosida,1
iklanya,3
aplikasinya rusak suruh coba kuota sinyalnya lancar,1
bagiku spotify tu enak banget dengerin lagu kerja blajar enjoy aja cuman aga sedih kadang batasi kalo dengerin musik,5
lagu nya lengkap,5
developer aplikasi bagus tolong ya dikit premium,5
aplikasi nya bagus lagu lengkap tolong iklan nya pindah lagu iklan kali muncul durasinya banget iklan durasinya detik pindah lagu tolong kurangngi,4
berguna banget,5
best app for music,5
habis putar lagu langsung iklan dengerin lagu gak munculnya gak langganan premium udah jelek mahal repotin orang spam pokoknya hapus iklan premium secepatnya gak mood doakan semoga ciptain iklan spotify mengalami bangkrut total,1
pake mod aja iklan trus penggunaan harian bat premium nya mahal banget ga woritlah,1
teman galau,5
baguss polll,5
bro lu coba ni spotify bagus anjir,5
cocok solo squa game free fire,5
iklan nya download jelek ngabisin kuota doang,1
kalo premium mendengarkan musik mauurusak banget,1
iklan,2
bagus,5
mine iklan aja sii,3
l,1
baguss bngtt ga ad iklann nyaa akuu udh dipke bulanan pdhl ga pke spotify premium,5
lagu lagunya konsisten dicari via nama artidya juful laguny,5
ok banget dech pokoknya josss tenan,5
spotify oke,5
menyukai lagu sporty lagu kenangan aplikasi senang mendengarkan,5
gabisa masuk game main game music nya mati,1
udah download lagu favorit tetep aja kena iklan suka tipu nih,1
lagu lirik nya pake yg premium semangat ngerjain tugas,5
mendengar lagu gratis,4
asik pokoknya lagu lagu nya,5
oke senang mendengar musik,4
,5
aplikasi bagus temen tidur tpi ngeselin iklan nya klo iklan premium tpi tetep bagus aplikasi nya,5
suka lagunya candu banget,5
kalo aplikasi iko masiah dukung zionisambo kasiah bintang,2
bagus,4
aplikasi lagu favorit ya spotify sedih dengerin lagulagunya pokoknya aplikasi favorit ya spotify,5
kebanyakan iklan suruh premium mulu,2
bagus banget sih,5
banyakkk iklan,5
gajelas premium habis,2
mantullll,5
suka bgt aplikasinya bgss,5
lagu nya mengimspirasi hati senang,5
kurangi harga premium,5
sayang menu equalizer,4
antek zionis,1
app top bikin heppan thank guy,5
sangattt sangatttt bagusss kerennn pertahankan,5
aplikasi maruk rakus kapitalis kikir kebelet haji,1
skip apk pro isriwil mend soundcloud,1
bagus bangtt luv luv deh spotify,5
bagus recomennya ga,4
terhibur musiknya jernih komplit albumnya,5
bagus mantap,4
spotify mendengarkan musik seru,5
memaksakan premium,3
aplikasi musik yg mudah varian musiknya,5
bagus tau spotify premium nya,5
mantap,5
puas,4
bgus,5
iklan nya mengganggu memutar mengulang lagu yg lagu diplay list durasi memilih dibatasi mohon dibatasi aplikasi sejenis spotify best of the best,5
aplikasinya berguna,5
aplikasi kapitalis burik dibatasi,1
esok ga mempertahankan kualitasmu pastinya tinggalkan,5
bagus mendengarkan musik,5
,5
bagus kikir aja,3
spotify aplikasi lagu terbaik yg temui,5
udah bagus mengeluh iklan sadarlah kawan kenyamanan geratis nyaman bayarlah,5
suka banget pakai aplikasi,5
tahi loh,1
ok siih coba y,5
iklan nya mas,1
bagus banget deh,5
lagu nyah enak enak bagus bagus,5
suka aplikasi,5
lagu potkes beragam,5
iklan nuntut pendengar primium mendengarkan musik tpi ajang nyari cuan kecuali podcast diurut,1
lagu lagunya,5
love it,5
dengerin aja lengkap spotify belajar beres beres rumah dll premium puas layanan aplikasi terimakasi spotify uda nemenin emosional sukses spotify,5
mudah dengerin musik,5
,1
madeppp,5
bagus bayar,5
apalah masuk no wa pake no wa ku tpi suruh pake no wa emang buriq dahh,1
gokil,5
karna suka barsalona,5
nice music,5
puas,5
iklannya aduhaikalo lagu iklan menit,5
spotify gk kayag,3
suka banget ihhh rekomendasi banget lagu penyanyi favorit penyanyi i like it dengerin music pas tdr,4
iklan iklan nya hilangin,5
jelek banget anjir dah bikin playlist mainin lagu gaje bet dimainin lagu jelek apalah coba gaje bet mend yutub music,1
gila diuit aja ni spotify masak dengerin lagu doang bayar nya k gara efek korupsi,1
boikot boikot boikot byeeeeee,1
keren bngt pokoknya tpi ganti musik iklannya hilangin ya,5
merdu,5
apk bagus,5
busettt dah berbayar,5
bagus si bagus bug nya gabisa muter lagu beranda kosongan playlist kosong gada musik favoritkan kadang lagu dicari ga playlist mohon diperbaiki developer nyaman mendengarkan musik mendengarkan musik aja bug nya males dengerin spotify tolong ya developer diperbaiki aplikasi nya bagus bug nya aja bikin kesel,3
premium premium,1
lumayan,5
force close aplikasinya enak dengerin lagu langsung mati,1
aplikasi musik terbaik,5
mood,5
asik banget lagu lagu nyaa,5
musikan iklannnnn perasaan pas sepi gada iklan udah rame iklan kikir,1
tersedia paket mingguan,2
spotify dengerin musik simple mudah,5
boikot gais apk gda kemanusiaannya,1
the best,5
lagu,5
lagu nya nyaman dengar,5
play music gk yg gk pokonya,5
suka banget aplikasi,5
jujur apk nya bagus denger lagu layar mati batasan nya sih milih lagu berlangganan premium gitu,3
lagu lengkap banget deh pokoknya,5
lagu nya bagus bangus and gak iklan,5
,5
eung makasii yh diskon nya kasih ak diskon yh lopyu spotify,5
bagus banget keren bikin hidup santai adem beneran,5
kecewa lagu dibatasin perhari,1
mantapp lagu,5
tinggal kurangin kekikiran nya aja,5
ud bgs bgt aplg bsa bwt plylst jg bwt bs dngrin lgu rkmnd bgt si trs kt bs jg cri lgu kskaan kt smua lgu ad pkokny cck dh bwt dngrn lgu,5
bagus banget lagu,5
lagu nya mantap mantap,5
bagus bgt sii gak salah siii pake apk,5
terganggu iklan premium andaa tertarik spotify premium mohon menampilkannya lagii,2
suka pelayanannya walupun gak premium fiturnya memuaskan,5
i love,5
sesuai,5
bagus enak lagu nya a,5
bagus seru karna temenin bosen nya,4
muantap,5
mantap mennnn,5
sebenernya spotify bagus iklan gapapa ya gratis tolong iklannya ngeselin diganti disesuaikan genre diputar,4
menyenangkan,5
singkat paham,5
aplikasi nya maksa bgt lagii,1
dengar lagu dimanapun,5
lagunya bagus nyaman gak lagu where be be,5
mantap,5
terbaik,5
menghibur aplikasinya maksih,5
enak didengar dlm santai kerja tiduran good luck,5
lagu kere cari ajah,5
enak suka banget dengerin musik spotify premium have fun dengerin musik spotify suka dengerin musik spotify mudah banget cari lagu disukai so sukses spotify playlistku tolong berhenti seenak koutanya lho tinggal pengguna spotify beralih aplikasi tlg spofity lirikny biar jln kyk biasany,5
sngt membantu dlm menbelola stress,5
pikir enak kasih iklan trus ga iklas apk mnding kasih iklan bikin kesel bikin ga asik ngatain ga modal yg iklas bikin apk,1
oke,5
enak nemenin kerjain tugas apapun,5
lagu lagunya asyik,5
thank you spotify udh nemenin,5
bagus baget,4
mantap nih aplikasi,5
ya suaranya jelek kaya rusak gitu kaya telponan pake pulsa susah jaringan,2
aplikasi nya bgus,5
maksa banget suruh premium kon,1
bnyak iklan spotify,3
mantap kale,5
mantap pokoke menghibur,4
,5
lagunya berhenti jaringan lancar hp ga panas normal aja scroll tiktok yg berat aja pas nyalain spotify lagu beres mati ditengah,3
the best,4
okee,4
mise,5
sportyfy ok,5
yaa bgus la,5
mantap aplikasi sayang nya iklan,5
spotify bagus sinyalnya oke,5
gak suara nya udah putar musik musik nya ga bunyi,2
batalin premium aja ribet bet,1
lagu spotify enak ga,5
bagusss,4
bagus iklan,4
bagus mendengarkan lagu musik suaranya bagus,4
bagus iklan nya gk enak,3
good banget aplikasi yaa mine iklan,4
ngemis premium bangt clek,1
iklan sih iklan banget iklan kaget diawal biar berlangganan,1
gabisa buka login spotifynya smartwatch,1
aplikasi hama mendengarkan lagu pilih pakai spotify premium hama hama hama,1
beast,5
w apl,5
aplikasinya bagus bagus tolong banget deh kalo playlist munculin lagu playlist aja munculin lagu rekomendasi kali aja deh tolong jedanya munculin lagu rekomendasi muterin playlist lagu playlist rekomendasi ga premium tolong deh munculnya kali aja pengen dengerin playlist ku,3
bagus menyukai nya,5
bagus benget lengkap tinggal donlod musik tolong gak pake bayar hehe,5
suka aja ヽ ʖ ヽ へ ﾚ ノ ヽつ ヽ 丿 ノ lﾉ uu ღღ find cute art emoji in facemoji keyboard app link ღღ ヽωﾉ uu,5
bagus banget dengarin lagu iklan nya tolong dikurangin lagu iklan dah the best,4
burik playlist gw diputar putar lagu random gelisah tau,1
apk pelipur lara,5
bagus lengkap lagu lagunya,5
bagusss bangetttsss terimakasih menemani hariku bagus klo premium kro free mah,4
banget lagunya didengerin main,5
bagus denger musik,5
gua pingin spotify ngirim lagu makasih,5
bagus,4
bagus banget cocok galauin sahabat,5
lagunya lengkap iklan nggk minat pake premium,4
aplikasi nya bagus tolong kurangi iklan nya spotify premiumsekian ulasan,5
sukaakk bangetttt ama ni aplikasi,5
menenangkan hati otak mendengar musik musik nya,5
funk nya bagus,5
jujur keren banget ngerjain skripsi ku dengerin lagu main game dengar lagu,5
menarik bagus dipakai nge game belajar,5
gk gua pencet lagu ap ap,1
developer tolong benerin bug lyric nya,2
lagu bagus tingkatkan,5
coba geratis,5
bagus sih yah bagus,5
gacor min,5
ga suka bgt sm spotify yg skarang bgt iklannya yg cmn jd iklannya mls bgt klo dikit iklan dri aplikasi nya trs klo putar lagu lg iklan tlong kurangi iklan nya jgn dikitdikit iklan disuruh pake yg premium aja,1
bagus bet,5
jelek,1
keren bagus lagunya,5
good apk music,5
aplikasi music favorit tolong sediakan lirik lagu jawa,5
aplikasi berguna terimakasih,5
ssg,5
good job,4
okeh,5
rekomendasi internasional,5
update bagus ga musik berhenti buka aplikasi suara musiknya suara robot perlahan normal balikin versi dl aja bagus normal lancar,1
apk mntap,5
aplikasi bagus silahkan download aplikasi rekomendasi,5
main game ml ff game pakai aplikasi nyedot kuota main game dengerin lagu spotify nyedot kuota tibatiba ngelag terbaik,3
so enjoy,5
bagus banget dengerin laguu,5
enak denger,5
rekomendasikan,5
spotify keren buangettt,5
memuaskaaaaannnn,5
siiipppp,5
duh gimana ni update nya update lagu diputar capsule update gaada sekian teratas,1
bagus aja,5
enak didengar khan iklan yg kagak enak,5
good app,5
mantab suara speakernya suara speaker mahal krn efek eq aja,5
dengerin lagu pas iklan keceng bgt iklan petir pake earbuds kaget bgt,1
i love music and this app make me comfortable,5
joss pokoke,5
very good,5
sistem njs ga adil pencipta lagu artis nya boikot spotify,2
dikit dikit berbayar dikit dikit berbayar ga kaya dlu aplikasi pelitt,2
enak banget lagunya,5
hokeh,5
jad ikp u bg buk,4
dengerin musik biar ga sepi iklan horor apk toll,2
bagus cuman kurangin dikit itunya,5
app bagus,5
nice apps to find all song,5
mantap suka,5
fitur lossless tersedia,4
aplikasi lagu yg bagus,5
spotify udah kaya radiosama persis gak bedanyamalah kadang bagusan radio spotify lagu iklanradio sebaliknyauninstal ganti provider,2
tolong ya lagu langsung iklan iklan nya,5
very good and very well,5
bagus semoga khusus fitur offline playlistkalo gk jaringan ttp denger music,5
kerennn gratis suka,5
seneng spotify sedih spotify omg nya lagu sesuai moodperasaan,5
bagus bangettt,5
suka banget tibatiba berhenti sih,1
gila si bagus bangettt best pokoknya main game music ny g lelet,5
bagus banngett premium sihkaya suka banget iklan nya ga banget ngga kaya aplikasi iklan lagu musisi suka intinya spotify loveee bangett dehh,5
sanag,5
lagu nya batasi,4
denger lagu aplikasi nya,5
mantap lengkap,5
terhibur mengisi mncairkan jam kerja cakep,5
good iklannya ya harga premium nya tolong murahin dikit hhheee,5
gedek banget milih lagu aja dibatasi jirmasa gw nyari lagu inimalah nyetel lagu kocak bangetmana iklannya gak ngotak,1
bagusss apk nya nulis lirik udh muncul judulll komplit iklan but wajar karna i premium,5
terbaik dgr musik,5
kebanyakan iklan,1
gk tau males pengen beli truk,5
saran harga spotify premium tolong diturunkan,4
bagus dh gitu aja ya,5
gampang aplikasi nya,5
load playlist nya udah gaush instal apliksi,1
iklan gak ngotak menit iklan,1
buatin premium sebulan,3
ipang cinta,5
the besttt,5
efikasi yg bagus alhamdulillah,5
bagussss,5
bagus sih,5
kerennnnnn bangetttttttttt,5
best,4
spotify nya menghibur bagus aplikasinya,5
menghilangkan galu,5
goood job,5
bagussss bangetttttt akuuu sukaaa samaa lagu nyaaa,5
emm kurangi iklan nya ya,4
lahhh bagusss bisaa download lagunya bisaa dengarkan bekali kali,5
eeee r udara eeee rorro krde rdrordeddddrl fff rrrrrdre rrdr dddo ko r,2
enak banget lagu nya,5
dengerin musik tempatnya iklannya,5
iklan,3
bgs bngt suara y lncr,5
pengguna premium iklan oke pilih lagu putar batasi ga klik next lagu kena batasan mendengarkan lagu menyenangkan,4
baguss menghafal lagu,4
mendengarkan musik dgn,5
menyukai release radar,5
menemukan aplikasi pengturan,5
lagunya lengkap iklan lagunya kepotongtapi gapapa tetep bagus semoga viral spotify,4
b mudah menjaga,5
pengen premium gak duitt,4
bagus damai,5
good music always,5
bgs,5
top mantab be the best,5
lumayan,1
aplikasi nya bagus,5
mantap klo gk iklannya,5
ajaa,5
kebanyakan iklan menyuruh beli premium menerus mengganggu musik sesuai urutan lagu liriknya gimana,1
iklan nya gajelas,1
aplikasi sampah download guy,1
,1
lagu lengkap,5
bagus bgt lagu ny,5
rekomen,5
bagus aplikasinya mudah akses,5
pakai aplikasi,5
yah kecewa berat fitur play lagu berkali kali diilangin,1
bagus banget aplikasinya membantu mencarikan lagu lagu trend aplikasi lumayan lengkap lagunya,4
bagus menghilangkan galau,5
perasionalnya mudah dam lagulagunya menghibur playlist,5
alus,5
gj lu duit gak sih beli premium gak,1
suffle pintar maksa bener gue dengerin lagu gak gue,1
bagus lagu tenang nyaman,5
langganan ngk nya moode free,5
senang acaranya,3
so good,5
lagu,5
berguna menghibur,5
apk jelek ga,1
suka banget nyanyi kasih bintang titik seru bagt dengar lagu nya,5
gak baguss,1
suaranya kereeen paraaaaah,5
,5
zionis,1
jelek maksa banget iklannya rayap duit,1
iklan bikin ganggu iklan ga,1
,5
salah iklan yg bunyi suara kalson kendaraan mendengarkan spotify kendaraan mengganggu konsentrasi berkendara smg kedepannya memperhatikan keselamatan berkendara pengguna nya terima kasih,1
iklan kadang suka gak load premium adain harian,4
bagus menikmati apk musik berlanjut,5
bagus temanin tidur,4
aplikasi jelek,1
karna suara nya bagus iklan,5
lengkap thank sportify,5
apk jelek,1
tolol,1
berlangganan premium aja susah bener webnya diakses,1
bias,5
suka mati ya langganan premium,3
maaf uninstall pindah spotify dukung isriwil genosida,3
iklan berkali kali,4
no respect,1
orang denger ngeleg banget udah gitu load tolong perbaiki,2
aplikasi gak iklan pemaksaan top up,1
keren deh,5
i dont like,1
berperikemanusiaan,1
maksa bet iklan ny,1
apk nya jelek banget hok cuh,1
aplkasi bagus cocok dengerin lagu apapun trus tingkatkan,5
aplikasi sampah,1
kebanyakan iklan dikit premiumnih apk cap,2
lambat banget putar lagu nya premium pas buka aplikasi bgt muncul musik nya uninstall ulang akun,1
app terbaik mendengarkan musik semoga acara event harga berlangganannya terjangkau,2
ok matap,5
bagus iklannya terletak terbatas memutar lagu menit,1
lumayan dengerin lagu sore sore lagu duka thasks,5
aplkasi jelek butut mend pake apple music uninstall aja guyyyssss pindah apple music,1
nyaman,1
suka sm apk tp pendukung srewel,1
nyetel lagu playlist yg gj emg,1
aplikasi jelekk,1
aplikasi cihhh,1
minimal benerin iklan ngebet nyuruh premium,1
harganya terusdari dibawah,2
apknya bagus iklannya bikin ganggusemoga next iklannya ilangin ajaa,4
bagus menenangkan hati mendengar musik,4
dikit dikit premium dikit dikit premium dasar kikir,1
masuk tipi,4
kecewa bangett sih spotify pdhl udah make apk in bangett,1
,1
baguss dengarr,5
ga tau malu jir,1
iklan males,1
baguss alhamdulillahnya ga muncul iklannya dengerin lagu podcast iya muncul jarak iklan lagu panjangg lagu muncul iklan pdhl pake spotify fyi spotify ku free ya tp muncul disuruh langganan premium yg k ga butuh premium pelajar jdi mend yg d kekurangannya dibagian lirik sih dibatesin kadang ga muncul kadang,5
maunya gimana sih anjirrr payment kewat gopay gagal mulunyoba akun kaga nya ga premium iklan gajelas lagu iklan kadang ga dipake dengerin lagu emang niat morotin duit customer niat perbaikin tuh fitur payment gajelas lo customer udah royal ngasih duit lo dipersulit gajelasssssssss,1
good so good,5
aplikasi nya bagus dengar lagu nyaman nikmati,5
gila iklannya denger lagu iklannya iklannya detik keatas trus iklan hadeuh,2
bagus asik lagunya iklan trs kasih bintang aja yaa,4
,5
goodddddddd,5
bener bener denger laguu darii spotify iniiehhh,5
aplikasi pembunuh,1
sengaja kasih bintang karna ulasan diatas uninstall nih apk pendukung isriwil nih pembuatnya,5
koleksi lagunya top,5
iklan jir,1
mantap pokoknya,5
,1
jelek aplikasinya,1
hapus,1
apl jlek bnyk bugkikirrakus iklan,1
denger lagu gratis,5
ramah bintang,1
bagus enjoyyy,5
aplikasi favorit,5
aplikasi jelek,1
buruk,1
manta hiburan ku sebenar nya,5
menurutku bagus,5
gk suka aja,1
bagus iklan,5
,1
w app,5
bagusss tapii beli hehe,4
bad,1
spotify baguss suka aplikasi spotify mendengar lagu nyaa yg enak dengar,4
iam feel bad in this app,1
not good,1
baguskreen,4
gacor,5
iklannya,1
keren aplikasi nya lagu nya full,5
lagu nya lumayan lengkap tolong kalo lagu direkomendasikan nya diputar playlist nya kelar tolong ya sportify perbaiki,5
bagus dengerin lagu ribet,5
i like this,5
kebelet premium,1
bagus,5
bad,1
bnyk iklan,1
seneng denger lagu hp matikan,5
jozzx,5
bagus banget,5
aplikasi kikir premium kikir emang ni aplikasi,1
muantap rek,5
mostly ads and force to go to premium,1
bagus,5
knp hrs byr klo mw download kecewa brt pls,2
instead of make it comfortable it become uncomfortable sorry uninstalling,1
jelek iklan,1
hapus iklan nya bang,5
terima kasih spotify music,5
bagus nyoba jd bintangnya ya tambahin jd bintang realgood,5
maksa premium keabisan dana,1
bgs apk ny,5
kecewa banget pokoknya mahh,1
lumayan susah login okeyy baguss,4
kebanyakan iklan,1
fitur spotify bagus banget lagu lagu nya keren keren habis,5
ngebet kali nyuruh premium,1
good joob,4
knp bli premium promo ngak bs yg hrga bln,3
emang bagus dengerin lagu,5
,1
pilih lagu langganan iklannya tolong dikurangi urutan langganan kecewa ya,3
bagus banget sangar suka lagu,5
nice aplikasi,5
aplikasi berguna bermanfaat,5
aplikasi harammmm,1
no more,1
aplikasi gak,1
apk gajelas,1
ogah iklan mulu,1
kebanyakan iklannya wuuuu,1
suka lagu,5
premium premium kammprreeetttt lahh,1
iklanya ga ngotak,1
mantul pokoknya,5
lengkap suka banget dehh,5
bagus,1
babi ngana,1
anjir seru banget coyyy,5
jelek bgt,1
bnyk iklan,1
ga bagus,1
bagus banget si dengar main game,5
aplikasi jelek udah aplikasi gak premium gak hehhh pendukung ono,1
very baddd,1
hilangin fitur shuffel pintar pls ga enak pas dengerin lagunya nyampur,2
jelek iklan mulu,1
mantap,5
iklan nyaa,4
aplikasi bagus denger lagu,5
yg terbaik dengerin music,5
lagu liriknya sponsor bilang dengirin lagu ngapalin liriknya,1
jelek jiga caduk,1
donlod apk,1
jernih suara nya,5
bgt bikin iklan menjengkelkan kh,1
heyy nya memakai premium hah,1
lagu alunan nada ungkapan kebebasan perdamaian ketenangan,1
liat lirik aja premium,1
pelit bgt dikit premium aja stel lagu iklan suruh premium apalah,1
not recommend,1
sukakkk sihh tapii iklan nyaa kuranginnn atuhhh biar enjoyy dengerin musiknyaa,4
apk utk menemani kegiatan tenang dgn lagunya,5
apk bermanusiawi,1
buruk,1
bacod,1
cool,5
,1
pokonya gasuka,1
jujur bagus banget lagu nya enak lengkap banget,5
apk sampah,1
enak bari gawe dengerin music d sportify,4
enak aja uda gua kasi,5
bagus,5
lagunya oke suka,5
asu,5
gw langsung hapus spotify mendukung zionis gw kasih bintang biar muncul ulasan teratas,5
,1
kaya capcut nih apk jir dikit dikit iklan,1
lagunya enak lagu,5
iklan mulu jir lagu shibal,3
sya tdk aplikasi muncul lgi perangkat sya tolong hilang dri perangkat sya tdk memenuhi perangkat sya,5
iklan nya males banget,1
iklan mulu gak jelass premium kocakk,1
suka spotify lagu kesukaan disiniiidan update,5
keren mantap free,5
buruk,1
lagunya ok,5
makan noh premium lu,1
aplikasi rekomend,4
bagus banget pokonya,5
bagus apk lgi wa buka shopee,5
download aplikasi setan,1
aplikasi pemutar musik jelek,1
great mood,5
aplikasi musik yg rekomendasi,5
spotify burik,1
gaksuka jelek,1
download karna mencara lagu bagus banget,5
rekomendasi lagunya gak cocok direkom lagu india trs pdahal gak denger lagulagu india,3
semoga terhibur,4
bad app,1
aplikasi terburuk,1
suara detail,5
lagu nya waoww banggtt sape suara gigaa suka bangettt,4
aplikasi bagus banget cocok suka nangis kamar aplikasi nemenin luang aplikasi pokoknya bagus banget wajib donlot cuman kadang lagu nya suka ulang bosen ga sih pokoknya wajib donlot sekian terimakasih,5
iklan,1
aplikasinya mudah pakai,5
memuaskan nyetel lagu gratis,5
bosok,1
goog apk,4
ngambil uang,5
harga premium mahal kwalitas buruk playlist putar hp suka tibatiba mati dengerin playlist laptop tibatiba aplikasi,2
kadang lagunya berhenti,4
coba coba aja suka spotify main ff biar,5
keren,5
love it,5
mendengar lagu tidur menemani aktivitas ku dimana cocok banget pokok nya,5
aplikasi music,5
tolong error jaringan online online,1
aplikasi spotify asik banget musik suka,5
kali iklan deh qq,5
gabisa buka disuruh coba berkali kali memutar lagu tolong ya,1
suka spotify susah tidur gak lagu untung aplikasi,5
timur kebarat selatan utara berjejer pulau pulau kutuliskan kenangan ku menemukan dirimu cantik rambut mu hitam habis berpijak dunia ku habiskan sisah cinta mu,5
not rekomen,1
suuuuka,5
aplikasi bagus bgt suara nya jernih kekurangan iklannya tolong kurangi ya iklannya,5
lagunya,1
aplikasi bagus cocok mendengarkan musiktapi iklan,5
mantap,5
blom berlangganan bagus deh gak iklan nya,5
kebanyakan iklan masak kali diputar muncul iklan iklannya,1
ga liriknya,5
iklan,3
shuffle pintar nya ganggu pas nyetel musik masuk aplikasi musik nya selesai langsung ilang gitu aja ngeselin banget pls ga hapus aja dengerin lagu apk spotify nyetel lagu pls tanggapin diem aja,3
premium,1
spotify mantap,5
ngk nyaman lagu nya,1
pokonyaa dhe bestt main roblox dengerin lagu spotify gratis,5
prem we,5
enak dengerin lagunya main epeppp,5
bagus banget pas fitur buka spotify ga internet,5
spotitygoods,5
sahabat setia gak spotify music kesepian,5
mantab koleksinya banget dimainkan kondisi screenoff,1
bagus berguna mendengarkan lagu,5
ʙɢᴜs ᴀᴘʟɪᴋᴀsɪɴʏᴀ,5
ngenahen,5
maaf ya aja download langsung update nahh udh daftar pas mutar lagu pas liriknya klik tampilkan tulisanya ilang jdi ga liat lirik liriknya,3
moonlight xxxtentacion,5
bagus banget suka musik situ lagu titok viral,5
spotify cocok suka nonton lagu tau judul,5
seruh aj sih main roblox dengerin lagu,5
bingung ketik ap pokoknya bagus dh,4
gatau malas pengen beli truk,5
musiknya enakk,5
tolong hilangkan iklan nyaa,5
aplikasi buaaguss polll apalgi lgu jawa lavora beuuhhhh,5
suka mainan,5
tolonglah admin fix bug edit playlist disitu bug pengen mengatur playlist lagu hapus bgian tanda bulet hapus tetep situ tolong fix bug secepatnya,3
best,5
seru dengerin musik salh satunya lagunya justin bieber,4
lagunya enak didengar sesuai denger,5
bagus sih yaa gada opini aja,5
ferfeks,5
kikir bayar nyetel lagu aja kikir mend iklan mah suruh bayar kikir gak niat bikin aplikasi bikin mas pelit,2
suka,5
mantap maknyus panggilkan developer nya,5
dikit dikit update sehari donload besoknya gabisa muter,1
bagusbanyak pilihan lagu nya,5
dengar lagu favorite,5
,5
mantep lawan iklan nyaa bagus,5
best bangett tpi premium ny kemahalan dikit,5
bagus galauu,5
denger langsung sesuai urutan album gak nunggu disc nya rumah gak mikir discard disc lecet disc breakup dengarkan berulang kali mobil kuota internet dengerin lagu,5
aplikasi kasi bagus karna lagu lagu yg susah temukan pokok nya lengkap dah,5
mantap sekalijoz gandosmakin matap klo offline,5
bagus banget kalo deger lagu aja,5
okey,5
tiada tanding tiada band,5
sagat mem bantu,5
baikk dann fitur baguss iklann nyaa lamaaa,5
pelit yg aplikasi ganti lagu aja udah ga musti premium biar ganti lagu,1
jd hti nselamat papan klip gboard teks salin disimpan,5
terima kasih,5
mah gk lirik ya sih tolong apk ya bagussss bgtttt,4
lagu nya,5
sngt bagusss sekaliapalagi kalo musik koleksinya didengar offline teruspasti mantapp,5
very good i like it but why do i have to pay i just want it free this be not what i expect i be disappoint,3
apk pemutar lagu bagus ku tinggal klik pencarian langsung putarbisa dipakai dilatar jd buka apk yg lainada iklantp wajar,5
tnks spotify musik terbaik pendengar musik tanah air semoga kedepan nya bagus salam pendengar musik,5
sungguh bagus klian yg suka dengar musik sportify,5
iklan sia loba loba teuing atuh kehed,1
jelek iklan nya,1
rhtrhy jrjgorrht rumah,5
gatau yg ngalamin ato yg ad kyk bug gitu yg bikin musiknya ganti ganti ga suaranya overall udah bagus lagunya lengkap sekian mohon diperbaikanv,4
kikir ih kebanyakan iklan,4
bagus kak,5
nya premium mls,4
perfect apk,5
lu maunya dah gw dah cape cape nyari lagu trus pas lagu dah kelar nyepam rekomendasiok kalo x lagu lu spam lagu gw taro playlist sampe gk keputarsemiskin sampe maksa beli premium,1
juara,5
gudang lagu lengkap mudah dicari mantap,5
iklan nya kurangin please,4
sampah,1
bagus berguna menghibur,5
lagu nya seruaplikasinya bagussss,5
mantap sob tunggu ya,5
aplikasi keren,5
orang pake spotify download dr play store muncul salah,1
bagus keren banget iklan,4
sepotovav sanggat bagus,5
suara data info music yg bagus,5
woi bug plyalist gw ilang gabisa diputer,2
mantap mantap suka apk,5
lagu dengar bagus hati tenang nyaman dengar,3
bagus apknya,5
great app music,5
jelek sekaliii,5
whyyyyy spoti whyyyyyyy,1
kereeeeeeennnnnnnn,5
nyaman,5
aplikasi spotify music nya lengkap banget kasih bintang yaa enak ngemusic galauu,5
asik musiknya,5
bagus suaranya jernih iklan nya kebanyakan,4
spotify kenyamanan yg mendengarnya,5
the real the best nih apk tolong yah iklan mulu hhe kalikali turunin min harga spotify premium nya rebu wkwk becanda spotify the real the best sih,5
sihh pas update terbaru playlist lagu suka hilang mulu harap update terbaru update bug gak dengerin musik garagara playlist lagu kesukaan hilang,2
spotify kemahalan sumpah aja enak loh bonus rp dihilangin ya premium semingguan hariannya,4
lagu enak didengar nemenin pr sekolah,5
lagu sukai ikuti putar jaringan bagus,1
menyukai,3
raja mantap,5
bgs bgttt weh,5
kecewa gua,1
bagus iklan biar penggunanya terganggu kaya kerja lembur kalo iklan geganggu stres trima kasih,5
baek,5
bagus banget nyari lagu old nostalgia lagu lagu,5
,5
keren jg mudah aplikasikan,4
bagus,5
bagus banget liat lirik terbatas lihat gabisa deh terbatss,4
habis diupdate jelek banget babi tampilan lagu yg diputar ga dimunculkan,1
beli premium duongurusin addresnya trouble mulu gaje bgtudah bayar masi kaya ginihadehh,1
suara nya poko nya spotify bagus banget denger lagu,5
sru aja si,3
suka aplikasi iklan nya bayak,5
gapapa jelek aja,1
sampahhhhhhhh,1
i love u spotify gk hidup muu,5
iklan lirik ilang gak nyanyi diskriminasi pengguna gratisan seandainya uang beli tau gak intinya kecewa,1
ga tau,1
apk bagus banget,5
suka error ga update aneh tolong diperbaikin tau update bagus error update ga update gedean update minggu,1
top terbaik,5
enak terkadang premium ditunggu deh,4
gak pacar,5
terima kasih admin sarah m membantu refund berlangganan paket chat admin uang dikembalikan,5
iklan nya gapapa tetep bagus lengkap andd pokok nya baguss sipp,4
udah tau kisah gelap nya,1
mantappp,5
top,5
cakep,5
bgus bet,5
iklannya nambah,3
bug suddenly stop play,1
ok bagus untuksemua musik,5
good application but there be a small bug sometimes when i want to open the application it take a long time and then suddenly it go straight in please fix the bug,3
bagus,5
bagus banget dengerin lagu aja,5
bagus ah,5
aplikasinya bagus keren bgt,5
bagus bngt,5
bla bla bla ble ble ble blu blu blu,5
subrek welino,5
bgus tpi iklan jdii aja ga iklan enakkk denger tnpa gangguan,3
b aja,5
senang denger lagu kesaan,5
keren mantep,5
males iklannya,4
bagus banget lengkap lagu nya,5
the application be really good its really good you guy should download this application its really better than tiktok,5
isk,5
spotify iniiii sangatt seruuuu sya sukaaa sekaliii kalo sy sya cariii spotify,5
niceee,5
mode shuffle nya ngaco pilih lagu yg next nya beda tetep,3
menyenang,5
aplikasi nya bagus cocok kalangan,5
lagu nya banget,5
ga login,1
menhibur,5
,5
tenang bemain gema,5
scam prem students,4
enak mendengarkan musiksuara putus putus,5
okeh mantap laguya enak,5
nih galau,4
kasi bintang aja ya kalo udah kasi bintang ya okay bay bay,3
bagus banget,5
bintang pokoknya spotify,5
spotify banyakan iklan orang ga premium suruh premium kebelet haji ya,1
bagus gejala lagu putar iklan iklan iklan,4
ok,5
lengkap banget,5
bagusss,5
enak dgr lg kdg gk sesuai yg mauh tp bgs gk prlu byr mksh,5
enk pas dengerin lagu nya tpi gk suka iklannya ngeganggu aja,5
yok coll mantab bgt,5
suka,5
semoga dengerkan,5
aaaa suka bgt spotify cinta bgt deh app yg,5
cocok galau,5
no disk,5
bagus nyetel music,5
bintang kerana amatt bagus tau gaa kerana bagus nya ngesadd,5
aplikasi nya bagus layanan premium nya berfungsi sesuai apple music yg menampilkan lyric terhubung android auto,3
bagussss,5
cuman bilang bagusih pas hapus spotify nya masuk email suruh masukin password ku masukin passwordnya pasword salah bingung kumasukkan sandi email ngak tolong perbaiki ngebuat ngak nyaman sekian terima kasih lupa perbaikin ya,4
rusak ni apk gak akun,1
terrr,5
bagussss,5
mantapdan teruslah berkarya berinovasi,5
gw masuk spotify bacaan nya salah coba jaringan gw gk lemot lag ah kecewa berat spotify,1
iklan buka udah iklan mutar lagu dah iklan iklanya langsung buruk dengerin lagu santai kebanyakan iklan,1
aplikasinya bagus iklannya kalo iklannya hapus,5
gak suka,1
jujur aplikasi play musik terbagus sih gratis lgi tpi tolong hilangkan iklan nya,5
bagus bangeeeeeeeeeeet,5
syarat aplikasi bayar ganti lagu batas cman kli nunggu jam,1
baguss bangett,5
the best pokoknya,5
bagus komplit,5
nng iklan saking ngemis e kpencet iklan e wae lngsung otomatis download apk sporty ne jan blas gak ndue isin tnn,1
iklanya kebanyakan ga premium,1
fasilitas mendengarkan music nyaman,5
iklannya jelek bgt tingklutek takting takletek sfx gelas perkusi jelek mengganggu iklannya ga lg gua orang indo dikasih iklan bahasa eropa susah cari lagu dipencarian langsung dimainkan diputar acak,1
lagu nya enak didenger,5
good,5
update melulu,3
aplikasi aneh lagu terhenti sendiritolong fix,1
iklannya kebanyakan isi premium ga keuntungannya,1
bagus sih iklan nya g ganggu,5
oke ajacukup puas jugaenak temen tidurenak kalo bosenintinya i like spotify,4
iklannya,5
spotify aplikasi buka semangat beraktifivitas mbalikin mood akuuu,5
keren masyaallah,5
aplikasi nya baguss bngtttgakk ngelag lagii enak bngt pake pas lgi tdr lagii galauu,4
ga manusiawi lu bg kecewa gw,1
sepp,4
senang aplikasi karna cuman aplikasi teman karna hidupku,5
iklannya klo mao dengerin lagu lagu iklan,3
aplikasi,5
hivi mulu plish udah muak gw,1
bagus lengkap bngt,5
serba premium,1
musik nya enak lengkap,5
bagus gratis gangguan,5
suaranya bagus,5
menyukai spotify karna musik faforit,5
burik,1
mantap banget,5
paksa pake premiumjadi terbatas denger musik nyatapi bagus sih bintang,3
seru belajar,5
aplikasih spotify enak banget seruu iklan ny gak banyk cmn dikitt doang durasinya palingan gak nyampe detik aplikasih mudah pahami mudah,5
aplikasi favorite,5
disi gampang menemukan musik ku menulis lagu judul langsung dapet gua saranin donglod,5
bagus aplikasi nya,5
can listen to songs even though there be no wifiquota fun poll,5
pokoknya spotify be the bestpencarian lagunya sesuai dgn expectassy,5
spotify be good but there be a lot of ads please dont give ads but still use wifi,4
bagus banget lagunya sesuai yg aplikasi pokoknya bagus banget deh kasih nilai bintang,5
suka lagu bagus populer,5
aplikasinya membantu main game,5
spotify musik yg bagus download pencinta musik,5
lagu nya memperoleh bayak ya seper ti tabola bale,5
suka bgttt,5
min tolong akunku udah bayar premium apk notif pembayaran gagal gimana min bayar bukti,3
kali masuk gelap text saran lagu muak emosi bug memutar lagu login mencari lagu hadehh,1
jenis lagu nya pakai bermaim imi bagus fokus bermain,5
okeymuantap,5
malas kalo iklannya,3
,5
mati matian melulu solusi,2
iklan mulu anjrr,1
lagu enak banget klo sih vip gratis aja gitu,5
bagus mendengarkan lagu,5
wahhh bagus nih aplikasi ngedengerin musik,5
manteb suka denger musik kalo bljrtapi tolong kasi diskon pelajar premium nya,5
cocok,5
aplikasi yg simpel tpi saran aktifkan premium yg,5
aneh bgt gua setel musik mati its be one year tetep hmzzz,4
love u,5
bagus dikurangi iklan tolong hilang aja plis muter lagu muter iklan,5
berguna baget,5
apps nya bagus lagu pokok nya donlod appsini okeee,5
lumayan dengerin lagu,4
e s seeeeee r,4
bagus skli,5
bagus,5
batasi minimal suruh beli premium,1
aplikasi kikir bayar,1
aplikasi iklan penu,3
mudah akses ori,5
bagussslagunya enakhampir lagu kesukaan ku,5
bnyak iklan suka cari musik,1
matnep banget spotify,5
sangatt bagusss,5
mantap sensasi fower dnger lagu spotify,5
mantapppppppppp,5
bagus,5
good enough,5
bagusspotify nemenin pas sedih nya lagu ngk bagus dn lengkappokok nya sesuka spotify,4
ngedukung perang,1
pas gua nyari lagu tabola bale udah selesai pas gua ganti lagu mainff nya selesai setel lagu kalo udah ganti lagu pas gua bilangin lagu nya gabisa jadikan gua bingung pas gua nyetel lagu ff nya gabisa ya pliss kasih tau,4
bagus apk suka,5
muatap,5
bguss,5
berbayar bagus paket pakai bayar,2
mini paket,1
iklan nya buanyak,3
asikk,5
enak banget dengar lagunya,5
padhl jaringan ku bagus gak pencarian nya,1
ku aplikasi spotify bagus kebanyakan premium nya kurangi mahal sayamakasi,4
enak musik nyaa,5
lagu udah iklan kalok premium ngasi harga ngotak,2
enak bgt kalo ngedenger disinieeee omagaaakalo ga hafal tinggal liat ajaaa,5
pokoknya mah udah bagus bangettttttttt,5
best music app,5
pakai premium kualitas suaranya kencang banget volume udah mentok maksimal pake speaker bluetooth jg suaranya pake yg gk premium suaranya kenceng hmmmmm,3
ok lumayan bagus,5
bagus bangett suka apk enak dengerin musik aja alhamdulillah nya ga kalo dengerin musik iklan nya suka dehh sih kalo buka apk nya iklan nya cuman iklan gambar aja kaya promosi iklan suara nya ga,5
ko lgu utk didgerin gk lgsg urutan y,5
great,5
nice app,5
dengarin musik dengarin iklan,2
oke zone,5
lumayan tp iklan berderet,5
nih aplikasi menjadijadi iklannya iklan iklan iklan iklannya memakan menit iklan,1
kebanyakan iklan gw pindah aplikasi sebelah aja,1
buka aplikasi inisangat bagus,5
slalu dengar musik terbaru lwt spotify olah raga jalan pagi,5
pas login,1
bagus si,5
iklan banget anjirt,2
bguss mendengarkan musik speaker yg mahal,5
mantap pokonya,5
jos,5
coba,4
alasan spotify iklan uang ceo spotify berinvestasi jerman dron perang membunbun rakyat plestina,1
fine af,5
apk kikir dikit dikit iklan berlangganan perbulan mahal banget cuman dengerin musik gajelas gw hapus aja apk,1
aplikasi nya bagus iklan ok gk bikin kaget kekurangan nya maju mundur lagu nya udah ok algoritma joss dah dengerin lagu dj playlist nya dj dengerin lagu umamusume playlist nya umusume,5
awas,1
enak bangett galau butterfly era kangen yg ttp enak bangett lagunyaa full,5
jooss,5
mode offline bug,1
mantaptapi kalo ngasih iklan aja gw make premium gak duittapi gacor,5
error beli premium kecewa,1
gak login facebook tolol emang,1
sekedar semoga sukses,5
putar berurutan langganan plislah pengen dengerin album favorit lagu lagu gaa mood pengennya dengeren spotify naikin mood malh gaa mood putar berurutan jadikan langganan maaf kasih bintang,1
over all baguss sii saran si iklannya aja si,5
dengar lagu sesuai yg sayang susah terbuka free habis premium,5
aplikasi sungguh sukai,5
taeh taeh,5
tolong dimurahin dikit,2
aplikasi kikir dikit dikit nyuruh premium,1
tolong paket harian munculin udah ngeplaylist paket udah habis nya ngacak,4
,1
bagus bgtlengkap lagilove you,5
gk dlu lgi,1
ya tenang galau,5
kebanyakan iklan nih ah elah,5
banyakniklam,5
bagus sihtapi banget iklannya free tolong dikurangi iklannya saran kalo iklan dengar lagu nyaman moohonn kurangi iklan,4
ok,5
aplikasi bodo,1
bagus aplikasi nya,5
ngelag yg stel lagu yg muncul lagu picapica huuuu,3
apk nya bagus lagu nya lengkap gak mempermasalahkan iklan nya make yg free bikin bete tuh pas muter lagu buka apk lagunya pouse update tolong diperbaiki atmin,2
premiumin kek ganti lagu aja prem sumpah aplikasi musik terkikir ogah dah gw pake,2
sadar pakai yg free iklan ganti lagu kali iklan iklannya gabsia menikmati lagu,3
wenakk wenakss,5
iklan iklan nya maksa beli spotify premium,1
god jabb,5
musik mantap,5
mengulang lagu versi,1
jelek gak instal setres kerjain skripsi lagunya terbatas bayar premium,1
sukaaaaaa,5
musik bagus tambahkan lirik nya lirik nya ga,5
awesome,5
gasss poll,5
𝗯𝗮𝗴𝘂𝘀𝘀𝘀 𝗯𝗻𝗴𝘁 𝗿𝗲𝗰𝗼𝗺𝗲𝗻𝗱𝗲𝗱,5
sebenernya aplikasi bagus orang berlangganan khianati uang langganannya senjata pembunuhan miris,1
join spotify skarang ya jamin gx nyesel,5
teman setia dikala,5
update ga,1
penambaham fitur equalizer mengatur bass treble,3
bagus menderngarkan musik,5
lagunya lengkap asik banget,5
bagus teman,5
i like the kpop songs and its complete i hope there will be more kpop albums,5
gak iklan didalamnya iklan,1
dr segi udh bagus banget bikin playlist ga susah nyari lagu lirik dll sbg pengguna gratisan free yg mnurutku ngeselin gt iklan kali gnti lagu iklannya bnrn muncul pas mw ganti lagu maksudku hbis selesai ngedengerin lagu kepncet lagu padhal lagu yg trs pas mw klik lagu yg iklan ga dijadwalkan sesuai batasan pemutaran lagu perasaan ga dibatasin premium,3
premium iklan gabisa skip milih lagu aja premium pake batasan ni aplikasi nyiksa bgt sih gratisan,1
burik ga diskip sekalinya skip langsung skip musik ajg,1
menghibur banget dah pokoknyamantap,5
woww,5
spotify,4
bagus lagu,5
keren menemani kegiatan,5
email sandi masuk ya,2
tolong inimah online premium,4
bagus banget apk nya ret bintang,4
aplikasi nya bagus mendengarkan musik ngesad,5
apk nya bagus,5
asyik bsa musikan chatingan keganggu,5
mantap wak,5
bagus nyalain lagu malascott and zeldadll main pollybuzitu combi apk seru sih no debatytta,5
makasih aplikasi,5
anjj apk byk iklan acak gk enak didenger anjj mend gk udah pake premium mend free aja bgst tolol spotrify anjj,1
mntp,5
bgus mksi,5
persen suka kalo kesepian galau dengerin lagu lagu,5
suka bangett kadang iklan yaa gapapa,5
dasar pembela teroris,1
tolong baja apikasa,2
good,5
gapa,5
sporty seru lagu vira lagu suka spotify spotify online andai spotify offline kasih bintang suka karna lagu favorit online tetep suka spotify terimakasih karna udaahhh bikin lagu,4
mantap main ml sad,5
kesalahan menggeser audio otomatis aktif smart shuffle musik diputar playlist menonaktifkan nya pulak premium bjir bad mod iklan maruk kikir gaji,2
ceo ny gblok,1
mutar lagu fav berkali preium,2
joozzz,5
lagunya cantik menarik,5
bagus cocok main game,5
best apk for music,5
enak terhibur spotify hebat mantap,5
kesini dengerin iklannya dibanding denger musik play musik langsung dikasih iklan,1
sumpah aplikasi bagus dengar lagu sumpah woi bagus nda rugi silahkan download aplikasi,5
baguss enak susah nyari love nya hilangin kayak nya,5
bagus,4
bagus banget pake tidur,5
lagu nya asik banget,5
aplikasi nya bagus nya lengkap,5
ya pas dipakai dengerin lagu pakai bluetooth bisabisa aja karna bluetooth nya ya nyetel lagu pakai earphone lagunya langsung berhenti hilang bug lihatlihat ratingnya gak kaya cuman doang spotify nya bermasalah ya ngganggu banget sumpah gak mood dengerin lagu bug tolong secepatnya diperbaiki ngeganggu kenyamanan penggunanya,3
aplikasi bagus ngesad,5
bagus tpi minusnya cuman iklannya aja sih,4
aplikasi nya bagus,5
bagus selengkap youtube music,5
momen yg pas cewe terputar lagu sempurna,5
asik music gratis kualitas good,5
oke debgerin leyeh,5
astaghfiruwloh emang yah mantap banget deh mah bagus kasi bintang,5
keren,5
bagus,5
bagus banget bisanya kalo music nya aplikasi nya ngk bagus banget,5
pandang kenal sportify langsung jatuh cinta luvv,5
biasaspotify pilihan terbaik,5
emang bgus kesiniga milih lgu yg pngen diputar dsar apk gaje,1
tolong fitur offline,1
menyenangkan aplikasi menemani aktivitas,5
pembelian premium pakai akun dana kasih bintang,2
bayar premium yg promo k ga terhubung tolong perbaiki niat ngasih promo,1
seru denger nya kaya gimana gitu,5
bagus lagunya pengen denger nya,5
seru banget semenjak kenal spotify tagihan denger musik spotify,5
alhamdulillah wasyukurillah menikmati musik klasik religi gratis mudah terimakasih kasih love spotify,5
mendengar lagu lagu santai,5
hati tenang bernostalgia lagu terbaik,5
berlangganan premium via gopay gabisa ya saldo eror udah bayar,1
bagus lengkapfree kurangin iklanhehehe,5
,4
king farhan,5
þruźure rrźeŕezrrrrrrrewrrrruurz,3
tt d dr rumah tddszzs rssse wsa wa ss ra d,4
semoga aja free downld rate kasi bintang aja dlu,3
mantap musiknya,5
apk the best,5
lagu disetel giliran dipencet lagu disetel banget premium,1
bagus,3
iklannyaa kalo bole sih dikuranginn dkit,3
sesuai namanya sportitif,5
pt gw beli paket premium pemakaian habis scam kah gw terugikan gw gw beli premium premium individual ngga selesai gw rat pt gw dah coba hubungi cs bilang duid refund bohong banget ga duid gw palingan rat orangan spotify menghubungi cs ga membuahkan hasil gw pengguna kecewa kalo,1
suka vqgus,5
susah login pake akun kode sms nya gak masuk masuk nomor tsell,1
enak dengar,5
ok sip,5
ok mantap,5
aplikasi kntl dng,1
yahh ane kalo udh download dengerin offline trnyta ga bsa,4
stop warr,1
lagu iklan bintang,3
unduh tibak putar pas offline,3
tee iklan eh asli,4
plis nama pengguna bikin edit biar login gampang,4
stick putar lagu tulisannya menikmati lagu iklan tappi iklannya gamau muncul udah dicoba berkali kali ditunggu berkali kali aja jaringan ga udah coba uninstall sempet gitu,1
mantap kasih rat,5
lagu nyaa asik asikk semuaa cuyyy,5
bagus lumayan kurangin donk iklan nya tolong ya semoga,5
spotify rusak mengunakan wifi mencoba data seluler,1
pelit lagu iklan bosen dengerin iklan yg iklannya garing,1
woi spotyfy kesini pelit batas lagu nya skrg gw bs sampe lagu doang you beg me so much to get premium iklan nya bgt gw ampe iklan saran ganti iklan nya pake iklan lagu orang lajn isi iklan nya bikin kesel teriak teriak gakjelas,2
bagus banget lagu ujung jalan,5
aplikasi bagus,5
bagus luang paket datanya nggak boros,5
enak kalauau main asik,5
bug,3
mode souffle merepotkan pendengar dengerin lagu fun bad mood,1
aplikasi bergunaapalagi kalo dipake belajar,5
good luck ya,5
mantappp kaka,5
gk login pke facebook,1
lagu nya bayak seru didengar,5
lumayan terhibur latihan fisik,5
iklan woi perasaan ga serajin dah muncul iklannya,1
dengerin iklan nya jd pngn uninstall aja ni aplikasi,1
sportify didepan,5
aplikasi yg menyenangkan,5
suka iklan premium,4
,5
aplikasi nya bagus tp lirik nya ga ya,5
bagus banget ungker,5
bagusss bagus,5
bug update premium google play store,1
basa basi,5
lagu jarang ya,5
oklah,5
perfek,5
mantabkoleksi,5
seru aja sihh,5
ckp tau,1
iklan nya,1
gacorrr,5
aplikasi anj,1
aplikasi sangatt baguss,5
ahgajelas ga masuk,1
jelek bnyak iklan maksa bgt apk eek pro isriwil,1
pemakaiannya mudah pilihan premium lahu subtitlenya semoga pembuatan subtitlenya dipercepat,5
bagus soptify dengerin lagu good job,5
suka lagu kenanga,1
asyikkkk,5
kasih bintang karna pas ngedit playlist gk simpen aneh banget apk nya gda update tolong banget nih trus udh coba tutup buka apk g kesimpen tolong benerin sih aja trs tambahin fitur ngedit playlist nih lagu favorit suka mls nyari nya tinggal ketik trs tinggal taruh sekian semoga bale developer nya,4
jelek banget kek gitu spotify nya,1
lagu menyenangkanaku duka,5
lagu lirik nya,3
tambahkan lagu daerahnya lagu melayu deli,5
btull,5
nya jelek guamau ambil nyanyi jujur kurasakan pura laalasan nyanyi du nya bunyi,2
beruntung banget mendownload aplikasi,5
bgusssss skliiii,5
bagus enak dengar,4
app in angkat bangus murahh lagii,5
mantap,5
uninstall hapus akun,1
baikk,5
bagus sopan tp sayang wkt tlp hny mnit doang,5
from app rupiyo but not reward,1
bagus download gk kuota dengerin lagu kesukaan deh,5
suka sekalitidak iklan,5
cuih najis,1
bagus poll,5
buruk kali mendengarkan lagu batasannya jam yg sarankan sebentar barusan mencoba mendengarkan lagu pertengahan lagu lagunya langsung stick lancar mendengarkan lagu membuka playlist yh sukai merepotkan orang yg memiliki aktivitas mohon perbaiki suka apk bug puas,1
cocok aplikasinya,5
aplikasi sampah bayar presiden pungli,1
jujur aplikasi mantep bet,5
lagu favorit aplikasi,5
bagus,5
asik,4
pro,5
bagussssssss bgttttttt cocokkkk buatttttt kaliannnn sukaaaa galauuuu,5
suka iklan ny manggagu banget suka banget lagu spotify enak banget dengar,4
aplikasinya emang bagus sih bikin ngeselin pas iklan wajar kalo iklan emang gratis suruh bayar mendingan iklan suruh bayar,5
bagus,4
menghibur suka,5
sumpah cocokk bgtt akuu,5
lagu nya lengkapp,5
akuu sukaa aplikasi laguu inii lopyuu deh,5
musiknya bagus bagus suka spotify,5
coba aka nonton bokeb,5
aplikasi nya bagus iklan mengganggudan kalo putar musik ny ulangin aplikasi separuh bayar,5
kendala aplikasi nya,5
aplikasi bagusss,5
keren seruuu gak menulis ulasan menulis aplikasinya jelekmengecewakan bagus banget useful,5
genre lagu all may favorite song a complet in here,5
good,5
top bgt,5
vamos,5
bagus mendengarkan musik santai luang,4
bagus bangt kak tpi saranin mode offline nya biar the best,5
komplit lagunya pilihannya iklannya bnyk,5
min iklannya ditambah aja iklan lagu biar menyala,1
mantab lengkap,5
buka aplikasi,5
gak masuk,2
spotify udh bagus banget mohon bgt bgt bgt update versi pembayaran beli premium pake mudah tawarin kk gk gk ngerti metode pembayaran lainya mempermudah coba tambahkan sistem pembayaran mengunakan kode barcode tolong yaaa ah klo beli mudah tawarin org kampuang halamanku biar merasakan aplikasi bagus kloudh perbaiki rat,3
pertahankan performanya,5
okey bagus,5
mantap ok banget,4
good music aplication,5
lagu nya bagus bagus bgt,5
sportify nya premium follow,5
bagus,5
lagunya bagus mantap,5
suka aplikasinya,4
well,5
musik nya enak denger kalo lupa nama judul tinggal lirik aja beres gampang,5
udah bnyak iklan bintang sih,1
menghibur piturnya mudah sulses spotify,5
pilihan musik,5
pendukung negara pembunuh bintang maaf hapus aplikasi sampah,1
baguss pokoknya seneng pakek spotify music,5
ga download,1
very niceee,5
bagusbagus gratis,5
yg apk plis ilove u bgt ungker gua cinta bgt ama spotify krna gua suka denger lagu klo ngerjain gtu intinya cinta spotify,5
aplikasi install,1
kumpulan lagunya sungguh puas,5
iklan nya tolong kembalikan,2
bagus banget dengerin lagu masak,5
mbois bngttt,5
iklan mu cok,1
aplikasi udah susah,1
mantabb,5
ok,3
apk bagus sayangnya lagu,4
ganti lagu,3
gada lagu ginga no uta pdhl lagu kesukaan ku,1
laguu ginga no uta pantekk emangg,1
plis buatin automix nya plissssssss,5
mantap jiwa,5
iklan nya ya,5
rekomendasi aplikasi musik bagus lengkap,5
iklan pelajar yg uang,4
,5
knpa lagunya ngak lirik,1
gajelas,1
anjay lengkap,5
aplikasi the best lagu,5
gk masuk spotifi nya,1
lop lop spotify,5
bagus,5
bagus sih cuman kadang sebal seringan iklan,4
bgus premium iklan nyakalau unutk bernyanyi dengar musik enak shi terganggu karna iklan,4
ribet yg premiumdownload musik premiummutar lagu gak bebas premiummau ngulang lagu premium iklan nya oke gak banyaksering muncul lagunya yg populersering diputar yg gakkurang populer liriknya gak lagu informasi sing bandpenyangi rekomendasi lagu intinya apk tuh gitu,4
menghilangkan stress beban beban fikiran,5
buka putar lagu spotify uang masuk rekening barcelona,5
spotify bagus bet dah gw aja enak dengerin lagu nya sumpah enak bet kadang gw gk tau nama lagu yg pengen gw dengerin sih,5
bagus dengar musik,5
seru iklan,5
sukakk bangeddddlucuu dengerin musik maen roblox,5
okyy iklan engg muncul prem sih oky sih dengerin lagu trs lagu dlam spotify alarm jugaa bangun dengerin musik yg suka saran bangett tauuu dowload ya salam goyeng goyeng spotify,5
,5
spotify kerenn,5
mantap dengerin musik,5
bagus suka iklan yg menerus tunjukan iklan dihilangkan capcut,4
suka aplikasi galau cocok ku,5
,5
cocok belajar olahraga dll,5
membantu,5
berbayar nilai bintang,2
berguna kyk sampah,1
gimana ya apk bagus tp trllu byk iklan iklannya dengar musik mnenangkan suasana hatijgn hrs premium,3
bagus sih kalo daftar akun ribettapi bagus,4
halo spotify keluhan pas login akun kesalahan coba mohon,1
suka banget spotify males nya iklan nya,5
lagu dirilis tersedia gak diputar musiknya,1
bug suara,3
udah terkenal langsung kikir,1
bagus apl music,5
aplikasi inidan bagus aplikasisaran tolong dikembalikan aplikasi mendengarkan musik batas bayarantapi dengar musik nya terbatas bayar melanjutkan mendengarkan musiknyaterimakasih,5
bagus diriku yg suka dengerin lagu,5
nambah mahal,2
mudah musikmusiknya berkualitas,5
bagus iklan,4
hm bagus,5
bagus bgt iklan nya muncul suka lemot suka banget,5
like,5
musik nya bagus,5
fauzan,5
bayar pake dana ribetnya ampun dah mend apple music ga ruwet kaya,2
bagus ajasih,5
full lagunya seru,5
kadang lagu tabola bale suka,5
bagus,5
spotify bagus cari cari,5
bagus mengagu iklan,4
karna enak,5
wooooooow,5
apk nya suka bug udah bbrp kali ganti akun aja nge lag lagunya gaada lirik ganti parah gak muter lagu sedikitpun akun kalo lagunya gak berhenti ya keganti suka banget sm musik tolong perbaiki apk nya,2
bagus ga update masi pake iklan ya gapapa lahh,5
sayang nya g bsa d pke klo pas lg offline skrg jd ni bsa nya d pke cuman pas online ja jd g seru deh,3
iklan kasih bintang aja,4
free free plstine stop the investment in defense startup helsing,1
bagus,4
aplikasi bagus,5
lagu nya enak dengar,5
gak bagus,4
pilihan musik menarik,5
iklan yg sengat mengganggu iklan muncul x lagu,3
bagus apik kasi cocok yg cari lagu,4
bugtify,3
lagu nya indah bagus harap berkembang karya lagunya,5
tau,1
enak banget music nya poko nya kalo dj lagu pake apk aja,5
,5
sumpahh bagus baguss bangettt playlist playlist laguu nyaa apl nyaa ga terlaluu banyakk iklaann wajib siii gaycc,5
cant even pick the select song as it have limit day without premium,1
bagus banget banget suarany,5
spotify aplikasi yg keren,5
bagus sih isinya lagu up date kesukaan kalo usul hilangkan program premium biarkan pelanggan free mendengarkan lagu kalo dibilang gratis gak kepotong kuota,5
asikk bgtt,5
bagus mendengar musik,5
kualitasnya musiknya jos,5
keren bangett,5
lirik tdk ditampilkan,4
semenjak update sistem smart shuffle memuaskan playlist lagu dengar smart shuffle memutar lagu diluar playlist kesulitan mendengarkan lagu playlist,1
aplikasinya mantap bangat,5
aplikasi gembel iklannya,1
bagus iklannya,5
bagus sih cuman pakenya spotify free yg gk berbayar tuh iklannya trus kadang suka loding data gw pliss spotify tolong kurangin iklannya karna pengguna kadang suka kesal gk serba bayar gk sih,5
suka,5
harga paket premium suara cempreng,1
payah bayar tagihan aja susah bener eror nunggu,1
upgrade,1
aplikasi yg keren membantu mendengarkan musik berkualitas,5
mantap lagunya lengkap banget,5
spotify seru dipake belajar galau hehehehe iklannya mulu,5
iklan menyenangkan,5
perfect pokonya,5
aplikasi bosok,1
like,5
puas dg acara yg disajikan lagu adakan promosi event semangat mengikuti spotify semoga maju sukses kedepannya,5
lumayan butt suka ajaa gitu iklannya puter playlist nyaa aneh gaa nyimpen lagu playlist puter ttp bagus kokk,4
god job,5
bagus sih gak lagu burung merpati,5
mantap joos,5
asiik,5
aplikasi nya bagus,5
aplikasi nya bagus iklan iklan nya mengganggu,4
aplikasi nya bagus sing pembuat apk iklan nya perisingkat terkadang iklan memakan menit menggangu nya muncul lagu merusak mood membeli spotify premium miskin uang membeli premium berpikir berharga,1
lengkap komplit,5
butut bikinn aplikasi,1
spotify membantu dengar mendengarkan musik ofline,5
minnn premium student mahasiswa doangg anak s smp sma jugaa mauuadain yg budget pelajar lahh minn,5
pelit lagu koq aplikasi mcm gak seru dikit iklan dikit iklan,1
where be the humanity,1
kebanyakan iklan pake mode onlinekt bayar bos pake data g kebanyakan iklan byak orang laen lari aplikasi laen kapok,3
gamau protes pengen adain fitur dm galau banget kangen orang gabisa ngechat akun spotify tpi gabisa chat aja akunnya,4
aplikasi nya jelek virus pas buka iklan,5
keren lagunya bikin ketagihan,5
sya aplikasi membantu enjoy mendengarkan lgu kesukaan,5
suka,3
nge bug kesini jelek,2
enak nemenin galau euyy abis putus jirt,5
kenal spotify,5
idih iklan nya,1
suka mohon dikurangi ya iklan premiumnya,5
himbau spotify tenar sok dulunya iklan penggemar resso,5
bagus mudah mendengar lagu podcast disaat kerja tugas,5
maksa bet,1
good job aplikasi nya bagus banget lagunya lumayan lengkap tolong ya iklan nya kurangin barusan selesai iklan trus dengerin lagu iklan langsung iklan nya wajar iklan pengguna premium tolonggggggg iklan nya kurangin oiya dikit premium banget fitur fitur premium semoga untk kedepannya bagus,4
aplikasi bagus mendengarkan lagu,5
muantap kali rek,5
malas pakai limit pilih lagunya emang user gratisan wkwkwk auto pindah yt musik,1
aplikasi nya jujur udah bagus ga langganan premium cuman gatau spotify gw lirik nya ga liat ya kaya tampilan liat liriknya cuman pas pencet kaga liriknya gitu loh developer tolong kasih tau gw kasih bintang,2
memuaskan fiturmya mempermudah pengguna,5
sumpah iklan spotify annoy bgt gaada yg enak didenger anjir beda apk apk gedeg bgt denger iklan spotify beres lagu lgsg iklan premium gada duit in this economy bro,2
lagunya mantap,5
iklan nya ganggu tau gak serius bikin gak mood dah ni aplikasi,1
bagus banget sumpah,1
error internet udah nyala bilang internet,3
nih aplikasi bikin tenang musik nya suka aplikasi sedih lagu favorit ku ku putar biar senang tenang terima kasih spotify,5
pendukung negara isriwil aplikasi direkomendasikan ceo nya pendukung zionis,1
gk terbang,1
enak banget huhhhuuuuuuuuuuuuuuuuu,5
lagu yg lengkap,5
,4
andaikan digratisin trus stay sih,3
kali putar lagu udah iklan gimana sih orang tenang mendengarkan lagu iklan tolong kurangi iklan iklan pake free tau taulah dijarak kah kali putar iklan,2
dikit dikit premium milih lagu aja premium dengerin lagunya kaya gimana,1
iklannya lagu x iklan premium lagu gak komplit payah,1
iklan nya,1
tolong bolehin donwload musiknya,4
terimakasih aplikasi bermanfaat,5
sarankan menghapus lagu didengarkan,4
its good but whats the mean of an app to play a song but u can not play the song u want bc u already play it for the day,1
baguss bngett,4
beli premium pake pulsa telkomsel gak tlg ribet utk pembayaran,3
mend beralih aja deh,1
males banget kalo dikit dikit premium,1
nice banget lagu yg populer,5
knp gk login ku,1
aplikasi seru main game gk gabut biar denger lagu,5
bagus banget tuhan ni aplikasi sad nya happy nya,5
,1
lagu tenang,5
gila asik bener yuhu,5
tujuan mengasih bintang suka lagu spotify tabola balepica pica sa sa tanamdan semoga berjalan lancar,5
bagus banget suka,5
ᴋᴜʀᴀɴɢɪɴ ɪᴋʟᴀɴɴʏᴀ,4
bagus,5
musik nya bagus banget suaranya indah,5
kelas,5
aplikasi bagusaplg disaat dr aplikasi ttp mendengarkan musik iklan nya g gak pokoknya sesuai semangat aktifitas,5
mantap cari lagu apapun tinggal ketik succes spotify,5
aplikasi inibsangat bagus menguaskan,5
keren musik,5
apalah udah langganan tetep aja iklan,2
sumpah enak banget lagu cuman denger tiktok kadang muncul pokoknya enak banget,5
bagusss bangeett,5
,5
singkat malas aja,1
lagu yg bagus suka,5
menyukai aplikasi ilangin stress gitu gua kasi bintang,5
ok,5
gk instal,1
music yg akuu sukaaa,5
mendengar lagu,5
spotify emang recommend banget nga nyesel download apk kawan,5
bagus bangetttt ᥫᥫᥫ,1
bagus banget pas denger musik nya,5
nemenin,5
ngebug,2
musik keren komplit enak dengar,5
maaf yah lagu suka skip,4
seru banget,5
ceo daniel ek out,1
mantap mudah suara jernih,5
𝖘𝖆𝖓𝖌𝖆𝖙 𝖘𝖚𝖐𝖆 𝖉𝖆𝖓 𝖒𝖊𝖒𝖚𝖆𝖘𝖐𝖆𝖓,5
thiss good,5
membantu tidur nyenyak dengerin lagu nya,5
kemanusiaan,1
gatau,5
serucocok banget kalo galau pas banget nih download pas coba langsung kaget lagu lagunya bagus merdu asli banget nih download aplikasi seruuuuu banget kalo ngelagunya pake headset oke download ok ya terima kasih kasih bintang,5
bagus banget,5
bug ny tolong perbaiki masuk pencet lagu daftar favorit lagu error alias pas pencet lagunya ga play sampe kali nyebelin sih udh update,2
lagu nya enak dengar ngesad,5
,5
bagus dengerin musik oketapi iklannya premium gaada iklan premium iklannya dikurangin ya,4
lagu enak fav read komik main game nyantaienak bgt kalo udah premium no iklan playlist nya,5
enak banget denger lagunya pas main game sedih,5
buka,1
keren,5
semoga developer pengalaman terbaik pendengar nya,5
sebenernya apk bagus klo fre ikln trus batasan iya sehari kali klo kecapean belajar eskul dengar m usic fav batas jdi dengerim music yutube apk fav ku dengerin musicaku udh saran in tmn tmn ku,3
iklannya memuakkan,1
musik nyaa bagusss,5
jujur aja suka banget apl spotify akhirakhir kasi hasil shufflerekomendasi lagu sampah jelek banget lagumusik putar musik melodis harmonis bangetttt spotify kasi rekomendasi lagu kekinian beat nya tu cepat ga nyambung banget lagu putar pls banget deh spotify seharus kah beli spotify premium dapetin musiklagu nyambung,1
enakk bangetttttt aplikasinya,5
wow aplikasi keren,5
aplikasi bagus iklan mengganggu mendengarkan musik mohon developer mengurangi iklan,4
seru kl lgi mndi kamar bosen pokoknya best dehh,5
bagus premium biar iklan lagunya menampilkan lirik aplikasi membantu,4
bagusbisa dengerin lagupokonya mantap,2
tambahin fitur incognito semenjak spotify wrap bebas dengerin lagunya lagu yg gak spotify wrap,4
music nya enakdan jadikan teman setia santai kerja makasih sportify,5
minimal iklanya kali lahh ajg,1
keren tp kebanyakan iklan,4
aplikasi musik yg bagus lagu lagu apapun ga ribet ga iklan ny spotify sukses,5
hati hati jebakan batman spotify baca detail syarat ketentuannya tolong join x lg dibaca seksama krn customer service nya memaksa beli paket janjinya berhenti perusahaan swedia tp mafia wasalam spotify,1
gk tau,5
membantu iklan,5
ampas sampah,1
lagunya oke tpi iklan,4
bagus lagu,5
aplikasiini suka gak iklan nya,5
bagus aplikasi spotify,5
asyik menyenangkan menjadikan kulalui penuh warna,5
lengkap menyenangkan,5
kalo liat lirik gk premium deh knp batasannya gk lagu yg liriknya error lirik dimuat knp sih lagunya mati pas cek ngulang udh abis pertengahan gitu perbaiki yg make aplikasi gk dikit,3
baguss minus nya bnyk iklan,4
yg bilang iklan psti gapunya duit beli premium,5
kereenn,5
inn sya allah bagus,5
𝙿𝚘𝚔𝚘𝚔𝚗𝚢𝚊 𝗦𝗽𝗼𝘁𝗶𝗳𝘆 𝚖𝚊𝚔𝚒𝚗 𝕜𝕖𝕣𝕖𝕖𝕖𝕖𝕟𝕟,5
spotify seru banget,5
menghibur,5
aplikasi bagus lagu favoritku simpan lagu nadin amizah lengkap,5
seruuuuu bgt bermanfaat yg suka lagu lagu hit viral no wifi no kuota internet hahahahhaha,5
lumayan bagus sayangnya klo data off lagu off,4
masuk apk loadingnya,3
mantul,4
bagus dikit dikit iklan,5
keluarin iklan,5
gereja tua,5
bagus,1
kerenn,5
harap terbaik,5
membantu sepi,5
bagus tpi tolong kurangi iklanya kismin,4
kebanyakan iklan promo suarafoto cape ngeskip,1
banguss platform musiknya,5
mantap aplikasinya,5
saga berguna rake kang,5
cuihh,1
karna idupin gk pakekpaket,4
𝗮𝗽𝗹𝗶𝗸𝗮𝘀𝗶 𝗶𝗻𝗶 𝘀𝗮𝗻𝗴𝗮𝘁 𝗺𝗲𝗻𝗴𝗵𝗶𝗯𝘂𝗿 𝗯𝗮𝗻𝗴𝗲𝘁,5
apknya bagus gaada iklam kaya apk sebelah,5
bnyk promosi ny tp gpp yg dengerin lagunya bng rex,5
lagu suka gratisan,5
suka lagu,5
ok terkadang iklan ganggu banget,5
jaringan wifi,4
henikurniawatiπebilsyamudoriπzildansabhaqπ quenstar,5
nyebelin puter lagu kesukaan lagu diputer maksa bgt premium,1
nyoba klo ga kndl nnti q tmbh lg,3
iklan,1
aplikasi berguna,5
good and the best music in spotify,5
lagu ga download temen temen ga premium lagu download putar,1
tolong banyakin iklannya yaaa,5
enak banget loh dengerin lagu spotify,5
suka aplikasi hati adem,5
spotify yg terbaik lagu yg bagus nya dengar main game,5
bagus banget kalo tidur nyalain lagu,5
bagus sekalih,5
bagusss,1
mendengarkan musik mudah,5
apk menyenangkan asik,5
agus,5
spotify bln terpakai memutar lagu kemauan sendiriaplikasi memilih lagu acak,3
seru lagu nya enak,3
lagunya bagus bagus,5
karna sy gak premium sehari cmn dengerin lagu bnyk bgttt iklannya,2
aplikasi nya bagus menggambar dengarin lagu cocok sih kasih bintang,5
menciptakan sistem spotify premium dawg,3
do you know bontok in kutai language just try to translate it yourself,1
bagus banget,1
oke sx aplikasi spotify,5
aplikasi bagus,5
iklannya aduh mengerti iklan dibutuhkan mengganggu lagu putar iklan mengganggu memyebalkan menikmati musik dengar,1
bagus sayang lagu yg unduh pemutaran musik of data ga suka nya iklan,4
mantaaap,5
enak denger lagu nya,5
enak banget pas bepergian putar lagu spotify,5
dimana menemukan menarik seru mendengarkan lagu keren,5
kebanyakan iklan biayain bangkrutlona iklan jing jing gak biar stress tod ngen,2
kurangn iklan nya,5
bagus asik denger naya,5
bagus banget apk nya,5
develop kikir anjg baikin kaya booried,2
menemani,5
suka aplikasi lagu lengkap,5
,5
kurangin bintang skrg dh kikir spotify dengar lgu aja gk smuanya bsa hrus premium pemaksaan sue,3
bagus banget,5
bagus bnagett klo dengerin hati tenang,5
seru emak klo nyari lagu minesnya dikit iklan premium iklannya,5
suka karna lagu yg bagus keren btw berasal papua dengar lagu suka pakai spotify mendengar nya menggambar,5
bagus wak,5
premium iklannya iklan iklan enak dengar lagu disimpan nyetel lagu udah update apknya,1
suka,4
apk tolol kebanyakan promosi mendingan berbayar langsung download bikin lelet aja,1
lumayan bagus,5
nge bagggg,1
bagus banget aplikasi nya,5
lengkap lagu nya seru main geam terimkasih udh riliskan spotifay,5
aplikasi bagus bngt pokoknya dengerin lagu tuh cocok bngt,5
bagus bangettt,5
aplikasi musik keren,5
main ff,5
ngga enak,1
suka aplikasi,1
aplikasi bagusno iklan lagu aplikasi sekian terima kasih,5
suka ndengerin lagumakany ak donwloat aplikasi,5
lagu mantap,5
foto sebanyakbanyaknya mendengar suara hambanya yg dibantu seputar produk layanan telkomsel silakan mention,4
bagus,5
mendengarkan musik gratis tanpabiaya,5
lagunyaaa bagussss pollll,5
keren aplikasi musik kualitas hifi enak dengar jernih kualitas audionya original,5
bagus bgt aplikasi nya enak nemenin belajar,5
bagus iklan,4
hp gk pelangi nya,1
perfectbisa download dengar lagu,5
mantap bosssku,5
suka aplikasi tampilannya simpel mudah disisi harga langganan perbulan relative mahal diturunkan,4
bagus enak dengar,5
ìklan,5
iklannya,5
bagus,5
iklan,4
joy happiness kalo udah premium hihihi,5
hapuss aja guy bug iklan dukung israhell hapus guyssss huuuuuuuuu kontolllll,1
ga liriknya,3
mudah mencari musik kualitas suara jernih nyanyi baca lirik,5
pemilik terafiliasi,1
bring bacj weekly premium mini pembayaran premium tersendat klaim hadiah coba gak pembayaran pas buka aplikasinya super lelet,1
𝗍іძᥲk 𝗍ᥱrkіrіm kძᥱ ᥙᥒ𝗍ᥙk mᥲsᥙk kᥱ ᥲkᥙᥒ sᥲᥡᥲ sᥲᥡᥲ іᥒgіᥒ mᥲsᥙk ძі ᥲkᥙᥒ sᥲᥡᥲ 𝗍ᥱrsᥱᥒძіrі 𝗍ᥲі ᥲᥲ 𝗍іძᥲk ᥲძᥲ kძᥱ sᥲ𝗍ᥙᥙᥒ ᥡᥲᥒg mᥲsᥙk sᥲᥡᥲ sᥲᥒgᥲ𝗍 kᥱᥴᥱᥕᥲ,3
ok,1
bagus banget keren,5
nica apps,5
bguslah yaaa,5
lagu nya enk asik cari lagu spotify ayok dounlod,5
𝑙𝑎𝑔𝑢 𝑛𝑦𝑎 𝑒𝑛𝑎𝑘 𝑏𝑎𝑛𝑔𝑒𝑡,5
premium gratis kau janjikan wok,5
good aplikasi musik,5
berlangganan premium,5
iklan denger lagu udah iklan lepas iklan denger lagu iklan ya gw tau premium biar gak iklan berhotak iklannya,1
suka banget sih jujur benerbener pav banget nemu lagulagu lupa judul,5
keren musik nya,5
bagusss bangett sumpah gilaaa,5
bagus banget ngedenger lagu syuka,4
jelek iklan kali berjejerrrrr dengar lagu dengar iklan aje,1
gak bintang seratuss baguss banget,5
bagus nya,5
jeleeek,1
bagustidak musik komplitedukasi info menu mudah,5
suka bngtt aplikasii,5
spotfy menyenangkan dg mendengar lagu setia,5
bagus banget aplikasinya dengerin lagunya mas ade gelan sahputra belain paketa bulanan,5
aplikasi bayi umuran yah,5
najis,1
mantapppop,4
mudah menggunakannys,5
kikir bjir,5
oke,4
pro isriwil lu tai,1
mantap minus nya premium,5
iklanta kebanyakan,2
aplikasi bagus keren,5
plis jgn bnyak iklanya,5
spotify muncul liriknya berlangganan premium,2
aplikasi nya bagus,5
all we need be enough love to hold us where we be where we be x ku menyela merelakan mu dengannya rayakan indah mu disana jakarta x beritahu melupakan mu kau ajarkan ku dewasa beritahu merelakan mu kau ajarkan ku bahagia,5
bagus lagu nya,5
bagus bikin tidur nyenyak,5
lagu lagunya bagus,5
dikit premium,1
excellent,5
pokonyamah well,5
enak banget dengernya minesnya iklan,5
error login,1
keren dah gk boros kouta bagus dahh,5
karna mendengarkan musik enak,5
gw sengaja kasi bintang solnya gak logi login iklan mulu,5
suka aja sih cuman iklannya aja gak bisanya sampe bikin ganggu gitu kalo asik mutar muncul iklan tetep suka spotify semoga kurangi ya iklannya kasian gratis,4
menemani ku senggang,5
good,5
lagu dengar disinimantap,5
great songs,5
spotify bagus mendengar lagu sholawat berguna banget yg suka mendengar lagu apapun,5
good quality,5
link masuk kali,1
aplikasi offline memuaskan hemat internet kuota,4
maksa wouuii,4
gasuka aja,1
bagusss poll,5
saran fitur shuffle nya matiin premium,5
aplikasi bagus,5
andaikan ga prem,5
amaze sound much better then the other,5
oke perjalanan,5
aplikasinya bagus banget tolong kurangkurangin iklannya please tt pengen ngerasain nggak iklan sehari aja user non premium,5
ni aplikasii keren bangett sihgantiin ytb iklanmakasih ya spotifyy,5
bagus udah kagak bener,1
kikir banget ya spotify,1
happy,4
udah tulis nomor whatsapp disuruh coba,1
promonya,5
ngerasain spotify free pake gotube,4
konyoludah langganan aja nge bug,5
koneksi baguskadang leg sihh semangat terusss authorr,5
suaranya jernih,5
sayaaaa menyukainyaaaa aplikasi favorit kuuuu,5
hi spotify versi premiumnya tolong mahal harganya ya please,4
mantap banget denger musik,5
mantap,5
bagus kasih bintang,5
keren kali musikan,5
andalanku bgt,5
suka baget,5
asyik bamget lagu lagunya,5
bokepp,5
bagus santai owe,5
broh,1
mudah situasi apapun,5
terbaikkkk,5
spotify aplikasi bagus nya iklan karna ga premium,4
keren bngt,5
iklan nya kurangin,4
burik pnypong isriwil,1
lumayanlah kasih bintang aja krna kadang males sih krna dikit dikit premium,4
aplikasi mendengarkan lagu sukai gratis,5
sayang nya bayar nya mahal,5
pro genosida,1
bagus denger lagu lagu dibawakan artis,5
suka aplikasi offline cocok kalo offline,5
lumayan suka kaerna suka paksa ubah premium,3
good luck,5
bagus banget suaranya,5
klarifikasi jujur y gw suka spotify gw denger lagu aja langsng iklan iklan nya neh masya allah,4
kecewa,1
dipakai main game bagus banget suka banget dengerin lagu ngeditngedit video,5
gw dengerin lagu kokyang iklan,1
musiknya bgus smua,5
musik,5
memutar podcast video ponsel auto play next episode dicoba desktop normalnormal,2
iklan mulu,1
menyenangkan dengerin musik,5
butut,1
seruuuu,5
bagus mendengar lagu lagu nya enak nya tidurrrr pas sad enak tuh dengar dengarin lagu lagu spotify,5
mantap,5
iklan off lagu pindah layar,1
lemot,1
seru menarik,5
mudah peng aplikasiannya lagunya enak,5
bagus bagus lagunya,5
iklan sejembun,1
busuk dengerin musik dengerin iklan,1
joss kuota irit,5
apalah pilih lagu aja premium,3
musiknya mati,2
absen yg udh hapus spoty,1
sukaaa,5
menghibur dikala suntuk,5
apk yg suka,5
udah bayar premium saldo kepotong premium batal aplikasi penipu,1
teruntuk developer pliss lahh iklan oke fine fine aja cuman fitur search kalo pilih lagu aja dibatesin fitur premium cuman ya sampe dibates bat pilih lagu nya pengen dengerin lagu ngikut spotify sok sok an bikin iklan dengerin musik gratis milih lagu aja gabisa premium ok jual mahal blkkk apps pindah kerasa efeknya,3
terimakasih apknya menikmati musiknya semoga sukses,5
spotify aplikasi terkeren,5
membantu aktifitas jog,5
bagusga kayak apk jx dikit beli,5
bikin menghibur,5
b aja,2
jelek ga suaranya bisu,1
puas penyajian tampilannya thank pertahankan yg sdh and diperbaiki yg sempurna,5
bagus top,5
laguny bayak disetel tidur,5
lagu nya bagus bagus,4
sihh seru bangett yahlagu lagu nya asik klo ofline klan nya banyakkk tolong kurangin iklan nya ya,3
great choices of music,5
audio diterima,3
iklan membiayai israhell let buycut,1
pendukung zionis uninstall aja udah,1
spotify mantap,5
aplikasinya udah bagus saran tambahin fitur terjemah kalo lagu asing gitu tau terjemahannya,5
bagus,5
baguss anak muda,5
santai mendengar musik,5
iklan nya,1
pro,1
aplikasi nya bagus iklan dengerin lagu tolong premiumin ya,5
memuaskan premium ya,5
apk bagus mudik,5
puassss,5
iklan lagu iklan gila ya,1
susah co akun spotify,5
bgus bnget plis,5
bangus,4
kalo data josss si,4
good job app kren majukan trus appnya tp kurangi lg iklannya klo egk iklan heheee,4
seruh bikin nagih,5
kebanyakan iklan bayar iklan kebanyakan iklan no no suka spotify gratis,2
kesini kikir apaapa premium kebelet haji kah,2
aplikasi gj gua mo daftar kaga mulu,1
hasil pencarian album musik diputar akurat lagu genre liriknya,5
aplikasinya bagus musicnya bagus,5
oke terimakasih sarannya buka,5
ok sip,4
bagus suara,5
gratiskan lirik,5
baiik,5
spotifynya seru asyik dimainkan offline,5
yaudah bagus,5
suka matimati gak,1
suara nya enak,5
dikit premium kalo pake spotify free milih lagu aja dibatasi urut sesuai urutannya iklannya ngelunjak kali kali,1
enak mendengarkan lagu karna relaxx,5
nemenin kegiatan,5
beli premium transaksi gagal pengembalian dana,1
bagus si bagus ya kalo gw make lagu kaga tolong perbaiki,4
the best good musiknya bagus bagus,5
bye spotify its get worst day by day,1
bagus suka,5
update pengguna gratis udah liat lirik iklannya,4
it be such an excite app,4
lagu lagunya lengkap seru bgt kalo pake spotify,5
sponsor tlol,1
asik lagu nya suka dengar lagu nya,5
suka dengerin lagu spotify kadang lagu yg ga lirik nyatpi gppttp suka spotify ttp setia spotify,4
baguss bangett dehh,5
lagu nya update bagus,5
bagus lagu nya banget,5
w apk,5
kasi bintang sndiri kasih bintang seribu,5
bagus bgt sumpahhh dddd,5
keren pas lirik nya,5
there be too many ads,1
enak banget kalo pake karna kalo pake dengerin lagu aplikasi,5
yes banget tau engga sech,5
mantap banget aplikasi,5
mantap minimize lagu aka biza rekomen bgt,5
premium nya kasih beli,5
bgt premium milih lagu,1
baguss dengerin lagu kesukaan,5
cocok kerjaa,5
mantap,5
,5
gokil,5
pilih lagu suruh premium pilih lagu sukanyaterus alihkan lagu laintiap milih lagu ganti lagu suruh premium biar bebas pilih lagu,3
menyukai aplikasi,5
jahattt,1
dengerin lagu sepuasnya jarang iklan lagu lagu yg terkenal,5
toloi,1
mantaf,5
pendana perang wuu,1
gk dengerin lagu playlist sendirikalo udah dengerin lagu playlist kalo dapet uang segitunyamana iklannya,1
,5
bagus ya kikir tetep bagus lagu nya,4
bagus tolong sokan inisiatif ngasih lagu disarankan pas dengerin playlist,5
phy dk i kg fw arr dgn cn fu,4
bagusbisa main gameatau gk lass galau,5
menarik,5
ga bgus ngdananin perang,1
bagus denger lagu rekomendasi banget yg suka,4
tambahkan lagu where we be lagu enak dengar nyaman kamar,3
error ga dengerin lagu install,1
enak lagu nya,5
pemutaran musik lengkap suara jernih,5
,5
mantap sih,5
matap main ff lagunya asik asik,5
siiip mantap,5
good spotify,5
mantap signal minim lancar musik,5
iklannya menganggu pengguna dikit iklan menjebak yg kalimatnya premium enak cobain skrg enak cocok makanan minuman tlg deh pakai bahasa indonesia yg bnr kak thx,3
bagus sihh cuman iklannya kaya youtube ajh,2
enak dengerin lagu nya sedih gutu pilihan lagu nya banyqk banget jqdi ya bye bye semangat ya lagu nya,5
iklan mulu anj bosen,2
iklan lagu iklan masuk kali kali,3
judul lagunya sesuai,1
bagus dengarin tpi hp nya mati tpi hidup suaranya tpi klo iklan bgt gk lewatin kurangin iklan yaa,5
tampilan oks,5
pencet lagu a yg diputar lagu b pencet lagu c yg diputar lagu d gimana kepuasan klo layanan musiknya model gedegg banget gww,1
babi playlist gw dihapus,1
mantap mw hheheheh,5
mantaappppp,5
bagus dengar musik maen game gada data ga on,5
puas banget putar music,5
not bad,4
aplikasi memaksa mendengarkan lagu pilihan alasan mode premium memilih lagu,1
menarik,1
jernih bagus,5
kalo muterin lagu suka tbtb mati ya lagunya apk spotify tetep mati lagunya,4
bagus lagu nya lengkap suka,5
love it,5
iklan nya nyaman puas,1
bagus pengisi wkt luanghealing yg efektif dengerin lagu kurangi iklan biar gk ad jeda,5
pokoknya sportv gak lawan,5
bagus kali,5
bagus membantu cepat dpt info,5
iklan nya tuh bangt wkwkwkkwk,3
suka lagu molong,5
hati hati aja berlangganan otomatis giliran batalkan uang,1
siip,5
gabisa langganan eror trus,1
apk zionis,1
harga bulannya murahkan,5
seru suka lagulagunya juman gak apal judul nya seru iklan nya bayar kalo ofline,5
trimakasih mudah mendengarkan musik,5
pengguna gratis memaklumi iklan iklan nya nambah muter musik lngsng disambut iklan dibatas memutar lagu iklan,1
aplikasi terbaik,5
bagus aplikasinya iklan yg kadang jd terganggu ya namanya gratisan gpp,4
i really like,5
tolong donk aplikasinya ngga berbayar,1
siipp,4
musiknya enak dengar,5
aplikasi bagus lagu,5
min tolong iklan premium dikurangi yah nyari lagu yg enak yg udh simpan iklan premium nya banget jdi tolong dikurangi,1
free palistina,1
freee falestine,1
apk yg bagus,5
aplikasi lagu bagus lengkap pembatalan paket premium gangguan menerus seakan sengaja dipersulit dipaksa paket premium,1
mantal,5
,2
spotify mantappp,5
gooood,5
spotify music,5
aplikasi rekomendasi mendengarkan musik,5
mendengarkan musik gratisnya putar lagu urut langsung suruh berlangganan premium iklan langsung berurutan iklan putar lagu suruh dengerin iklan gimana mohon perbaiki spotify beda terimakasih,2
terimakasih spotify menemaniku suramki,5
aplikasi cocok mendengar musik,5
thank im use mod apk work full life i donwload on google mod no buy this apllication,5
menyukai spotify nyaah,5
music be part of my life tho,5
aplikasi terkesan kapitalis monopolistik memaksa penggunaannya beralih premium versi standarnya promosi dibatasi memainkan lagu berurutan tombol back tombol next dibatasi menyebalkan x memainkan lagu memasukkan lagu tsb playlist thumb down,1
menghibur kesepian,5
iklan spotify bgt anj ngelunjak,1
bolehlh,5
gak tertarik lagu lagu suka yg aplikasi merugikan,1
free plastine,1
bagud,5
bagus seru dengerin lagu unik kartun kasih bintang karna bagusss,5
gratis,5
bangke klik lagu pengen gw dengerin gw klik lagu bintang diputer balonku hadeh,2
too many premium feature do you really need the money fitur premium spotify butuh uang kah,1
,5
mantap,5
free iklannya kali lagu udah iklan,4
sy kecewa langganan sy mencari layanan cust service spotify buka aplikasi spotify klik profil pengaturan privasi dukungan dukungan sy chat mesin terpecahkan sy terhubung cs terpecahkan uang sy direfund full jamterima kasih nb harga premium diturunkan rp ppn mahal sy,5
iklan nya ga skip,1
udah baguss nggak lagu liat liriknya aja tolong kasih liriknya biar baca trs gampang tolong kasih liriknya lagu musikan trs kadang mencoba lagu tolong kasih liriknya yaa terimakasih,4
bagus enak dengar setel lagu sepuasnya sinj jenis lagu gonta ganti memilih lagu sajaaa terima kasih spotifyyy,5
bagus banget aplikasinya kasih bintang dehh,5
apl bagus kalo belajar trs back lagu nya,5
isinya iklan,1
pilihan musiknya the best,5
ok sipp,4
bagus lumayan ngeselin iklan baguss,5
bagus iklan,4
mantap pokoknya dahhhh,5
pilihan lagu,5
mantap,5
bintang iklannya kalo gamau iklan premium jelekkkkkkk iklan nyebelin kalo diilangin tuh iklan kalo gaada iklan bintang lo,2
bagus galausenang buka spotify tdk buka diaplikasi,5
iklan nya tolong kurangi,2
wahh bagus tpi iklannya,5
semenjak infonya kalo aplikasi musik mendanai persenjataan perusahaan amerika serikat langsung uninstall,1
lagu nya keren bagus,5
mantapgabisa puter ngntt,5
iklan,5
bagus banget pokok nya lagunya,5
annissa putri pribadi asiyah silam cahaya mutiara adinda rizkyana kauthar,5
bagus bgt kalo akun nya premium denger offline,5
bagus mendengar membuka aplikasi,5
bagus disa menbahkan lagu yg delum dada cepat sehinga lagu yg delum ajdi,5
membantu mencari lagu,5
baguss bangett aplikasi nyaa,5
bad,5
suka alikasi,5
apk kikir upd maksa orang beli premium,1
spotify terima kasih pengalaman mendengar musiklagu spotify,5
buagusss buanget,5
bagusenak dgr malam,5
aplikasinya bagus bager suka bintang terima kasihh,5
the best,5
,4
aplikasinya asik,5
bad,1
suka banget pas udah tutup aplikasi lagu nya tibatiba suka kebuka hapus gaada buka aplikasi nya tolong diperbaiki ya,3
jujur suka pas iklan pose pose kayak endorse,5
ra iso download,2
bagussss sekaliii bikinnn oranggg tenangg,5
yayaya,5
playlist acak lagunya enak enakk,4
pengalaman bagus mendengar musik,2
aplikasi cocok kalo denger lagu yg enak bikin tenang,5
aplikasi nya bagus ngegem enak,5
spotify knp si ga masuk akun bayar yg premium,1
no comment,5
sukaa bangett,5
sumpahhh bagusss bgttt semuaaa lagu suka kualitas suara nya bagusss bangettt top dehhwalaupun premium,5
lago seru,5
gajelas udh selesai instaltapi suruh instal ulang ga jelaskalo nya penyimpanan ku penuh beritahu awalini ga pemberitahuan nya gajelas,1
iklannya musik nya mati mati apk,1
kaga,1
musik nya suaranya bagus dll,5
terhibur dgn pilihan lagunya,5
seru,5
najis,1
kebanyakan premiumgak orang premium brooo,3
bagus banget nyari song fav ya pokoknya ni apk bintang,5
volume iklan kencang musiknya,1
menghibur banget aplikasi nya,5
free paletistine,1
dahlah gratis behhhh,5
lagu mantab,5
jujur suka spotify akun premium membayar,3
bagus menghibur,5
kemanusiaan bro,1
apk jelekudah gw gapernah negri disangkanya gw diluar negrialhasil spotify gw gabisa dipakesia premium gw,1
mantap lanjutkan perbaikan,5
aplikasinya bagus lagu mudah ditemukan aplikasinya lengkap bagus deh pokoknya,5
knp ga bs instal,2
lagu,5
ok bangget,5
ajai,5
sukaaaaa,5
ga masuk akal ciii,3
hati hati berlangganan premium langganan premium individual gopay perpanjang gopay saldo perpanjang sebulan topup gopay potongan rban keterangan installmen spotify premium yg besoknya charge nominal yg keterangan installment notif langganan premium gagal bayar charge kali langsung batalkan,1
saran min coba tambahkan kolom komen orang berkomentar pas mendengarkan lagu kesukaanya,5
great advertise app,3
biar bintang bicara,5
kalo udah pindah lagu gak premium gak seru,3
kerenn,5
lagu ya bagus banget,5
gamenya bagus dengerin lagu offline itinya spotify premium bagus lagu spotify premium lagu nya gak berhenti pokoknya game mantap,5
daniel ek helsing drone,1
mantab,5
keren bgt,5
apk bagus musiknya lengkap,5
parah banget anj anjjjj kalo iklan okelah gpp namanya pakey gratis semenjak update terbaru udah limit anj mutar lagunya,1
seru banget dengar musik suka,5
beli premium ribet,1
,5
,5
iklan nya ganggu,2
terbaik baguss,5
aplikasi kikir iklan,1
bagus banget sayang bayar,5
jelek,2
developer maruk dikit premium,1
oke banget spotifpo musiknya segudang,4
aplikasikan bagus iklan paksa pengguna beralih spotify premium melulu orang bosan paksaan beralih spotify premium,4
batasan hidupin lagu,3
ok la sayang pake uang iklam,5
enak tenang,5
yeayyyyyyyyyy,5
muahh cinta,5
udh gw kasi bintang gara gara aplikasi terbagus aplikasi laguu semangat ya tim spotify kembangin aplikasi nya,5
bagus suka mendengarkan,5
mantap banget headset,5
as,5
ngeselin enak enak nge sad langsung iklan njir apk nya bagus,4
seru banget gakuat gampang lirik nya,5
lihat lirik gimana sih susah ya,2
bagus ngeselin,4
knpa skrng bnyk bug nya dengerin musik iklannya gak putar,3
bug ya bohong,1
menarik,5
no coment,5
lumayan,5
iklannya hmm beli premium,2
lirik muncul tampilan liriknya,1
lagu nya komplit iklannya ga,5
minus bintang karna prem iklan melulu,4
aplikasi nya bagus bngt sii tpi klo blh tambahkan lirik min biar nyanyi hehe klo udh kasi lirik janji bintang min,4
aplikasinya bagus ketikaa masuk lagu yyang ku sukai lagunya tinggal dikit kaya kalo masuk lagu sukai menghilang bagus koooooooooooooooooooook,2
pakenya enak bngtnggak ribet cm bnyk iklan,5
aplikasi bagus,5
bagussss,5
semuga bagus,5
suka bgt aplikasi cuman suka iklan nya,4
pengalaman menyenangkan,5
aplikasi ga dibatalin langganan,1
enak bgt sii apk nyaa sukaakarna apkmasih lagunya mine nya batas laguuuuuu,4
aplikasi cocok dengerin musik sih dimana muter lagunya spotify,5
maksa banget beli premium sampe pilih aja ga,1
menyukai apk karna sulit paki,5
download lagunya putar offline,1
karenaaa gratis,5
spotifymuscdan,5
bagus banget pokoknya gak,5
enakin lagu nya,5
gasukaa,1
bintang karna aq yg paket perminggu harian ah elah aq ga sebulan full dengerin musik bejir,2
lagu spotify enak dengarkan ok sekian terima kasih,5
njs aplikasi smph cuih,1
suka spotify,5
lagu lengkap iklanya,5
bagus,4
apk nya emng bagus aneh nya g masuk mulu stress,1
lumayan pake main ml puter lagu sedih pacar udah,5
good apk,5
okmusik ycuma hrus on ajh g nisa oflen,5
doti,5
suka spotify,5
spotify lagu lagunya oke,5
headset bluetooth,5
ku lengkap banget dipake ngesad editgw donlod lagu yg serucinta disekolah,5
pqgu rohani,4
wiiii sz y,1
baguss bgtt bisaa ngilangin ga mood,5
promopromo pas dibayar pakai gopay terima kasih jijik pakai aplikasi gopay,1
campur nyetel youtube,1
musik nya bagus bagus,5
ytta aja,5
a very good application for listen to musicwhat i dont like be that i cant hear music in a free mode it would be better to hear music in all modes both premium and freethats the only complaint from me hopefully it can be better,5
b aja,4
app membantu denger musik,5
great app of all time,5
bagus nya iklan nya pakai data,3
lagu nya bgs tpi beli premium download,5
iklan,1
jyujyur bagus,5
bagus bangetapalagi kualitas nya,5
best music app ever,5
enak enak nya nyetel lagu garam madu pindah monolog,5
sop,5
yg blm premium jgn bnyk jg iklannya wkwk,5
bagus tp knp tibatiba play musik ya,4
bagus banget apknya,5
suka diganggu iklan,5
banyakin promo nya,5
bery good,5
terllu bnyak iklaan tlong kurangi iklaan nya,3
bgs klw premium iklan nya banget cuman ribet dengar lagu aja iklan segudang,3
jelek,1
its pretty good,4
kebanyakan iklan anjengg,1
kebanyakan iklan ikannya kepanjangan,2
dipake munculin iklan oke gitu stream musik engga luas,1
no war please,1
suka karna aidol kopp,5
spotify jelek udh nyalain pas langsung mati lagunya,2
serulagunya menarik,5
kurangi iklannya,5
zionist cihhh,1
too much adv,5
kikir bet ni aplikasi capcut ntar kuburnya tutup tanah aja,1
dibutuhkan,5
lumayan keren,5
good soud many beautiful music,5
spotify ni ngelunjak ya tau gak pakai premium iklannya ngotak dikit kemaren download iklan nya gak kali putar lagu iklannya gila kali iklan random kali,2
spotify bagus bngt yg sayang kebanyakan iklan ga mode offline,5
temen motor,5
suara bening gampang ga ribet keren pokoknya bintang,5
mantap lagunya,4
wow,4
bagus bgt apknyatpi kadang klo pencarian suka lemotjdi bintang aja,4
juaraaa,5
mantaapu,5
bagus dengarij music,4
hadeuh,1
sgnt bgsskli,5
bgus,5
senang,5
pke aplikasi nya kalo udah bintang,4
muter lagu iklan gtu trus hahaha gak jls,1
bagussssssss,4
aplikasi cari lagu aja premium kasih bintang dibaca,5
kebanyakan ngiklan lu,1
tahi,1
ga riquest lagu lagu gtu contohnya cinta lagunya acha butuh banget spotify,5
,5
liriknya ga adasayang,1
love you more,5
jujur ya gue kesal aplikasi log out bentar aja account pas login gak dialasan sandi salah apanya salah kau sandi aplikasi aneh,3
aplikasi bagus koleksi lagu podcast lengkap kualitas suara jernih fitur playlist rekomendasinya membantu banget cocok dipakai seharihari,5
iklanlagu sesuai urutan aja premium,3
asik bangett cocok main game tidurr pokoknya seruuu,5
keren,5
kosong,1
this application be really good it have lot of feature,5
bagus mendengarkan lagu hp mati aplikasi alarm,5
fitur mudah iklan maklum gak premium lagu disukai aja gak bebas milih nya trus skip nya batasan nya gak disaranin pake apk aplikasi pelit,3
iklanya alay,1
bagus bgtt ak sukakkk,5
perbanyak diskonnya haha,5
i like spotify,5
lagu sanggat gamon mantan,5
spotify hidup hidup,5
semoga gratis trs,5
playlist ga buka ya,2
suara bersih,5
bagus banget lagu suka nya putar lagu tabola bale,5
aplikasi spotify boros kuota beli kuota gb mendengar lagu aplikasi dengar selesai kuota langsung habis pakai kuota aplikasi boros duit beli kuotanya merasakan spotify boros kuota spotify aplikasi bagus dengar lagu iklan bermasalah,3
aplikasi bagus,4
bagiku membantu mendengarkan musik online offline memakai premium memdownload lagu tersebutagar offline terimakasih,5
mudah mencari lagu yg,5
gak liriknya lagu sportify tolong kasih liriknya,1
mantap,5
enak,5
bagus baget tolong iklannya,5
mantap aplikasi bagus mendengarkan musik sih gua,5
banyakan nge bug nih payah iklan ga jalan aplikasi nya,1
spotify enak banget aplikasi bagus tolong premium tolong metode pembayaran pulsa telkomsel terimakasih,5
spotify ku terpause dah detikan kepause bikin ga mood,3
spotify tolong lagu kasih kolom komentar,5
gokil mantep dah bayar,5
suka aplikasi,5
najis premium g orng uang dengerin lagu nenangin mlh disuruh bayar dengerin lagu batas premium aneh lu kebelet haji gimana sengaja gua kasih bintang biar komen ny,5
stream musik terbaik,5
suka suka kalo dengar musik iklan premium,5
,5
llagudangdut,5
hilangkan iklan gak bintang,1
terimakasih lagu enak,5
apk bagus menghadirkan lagu hadir gak putar lagu menit perbaiki makasih,4
seru tp knpa hrs premium nya si,4
iklan ga dibatasi sih no,1
dikit dikit premium uang hsil premium jga sumbangin isriwil aplah app zionis boikott,1
udh bagus saran aja si ditingkatkan lagu yng diputar kadang gk gitu genrenya lagu oh ya tolong adakan fitur lirik romanize nya pengen nyanyi gak tau baca tulisan hangeul hiragana bhasa bahasa,5
bagus banget sih banget musiknya yg yg hehe me playlist kesalahan dikit gak gpp makasih,5
sipp ngab,5
ku udah bagus lagu negari,5
terbaik,5
knp susah buka kdng,5
bagussss bangetttt oyyyy,5
maksa banget sih beli premium dengerin lagu aja udah ga pilih,1
lagunya bagus banget,4
epic,5
iklan ga ngotak bet muter lagu aja kemakan iklan menit hilih,1
scan enak dipakai,5
wkwk iklan sampe ga up premium gw wkwk,4
aaawwwww lovee u,5
mantaptrimakasih,5
beda bagus berkualitas,5
bgus iklan bnyk bgt,5
mantapkan,5
tolong premium gratis nya nya sebulan kek hehe,5
byebye,1
no word can describe this app excellent,5
nya bagus bagus cakepp,5
iklan nya ga jelasgara ga premium,3
mantap lancar,5
overall udah baguss liriknya yaa spotify,3
musik ok suara mantep,5
sangant menarik,5
coba klo bagus tambh bintang y,3
kualitas lagunya bagus lagu mohon pertimbangkan menghapus iklan uang membeli spotify premium,4
lagunya gada lirik ya udah update,5
artis lagu lagu yg enak dengar,5
mendukund israhell,1
iklan mulu aj gratis uud ujungnya duit,2
very good app,5
aplikasinya bagus suka mendengar lagu yg suka simpan ga repot nyari nyari,5
,5
apk jelk mend hapus aj dri playstore,1
lu biat aplikasi ga si aja main puteran udah iklan kali kalo gini trs gue uninstall,1
waw lagu nya enak banget,5
aplikasi musik update,5
gitu deh,5
iklannya kebanyakan,1
bagus q,5
gak bayar gak iklan bayar ikaln mulu bayaran gak dener lagu pembohong,1
bintang karna premium,4
aplikasinya sih gak tp ceonya pendukung zionis selemahnya perlawanan dgn boikot apapun yg terafiliasi dgn zionis agama kemanusiaan,1
ui nya simple mudah digunakanada milliaran lagu terimakasih,5
spot musiknya bagus musik like pkok nya,5
paki plastori k mahal untukutar musik perbulan ribu,1
suka spotify,5
teman mengemudi,5
good experience,5
uninstall kebanyakan iklan pemutaran batasi,1
tolong perbaiki kadang suka eror masuk,1
senang sporty pilih lagu yg disukai puas pokoknya aplikasi bagus,5
bagus tolong perbaiki aplikasi pas nyetel lagu gak belakangin maksud nya pas nyetel lagu lagunya udahan puter pencet gak gatau tolong perbaiki aplikasi nya,5
aplikasinya bagus memutar iklan iklannya gak jalan berjalan minggu,3
kadang suka lemot,4
so far good,5
suka,5
pokoknya mantep banget,5
parah iklan nya banget putar lagu iklan nyampe x parah emang spotify,1
menghibur menemani situasi,5
hasil aplikasi moralitas manusia,1
raja kikir,3
bagusss,5
i love this one,5
sangatt bagusss,4
udah temenin eh ngelunjak,1
lagu nya suka banget,5
spotify anj ceo ngedanain perang kalo kasih bintang minus jg gw kasih bngst,1
𝐬𝐚𝐧𝐠𝐚𝐭 𝐛𝐚𝐠𝐮𝐬𝐬,4
top,5
percobaan,3
iklan alay,1
kerja,5
wenakk,5
asyik dengerin lagunya kerenlah,5
bagus dengerin lagu,5
kikir wowww akun ku lagu iklan nya kali perasaan ku doang gmn ya beli premium iklannya premium nya habis iklannya kencengg,1
terimakasih fitur nya rekomendasi musik nya aplikasi bersemangat menemui esok tidur jam stabildan alasan gak bunuh,5
bebayar,4
singkat padatsangat bagus,5
dana perang cik,1
mantapp pisann laguna kuduu rada madodetken wed,5
sumpah dah gw bingung smaa nyaman sih dengerin lagu aplikasi gw ga iklannya ga premium ya makasih ya developer nya otak atik aplikasi nya ga gw pake premium biar hemat paket langsung download lagu nya situ,5
pro isrewel jirr,1
iklan nya banget lagu kali iklan,1
iya mas miscall,5
mantapp eyyy,5
jujursaya suka,5
bagus,5
bagusbagus lagunya kasih bintang,5
masyaallah,5
buruk bnyak iklan nya coba bayangin lu dengerin orang yap iklan lagu random gua dengerin musik nunggu iklan detik males bet gerak dikit iklan gerak dikit iklan coba apk kek gini coba kalo gua nemuin pengantinlu spotify gua ngak gunain apk lu lu orang pakai spotify lu iklan dikit minimal iklan lagu iklan muter musiknya,2
bagus gk aplikasinya gk bayar,3
bagus banget yg mendengarkan lagu,5
bagus tolong apaapa premium,4
suka aplikasi zionis,2
menikmati lagunya,5
kepala kau nyuruh premium maksa dah monyet,1
zionist,1
kawan,5
bagus tidur jarang iklannya,5
canggihhh mantapppp,5
premium komtol,2
woy dengerin lagu dipencarian ngebut tulisan iklan layar hitam,1
bagos,5
lagu sukai putar urut ya,5
lagu lirik,5
bagus lagu,5
asik p,5
denger lagu aja suru bayar,1
lagu nya enak seru bikin mood banget,5
mend donwload apk gratis,3
mantaptanpa iklan sportify music the best,5
mantep aplikasi contoh main game ff nyalahin lagu aplikasi gacor king,5
bagus aplikasi langsung tau lagu cari ucapkan aplikasi spotify aplikasi bagus,5
jelek jir ni apk dukung isronyoll,1
komplit mantul pokokke jos gandos leb godek,5
enak dengerin aktivitas,5
kerennn,4
suka tibatiba da lagunya iklan ya stop ga dengar musik,3
premium,1
iklan selebihnya bagus banget,4
kasih bintang coba lihat tetangga puter musik offlin,5
lirik nya gk,5
taik updatenya pilih lagu didenger top up kalo putar acak gk orang denger lagu premium,1
semoga gak iklan,5
enak main game,5
seru,1
suka banget pliss,5
sejujurnya nyaman akun ku tibatiba hilang alasan bug koleksi lagu ku,4
sdah bayar langganan premiun iklan kak,4
sprtfy banget yahloadingnya lamangelekjuga udah coba isi kuota takut nya karna kuotanya ya aja,1
bagus,4
bad ceo spotify,1
gabut,5
,5
susah download ya,2
best song,5
akusi bintang ngidupin musik iklanya,4
baguss bgt pokokny,5
redmi pad gaada fitur lirik lagu landscape portrait so bad,1
ganti apk musik gk nih,1
bagus rekomendasikan lagu lagu yg cari,5
aplikasi iklannya,4
bagus aja sih denger lagu kesukaan gitu minus nyaa pas nyetel tulisan fitur premium udah coba gak mohon perbaiki ya,3
worst,1
bagus,5
spotify jadiin premium gratis pls,5
awesome music player,5
asu,1
m sayyldulabrar,5
bagus say suka,5
ikhlas,2
halooo masuk paket family ya link undangan terima mengisi alamat sesuai akun pengelola paket muncul pencarian terkonfirmasi klik konfirmasi alihkan halaman promosi paket premium mohon bantuannya terima kasih cs jawabannya membantu,2
ten out of ten paket premium pelajar sekolah nya lengkap sekolah smk ajibarang mengisi nama sekolahnya data data nya tolong lengkap sekolah sekolah nya pelajar mengakses paket premium pelajar ya turunin harga paket premium pelajar nya oh ya kalo shuffle pintar lagu nya samaaaa mulu bosen tolong usahakan shuffle pintar nya bener bener pintar bosen,5
sukakarena kesepian senang memutar nya haritapi kurangin iklan nya,5
,5
aplikasi pembayaran langganan premium nya tibatiba sedot saldo notif persetujuan emang aplikasi jmbt,1
good aplikasi lagu dipake sekeluarga,5
sumpah enak banget ya gak premium blom tau spotify seru karaokean berbayar,4
ok baguss,5
klo jdi salah lagu spotify,5
bagus sih bikin kesel denger lagu asiknya mati lagunya gara jaringannya ilang denger lagu offline gak premium kadang asik pas lagunya abis keganti playlist punyaku keganti kelagu gak playlist ku bikin kesel banget,3
seruuuu candu,5
aplikasi yg berfaeda smua yg isinya daging,5
aplikasi lol gblk premium,1
nice,4
bagus menarik,5
bagus banget sumpah enak banget lagu lagu nya wajib si dowload,5
jujur si aplikasi bagus banget kekurangan ya iklan nya iklan bosen ku,5
aplikasinya mantap hidupkan ml pacar desahnya kedengaran,5
spotify bagus,5
asik gratis trimakasih,5
lagunya update terkini,5
lagunya bagus,5
jujur ya spotify ga bgus,1
bag,5
suka banget denger musik aplikasi in,5
apk nya bagus menampilkan iklan,4
apk lagu ter the best,5
semangat ngerjain tugas,5
suka banget aplikasi spotify,5
lagu lagunya bagus bos,5
bagus bgt semngat olhrga,5
suka banget dengerin lagu spotify,5
bagus prefek banget,5
aplikasi nya mah lumayan iklannya noh fitur fitur kebanyakan premium,2
aplikasi bagus keren iklannya tolong aplikasi kurangi iklannya banyakbanyak,1
gajelas akun gw ga bermasalah mulu,1
spotify gua ngebug njir download ga ngeputar musik,3
awesome the best spotify,5
suka lagu lagu aq kerja suka putar lagu keren,5
lagunya oke,5
apk nya bagus aja tolong tambahin dana pembayaran premium premium engga apk dana,4
bagus sih cumaklo blm premium ko lagu batesin gitu nunggu jam dlu lagitpi not bad lahnice boyyh,5
sukabagus nyambung lagu,5
suka aplikasi,5
sy mendownload nya semoga memuaskan aflikasi nya iklan nya,4
serba premium kayak resso apk mati,1
aplikasi sempurna kalo udh premium,5
iklan nya in mantap,1
enak pakai,5
aplikasi baguss,5
keren abis,5
mix sesuai mood tau tau aja mna lagu yg cocok,5
tumon,5
malem malem sunyi denger suara iklan kuntilanak su,1
,5
suka aplikasi suka dengar musik enak,5
baguss apknya,5
bagus enak suaranyatapi kali kalo lagu liriknya inggris,4
aplikasi bagus user experience pribadi oke tolong spotify dengerin keluhan pengguna yaa,5
bagus bangetttt,5
bagus iklan,5
spotify offline ga,5
maaf kemanusiaan,1
sekarangg jauhh kerenn dri yg,5
plisssasssss kasih fitur offline pemutaran offline misale udah download diplay kouta bolak muluh plisssasssss rame,5
okey abis,5
kaya babi,5
amaze papa cari,5
aplikasi bagus bayar sih download musik nya makan doang bayar nya ribu nulur kasih rede bintang aja tolong ya aplikasi nya admin nya orang suka degan aplikasi nya bayar download musik ga bagus pegen download ga uang bayar nya tolong perbaiki ya min,4
walk in the summer gue ilang woooyyyy spotify,1
in this economy yg spotify prem ckck,5
bagus lagu keren,5
mantap,5
sound good,5
suka spotify jenuh klw lg perjalanan,5
aplikasi yg bagus menghibur bintang,5
selengkapnya opsio aris budi sulistyo wimbo dunia ngomong indonesia mkosa dipisahkan wa bayar mas iya exp rate this video nulis dikata wa bayar mas kawin gaes jk pkb ya membeli produk hasil mkl bseaop guankop hiasannya ditetapkan klub give you,5
cocok mendengarkan musik,4
mantap kalo premium wkwkwk,5
enak klo gd iklann tpp the best sihh,4
menghibur bangett,5
proper nice,5
kualitas suara bagus klu iklan delete,5
bagus ku gabia maju mundurin ya lagu nya,4
,4
sangatt sukaa,5
jujur spotify bagus kadang kadang pilihin kalok gak premium gak suka aja kasih bintang aja,1
spotify sagat,5
lagu seru nya,5
apknya baguss bangettsuka spotify,5
terbaik,4
suka banget aplikasi spotify semnjak iklan kaya ganggu gitu kalo dengerin musik bayar gak kaya mah bebas dengerin lagu aja gabisa bebas gegara bayar maaff ya kasih bintang karna kecewa denger musik gak bebas bayar dikit dikit iklan terganggu maafff,1
gk tau nulis ap,5
bratuha,5
bagus banget,4
jos,3
bagus suka bangett gak nyesel download perfect dah pokoknya,5
macet macet mulu,1
sahabat galau,5
bagus sya suka rada rada ngeleg bagus banget,5
bagus coyy,5
batasan mendengar music rekomen mendengar music perjalanan,1
kli iklan nya palagi gila suruh beli premium lu gw uang,1
aplikasi yg kyk babi klo premium mlh nbh kgk jls mnding gotube,5
bagus bgt,5
memudah,5
bagus banget lagu favorit,5
karna mendengarkan lagu iklan,5
woi spotifyku diblokir,1
suka musik aplikasi worth it anget coba bang,5
fitur dimiliki spotify menunggu munculnya fitur audio lossless memutar lagu hi res platform sebelah,4
bagus lagu nya lengkap pake kota iklan nya,3
bagus banget sumpah,5
the best apk,5
aplikasi nya bagus nge dengerin musik,4
baguss bangett sumpahhh kadangg ga cari langsung lagu kesukaan muter,5
seru denger lagu main game gratis,5
bagus banget aplikasi nya denger lagu nya bagus,5
gooddddd,5
bagus iklan,4
yaudah,5
sehr entertain,5
benerharus disuruh premiumterus klo premium udh abis dikluarin akunnya kocak bgtmau masuk lgi susah bgt kodenya kga dikirimke email hadeuhhh wkwkwkwkwkwkwkwkwk,1
aplikasi jelek bayar,1
oke,2
bore this application exist i often listen to a lot of music from this application moreover this application have many music playlists that be fun to listen to,5
bintanggg buatt spotify,5
lumayanntapi dengar laguiklan nya sampe berkali kali stop yhnga sigma tau ngga dikit dikit premium mine banget auranya,3
aplikasinya bagus yg free iklannya banget mutar lagunya playlist yg dgn suffle pintar hmmmm,3
seru bermain,5
𝚋𝚊𝚐𝚞𝚜 𝚕𝚊𝚐𝚞𝚗𝚢𝚊,5
nggak banget nih aplikasi nya aman aman aja pas pilih lagu iklan iklannya gak jalan durasinya warna hitam doang gak jls bgt,3
suka bangett,5
disuruh spotify,5
iklan anjim,1
bagus lengkap,5
lagu yg suka,5
suka medengar nyanyi lagu lagu,5
lagu favorit topp,5
anjir lagu gua gabisa play perkara premium habismau gamau bkin akun barupdhl udh cape gua kumpulin playlist anjir anjir parahnya lgi play lagu ttp gabisa,1
iklan play lagu doang lgsg kena iklan play lagu kena iklan huft,3
bagus,5
bagus,5
kurangin bintang nya jelek ngeplay suka mati sndiri pdahal wifi kenceng memory hp lega tetep mati,2
bagus sayang nya gak setel musik nya pas make aplikasi permainan ya,4
iklan mulu gk ngotak bgt msa bru putar lagu udh iklan pdahal gk gini kecewa bgt si,1
𝑠𝑛𝑔𝑡 𝑏𝑔𝑢𝑠 𝑘𝑒𝑟𝑒𝑛 𝑠𝑎𝑛𝑔𝑎𝑡 𝑒𝑛𝑘 𝑑𝑖 𝑑𝑒𝑛𝑔𝑔𝑎,5
aplikasi,5
keren mantap,5
lagu barat yg nggak lyric,3
iklan kalo iklan kurangin auto bintan,1
kikir ga nikmatin bebas,2
bagussaya mendengarkan lagu yg suka,5
bagussssas,5
boikot spotify aplikasi kikir bangsat,3
ngga ambil premium tolong iklan suaranya keras kadang suka kaget habis dengerin lagu suara iklannya kebesaran suara lagunya ngga,2
aktual dinamis mendengar lagu sporry,5
premium,1
kalo free premium,5
bagus banget kejar paket lengkap terkejut,5
ok,5
beli promo pemberitahuan terhubung tolong promo yg ya mudahkanlah pengguna akses gajadi langganan deh hehe,2
bagusss banget aplikasi nyaaa,5
iklan nya,2
premi mlh lemot,1
sesuai ekspektasi,4
cocok dengar music nya lengkap,3
suka aplikasi bagus,5
keren,5
jujur ni aplikasi bagus bang hp nya matiin musik nya nyala pokoknya good job deh spotify,5
apk nya bagus,4
gila iklannya bnyk bgt bgt udh gitu pemutaran gak pilih musik ngerandom,1
kecewa spotify,1
cocok menemani,5
musik audio terbaik,5
apk sngat bagus,5
aplikasisangat bagus kerensemoga sukses kedepannya,5
enak nememin galau,4
bagus sih mah aneh ni aplikasi pant orang pake mod,3
cocok mendengarkan musik,5
gak peduli,1
anj gpp si cuman kesel doang,2
boikot zionis,1
bagus bangett sumpahh,5
gabisa didengerin musiknya,1
spotpy keren banget kikir,3
njay penyuplay perang,1
kasi bintang karna lagu gak putarmainkan rsp yasashiiuta list,4
terimakasih mengerti,5
request lagu premium kalo request iklan gapapa deh premium sih,1
lengkap lagu,5
membantu terhibur terima kasih,5
pas kalo ganti lagu engga premium pelit,1
便利です,5
bagusss,5
aplikasi spotify bagus bngt lagunya bagus bngt pokoknya the best dehh spotify,5
diupdete ngak bug apalikasi tolol mutar musik didenger musik,1
josgandos,5
bagus mendengar musik tolong iklanya y,5
𝑔𝑜𝑜𝑑,5
enak,5
enak banget kl udh spotify,5
erorrr sihh trss ganti ganti lagu lagu udah sampan ilang sinyal baguss,1
aplikasi gak aneh premium musikan,1
top sih klo galau pke,5
priminium,1
tambahkan fitur lirik onscreen kluar aplikasi resso,5
why do family package price keep go up,5
i love spotify sumpah bagus banget kalo ku sih gaada kekurangan ya kecuali iklan ditengah musik hbs musik iklan tp okelah ofc premium kann but i like lov uu spotifyy,5
bagus,5
seru tp seru kl premium kynya,5
bagus banget lagunya lengkap,5
ga mngunakn apliksi ajing iklan trus,1
setel lagu galau,5
bagus banget mb ny,5
aplikasi nya bagus dipakai beraktivitas lagunya banget,5
berinteraksi sederhana menggembirakan suasana,5
musik cari sesuai kadang suka ngacak kalo musik udah selesai,5
x nyoba ny hidup jd ber warna,5
mantap galau enk,5
keren banget lagu seru,4
mantulll pertahankan yaa,5
menurutku free iklannya tolong kasih perbatasan nya,3
aplikasi gajelas daftar stick load mulu pake akun google nga masuk pake no wa masuk nya,1
bagus mbanget,5
buagusss gak premium aja enak premium enak,5
lumayan,4
pilihan yahood dengerin musik,5
aplikasi cocok mengurangi stress,5
aplikasi sportify bagus perhatikan iklan,5
mantappp,5
bagus dengerin musik sed malam sunyi,5
apk nya bagus dengerin lagu gratis tolong lahh hilangin iklan gw kasih bintang aja semoga spotify nya nggak iklan samsek,3
mantap hidup jd lbh bermakna,5
lagu spotify banget bagus bagus sukaaaaaaaaaaaaaa,5
bagus kbnyakan iklan,5
acara podcast nya bagus,5
bagus menyentuh hati dgn lagu kenangannya,5
bug gabisa play lagu,1
suka sportify music,5
ok apk,5
bagus,5
asik dengerin musik suka,5
pokoknya spotifyok bnget sukses owner nya,5
iklan,5
,1
,4
baguss lagii pilihannya,5
aplikasi asik asik sajah sketika muncul ketidak nyamanan layanan memutuskan,5
terbaik,5
lagu nya suara nya bagusss,5
premium,1
good job,5
bagus banget banget lagu suka,5
mantap lagu band rock bali ditambah biar lengkap,5
bagus,5
menurutku oke minus nya iklan batas pemutaran lagu pengguna free iklan kebanyakan batas pemutaran lagu nya dikit suka lagu disana tolong batas nya banyakin dikit minimal lagu pengguna free udah oke sih pengguna free,3
𝙖𝙥𝙡𝙞𝙠𝙖𝙨𝙞 𝙣𝙮𝙖𝙖 𝙨𝙖𝙣𝙜𝙩𝙩𝙩 𝙗𝙜𝙪𝙨𝙨𝙨 𝙖𝙠𝙪𝙪 𝙨𝙪𝙠𝙖𝙖𝙖𝙖,5
foto profilnya suka burem,3
aplikasi musik kikir pelitnya ngelebihin firaun,3
bagus ngelag,4
kali muncul samsung sportify sdh keren,5
aplikasi barbar karna memiliki musik karokeislamphonkdll bikin main game free fire roblox mobile legends,5
lagu nya bagus bagus mantap pokonya,5
woow,5
saran album pop dangdut yg lainya putar jgn bercampur kalu album dangdut ya dangdut jgn pop atu rock,5
asik dengerin laguu,5
emang ok bgt sih,5
aplikasi bosok mosok kudu premium,1
mudah diakses,5
iklan nya x x sampe x udah gtu free batesin milih lagu batesin ngelewatin lagu dengerin pake kouta sok jual developer pindah aplikasi tau deh,1
tuh sebenernya suka appnya tp dont be greedy okay,3
spotify apaapa premium nyetel lagu pencarian playlist aja bayar nggak kalo nyetel random,1
reset ulang,5
dll i,5
good,5
bagus banget kalok putar lagu galau,4
puassssss,5
aplikasi memudahkanku belajar bahasa arti music terkesan aplikasi menemaniku ya jarang langganan hehehe jujur berwarna platform terimakasih platform hehe,5
layar hitam anehhh,3
senang,4
surya utomo,5
bagus buaanget,5
opsional,5
senang mendengar nya,5
spotify ribet kalo denger lagu sepuas nya premium kalo gak premium batesin kalo denger lagu lamalama spotify ribet peraturan bikin kesel,1
murah banget deh skrng mahall bngett siii premium tapii ilove spotify,5
spotify bagus cuman tolong iklannya dikurangi cuman iklan udah iklan gimana ceritanya minimal lagu muncul iklan lagu muncul iklan iklannya kali tolong ya spotify kenyamanan pengguna free mohon banget nih biar iklannya dikurangi dikit mengganggu kenyamanan,3
bagus mendengarkan musik,5
milih lagu mlh dijadikan premium aj dijadikan premium,1
knp yah pake headset berhenti berhenti sampe dinyalain manual,1
aplikasi berat ga puter lagu karna mutermuter sinyal lancar,1
kerennn good,5
bagus nantap jaya,5
bgs aj,5
blablabal,1
lagu top bgt,5
nih apk enak bet relax,5
bintang gabung,3
premium kalo udah,1
lagu iklannya gile aja lo iklannya yg gebrak meja bikin kaget klo pake headset tolonglah ilangin aja tuh iklan yg gebrak meja,4
lagu enak lagu galau,5
best aplikasi,5
pake aplikasi mendengar belajar santai aplikasi bagus santaisantai premium download lagu kalo pengguna free diperbolehkan download lagu apapun internet aplikasi berguna pengguna free,4
bagus si hp gw lirik nya ngbag gk lihat hilang mulu,1
sportify mantap serasa bertualang,5
lovv u spotify,5
aneh banget gak download sih,1
yaampunn apaapa emg premium yaa iklan spotifiy nggak update putar lagu doang iklannya kali hmm bikin mlzzz pw bgt make spotifiy nggak premium,1
gak diputar lagu hasil remixing berjam jam setinggnya sinyal apk murahan,2
bagus cocok didengarkan bersantai perjalanan,5
good goodd,5
nice but the sound lack bass,5
mantap musik nya keren,5
bagus,5
kreen,5
aplikasi bagus terimakasih aplikasi,5
bagus bngtt lgu lgu nyh,5
spotify bagus matiin hpnya lagu nya nyala,5
app yg,5
mantap aplikasi mendengarkan musik iklan,5
baguss,5
lagunya bagus,5
dikit premium tailahh ya minimal iklan nya ckup udh thn pke spotify mkin update mkin rusakkk gnti aja batesin sehari coba iklannya musik gratis udh bnyk yg download ky gini lgsg ku uninstall ya kalo udah iklan bejibun gabisa urutin lagunya minimal milih lagu kocakk,1
okee banget,5
bagus baget terimakasih menciptakan aplikasi iklan dikit udah degerin lagu berterimakasih spotify no,5
ga hour,5
spotify gak menyenangkan ya banget promosi promosi spotify premium enak enak denger lagu disukai eh lagu tulisan dengar lagu disukai unduh spotify premium masuk udah dikasih kejutan ayo unduh spotify premium masuk playlist promosi spotify premium tolong diperbaiki ya kasih promosi,2
aplikasi nya menarik suka lagu nya rekomen dasi suka dengerin lagu galau segitu saran sekian terimakasih,5
enak bersihin rumah,5
kebanyakan iklan gratis bayar biar iklanya hilang,1
ribet ah gk muter lagu suruh berbayar iklan sedih sih kecewa yg nya putar online berbayar,1
aplikasi iklan dgn lagu mah iklan sumpah mohon dikurangi dlu iklan nya udah hafal sya dengernya nyanyi gaje yg curhat dll udah kalo mbales g nyaranin beli paket paket premium kgk duit gw anj,1
alusss mantapp,5
,5
musik nya bagus monolog,5
spotify bagusaku suka nyanyi aja nyanyi,5
ya bagus karna pikiran mendengar menghibur,3
parah banget premium gak denger lagu suka,1
kalo sad nyalain musik aja,5
musik nya lengkap nostalgia tranding sekarangdan gangguan sekalimantap spotify kinerja nya bagus mantap,5
no iklan min,5
aplikasi nya bagus keren,5
asyiiik,5
bayar pilih lagu parah banget,1
top markotop kereeen abis dakh spotify music,5
applikasi music no,5
tolonglah spotifyjangan play musik playlistsemua orang suka lagu tibatiba keputar playlistrisih banget asli lagu playlist campur lagu playlist,4
pokoknya mantaplah,5
aplikasinya bagus gk kayak youtube musik aplikasi ganti lagu aja terbatas kyk bego aja aplikasinya udah make internet masi aja terbatas korup ya,1
,5
pro zionis,1
bagus tolong developer iklannya kurangin,4
lagu enak knp premium,4
bagus aja,5
,1
ok,5
pengalaman bermusik menyanyi bgs dengarkan dimna,5
manfaat hiburan,5
top,1
bagus jernih lengkap lagu,5
apk haram,1
josjisbisa nostalgia memutar lagu jadul,5
bagus sayang harga pengangguran cm harga pelajar,5
bagus bangey,5
,5
tampilan aplikasi keren performa nya bagus,5
top banget dahcocok santai ngilangin stres lelah nya pekerjaan,5
cakep pisan pokonya mh recomemded,5
asekk,5
udah gabisa bayar premium student pulsa tolong adain beli spotify premium pakai pulsa,4
nice i like pertahankan ya,4
musik lumayan enak,2
where to week k premium,3
menikmati musik dimana henti menyenangkan teman bepergian,5
asyiiik dengerin lagu jaman jd penyiarthn sd,5
baguscari lagu mudah pokoknya sukses spotify jeda iklan,5
iklan,3
lagunya enak enak,5
gitu penanganannya cepat gitu senang puas pelayanannya,5
aplikasi bagus mengulang lagu menerus saran ku sih tambahin fitur aja yg laen udh bagus,5
goodbailkperfect,5
tolong murah premium nya wkwk,5
seru,3
apk nya,4
menyediakan lagu,5
musik steal musik menenangkan hati menyenangkan hati pokonya spotify terbaik mendengar lagu favorit,5
minimal hapus vitur premiumnya,1
iklan klau bsa hilangkan sja krna putar musik iklan muncul lagu habis,3
yaaaa,5
berlangganan tepi uang e ditransfer,1
sampah ribet banget premium,1
milih lagu premium,1
menarik,5
niceeeee,5
si bagus klo gk premium iklannya gk enak dengerin iklan lagu dilengkapin ya ya mimin update lahaku kasih ya,4
bagus minus nya iklan kebanyakan,5
nyari lagu naif buta hati gaada,1
b aj,3
bagus si suaranya bersih,5
laguu nyo bagus galo download lhh,5
aplikasi indah,5
mantaaaaaapsayangnya kalo ngga langganan iklannya iklannyajadi kalo bareng kumpul teman enak dengerin lagu iklannyahehehehe,4
bagus banget kalo galau beh,5
skarang makim aja iklan nya play music langsung iklan iklan nya dududududuhhhh jdi malessinn,2
anjay,5
,5
engkau bermurah hati developer versi gratisan iklannya udah fiturnya udah gak kaya versi semoga fitur verai gratisan,5
apk inii bwaguss bangettt pass suka mendengarkan musik,5
neevia sanduhu,1
bagussssscmn mine nya iklan,5
stupid payment method be unable to pay with my card dana and gopay hire more professional people to fix this,1
spotify suaranya,2
keren,4
sukaaaa,5
harap sukses,4
aplikasi seru mendengar lagu,5
app nya bagus sukaa,5
bikin mood,5
seru banget lagu yg enak,5
twmbah lagu yoman nya iklannya,5
bagus lagu favorit,5
sngt memuaskan,5
mudah,5
sgt membantu sdg santai,5
si anjg nih aplikasi bug gua gak hapus akun spotify gua eh pemberitahuan akun google gua gak tertaut akun spotify gua jelasjelas akun google gua udah tertaut,1
bagus lagu lagu nya,5
lengkap aja liriknya the lyric be incomplete,3
nyaman dengarkan mengubah mood,5
pliss kasih offline biar kalo gak data dengerin lagu favorit plissssssss,5
lirik yg gak premium dann emgg lagu tuh no lirik senang pake lirik tuhh gak nyaman gak liriknya gak tau kl premium engga,2
appl bagus pilih lagu terfavorit nya,5
bagus,4
apk musik gak didengerin,1
iklan gak so far good,5
ojik,4
gk jlk,4
lagu nya bagus bagus,5
bgus bangertttt lagu nya sesuaiii lirik,5
kumplit,5
enak,1
rekomendasiin sekalii yaahh yg gamau lg seru serunya dengerin lagu iklan saranin prem yhh hehehek luvyu,5
bagus yg spotify tolong kalo putar maju mundur,5
gimana sih dengerin lagu ditengah berhenti gajelas banget,2
apk nya bagus kurangi iklan nya ya,4
nyaman,5
baguss sekalii sya suka,5
mantap,1
bagus bgt pokoknya,5
asikkkk,5
lg afgn dkt,4
bagus kesini iklan nya banyangin asik dengar lagu tibatiba iklan iklan nya nggak skip spotify kayak maksa premium,4
memutar lagu remix dibanned adakah alasan,1
gacor,5
semangat,5
thats good,5
bagusss bgt apk nya seru bgt kalo denger musik baca buku,5
udah bnyk berubah,4
aplikasi nya bagus sih mayan lahh iklan not bad,5
keren pilihan lagu keren,4
iklan yg mengganggu,1
gajelaskocak iklan muluu,1
bagus n gampang,5
kk mm ok mm j,5
good,4
ku bintang lagu marshmellow alone cuyyy,5
apk bagus,5
emang wajib banget mode premium kaya maksa banget premium,3
aplikasi enak tidur kalo malam,5
masukan teke,5
mantap coba aja ndiri,5
baguss,5
aplikasi mantap,5
lagu cari,5
aplikasinya baguss playlist playlist nya bagus free tp tetep denger lagu yg,5
kebanyakan iklan mengganggu,1
mendengar musik aplikasi efisiensi ribetthanks sportyf y,5
sukaakkk,5
bertmbah bnyak iklannyaaaa,1
memutar musik offline,4
aplikasi wajib bintang,5
bagusga iklan pilihan lagu,5
lagunya bikin hati adem,5
modenya menyusahkan,5
bagus enak dengarkan,5
keren cuman iklan,4
lancar,5
bgus suarax,5
enjoy to play spotify keren abiszzz,5
keren keren musiknya,5
an dah gua berlangganan diperpanjang habis berlangganan nya aneh banget,1
bagus banget aplikasi lagu komplit banget gue suka banget,5
mencintaimu,5
iklan woy pikirin denger lagu langsung iklan apk lawak bayak tuh komplain terkait iklan sampah,1
lumayan memuaskan,1
kapitalis final boss perusahaan bayar iklan spotify pengguna ilangin iklan bayar spotify jujur kecewa gw milih download lagu google ngoleksi nya apk musik bye bye iklan seabrek ngga ngga lirik bikin,1
aplikasi bagus,5
no coment pokoknya bagussss,5
good,3
iklan skali muncul iklan munculin iklannya ngagetingila gw lg tidur mlm pake sound yg nenangin otak langsung kbangun krna kaget suara iklan gak tidur lg gak nyaman sumpah iklan kalo emg aplikasi nya berbayar ya bilang aja gk sok dibikin gratis yg endingnya cm ngeganggu,3
aplikasi bagus denger,5
apk nya bgus,5
kyak tai,1
update busuk,1
menghibur perjalanan,5
good,4
naha nu aing mah hese asup,5
jgn premium,4
gk akun anjir aneh,1
mantap teruslah berkembang,5
bagus tingkatkan trs produkmu,3
masuk nya,1
spotify berwujud manusia nikahi,5
apk dengerin lagu gajelas aneh buka album keputer nyasar lagu bayar,1
udah dibilang gak suka iklan podcast horror aja kasih,2
mantp polll,5
suka dengar musik genre akustik popdangdut gaskeunnnnnn,5
enak pakenya,5
bagus sih bagus apk nyajenis musik nya musik negaratapi kedepannya semoga pemutaran musik berjan dilatar belakangwidget hp dioptimalkan udah aja sih,4
kerja bagus,5
asikkkkkk,5
please let us have personal settings to change lyric background sometimes i get this bright lyric background and its hurt my eye,4
apk tolol suruh bayar denger music pea kali stress ketauan bner nyari duit nya parah nyesel download gua sumpah,1
iklandi batasin besok,1
mempermudah pengguna ngelist mudah,5
lumayan bagus ya,4
kasi,4
harian aplikasinya error layar hitam seakan menunggu koneksi internet cek via wifi data selular hasilnya install ulang normal ngebug,1
nicee apk,5
pertahankan bagus banyakin lagu minang ya,5
enak didengar lagunya asli,5
denger lagu,5
the best,5
suka banget spotify lagu fav ku ad disitu,5
mantap temani perjalanan rileks,5
mantap trimakasih,5
bagus kali spotyfy wajib download,5
nih bru udah kesambung internet gk mutar lagu,1
bagus good,5
eakk,5
mencoba,3
tambahin fitur favorit aplikasi kurangi iklannya makasih,5
please why be all my playlists go please explain,5
sefer banget bener ya orang,4
varian musik,4
terimakasih aplikasi,5
lagu lengkap bagus gratis,5
suka lagu lagu sajikan,5
musiknya jernih iklan kurangkan iklannya haruss premium,4
deh pkok ny bagussss bgtttt dehhhhh,5
suka banget ngedengerin hindia and feast,5
jembot mo,1
ok mantep,5
ga tau ga digunain ga masuk tombol ga fungsi crash mbuh,1
bagus banget cocok klo lagu galau heppy,5
hilma,5
y bagus jgn pelit pelit spotify,4
bayar,1
buruk memilih lagu sesuka hati,1
bagus ngeleg sma bnyk iklan,4
apk aneh bug nyusahin orang aja,1
perpustakaan musik lengkap,5
warna,5
suka spotify aplikasi membantu melampiaskan setres,5
لكن هذا هو باي,1
najis cok iklannya banget keganggu berharap hilangkan iklannya,1
aplikasi bagus mendengarkan musik,5
andin,5
asyiiiik,5
bagus iklan badan udah bayar,4
udah rame premium udah bener gratis aja,2
halo guyss,1
alhamdulillah,5
paket bulanan goceng cok kalah bea cukai wkwkwkkwkw,3
menemani dlm perjalanan dlm berkendara,5
lagunya enak banget,5
kereeeennn bngttt adaa laguuu justin bieber,5
bagus banget nge sad main game tolong ya spotify premium nya gratisin,5
tidur suka mendengarkan musik,5
mantulll,5
makasih ya udah nyediain lagu tidur,5
bgss bngget ak sukaa,5
music,1
sayah seotify seru lagunya eank eank pokonyamah sepotify debes sayah cocok mengdengarkan sepotify kehabisan suota sayah mendengarkan music sepotify,5
oke dah,5
apk nya bagus mohon iklannya dikurangi mengganggu,5
senang mutar spotify,5
aplikasi sampah update edit playlist suka patah mulu kocak kembalikan fitur edit playlist woy update suka patah,1
suka lagunya enak dengar,5
pengalaman menyenangkan mendengar lagu spotify,5
terbaik daftar musik batas,5
pas main geme ml sambung pakai spotify spotify nya ga tersambung,2
suka banget aplikasi iniapalagi santai dengerin lagu nikmat banget,5
mudah aplikasi,5
terafiliasi israhell hoek cuih,1
pemutar lagunya jelek lagunya,1
iklan nya malas,1
kerensangat bagus,5
terimakasih suka aplikasi,5
woi dikit dikit prem dikit dikit prem bosen gw klo dikitdikit prem,1
bagus aplikasinya bikin happy,5
apk bagus stel kpn,1
bagus siiiiiii suara iklannya music nyaaaaaaaaaaaa,5
mendengar lagu jenis genre musik mengulas aplikasi bagus menghibur rasakan keseruan aplikasi,5
ok,4
equalizernya maximal kejernihannya penyesuaikan pengaturan volume rendah band aplikasi laennya pilihan lagu lumayan ok terimakasih,3
halo nanya beli premium spotify cuman minggu kemarin berniat beli promo bulanyang individual menabung harganya berubah penawaranya,3
menikmati pindah indonesia sy mendengar lagu,4
uninstall dikirimi email,1
kebanyakan iklan blokk,1
kereeen,5
ga ngoyak iklannya banget lagu,1
bagus online offline,4
aja kalo bagus w tambahin bintang nya,3
,1
aja,1
kerennnnnn,5
bagus bagus aja,5
bagus iklannya kadang kadang,4
bagus,5
keren,5
iklannya lagunya enak didengar gk ngelek pas main game,5
mantap n bagus melepas lelah,5
yeah kayak aja si tpi iklannya mikir kid lagu iklannya banget iklannya playlist sebagua yg setel iklannya iya dah iya gua beli premiumnya anjr,2
gua kecewa ama ni apk,1
suka spotify mendengar lagu,5
iklannya gak ngotak,1
jir milih lagu doang pake premium,1
suka aplikasinya musiknya beragam cocok banget suka dengerin lagu,5
puas pakai apk,5
gpllek,1
sangar suka lagu spotify terimakash,3
seru dipake,5
bintang kalo preminum harian,4
kebangetannnn lagu dah iklan,1
hai maaf kasih bintang karna ksini pusing skrng spotify gmnatrus playlist smpe lagu yg denger trs skrng hilang cmn lagu yg ga putartolong balikin spotify kaya lagii plisss mohon,3
memutar musik muncul info menonton video gratis menit videonya gak muncul muncul force stop pilih lagu muncul info video gak force stop,3
,5
ga bokep nya,1
aplikasi bagus nya kasih bintang,4
bagus bgt,5
bgus main game,4
thank spotify menemani tugas tolong iklannya kuranginnnnnnn berlangganan biar ga iklan pelajar ga duit y tolonggg bintang ah,4
sngattt bagusss besttt,5
tolong ya knp batasin lagunya dengerin lagu yg gak mautolong batasinsaya denger gk batasan,1
keren lagu,5
spotify dengerin lagu yg suka hambatan apapuncobalah nya,5
bgus sih tpi mohon yak mohon gw gaada liriknya,5
lagu nya enak enak main game dengerin belajar jg pokonya enak dehburuan download spotify,5
knp hrs pindah premium kasihan dongg g puny uang gbisa ndengerin musikk,1
aplikasi nya bagusngak iklan dalamnya,5
lagunya asik asik ges,5
lagu nya enak banget lagu lupa download spotify gak bayar,5
l nl google,5
bagus kurangnya ga lirik lagu,4
musik santai,4
tolonglah developer yg terhormat user non premium jgn batasi lagu pilihan dengerin iklan ga gw batasi lagu pilihan gw dengarin musik spotify hitung bantu barcelona beli pemain,2
bagus,3
ha bagus,5
gajelas suka iklan iklan nya gajalan,1
keren online,5
lagu nya bagus menyenangkan,5
sisok,1
apk keren,5
apk ny bagus,5
mantaaaaf,5
bagus,5
aplikasinya bagus g ad kendalaa,5
aplikasi gak bagus iklannya kalo nyetel lagu sesuai premium gk kayak,1
bagus banget suka,5
apk gk login aj susah dahlah by spotify,1
tolofng developer gimana nyalain lagu premium sih premium in sampe temen kecewa pake spotify langsing uninstaltolong min cari ketenangan dengerin lagu spotify gratis,1
suka bgt pake spotify pokonya bintang cus um,5
bagus men,5
aplikasi ilklanyaaaa putar lagu kali iklanya nyampe kali kebanyakan iklan ga bag anyingggggggggggggggg,1
spotify bagus iklan nya,5
baikbnyak iklan,5
bagus aplikasi nya mengisi gabut,5
apk konglomerat bayar denger lagu aja,1
lagunya enak enak,5
gak nonton video seru nonton donghua pakai musik india,2
bagus bangettapi udh dikeluarin apk nya lagunya ttp gaada diaku gimana sihaku kasi bintang kenapakarena hrs yg berbayar gasuka plz yaudah semoga diperbaharui diperbaiki y,4
akun gratis mahasiswa uin suka,5
durasi iklan nya,3
bacot,1
kerenlah,5
baguss gabisa lgi sma apk,5
seru menyukai,5
app bagusss,5
lumayan bgus,4
cocok olahraga nya mendengarkan youtube kalo spotify matikan keluarkan aplikasi nya pokok mantap suka jog gym olahraga dll,5
pencarian diputar iklannya kaga ilang ditunggu jam,1
rada ngeleg hese muka lagu,4
plisss spotify lagunya kalo gratis jgn batas dongggg akuuu baruuu ajaaaa bukaaaa laguuu udaaaa gk bisaaaa puterrr yg lagiiii,3
keren pokoknya sportify,5
bgus tpi iklan keseringan,4
mohon jngn iklan klo lg play,4
menghiburaku suka banget,5
bagus krn membantu menghibur,4
joss top bgt,5
aplikasi bagus bosan mendengar lagu kembangkan aplikasi semangat,5
bagus gak nyesel kalo instal,4
bagus banget sih aja,5
makasii udah nemenin butterfly era kuu lagu muu,5
worted mendengarkan sporty mengesankan,5
penambahan pembaharuan normal praktis,5
mantap,5
dengerin podcast penghantar tidur auto play ga jalan eps kelar ga langsung eps load doang buka ganti manual cacat,3
memuaskan,5
gini gd iklan jdi gw donlot lgi,5
after this update i cant use search feature load and then something go wrong try again youtube be fine my wifi also but this app my device be samsung as,2
bagus bet,5
yobaa,5
cocok mendengar lagu,5
kebanyakan iklan,1
kikir parah,3
mantullll,5
bagus banget sih enk,5
wis enakan,1
mantap boss,5
sih mendengarkan lagu putar acak tolong diperbaiki,2
iklan,4
dengar lagu buka aplikasi game lagu nya lengkap,5
bag,3
jelek,5
iklan iklan muncul sampek gini gratisan males pake apk,3
kebanyakan iklan babi,1
,2
anjg lagu iklan otak lu anjirr,2
bermanfaat referensi trimakasih loh spotify,5
iklan sok asik,1
musik keren,5
apk yg bagus memuaskan,5
spotify maksa beli premium batas pilih lagu yg lewati lagu batasan nya suka yg sih peras kalo bintang nol gue kasih udh hilang gitu nyaman nya,1
harapkan,1
gi inih masuk spotify lasung,2
gacor apik,5
bagus lagunya,5
udah beres mantap tks,5
suka bgt cocok yg suka denger lagu,5
ga sih iklannya kurangin sampe kali ga mood,4
i have no enemies mu susah mencari lagu instrumen semoga apk berlanjut tua donload gratis maaf mauku,5
mantab makan atab,5
aplikasi nya bagus dengerin lagu favorit ku,5
enak lagu nya,5
kasih bintang iklan lagu udah iklan mohon kurangin durasi iklan nya detik kek mah smpe detik langsung iklan,4
aplikasi bagus fitur mencari musik yg lengkap suka mendengarkan musik welcome and goodbye memory reboot interlingked i love you so night change lainya yg liriknya menghilang menampilkan lirik tolong perbaiki diperbaiki aplikasi menarik pastinya bagus,4
bagus banget dengerin lagutapi iklan nya muncul mulugapapa sih enak dengerin lagu,5
iklan nya tolong iklan nya aja gitu muter lagu iklan nya emang gak pakai yg premium ya harga yg gak beli,1
aplikasi mantap saran adain mode offline,5
ok suka,5
bagus baget gak bkin memo full,5
gw tidur dengar lagu,5
paksa kasih bintang,5
aplikasi seru karna suka memutar lagu ayo kembangkan spotify,5
sportify emang komplit lagunyajadi nostalgia music remajawaktu indahnya,4
lumayan sesuai fungsinya kadang iklan,5
donwload lagu,2
bagus sih pakai premium,3
sayaa sangatt suka mendengar lagu spotify,5
its okey aplikasinya good developer,5
keren,3
dilan,5
tolong iklan kurangin,1
gak daftar cuihhh,1
bagus,5
,5
lagu alaram,5
dengerin lagumusik irama sholawat,5
hilangkan iklan bang bikin ganggu aja,4
bagus apk nya kekurangan nya iklan penggunaa gratis free,5
tolong perbaikin aplikasi spotify nya benci yg nama nya iklan lu buka lagu klo iklan nya gk bayar bayar cok ngabis kuota cuman karna bnyk iklan,3
okkkkk,5
iklan mulu ih,1
suka lagunya komplit,5
pengguna gratis pas mencet lagu pilih ganti kali kayak gitu bikin kesel kebanyakan premium iklan gapapa sih kalo tolong iklan nya dikurangi pengguna nyaman,4
iklan pas putar lagu lagu iklan ngelunjak terbatas direkomendasikan,1
,4
tenang lagunya terimakasih menghibur,5
hama premium sono mendingan yt music tolol,1
bagud,4
weirdo memainkan lagu sesuai urutan premium weirdo dont you see in other apps that play songs in order be free and thats already a common thing for music apps menjelekkan tolong kedepannya premium menikmati musik senang hati p,4
admin tolong ganti playlist sematkan playlist playlist,5
banget premium putar lagu skip lagu premium kalo gini mend uninstal nggak pakai spotify kalo premium keuangan menipis ekonomi sulit mikir bos,1
kalo free iklan masuk tpi milih lagu aja dibatesin mend uninstall ajalah ngapain dengerin lagu random,1
banget lagunyaa sukaa,5
bagus bet jir,5
terima kasih,5
berlangganan mahal tpi duitnya musisimending yt music,1
bagus banget jirrrrrr,5
spotify sgt bgus,5
this application be very excite you can sing while dance the pokonya be very crowd you can also review it from me just bye bye bye,5
suka banget ungkerr,5
lagu nya lengkap enak versi remix suka,5
baguss min,5
nice,4
siiiif keren,5
baguss,5
tolonggg spotify all sihh udh keren baguss yaa tapii capsule ny tolong update perhari e perbulan,5
sennang medendengarka oagu spotify,5
suka lagu sad,5
cocok suka mendengarkan musik,4
suka,5
lup lup spotify,5
,5
dikitdikit premium ngedengerin musik aja batasin udh mah lirik lagunya ngga mah udah kelewatan batas aja sih udh kikir banget mentangmentang apk nya udh terkenal banget tpi,1
bikin mood bagus,4
istimewa,5
bagus iklan nyaa kalok pengen ngga iklan beli prem,5
aplikasi bagusseru mendengarkan lagu,5
bagus cuy apk nya kasih bintang,5
seru si menuhi penyimpanan ku,4
pertamakali dowload spotify jujur terhibur semoga lancar,5
gila si ni aplikasi ngapain aja dengerin lagu cokk download sii,5
apk nya bagus,5
ujung ujungnya duit,1
aplikasi rekomendasikan,5
v video v eko b o l,5
penilaian jujur aplikasi spotify music podcast bagus tingkatkan update fitur aplikasinya terimakasih,5
bagus,5
menyukai aplikasi belajarmenulis mendengar lagu kasih bintang fitur berdurasi jam bermenitan membutuhkan lagu berdurasi jam bolak mutar ulang lagu didengarkan sekian terima kasih edit disediakan terima kasih minggu,5
kerja bagus musuh,5
waaaaaateman setia emang cuman lagu songs make me feel alive again,5
aplikasi bguss buka lagu yg langsung top,5
puas,5
kikir,5
asikkk,5
baguss bingiitsss plisccc,5
mantap aja deh pokoknya,5
install apk spotify nya mohon pertolongan nya,2
menikmati mendengarkan musik favorit,5
pecinta permusican apk favorittt bgt sayang always kejeda iklan teruss but be okei la krna ga mke prem si ehehe,4
eek,1
pelit,2
kikir banget ni apk,3
dengerin musik mlh suruh premium jd mls bgt,2
butuh spotify pengetahuan musik tolong royalti terbaik pencipta musisi spotify,5
spotify gak iklann apk sngattt baguss sayaa sngattt sukaaaa,5
woii milih lagu aja premium njirrr kikir kek moonton,1
dikitdikit premium dikitdikit premium,1
bagus dengerin lagu yg maumantap spotify,5
buruk jelek gak dongo,1
udahh debesttt,5
lu mayan bagus,5
aplikasinya bagus suka aplikasi,5
bagus sih kalo mutar lagu iklan premium premium muku kocak bet dah,3
suka baget karna milih lagu sukai,5
serakah premium,1
sangatttt bagusssaya puasss inii,5
iklan pemilihan lagu batasi,5
langganan premium tp tdk tersedia pembayaran dana tf dr bank jg karna fitur lengkap kesal krn iklan iklan jg durasinya kepanjangan udah gitu yg iklanin gk yg spotify ngiklanin spotify aneh bgt,3
kasih bintang karna kalo udah iklan lagu suka putar disuruh premium sekian terimakasih pembolehan ulasan,1
nih aplikasi nge lag ya gabisa dibuka pas dibuka ga musicnya hitam aja udah update jaringannya aman aman aja,1
,5
jujur aplikasi nya bagus ca pas putar lagu outmedia gak gelombang musik tolong tambahkan pas dengerin musik,5
pas mati musik nyala kalo bingung cari lagu rekomendasi nya,5
sesuai,1
good music app,5
good ga premium kasih batasan mendengarkan lagu,5
iklan kali iklan musik favorit ku,1
yalumayan,4
butuh lagu,5
mayan,5
ga permasalahkan iklan permasalahkan batasan lagu harinya lembur dengar musik kalo dibatas enak,1
pelit bgt gila,2
suka bgt sm spotify,5
membantu mendengarkan lagu lagu kesukaan thankss,5
saran gw jangann iklan dengerin lagu suguhin iklan bener aja udah gitu iklan nya basi mulu batas nyetel lagu nya tuh doang abis gak dengerin lagu,1
gw kasih bintang nya maksa banget beli yg premium klo gk premium udh gw kasih bintang,1
bagus bgt aplikasi nya lagunya gratis nyetel laguuu yg sukaa,5
bug nambah playlist muter sinyal bagus,1
kerennyaaaaaaaaaaaa,5
keren banget,5
enak dengarkan lagu,5
lagunyaa sampe organ,5
aplikasi kebanyakan iklannaplikasi taii,1
sayangnya dibayar,5
lagunya bagus,5
tolong kurangin iklannya iya premium dlu,3
lagunya lengkap bgt kekurangan premium,5
aplikasi keren,4
iklan durasi iklan nya durasi lagu,1
aneh beli premium load nya bener udah coba berkalikali aja,1
fa,3
pretty,5
dengerin lagu pilihan non stop,5
terimakasih berkat aplikasi melampiaskan sedih lagu,5
lagu yg bikin enak,5
wholesome,5
suka bnyk pilihan ny,5
memuaskan premium,5
memutar lagu premium nyaman sungguh kikir,1
mantabbbb,5
,5
apk nya bagusss pitur premium nya murah,5
baguss bangett omg suka deh,5
mendengarkan musik sepuasny,5
spotify musiknya beragam musik iseng bagus iklannya bayak kadang kaget mendengar musik paham pengguna membeli premium penghasilan berkurang,4
seru si gila banget coba trus enak lagunya pas enak dengerin musik iklan tolong ya iklannya lagunya enak deh,5
tambahkan mode offline,5
baguss banayan laguu suka tapii memudar lagu iklan akh kalo make spotify,4
bagus ditambah fitur premium pokoknya debes,5
memudahkan,4
bagus banget lagunya,5
bagus minus iklan aja,5
apk kikir,1
tolong saran dihilangkan iklan nya,5
uang yg otomatis potong gabisa refund jelekkkk bangeettt,1
best apk musik dll,5
muter lagu dipengen limit nya kikir bgt,1
mantaaaaaab,5
habis diupdate iklannya ngebug load gamau muncul bener ngeselin tolong diperbaiki,1
best,5
bagus spotify tolong vidio music nya putar offline download menikmati vidio music spotify pelanggan premium,5
gratis ngapa dadak ana premium karo iklane ramikir,2
nbaguss,5
iklan ga bsa puter gw gabisa search lagu gara stick iklan yg gamau muter,1
suka spotify,5
aneh dapet gangguan udah premium nge bug sinyal hp,1
lagunya bagus lengkap iklan nya ajabuat mals nunggu,5
sporty mahal banget ya gue dengerin lagu dihitung jari maksa banget contohnya kemarinkemarin gontaganti lagu bayar gitu ganti lagu aja dibatasi kali sehari,3
i love spotify easy to use,5
hapuskan premiumkebelet haji gimane lo,1
enak gitu loh tidur dengerin lagu bagus iklanna dikit ok gitu aja ya,5
suka bangett but kurangin iklan nya,4
main algoritma jual data pengguna perusahaan iklan pelajari kebiasaan pengguna shame on you spotify membiayai fasilitas perang kecewa,1
baikand bagus dengerin,5
lumayan denger musik iklan,5
pake wifi layarnya item bagus sih,5
bagus adakan iklan,5
good aplikasi me fav you apk,5
ap disuruh premium,3
aplikasi membantu banget pelajar senang kalo mendengar lagu spotify,5
fav banget si apk musik,5
apk bagus bet njirrr musik nya fulll,5
jujur lagu,5
sybau kikir,1
iklannya ngeselin menit over,1
soulmate,5
suka apk karna beraktivitas manyetel lagu kesukaan ku kalo kalinya gk ad iklannya berlanggananpokoknya apk wajib kalinya download,5
kikir anjig,1
bagus musiknya dengar,5
manteppp bangettt spotify,5
menyenangkan mengisi luang,5
suka denger lagu galau,5
aplikasi dengerin musik aja iklan ga jalan udh jam tulisan iklan tpi suara engga jelek d perbaikin lgi dah gua doang ga tau dah intinya perbaikin aplikasi lu biar bener,1
musik aplikas spositf asik,5
perbaiki mode free nya lagunya terputar iklannya iklan jedanya minimal lagu kek kesannya kaya maksa banget premium mutar lagu bayar,1
noanana noman,5
enak banget gabut,5
enak nyamam,5
bagus keren kece bebas putar lagu intinya no,5
bagus suka memakai spotify sehari,5
baguss nyaman banget favorit sukakk bangett,5
buagusssssss bgt,5
gimana si premium lagunya uda unduh smwa premium trus muter lagu premium iklanya bgt plis gausa gitu ngapaa males buka spotify tau ga,1
luman sih,3
terbaik,5
enak bet anjai bawa enjoy,5
seru mendengar lagu lagunya enak enak suka spotify suka dengarkan lagu spotify terimakasih spotify,4
bagus banget deh pokok nyo,5
매우 좋은,5
spotify,5
versi litehanya tersedia kali nextdalam jam,1
enak didengar yaa wkwkwkkwkw suka mendengar lagu sportif hp mendownloadnya terimakasih,5
apk nya bagus cuman iklannya yg mengganggu mohon dikurangi ya iklannya,4
hoho,1
ga pilih lagu sendiriharus premium,1
sukaakk pokoknyaa,5
dikit dikit premium komtol,1
bagus nyaman pas menemani belajar komplit lagunya tpi spotify gak lancar suka ngelag kadang gak memutar lagu sinyal nya bagus cba apk bagus ttp dibuka,3
aplikasinya pakai premium tolong perbaiki,1
sportify,5
gk sih bikin gratis aja yg miskin gk beli cuman dengerin lagu doang bayar elahhh,5
fitur fiturnya membutuhkan premium pengen ganti musik premium kecewa sih,1
suka laguu spotify,5
udah bagus gak lihat lirik jir tolong min update,4
good,5
bagusss bangett,5
idk,5
iklannya jembud,2
aplikasi bagus lengkap lagu lagunyadan originalmantabbb,5
a sudirmanterima kasih bebkuu a sudirmanterima kasih bebkuu,5
mendengarkan lagumusik membuatmu hidup bersemangat menjalani hidup,5
mantap bg,5
lagu favorit ku,5
bagus sih offline tpi bener bener ga kuota pliss offline in bener bener denger lagunya kuota soalny udh ga kepake gitu trus denger lagu kuota buka lagunya plis udh didownload tolong jdi bener bener offline download lagu kpop astrobtsbabymonsterblackpink kaya gitu like ya kutambah bintang nya dah offline okk mohon kebijakannyaa yaaa trimakasijhh,4
spotify kikir iklan lagu dibatasi perhari melewati lagu kali perhari,1
aplikasi setel lagu aplikasi main,5
bagus enak lagunya minus nya gk lagu yg gw cari,5
donatur sirewel,1
bagus banget enak dengar,5
kebanyakan premium,1
gw tau gw blm premium senggaknya iklanya jgn lebay ampe iklanya so far enak enak aja pake spotify,4
kurangin iklannya ngapasi ampe lo skrg,4
bgt lgi asik dengerin lagu eh lagunya mati,3
suka lagunya,5
nyaman,5
dapet musik pas mantap,5
lumayan pakai apk spotifyjujur apk spotify jenuh lagu aja tersedia lengkapmantap spotify its the best,5
bagus dimasukkan,5
mantapsssss,5
ga suka iklan,5
temen apapun ya spotify,5
bagus suja,5
bayaar,1
suka banget samaa apk nyaa tidur dengerin lagu,5
tab suka ilang tibatiba lagunya tolong,4
aplikasi bagus,5
baikbaik,5
enaknya spotify menikmati lagunya,4
lagu nya enakdan lagu favoritku,5
cocok,5
bagus hapal deh lgu nya,5
tolong hapus iklan nya,5
bnyk iklan iklannya bgt sampe kesel dgrnyabisa sih iklan tp singkat aja iklan ikan sampe kali jdi yg dgr kebanyakan iklan dr music,3
senang musiknya,4
bagusss banget dengerin musik bermain gamee bintang limaaa spotify,5
bagu offline gak,2
the best pokkny,5
anjai bagus bet galaw mantap,5
iklannya maksa bet aspek bagus niatnya bintang ganggu banget iklannya kasih kesempatan player free,1
bagussuka udah aja,5
loouuuuppppyuuuu spotifyyyy seneng lagu butterfly eraa,5
suka nyanyi gitu suka aplikasi,5
iklanya keroyokan,1
dengerin iklan gratis lagu,3
,1
bagus kirain cuman lagu lagu doang podcast video nya,5
aplikasi music ter the bestt sii iklan nya tuh muncul nya beres muterin lagu ngga muncul gitu,5
war war war hahaha,1
i really like this app for listen to the music i like,5
bagus cocok denger santai enak nyari lagu phonk ketemu enak lihat durasi lagu lihat selesai nya gk durasi selesai,5
bagussss,5
askikkkk,5
bsgus,5
kebanyakan iklan ahhtiap lagu iklan muncul tolong diperbaiki lahhhiklah mulu,4
pakai yg free knp pas iklannya suaranya hilang y jd kayak lg denger bbrp lagu hening iklan aneh udh update,4
semoga bermanfaat,5
aplikasi gak lagunya gk lengkap mantap aplikasi sebelah,1
bug mulu kbmbtl,1
pokoknya the bestt,5
lagu yg cari tersedia,5
lagunya ga kena pajak aman musikan,5
kurangin iklannya,1
kebanyakan iklan anjeng,3
bagus,1
berguna kondisi apapun,5
banya iklan,4
menyenangkan dengarkan musik sporify,5
iklan ny error,1
bagus banget cari laku ku suka,5
bagus bgttbisa dengerin musik nge game,5
suka layanan nya lagu galau saranin suka lagu galau,5
iiii seruu bangeet bisaa dengeriiin musiik maaiin robloox hehehe,5
mantap pokoke,5
enak tidur,5
aplikasi nya praktis enak dipakai kekurangannya cuman mendengarkan lagu terbatas,4
fitur pelit,1
nama yesus kristusterjadilah,5
bagus bangett,5
bagus banget spotify tolong sapa,5
dengerin lagu,5
asyik,5
otiy,5
oke,5
aplikasi mendengar lagu batas,5
hati senang pilihan lagu pas fitur shuffle pintar playlist aplikasi membaca perasaan dirasakan memutar lagu pas didengarkan,5
premium jir,1
gacor pokok nya,5
aplikasi musik favorit kekurangannya iklan menggangguak marah,5
suka bangett aplikasi kadang lirik tersedia,4
aplikasi nge bug kalo tambahin lagu playlist ga dengar ga masukin playlist dengar,1
aplikasi penenang hatilagulagu yg ku suka sanatapi minus nya iklan klo ga pake premiuntapi gapapa seru hehee,5
bagus banget sad bersenang senang,5
berjalan lagu lagu gak temukan kalo kedepannya spotify kasih bintang,4
dengar musik premium,1
on the east side of the beach there be ga a steep and rocky cliff this cliff be fill with lush greenery while below there be a dark and mysterious cave with the sound of wave crash,5
mode shuffle nya tolong upgrade kayak nya deh udah pake shuffle mode next nya lagu overall udah bagus sih,5
aplikasi nya si oke install yg nya uninstall pemakaian lamasecara nya bagus metode pembayaran nya qris,5
good,4
mantulll mantap app spotify nya,5
bagus,5
aplikasi nya bagus banget rekomen deh,5
musik be my life,5
suka musik anak musik aplikasi berguna makasih menciptakan aplikasi,5
update kikir,2
apk menarik coba,5
lawak gw dh req refund prem cuman spotify gratis dana gk dibalikin,1
gabisa beli premium,5
suk,5
no comment,5
n u bff,1
lagu cari lagu happy sad pokoknya adaspotify best,5
bagus musiknya sayang coba dikasih premium pakai spotify coba sebulan aja premium nya developer,5
gudang music,5
goddd,5
baguss banget sayangnya banya iklannn gapapa disitu cepett donlwod gusyyy,5
lagunya cocok dengarkan tidur,5
risih banget klo denger lagu genre yg berbeda next nya artis yg gua dengerin mainin musik edm blackpinktwice mentang pas kemaren gua denger musik anehnya pas gua denger rock country aja belok nih lagu njirr jomplang banget cok risih rekomendasi lagunya jelek,3
sejujur nya bagus kasih bintang iklan,4
pas mengisi lagu nyuci baju,5
sooo goood,5
,1
enak lagu nya,5
koq bayar,1
asik dengar lagu iklan save murah meriah permium,5
enak banget main gem malam kalo main ml pake apikasi jamin menang kalo kalah andanobb,5
menyertai kegiatan,5
spotify bagus mahasiswa pelajar mendengar lagu sukainya,5
karna seru dengerin musik,5
lagu okmau pilih penyanyi jg adalengkapmau pilih jg,5
kalo muter musik eror,1
min iklan pakai yg premiumaneh banget,4
kren gampang cari lagu,5
banyakin konten eksklusif spotify,1
overall bagus sih cuman kurangin iklan dikit dikit makan ram hp udah tau hp,4
bikin rileks,5
bayak gratisokay,5
tenang asik,5
please aplikasi bagus banget penyanyi penyanyinya keren keren udah gitu liriknya suka bangeet pokonya bgi nyesal donwload gini,5
aplikasi yg bagus iklannya,5
ahiklannya gilabanyak bgtkuranginlah iklannyamenganggu,1
hemat data,5
kerennn apk kalo,1
baiknya iklan premium,5
iklan nya udah ngga ngotak anjir iklan iklan auto uninstall,1
bagus lagulagunya,5
bagussss,5
bagus,5
aplikasi keren bagus bgt update musik terbaru internasional nasional,5
top pokoknya,5
iklannya,3
topmarkotop,5
serius lagu acak kepilih jelek banget ganti manual iklannya banget,1
aplikasinya mantap,5
bagus,5
mantap keren aplikasinya,5
sportify nya bagus tolong sponsor nyadi hilangkan ya gratis,5
gg spotify sad,5
anjinng iklan banyakkkm banget kalo aplikasi tau ngemis bangggsatt iklan mulu bajingannn anjngggg,1
bgs aja,5
uptade terusss,5
bagus tpi tdk spuasya putar musik ad batasya,4
oh,4
tolol aosnwnwjj,1
lagunya enak galau,5
menemani tidur malamku,5
kurangin iklan pls ak,4
mantabaku kasih bintang lagunya acak yg free coba kalo ngga bintang oke,4
bagus main ml gak diputer lagunyatetapi keren aslinya ngasih bintang app,5
mantap apklisi,5
uuu nice syuka,5
spotify sih nambahin lagu yg suka kagak hapus lagu lagu yg disukai ga udah update tetep aja kek gitu gue ga denger lagu njir tolong gue muak banget denger lagu aja kalo gue denger lagu gue cari lagunya ga gini,1
i come here because of sad,5
aplikasinya notebad cuman iklannya suka muncul,4
suka bgtt,5
iklannya tolong kurangin yaa,5
dagus mendengar,5
suka bgt denger in lagu dr apl lagu apapun lengkap beserta lirik nya,5
baguss bgt bljar smbil denger music,5
selengkapnya opsional,5
sukaaa bangett nge galau wkwk,5
batesin lagu nya ngga asik,1
ngelunjak pemutaran premium nya ganti musik disuruh premium,3
,1
,5
iklannya woiiya allah bnyk bngtt hrs premium gitubiar ga bnyk iklannya,3
muncul iklan membangsatkan,1
bagus menyenangkan,5
bukak musik aj premium wkkw,1
this app be very good,5
hawhjsgs,5
karna nge game dengerin musik,5
bagus kurangin iklannya,4
suka aja dengernya pake spotify,5
apk spotify emang the best nih nyetel lagu lagumusik nya musik apk tinggal cari aja lagu favorit bikin playlist sayangnya gak dengarkan offline premium its okey apk udah fitur fitur bagus kekurangan nih apk lagu tuh kadang gak liriknya gitu orang lagu nya liriknya gak tau search dlu google ribet,5
sekalang aplikasi bersahabat pengguna batasi pemilihan lagu iklan pengguna aplikasi premium aja trimakasih,1
best music app,5
aplikasi musik cocok menemani kesibukan bikin sibuk,5
seruuuuuuu bgttttttttttttt,5
hp semenjak update aplikasinya udah coba install ulang klo udah login force close kalo dimenu login isi email ga force closee tolong gimana,1
,5
enak aj denger,5
mendengar menyanyikan lagu mantap,5
aplikasi nya udah lumayan bagus saran tambahkan audio kualitas lossless kehilangan data penantian doang penantiannya loh tolong pengguna free menikmati audio lossless diharuskan premium tolong harga nya dinaikkan kondisi perekonomian indonesia baikbaik terimakasih,5
spotify memutar lagu error internet,4
enak cuy kalo gratis offline download,5
aplikasi baguss,5
iklannya minkalau detik dikasih iklan detik biar kabur penguna mulagian kayak maksa banget langganan premiumgasemua orang berkecukupan ya darlingiklan mempromosikanbukan pemerasam pas gua mutar lagu ga sesuai playlistkeluar jalur playlistkeputar lagu asingpls dah spotify berbenah,1
bagusss bangettt apk music fav,5
bagus gaada iklannya buruan download,5
kikir suruh premium asyik nyetel lagu,1
bagus sitpi klo gua sih mend nonton apk musik bawan sih,5
jelk,2
ok mantaap,5
aplikasinya bagus banget cocok banget suka dengerin musik buka app,5
jujur aplikasi spotify bagus dipakai mode free gratis kekurangan iklan iklan pakai spotify free ubah iklannya lagu batasan laguhari pengguna kesal kerja lembur butuh namanya lagu kesukaan semoga sih batasan ya minimal lagunya ayo spotify aplikasi penyedia lagu terbaik,5
baguslah liriknya lengkapi,5
gak iklan bagus gak iklan gak terganggu memutar musiknya,5
baguss aplikasi suka,5
suka sma,5
daftar lagu disukai hilang mencari lagu d pencarian cm berlaku d spotify punyaku yg jg,1
ok,5
bagus sekaliii,5
menghibur kesepianku,5
ya kalo puter lagu matiin hp lagunya ikutan mati kalo hp nyalain ikutan nyala lagu nya,4
kikir play lagu aja dibatesin,1
bagus sesuai lagu yg ku suka,5
applikasinya bagus kalo premium iklan gak,4
pelis admin perbaiki playlist blend ku ga acak,3
pokoknya puas,5
suka si lagu lagu galau,1
𝒃𝒈𝒔,5
lagunya mode premium berlangganan pake kuota jg malas dengar lagunya aplikasi spotify,2
iklan upgrade premium batasi milih lagu kilik kalu lagu paksa premium,1
anak mendengarkan musik,5
pokoknya seru banget hapal lagu fiks si download yawwwini stel lagu manggu seru banget,5
langganan iklan langganan leptop yg bebas iklan pantesan paketan mingguan harian paketan mingguan murah paketan bulanan adain paket mingguan,3
dikit iklan pitar lagu udah iklan iklannya huuuu,1
spotify dah mutar lagu suara volumenya hilang tolong diperbaiki,3
aj,3
aplikasi nya bagus enak mutar lagu bermain game,5
keren suara musik nya bagus,5
tingkatkan kualitas nya ya,4
𝐚𝐤𝐮 𝐦𝐚𝐮 𝐦𝐮𝐬𝐢𝐤 𝐬𝐞𝐦𝐮𝐚𝐧𝐲𝐚 𝐲𝐠 𝐦𝐮𝐬𝐢𝐤 𝐝𝐞𝐧𝐠𝐚𝐧𝐤𝐮 𝐬𝐚𝐦𝐚 𝐬𝐚𝐥𝐚𝐡 𝐬𝐚𝐭𝐮 𝐥𝐚𝐢𝐧,5
mantabs,5
the application be really get more complicate as it get update,1
ur algorhythm be the worse,2
lagu udah download online sihdan lagu acak otomatis lagii putarayolahdoverloper lagu udah download onlineyang udah download tetapkan offline putarsaya tunggu updatenya update semoga,3
aplikasi nya bagus lagu seru hp gue banget spotifu premium gak spotify premium gak cari lagu cuman lagu rekomendasi doang mohon perbaiki pilih lagu,2
lengkapi lagulagu rekomendasi search pengguna,5
,5
bagus banget lohh lirik nya gak dibuka sih,4
bagus sih iklannya kadang tema horor bikin jantungan,4
kapitalis banget iklannya mend pindah yt aja ga spotify iklannya,1
cant life a single day without it,5
pilihan lagunya,5
aplikasi bagus bt dengerin musik,5
iklan bacot sampe x segitu nya,1
ga suru bayar download musik musik yg masukin playlist nya berurutan aneh nya suka musik yg ga masukin playlist nya muter lagu nya,2
amaze bob good job,5
kereenzzz bingitsss,5
eh aplikasi sportify music gw dengerin lagu musik dengerin koar ilkan bejibun nyet lagu selesai langsung x iklan nya tolol lo kaga becus hah,1
bagus ga milih lagu nunggu besoknya,4
yaa okelah,4
oke bos,5
aplikasi aplikasi,1
good apl,4
males iklan,2
kasihhh bintang dlu nya ga langganan uji coba gratis,4
good bettt,5
musik nya mantap pas banget,5
qqqqqqqqqq uu yy q q q q q q qq q qqqq q q q q q,4
pesan lagu sesuai,5
menyenangkan menghibur mood kadang berubahubah,5
enakk mendengarkan laguu lagii nyaa jugaa lengkap,5
bagus aplikasi podcast lagu didengar lagu baratpopsolawat lagu bollywood lagu videonya gitu ga diulangulang biar ga bosan aja selebihnya udah bagus de,4
mudah,5
ok gue cinta lu spotify,5
kebanyakan iklan lagu iklan,1
persib bandung,1
baguus,5
bagus hiburan,5
bagus banget,5
so beatiful emm papa,5
enak banget dengerin lagu pas kerjaan,5
enak nyantai minum juss,5
lagunya bagus pilihan lagunya bintang iklan yg yg lagu,4
bagus keren tetaplah keren,5
bagus banget sih aplikasi nya dengerin lagu nya enak banget lagu terbaru iklanya,5
aja males bgt update ih kirain apanya yg bermasalah pas putar berhenti,4
bagus mendengar lagu suka,5
aplikasi keren main game denger lagu,5
terbaikkkkkkk,5
utk sound musik,5
membantu mendengarkan musik,4
aplikasi nya bagus tolong kurangi iklan nya llebih enak make aplikasi nya,4
perfect,4
bangus,5
,5
kebanyakan iklan min kalo premium dana mahal,3
bagus musik,5
semau premium taii,1
jgn download boikot,1
lagu menyenangkan seni,5
bagusss bangett,5
tolong lagu china in lirik pinyin nya,4
bagus ok,5
bagus bangettt lagu menarik mendengarkan lagu bingung buruan download aplikasi spotify menikmati musik nonstop spotify premium bebas mendengarkan lagu gratis bikin playlist lohh podcast koleksi mencari favorit sepuasnya disimpan lagu sukai download spotify ya,5
cocok dengar,5
𝚋𝚊𝚐𝚞𝚜 𝚔𝚊𝚛𝚎𝚗𝚊 𝚓𝚒𝚔𝚊 𝚔𝚒𝚝𝚊 𝚕𝚊𝚐𝚒 𝚗𝚐𝚎 𝚕𝚊𝚐𝚞 𝚔𝚒𝚝𝚊 𝚋𝚒𝚜𝚊 𝚜𝚊𝚖𝚋𝚒𝚕 𝚖𝚊𝚒𝚗 game,5
i love you spotify,5
sungguh enak didengarkan hp menyala,5
gateli,1
bagus cocok galau yg,5
iklan mode free ganti lagu lagu dikit iklan,3
hilangin iklan nya napa iklan nya hapus aja nih aplikasi,1
baguss bangett musik nyaaa,5
playlistnya sesuai isi hati sih pinter lu spotify hehe,5
earphone langsung on otomatis tolonglah mengganggu,2
pake premium coba aja haji lu pake premium gjls bgt,1
aplikasi berguna ya dengar musik ya terdengar iklan premium mulu ya muncul orang kek gak otak coba aplikasi duit orang mulu kek orang koruptor suka ambil uang rakyat paksa uang gak uang aja ketemu iklan premium uang udah muak aplikasi uang aplikasi musik,1
suaranya mendem ga sepeti youtube music,2
bagus cocok galau hehehe,5
karna gk hisa login susah login nya,5
assalamualaikum,4
oke sporify nya tanggal pilih aja lagunya,5
suka dengerin lagu spotifay gada iklan horo,5
aplikasi bagus iklanya,5
nambah kesini nambah bnyak iklan,1
nice best,5
mantab jiwa,5
lagu nya sanagat mantap super lengkap good the apk,5
udah minggu spotify ga putar lagu udah coba uninstal hapus change ttp bs plss bantuuu,1
mantap banget membantu membuka apk terhibur spotify music mati,5
basam,5
yg batas kecuali lagu bom cikadap,5
iklan,2
berbayar,3
mudah relax,5
bagussss pakek banget,5
sportify bagus diputar latar aplikasi koneksi lagunya lengkap,5
kemaren ngebatalin langganan sengaja berlangganan premium kemarin saldo terpotong otomatis trus batalkan langganan saldo ga,4
aplikasi kikir bet sumpah nonton lagu gk sampe sejam suruh beli premium kalo gk beli premium stiap dengar lagu bet iklan dah kaya tunjangan dpr mend duitnya beli netflix dah spotify,2
sound jelek iklannya,1
aplikasi nya bagus pokoknya cocok mood nya,5
seru banget pas main mobile legends auto mode sad,5
apalah premium artis nya aja dapet perak pant boikot musisi,2
pokoknya siip,5
asik banget dengerin lagu,1
spotify aplikasi nya bagus lagu lagu spotify asik dengerin,5
aplikasinya kren lagu aja d cari tolong donk kurangin iklannya yg mode free kaya kbanyakn dngerin iklan mulu,4
enjoy,5
perasaan iklan denger lagu lagu aja iklan heran,1
alus ey ngan kudu prem anyy,5
log out sih pas log in spotify negeri ndasmu,1
enak dengerin musik mlh ganti musiknya iklannya,2
spotify mode kikir jir premium inmending spotify pc notaben nya pilih lagu atur detik pemutaran nya,2
mendengar musik menenangkan,5
baguss bnget,5
bagus mudah mencari lagu nya,5
cuman pengen denger musikplis spotify ringan spotify lite disana ga masukk tolong diperbaiki litenya biar pindah kesana,4
iklan jelek,1
keren sukaa bisaa fitur gratissss,5
aplikasi el iklan,1
sengaja mengembalikan dana otomatis berlangganan zengaja terbatalkansangat membutuhkan uang,1
bagus banget pokok nya,5
nambah ya iklannya,1
rekomend,1
ya ganti lagu gak premium apk nya rusak gimana yak kejadian ama setahun hapus instal normal gak tau kejadian mohon untk devolopernya perbaik ya klo kesalahan pengetikan mohon maafkan,1
bagus lagu nyaa,5
bagussss no coment,5
bagus denger lagu premium mulu nya gratis kecewa banget sih,3
iklan mu bangsat anjing,1
bagus pencinta musik kadang lirik lagu gak ad,5
terima kasih,5
lanjutkan,5
bagus banget woikk,5
spotify keren,5
bagus tuk mendengar nya,5
klo bisaaa gausah bayar bayarr yaaa,5
juarasukses dg platform n happy orang dimuka bumikerja ditemani spotify kesehatianku,5
maksa banget premiumudh denger iklan ttep ga pilih lagu hadeuh,1
seru mendengar musik favorit berjamjam,5
apk konyol banyakan iklan iklan gk skip iklan detik sampe x fitur gak ngotak kontl,1
memuaskan,3
aplikasi udah bagus ganti lagu muncul iklan spotify premium iklan video gambar mohon diperbaiki ya,3
seru dengerin spotify kaya denger radio iklan nya catatan developer tolong lagu iklan minimal lagu iklan biar puas denger lagu nya so far ok,5
dont advertise too much because its not fun,2
lagu nya bagus jernih enak didengar,5
aplikasinya bagus mendengarkan musik,5
apk nya bagus sih tpi sayang bnget iklannya kdg kelewat over kebanyakan bnget klo bs sih iklannya dikurangin,4
bagus yg kesel iklan nya yg aplikasi nya udah bagus banget ko,5
bagusss good job,5
bagus putar musik bangus minesnya iklan nya tolong kurangi ikelan nya kasihan premium,5
pengguna nonpremium peningkatan spotify iklan bervariasi ga ngebosenin ga jeda iklan karna kalo gamau iklan ya silahkan beli premium ya gess nge hate komen kasih bintang rendah thank u spotify,5
seru mendengarkan musik aplikasi,5
bat pause anjg gaje banget ni apk,1
baguss woee iklan sih gamasalah karna freeaku cari lagu adaa,4
yg spotify bagus bermanfaat menghibur ga susah nyari lagu artis nya dsni kasih bintang kali mendengar lagu apapun kpop english band indonesia lagu yg keputar dangdut jawa enak dengerin musik tetiba kesetel dangdut,4
iklan nya,1
babi dengerin lagu langsung pindah lagu maksudnya njing,1
aplikasi keren gw caricari sukses developer beneran gratis mantap om,5
apk asu kesini iklan su asu ganti lagu aja nunggu iklan menit ngentod,1
sit bermain game mati ikon spotify muncul,5
ikan aja detik,1
ok keren banget,5
aplikasi nya pas dibuka gak bisabisa loding teruss,2
iklan putar lagu iklannya sampe,2
seru dengar,5
mudah pakai pilihan lagu nya bnyak mainkan latar mantap,5
kenpa dibuka distel lagu nya,5
cihuy,5
mantap,3
aplikasi kikir bayar premium rb rb rb ngotak donggg emang aplikasi yahudi,1
senang dg fitur yg gratis,5
karna ga liriknya hp,2
iklannya kebanyakan banget dengar lagu mntiklannya mnt,2
suka aplikasi mendengarkan musik bagus,5
apk musik mantapp,5
,5
iklannya parah menit cuman dengerin iklan gw denger lagu dengerin iklan,3
aplikasi kikir setel lagu sesuai urutan aja prem kikir kikir,2
cari lagu,5
langganan ku terjeda langsung kepotong pulsa berlangganan dah ndak metode pembayaran pake pulsa sedihnya,1
pakek spotify seru pokok ny asik banget,5
bagus tp ushakn lagu ad lirikny,3
mantaaaaaabek,5
pokok nya good banget apk nya trus kayaknya kalo pakai gak pilih lagu why bagus kalo pakai iklan aja good luck,5
limit iklan bete gua jink,3
𝐚𝐝𝐚 𝐢𝐤𝐥𝐚𝐧 𝐣𝐚𝐝𝐢 𝐤𝐮𝐫𝐚𝐧𝐠,4
maksa premium,5
mutar lagu langsung gak dengerin lagu ambil paket premium apah gak udah pkek batas degar harain plisss,1
baguss bangettt,5
aplikasi bagus suka gatu ngasih bintang,5
dengerin musik batasi premium kalo putar musik sepuas nya gw langsung uninstall,1
mantap keren,5
enak sihhh ngapa dengarin spotify,5
nya mba taylor swift bweee,5
aneh,1
bagusss bngtttsukakkkk lope youasik,5
laginyang diandalkan spotify,5
menghapus aplikasi virus menginstal playstore,1
bintang bagus sih tpi klo akun nya udh keseringan putar lagu bener iklan nya,4
aplikasi bagus cocok yg suka beres beres pengen nyetel lagu,5
mantap apknya,5
iklan selesai lagu muncul iklan plis aplikasi kikir,1
ngapain iklan ege mend ga biar bnyak peminat,1
aplikasi nya bagus dengerin lagu lagu gitu yaa gitu sponsor sponsor nyaa,5
jujur bagus kadang ga translate nya,3
pake main geme tidur,5
thank you for create spotify,5
lumayanlah,5
login gk jir daftar udah terdaftar pas coba login password dibilang akun gmn memperbaikinya,1
aplikasi menghinur,5
ingkittttu,1
nyamanmudah asik,5
bagusssssss ajaaa lagunyaaaaa,4
kebanyakan premium jing,1
overall aplikasi spotify udah bagus tampilan ui nya diubah menarik bagus kalo bug diperbaiki terima kasih,5
seru bgus,5
assalamualaikum aplikasi spotify aplikasi nya bagus banget cepetan download takut ketinggalan lagu yg enak merdu yaudah ya maaf simple wassalamualaikum,5
bagus banget pas dengerin lagu main roblox,5
bagus tolong kurangin iklan nya,5
semoga diperbaiki terbaik,5
kalo bintang infinity gw ambil dah bagus pol gw sukaa,5
maksa banget iklannya wkwk kapitalis kapitalis,1
mantap lur,5
koleksi lagu banyakin lagiii,5
aplikasi musik asikpitur lengkap,5
aplikasi aneh jaringan dah bagus lancar aja ngelag iklan mendengarkan gangguan menit gak pindah playlist gak,1
aplikasi anjinggg lagu sad masuk hati njengg,5
iklan ganti lagu x iklan x iklan malas bgt jdinya,2
rame,5
bagus premium mahal co gaada uang denger lagu bad desire enhypenn,4
live hilang,1
good app,5
berbayar nya sepongsir gk maslah,3
musik nya bagus mantap,5
baguse,5
puas aplikasi membantu,5
user friendly,5
apk musik yg gokil kerennya,5
spotify realistic,5
gak banget spotify premium aneh udh pake spotify trus pas milih lagu gak premium coba maksaain maksaain mendingan pake youtube music,1
bgss enak dengerr jga musikk fav bgss,5
aplks baguss,5
aplikasi bikin boros balikin duit gua gua coba premium aja nnti udah habis paksa beli premiumitupun langsung tarik uang gua dana habiskan,1
nga lirik,5
bayar cuk,1
pakai aplikasinya tuh gabisa nambahin lagu favorit ya album gituu buka album artisnya tulisan koneksi stabil kaya ngebug gitu instal uninstal udah bagus sejujurnya,1
baguss baguss kalo offline,5
apk kikir bgt ganti gk,1
aplikasih kikir gtw iklan kayak haji janngan download guy,5
kecewa no premium ga bebas milih lagu dibatasin,3
bangsu lahu,3
the best,5
bagus gratisan,5
apk gajelas suka gabisa puter lagu,1
bagus lagu nya enakan,5
baguss seneng jadinyaa,5
mudah lagu pilihan,5
iklan lagu,1
gede memorinya,2
bagus deh cocok santay,5
apk nya bagus,5
bagus lagunya enak enak,5
baguss bangttt,5
aplikasi musikan bagus,5
iklan nya cooo,1
musik enak dengar tekstur suara nya indah suara jernih,5
knp dukung zionis si,1
banyakan lagu bagus,5
mantappppp,5
bgus bgus aj si,4
enak nina,5
mantap enakeun,5
fitur fitur spotify bagus membantu mendengarkan musik terganggu iklan,5
senang free,5
,2
ubah spotify,5
well pokonamah,5
bermanfaat,4
parahh gua iklan sampe ganti lagu iklan trus ganti lagu iklan parah bgt kesenjangan premium,1
speechless,5
sih spotify udah bagus kendala batas pemutaran lagunya ganggu enak denger lagu mati batas lagu batas lagunya tolong terkait iklan dimaklumin,3
candu banget spotify lengkap iloveyou spotify cinta banget,5
iklan bilang nya gak iklan kalo menyalakan musik iklan,3
wow bgs bgt bagus banget,5
mantep banget,5
,5
busuk,1
terbaikkkkkkkkkk,5
diskripsi mantep musik nya oke,5
boikot zionist,1
keren fan babymetal berterimakasih,5
anjayy mmg haruskan berlangganan skrg skip lagu maksimal kali makan ni bintang nya dekk,1
good banget iklan mode free pake premium mantep banget worth it banget kalo mode free kurangin iklannya kalo lagu iklan iklannya aja lagu iklan sih saran semoga aja saran didenger dipake user puas aplikasi spotify,5
iklan,1
antrean,3
bagus pakai mendengarkan musik,5
musik iklan,1
spotify gak karoke ya cek google bsa ya,4
good,5
baguss bangettt akuu sukaa lagu lagu sad bahagia seneng pokoknya nya dehh menghibur,5
lagu nya bagus full,5
pakai narasiseger,2
best pokoknya,5
makasih ya music ku senang,5
,5
aplikasi bagus mendengarkan musik tiduran,5
mantap,5
suka aja tpi gk suka iklan nya gk dilewatin hrs pke premium klo gk iklan,3
iklan udah download,1
gabisa pindah lagu kalo ga langganan tolong,4
smoth,5
lagu iklan emang ngak beres spotify,2
vitur nya bagus suka dengar lagu pakai sportify,5
bagus cari lagu nyaman,5
senang karna solawat an,5
udah apdet lagu nya gak putar otomatis iklan,2
user premium dibatasi fiturnya,1
sekelas spotify lagu yg liriknya ga tersedia even lagu perfect ed sheeren why hrs premium dlu kah kalah lu aplikasi musik underated yg gw install kek nya emang hrs dengerin musik apk merah lirik lengkap kalah tampilansedikit jadul,1
ga milih lagu mend download,1
bgus bang,5
asyik,5
bagus banget pas nggak tau daftar nya arah in banget spotify pokok nya cari aplikasi dengerin musik loh download,5
bagus dngerin lagu,5
singkat bagus,5
suka main champion hidupin lagu,5
bagus iklan,5
donasi isriwil dont likee,1
jelek bgt suka nge leg menit klo dengar lagu yg putar jgn dowlond deh,1
good,5
apk nya ok tolong iklan nya kurangin pengguna apk uninstall persatu,2
bagus suka aja,5
aplikasi bagus menikmati lagunya lagu where we be one direction tambahkan lagunya enak bagus tolong lagu spotify,5
dikit dikit iklan iklannya sampe kali jelek ga kaya,1
suka terbiasa iklan iklan memilih lagu dengar iklan langsung hilang biar tunggu menit hilang iklannya,4
apk sih gantiin resso udah musik ga lengkap jelek lagu nya,1
sayangnya ber iklan,5
im a real madrid fan but i subscribe to this hahaha,5
suka aplikasi suka mendengarkan musik,5
keren banget aplikasi spotify,5
buset lagu iklan,1
i like this app but why be there so many ads,4
keren membantu sinyal ga da,5
good,5
suka aplikasi menurit seru mencari lagu lagu yg bagus nya udh dowload hp yg nambah karna bagus aja,5
iklannya bangak banget jir gnti lagu aja iklannya tolong min kurangin iklannya,2
intinya bagus,4
bagus sayangnya pendukung zionism,1
pengalaman terburuk,1
musiknya komplitkeren,5
aplikasi bermanfaat lagu asik s asik pokoknya bagus banget,5
hidup gw kalo gk nih aplikasi hampa bet keknya pokoknya spotify apk fav gw,5
tolong iklanya hilangin ngab,5
bayak iklan,2
burik,1
gpp pengen aja,1
ga denger lagu indonesia,3
maksa bgt biar pake premium lagu yg diputer iklannya sampe x dgn durasi detik udah lagu ngalahin durasi lagunya msh mend iklan apk yt music dll inimah iklannya auto uninstall aja,1
ngga dikasih orang komentar ya min,3
setia d spotify d gempur aplikasi yg nya menarik,4
bug gimana ya kali masuk layar nya hitam gak mencet developer tolong benerin wifi ku lancar sinyal full buka sportfy doang kaya jelek kota nya,2
bagus keren,5
bagus dengar musik aja,5
enak dengar ny trus dengerin lagu smbil galau,5
okemusik henti lengkap,5
lagunya keren banget,5
bagus enak musik nya,5
iklannya kadang ngagetin serem,4
serba premium anjj mend pake apk bajakan,1
bagus lagunya lengkap,5
gausah iklan org lgi sedih pgn denger lagu iklan sampe kali,1
ok gas,5
rp bayar rp tolong penjelasan,5
memutar lagu iklannnya,3
iklan ganti musik mend youtube spotify kasih gotube,1
𝒕𝒉𝒆 𝒃𝒆𝒔𝒕 𝒃𝒂𝒏𝒈𝒆𝒕 𝒂𝒑𝒍𝒊𝒌𝒂𝒔𝒊 𝒊𝒏𝒊 𝒎𝒆𝒎𝒃𝒖𝒂𝒕 𝒔𝒂𝒚𝒂 𝒍𝒆𝒃𝒊𝒉 𝒕𝒆𝒏𝒂𝒏𝒈 𝒎𝒆𝒏𝒅𝒆𝒏𝒈𝒂𝒓 𝒌𝒂𝒏 𝒍𝒂𝒈𝒖,5
kasih rate karna gabisa daftar premium gopay web udh cape nabung premium pas belinya gabisa udh masukin nomornya gabisa bayar premium mohon diperbaiki pembayaran gopaynya,1
t a ki api tttttyjata yaa as tt y a yaa a yaaa a ss yaa tt a tt yyy a yg a tt,3
okok bagus,5
apk burikkkkk,1
iklan nya tolong hapuss,3
enak sih pakai ni aplikasitapi ga liat lirik musik ya,3
perunggu forever,5
anjirr kecewa,1
sangatttt bagusss,5
bagus music,4
bngt iklannya,1
ngotak lagu iklan jig gk gtu kali kalo yg free,1
mantap bagus enak abiesss,5
lengkap lavualbum yv sukai,5
bagus baget nge sad,5
lagu yg bagus jerni memakai premium memakai premium iklan,5
ya seru enak banget dengerin musik spotifyi really like it,4
jos gandos lanjutkan,5
baguss,5
bagus lagunya seru seru,5
putar lagu aja premium kecewa,1
enak dengerin lagu lagu kesukaan mahalini,5
karna lagu lagunya asik banyaak iklan,5
bagus bnget tpi syg nya g bsa ngiduppin scra mati data,5
lagu kucintai,5
pokok nya no coment bagus banget,5
males ah lu ngedanain perang ogah deh update mulu ketemu ya padang mahsyar,1
ok,5
mudah pilihan lagunya,5
kwalitas oke,5
bagus,4
aplikasi uang hilang sia,1
ᥴᥴk ᑲᥙᥲ𝗍 sᥲіᥡᥲ,5
kelass,5
,3
apk ny bgs cocok bgt ak yg mw dengerin lagu and kalo cr lagu lagu ny jg bs mlhn bnyk lg sk cmn kalo lg dngerin ps on psti bnyk iklan aplgi nih ya klo mw cr lagu mlh g bs pdhl wifikouta bgs aja mlhn lncr lgwalauu gmn apk ny bgus ko sukak jdii kalo yg dengerin musik wajib download bagus bgt apk nyaabtw min tolong perbaiki yaa tdii see youu bye,5
membela zionisme,1
kali iklan nya iklan iklan berturutturut parah hapus aja,1
iklan x njir cuman x iklan nya motong lagu pulak,1
aneh yg ngeluh iklan wkwk dikit suffle dikit sufflemakannyakan disuruh premium biar gak keganggu iklan acak lagu wkwk udah gratis maunya aneh,5
mantuul,5
iklan membagongkan,1
okey bagus buanget,5
bagus denger lagu yg bagus bagus,5
bagus,1
josssssss gandos,5
semenjak update gk play music tolong balikin spotify,1
pro isriwilga lepel,1
woi kikir banget batesin pemilihan lagu nya,2
bagus banget suara nya bening,5
lagunya enak artis artis terkenal,5
suka banget sih jujurrr,5
its good even when we play a song and turn off the cellphone the song be still play all the songs be here and there be free ones there be also premium ones that be pay but the free ones be already good let alone the premium ones and even if there be ads they be only for a short time,5
enak jir,5
tolong hilangkan iklan nya ya min aplikasinya udah bagus tolong iklan nya hilangkan,5
bagus berkualitas,5
hufttt apk nya bagus tolong admin banyakin iklan oke kalo udah iklan inimah langaung iklan apk haromm trus gw nyari lagu muncul ga sesuai ekspetasi banget tolong benerin asww,1
beli xiaomi earbuds langsung dapet promo free premium mantap,5
pengguna harap gada iklan kayak apk,5
enak dengar musik nya,5
bagus iklan,4
menghibur,5
iklangapapa,5
bagus tpi ajg kebanyakan ikln,2
i like it,5
banget lagu sukabisa dengerin lagu ofline suka banget makasih ya udah aplikasi sebagus,5
iklan nya bnyk bgt trus maksa beli premium pdhl sy gamau benci bgt sm spotify yg jdi meres duit orng perbaiki kasian orng dengerin lagu ketakutan sm iklan horor hadeh gmn sih,3
bagus iklan negatif,4
nyari lagu seru banget,5
aplikasi bagus iklannya kurangin lagu langsung iklan segitu aja,4
enak biso main enak kalo denger kalo gak kuota,5
bagus banget main game layar hp mati nyala kasih bintang spam premium kali udah pencet free muncul tolong,4
lagu ya keren keren kasih bintang semoga sehat rezeki ya berlimpah,5
bagus sih cocok,5
udah ku bilang tampilkan iklan udah kali bilang mampus kau kena hujat kau,1
spotify iklannya du iklan mulu,2
gw makasih udah pembantu telinga gw gw pengen gw dapet trial premium keinget kenangan prem trial ku,5
like,5
bagus sih iklan kek dipaksa pake peremium,4
lumayan sih tpi iklan ny kurangin aj ckup si,4
mendownload apk jam tunggu ngestak,1
mantap oke pokoknya,5
kikir aja nih,1
tolong yah spotify masuk pake nomor masuk,5
carijodoyangmemerima apaadanya,5
bagus bangat,5
eaaaaaaaaak,5
its good,5
best of the best,5
keren,5
kasih bintang kebanyakan iklan suka denger lagu spotify yg mengganggu iklan sekian terimakasih,4
bagusnamun ku iklan kalo iklannya muncul pas abis denger smpai lagu mah normallah denger lagu iklantrs kadang kalo lagu selesai iklan trs lagu selesai iklan gitu terusjadi susah kalo cari lagu yg carikarna klo gatau nama lagunya susah nyari nya karna cek trs jdi gara gara nunggu iklanmana menit lagitolong spotify kurangi iklan durasinya,3
lumayan,5
best,5
bagus sih cuman iklannya gak kondusif pas iklan lagunya ganti genre,5
eror udah bayar premium pas buka lagu gak muncul hitam aja layarnya,1
bagus,5
enakeun pas muncak,5
manteff bngat jur,5
bagus iklan premium,5
aplikasi terkikir bumi capcut,1
langganan premiumnya gak gak ketetapan ga asik,1
spotify bagus bngett jdii sayaa kasih bintang,5
lagu asik gratis,5
ayolah buruk gua denger lagu lagu yg gua simpan ilang terkadang nyetel lagu tibatiba berhenti log out akun permasalahannya,1
lagu nya seru seru loh ayo langsung donlouad,5
baguss kak,5
buagusssss polllll,5
baguss klo galausad,5
aplikasi nya bagus terkadang memutar mendengarkan musik update,3
ya bagus ajah sihhh,5
senang,5
suka,5
aplikasi kikir lagu iklan,1
nice kadang kadang gk ketemu nya,5
hmm bagus sih,5
asik lagunya main gem dengerin lagu,5
udah bagus sema sih tolong kurangin iklannya munculin tombol mutar ulang,4
menghabiskan waktuku mendengarkan iklan kebanyakan iklan mend youtube music video iklan itupun detik kalo youtube detik kalo gak detik skip minimal kalo gak langganan ringankan,1
bagus menyukai aplikasi lagu suka diputar kadang suka ngebug gapapaa,5
iklan dikit dikit iklan emng wajib pake spotify premium mendengarkan lagu iklan,1
banget,5
bernilai,5
jklkogjohoo lo mk mam xo,5
good,5
spotiy sebener nya bagus pake kuota,2
kagak kadang kaga liriknya,1
pas offline gabisa dibuka sih aplikasi nya mulia developer udah download udah premium mutar musik tampa hidupin wifi skarang udah gabisa,3
mendengar musik sukaan,5
lengkap pilihan musiknya mine iklan,5
harga premium jngan mahal mahal klo iklan doang mah,3
pengalaman seru aplikasi spotify,5
spotify aplikasi terbaik muter musik jenis musiknya beragam bagus mencoba kedepannya spotify premium kalo emang butuh rasain suasananya pokoknya the best,5
dope ya allah nyebarin nyebarin minum nyebarin liat ngerjain orang sunat sekolah no mih bisay d bawa plang nama alamat nyebarin nyebarin yg sunat main game wa jadiy ya gin d pake nyebarin,4
kereeeennnnn euy,5
ga bosennya dengerin musik dsni,5
aplikasi nya enak bagus lagu nya mendengarkan lagu pakai tik tok kasih bintang,5
bagus dah aja,5
apcb dikit bayar dikit bayar udah kayak warung jir,3
suka alfikasi,5
zionist,1
iklannya perbanyak lagu iklan main lagu iklan,5
mnus nya premuium aja sisanya mah notbet aja,5
suka sound nya,5
memuaskan banget,5
noooo,5
aplikasi nya udah bagus bgt pas lihat lirik kosong gak lirik nya tolong perbaiki ya untk bug nya aplikasi nya bagus udah nyanyikaraokedll pokonya udah bagus pas login kayak bugnya gitu gak cepet pas download gak tolong perbaiki bugnya ya memainkan aplikasinya tenang,5
enak denger lagu musik,5
bayar dikit dikit bayar,1
,4
gak baya iklannya,5
lagu nya bagus,5
gk premium dengar musik gk langganan,5
jgn ketinggalan dgn spotify terhibur,5
jueeeeleeeekkkkk,1
the best pokok nya,5
bintang mendanai drone perang isiriwil boikot,1
,5
bagus sih lagu lengkap cocok putar musiknya tandai list sukai putar musiknya jalur list musik tandai,3
maaf kalo ngasih bintang mendengar musik layar nya hitam nunggu menit mendengar musik mohon perbaiki,2
lagu lagu yg bagus,5
apl bagus,5
ga lirikan pls kebanyakan nggaa tt pls tolonkk spotify nggapunya uank beli premium,1
apk nya sih bagus iklan nya ga ngotak bangett plokkk,3
apk nya bagus suka,5
pendana perang,1
lagu yg seneng gmn menyimpannya,5
engga support float windows,1
iklan nya kurangin,2
jelektdk manusiawi,1
iklannya aja kek ganggu bgt udh maksa bgt premium org ga gini anjay,3
iklan,1
nyetel lagu doang premium nunggu besok apalah,3
kangen paket mingguan spotify berharap paket mingguan adakan pembayaran nya pakai nomor hape beli paket promo premium membayar pakai nomor hape alhasil mendingan beli paket internet bulanan smartfren,3
s eeee sss yg zzz h,3
kueren,4
,1
aplikasi nya bagus gak update karna memori nya kebanyakan,5
bagu banget,5
gak kebanyakan iklan lagu iklantolong spotify,1
karna musik bagus,4
eror iya,3
cool,5
senang dengar lagu sedihsenangmarahdll tenang banget,5
lagunya sedap,5
tolong hapus iklan nya ganggu,5
baguss suka aplikasi nya,5
aplikasi haram,1
jelek sumua nasheed gak setel,1
ok musiknya pilihannya,5
yayaya,5
,5
intinya download aplikasi banyakkk banget iklan nya sumpah muak banget mentang mentang gak beli premium disebgajain iklan,1
sanggar enak didengar,3
wow aplikasinya bagus banget tolong mode offline,5
,5
兔 辣姐姐,1
buagus buangett,5
sange,5
mantappp,5
seruuu,5
suka banget lengkap,5
kikir premium,3
suka suka apknya ceo nya investasi negara,1
apk nya baguscuman kadang iklan lagujadi saran kedepannya iklan nya hilangin aja karna iklan orang taubelum pakai spotifyklw iklan apk karna pakai apk nya kepuasan pengguna harap saran pertimbangkan tunggu update terbaru nya sekian sya terimakasih perhatiannya,4
no caption,5
cool siuuuuuuuuuuuu,5
lagunya asik asik,5
bagus menggalau,5
keren sih,5
kurangi ilkan nya,1
ga espek sepotipai dukung isriwil kecewa berat cikk,1
bavus,5
always listen everyday,5
terganggu iklan,5
bagus bangettt,5
iklan,5
bagus mendengar lagu,1
aplikasi spotify yg bgus,5
aplikasinya bagus suda premium aplikasi tpi kurangnya pembayaran dana ttapi dialihkan mbanking alhasil pembayaran x sebulan ditagih mohon tindakan diperbaiki spotify terulang sperti,3
suka memakai spotify bajakan,5
pilihan lagunya text nya,5
menarik,5
apk bagus sayang iklannya banget banget kalo perbaiki ya,1
mantan kali,5
gska iklan,2
simple lengkap nyari musik n lagu,5
too much ads,1
apk nya mendukung perang iya menggunakannya,2
yg suka music ga yg suka dengerin lagu belajar worth it sih,5
senang mendengar musik bagus,5
ga banget,1
buruk nyumbang isriwil najis,1
fiturnya dlu bagus kesini berbayar berbayar berbayar,2
download,1
burukk,1
spotify iklannya banget ampunn,3
pas update login langganan premium hilang,1
lagu favorit ku spotify i like spotify,5
bagus spotify nya kerenn,5
tolong kasih keren ya spotify,5
suka aplikasi tampilan liriknya sinkron lagu mohon liriknya disinkronkan lagu,4
matikan lagunya matikan hp lagunya hidup sadari mohon update karna merasaknnya teman,1
langganan pilihan bayar gopay kartu kreditselama bank pulsa gk pake bayar spotify nob,1
sanget seru main memberhentikan lagu,5
terhibur disaat kesendirian q dengerin lagu spotify aq suka,5
lagunya suka mati mati internet udah lancarr mohon diperbaiki,2
kalo muter lagu iklan stick iklan doang gabisa muter iklan nya kecewa banget,5
suka spotify mudah mendengarkan lagu,1
iya tau premium klo gamau iklan tpi ya byk aja iklan spotify skrg msh masuk akal skrg ganti lagu aja kadang x iklan yg lbh detik blm lg kalo x muter lagu iklan smpe x yg durasi nya detikan iklannya,3
ok overall,5
cabut invest lu,1
bagus sih iklan nyaa horor mulu,5
pilihan utama mobil,5
download bagus suka bangettapi pas udah download susah milih lagu yaa lagu direkomendasikan apknya please spotify nya kenapaaa banget premiummbener greget karna dengerin lagu direkomendasikanmok nangiss sangking gregetnya gak denger lagu dipilih sendiriiibenerin dongg,2
bagus ya bagus cuman iklan nya banget lgiemg bgt premium,2
iklan banget lagu iklanya,1
suwe suwe jos jis,5
iklan nye makinan aje,4
bagus mend vietmate,5
cocok orang kaya suka download lagu pengen putar tinggal buka apk spotify simple update lagu terbaru,5
mantap gin,5
makan tuh dana perang,1
najis ceo nya gk empati udh iklan mulu gk lengkap lg artis lagunya,1
berhenti berlangganan,1
mantap banget deh,5
bagus klo iklannya random pengguna memutar lagu iklan lagilagi muncul,4
enak bobo,5
tolong lirik lagunya diperlengkap spotify premium,3
vagus,5
iklan muluu,1
aplikasi membantu,5
asik denger dijalan biar gak bt gabut haha,5
premium kah,2
rahmad nst,5
very good,5
kbnyakan iklannya tolol,1
lengkap laguenakasik the best,5
ngawuor cik,5
josht,5
asu bet iklan nya,1
apk bagus gratis premium mengalami bug play lagu otomatis paksa apk udah cari tutorial teratasi,5
aplikasi musik tp aplikasi iklan,1
spotify iklan nya nih mutar lagu sehabis langsung iklan iklan nya x,1
sorry gua kasih bintang main game mati lagu kayak inga gitu loh gua kasih bintang,3
fitur ulang lagu nya udah g bayar hadeh,1
bagus bgtt plssapalagi dengerin lagu nya aduu demage nya semangat trs spotifyy,5
aplikasi musik favorit si,5
sangst bagus,3
baguss banget sukaaa cuman yaa iklan suka iklan bagus koo love u,4
iklan,1
mantap men,5
dikit iklan dikit iklan,1
iklan yg mengganggu pake iklan menjijikan domba dombannya,2
mudah memilih lagu,5
berusaha yg terbaikbuatku mencitai musik ind sportify pas,5
seru lagunya enak iklannya,5
bagus pol pol pol pol poknya harusssss download sih tidur jugaa,5
bagus bgtt ak sukaaa pilihan lagu nya klo hp mati msih suara nya harga premium nya murah klo akuuu mantep bgt dehh pokok nyaa,5
lagu yg suka,5
bgsss klian kirim titik gratis lagiiii,5
nyaman banget,5
sanggar bagus andalkan music propesional karna menampilkan lagu,5
berguna kumpulan lagu old sad,5
lagunya lirik,2
mendengarkan musik enak dengar,5
ok mantab,5
lumayan,5
ngenyot iklan,1
bagus banget lagu,5
kebanyakan iklan jelek,1
bagussssssss bgtq suka pollll,5
iklan detik ak iklan nya bgt gpp,5
susah putar lagu yg suka gak kek tinggal pencet lagu yg putar selesaiada batas nya sisekarang kek cuplikan nya doang pakai skip random ad batas nya,3
lagune josss gw kasi bintang,5
gimana udah stop langganan premium aja potong saldo dana tolong penjelasan nya,1
aplikasi danain perang izin pamit uninstal,1
bagus bnget dengerin tidurr hahah,5
keren banget spotify,5
bagus udh aj,5
update terbaru suara lagunya kedengaran tws bluetooth aplikasinya jalan,4
bagus bgtt sumpah gw dengerin lgu kesukaan gw iklannya tpi gw suka sumpah aplikasinya bagus,5
aplikasi spotify berguna pencinta musik,5
gudd,5
aplikasi nya udah bagus plus lirik pakai premium contoh mutar lagu premium skip lagu pakai premium kedepan nya tolong kurangi,4
aplikasi berjuta lagu ribet cari mantap,5
bagus,5
bagus suka,5
suka banget ngedengerin lagu kesukaan,5
dengerin lagu aja,5
g bsa dengerin lgi fav premium pngn nya g premium gpp iklan ganggu tpi lgunya kasih premium,1
bagus banget iih ni ret,5
sih cocok bngt yg tidur dimatiin lagu,5
suka aplikasi spotify biar galausekian,5
mantab bagus ok banget lengkap lagunya,5
iklan lagu iklan emng apk ti,1
pembayaran gagal mengadu cs penanganannya maksimal,1
sporty aneh iklan x berturutturut trus jaringan bagus spotify offline,3
bagus memuaskan lagunya the best,5
iklan mulu apk yahudi kebanyakan iklan nya lagu ny,1
,4
bagus aplikasi nya tida kendala lagu asik mudah cari,5
halo admin aplikasi engga paket jangka kah,5
bagus pas update ko lagu ngacak tolong perbaiki,1
limit song can be play for free user duh,1
spotify oke bangettt,5
just make no premium,5
spotify ok mudah nyaman dengarkan lagu the best,5
,5
iklan gk apayg pengting musik putar,5
premium banget kebanyakan iklan ni,1
apk nya ngebug lagu gak putar mohon perbaiki bug nya,2
i love music,5
isriwil,1
apk gjls anj kode nelpon bngst,1
musik playlist gua ilang beli premium kalo gt mahh rugi gua,1
like it,5
,5
kerenn bgtt apk,5
jembutt iklan nya,2
iklan musik nya,1
kali iklanya,1
aplikasi komunis jir nyetel pindah lagu iklan nya gk ngotak gw nyari apk mod nya chrome bgt,1
maximal volumenya dibanding ytb,5
mantaap,5
enak,5
,5
menemani hidup ku kesepian hahaha,5
seru dengerin lagu yg suka,5
puas,4
kebnyakan iklan,1
bagus iya memaksakan premium lagu iklan dengar musik iya buang buang uang premium minimal k mend beli nasi goreng spesial bungkus,3
ngotak dikit mineror mutar lagu iklan muncul lagunya kagaklucu apknya,1
pliss premium kahlagu yg masuk daftar favorit ilang,2
gak tau apaiklan banget ganti lagu iklanpadahal dengerin bentar kurangi tu iklan,2
apk muter lagu yahud top markotop,5
bagus mudah mengoprasikannya,5
enak mendengarkan lagu spotify praktis,5
terkadang musik nya gk putar ulang gk disentuh musiknya tolong diperbaiki,3
kebanyakan iklannya,3
goodenak dengerin musik sehari,5
bikin,5
dikit dikit iklan kali gak iklan kali ngomong iklan gak apaapa tibatiba iklan bikin ngeselin bikin gak asik pengen kali bayar pake premium suka spotify muak dikit iklan,2
jelek bner,5
da be,5
bagus sih kesini mahal premiumnya kalo dikasih diskon kayak k gitu,5
bagus banget bayar seruu banget makai nya kayak ngerjain pr ngebersihin rumah enak banget pakai spotify asli,5
semangat dengar lagu main game,5
kesini gratisan iklan,4
musiknya,5
bagus pollll,5
udah bayar pilih lagu bayar tolong bayar hapus spotify ya semoga liat tuan nya,1
apk nya cocok bgtt yg dengar musik yg ngegalau musik aja,5
mantap nya,5
lagu kesukaan,5
aplikasi bagus,5
aplikasi nya bagus mudah sayang membeli premium memutar lagu dasar kikir,1
iklan sampe x klik,1
musik lengkap playlist nya,5
hiburan cocok dah,5
spotify hidup ku karam dilaut sepi,5
suka bangett baguss,5
bagus lagunya download,5
gak macet macet lagu nya lovvv,5
cocok nemenin luang dengerin lagu lagu favorit liriknya intinya bagus deh lope lope spotify,5
baguss banget makan lipet baju,5
lagu menarik caricari,5
maaf ya kasih bintang musik doang nomor telepon email nya,1
mantap ni aplikasi minus nya iklan,5
enak lagunya lengkap irit memorigak koneksi yg cepat lacar dengerin music lag,5
bagus iklan aja,3
baguss gratis,5
kebanyakan iklan nonot,2
hp gua patah patah kaya dj tabola bale wkkwkwwkwk,1
pengguna gratisan gimana gituu iklannya nambah bangett ganti lagu langsung iklan lagu iklan jujur ngeganggu bangettt engga orang beli premium anak sekolah tolong perbaiki ya,2
musik nya bagus,5
enak musikan ngaco ngeplay musiknya sesuai parahhhhh kecewa berat,1
enak banget lagu galau nya,5
bagus orang yg suka music,5
gak masuk list lagu ya uda update,1
kumplit lagunya,5
bhroni,5
loveee banget dehhhh,5
sukaa bangett spotify nemenin kegiatan sehari luvv luvv bangett,5
aplikasi bagus bangetsering memakai nya bosen main game nikmat banget,5
aplikasi bagus apik request lagu terima kasih,5
mantap lagunya lengkap,5
bagus,5
aplikasinya ngelag ya,1
spotify asu gw ganti lagu langsung diksih iklan mentang gw paket premium,1
suka dengar lagu spotify,5
beres lagu iklan mutar lagu hasil pencarian iklan gitu aja cik,2
wow,5
sanga bagus,5
mantap dengerin musik dimana,5
n y o co t,5
aplikasi sampah isinya iklan doang minimal mikir developer mend yt iklah durasi detik lu pake detik iklan selagu lagu detik iklan mikir udah iklannya spotify mikir evaluasi bikin iklan durasi singkat kalo bahasannya spotify bair ga kabur user lu,2
kikir,1
keren abis,5
bagus kalo lagunya batas putarin ya kasian gak uang beli premium,5
iklan bikin jengkel gabisa skip iklannya,2
vamossss,5
bs denger musik dg nyaman,5
investor genosida,1
bagus membatusip pokoknya,5
laguuu nyaaa enakk didengarrr saattt sedanggg beresss rumahhhtugasss sekolahhh dannn kegiatannn lainnyaaa,5
teman kerja teman nongkrong teman,5
aplikasi nya iklan setel lagu,5
like,5
fun,5
menikmati musik nya,5
bolee iklanya lohh gpp ga premium ttp bagus,4
iklan nya dikit iklan,3
pokoknya top,5
spotify cocok suasana apapun,5
,5
iklan mengganggu fokus menjengkelkan,1
iklan kacau,1
pakai sporty gratis tolong kurangin iklannya minimal lagu iklan ganti lagu iklan mulu iklan mulu tolong kurangin,1
daftar akunya mu daftar akun tunggu ber jam jam muncul titik malas pake spotiyf tolong perbaiki ngebak ngebak mulu ah malas,1
okee,5
bagus lagu lengkap,5
force close ganti musik udah premium,3
klo apk spotify suka bunyi sih ganggu banget,1
iklan cuk,3
jing kesini bejibun aja iklannya milih lagu muncul iklan apcb ganggu bet iklannya dtkan,3
pengen spotify,2
aneh dengar lagu langsung iklan kadang hidup habis langsung iklan premium trus dengar lagu kali hidup lagu iklan gitu ga aja iklan,1
byk iklan premium,2
top apk music player,5
gk download lagu gratis,5
play musik jam play musik notif berlangganan play musik perasaan nggak gini deh,1
suka mendengarkan lagu favorit,5
pokoke mantap,5
bagussss banggettt plissssemuaa laguu adaa,5
love the generousity of the app to let us hear the real song,5
beli pake berlangganan stop,1
dukung isriwil kocak lo,1
apalah kesini banget iklannya ganti lagu iklan ganti lagu iklanmakin kesini kapitalis,1
iklannya mengganggu whoiii,4
suka tp iklan trs,5
ga lirik nyaaaa,5
suara bagus,5
kali lagu nya mati nya normal mati apk nya nyalain lagunya,2
kecewa,1
bagus banget,5
bagus,5
kasih bintang susah memutar lagu skrng tolong kembalikan update update memutar lagunya mudah susah mode acak,5
kalo bosen dengerin pocdcest,5
dengerin lagu playlist lagu random sportify mohon kayak gini males dengerin mend apk sebelah ulasan ku yg kasih bintang bener pliss kek gini ok,1
bagus lagunya seru,5
lagu nya bagus cocok dengar,4
serba premium najis,1
bagus bangetdan lirik nya,5
ok mantap,5
iklannya jgn sampe siallll,1
lagu nya cocok galau,5
aplikasi tersimpe,5
bagus banget lagu nya suka suka,5
suka aplikasi tolong download nya gratis bayar bayar terusss plis kasi download lagu gitu gak bayar ya pliss bayar nyaaa,4
kikir bet ni apk,1
iwak,5
nyaman spotify versi kesini fiturnya persatu berbayar pilih salah musik playlist aja ga langsung milih diacak lanjutannya acak kadang musik playlist ga diplay musik dikit iklan sampe menitan,1
baguss banget enak denger,5
ya suka aja,5
perusahaan,5
chatgpt masuk bilang ceritakan chatgpt bilang gambar unggah ilustrasi tokoh pria berpakaian tradisional latar kuning mengenakan pakaian berwarna merah topi khas diasosiasikan tokoh sejarah legenda indonesia ciricirinya gambar kapitan pattimura thomas matulessy pahlawan nasional indonesia maluku terkenal memimp,5
enak mendengarkan music kesukaan,4
lagunya bagus banget rat bintang,5
lagu nya seru banget,5
kadang sulit buka kadang error,1
asik temen klo,5
cocok pemusik,5
bagus,5
enak karna aplikasi lagunyatapi cuman iklannya doang ganggu nggak premium,4
bagus bagus mengem balikan muud,3
bestt donggg,5
kebanyakan iklan nya malas kayak ku hapus,3
aplikasi bagus rekomendasi,5
suara diterima ga putus putus,5
enak tp aturannya klo yg gratis,4
dibuka,5
bagus mendukung nyaman mendengarkan lagumusik,5
lagu nya jelek jelek banget spotify macet banget lorik gak uuuuuuu,1
,5
thx for all songmake my imagine come true,5
bagus lagunya berputar sesuai mood,5
udah iklan,1
gw saranin pake premium yg ga premium kebanyakn iklan ngntd,1
nggak iklannya aplikasi aneh ngomong tok,4
baguss liat lagu sepuasnya,5
aplikasi ny bego,5
so far so goog,5
apk kebelet haji,1
mantap musiknya dikit premium,5
kecewa banget boykot yaa guuuyysss,1
spotify play lagu ya android,3
iklan brutal frekuen ngotak dikit anj,1
lagu nya super lengkap genre aja semoga berkembang maju ya spotify,1
be the best,5
nantapsukses,5
menarikdan enjoy,5
ternaya iklanya gak replay otomatis,2
shuffle nya bego ajg,1
apk nya keren,5
kualitasnya bagus suaranya enak didenger,5
lagu yg enak d dengar,5
beli paket individual stelah klik metode pembayaran pilih spotify stelah klik lanjutkan metode pembayaran wktu pilih notifikasi terhubung coba dicoba berulang tolong diperbaiki,1
just love it,5
omong bacot balasan ga berguna,1
iklan uninstall beralih aplikasi,1
mantap dengerin kerja,5
sengaja berlangganan spotify dana,1
tolong iklan nya ya,5
update dibuka posisi flight mode muncul layar hitam aman playlist download,1
iklan memaksa membeli premium,1
kenak iklan pas reff train wrack,1
aplikasi keren tolong ya iklan nya kurangipokok nya mantap,5
apalah lagu iklannya asu,1
salah terbaik mendengar lagu podcast fiturnya ku lengkap membutuhkan premium udh bagus ku kekurangan memiliki premium daftar lagu diputar aja shufflepintarnya berfungsi sekian,4
akun drivers ku anyep,1
boikot applications that support war,1
iklan nya memuakan,1
skrg iklan aj ampe mn kadang suka diputar lagu yg dri playlist dg tulisan direkomendasikan trs kadang ad lagu yg ga keputar habis udh ganti lagu yg jujur ganggu banget,3
aplikasi kebanyakan iklan nya putar iklan suda aplikasi cari untung aplikasi sampah,1
sayang sport genocide,1
mine iklanya doang enak lagunya mah,5
iklan mulu kurangin iklannnya ya,3
lagu udah membenci iklannyaterlalu saran kurangi aja iklannya terima kasihhhh,4
jelek nasibmu olx,1
mantap dukungannya aplikasi,5
bagus sih fiturnya,4
apk kikir,5
mendengarkan lagu tenang kadang iklan gapapa suka spotify,4
bagus bagus,5
bagus banget gua dengerin nya tidur sad galau,5
spotify koneksi tiktok koneksi instagram,4
bagussssssss,5
okla,5
bagus saran nya ngelag petbaiki ya,5
bagus spotify,5
myaman musicnya spotrtify lite,5
ga recomemd apps bqru pake ga premium lagiyg bln rbrugi sayaga khabar suruh beli paket recomendga bad,1
eror pengenditan urutan lagu,3
spotify ngeselin kali ganti lagu ato ulang lagu ga anjir dikit iklan kek iklan mulu anjir muak gw kurangin iklannnya pls spotify dlu ga seserakah plsau ah muak,1
menghibur d bete,5
kadang iklan hehehehe,4
baguss bangett mendengarkan lagu manapun ituu intinyaa rate sihh kekurangannya sih menurutku banget yaa masuk apk nya gaada sinyal atauu hpku aja bermasalah selebihnyaa baguss,5
ya spotify iklan parah kali gua putar lagu aja iklan tolong spotify iklannya minimal bikin iklannya kayak aja gak iklan,2
sangan bagusdan spotify menenangkan,5
apk nya keren iklan,5
oc banget lumayan,3
musik lengkap pokoknya asyiiiiik,5
enak banget lagu pas langsung cari,5
ganti lagu iklan melulu parah ga asik minimal jeda la,1
iklan plisss kurangin,3
lagulagunya lengkap mudah menggunakannya tolong pengguna premium biayanya mahal,5
laguya enak dengar wkwkwkwkwkwkwk,5
sngat bnyak iklan iklan ny tu kya mksa yg pke spotify free join premium bgiku,1
puter lagu apaapa list udah ajak premium ga putar besok muter iklan spotify udah gini ya,5
terkadang lagu liriknya nggk,4
iklan nya mohon dikurangi,4
seru lagu spotify,5
ak bintank pls balikin prem mini ak tipe orang kl denger lagu sebulan cmn kali aja dengen prem mini tuh tertolong karna menghemat duit,5
aplikasi musik oke,5
kebanyakan iklanjadi ganggu,1
bagus gak pas gak internet kalo update jadiin download yaternyata pake premium kali premium fitur gitu download nya kalo premium gak gitu,4
spotify kikir,1
mantapp,5
aplikasi bagus sad kesepian dengar lagu,5
serba komplit,5
good,1
ni aplikasi gg sih main game horor biar tenang ngerjain tugas kendaraan,5
on ol,5
paksa member premium wkwkwk kocakkkk,1
main game ga enak bangetcontohnya game epep lagu nya bagus suara nembak nembak ga gitu,1
sebel spotify alih premium via pulsa gabisa pake ovo koneksi mulu gajelas,5
seru pakai spotify,5
bagus dengerin laguu,5
good apk,5
mendukung barcelona,1
kania diandra prameswari kania diandra pramewari andi ika nendra,5
lagu naya asik asik tulisan ngapalin,5
iklannnya ngeselin coo,1
mantappp tuk nemenin aktivitas seharihari,5
,4
tolong hilangkan shuffle pintarnya menggangu pas dengerin nonstop perjalanan pdhl udah nentuin playlist ato milih penyanyi tp buyar karna shuffle pintar ngaco bentar unisntall kalo ngaco shuffle pintarnya,1
spitfy music,5
iklannya buanyak bgttt,2
musik nya bagusn pokok asyik utk putar n aplikasinya bagus banget,5
rekomended banget hp ga on tp musik jalan,5
dunia musik,5
lumayan perbaikan fiturnya,5
terafiliasi zionis plis bgt sorry ya im go to unsubscribe and delete the app i want to make spotify regret choose the wrong side,1
klu bs paket mingguan,5
easy to find music,5
bagus gabisa setel lagu aplikasi ga kaya,4
aplikasinya bagusdan mencari musik yg cari ga susah,5
app kikir,1
boikot spotify,1
bagus banget tp bagus klo iklan nya jngan,5
lagu daerah ter updatetapi mantap,4
bagus stabil,5
i love it,5
membantu mendengarkan lagu favorit,5
asikkkkkk dah gitu aja,5
music keren,5
bagus tapigak offline,4
the best one,5
lengkap lagunya,5
saldo dana kesedot ga beli,1
menarik,5
membantu dengerin musik,5
musik spotify enak didengar spotify lagu nya keluarin aplikasih nya matiin hp lagii pakek hedshed lagii,5
serba premium hp aj kenttang,4
bnyk iklan,3
minus berbayar aplikasi,5
iklan lancar pas dipake yahh standar lahh,4
bagus sii iklan nya ga ngotak yg ga premium dengerin lagu iklan kikir banget pdhl dlu ga kikir kebelet haji ya,1
langsung tertidur,5
lagunya bagus,5
bermanfaat,5
bagus kikir,3
bagus spotify,5
kebanyakan ngemis premiumjadi eneg dengernya,1
apdet spotify udh download kali,4
spotify kasih promo rp aplikasi mumpung promo ku ambil dh kali premium pas klik bayar error website rp konsumen bingung kesannya mancing tolong perbaiki sistem promo biar transparan,2
jozz mantap,5
iklannya ginii g kaya,3
kebanyakan iklan nya ga maksa bngt premium njir kebelet umroh ap gmn,1
aplikasi busuk ga berlangganan aja iklan nya sampe coy gada otak emg mend apple music kemana,1
ku melepas penat,5
aplikasi membantu menemani perjalanan kendaraan lagu lagu sesuai selera terima kasih mewarnai hidup karya menginspirasi,5
menikmati musik,5
mantap lagunya,5
seru banget ihh,5
guuud,5
ga seru cuk infes nya parah etika bro,1
aneh masak stel playlist eh lagu engga masuk playlist putar,3
gratis lagu yg,5
mls banget kalo video iklannya si iklannya mendingan aplikasi sebelah,3
sebellll bangett updatean terbaru bikin ngedit playlist mindahin lagu gak seresponsif bikin gak mood,1
ilangin iklannya premium,4
maksa premium jir stiap kali puter lagu iklannya ga ngotak kadang sampe kali kali lagu,1
kerenn euyy,5
spotify membawaku muda,5
kebanyakan iklan shuffle nya ga variatif ngeskip lagu batasannya kadang lagu bener bener overplay bgt sm aplikasinya,2
iklan terusssssss lamaaaa nyuruhhh kep premiummmm dikit uklannnnnaplikasi,1
aplikasi penipuan pemerasan menerima langganan paket menghapus nya sulit d kunci aplikasi merugikan kehilangan saldo rekening mohon perhatikan d perbaiki rugi memakai aplikasi d potong saldo rekening,1
ga lagu bogat toigunya ga asik,1
download maksa banget suruh beli yg premium kalo g beli lagunya ngacak gw pilih yg eh kasihnya yg aneh,1
asyik,4
keren,5
cocok orang sad,5
i love spotify,5
,4
aplikasi bagus,5
laguyang bgus,5
bagus bgtt stream dibelakang layar playlist seruu poll,5
lagu gratis,5
sih bagus kebanyakan iklannn lagu keputar tibatiba iklan,4
mantap bgs bgt,5
iklan musik kocak nih apk,1
mendengarka lagu,5
bgusss,5
iklan trs anj,1
pilihan musiknya random milih lagunya ngga enak aja lagunya puter,1
ga tau spotify,5
menyenangkan headphone main game,5
enak enak lagunya,5
mend langganan youtube dengar lagu video matiin lagu ttp nyala murah spotify mahal bangke,1
parah klik lngsng iklan habis lagu iklan,1
najiss dikit premium coba mend aplikasi sebelah sih gw mah,2
bagus banget bermain game jalan lagu keren suka,5
aplikasi isinya iklan suruh langganan premium mw skip premium iklan segunung putar musik jg premium cba kasih bintang biar lihat ya tp bgt skip lagu aj hrus premium kritik yg jujur yg bener opini ya d suruh premium,5
bagus,5
apasih beli premium transaksi gagal tolong perbaiki,2
pelit ga liat lyric klik lagu premium iklannya banget,2
kali lagu iklan kali lagu iklan lg males apus aja udah,1
apik iki wae ketagihan dengeri lgu wenak poll,5
udah enak pengen dengerin lagu sesuai urutan bayar nya gratis sesuai urutan menekankan premium nyetel lagu suruh langganan premium dengerin lagu dimana pengen dengerin lagu doang woi,2
dengar lagu,5
bagus saran kurangi iklan nya ya,4
bagus emang ga offline ya,5
aplikasi jelek kasi bintang,5
bagus bangeeeeeeeettttt,5
kebanyakan iklan bangkw,2
iklan mutar lagu langsung iklan iklan kali dengerin musik,3
minimal meminalisir iklan non premium kasian yg non premium dikasih iklan puter lagu,1
banget iklan nya lambat pokoknya aplikasi terburuk jumpai burik,1
tolong adain liriknya stiap putar lagu gada liriknya,3
ok goood,5
pokoknya aplikasi baguss bgt,5
senang hiburan joget bahagia,5
best music,5
seru,5
iklan nya ga masuk artis persenwkkwkwkw,5
top,5
iklannya ngebug ganti lagu iklan iklannya ngestuck gk jalan jalan ganti lagu,2
iklan mulu kotnol,1
rekomended si but gedeg bangett gila iya tau akunya gratisan tpi berbatas laah,1
puassssssss,5
,4
aplikasinya bagus kalo jog dengerin lagu hp mati,5
bagus,5
teman kerja lumayan lengkap,5
pas dengerin lagu kerja,5
iklan,3
the best,5
woi nggak dihilangin iklannya iklannya lagunya,2
bagus menyantai,5
gᥙᥲᥲ 𝗍ᥲᥒᥡᥲᥲ sіᥲᥲᥲ ᥡᥲᥒgg ᥱr𝗍ᥲmᥲ kᥲᥣі ᥒgіძᥱ ᑲᥙᥲ𝗍𝗍 іkᥣᥲᥒ ᥲһkk gᥱrᥲm ᥒᥡᥲᥲ,4
putar lagu aplikasi kena royalty nggak sih,5
apl no gaslah tingkat,5
cocok santai top banget,4
iklanya tood mend apk sebelah,1
sipp bgttt apk nyaa dengerin laguuu,5
taraaaapeeiiiii oke bangat,5
terima kasih mengembalikan uang ku sukses,5
lagu apk nya bagus tpi knpa blkngan aplikasi masuk aplikasi lagu nya mati ya ga kyak gini,3
lengkap anjay lengkap,5
seruu bgt orang galauu cocokk download apk siehh mainin ular spotify pas cek gaadaa ya tolong yaa,4
okelahh broo,5
bagus musikan pas lengkap spotify,5
mantap,5
bagustapi tolong kalo muter playlist berurutan lagunya lahjan acak,4
sfotify bgus mendengarkan lagu bermain game kasih five,5
bagusbanyak musik yg dengar,5
𝗯𝗴𝘀 𝗯𝗻𝗴𝘁 𝗲𝗻𝗮𝗸 𝗱𝗶 𝗱𝗲𝗻𝗴𝗲𝗿𝗶𝗻 𝗹𝗮𝗴𝘂𝗻𝘆𝗮 𝗺𝗲𝗻𝘂𝗿𝘂𝘁 𝗸𝘂 𝗺𝗶𝗻𝗲𝘀𝗻𝘆𝗮 𝗰𝘂𝗺𝗮𝗻 𝗱𝗶 𝗶𝗸𝗹𝗮𝗻𝘆𝗮 𝗮𝗷𝗮 𝘆𝗻𝗴 𝗹𝗮𝗶𝗻𝘆𝗮 𝗴𝗸,5
keren banget deh,5
iklanya ngga ngotak,1
aplikasi yg bgus,5
lagunya enak enak,5
maksa dowload buka capcut apus aja tuh,1
layanan bagus audio musik mulus,5
keren banget dengerin musik ngegame musiks nya bangett pokonya the best lahh,5
suka aplikasi bintang,5
asik musik nya,5
gak tau komentar emang bagus aplikasi gak minus nya palingan minus nya premium gak premium gak paksa beli premium kaya aplikasi i love youuu o,5
ya suka musik spotify,5
iklanya,1
si music nya batas,1
bagus bangett hp mati ttp denger lagunya buka aplikasi kecuali youtube denger lagunya,5
iklan coba kurangi iklanya,4
plis bgt iklan nya,5
senang,5
kadang mutar musik,2
sih kehalang iklan buruk jugaa,4
suka aplikasi tidur nyenyak dengerin lagu,5
bagus ya kasih bintang bantu tidur,5
lagu liriknya nya ga lirik yg dinyanyikan,3
spotify nya bagus bangett,5
sukaaa,5
jujur udah bagus sih dengerin musik wlaupun kluar aplikasi fitur download offline nya berbayar ya tolong fitur berbayar,4
tolong hilangkan iklan nya,5
perasaan dengerin music dah dengerin iklan,1
ikan nyaa,1
teman setia mendengarkan musik komplit,5
teman dimana kpn,5
iklan nyebelin selebihnya gk,5
bagus iklan nya,5
apk bagus mendengarkan music,5
aplikasi suka ngebug,1
app membantu sepi perjalanan semenjak premium mini hapus bingung berlangganan harap aktifkan premium mini,3
pelit mah uekkk,1
aplikasi music keren,5
bgus tpi bnyak iklan,4
ganggu iklan,2
mantab seru asikkk,5
aplikasi,5
emg kebanyakan iklan gmn lagu iklan anjerrjd ga nyaman lo,1
mutar musik online pilih peremium lawak kebelet haji,1
bagus banget lagunya suka,5
app bagus memakai spotify resah iklan iklan nya terkesan memaksa membeli fitur premium lagu iklan iklan bandingkan akun spotify iklan,2
dikit dikit premium,1
tes,5
spotify bagus pilihan lagu nya debes,5
lagunya enakeun,5
bagus banget ya makasih,4
enak dengerin lagu gak youtube dengerin lagunya,5
hemat,5
bagus banget masak and nya dengerin spotify,5
ga lagu suka mati berkali berulang iklan numpuk dengerin musiknya cuman menit doang sisanya iklan ama bug mati lagunya,1
lagu pencet yng kluar suru hpremium kalok gk kayak gtu,1
nice brohhh,5
sampah iklan user gratis,1
coba klo offline muter musiknya disimpan favorit ku bintangnya,4
plis gue ngeluh banget spotify ya gue denger lagu ya pas gue ngidupin lagunya setelahnya pas gue ganti lagu iklan kayak ganti lagu ga kayak gitu contohnya gue ngidupin lagu wayv lagunya selesai gue setelahnya pengen denger lagu wayv pas gue ganti iklan gue ga beli spotify premium ga kek gini putar langsung iklan,3
stay tone,5
spotify music menyenangkan mudah mencari lagu yg,5
udh tahunan pake spotify kesel bngt beli premium individual pajak error dikit periksa jaringan pengaturan terpaksa beli mahal perbaiki dikit astaga,2
aplikasinya bagus bngtt,5
apk bagus,5
asik menarik,5
bagus suka cuman nda kurangi iklan nya,5
anu spotify maaphp ku ngelag bgt ku unistal mulu tolong yah munculin daftar pake no telponsoalnya gabisa pake no telpon gara gara unistal mulutolong yah spotify,5
apk nya udh bgus sih kurangin dikit iklan nya,3
bagus banget aplikasi nya tpi pilih lagu ad iklan nya,5
bagus aja sihh,5
langsung aja kasi,4
iklan,3
baguss lengkap,5
kembalikan premium mingguan woe,4
shuffle nya kaya shuffle maksudku gak bener bener random kadang lagunya aja putar berkali kali lagu keputar playlist,3
ganti musik wajib iklan menitkurang ajar emang,2
maaf ya iklan nya kebanyakan iklannya sampe kali berturutturut banget,3
menit kasih iklan lagu abis kasih iklan lagu menit iklan klo gitu aja tolol emang iklan,1
iklan nya gak iklan ap ko ad iklan lwck kadangkadang gak putar lagu,1
keren musiknya lengkap,5
kesinispotify kikir jirr ya kali milih lagu diputer doang premiummending gwe pake resso ajah ayo guysboikot spotify,2
suka musik iklan,5
untungnya ni aplikasi bayar pajak ga bayar downlot premium lagu yg putar gratis klu putar ber ulang tuh lagu premium sporty menjual hak cipta lagu kah sporty bayar royalty perlagu sporty tlah mengambil keuntungan bilah bayar royalti pencipta lagu penyayinya tolong pijak yg sporty legal kah,1
keren deh temenin belajar,5
aplikasi rusak dikit langganan,1
spotify udh wort it pengguna free lagu iklan siklusnya laguiklanlagu wkwk play lagu langsung serbu iklan dst,1
bagus banget wok,5
iklan stick gak dengerin musik,1
apk nya bagus sihh lagu cari gk aplikasi nambah nambah iklan,1
bagus banget aseli inimah no fek fek,5
aplikasi music terbaikkk,5
bagus banget kalo dengerin musik main game,5
manttaaaapp,5
iklaniklan,1
bagus sih recommend suka aplikasi nyaa,5
sampah berharap orang beli premium make numpuk iklan,1
denger lagu aja iklan nya x,5
serugalausedihsenang lagu nya bagus,5
sangatt cocok perjalanan,5
musik asik sumpah macem macem lagu dispotify cthkalian dengerin lagu kesukaan disiini,5
suka spotify musik situ kalo mendagarkan musik dingal cari pencarian,5
baguss bgttt,5
muter lagu tulisan premium muter lagu aja premium denger lagu doang gih,4
lagunya enak banget dengarkan,5
jelek lagunya yg gak pencarian,1
udah bagus cuman iklan aja masuk premium biar gk iklannya,4
iklannya tau free tp lagu langsung iklan ga nyambung muter lagu biar relax nambah stres,1
iklan ajaa,5
bagus abiss enaken lagu nya,5
bagus kadang gak liriknya,4
bagus,5
kebanyakan iklan,1
bagus sekai kalo nilai,5
bagus,5
intinya kalo dengar lagu,5
nice app,5
iklannya menggila gess,1
akun ku gk bikin sandinya salahaku bikin akunnya seharian hasilnya gk,1
memvantu,5
great music app,5
spotify sngat bgus,5
lopyuuu spotify,5
bagus membantu,5
lagu nya bagus dah lengkap suka banget,5
lagu lagunya baguss banget,5
knp skrng ga paketan mingguan,3
bagus tali mahal premiumnya,5
spotify aplikasi dengar musik kesal kadang kadang bau dengar musik iklan nya langsung spotify the best lahh,5
iklan,1
iklan nya eoi,1
kebanyakan iklan dikit dikit iklan,5
dengerin lagu enak banget buka aplikasi gampang buka aplikasi ngedengerin lagu rekomen banget spotify bagus banget,5
suka banget spotify dnger lagu yg ingatkan,5
suka bangatt kalo dengar lagu apk lagu deh,5
musik nya,4
musik merubah susana ku terima kasih orang apk,4
pembatalan premium bermasalah jaringan lancar terkendala fi terhubung menyebalkan,3
aplikasi sngat berguna,5
lumayan gaya gayaan pas main game,5
dengerin lagu iklan ga premium bug,5
memutar spotify bermain game menyalakannya tidur,5
free premium,5
sempoi,5
mantap dh doang,5
bintang,5
my sanctuary of melodies,5
lagunya jernih mantap enak dah pokoknya,5
cuman iklannya panjanglama,3
nyaman bgt pokoknya pakai aplikasi inj,5
offline,2
apk rusak kebanyakan iklan,1
nyetel musik iklan iklannya nedengerin musik keburu emosipokonya gasabaran pengen cepet gak rekomen download apk kecuali lu sultan beli premiumklo gw mah kaum mendang mend drpd belli premium spotepek,1
okee,5
info premium,5
kebanyakan iklan putar lagu x iklannya x detikan,1
menyenangkan memuaskan,5
seru banget dengerin lagu lagu favoritkuu kasih bintang yaaaaa bagus bangettttt banget banget,5
lagu bagus suka lagu,5
lumayanlah,5
baguss,5
spotify aplikasi dimana suka banget,5
minus iklan aja sih,5
bagus aja aja sihhh,5
enk lagu nya tolong ilangin iklan nya,4
𝘣𝘢𝘨𝘶𝘴 𝘣𝘶𝘢𝘯𝘨𝘦𝘵𝘵𝘵 𝘭𝘰𝘱𝘦𝘬 deh,5
free user friendlybiasanya mengklik lagu limit iklan sajasekarang limit lagunya acak,1
muter sptfy hp lemot banget suka ma apk g tau jd lemot pdhal hpku storage nya hny buka apk yg lemot g tau knapa pdahal sukak bgt ma sptfy,4
iklan bayar,2
iklan maklum lagu putar kali sehari gabole,1
sodap lagu nya,5
tq ur songs,5
cari lagu spotify bagus lagunyaa kasih bintang bagus,5
bagus beristirahat mendengarkan lagu hp nya mati lagu nya nyala,5
musik musik nya lengkap bagus seru banget klo setell,3
𝑠𝑒𝑟𝑢𝑢𝑢 𝑏𝑛𝑔𝑡𝑡𝑡𝑡 𝑙𝑎𝑔𝑢 𝑛𝑦𝑎,5
kembalikan paket mini sporify,1
spotify cocok merasakan sensasi musik,5
bikin rileks,5
kumplit musik nya mantap,5
saran menambah lagu yotoube suka musik slow yotoube spotify,3
iklan,5
aplikasinya si bagus ya pas login pakai nomer wa tuh gabisa muncul tulisan nomer wa salah coba pakai nomer nomer wa udah bener kualitas internet ku bagus tolong benerin ya spotify isi akun ku lagu kesukaan ku tolong bngt ya spotify,5
coba klo iklan aq apus,5
iklan nya lebay bgt uda,1
sihh setiapppp update aja bug playlist gw ilang lagu kaga d putar gak dev becus kalo ngurus aplikasi kalo lo gak ngurus pelanggan kabur dn gk langganan,1
menikmati dgn,5
omak my fav apk kikir play lagu iklannya sampe,2
apk cocok bngt cari lagu nyantai kerja galau tidur,5
lagunya bkin galau bagus dengar,5
musik suka tibatiba berhenti mute,4
lemot pas beli paket premium susah suka error,4
kagak langganan yg diskon woii,1
apk nya bagus kalo main game tibatiba mati enak,4
bagus iklan nge lunjak tdi nya banget iklannya pemutarannya dibatasi bikin kesel nawarin spotify berbayarnya kayak maksa banget situs iklan spotify berbayar iklan kuota saran kurangi iklannya pembatasannya bikin mulu dikit dikit suffle pilihan,1
i really like this music application congratulations to the developer,5
iklan mulu suara iklan suara musik x putar musik iklan udah gitu klo stel musik gk nex,3
omagaaa,5
sukaa bangett i lop spotifyyyyy lopp lopp,5
pilihan lagu yg sukai,5
mudah dlm memilih lg byk albumnya,5
asu iklan,1
bgt iklannya biji anjirrrr gileeeee,1
ad batasan tampilkan lirik liriknya tugas sekolah,1
enk banget lagu nya tpi bayar hmmmmm,4
bagus banget,5
enak dengar malas nya promosi,5
lagunya limit gak bagus,1
its the best,5
be aja,4
keren lengkap koleksinya,5
suka promo auto beli,4
spotify tombol repeat update hapus cache,4
aplikasi udah iklaniklan nya nya putar lagu iklan lagu putar lagu nya nggak sesuai lagu keputar bagus banget aplikasi pendengar gratisan sayatapi saran coba premium pemula aja udah sediakan jamin nggak kecewa cuy gw premium kali langsung premium ya nggak suruh masuk pin transaksi,5
iklannya kebanyakan kocak dasar apk kikir,1
sngt bgus bikin santai nyman,5
bagus iklanya,5
bagus lagu nya,5
suruh denger lagu iklan tpi iklannya gbs play,1
iklan nya mengganggu bgt kalo mw ganti lagu iklan pas ganti lagu otomatis iklan nya bnyk bgt sampe iklan pake kouta bnyk iklan nya dri lagunya org rugi dengar lagu santai nonton iklan beli premium,1
applikasi nya bagus lagunya lengkap minusnya lgu diulang premium bad mood deh,4
bagusbiar bintang yg mnilainya,5
spotify yg terbaik yg minggir,5
membantu dengerin music,5
apk bnyk iklan na denger lgu aj ribet,1
iklannya sedikitkurang brobiar orang males pakebelom limit milih lagu,1
apk nya dah bagus gak niat promo kasih kerna pas ane tawarin paket premium tanggal agutus gak bayar apk gopay error dianyanamun pas pake paket premium,3
bagus bangt sayang engga offline,4
bagus memambu,5
ato lagu iklan masingmasing iklan durasi detik sehari batas memutar lagu x nya random males banget dah makai spotify,1
aplikasi dagus,5
tolong spotify memencet lagu playlist aplikasi nya sendri nya mencoba tolong diperbaiki,5
bagus sih offline,5
oke keren,5
enjoy the music,5
kebanykan iklan,1
kapitalis iklan,1
pemutaran musik tersendat,5
even indie artist from unknkwn playlist exist in this app,5
aplikasi rempong bnyakan iklan nggak,1
iklannya kacau bgt skrg play music ad iklan bgsfd,1
lagu nya kerenkeren banget,5
bagus semuaa musik good,5
bagus podcast horror tolong dikurangin kak,4
ngelag,3
iklan,1
bagus bangat coo,5
iklansatu lagu iklan,1
ok,4
iklannya maksa banget beli premium maklumin iklan lagu kelar langsung dihantam iklan yg g skip,2
bagus bangetpaket murmer but hasil juara,5
pembayaran via dana minn,4
udah pewe beud sbnernya pake spotify hmm lagu listku hilang yaaa skrg maksimumnya utk lagu didalam list lagu ato ngebug sayang banget lagunya dah ku kumpulin hilang udah sampe logout trus login lg tolong bnerin lg ckckckk,3
memperpanjang premium gbs bayar gopay knp ya,1
ggod,5
enak santai menikmati kuota,5
ga beli premium aneh,1
aplikasi yg keren,5
menyenangkan ku adem menemani kerja mudah lagu musik handphone nya simpan tas dll,5
benarbenar menghibur,5
bagus banget lagu upin ipin citacita ku,5
tingkat udah bagus,4
mantab membantu,5
lagu nya jedag jedugnya,5
baguss bgtt,5
bagus suka banget,5
sukak bngttt,5
iklan aja mengganggu banget,1
bagus lagu nya enak,5
ga pake,1
app musik terbaik,5
spotify gk,1
sesuai,5
lagu iklan,1
nice kalo galau,5
bagus dgn lagu apk ny,5
bagus memuaskan,5
menghibur mendidik,5
fitur download nya kadang gk download kalo langganan abis download ulang sampe gb karna daftar lagu disukai,1
iklan yg,1
,5
bagus ajafitur kebanyakan premiumiklan nya ga asik premium mulumilih lagu aja premium jirriklan buanyak bgt jir muak bet sad muncul iklan hororyahhh intinya bagusasal kikir kikir spotify,4
mantap asik bngt,5
bagus kali sihhhh seruh intinya,5
spotify keren,5
serius nih penggunaan free dikasih kuota terbatas kalo ngeplay lagu,1
bikin liat aja yng nyimpen playlist kitapremiumnya dibikin mahal gapapa tetep gua beli hehe,5
applikasi nya jelek pas masuk gk kesel banget sempet banting hp karna gk tolong gimana,1
sempurna,5
aplikasi gk,1
premium ga milih lagu,4
spotify bagusstetapi iklannn,5
tiada,5
bagus banget,5
lagunya bagusbagus lagii,5
aplikasinya keren premium bruh,3
ehh bagus sih bagus iklan nya banget woii muak bgt denger iklan spotify sybauu,1
download apk ngelag uda gitu keluarran,1
bagus banget iklan nya sampe menit,4
bagusgk ngelag hp ram kyk game jugaintinya cocok banget hp ram keatas lirik lagunyaapalagi podcast nyacocok banget sam suka nonton podcast,5
apalah gua stel musik premium kon,1
iklan nyaiklan ny smpek jdi suka,1
enak dengerlagunya lengkap asik banget,5
biasany iklan ttp nyetel lagu iklan skarang lagu iklan,3
aplikasi baguss bangettttt,5
enak enak lagunya sad pas maen game mlbb,5
bagus banget gilabisa banget belajar dengerin musik aplikasi bagus bangett belajar galau ygyg,5
musik acak premium amjirlah,1
bagus,5
lagunya enak bgt cocok santai main game tidur enak ad iklan sebentar dibayar kualitas lagu enak dengar,5
spotify bagus dpt memilih music yg mw,5
enak dengar,5
lagu enak,5
koleksi lagunya lengkap banget best,5
aman ter awasi terima kasih,5
mantab aplikasi fitur menu nya,5
dengar lagu be your idol ngelag golden pencet be your idol,3
nyetel musik langsung muncul iklan poke poke,2
bagus main game,5
suka bug ga terkonek dgn internet lagu nya ga play,1
dikit dikit iklan,3
good apk,5
iklan teros anjing,1
omg aplikasi musik the bessttt kalo stress tinggal nyetel lagu lagunya lengkap buangett,5
kbnyakan iklantiap gnti lagu iklan,3
lu jual lagu jual iklan,1
mantap kualitas sportify,5
puas,5
aplikasi yg asik,5
cocok mendengar musik,5
bagus knp premium,5
apalah gak milih lagu,1
aja macet macet ngeleg ditunggu pembaruannya ya,4
mantap banget apk,5
pilih lagu beralih lagu detik detik iklan tolong perbaiki meresahkan,4
gk bagus aplikasinya,1
membanttu,5
oke banget,5
memudahkan mendengar musik,5
suka spotifytapi iklan nya dikurangi ya iklan aja iklan nya kadang sampe,4
iklan ganti lagu iklan,1
menampilkan lirik lagu min udah banget terimakasih spotify udah mewarnai warna,5
menyukainya,5
iklan horor buang aja g bgt,3
apk musik yg bagus tuk menemani,5
enak banget dengernyaaaplikasi bagus dikasih bintang,5
bagus bet lagu nya,5
kbnykan dengerin iklan,1
mudah mencari musik kesukaan,5
bagudd,5
bagus banget suka pokonyaa bagus lahh,5
music player that i use often until today,5
rekomen bangettt,5
suka ngebug,1
makasih ya spotify pilih genre a diputar genre yg trus mantap aplikasi pelatih kesabaran,1
menghibur bgt,5
aplikasi bagus lagii sad jog,5
tolong kembalikan fitur masukin lagu yg playlist hp ga pc or laptop,3
mantap iklan,5
,5
denger lagunya enak,4
aplikasi nya bagus lagunya enak enak,5
aplikasi musik yg keren mantul mantap,5
ngak asik banget musik iklan,1
iklan,1
apk kikir jir,2
mohon spotify iklan nya tolong cepetin suara music nya gaa sernih,3
kbnyakan iklan,1
mantap cari lagu semudah yg,5
aplikasinya bagus kasih bintang tuh iklan nya tolong banget dikurangin iklan ny udh sih doang terina kasih,4
coba pencet music iklan pencet music iklan mend kek lagu iklan,1
iklan nya anjengg,1
suka kualitas audionya,5
kebanyakan iklan,5
lumayan dengerin musik,4
bintang karna penikmat music,5
masuk apk layar gelap masuk pengaturan sulit ngefreezpdhl jaringan oke aja buka apk lancar aja malahini mode offline posisi jaringan aktif pdhl emang gak aja gak layar item,3
coba dengerin lagu slank oasis bro,5
tolong offled gk bayar bantak ta suka,4
bagus bayar,1
gaada namanya premium,1
mudah kerenn,5
karna enakk dengerin dah bikin oranggg tidorrr,5
menikmati musik spotify,5
premium oke,5
bagus banget,3
aplikasi bagus mohon iklan nya kurangi,5
memaksa mengunakan spotify premiumdan malam batas dengarkan lagujika mendengarkan lagu tunggu besok,1
premiumkan ga eror,5
ganti lagu nggak sampe selesai iklan bikin kesel spotify mohon hilangkan iklannya,1
lagu nya patah,1
iklan nya ngebrutal banget kikir yt lagu iklan kadang iklan nya ampe double ngak asli tamak kuota,1
mine nya iklan nggak banya sihh,4
spotify enak dengarkan,5
lagunya lengkap bas nya,5
mine banget premium gak bayar pakai ewalet haduhh,1
suka spotify lagu bebas pilih suka kalo iklan mengangu yah gak papa sih mengangu sih,5
kikirmasak milih lagu doabg premium,1
aplikasi dengerin musik dengerin iklan ga tau heran aj iklannya ampe kali berturutturut trs musik trs iklan lgi maksudnya tdi iklannya aj udh kali bjir jdi mood la,2
bagusss bangettsukaa,5
bagus sayangnya bayar premium mendengar lagunya,3
bagusss lagunya banyakkkkkkkkkkk,5
enak nge galau,5
rekomen lagu iklan ga ngotakkk gua kasih bintang biar liat,5
br santai,5
mudah mencari musik,5
bagus sih iklan nya loh bikin ganggu aja semoga kedepannya ga yaa,4
bagus bagus,3
apk nya bagustapi iklanya kurangin lagu iklan lagu iklan ganti lagu iklan,4
aplikasi cocok mendengarkan musik tidur belajar,5
keren,5
kikir spam iklan,1
ily spotify,5
banget iklan nya ga suka mohon kurangi iklan nya mengganggu,2
tolong dev edit playlist dipermudah jari serasa patah ngedit lagu playlist terimakasih,5
kbnyakan iklan bgt dh skrg,4
spotifytolong ijinin sekolah sy smpn jakarta selatanbiar beli paket student,5
iklannya merusak suasana,2
bagusss bangettttttt,5
kasih rat spotify mood jelek hilang,5
lagunya g diputar diulang kalo beli premium iklan,3
i dont like,1
bagus banget suara nya jernih nyetel lagu japan kesukaan,5
aplikasinya pelit banget,1
mantap bagus,5
cari lagu yg suka spotify,5
spotify gak lagu jkt,4
enakk bgtt dengerin musik sayang iklan nya adaa iklan premiumsarantapi aplikasi bestt dengerin musik,4
kecewa iklan putar lagu udah iklan gitu selang seling,1
kasih bintang karna kebanyakan iklan ya tau sih ga masang premium ya ajar iklan ampe kali kali kalo tinggal makan kelar,1
bagussssssssss,5
bagus sih cuman lelet kadang terputar gak mencet kadang gak sesuai urutankalau iklannya dikasih ilang aja biar gk nggu dgr musik klau blh up versi terbaru yg memutar sesuai urutan mengulang lagu mencari lagu sesuai liriknya kadang cri lg gk sesuai sma liriknya jdi gk ktmu jdulny tlg jgn ngebug srg ngebug ps putar lgu,4
emang ya kasih batas gitu pakai memutar musik jam menit memutar musik membeli premium pls gratis itunya ku mohon yng premium nya iklan nge download musik fitur premium aja pakai batas bayar sepuasnya nonton musim nya kumohon pls,1
kebanyaka ikan denger lagu aja iklan yaudah namanya engga premium,3
aplikasi paok orang putar musik putar laen gerot paok,1
baguss banget lagunya gratismakanya kasih bintang,5
iklanya,1
ok gais gk ya lagu kusakiti martis lock satunya lagu age age argus,5
sangatt,5
ga nyari lgi kesalahan mulu,1
bagus problem terimakasih utk spotify,5
g cari lagu kali lagu tulisannya coba jaringan kenceng,2
balikin premium mingguan nya dongg,3
its nice to be able to appear above other applications,5
knpa sih selesai dengerin podcast lagu knpa gk next lagu podcast apps pengambang masak berlangganan next lagu podcast minimise,5
musik,5
daftar nya susa njir,1
overall bagus rek iklan nya udah ga bagus premium ya tolongg banget iklan serem denger lagu malem malem eh iklannya bikin takut tapii dah bagus dah segitu aja dadahhh this be the best app for listen a musicᴗ,5
matul mantap lagu nya,5
kereennnnn banyakin free hariannya minnn terimakasih,5
pengibur,5
semenjak royalti takut muter musik,2
sangattt bagusss,5
joss promo nya ditunggu,5
tolong turunin harga paket student terjangkau mahasiswa,3
bagus sih,3
promo donggg,5
iklannya youtube kali play musik iklan mend iklan durasi detik ½ menit lagu perbaiki ya de orang pindah platform,2
lambat susah memutar lagu butuh menit play,1
enak pas agit nyetel lagu temanku jahat tante,5
bagus,5
aplikasi sampah isinya iklan,1
mantap,5
semuaa lagu fav ku disinii senengg bgtt dengerin ngegamee,5
ya stick iklan tolong perbaiki,2
ok pisan,5
musik sportify membantu ku menanggani kegalauan mendalam mood bagus,5
,5
asyik banget,5
masuk gak masuk,3
aplikasi sangatbguss,5
lumayan lagu pas nyantai dengerin lagu,4
enak kt y sk musik,5
bikin nostal gia cuyyy,5
lagu iklansudah instal ulang,2
very guud,5
kebanyakan iklan copot,1
manttapp mantap,5
mantap galau,5
tolong perbaiki bug chromebook,2
kesini susah payment ewallet gagal,1
bagus sihh,3
lagunya sungguh bagus menyukainya terima kasih pertahankan kualitas kuantitas lagunya,5
setia spotify sekalih aquh syinta samwa spotify tapitlonh kalo bikin iklan la gabisa skip lagietapi gitu tetep setia spotify yh pesanku pemakai premium gratisanhapus aja iklannya biar enak,4
bagus dengar vaforit,5
bagus sesuai expectasi,5
sangattt,5
suara bagus,5
bagus banget lagu spotify,5
mantaaappp,5
ap penasaran ya wkwkwkw rat ku bintang bagus mantap,5
bagus cuman spotify hp ku orang liat lirik dengar lagu buka aplikasi,3
lagunya lengkap tolong iklannya diperdikit nyetel musik iklan tolak pakai premium tolong perdikit iklannya,1
enak banget gak iklan,5
gacor gg suara mulus,5
suka bangett kalo ganti iklan mulu,3
,5
menyenangkan mendengarkan musik kualitas,5
kebanyakankeseringan iklan,3
gak kagak masuk suruh isi tanggal lahir pas udah gak,1
membeli paket premium yg skrg notifnya nya udh habis,2
iklan nya,5
bagus,5
spotify bagus suka berpergian biar ga bosen jalan cobalah pakai spotify mencari lagu sesuka lagu cari tunggu download spotify,5
bagus bangetlagu nya lengkapdan simpel bangett,5
rekomendasi klo dengerin music nya iklan nya doang si orng nyetel lagu galau tibatiba iklan vibes nya kek aneh ajh,4
apk bego delay nya parah banget,5
percaya aplikasi canggih cocok ku aplikasi bagus lagu lagu cari pas dengar,5
tolong kalo dengerin musik ya pakek paket,3
nyoba ahhh,5
guy download please rekomenn bgt jirr ak sbagai engene kbantu bgt dngerin lagu enha smbil nugas hp mati lagu ttp kputer kluar apk ttp kputer pkonya best lovyu spotify,5
oky my darling,5
cool great music,5
iklan hapus aja,1
,5
spotify mendengarkan musik santai,5
app nya bagus banget sesuai ekpektasi,5
kasih bintang iklan sampe kalo iklan hapus spotify,5
bagus bget dengerin lgu kkpopdan pkonya bgus deh tpi iklan nya krangin ya,5
hindia a,5
lagu x iklan x muak,1
aplikasi nya bagus tolong membuka koleksi memutar musik load nya sinyal bagus,5
aplikasi nya bagus banget kalo premium iklan kasih bintang aja hehehe,4
lovw bgt,5
iklan over lagu iklan parah playlist sesuai jelek relavan,1
best best best,5
gg spotify,5
iklan nya muncul,1
good luck spotify,5
bagus,5
enak banget banget,5
kereeeen,5
lagu indah bagus,5
bagus banget iklan,4
aplikasi terbaik,1
gk pake nomor mengulang nya,1
iklan terooos,1
gud,5
mudah bagus lagumusik lengkap,5
kadang lagu yg gak tau gk favorit in muncul ngerti gak sih lagu yg favorit in kadang ilang kesel bgt kek gitu udah cape cape cari lagu hilang kesel bgt,1
iklannya busett ampe biji,2
iklan dh gitu iklan nya lg,1
mantab lagu nya keren habis,5
aplikasinya suara lagu nya enak didenger nya,5
bagus,5
bgus,5
premium in,1
bagus,5
kasih bintang byk lagu yg blm liriknya lagu ga langsung update liriknya aplikasi langsung lagu yg ga terkenalpun liriknya,1
gak download offline premiun gak cocok aq miskin,1
apk bnyak iklan mama ku pelit,1
udh milih lagu perhari batesin skrng kelar lagu iklanv,1
bagus koleksi lengkap,4
aplikasi terkikir pncet lagu dikit lngsung iklan direkomendasikan,1
aplikasi bagus mudah,5
cocok hidup gue,5
bintang iklan smpai wkwkw lawak,1
menyenangkan khusus musik,5
spotify sy iklan karna sy membeli premium mengakses fitur disuruh bayar premium,1
nice beut,5
pelit bet njir iklannya ampe kena lagu,1
mantapp top top markotobbb,5
lagu iklan,1
iklan muncul,3
good jobb,5
aplikasi kren dengar musik,5
digunain aplikasi nya iklan kali lagu ganti iklan iklan ga ngotak mendinv kalk kali abis menit iklan doang lirik yg ga dimuat kacaw,1
overall bagus bikin iklan ga ngotak dengar lagu slow iklan suara petir bikin orang kaget aja iklannya dibanyakin detik detik,4
mode offline nnya prime gak asik lahh gw ketindihan nii tolong laaaa,3
suara bagus jernih,5
spotify tampil bentuk discography album beraturan,5
suka aplikasi musik aplikasi musiknya gak berhentidan msih mutar mantap ni aplikasi,5
bgs apk nya,5
tolong perbaiki ya ganti lagu premium mohon perbaiki ya,4
mantap,5
sukaa bgtt samaa ap inii,5
sagat bagus dengrin musik nya,5
udah kuupdate liriknya ga,4
seru banget sih,5
ga bagus,5
semuaaa fiturrrr nyaaa bagusss loveee youuu sptifyyyy,5
tolong widget nya perbaiki widget si eror menampilkan gambar,5
aplikasi bagus banget kemari rame iklannya lagu iklan kadamg lagu udah iklan ampe next lagu iklan iklan sih wajar utk free tp ga,3
kikir limit mengganti lagu,1
musik putar selesai berpindah musik jeda iklan iklan nya terputar kayak ngestuck gitu masuk aplikasi nya tolong perbaiki,3
bagus sihh lagu pop gaada teks lirik nyakurang aja,5
seru menarik,5
lirik nya kadang sempurna,4
mantap pokok nya,5
mendengar lagu enak tenang nyaman orang mendengar lagu lagu meringankan beban,5
mendukung dunia hancur,1
baguss banget pokoknya,5
spotify sy gbs buka gajelas bgt update memo ga penuh gmna sih,3
iklan sampe menit,2
fav,5
aplikasi pembantu mood,5
bagus memutar lagu mematikan handphone lagu nyala lagu gratis premium bayar gratis aja udah bagus premium iklan sebentar,5
,5
puass,5
karna ikelan nya,4
kurangin iklan nya,4
bagus sih dimatiin sih lagunya,5
gabisa tambahin lagu playlist yg pake link klo playlist trend,1
apk kikir premium,1
seru karna lagu mohon dikurangi harganya orang,5
bagus aplikasi nya good joob spotify thank yaaaaaaaaaaa,5
bagus loh,5
bagus banget kosong galau dengerin lagu tempatnya udah lagunya lengkap bagus ok,5
aplikasi cocok mengisi luang galau musicnya beragam bikin malas iklan semoga perbaiki semangat developer spotify,5
menarik,1
erorkadang kalo muter lagu nggak suruh beli spotify premium,3
iya,5
sumpah pas sad muncul iklan premium haha bagus,5
spotify menyenangkan sayasaya spotify,4
aplikasi membantudengan lagu lagu favorit lagulagu didownload,5
enakkkkkk,5
pecinta music suka spotifykarena mudah ribet cari music play music favorittapi saran developer spotify tambahin batasan play music pilihan,5
iklan nya ga premium,5
asik galau,5
skrg gbsa muter lagu kalo gk premium spotify peler,1
huaaa bagus ya banget pas nyalain lagu nya ituu kali kalo ga didalem aplikasinya lagunya mati aja gituu kalo nyalain ngulang jatohnya kaya ngebug gitu kali ya tolong hp ku aja ya,3
pokoe baguss pooolllll,5
bagus bgt didengar musik,1
baguss dengar musik kesukaan minus nya nga premium iklan sih,5
iklan nya mengganggu banget,1
poko nya debes aplikasi,5
aplikasi sukai,5
udah bagus bangett cuman saranku tambahin fitur komen musicnya ka biar keren,5
mwantap banget rekk,5
enak enak denger musik lagunya ganti sendiriiklan apk ga,1
aplikasi nya bagus,5
saran banget yg suka perjalanan dengerin musik layan hp nya matiin,5
aneh banget tibatiba suka mati harap perbaiki bug nya,1
allahuakbar iklan langsung,2
mudah d iklannya d kurangi,5
stick iklan memutar lagu perbaiki bug,1
bgus sih tpi kek bru aja putar lagu playlist langsung putar lagu dri shuffle pintar ngeselin nya udh level max yal,4
cari lagunya gampang,5
sayang nya yg ga prem ga liat lirik,4
oke,1
udah bagus maaf gabisa milih lagu batasi pilih premium,4
bagusss sklii,5
update tolong tambahkan fitur mempercepat lagu memperlambatnya,5
aplikasii nya bagus bgt sii,5
iklan mengharuskan premium aja lagu iklan dah iklan banget premiumnya,4
daftar lagu anisongnya precure pretty rythm pripara prichan lengkap,3
bagusss bangett,5
murahhhhhh lengkap duka ai shufflenya,5
bagusss bangettt dengerin laguuu fav akuuuu,5
bagus aplikasinya pliss kebebasan yg gratisan oke yg gratis dikasih iklan gpp kau batasin lagunya tunggu bsk dengerin lagu,3
iklannnn,1
gatau bagus aja,5
lagunya asik liat lirik musik enk didengerinnya lagu nya complete kecuali pas playlistnya nyalain musik keganti musik yg gk ad playlist,5
cocok musikan,5
seruuu iklan nggak pp tetep suka,4
dikit dikit suruh premiumbanyak iklanlumayan cocok dengerin lagu,3
ive be through countless music apps and this one take the biscuit its rock solid doesnt guzzle battery and the tune be always fresh absolutely brilliant for keep me go during the day,5
bagus suntuk,5
sumpahh seruu banget lagu nya kadang cari lagu bagus banget sihh beneran,4
baguss sayangg ku bikinn thee bestt sihh mnurut akuuww,5
,5
suka spotify lagu milih milih lagu suaranya enak jernih bgt,5
ok bnyk iklan,4
mantap sukses trs spotify,5
liat lirik update gabisa liat lirik,5
bagusbanget,5
bagus lagu nya g berhenti,5
cocok ngsad,5
mengerti penikmat musik,5
sukasaya suka,5
kece bet dah,5
mudah,5
spotify suka update musicnya terimakasih,5
bagus banget dengerin lagu suka,5
suka bgtt lagu lagu nyaalengkap lagu laguu nyaa,5
kereen pokoknyaaku suka,5
,5
saru mine premium,5
,5
kikir,1
semoga bagus,5
gak login error lokasi akun gak masuk masuk via fb but notif akun kedetek negeri lokasi indo negeri gak ngatur lokasi pengaturan apapun akun tetiba kek gitu mohon fix udah playlist kenangan cok,2
premium mahal banget udah pajak mahaldi pas langganan premium mahal hadeh dimahalin,1
menemukan lagu,5
wow nyari lagu alan walker lagu youtuber indonesia lagu sans keren dah download,5
equalizer aplikasi nyalakan suara tibatiba memutar media kadang iklan muncul memekakkan telinga menggangu pendengaran headset headphone,1
tolong kebanyakan iklan spotify,5
eh ngga ngga ngga spotify i love you q ngg bsa hdup tmpa spotipai,5
musik nya inda fitur bayar,5
keamanan data mempuni,5
enakk,5
makana premium,1
enak sooalnyh ad lagu baon cikdap welll,5
gk niat aplikasi hapus boneka mainan nya,1
aplikasi bagus,5
kwalitas suara bagus,5
kurangi iklan,4
ya lumayan baguss lahh,5
menyenangkan genre,5
ya ajatapi bagus hehe,2
denger musik bagus banget pokoknya,4
its super good i recomended it,5
bagus banget nyesel kalo gk download,5
aplikasi menginprisasikan ku,5
enakkk polllll,4
aplikasi berguna mendengarkan lagudj,5
iklan gk bnyk sii tpppp,4
gajelas bayar,5
bagusenak layar tutup kedengaranlagunya,5
bugnambahin lagu playlist ga playlist nyadi tambahin ga lagunya tekdeteksi udah playlist mah ga ga masuk playlist,4
bayak,5
bagus denger nya adem,5
enak lagu nya,5
aplikasi seru nmenin kalo galau,5
i love you sportify,5
woi spotify kikir jir kadang play lagu aja disuruh premium mend pindah premium yt cokkkk,1
amburadul skrg download lagu bs dengar ofline skrg hrus premiumpayah download apk ni smkin malas,2
puas,4
lag,1
bagus jalan latar,4
lagunya lengkap,5
bagus aplikasi bagus dengarkan,5
m,1
terhibur disaat sedih senang,5
aplikasi musik worthopiniku kalo premium iklannya iklannya ga lagu iklan kaya lagu iklan lagunya adaa kadang lagu skrg gaada,5
najis iklannn,1
suka dengerin lagulagunya kualitas audionya bagus lagu ditampilkan teksnya,5
iklan leguler pakai kuota gak gratis,1
sukaa spotify,5
kikir,1
mantap pokoke maknyos,5
bagusstapi kebanyakan premium,4
intinyabagus terbanhet banhet,5
gajelas gajelas mata duitan gmn iklan ampe menit ganti lagu bat gabisa ubah durasi lagu nya aja batasin ngotak kalo bikin aturan,1
bagus kalo premium,5
suka,4
spotify nya bagus,5
musik nya bagus aura nya gak kerasa mintak tolong lagunya kerasa aura galaunya,4
iklannya lagunya seru seru nggak ngebosenin bintang,3
komersilnya sih fitur shufflenya ga sesuai lagu playlist dengerin lagu melo langsung acak dj ga nyambung,1
coba,4
lagu yg sukai dwonlod pindah premium,5
berguna loh dengerin lagu musik kesukaan,5
lagu lagunya update,5
bagus tpi plssss kurangin iklan iklan spotify nyaaaaaa ktmu iklan yg serem abis lgi dirumahjdi tolong ya dikurangin iklan iklan nya durasi iklanya,4
mantap,5
mantap dah pokoknya,5
iklanmu elek,1
aplikasi nya sngat bagus,5
bagus musik dengar,5
ok,5
bagus iklan nya jg ga,5
yey,5
menurutku aplikasi bagus mendengarkan lagu manapun offline,5
aplikasi saget cocok suka galou,1
momen berharga gw nemenin,5
bagus,5
denger lagu banget iklanya,4
ganggu,1
semangat,5
gila iklan nya,1
sumpah bagus banget cok pokok nya mendownload nya kalo gak nyesal kalo gak download app,5
aplikasi kikirr ngelunjak ngeliat lirik premium milih lagu premium mend kaya youtube ngeganggu iklannya kayak fitur ngedowload offline aja,1
kebanyakan iklan asik asik ndengerin musik kesukaan eh iklan plus gak unduh musik didengerin offline beli premium dengerin offline kikir sumpah spotify gak kayak gini nyocokin lagu ga dahlah,1
mendownload,5
keren banget,5
lagu lirik tertulis,1
𝕓𝕒𝕘𝕦𝕤,5
ngelag bgt nunggu apk lancar dibuka bgt spotify jelek,1
gabisa beli premium whyyyyy i neeed it,1
kereeeennnn,5
seru mendengar musik,5
lagu,3
mendengar lagu,5
ku nyaman,5
lagunya bagus,5
berharap byk gratisan berbayar,5
lagu iklan udah ajamakin parah aja,1
bagus ajah,5
tolong diperbaiki utk hak cipta orang cover lagu lolosin up dispotify kasih credit penyanyi pencipta asli lagunya si yuwen orbit udah maling hak cipta orang x x ya spotify ngebiarin orang maling hak cipta upload platform,1
mantap,4
andalan bore,5
aplikasi termantap dengerin musik,5
pokok nya bagus banget,5
okeh,5
bagus aplikasi nya daftar nya jga mudah,5
bagus skali,5
mantap,5
menghayal,5
pengalaman musik yg,5
tidur dengerin musik spotify,5
good luck guy,5
lumayan hiburan gratis mksh,5
semoga berjaya sportify,4
enak bgt,5
good pokoknya mah,5
menarikkarena penyakitnya menyenangkan,5
oke,3
kern bagus,5
kebanyakan iklan kalo ga premium babikkk,1
spotify bagus suka menyanyi,5
hadiah loyalitas customer menaikkan harga berlangganan inovasi jarang inovasi yg langsung customer gak alasan kesana kemari bilang profit,1
yaa iklannya ya gak papa,5
kerenn bgtt,5
mantap pppppppppppp,5
keren ter keren,5
banget error suara,1
mantaaaaaaap,5
bagus,5
cocok galau,5
gokil si,5
jelek banget,5
menyukai nyaa,5
bagus bangett santai denger laguu,5
spotify music emang bagus,4
aplikasinya bagus mendengarkan lagu sukaan ku kasih bintang good,5
berguna bikin tenang,5
cocok kalatlagi galau ad iklan premium yaaaaaa,5
absolute cinema,5
kualitas bagus lengkap lagu suka,5
ganti lagu aja premium lawak,1
mantap brow,5
like this apk,5
bagus tolong perbanyak lagu lirik,5
enak nyantai musiknya pilihan,5
cinta spotify,5
dengerin lagu indo lagu negri anj,1
suka musik musik enak dengar berterima kasih aplikasi sporty fife,5
gw suka,5
suka dengerin lagu pake spo kalo belajar olahraga main bikin karya apapun bikin sibuk tuh dengerin pake spo aja muak iklan podcast ga premium utk kualitas suaranya lumayan hd ga patah patah cocok nge game dengerin lagu pas mode serius playlist lagu bikin nambah selera intinya lupa pake spotify guy kalo gamau terganggu iklan beli premium ya,5
bagus menarik,5
bingung sekrang suka mati lagu nya pengaruh hp nya kah emang server nya apl yg udah apus data on tetep suka mati musik nya gak nyaman eyy,2
no coment maaf top markotop daah,5
enak ku yg suka dengerin lagu,5
tenangg,5
baguss tidur enak tidur tidur mendengar lagu tuhh bikin tenang pikiran,5
aplikasi spotify bagus mendengarkan lagu favorit genre lagu setel pengen ulangi part nggk setel ulang lagu terimakasih,4
bagus banget lagu lengkap lengkap diputar aplikasi heel ya main game kadang setel lagu biar relax,5
aplikasi cocok mendengarkan musik,5
iklannyatapi bagus sukakkk,5
mantap playlistnya,5
aplikasinya rekomen bangetttt dengerin lagunya,5
wow lumayan,5
aplikasi baguss,5
sumua lagu enak dengar nya habis lagu nya enak denger walupun iklan,5
cocok yg suka mendengarkan musiktapi suka iklan,4
very good,5
apk bagus,4
dengar sonic anime open,5
enakk dengerin nge game sadd enak bangettt lagunyaaa,5
enak ya pastinya pakai salon pokok rekomend sih,5
lagunya lenkap bagus bagus,5
ok,5
unisntall ges,1
spotiy membantu mendengarkan musik,5
top play music online no dunia,5
gapappaaa seruu,5
too much ads,1
membuka musik nya mudah,5
lagu nya banget asik,5
keren semangatt,5
cocok didengerin makanmain gamejoging nongkrongliat pemandangan indahnginget olddan dll sru pokoknya,5
bgss,5
lagu iklannya buset dah gk rugi bgt,1
bayar kalo terjangkau premium,3
apk favorit iniii,5
bagus tingkatkan ya biar keren mantap,5
gilak aplikasi mantap banget ttt pokoknya gw kasih bintang dah,5
pelajaran,5
mantap diputar dibelakang layar saran lagunya ditambahin komplit ya,5
iklan mles bgt alay bgt apaapa premium,1
spotify update tolong hilang paket data,5
bagus bangat,2
enakeun dengerin noah judul nya mimpi sempurna thebest pokok nya,5
akuu suka bangett spotify gak suka kalo iklan nya iklan nya berlebihanaku mohon kurangi iklan promosi nya,5
ga download ya bersihin pemyimpanan,3
berguna,4
bagus sayangnya nggak dengarkan lagu main game,5
puas nyaman mendengarkan lagu sukai butuh smga bagus depannyasukses sllu,5
no music no live,5
gimana klo lagudiperbaruhi,5
musik nya lengkap terimakasih spotify,5
kebanyakan iklan dipaksa beli premium yg kemahalan,3
bagus lagu tersedia,5
mantep banget pokonya,5
aplikasi yg the best spotify,5
suka banget dengerin musik,5
bagus lancar nggak lelet,5
mantaff nih,5
gajelas udh beli premium gabisa iklan doang bisanya,1
aplikasi bagus mendengarkan lagu top ragu download spotify yaaa,5
bikt,1
beli premium pulsa ditolak saldonya mencukupi mohon bantuannya min,3
mkasi bossku,5
bannyak file music download kartu sd nya keluarkan sebentar masukin eh lagu habis unduh suruh unduh,1
bagus iklan,3
best ever,5
mantap,3
mantap musikan sepuas nya,5
aplikasi nya enak hrs premium mulu,5
mantab pkoknya spotify kaleng kaleng,5
iklan,4
mantap bang,5
lagu nya bagus,5
music gratis seru,5
didengarkan layar hidup menerus,5
boikot,1
spotify hiburan kuning,5
males dengerin laguribet,4
suara yg dengar bagus,4
iklannya muncul tolong dikurangin kalo muncul iklan gini males pake spotify,3
aplikasi udah simple ga berat hp,5
paham selera lagukumantaplah ai nya,5
dengerin lagu nya ga milih lagu jir random,1
apk aneh,1
denger lagu iklan,5
apelikasi nya bagus pake hp kentang ta ngelek,5
godd,5
tlg d tambahkan premium gratis,5
love it asli jo fake cinta,5
bagussß,5
apanya bagus minesnya iklaannnn mulu dengerin lagu serius tibatiba iklan,4
aplikasi nya bagus musik,5
bagus aja sih,5
bagus banget aplikasinyaenak dengar lagu belajar tidur ganti lagu,4
aplikasinya menarik,4
terima,4
aplikasinya bagus seru,5
aplikasi nya bagusapalagi mendengar lagu gratis gk kouta,5
bagus banget lagu fav ku ad situ,5
baguss bangettttttt,5
aplikasi bagus didengar,5
i like this app,5
dikitin iklan yaa udh doang,4
karna iklan ny,3
lgu doang gila gua hapus ni spotify,1
aplikasi nya bagus spotify nya yg bikin kesal tolong diperbaiki yah install aplikasi spotify senang senang dengar lagunya senja nya gk dengerin lagunya disuruh premium jajanan ku aja sepuluh ribu perhari kesal banget hapus install esoknya gk hapus install deh tolongg banget gk maksa,5
bagus cari lagu lengkap sayang mahal spotify premium,5
bagus iklan gpp sih worth it,5
aplikasi cocok senang mendengarkan musik,5
mantap,5
sukakk bangett,5
suka spotify spotify gk rame mihat kakak menyalakan lagu spotifiy langsung syok dengar lagu nya kasih bintang alias semoga upload seru ya eh audah ya komen asalammualaikum wbr,5
bagus bgtt denger lagu,5
lumayan,5
suka iklan tpi baguslah denger lagu,4
pas putar lagu gk suara nya folume nya udh ku gedein tolong gimana ya,1
promonya menarik tersedia variasi metode pembayaran,5
bagussss,4
baguss,5
ok sekaliterima kasih,5
bagus premium nya,5
,5
gak muncul apelikasih,1
asiknya,5
bagus banger kasih bintang,5
sangatttt sukaaaaa,5
gratisan aja kasih lagu premium buka lirik mesti premium kikir ngasi iklan numpuk pas lagu selesai,2
anj ga nanggung iklannya banyakan iklannya njeng lagu iklannya smpe sndiri bangke maksa banget lu njeng beli premium ya kalo gua ad duit gtu gapapa kerja aja ngga sekolah njeng,1
aplikasi gachorr,5
mend hapus drpd bayar royalty,1
mantaplah aplikasinya nonton musik,5
mengunakan tampil lagu lagu jamet,1
pendengar musik sad mintain royalti,1
fitur terbaik putar lagu iklan detik mengganggu iklan sesering,1
bagusfitur lengkap,5
mantap,5
aplikasi,4
bagus sih byk iklan,4
keren lengkap lagunya,5
bagus spotify,5
emanggg terbaik sih,5
iklannya stick udah bbrp play lagu gak suruh nunggu iklannya slese lha iklannya aja stick g jln suruh nunggu smpe kpn,1
pengalaman indah nyaman perjalanan mendengarkan lagu lagu sholawat spotify semoga sukses,5
gila iklannya bangat durasi ya,1
promonya ilang ajg gw beli ge,4
bgusss bgtt denger laguuu,5
bgusss bngttt,5
saran iklan dihapus,5
aplikasi music terbaik,5
bagus dah mahal hehehe bercanda ya,5
trbaik,5
beli premium unconnection mulu kocak,1
bgus skli suaranya bikin mood pas mandi spotify the best memangtapi iklannya ampe detik comana kadang iklannya ad lagiterus durasinya detik,5
susah masuknya sandi emai udah bener trus opsi masuk sandi eh gak email masuk,5
musik nya lengkp,4
bagus musikan maen,5
tolong spotify gk bis masuk,1
ramah pemula mencari platform music podcast,5
asyik mendengarkan musik,5
