text,rating
bagus,5
tor monitor ketua,5
Bagus cuy,5
mahal njeng,1
"bagus,,hanya ada iklan",4
akun mahasiswa saya ga di acc...,3
kebanyakan premium nya,2
seru bgt buat dengerin lagu paling pas bagian lirik nya suka muncul suka engga itu pun kalo ad pas di pencet GK ad tulisan nya tp gpp tetep enak kok buat di dengerin 🥳,4
"iklan nya banyak banget, baru dengerin 2 lagu, langsung iklan, mana ada 3 lagi😭",1
"dpt email dr google invoice sebesar 65 rb pmbyrn spotify, dan sy cek no yg jd pembyrn yg awalnya 85rb menjadi sisa 7rb sekian, nah brp tuh yg nominal yg hilang tidak di cantumkan di invoice.. aneh.. gak pejabat gak swasta sama aja gak transparant..",1
Qualitas music ok baik bagus lengkap,5
"kayak gini kan aku gaperlu habisin banyak kuota ke tiktok atau ke YouTube,tapi premium nya harus bayar",5
bagus musiknya,5
😉👍👍👍👍👍👍,5
asik,5
lagu jaman dulu sampai skrg update trs🤩,5
"kenapa selalu muter musik diluar playlist sih, jdi buat apa buat playlist capek"" kalo muternya rendom lagu aja.",1
"ngebet bnget ya pengen org² beli premium, ini sya dngerin musik atau dengerin iklan nih, milih lagu aja di batesin bjir😅",3
"Spotify tolong deh, kasih jarak buat iklannya. mikir lah, aku tau ini aplikasi kalian dan kalian bebas ngasih jarak Iklan tapi ngotak juga lah, gak setiap ganti lagu langsung iklan juga. awalnya sih gak keganggu ya, soalnya mikir paling cuman 1-2x doang iklannya kayak gini tapi eh... ngelunjak, baru satu lagu langsung iklan lagi. capek banget tau gak, mau nyantai dengerin musik malah ada 3 iklan yang gak bisa di skip. tolong banget lah ya, mentang-mentang aku gak premium iklannya ditumpuk semua☺",1
baguss banget deh spotify besttt,5
akhir akhir ini apk ini serasa terlalu berat,1
jelek,1
pengalaman saya adalah saya mempunyai bakat menyanyi,5
iklannya 3x? wkwk kenapa ga sekalian 10 iklan.,1
tapi buset,4
bagus sekali,5
enak sekali mendengarkan lagu di sini,5
harga premium mahal,4
Aku sk aplijazi ini sesuai dgn keinginan kita,4
bagus si tpi terlalu banyakkkkkkk iklannya bisa kurangin gk,4
cool,5
lagunya Yang sangat bagus Dan menarik untuk Di dengar,5
baguss,5
SUKA BANGET LAGU NYA,5
bagus,4
sangat bagussssaa,5
ok,4
zionis,1
kurangi durasi unskipble add dan tambahkan lirik pada lagu yg tidak mempunyai lirik dan juga ada banyak lagu yg dulunya mempunyai lirik sekarang tidak punya lirik,1
iklan nya makin banyak dan panjang²,1
nice,5
"iklan nya makin lama makin ngelunjak, lagu bru satu iklan 3, maksa bgt nyuruh premium",2
mungkin dulu saya pengguna Spotify mod saat saya tidak mempunyai uang dan sekarang saya bisa untuk berlangganan perbulannya maafkan dulu saya pernah curang,5
ok lah buat denger musik,5
"kalau putar lagu di playist, langsung pindah ke lagu yang lain yang bukan di playist. minta tolong putar sesuai urutan jangan dikasih pro, jadi gk enjoy🙏",4
no comment tapi ni apk bgs bgt buat dgrin lagu²,5
good,5
seru BAngEtt lagu favorit ku ada semua di Spotify,5
🤍🤍🤍,5
bagus,4
bagus sekali saya ketika mau tidur selalu mendengarkan spotify,5
bagus,5
sangat seru ketika mendengar lagu,5
spotify is ma mate ..,5
uda bagus si tapi iklan nya banyak banget yg premium juga mahal😭,5
Keren banget,5
Bagus bisa dengarin lagu.,5
ok,5
wow mantap,5
"aku suka sekali Spotify,, teman nyetir, teman nongkrong, dan teman disaat galau,, kembangkan terus ya, ayo cobain Spotify skrg..👍🤗",5
dikasih playlis yg lagi gak mau dindenger,1
plis kasih gw premium gratis minn,5
"banyak iklan, gak bisa matiin shuffle pintar karena harus bayar premium untuk putar lagu sesuai urutan playlist dan gabisa putar balik ke menit apapun di semua musik. meskipun saya sudah update dan Spotify tolong kurangi iklannya dan perbaiki bug yang sudah saya sebutkan tadi!!!!",1
bagus,5
enak denger lagunya,5
aplikasi bagus,5
bagus tapi byk iklan,4
bagusssss,5
Bagus,5
"iklannya kurang banyak mau dengerin iklan aja, minimal 1 lagu 100 iklan lah",1
mantap,3
bagus bangat ini aplikasi tapi sayang harus nya ada musik where are you bagus itu padahal,5
saya tidak bisa mendownload apk ini padahal saya sudah berbagai cara untuk menyelesaikan nya tapi tetep saja ga bisa,1
mantap,5
iklan teros,1
"ada beberapa lagu yg tiba-tiba tidak bisa diputar padahal sebelumnya bisa, boleh tolong solusinya? ini jadi mengurangi kenyamanan menggunakan aplikasi ini. kronologi masalahnya awalnya ngelag, lalu lagunya kepencet beberapa kali tiba tiba jadi tidak bisa diputar, sudah diupdate, download ulang, tetap saja tidak bisa, mohon bantuannya",4
"sebernarnya aplikasi spotify udah bagus tapi banyak banget hal hal yang menurutku itu ngapain dijadiin premium dan fitur yang gk terlalu guna untuk pengguna non premium, kayak shuffle pintar (tapi aku gk terlalu masalahin), malah yang aku heran itu batas memilih lagu, kayak buat apa gitu ada? katanya mendengarkan lagu secara gratis tapi kok dikasih batas? Jujur agak bingung karena sekarang apa apa harus premium...",4
Sudah bagus cuman setiap saya mau pencet lagu yg ingin saya putar malah di suruh ke halaman premium,3
cukup bagus,5
aku pakek lagu namanya lagu ff dan ml,5
"Bagus sih...tapi iklannya kebanyakan,masak satu lagu satu iklan tapi y maklum aja lah namanya juga gratisan ,,😀😃",3
good,5
sangat baik,5
"sukaa sama spotify, bisa denger lagu favorit bebas kapanpun",5
jernih suaranya,5
Enak didenger,5
topp,5
mantap👍,5
ok,5
iklannya makin ngelunjak,1
tidk bisa di dwonload apknya,1
sangat seru dan saya sangat terhibur dengan lagu lagunya,5
"bagus banget buat dengar musik, lengkap wok",5
banyak sekali iklannya,1
Mantaaaabbbb,5
pass buat ngegalau💆🏻‍♀️,5
bagus sekali akun ini 💞,5
iklan nya kurangin dong,3
terlalu banyak iklan,1
aplikasinya bagus saya suka,5
playlist lagunya selalu terbaru,5
mantappp,5
sangat bagus,5
"baik, tapi kadang"" ngelag sih",5
"aplinya bagus bangetttt,suka bangetttt",5
Mantap,5
terimakasih,5
keren bagus,5
Bagus banyak musik enak,5
pilihan banyak dan bisa di play sambil matikan layar,5
kenapa spotify lagu nya pas di sentuh loding lama,1
Bagus,5
sangt nyman di sinih klo ga ada afk ini sya ga bisa tifur😹,5
terlalu banyak iklan,1
iklan kurangin banyak banget sekarang iklan dikit dikit iklan mana langsung 3 iklan,4
iklanmu cok,1
"saya sangat suka, terimakasih spotify",5
"anjim kikirnya ni aplikasi musik orang mau dengerin lagu harus banget dibatesin seharian sama iklannya semenit , keliatan banget tuh meras duitnya 🥀😹",2
ini kenapa iklan nya makin banyak yee,3
"malas, iklan kebanyakan",1
sangat Puas dengan kualitas musiknya,5
"terlalu banyak iklan, tolong kurangi dikit durasi iklannya",2
"3 hari gak buka spotify, pas buka sore ini sampe sekarang gak tau kenapa gak muncul daftar lagu nya ini kira kira kenapa ya aku juga baru update tetap gak bisa ke buka cuma layar hitam doang",4
"Iklannya banyak bangettt min😭, mentang² gw gk pake premium, masa 1 lagu ada jeda 3 iklan!? smpe hafal bnyk sm iklannya😭",2
sangat bagus... lagu2nya suka,5
"kikir banget!!! gw yg gratisan malah makin susah denger lagu yg gua pengen heran dah,dari dulu dari lagu ga ngacak di bikin acak itu oke lah masih normal,karna cmn lagu di playlist yg random,skrng gw denger lagu ini malah di puter lagu itu,kecewa banget gua kalo ini",1
Banyak tawaranny premium,1
konsisten minim iklan,5
PT. DAESANG AGUNG INDONESIA.,5
bagusss,5
ini koh 1 musik yg putar ko 3 ikilann yaa,4
paling pas pakai aplikasi ini untuk menemukan lagu favorit,5
i love Spotify 🥰,5
ko mo PP hu,5
lagunya banyak banget sampai pusing mau milih yang mana enak semua di denger iklan nya aja sih yang sedikit menganggu,5
2025 )2025)2026*18* Muhammad Rizki❤❤❤👳👳👳😊😊😊😀😀😀🤓🤓🤓,5
bagus lagunya aku lagi gak badan,5
iklan terlalu banyak,3
"bagus sih, but iklannya banyak banget. setiap mau dengerin lagu pasti harus iklan dulu",2
baguss enak banget playlist nya bisa temenin tidur juga,5
bagus banget lagunya,5
sangat bagus,5
lagu ya old dan enak di dengerin min ada lagu kesukaan aku min pokonya pengen baik lagi ke tahun 2011 dan satu lagi min lagu old pengen nyenyak tidur yaa min,5
"bagus tapi kurang suka karna setiap nyetel lagu, pasti tiba tiba ngelag/mati mati trus, padahal g di matiin",3
mantap,5
aku ksih bintang 5 yahh bagus sihh wee cuma tuh iklan buat emosiii jadi harap di perbaikiiii ongkee??,5
bagus,5
ini yg gw cari selama ini TERIMA KASIH Spotify,5
"enak sih, tapi minusnya kalo ga premium tuh iklannya buanyak bgt, kalo 2-3 iklan ok lah masih ku maklumi, lah ini aku sampe dapet 5 iklan dan durasinya panjang² semua, kan jadi mengganggu banget gitu loh, ga nyaman juga kan, jadi tolong untuk spotify perbaiki ya, ini juga demi kesejahteraan bersama, pengguna nyaman, pencipta juga lega karena penggunanya betah. aku cuma komplain di hal itu aja si, dan tolong segera perbaiki soalnya banyak banget orang yang ngalamin hal sama kayak aku.",3
apk asuk,1
sggdgsgsjshdi di dalam negeri nsvdjd di dunia yang,5
lama proses nyaa,4
bagus banget,5
ya sudah lah,5
"sayang gak bisa offline , ya semua orang butuh duit",1
aplikasinya sudh bagus tapi kurangi iklan 👍👍👍👍,5
"bagus,iklannya juga gak terlalu sering",5
sangat bagus lagu lagunya enak,5
bagus karena saya suka menggunakan apk ini dan gw suka dengerin lagu ini di Spotify 100%,5
ok,5
bagus,5
mantap,5
nyaman dupakek,5
sangat bagus,5
mantap,5
sangat cocok untuk mendengar lagu atau pun dj,5
makin kesini makin parah iklan nya dulu 1-2 sekarang sampe 3x mana 1 iklan bisa 30s,1
good,5
enak,5
kok tiba tiba mati sendiri,1
bagus,5
hilangkan iklan nya pliss,5
gacor,5
bagus tapi bnyak iklan,5
bagus polllll lagu nya. seru semua,5
"kok makin kesini ga bisa milih lagu, milih lagu random",1
terimakasih,5
good sangat menarik tapi sayangnya harus premium baru bisa download lagu dan tanpa iklan sisanya bagus,4
100m kiram,5
berfungsi banget bagi akuu soalnya aku suka dengerin laguu remix dan di aplikasinya juga banyak yang remix dann banyak lagi yang bikin akuu takjub,5
Aplikasi ini sangat bagus untuk mendengarkan musik,5
bagusss bgttt bisa dengerin lagu apa ajaaa,5
sanga baik,5
saya suka lagu atau musik nya,5
good,5
Bagus,5
sangat suka..karena sy bisa mendengarkan lagu lagu favorite yg penuh kenangan😍,5
😍,5
seru bgt sih kalau lgi bosen ngapain pasti dengerin lagu + kalau ad kerjaan pasti dengerin Spotify,5
bagus,5
gw di suruh premium ama spotify gw kan mau dengerin tabola bale malah lagu opo wae tabrak,1
"terimakasih untuk spotify, karna selalu ada untuk aku saat aku bersedih dan aku senang. kamu memang tempat persinggahanku yang sebenarnya",5
lumayan lah walau ada iklan sedikit,5
baguss bgt😌🍥🍡,5
seru mendengar lagu dan Bagus banget ❤️,5
👍,5
Is the best semuanya musik ada yg lokal dan internasional love date,5
bagus gng,5
moga lebih efektif lagi,3
terimakasih telah menemani sunyiku,5
spotify tolong ya untuk membalikan sistem download gratis kenapa cuma mendownload harus membeli paket premium terlebih dahulu di mohon untuk di gratiskan lagi🙂,2
sukaaaaa bngttttt😍😍😍,5
"plis sebenerny ni aplikasi bagus sih cuman nih ya maaf nih ya tapi gw sebagai orang yang udah donload spotify dari dulu kok sekarang kek makin kikir njir dulu padahal waktu awal awal donload spotify itu kayak ""ih anjay bagus bgt ni aplikasi"" cuman setelah beberapa bulan gw update tuh spotify nya tapi yang awalnya iklanya yang gk terlalu banyak malah jadi banyak anyiingg mana malah dibatasin lagi denger musikny pls cok kek maksa bgt buat bli prenium sumpah. ini mh berasa diteror iklan njir :'v",1
"bagus banget buat Spotify musicc, makasih udah nemenin aku dari galau atau ceria",5
Siiip!,5
kenapa spotify saya error dan tidak bisa memutar lagu seperti biasanya apakah ini bug atau semacamnya? tolong di perbaiki,4
lagunya enak didengar music lembut aku kemana mana dengarin spotify,5
banyak lagu yang asik,5
🟨🟨🟨🟨🟨🟨🟨🟨 🟨🟨🟨🟨🟨🟨🟨🟨 🟨🟨🟨🟨🟨🟨🟨🟨 🟧🟨🟨🟨🟨🟨🟨🟧 🟧🟨🟧🟨🟧🟨🟧🟨 🟧⬛⬛🏻🏻⬛⬛🟧 🟧⬜🏿🏻🏻🏿⬜🟧 🟧⬜🏿🏻🏻🏿⬜🟧 🏻🏻🏻🏻🏻🏻🏻🏻⚡ ZENITSU @FacemojiKeyboard,5
okay,5
rawr slebew,4
sangatt baguss,5
mantap,5
bagus.,5
aplikasi nya terlalu banyak iklan yang mengganggu saya untuk mendengarkan lagu sehingga membuat saya menguninstal aplikasi ini,2
"mantap gudangnya lagu,,smua lagu ada di sini,,bisa menghibur planggan ku",5
aku gak bisa ngomong bagus sekali,5
baguss,5
Iklannya ngelunjak padhal kemaren udah bagus,1
"heran suka tiba"" gabisa play music di tambah suka banyak yg ilang music nya",1
cocok bgt untuk yg suka musik dan juga kalo misalnya kita harus buka wa gk ilang gitu lagu nya,5
sangat bagus,5
wowwwwwwwww,5
simple dan mudah,5
banyak iklan y parah,1
seru dengar lagu di sini,5
"bagus kaliiii🥳, maaf yaa kalo aku gak pernah bayarr🙏, tapi aku kasih bintang 5 kok kerena bagus bangettttttttt🥳",5
"niatnya kan mau mendengarkan musik, malah mendengarkan iklan. in mana konsep nya, mutar musik, MUNCUL IKLAN. dua lagi",1
good,5
lumayan,4
"the App Draining my battery very quick, can be more optimized for old device using SD 855 series. Thanks U",4
suaranya bagus tidak putus putus,5
bagussss bangettttt,5
sangat cocok untuk aku,5
mantablah,5
tapi susa buat daftar nya,3
semua lagu udah ada di Spotify dan saya suka semua lagunya,5
saya ingin menggunakan dengan cara baik 😊😊😊😊,5
ini kenapa ga bsa kebuka playlist & liked songs nya?,3
aku jadi bisa main game sambil dengar lagu (nice),5
bagus,5
pokoknya menemani sehari hari,5
saya hanya bisa mendengarkan musik 5kali seterusnya tidak bisa dan hanya di suruh beli premium supaya bisa dengar musik tolong di perbahrui dong kalo kayak gini terus mending saya hapus aja spotify ini,1
"ini Spotify kenapa dah, kok bnyk bgt iklanya biasanya ga kaya gini iklan mulu",4
👍,5
BAIK,5
ngelunjak lama-lama,1
stelah d kasih bintang jd bnyk iklan,1
saya pelanggan baru,5
bagus,5
A+,5
apk ini sangat bagus dan gak ada iklan banyak musik dan gak bosen jadi aku suka banget sama apk ini gak ada yang kurang dari musik ya emang paling bagus deh,5
"lagu tidak bisa di putar, mungkin kah eror playlist jadi ga ada",2
kebanyakan iklan GK bisa offline,1
bagus banget sihh menurut akuu,5
good,5
mohon maaf aplikasinya gak jelas,1
bagus sekali :D,5
buh mantap dan enak lagu dan dj nya terimakasih,5
dengerin 2 lagu. iklan nya 2 lagu. udh beda bgt Spotify yg dlu sama yg skrg,1
good,5
yg bener aj dong masa dikit dikit update dikit dikit update fittur sama aj jd mkn quota internet,3
mantap👍,5
ok baik,5
best App!,5
"WOI MIN INI KENAPA SPOTIFY UDH GA BISA PAKE NOMOR HP, UDH CAPE CAPE NGUMPULIN LAGU MALAH ILANG SEMUA",5
"jangam di download,,lebih bamyak.iklan dari pada music nya,,1 lagi 5 iklam wkwkwkwk lawak aplikasi ko tol",1
Harus premium dan berbayar kalau ingin tanpa iklan,1
luar biasa,5
Setelah update ke wear os 5 jadi gabisa dengerin pake tws,2
fitur nya yang masih premium,3
"dikit dikit iklan, ga ngotak iklannya setiap 1 lagi 2 iklan, 1 iklannya 30 detik ga ngotakk",1
mantap,5
Bagus,5
sangat berkualitas,5
ntap,5
lagu²nya pada bagus + cocok sama akuhhh,5
mantap,5
so far so good,5
sangat bagusss,5
Nice!,5
keren banget,5
menyalaa abang ku,5
"aku bisa dengerin musil fav aku,bisa liat lirik lagunya juga",5
udh 3 banding 1 antara iklan sm lagu,1
bagus,5
suara nya sangat jelas kerna itu saya sangat puas sekali,5
2 qq,2
mantap,5
sangat bagus lagu nya sesuai keinginan kita,5
segera perbaiki yang eror di gua berandanya eror mulu,2
baik,5
KEBANYAKAN IKLAN,5
sangat bagus sya sangat suka aplikasi ini untuk dengr lagu mlm kalau mau tidur,5
eror tidak bisa dibuka,1
bagus tapi terlalu banyak iklan dan lagunya kadang ada lirik kadang GK ada,5
senang sekali bisa mendengarkan music apa aja boleh,5
turmuzu,5
nice.,4
"tidak bisa login menggunakan akun Facebook dan Google,akan saya kasih bintang 5 kalau sudah di perbaiki",1
Good,2
keren,5
waw banget,5
mantap,5
Bagus kok bagus tapi iklan nya gak ngotak anjir langsung 3 iklan dalam satu lagu jir yang bener aja lah min kurang kurangin kek tapi sekarang udah gak muncul iklan tapi masih ada dikit pas pake mod nya heheh:D,4
sebenarnya aplikasi nya bagus ya cuman sayang sekali apa apa harus premium dulu seperti pilih lagu misalnya harus premium dulu bikin kecewa berat,1
banyak iklan,1
"banyak iklannya 1 kali dengerin lagu iklan, iklan aja terus lama"" haji juga lu",1
makin aja iklannya,1
Keren banget,5
baguss sekali,5
good,5
iklannya sekarang makin tidak ngotak,1
enak untuk player mode sad ini,5
"spotify ny berguna banget untuk belajar, bobok, apa lagi pas lagi keluar malem... Enak banget... Tpi min boleh gak dipakai secara off tapi gratis?... Pliss... Buatin kek gituan (≧∇≦)",5
iklan 4 kali sendiri cokkk,1
kanjut,5
makasi udah ennakan lagunya makasiya,5
asik,5
keren enak mantap,5
saya suka dengan aplikasinya,5
iklan nya dibuat sedikit aja ya plissss.....🙏🙏🙏🙏,5
jooos mamtaf,5
mantap,5
suka bangett sih apalagi kalau lagi bersih bersih rumah betah banget sambil dengerin lagu lagu galau kek gitu atau enggak musik yang wah pokoknya,5
"spotify sekarang lebih rakus dari youtube wkwk 3 iklan sekaligus cuman buat dengerin lagu pendek, mending pindah ke app lain yang lebih simpel dan murah 😂",1
BISA DENGERIN LAGU SAMBIL BUAT ANIMASI,5
"iklannya kebanyakan, mana ga bisa di skip",3
Iklan malah jdi 3x 🤣 saatnya beli premium bajakan 🤣,2
sayangnya banyak iklan kalau tidak update premium,5
aku sangat suka lagu nya dan juga banyak lagu yang bisa dipilih aku suka banget,5
tolong ilangin opsi premium nya plis🗿,5
bantap,5
perlu banget ya Prem?,1
bagus,5
"sekrang aplikasinnya prabayar,mahal,,,",1
bagus banget aku suka dengerin lagu nya,5
nice,5
"aplikasi wajib sihhh ini mah, nemenin disetiap saat sambil dengerin suara indahnya Rony Parulian 😋😍",5
"aplikasi ini bagus sekali ada banyak lagu,hampir semua lagu ada di aplikasi ini tapi kenapa di hp saya lirik nya hilang",5
mantap sekarang lebih bagus aplikasi nya lagu nya juga komplit tidak ada bug lagi mungkin sudah di perbaiki terimakasih,5
good,5
Bagus,5
bagus dan dengar lagu,5
bagus,5
bagus bgt,5
"Spotify mantap,",5
josjis,5
mantap🤩,5
"spotify mantap pingin lagu apa aja tinggsl pilih,mantap pokoknya",5
iklan nya tambah banyak,1
aplikasi udah bagus tapi makin lama makin banyak iklan nya,4
bagus sekali,4
"selalu load, padahal koneksi bener2 baguss.. kenapasii sedih bgt asli. selalu offline dan coba lagi, padahal gada gangguan koneksi sama sekaliiii..tolong ini emang lagi bug sementara aja atau gimana? huhu nyetel lagu aja tiba-tiba ngestuck, udah di uninstall dan instal kembali tapi sama aja tolong ya saya suka sama aplikasi ini tapi ngga dengan bug nya ini lhooo.. mohon dong.",1
lulur uyoooiokuorohghuhgie ga RUU ini tidurr siang 3 see sore eh ga wesweeeeay di ufffh di dunia dan menyiapkan makan belum hih,3
makasih,5
"Bisa di tambahkan lebih banyak liriknya gak, soalnya biar tau lagunya bagaimana dan juga untuk lagunya gak bisa dikasih cepat jadi harus diperbarui lagi,dan satu lagi lagunya gak bisa diulang berkali ²dan gambar penyanyinya saat kita dengarin musik itu sebuah video,jadinya kayak kita nontonin penyanyinya,taro gambarnya aja,satu lagi itu ada podcast nya bisa gak usah ditambahkan biar kayak Joox jadi itu aja ya yang diperbaiki ataupun di perbarui jadi semoga cepat diperbaiki atau diperbarui ya.🙏",5
aplikasi nya bagus dan memudahkan mencari musik yang ingin diputar,5
bagus bgttt,5
banyak bug nya tiba² playlist saya hilang,1
bagusss bangettt aku sukaaa bisa dengerin lagu sambil main gameee,5
bagus banget buat dengerin lagu 😘😘😘😘😘,5
bagus,5
"gpp,sih, cuman disuruh kasi rating aj",5
mantap!!,5
jaringan internet saya aman-aman saja deh. kenapa malah disuruh cek jaringan internet? malah ga bisa buka profil lagu,1
"keren,cuma ya karna iklan yang lama jadi bosen cuma coba deh kalian beli paket premium nya",4
good and easy..,5
enak ketika lagi galau,5
mayan,4
aplikasi yg sangat membantu dari kegalauan saat dlm perjalanan,5
lagu nya bagus bagus nanti tambahin lagu yang viral yah di Tik tok okeyy,5
APLIKASIKAN INI SANGAT BAGUS KALAU LAGI BOSAN ATAU SEDIH 😁😁😁😁,5
iklannya kebanyakan,1
😘😘,5
menghibur,5
wi-fi ini siapa tata tertib sekolah ini nabi Isa,5
keren,5
"1 lagu 3 iklan, gak ngotak anjeng kek kebijakan bahlil...😑😑",1
sangat bagus,5
Sangat bagus,5
asik buat ngerjain pr sambil nyanyi UN,5
Bisa dengerin lg galau,5
saya suka karena banyak pilihan lagu dan karna ga bisa download trebel,5
liriknya srtiap di klik gabisa,2
"Apk nya bagus, dan alhamdulillah nya iklan nya gak terlalu banyak di aku, tapi hal yang sedikit ngeselin tuh pas aku lagi dengerin playlist tiba-tiba pindah ke lagu yang gak ku sukai sama sekali, kan repot ya harus buka apk nya lagi terus harus nyetel musik selanjutnya yang ada di playlist, tapi okelahh ^^",5
bagis,1
mantap,5
ok,5
bgus,5
Trim ksih bnyk dengan adanya musik ini,5
gaada mode kerauke tolong buat Fersi kerauke,1
Good,5
karena lagu ini bisa menenangkan aku jadian tidak marah lagi guys bintang 5 juga di Spotify,5
musik dan lagu lagunya lengkap,5
aplikasi ini bagus,5
aplikasi ini sangat menghibur aku aku senang mendowlod aplikasi ini,5
mantap aplikasi nya,5
"please iklannya dibuat 1 kali aja bisa gak? mau upgrade premium mikir 2 kali bray, mahaaallll harganya per bulan",4
nice work,5
🤘🏿,5
b aja tapi bagus,5
aplikasi nya sangat mantap🤫😂,5
premium sangat baik,5
"Worth it lah buat ngilangin stress bisa juga buat gabut juga yaa baguss,klo lagi galau aku ke spotify intinya mau mood aku happy,sad,atau gimana aku selalu kesini bagus,tapi iklannya mohon dihapus terimakasih",5
puas bangat pakai Spotify rekomen pokoknya,5
jaringan lemah tetap mutar,5
gg suara nya bagus,5
Bu. 6,3
Good,5
karna nemenin kita saat gambut tapi banyak iklan,5
oke oke sip,5
keren sekaliii apknyaaa,5
tidak bisa dipakai,1
ok,5
good job,5
😚😚😚,5
login Ndak bisa maunya apasih ngentod,1
trimakasih kami puas,4
sangat mmbantu sekali dan puas,5
mantap,5
asyik seru enjoy,4
sangat bagus,5
ok,5
mantap,5
really like,5
ada manfaatnya sama saya,5
keren,5
bagus,5
aplikasi pemutar musik online dan offline yang dapat di gunakan kapan pun di mana pun,5
sangat memuaskan tanpa iklan 👍👍♥️🥰,5
ok,5
sangat puas,5
ok,5
good. aku suka 😁😚,5
kelamaan instalnya,5
bagus sih namun banyak iklan 💁👀👂,3
suaranya bagus dan bersih tanpa noise,5
aplikasi brengsek makin kesini iklan makin banyak lo kira orang jadi bakal bayar buat premium yang ada apk nya di hapus,1
bagus banget lagu nya,5
suka . lengkap lagunya,5
kurangi iklan nya,5
siiip mantap keren 👍,5
aplikasi ini bagus cuma iklannya agak mengganggu baru 1× play music udah langsung iklan lagi.,3
"iklan taiiiiiii ingat b u n 9 masih mending orang "" mau download nih apk kalo gak nyepi pikir dikit lah iklan makin banyak gedek gua dengar pengisi suara iklan nya sumpah dah gak abis"" iklan taiiiiiii makin banyak iklan nya taii apk taiii ngarap banget",1
sangat bagus,5
musik n suara yg bagus,5
bGUS,5
kebanyakan iklan,1
iklannya kalo bisa jangan terlalu sering,4
GK bisa diputar,1
"disa'at keheningan mulai terasa,hanya alunan nada yang bisa menghangatkan suasana",5
trimakasih spotify,5
sekrang lebih banyak iklan,1
baguss,5
dikit dikit harus disuruh premium🤓🤮,1
"apk nya baguss,tapi sekarang iklannya ampe 3 huhuhu mana baru ganti lagu udah iklan lagi,mau beli yang premium tapi masih pelajar jadinya mau pentingkan hall lain duluu,tapi emang bagus nih apk,mana lagunya lengkap:3",5
TERBAIK 👍,5
"2 lagu 3 iklan, per iklan semenit. dengerin lagu ❌️ dengerin iklan ✅️ jangan pelit lah",3
"nguawour. masa iklan sampe 3? udh gt milih lagu yg Di mau aj pake batasan, udh gt fitur skipnya cm 6 kali doang. promosi Spotify Premium Ampe kek maksa",1
"yaelah makin pelit aja ini spotify sekarang iklan ampe 3 biji durasi panjang bener, udah bener 2 aja iklan, kalau mau tambahin lagi lah inovasi baru seperti harga premium promo atau yang lain, demi allah ganggu banget dan maksa bgt iklan ampe 3 biji durasi masing"" 30 detik buset, 1 menit lebih itu udah kaya dengerin lagu gua",1
nggak ribet,5
mantabbb lahh...,5
Aplikasinya sudah mulai jelek sekarang karena diharuskan top up ke premium baru bisa mutar lagu yg ingin diputar 🥴,1
bujuugggg makin hari iklan makin banyak amat satu lagi tiga kali iklan pas udah selesai iklan lagi satu jadi empat iklan buset dah iya iya gw tau gw ga premium tapi ga gitu juga lah dua masih bisa lah gw terima ini empat satu lagi bujug dah gila kali lo,3
bagussd,5
𝒑𝒓𝒆𝒎𝒊𝒖𝒎 𝒌𝒂𝒚𝒂𝒌 𝒂𝒔𝒖 𝒅𝒊 𝒔𝒖𝒓𝒖𝒉 𝒃𝒂𝒚𝒂𝒓 𝒖𝒅𝒂𝒉 𝒅𝒊 𝒄𝒐𝒃𝒂 𝒈𝒂𝒌 𝒖𝒔𝒂𝒉 𝒕𝒆𝒕𝒆𝒑 𝒉𝒂𝒓𝒖𝒔 𝒃𝒂𝒚𝒂𝒓 𝒂𝒔𝒖𝒖 𝒂𝒔𝒖𝒖 𝒃𝒊𝒌𝒊𝒏 𝒕𝒊𝒅𝒖𝒓 𝒈𝒂𝒌 𝒕𝒆𝒏𝒂𝒏𝒈 𝒚𝒈 𝒉𝒂𝒓𝒖𝒔𝒏𝒚𝒂 𝒍𝒂𝒈𝒊 𝒋𝒂𝒘𝒂 𝒎𝒂𝒍𝒂𝒉 𝒍𝒂𝒈𝒖 𝒔𝒂𝒅 𝒂𝒔𝒖𝒖,1
bagus,5
sumpah lgu lgu di sini enak bgt di dengar apa lgi lgu setiap kata yg telah kau ucap,5
"iklan ditengah, iklan jadi lebih banyak, bukannya maju malah mundur mau kek joox keknya ni spotify",1
b aj,1
good,5
sangat bagus👍👍,5
mantappp,5
saya lagu baru,5
"Di-update malah makin gak enak, mau download lagu aja harus premium yang berbayar, gak enak bet dah, apa-apa harus premium, haus uang kah. setidaknya download jangan harus premium",1
sejauh ini lumayan,4
bagus bgt plisssss,5
memberikan warna dalam setiap kesendirian,5
terbaik,5
sangat membantu mendengarkan musijk kesukaan ku,5
😘😘😘,5
asik banget buat dengerin musik juga rekomen banget sihhh🙆🏻‍♀️🌸🌷😻,5
saya sangat suka aplikasi ini walaupun ada iklan tetapi saya sering dengar lagu dari aplikasi ini dan saya akan kasih bintang 5,5
ok ni apk,5
sangat bagus banget,5
lagunya tidak bayar tapi tidak murahan,5
iklannya brutal,3
banyak iklannya,4
Alhamdulillah recomended for my playlist,5
masa milih lagu harus premium?,1
Mantab.. Suara jernih dan koleksi lagu yg lengkap.. Good job,5
Bagus😎👍,5
saya ingin mendengarkan lagu sad,5
bagus,5
oke,5
sangat baguss tapi banyak iklannya tapii gakk apa apa 👍🏻👍🏻,5
L ads,1
aplikasi musik ternyaman😁,5
"Bagus, cuma terlalu banyak iklan jadi gak nyaman.",5
"kebanyakan iklan,g suka,baru dengerin musik udah langsung iklan,kadang iklannya bikin badmood",3
baguss,4
keren,5
sangat bagus,5
"suka banget, ga ada masalah apapun",5
bagus kok santai aja,5
"kita bisa cari lagu sesuai yg kita inginkan tanpa ribet,pokoknya puas untuk di download",5
hapus aplikasi ini.nanti aku saat pakai akan aku download lagi.oke,5
bagus,4
kalau tidak premium kebanyakan iklan,1
"jellekk banget sekarang spotify gratisannya baruu muterr 2 laguuu udahh muncull iklann 3 kaliii gitu"" aja trus stiap muterin lagu 2x doangg ada lagi iklann nya😭",2
bagus banget,5
berguna bgt buat nemenin kalo lagi sepii,5
"kenapa ga bisa lihat lirik lagunya udah hapus cache masih tetep sama aja,udah di laporin tetep sama juga,udah lapor pa lurah katanya ga bisa,udah panggil camat juga bingung sambil geleng geleng",1
"my spotify went blank sooo many Times i had tried many things like re download, deleted data, etc...",1
sukaa polll,5
bagus,5
"ngga banget deh masa 1 lagu 6 iklan, gila sih nih apk. apk yg lain aja meskipun ga premium juga ngga segitunya. parahh",1
bgus,5
iklan lu kebanyakan ngntot,1
sgt bagus,5
banyakin iklan nya,5
kenapa skrng banyak iklan ny ampun deh gak asyikkk,2
"P, bagus",5
keren ada lagu JKT soalnya😅,5
"dikit-dikit iklan, dikit-dikit premium sampai mau milih lagu yg mau di putar juga harus premium yaaa ampunnn kalau gtu terus mending di hapus aja apk nya lah cari apk lain aja",1
"bagus, sangat bermanfaat kalo mendengarkan musik di Spotify",5
oke siiip...,5
dulu itu kalau mau download lagu itu geratis tapi sekarang suruh bayar😰😰👎👎👎👎👎👎👎👎👎👎👎👎👎👎👎👎👎👎👎👎👎👎👎👎👎👎👎👎👎👎👎👎👎👎👎👎👎👎👎👎👎👎👎👎👎👎👎👎👎👎👎👎👎👎👎👎👎mending dirubah kaya dulu lebih bagus,1
good luck,5
bagus,5
"ini aplikasi bagus bngt, selain bagus aplikasi ini juga membantu bgt, kalo aku lagi gbt aku selalu buka aplikasi inj, seneng bgt😄😄😄😄, kalo kekurangan nya itu data nya boros bgt, karena di rumah aku engga ada wifi jadi aku beli kuota tiap habis, ditambah pake aplikasi ini yg selalu bikin boros kuota jadi beli nya harus yg mahal biar enga boros, tapi aplikasi nya membantu bgt, dan bagus 👍😍.",5
bagus banget,5
tolong jangan terlalu banyak berbayar dong saya bingung sebagai rakyat miskin ini gimana !! masaa orang disuruh maksa pakek premium sihhh,1
bagus,5
enak jadi bisa menghalu aku☺☺🤓,5
"lagu' nya lengkap, mungkin saya kasi bintang 5 krna saya suka dngerin lagu lagu' itu... bukan kah indah, apalagi lagu'nya Nadin Amizah, Hindia, Sal priadi, Seventeen, dan lain' aku menyukai lagu yang indah, seperti kalian yang memberi rating tinggi pada aplikasi spotify ini... soo tetplah semangat menjalani hidup yaa walaupun dunia tak slalu berpihak pada kalian soo be happy",5
bagus tapi syg ny bnyk bngt iklan ny,1
gilaaa keren bet cooo,5
spotify jadi spotiklan. mana iklan nya lama banget lagi,3
"woi tanggung jawab lah playlist gw kok gak bisa di buka pas di buka gak ada lagunya semua playlist gw ilang perbaiki lah bugnya, udah tiap mau apa' harus premium",1
Iklannya terlalu banyak,1
"good, mudah di operasi kan,pilihan lagu lagu mudah, apa aja ada,di save mudah untuk offline ok ..... good lah rekomendasi untuk aplikasi Spotify, sukses dan terus lah berkembang..... 👍🏻🤝",5
i like,5
kerennnn,5
apk ny asik well 🤟😈,5
yo mbuh,5
bagus banget,5
seru bisa dengerin lagu,4
bisa mendengar music dengan lancar,5
Bagus selaki,5
banyak lagu,5
mantap,5
bagus,5
"bagus, tolong jangan banyak iklan dan penampilan sudah bagus... semoga durasi buat mendengarkan lebih banyak dan iklan dikurangkn",5
sebenarnya pengen bangett ngasih 0 bintang tapi gak bisa... SPOTIFY PELITTTTT KEBANYAKAN IKLAN dulu gak harus premium kalo mau menikmati lagu tanpa iklan malah bisa di download... sekarang bedaaa,1
Mantap,5
lagu,5
paket komplit,5
aplikasi musik terlengkap dan atur sendiri daftar lagunya..,5
bagus banget 👍👍👍👍👍👍👍👍😘🩷🩷,5
saya suka banget dengarin lagu tapi dulu saya dengar lagu nya di yb sekarang di spotify makasih banget untuk pencibta lagu dan yg lainnya tapi sekarang banyak banget iklan nya 💓💓💓💓,4
ok,5
mantul,5
sangatttt bagusssss,5
Халах эге,5
good,5
banyak iklan dan agak maksa kita buat premium,3
Karena bagus aja gitu lagu nya kata gua mah vobain geh sekarang cepat donlod,4
"bagus,,sangat membantu",5
keren,5
sangat suka,5
apk kikir anj tolol babi monyet,1
"ini mah dengerin iklan, bukan dengerin lagu.. jangan download kalo ngga mau nyesel",1
josjis,5
cuman untuk premium dibuat makin ribet,1
ʙᴀɢᴜs ᴅᴀɴ sᴜᴀʀᴀɴʏᴀ ᴍᴇʀᴅᴜ,5
mua lagu apa aja ada,5
nice,5
bagus untuk berhibur trimakasih,5
terbaik,5
dicoba dulu ya,5
bagus,5
👍🏻,5
bagus,5
mantapp,5
Tidak ada Pengaturan Equalizer Manual sehingga saya mendelete apk ini,3
pikir sendiri kenapa saya memberi rate 3,3
"kebanyakan iklan, sampai 3 iklan nya",3
bagus buat dengerin musikk,5
nice,5
Enak di dengarkan,5
sangat bagus sekali,5
the best app to play a music.,5
"Good, good.",5
"suka banget sama apk nya, klo nyari lagu ga susah tinggal ketik lirik, trus kalau emang ga mau ke jeda sama iklan tinggal pake premium dengerin lagu di spotify bikin nyaman banget🤭🤭 suka bangettt",5
"keren,👍",5
the bets bangettt..,5
very good,5
sangat keren cool,5
sangat bagus dan puas,5
bagus deh perrahankan,5
"udh bagus aplikasinya cuman iklannya makin lama ngelunjak aku tengok awal satu mambah 2 sekarang 3 udh dapat iklan 3 pas milih lagu lain masih dapat 1 iklan lagi maksudnya gimana ini ,aku tau aku makek gratisan tapi konsistenlah iklannya ngelunjak aku lihatnya lama lama iklan di kasihnya -_-",1
senang dengan aplikasi ini.. mudah utk mencari lagu favorite...,5
bagusssssss,5
sporty sangat bagus lagu yg saya inginkan ada semua semakin sukses,5
bgs cm bnyk iklan,5
semua lagu terasa enak di dengar dan semua lagu yang aku ingin dengar ada (bagus),5
baguss tapi iklannya makin banyak 3 iklan + dengerin lagunya baru sekali atau duakali putaran udah iklan lagi setelahnya..,4
bagus,5
😘😍😍,5
"iklannya skrg lebih banyak, dan lama",1
"LAGU NYA TOLONG LENGKAPI,,JAN TAU NYA PREMIUM DOANG",5
keren bangettttt,5
musiknya tidak ada suara,1
"aplikasi aneh, disuruh beli premium tapi yang buat iklan malah situ 🤡",2
bagusss,5
sampah,1
mantap,5
saya suka,5
Menarik dan enak di dengar,5
belajar + spotyfy dengan playlist kesukaan is another level semangattttt,5
sangat bermanfaat untuk sehari hari,5
apalah harus premium😹😹😹,1
bagussss bangettt tapi........... *udah pas*,5
keren,5
cocok aja,5
"kebanyakan iklan najis dulu ga sebanyak ini makin lama makin banyak mana muncul terus, trs playlist pintarnya suka muter lagu yg sma ngulang ngulang sistem bgo",3
"udah kikir nih aplikasi, tapi namanya juga mau nyari untung ya gimana yak gak bisa di salahin juga",2
maksa premium kak aplikasi nya mau ke mekah,1
mntap,5
gimana spotify aku pencet tampilkan lirik malah ga muncul lirik lagu yang muncul malah warna doang tolong,3
bagi aku si bagus iklan ya gak perna muncul gitu udah bagi aku bintang lima !!,5
Mantap lagu,5
bagusss,5
baik,5
sangat bayang lagu ya,5
for me Spotify in apsi music in the best ( Spotify adalah aplikasi musik terbaik ),5
Nostalgia berat,5
anjayyy,5
enak untuk sambil ngerjain tugas,5
bagusss,5
keren ga ribet,5
terlalu banyak iklan.,3
"Aplikasi musik yang oke dan keren dan jadi pilihan untuk mendengarkan lagu lagu dan musik yang ada di sini,mudah sekali Spotify ini di gunakan dan tidak lah sulit,membuat pengalaman mendengarkan lagu dan musik terasa sangat menyenangkan.",5
⚡bisa mendengarkan musik tanpa iklan⚡,5
karena banyak iklan,3
karena lagu nya enak enak,5
"Sekarang dikit-dikit harus premium. Masalahnya aku belum kerja buat langganan premium, uang sangu ku ga gede juga buat di kumpulin beli premium apalagi kan keperluan ku banyak dari paket data setiap bulan nya, skincare, keperluan sekolah,dll. Sangu 15 ribu sehari berkelahi dengan itu semua",3
hapu iklan nya oy gw lagi sad malah gk mood,1
keren,5
jangan dukung terorisme saya udah pake ini aplikasi sampai 3 tahun tapi kecewa berat liat ini aplikasi mendukung terrorisme🙏 kenapa saya beri bintang 5? soalnya biar bisa naik keatas biar org org bisa lihat dan juga #boikotspotify,5
mantap,5
"suaranya enak nyaman mulus iklan banyak, dan seterusnya+phonk/funk nya enak",5
hay guys ini apk terbaik soalnya dengerin iklan gratis musik sumpah iklan nya seru banget bayangin aja guys aku dengerin satu musik gratis iklan 3biji kadang di lebihin makasih Spotify lopyuuu hadeh kelamin pria,5
iklan bikin kesel njingk,1
lagi nya enak di dengar saya suka lagi nya bisa buat main game dan lain lain mau beraktivitas maupun belajar saya kasih bintang 5,5
aplikasinya bagus banget (dah itu doang),5
👍🏻👍🏻.,4
iklanya langsung 3 abis 2-3 lagu iklan lagi di tambah sekarang cuman bisa dengar lagu yg kita suka sekali sehari,1
bagus sekali,5
memuaskan,4
Seneng banget.. Terima kasih Spotify 🙏,5
overall bagus tapi buset iklanya,4
Jos. tapi terlalu banyak iklannya.,5
"udh bagus bagi saya, tapi Ini terlalu banyak nya iklan dan mengganggu saya yng ingin mendengar lagu.. jadi Tolong kurangi iklannya",3
keren bgt jadi seru kalau mau dengar lagu jadi seru nggak usah dinyalain jaringan bisa apalah,5
muantap menn Hindia garis kerasss,5
terlalu banyak iklan,5
bagus,5
bagus banget bisa dengerin lagu dengan nyaman dan bisa cari idola kitaa.........,5
sebenernya suka dengerin lagu di spotify tapi masa kalo mau ganti lagu harus premium trus ada beberapa lagu yang ga ada lirik nya 😭😭😭,3
"bagus musiknya ,",4
iklanya sangat ganas itu sangat menganggu saya saya kecewa dengan aplikasi ini,1
sukaaa bagusss kerenn,5
seruuuuu,5
"makin lama makin banyak iklan, udah paling bener make yg mod apk daripada yg ori",1
WADUH MAAF SAYA GA BISA MENCET BINTANG SATU💔 JADI SAYA BERI BINTANG LIMA❤🗿,5
bagusssssss tapi bnyk iklan sol nya GK pake Spotify premium,4
mantap cuyy bisa dengerin lagu sambil belajar,5
sangat bagus,5
saya suka dengan aplikasi ini ..,5
bagus banget bisa main game,5
sangat bagus,5
wemar bana,5
ini sangat membantu disaat saya sedang sendirian dan ingin mendengarkan lagu lagu,5
"plisss, kasi paket buat pelajar kak. Kita yang masih SMA/SMP engga bisa beli yang khusus🥲",5
keren,5
kebanyakan iklan mek,1
gak bisa masukk,4
banyak lagu lagu yang menceritakan kehidupan saya,5
bagus buat musikan kalo pergi ke mana mana,5
bagus,5
alasan aku kasih ⭐⭐⭐ 1. terlalu banyak iklan 2. beberapa lagu tidak ada tulisan lirik lagu,3
baguss,5
"kebanyakan iklan berlapis, ga seperti dulu",1
"🤣 makin ke sini makin parah ajh Iklan nya, gak kaya dl. dengerin 1 lagu iklannya bisa 3x lipat wkwk moon maaf ky nya abis ini w Hapus dehh APK nya 🙏",3
bisa mendengar lagu,5
bagus buat dengerin laguu 👍🏻👍🏻,5
"aplikasi ini cukup baik,kenapa saya hapus karna memori saya tidak cukup kalau memori saya cukup pasti tidak saya uinstal",5
Aku bisa dengerin lagu favorit ky di spotify seru bgt dan bisa melakukan aktivitas sambil dengan lagu Favorit di spotify Buruan download,5
sangat bagus,5
keren...,5
"aplikasi jos apik, menjaga mut",5
Karena bisa di kapanpun.,5
bagus aku kasih 5bintang,5
Well play (Gacor parahh),5
Halaa Madrid,5
keren,5
sangat bagus,5
enak gak muncul iklan😁,5
karena lagunya enak-enak,5
ok,5
"Mulai sering muncul Iklan yang awalnya hanya 1x. Tapi bulan Oktober ini iklan jadi 3x muncul dengan jarak yang lumayan cepat. sangat menggangu. Akan lebih baik kalau iklan yang muncul 3x itu tidak sering-sering. Ini udah sering, 3x lagi 😮‍💨.",4
sengattt bagus,3
spotify ini lengkap lagu nya walau pun ada iklan si tapi Spotify ini di rekomended untuk pe cinta lagu,5
terbaik👍👍👍👍👍,5
bagusssssssssssss bangettttttttt,5
sangat suka bagus makasih,5
kebanyakan iklan,2
terlalu banyak iklan dan sangat menggangu aplikasi Laen tidak sebanyak ini dan itu bisa Diskip ... Spotify g bonafit sama sekali ...terus harus premium padahal aplikasi Laen tidak harus premium ...sangat mengecewakan satu iklan bisa 1 mmenit bahkan lebih dan tidak bisa Diskip,1
"kebanyakan iklan, mana iklannya sampai 3 sekali tampil, auto uninstall",1
good,5
banyak iklan,3
Cool jockey.,5
apk nya sangat baguss walaupun banyak iklan tapi tidak apa-apa😌,5
3 ad but 2 song is wild yk🥀🥀,1
sangan suka,5
iklannya bisa nongol 3 kali loh tapi bodo amat ya wes lumayan,4
"aplikasi terkikir, baru 2 minggu ga premium lagi iklannya seabkrek, 2 lagu 3 iklan bahkan 4 iklan, padahal baru 2 minggu ga premium, kikir banget 2 lagu 3-4 iklan",1
😘😍,5
Banyak pilihan lagu kesukaan,5
"perbaiki lagi dong, aku suka musik India, tapi liriknya gaada yang versi indo, ya gabisa ikut nyanyi, tolonglah..",2
minimal Ra iklan,1
nice.,5
aplikasi yang bgus dan bnyak sekali lagu yang keren keren,5
amat bagus,4
top,5
"mantap dengar musiknya, jernih sekali suaranya",5
"iklannya ga kurang bnyak? perasaan dlu cuman sekali ini sampe 3 kali trs durasi iklannya lama lgi ga 30 detik ,mending beralih ke sc aja",3
Ok,5
great,5
Apk bagus walau gak dwonload,5
"Iklannya digenepin jadi seminggu aja klo bisa min, kurang lama🙏🏻 kesimpulannya: dengerin musik ✖️ dengerin iklan ✅",2
semua lagu yang saya sukai ada disini itu saja sih heheh🤓,4
the best lahh,5
saya pengguna gratisan bukan premium.saya kurang nyaman .saya memutar lagu kesukaan saya tapi dialihkan kelagu lain diluar album kesukaan saya terlalu banyak lagu rekomondasikanya.ini sangat menyebalkan.saya menggunakan Spotify Uda enam tahun.iklanya juga sangat menyebalkan terlalu sering supaya berlangganan premium..ini SGT menyebalkan.mengapa ngak diisi iklan komersil kan lebih menguntungkan.skrng Spotifyinya saya hapus.skg mendengar musik lewat yt aj.lebih nyaman.,5
Agak busuk mau dengerin ini malah rekomen dasi ini tolong klo gak ganti akun gak bisa lagi ajg,3
sangat baik dan bagus,5
ok berguna skli,5
makin ngelunjak aja iklan nya yah,1
tapi belum premium iklannya dihilangkan,5
enak,5
sekarang knp jd makin banyak iklan🥹 biasanya 1-2 skrg malah jd 1-3 (mana lumayan lama 1-2 gpp lah tp 1-3 30d periklan lama bgt.. menangiss dah guee☹️☹️,5
great,5
aplikasi ini sangat baguss bangett,5
banyak iklam mgentot,1
error saat ingim mempremium kam akun,2
musik gratis mantap 👍,5
sangat bagus,5
bagus banget banyak lagu yang kita mau,5
suka lagu anda,5
"makin hari iklannya ga kira kira, baru 1/2 lagu iklan langsung muncul 3x",3
good,5
BOIKOT SPOTIFY,1
mantap sekali,5
"skrng iklan.a tambah banyak KLO ngk Pasang ke mode premium. n kadang ada iklan.a ngagetin.membuat orng tidak nyaman saat tidur.sangat mengganggu.klo dpt iklan yg berisik,n ngagetin. Skrang ada lagu yg hrs.panjang malah d pendekin.jd saya kurangi bintang.a",2
pokoknya love u,5
gw lagi galau,5
mantepp,4
"Apk jaman sekarang, karena dipinjam bocil. auto download ni aplikasi.",1
Terimakasih terus menemani hari2ku.,5
bagus banget,5
gen z banget,5
saya mau harus tersimpan tanpa menggunakan data,5
perfect,5
sukaaa bgttt pliss,5
mantips,5
iklannya sekarang 3-4 kali jir,4
bagus,5
bosen gua pake aplikasi ini lama lama jadi online,2
mantap,5
baru coba,5
qaaaaaaaaaaaaaaa,1
🤐,1
"kikir banget, 1 lagu 3 iklan puqii",1
"Inu blend nya disetting Spotify sendiri, selera kayak gua cuman boleh ada buat gua doang",5
apk ini sangat membantu sy sy suka apk ini trimakasih,5
sengaja ksih bintang satu soal gk bagus,5
baikkk bagussss,5
bagus sekali,5
good,5
bagus banget kalo lagi gabut sambil dengerin musik🤩🤩🤩,5
sangat memuaskan dengan ada apk sportify,5
Lagu enak semua,5
gua suka lagu nya,3
bagus untuk yang suka banyak masalah jadi relaks dengerin lagu,5
"kalau bisa jangan mahal"" pembayarannya,sekarang udah gak bis ofline ya?",5
"seru,bebas iklan lope dehhh",5
bagus bgt,5
"suka sm lagu-lagunya, pokoknya pilihan tepat untuk dengerin musik sambil melakukan aktivitas setiap hari.",5
sangat baik dan seru,5
teks biasa nda ada,5
bagus dan gak bakal leg,5
bintang 5 bagusi kok,5
seru sih.tapi mau ganti lagu harus premium,5
bagus banget lagunya,5
maksa bener kayanya dah buat beli premium nih aplikasi,1
bagus,5
Playlist dan rekomendasi musik yg pas buat harian,5
sangat bagus cucokk bgt KLO buat belajar pass bgt ga sih😘🤗,5
sejauh ini keren sih,5
teman terbaik,5
"5 bln ga update, pas di update skrg iklanya bertambah langsung 3 skligus, mengganggu amat sih",2
aplikasi ini sangat bagus dan menarik ☺️☺️,5
bagus ada kajian ustadz firanda dan yang lain,5
mantap,5
lop,4
kalooo kataa akuu inii bagusss sii dan iklannyaa lumanyaa sedikitt di aku inii cocok banget siii,5
tadi gabisa downlod lagu gratis,5
amazing,5
SANGATTTTTTTT BAGUSSSA,5
sangat baik,5
GOOD,5
bagus banget semua lagu ada tapi kok aku kadang gak bisa di pindahin kenapa ya,5
lagunya seru dan menarik,5
mntaps,5
Spotify sekarang bayar terus males deh terus juga fitur sukai lagu ku ilang semua mengecewakan😔,1
nice music,5
bagus,5
sangat bagus,5
Bagus juga untuk putar lagu duka dh,5
error mulu stres,1
"Aduhhhh! ini aplikasi bagus aja,tapi kebanyakan IKLAN,saya puter di tv dapet 4 iklan dan itu harus menunggu beberapa menit,apalagi durasi yang lama, dan iklan yang itu itu aja, jadi tolong lah kurangin jadi 2 iklann saya juga mau mendengarkan lagu secara bebas iklan,spotify premium itu juga cukup mahal, jadi tolong lah kurangin iklan nyaa",2
sippp,5
woii apa ni Spotify knp mkin banyak iklanny si baru nyetel lagu eh udh iklan aja mana tiga lagi biasanya juga cuma satu/dua,5
good,5
untuk denger laguu asik2🥳🥳🥳,5
saya suka mendengarkan musik,5
kualitas gasyorrr🤟🤟,5
keren,5
lagu banyak yang bikin aku suka semua lagu nya,5
gak bisa beli premium 🫨,1
banyak lagu enak,5
kebanyakan iklan,1
enak bagus playlist random sesuai sama selera musik,5
"jelekkkk iklan kebanyakan, iklan mulu!",1
mantap,5
lagu nya enak banget,5
ok,5
Bagus kok bisa sepuasnya,5
keren,5
bagus sekali,5
baik,5
bgus sekali,5
spotify kok playlist lagu saya ilang semua?,1
lagu lagunya menarik,5
saya sudah download lagu tapi lagunya hilang semua,3
Kebersihan P,5
"gw ga bisa login,tolong di perbaiki",1
suara jernih dan enak didengar,5
karna aplikasi bagus untuk dapat merelakan semua luka bejirrr,5
nice,5
apk nya bagus banget,5
Sangat bagus,5
Iklan mengganggu,4
aplikasi kebanyakan iklan. niat mutar lagu malah mutar iklan. ktl,1
sukaaa bangettttt Tapiii banyak iklan sekarang😭,5
apli kasi ini sangat bagus untuk main game dan dia tidak mati ketika hp mati,5
gatau kenapa gabisa di sambungin ke bluetooth,1
sangat bagus lagu nya bisa sambil main game lagi dan sangat bagus sekali lagu nya ada semua lagu disini jadi coba sekarang,5
keren tpi banyak iklan,5
🔥👍,5
👍,1
enak bgt aplikasi ini tanpa iklan pula bisa dengerin lagu yg bagus dan semua lagu ada di sini,5
"iklannya sampai 3 kali ajg, mana ga bisa di skip",1
senang dengan spotify karena menemani waktu senggang dan sangat menghibur,5
sy terhibur dgn aplikasi ini,5
baik dan enak didengarkan,5
kakean iklan!,1
bagus saat ini,5
bagus sekali,5
Banyak Banget Lagu Nya,5
ini kenapa dah Kok premium nya gak mau di beli,4
good mistah,5
makin lama makin banyak iklannya malesin,2
lancar all music ok,5
👍👍👍👍,5
jelekk,1
mantap,5
"Lagu,Prodcast semua ada dam lengkap",5
aplikasi nya bagus,5
zzzzzzzzzzzzztau artinya,2
"Milih lagu aja ada batas nya ngentod, najis iklan 3 kali 30 detik, lebih tamak dari Yahudi kamuh anjink",1
kerennn abis aplikasi ini tengkyu,5
"muak bangett, baru putar satu lagu iklannya seribu nanti kalau iklannya udah di minimalisir baru aku kasih bintang 5",1
"Jarak lagu sama iklan deket bangeettt, baru 2/3 lagu udh iklan, iklannya juga setelah di-update sekarang udh 3? 1 menitan lebih malah? menurut aku sebagai pelajar harga premiumnya lumayan pricey😣",3
"lengkap , mencari lagu nya gk ribet",5
kebanyakan iklan,1
"banyak banget iklan yg di beri, bisa lebih banyak dari musik yg di play",1
bagus,5
bagus,5
"iklan nya bener bener diluar nalar, muter 1 lagu, langsung 3iklan. sampah. wajib bener nyuruh beli premium.",1
menurut saya pake Spotify sangat membantu perjalanan saya meskipun tanpa kuota,5
"Mentang-mentang ga premium, tiap mutar satu lagu, dapat 3 iklan begitu terus, YouTube aja ga seambis ini.",1
sumpah aplikasi ini keren sih knp baru tau sekarang ya knp gk dari dulu.lengkap liriknya mudah cari lagi nya jadi yg hobi karoke cocok ni pake aplikasi ini,5
Aplikasi Ok,4
suka banget semua lagu pasti ada di Spotify,5
"semua lagu ada di sini tapi kalau iklan jangan lah dua minimal satu iklan saja,dan kalau premium pun masih ada iklan jangan lah gitu premium loh masa beriklan🙏",4
"IKLAN NYA BANYAKIN LAGI MIN, BUAT APK YG ISINYA IKLAN SEMUA AJA GAUSAH ADA LAGU LAGI DI DALEMNYA!!!",1
KKEERRREEENNN..👍👍,5
hiburan bangrt,5
iklan terossss,1
jadi gampang mendengarkan musik,5
pls diskon murahhhh,5
semoga selalu bermanfaat untuk para penggemar,5
jaringan bagus tapi ga bisa trus juga iklan nya dong tolong masa baru setel lagu satu iklan nya sampe 5 biasa nya 2 kalo iklan nya pendek ini panjang niat biar cepet tidur malah ga bisa tidur karna iklan nya terlalu banyak,2
"pindah ke youtube aja, sportify skrg kayak maksa bnget nyuruh ke premium. iklannya ditambah plus durasinya yg lumayan lama",1
"SEKALI LAGI KAMU SPAM IKLAN KE SAYA, SAYA AKAN BERHENTI MENGGUNAKAN SPOTIFY HA HA HA HA HA",1
selalu gagal ketika ingin beli premium.,1
"Spotify sekarang klannya gila'an ,,,3 sekaligus,, dari yg awal cuma 1, terus 2,eh sekarang 3,,, jadi,secara ga langsung , semakin maksa pengguna biasa beralih ke premium,,, sungguh mantap penjajahan era modern 👍",1
aku kasih bintan4 dulu,4
sangat menghibur,5
nyaman sekali,5
aplikasi kikir tloll anjgg gw sumpahin bangrut lu babi aminn,1
very good,4
good,5
good,5
bagus,5
keren,5
let's go the app is better now with triple ad,1
kecewa,1
BAGUS BANGET COY KALIAN HARUS DOWNLOAD INI SEKARANG!!!,5
apaan sih jir iklan nya makin ga ngotak,1
tingkat kan,4
"good aplikasi, membuat hidup lebih semangat dan berwarna",5
"iklannya kurangin dong, mentang mentang udh sering prmium sekali coba gratis iklanya di banyakiin",3
bagussss aku sukaaa,5
mantul aplikasinya,5
aplikasi ini sangat mantap saya suka sekali,5
konyol iklan banyak amat tol,1
gabisa berlangganan dc terus,1
Premium nya sungguh merepotkan,1
bagus banget apl nya,5
Iklan terus,1
"se anti itukah sama orang yang ga premium ? , sampai dibuat 3 iklan loh, lama kelamaan juga bakal lebih sering dengerin iklannya daripada lagunya",1
keren,5
lengkappp,4
tolong developer nya turunin harga spotify premium nya dong,5
sangat puas,5
"semenjak di update sportiff makin banyak premium gaseru ,katanya gratis mana bayar , mengecewakan 😓😓😓",2
menyeru kan hati,1
"2 menit iklan. gak enak banget pengen denger musik malah denger orang ngebacot.(Iklanya gak menarik) (Kamu tahu musik yang kamu denger itu itu aja?, Ya jelas lah kocak kan udah di bikin playlist) apalah",3
bgs banget aku rekomen bangt buat aplikasi music ini soalnya ad hindia dia idola aku sampee.. dompet aku aja ada hindia Jadi ayo.. donlot!!,5
sangat Puass,5
aplikasi bagus,5
kurang lengkap lagu 90an nya,4
musik lengkap di sini,5
"aplikasi nya jelek sekali, 2 lagi lanjut 3 iklan, siklus nya seperti itu terus membuat pengguna biasa yang tidak premium sangat tidak nyaman, aplikasi ini sungguh memaksa kita untuk jadi user premium, not recommended 👎👎👎",1
bagussss,5
saya sangat terkesan dengan aplikasi ini karna bisa mendengarkan lagu tanpa hambatan!,5
banyak iklan,1
asik,5
Mau liat lirik aja harus premium,5
kerennn bangett,5
bagus aplikasinya bisa nyalain pas lagi main game😄😄😄😄😄,5
kalau gratis lagunya acak,4
aplikasinya bagus bisa mendengarkan lagu juga saat tidak di aplikasi tapi ketika saya mendengarkan lagu di playlist lagu yang disukai malah habis lagu yg di playlistnya malah pindah ke lagu yg di rekomendasikan tolong di perbaiki mohon🙏,3
Aplikasinya sudah bagus enak deh bisa denger denger lagu ini aplikasi terfavorit saya,5
"sukaa banget, tapi iklan nya ganggu banget plisss karna ga bisa tiap bulan langganan premium lagi asik denger lagu iklan tu rasanyaa huaah",5
iklan makin banyak harus premium biar ga ada iklan ga kaya dulu,1
bagusd,5
bagus,5
karna harus premium,3
baguuuuusss,5
lagu nya mantap dan bagus,5
terlalu banyak iklan,3
iklan nya makin banyak dah,5
bagus banget,5
"semuanya udah bagus, tp iklannya gk ngotak busettt terus ini kenapa lirik lagunya nggak bisa di tinjau ya, pas dipencet (tampilkan lirik) jadi kosong nggak ada tulisan. tolong ini gimanaa🥲🥲",3
bagus mantap di sertai lagu yang penuh kenangan,5
aplikasi nya bagus cuma harus bayar premium walaupun di yg di sukai tetap harus bayar premiun,3
tidak bisa putar 1 lagu secara terus menerus atau ulangi 1 lagu secara terus menerus,1
bagus tapi iklan nya banyak banget,4
bagus terus Upgrade untuk lagu baru,5
enak banget di dengar,4
HH Oei Uee empat eue6,5
Aplikasi ini gg parah sih kalian wajib donloid dou haha,5
sangatt sangatt akuu sukaaaa,5
kren,5
"benci bgt, pgn dngrin lagu aja pake byk iklan, tentang premium smw lgi, sm aj pemaksaan biar pendengar lgu hrs byr, org jg pgn kli dgrin tnpa byk iklan dan melikmati",2
"mentang mentang ga permium ,setiap gua denger satu lagu abistuh iklan 😡😡 ,denger lagu 1x iklannya 2x",2
"menurut saya aplikasi ini sangat berguna untuk keseharian saya, seringnya saya mendengar lagu sembari menulis. apapun jenis lagu ada di spotify, dan berkat spotify tulisan saya lebih nge-feel. saya beri rating 5 untuk aplikasi ini, Terima kasih telah menciptakan aplikasi sebagus spotify. 🙆🏻‍♀️🌷",5
karena ada monolog aku suka monolog,5
😭5,5
👍🏼,5
"jelek,banyak di iklan,iklan udah lebih dari 30 detik,datang nya beruntun pula",1
kebanyakan iklan sekarang,3
download lagu harus banget premium?,3
asik sihh tapi kurangnya ada iklan,4
menghilangkan rasa stress.,5
bagus,5
"ini aplikasi t ada SM sp layar jadi klo mw denger lagu harus buka play store dlu jadi bikin buang"" waktu jadi gw agak pmls ba buka play store",2
mantap,5
lima bintang memang pantas untuk aplikasi ini.. 😀😀😀,5
ini EMG bagus tapi bintang 5 nya eror,1
bagus,5
saya kasih 5 bintang tp tolang bantu saya jg iklannya kurangin dong termasuk durasinya ya,5
iklan babi,1
SPOTIFY PALING MANTEP DEHHH,5
aku suka,5
pass,5
bagus. tapi dikit dikit berbayar,4
makin kesini jdi berbayar,4
great but i cannot listen to audio files,4
suka:),5
good,5
bagus,5
bagusss,5
gtw rate aja wkwk,5
"Sebenarnya seru, tapi semenjak aku update part nyanyi favorit ku jadi gak bisa diulang. Maksudnya jika part nya udah terlewat maka gak bisa lagi di mundurin",3
bagus,5
akhirnya aku bisa mendengar kan artist kesukaan ku 21 savage,5
"BAGUS BANGETT cuman kadang' ngelek,trus lirik lagu nya udh bener semua BAGUS BANGET POKOKNYA!!",5
baguss banget,5
seru dan nyaman,5
bagus,5
mantab buat koleksi lagu dan buat mendengar kan nya,5
"banyak amat iklan nya, baru juga 1 lagu udah iklan aja",2
top,5
"jujur suka bgt dengerin lagu di spotify, tp ko sekarang gini? 😭, masa mau ganti lagu sesuai mau kita aja harus premium dulu, kalau nggak ya nungguin ganti sendiri, AAA KOK GINI SII, balikin yg dulu pls, masa mau ganti lagu sesuai yg kita pengen ga bisa..",3
Sangatt bagusssss,5
sangat bagus 😁😁😁,5
gbs beli paket premium 👎👎👎👎,1
saya klo lagi masak ataupun lagi nyuci piring saya suka banget dengerin nya sampai saya radak hafal semua lagu ini,5
iklannya gak NGOTAK ANJINK,1
asik bagus banget apk nya🥰😘😍🤩,5
sangat bagus tapi banyak iklan tolong iklan dikurangi,5
"aplikasi ini bagus banget semua lagu lengkap di sini,debest deh pokok nya",5
bagus....untuk kwalitas suara tolong ada peningkatan,5
bagus tpi ada iklan,5
sangat Bagus 🔥🔥,5
baguss tp kadang iklanny suka nakutin,5
Semua harus bayar,1
sangat bagus,5
"sekarang iklan nya terlalu banyakk, masa baru dengar 1/2 lagu udah iklan? mana iklan nya 1 menit lagi... jadi males mau denger² lagu di sini",1
lagu nya seru banget,5
ini sangat lah enek saat mendengar nya di karna saat mendengar nya enak dah gratis pulaa tapi sayang nya jibkalo di hp saya susah saat memuat ntah karena ruang tidak cukup memuat apa katre hp nya hengg,5
bagusss,5
"NIII BAGUSSS BGTTT,SUKAAA DEWHHH APALAGII WKTU PERGI' TRUSS DENGERR LAGII DARII SPOTIFY😋😋😋",4
tingkatkan kembali,5
suka banget,5
dah,5
good,5
ini apk bagus banget,5
"aplikasi ini bagus, saya beri 3 bintang, namun karna saya adalah cules jadi saya ingin memberinya 5 bintang",5
"aplikasi nya memudahkan saya saat mau mendengar musik luar negeri, dan musik yang lagi nge-hits pun juga ada, sangat bervariasi sekali, dan apk nya sangat begitu bagus, bahkan sampe sekarang saya masih menggunakannya❤️",5
"Aplikasinya jelek,banyak iklan,spotify sekarang makin pelit ihh perasaanku dulu kagak pelit pelit amat dah,apa2 harus premium,mau denger lagu dibatasi,pokoknya gak bebaslahh denger lagu di sini,pasti ada aja premium premium premium,dan iklannya kalo bisa di dikitin lah bnyk banget, kadang ngerasa bagusan update dulu dehh dari pada yg sekarang😱😵😴",1
goodd,5
sering denger lagu galau,5
"spotify, lu yg bener aja, masak dengerin lagu biasa doang dikasih limit batas harian,pelit banget woiii astagaaa,bayangin nih ya gw mencet lagu one bended knee, malah gk bisa, malah disuruh langganan dulu bjrrr, sekikir itu kah? trus untuk skip lagu lain pun dikasih batas limit juga, makin naik makin pelit bjr, tolong klarif ny cs spotify",5
bagus,5
aku suka aplikasi ini kalau HP nya mati masi di putar lagu,5
bagus tapi tolong jangan ada iklan,5
coba dulu ... ys min,4
pembuat berhenti update lah soalnya aku download di mod,1
bagus banget tolong diperbaiki,5
bisa dengerin lagu dimana aja tapi harus pakai wifi,4
memperbaiki suasana hati,5
Good 👍♥️,5
okeylah bagus cuma plis tiba tiba ke ganti lagu yang lain coba,3
"najis bgt iklannya, sekali iklan suka dapet 3-4 iklan.",3
"gila ya, ilkannya bisa sampe 3 kali lebih",2
sangat baguss aku suka semua ny lengkap disini terimakasih yg sudah bikin aplikasi ini😇😘🥰,5
sangat bagus sekali bisa menghibur,5
good,5
bagus,3
kebanyakan iklan,4
"kayaknya aplikasi musik satu ini semakin lama semakin menjadi kikir. masa mau putar lagu saja harus premium, jadi saran saya kembalikan spotify yang seperti dulu lagi dan kurang kurangin sifat kikir nya karena sesungguhnya Rasulullah SAW pernah bersabda: ""Tidak akan masuk surga orang yang menipu, bakhil, dan orang yang berbuat buruk kepada budaknya,"" diriwayatkan oleh At Tirmidzi",1
"Kenapa ya setiap mau peoses pembayaran premium selalu muncul ""tidak dapat menghubung"" pdhl koneksi dan pengaturan aman2 aja. Mohon solusinya dong spotify",4
kikir,1
terlalu banyak iklan,1
keren,5
suara music bagus dan mudah di temukan,5
sangat berguna engga ada iklan jdi nikmatin lagu yang di putar sangat bagus,5
"aplikasinya udah bagus,terus mudah di gunakan,tapi bisa kurangin iklan nya gak?,itu sangat menggangu",4
👌mantap,5
kerana aplikasi ini sangat baguss,5
good,5
saya kasih bintang 4 karena bnyak sekali iklan nya karena harus ke premium dulu jika tdk mau ada iklan nya dan itu harus menggunakan pembayaran,4
aplikasinya bagus dan lagunya enak enak buat di denger,5
"bagus banget si menurut ku , enak banget lagu lagu nya lengkap juga lagi nya tinggal cari aja",5
aplikasi ini sangat bermanfaat untuk saya trimakasih yang sudah menciptakan sporty,5
saya sangat puas dengar lagu,5
bagus,5
bagus,5
iklannya kebnyakan woi,2
bisa mendengarkan lagu,5
jossjiss,5
bagus karna ada lagu kesukaan saya,5
the best,5
"pengalaman yang sangat buruk, seluruh isi aplikasi banyak iklan dan fitur sangat terbatas. Pengguna seperti dipaksa untuk berlangganan demi mendapatkan kebebasan untuk menggunakan fitur!!",1
maksa bngt buat berlangganan,5
"udah jelek kualitas suaranya, mana sekarang apa apa harus premium, liat lirik aja harus premium, perbulannya mehong bet lagi, btw iklannya kurang banyak mbak, banyakin dah iklan horor pocong kunti kuyang di jam malam, sengaja banget memeg",1
"iklannya gak ngotak cok. ya kali baru putar 2-3 lagu trus iklan lewat. mana iklannya sekali lewat gak cuma 1 lagi. lucunya iklannya hampir selalu promosiin premiumnya. ini mah lebih tepatnya bukan promosi, tp mengganggu pendengar",1
mantap,5
sangat enak mendengar kan kagu,5
sangat bagus banget Spotify ini suara ya jernih,5
"apaan banget iklannya, kurang banyak.",2
semua.aku suka,5
keren,5
enak bisa dengerin laguu,5
bagus,5
sangat bagus cuma tolong sedikit kan iklannya,5
bagus,5
"keren bgtt asli cuyy, lagunya bagus ada podcast nya jg lgii pokoknya the bestt 👍🏻👍🏻",5
oke,5
bagus,5
bagus,5
bagus di dengar,4
bagus bisa mendengarkan musik secara offlenee,4
good,5
"putar 1 lagu iklan nya 4,kebanyakan putar iklan daripada lagu",4
iklan 3 dari 3 mana durasi nya 1 30 detik semua,1
sangat Bagus,5
ogah bgtt sama apk kyk gini dah makin hari makin banyak iklanny jd ngerusak mood kalau iklannya 1 aja gpp ini udah iklan 30 detik iklanny sampe dua kali itupun jede 2-3 lg dh iklan2 lg hadeuhh,1
"iklannya aja si, kaga masuk akal",3
Bagus,5
enak untuk dengarin lagu,5
benarkan ini lagu gratis,3
banyak yang bayar,3
keren bisa dengerin lagu yang tersedia banyak lagi 🧢🧢🧢🧢🧢🧢🧢🧢🧢,5
Bagus,5
Mntap ku kasih bintang 5,1
seru. ga ketinggalan lagu2 nya. iklan nya dikit. trus ga putus2,5
sangat bagus,5
bagus,5
saya mencari lagu tanpa judul juga dapat👍,5
thebest,5
gacor lah mantap ga perlu di tanya lagi,5
bagus banget ini,5
agak bagus sihh,4
Aku sangat merekomen dasi karena apelikasi ini sangat bagu,5
"buset,iklan nya ga kurang banyak tuh?sekali nya langsung 3 iklan,lama pula durasi nya",2
seru. Denger. Lagu,5
terbaik 🔥,5
ok,5
"It's good, but most popular songs doesn't have lyrics for some reason, that's why I am giving 4 instead of 5",4
seru,5
banyak lagu nya mantap spotify mantap menghibur buat aku lagi gabut,5
kurangi iklan,3
bagus banget tapi banyakin musik dj nya tapi lengkap banget keren dah,5
bagusssss,5
sangat bagus dan saya nyaman,4
bagus,5
Mudah pilih lagunya,5
Suka cuman ga suka shuffle ya💔😔😢😡🤬,2
dengan spotify aku bisa mendengarkan lagu di mana pun dan kapan punnnn pokoknya aplikasi spotify membantu bangettt makasih yang udh buat aplikasi inii thank you 👌👌,5
untuk aplikasi nya sih udah bagus ya tapi banyak banget iklan nya aku cuma mau bilang tolong kurangin iklan nya👌🏻,4
"iklannya seabrek bgt, baru 3-4 lagu iklan lagii mana durasi iklannya makin panjang aja",3
lumayan cukup baguss tapi sebaik nya likan jangan hororr!,3
keren,5
bagus banget lagunya bagus,5
sastro disiplin banget,5
iklannya ga ngotak,1
asikk,5
terlalu banyak iklan,1
nice,5
"iklannya banyak banget dan durasinya lama, setiap 5 lagu sekali ada iklan dan iklannya itu nggak cuman satu. jujur itu mengganggu banget, padahal dulu nggak sesering itu. overall bagus, tapi minus di situ aja.",4
"gilaaaa,,, dulu perasaan iklan nya cuma sekali , kalo skrng ini bisa 2-3 kali bahkan bisa lebih sangat disygkan banget sekelas Spotify banyak iklan nya huhu",3
saya sangat puas dengan ini,5
siippp....lah,5
keren!,5
bagus,5
sangat bagus,5
bgus app nya,5
"bagus tapi tolong sediakan lebih banyak lagu lagi ya, soalnya terkadang ada lagu yang tidak tersedia di spotify itu saja sih saran saya terimakasih",5
"DULU APLIKASI BBM HANCUR KARNA BANYAK IKLAN, SUDAH BANYAK KASUS APLIKASI HANCUR KARNA KEBANYAKAN IKLAN. INI MAKIN KESINI KAYA DIPAKSA ORANG BAYAR BIAR GA ADA IKLAN. CEPAT ATAU LAMBAT SEMOGA GA NGALAMIN SEPERTI APLIKASI SEBELUMNYA HANCUR KARNA NGEMIS DUIT , ATAU TAMAK",1
luar biasa,5
😁,5
"sorry, gue uninstall karena aliran dana ke militer isriwil",1
bagus,5
mantab,5
sekarang makin banyak iklan padahal aku hampir 24 jam pake nih app gitu aj terus sampe pelanggaran pindah ke app lg,1
iklan hama,1
bagus,5
bagus bgttttt🫰🫰🫰,5
good,5
biyir biyir primium primiim apaan banget dah bayarr huuuuu padahal dulu gak kebelet umroh kali🤭😂😂🤣🤣🤣🤣🙄🙄💩💩🙊🙊,5
bisa pilih lagu yang disuka dan bikin playlist,5
bro development please lah aplikasi lu dah bagus tapi iklan nya ituloh kebanyakan banget anjirr masa gue baru dengerin 1 lagu udah dikasih 3 iklan yang berbeda anjirr. ya gye lama lama muak juga lah njirr. sengaja gue kasih bintang 5 ⭐⭐⭐⭐⭐ biar muncul di atas dan semoga di baca ya ulasan gue ini,5
Aku suka ada semua lagu tp suka mati tiba2,3
APIK SPOTIFY BISA LIHAT LAGU APA SAJA,5
bagus,5
baru denger satu music langsung iklan kalo iklannya cuma satu terus masih oklah tapi ini banyak sekali iklannya,1
aku suka lagu nya,5
bagus sih tapi loading nya lama bet,4
jirrr ini bgs bngt,5
muantapp polll kalo bisa sih sebenernya Bintang 10,5
bagus bgtt tapi ada beberapa lagu yg ngga ada lirik nya sama banyak iklan tapi aku ngerti karna aku bukan premium,4
lagu nya enak cm tolong kasih fitur kaya balik lagi ke lagu sebelum nya,4
kembalikan Spotify premium miniiiiii,4
"jelek banget aplikasinya, mau beli paket premium gagal terus. padahal ada saldonya, kualitas -10/100👎",1
sangat memuaskan,5
sangat bagus,5
mantap bre😎,5
AAAAAAAA SERUUU BGTT BISA DENGERIN MUSIKK SAMBIL MAINN GAMEEEE AAAKUUUU SUKAAAA!!! tapii bikin ngeleg dikit,5
cukup baik tapi iklan nya banyak,4
woii iklannya sekarang banyak bener sampe 3x 😭,4
mantap,5
seru make nya,5
selalu setia menemani diwaktu kerja💗,5
baguss,5
"IKLAN MAKIN GAK NGOTAK, YOUTUBE AJA KALAH",1
mntap,5
sekarang banyak iklannya yaa,2
nice,5
bagus 👍,5
banyak iklan anj,1
SANGAT MEMBANTU SEKALI ! 😀,5
oke banget,5
keren sporty,5
terlalu banyak iklannya ndk puas dengar lagu iklanya mohon di perbaikilah,1
I like all the songs I like,5
milihnya apa yang keluar apa😫😫,3
mantap mempermudah mencari musik kesukaan,5
"sekarang kebanyakan iklan,sangat mengganggu",1
aplikasi nya bagus sekali,5
kenapa sekarang tidak bisa memutar lagu?,5
pdhal apk nya bagus tpi gw ksih reting 3 karna kesel iklan nya jdi bnyk bet tiap abis 2 lagu iklan² beda ma dulu perasaan dulu iklannya gk gini² amat,3
enak di gunakan,5
Terhibur banget pake aplikasi ini buat ngusir suntuk,5
always,5
aplikasi nya bagus banget banyak lagu kesukaan aku di sini terutay lagu pupet😘,5
baguss,5
suka bangetttt fitur nya harus lebih baik lagiiiiii,5
"aku mau ambil premium for student tapi ngk bisa, udah berulang kali coba kata spotify nya aku dataku ngk terdeteksi",1
katanya gratis jelek,1
"aplikasinya seru banget tapi suka iklan, katanya aplikasi ini ga ada iklan, tapi mana?, ada kok iklannya",4
mantaps pokoknya 👍🏻👍🏻❤️❤️,5
iklan banyak bgt woi,1
bagus,5
Keren,5
oke banget,5
Premiumnya lengkap,5
sukaaa,5
bagus. lebih bagus lagi kalau liriknya selalu tersedia. apalagi buat lagu lawas,3
Spotfy sekarang mah membatasi lagu ga kaya dulu bebas dengerin lagu manapun skrng harus berlangganan dulu baru bisa dengerin semua lagu!,1
baguss,5
"1.1cuuv. v aku lb3ryy :v7', 3,ncrub@ ,. Ada )1 .vwgv1r$ ?.",3
Perfec music internatianal quality,5
bagus,5
"bagus saya mencari lagu yg saya cari langsung ketemu ini aplikasi luar biasa,jang lupa mengunduh ya kawn kawn",5
mantap,5
OK Bangetttt buat musik-musiknya,5
pokoknya enakkk bangett pake spotify,5
aplikasi yang sangat membantu,5
jngan banyak iklan y,5
mantap,5
musik nya banyak dan bermacam macam artisnya juga keren dan saya suka walaupun premium nya murah untuk mahasiswa,5
"saya pengen dengar musik bukan iklan , satiap selesai 1 musik langsung iklan 3 biji",1
Mantap👍🏻,5
"bagus ada semua lagu,dan seru",5
suka,5
MAKIN BANYAK IKLAN JING AMPE 5X LAGI,1
Great!! 🎧🎤🎶🥰,5
keren iklan sampe 3x sekalian aja 5x atau 10x biar tambah keren,1
goodd,5
fitur cari kadang tidak bekerja,1
Bad,3
"mau mutar lagu aj harus berlangganan dulu, klo gitu sekalian apl nya premium juga",3
asik klu mau dengerin lagu ap aj ad,5
"aku suka banget aplikasinyaa mana premium nya murah bangett lagii🤭 aku saranin download aplikasinyaa enak banget lagi lagu""nyaa",5
good job man,5
keren,5
ok👍👍👍,5
"apk go blok, iklannya smpe 3 to lolll, udh kikir malah promosi yang agak laennn to lolllll, mending gue top up PUBG, dri PDA apk bng sat ini",1
diskon penipuan,1
sangat bagus,5
add more ads,1
"aplikasinya bagus tapi sayangnya banyak banget iklan nya,saya baru saja mendengarkan musik 2× langsung iklan mohon untuk tidak banyak menayangkan iklan Spotify",5
banyak lagu yang belum banyak lagu yang tidak ada di spotify 😊 aku mau mengusulkan lagu tersebut tapi kalau customer servicenya tidak ada tidak bisa dihubungi lewat chat fiturnya pun tidak ada lho teman-teman spotify tolong jadi perhatian khusus karena jujur saja koleksi 0 koleksi hobi koleksi lagu-lagu kalian itu tidak lengkap 9 jangan tersinggung ya dengan kata-kataku supaya spotify lebih baik Oke terima kasih,5
selain spotify ada lagi gak yg bagus,4
sekali ganti lagu pasti iklan ny lama banyakkk lgi minimal yh 1 atau yh di gk ada in ke ini mh 3 sampe 4 mh. iy kalo abis iklan banyak ya udh lancar lah sampee 5 atau 6 ke ini mh iklan 4 lagu ny 2 sampe 3 dnggg idihh. satu lagu kenapa lagu where we are kgk ada siballl,3
1 lagu 3 iklan?,1
bagus,5
"1. ""Spotify selalu menjadi andalan untuk musik dan podcast saya. Pembaruan terbaru ini membuat pengalaman mendengarkan semakin lancar dan menyenangkan! 👍""",5
samgat mudah untuk mendengarkan music,5
"apknya bagus, tapi tolong jangan banyakin iklan ya",5
lagunya bagus bagus dan gampang di cari,5
aplikasi yang memuaskan..nice..goodjob,5
ini aplikasinya kersn banget bisa dengerin lagu yang kamu mau di pencarian,5
ga jelas lagu yang ku pilih malah lagu yang lain tolong di perbaiki dan hilangin iklan nya saya terganggu.,2
terbaikkkkk,5
menurut saya aplikasi ini sangat cocok bagi pemain c.ai atau polybuzz,5
good,5
banyak bug,1
bagus bangett,5
war war war,1
no komen,5
kenapa podcast yang sudah di download offline tidak bisa diputar ya?,4
aplikasi nya udah bagus untuk yang belum premium iklannya jangan muncul sering-sering ganggu bangat asli ora boong.,5
aplikasi paling bagus,5
"1 kata ""bagus.""",5
"saran saya kalo ngasih iklan jangan lama', kasih 1 iklan minimal durasi 30detik sudah jangan kebanyakan iklan",1
lagu nya enak enakk cuyy,5
Iklan terlalu panjang,2
Musik nya oke banget,5
"seruu bgtt kalo lagi main game trs nyetel lagu di spotify, tapi kenapa sekarang malah apa apa harus premium yaa, kalo mau ganti lagu manual harus nunggu besok atau harus premium,, hdhh ak nihh lagi gaada duit buat beli premium minn 😭😭, tolong di iniin dongg, kalo mau ganti lagu manual jangan di premium plss.. makasi, semoga dibaca 😆😆🤭🤭😭",4
semua lagu ada jadi gak sia dounglot spotify,5
setiap ganti lagu iklan kadang kadang 2 sama 3 iklan males banget enakan di YouTube,2
😘😘😘😘😘😘😘😘,5
kecewa banget karena di beberapa lagu liriknya gak ada💔,2
Kebanyakan IKLAN. Mana kaga nyambung iklan nya,1
kalau iklan masih 2 gk masalah lah ini nambah satu lagi aduhhh nasib f2p mending pindah aja gw ini,1
"aplikasi sampah semua"" bayar",1
lumayan,3
bagus,5
karena apk ini sangat meng hibur,5
Spotify gw bug lirik nya gak keluar tpi gapapa yang lain nya tetep jos dah pokok nya,5
kebanyakan iklan,2
uang Saya hilang 66 ribu untuk premium padahal saya tidak membeli premium,1
lagu nya asik asik. ini bener bener aplikasi yg di saranin buat kalian kalian yg lagi mau santai di manapun kalian berada love you ( pcr Yoon jaehyun treasure ✧),5
Bagusss,5
"aplikasinya bagus, aku paling suka kalo nonton dalam musik muncul iklan 4 kali yang masing masing iklan nya berdurasi 30 detik-1 menit🥰, tolong ya kalo ngasih iklan ya NGOTAK LAH!!!",5
wow,5
𝑏𝑎𝑔𝑢𝑠𝑠 𝑏𝑔𝑡 😘,5
Enak banget kalau dengerin lagu di Spotify walaupun ada iklan tapi gapapa,5
bagus,5
aplikasinya bagus,5
iklannya banyak,2
baguss bgt,5
3 ads in a row? nah,3
buatt ngapain ajaa nyamann,4
banyak kali iklannya,1
iklan gak ngotak!,1
membantu berlatih menyanyi,5
bagus polllll,5
mantulll,4
keren,5
bagus,5
ini bisa mendengar lagu Dengan ditutup aplikasi,5
banyak banget iklannya kntlll,1
sangat bagus,5
Aplikasi music player paling the best ya Spotify,5
demm keren bett coyy,5
"iklannya makin gak masuk akal. lagu play 2 kali, iklannya 3 kali. bye!",1
terimakasih,5
👍👍👍,5
"sporty sekarang mutar lagu baru sedikit udh premium gimana sii, padahal baru dikit yg di putar tapi udh kena primium",4
spotify kereen,4
aku kasih 4 aja ya,4
bagus,5
"baguss bgdd sumpah playlist aj keren' semua lagu yg paling aku suka sieh Despacito wawww kane bgd sama bintang lima ouyyyyyy pliss tolong ini bener' baguss di bandingkan apk dengerin musik lainnya tolong jangan di ubah atau di update lagi yhaa mungkin klo mau di update fitur' sekarang ini jangan di hapuss tapi aku sieh mau nya gada iklan premium ya, tapi gpp ko ga terlalu mengganggu jugaa pokonyaa lope bgd sama apk satu ini makasi developer lopee dehhh 💗🤗🙆‍♀️🤩",5
bagus skali sih nih aplikasi,5
banyak banget iklan nya taii,1
Kalian malah dengarin lagu ckckck,5
sekarang malah lelet loadingnya😓😓,2
aplikasi ini bagus ada lagu terbaru pasti muncul di spotify,5
Sangat bagus tapi iklannya dihilangkan saja biar nyaman dengarkan nya,5
boikot saja,1
"apk ini udh bagus dan iklannya juga bisa dibilang dikit tp adain diskon Spotify premium buat siswa/i SMA juga dongg, sekarang itu lagi banyak tugas dn aku bisa fokus sm tugas gr gr dengerin musik di Spotify tapi yah yg bikin kesel tu gara gara kahalang iklan...jadi please kasii diskon prem untuk siswa/i SMA jugaaa, nanti aku wajib langsung sat set beli itu Spotify prem",5
semakin lu hujat sekain banyak iklan,5
mantap,5
josss,5
tenxi and jemsii the best brokk,5
GACOR KANG!!!!!!,5
keren banget gak sering muncul iklan musik bagus juga,4
bagus,5
good,5
music lengkap.jadi mantap,5
ngotak dikit ajg iklan 5kali bbi,5
banyak banget harus premium dan banyak iklan,3
bilkin tenang,5
goood,5
bagus aja buat maen ep ep Ama ml,5
mending yowtube bisa di lewati iklan nya,2
katanya gk ada iklannya tapi ko ada yaa😭😭,5
sangat berguna untuk kaum rebahan sih,5
kikir banget kasih iklan gak nanggung² langsung 4 sekaligus padahal baru denger 2 lagu,3
aplikasi ini bagus banget jadi aku kasih bintang lima terus semangat yang buat aplikasi ini semoga banyak rezekinya amin🤲🤲🤲,5
"tidak sebanding, lagu sama iklan kebanyakan iklan nya...",3
lumayan,4
lagu kenang masa lalu,5
sorry gk suka di hp aku padahal udh di pencet lagu nya gak ada suara nya plus gak ada gambar nya di lagu nya biasanya kan ada kan gambar gambar di lagu tpi gk ada,2
enak banget bisa dengerin lagu sambil main gamess,4
bagus,5
ga sekalian tambahin 5 iklan? spotify kebelet haji kah,3
tolong dong lagunya semuanya itu di kasih teks lirik dan ada versi karaoke.... akan lebih baik lagi...,5
Kren,5
josssss,5
mantapp HD sound,5
cm spotify doang yg bikin hari² w lbh seru:),5
"baguss banget, tapi banyak iklan nyaa☹️☹️",4
Ganti lagu aja hrus premium elah,1
good,5
aplikasi mudah digunakan dan hampir tidak ada iklannya,5
"bagus sich aplikasinya, hanya saja yang ingin dengarkan lagu secara gratis (free) tanpa berlangganan lebih bnyak mendengar kan iklan yg lumayan banyak daripada musiknya.",4
bagaus,5
bagus bgt,5
begs,5
bagus bangnge't,5
jambot,1
gw udh premium masih aja ada iklan,3
aasyik bro,5
mantap,5
enaka banget,5
♥️👍🏻,5
Kerennn,5
setelah update bisa milih sendiri gue kasih 5,5
walau gratis tetap iklannya ngotak dikit. dari 1 sampe 3 iklan.. uninstall.,1
mantap sekali aplikasi musik SPOTIFY 👌👌👌,5
mantap,5
sekarang kok banyak promosi.... dikit-dikit promosi dikit-dikit promosi,2
🔥💪👊🤘😎,5
"lagu2nya lengkap, rekamannya jernih.",5
luar biasa 👍,5
memanjakan telinga,5
"thank you banyak' buat yg udh ciptain sportify di bumi ini😘 soalnya bagus bet apknya ak jadi bisa dengerin musik' favorite ak😘, pokoknya makasih buat yg udh nyiptain apk ini karna musik adalah sebagian jiwa raga dan hidupku🥰😘",5
good,5
jarang ada iklan walau ga premium nicee,5
mantap,5
asik² lagunya,5
bagus sekali,4
4 BINTANG SEBAB ADA IKLANNYA,4
ok,5
apkasi ini sangat bagus,5
mantap👍👍,5
mantab,5
pay to hear,1
saya suka walaupun tanpa premium saya tetap suka dengan aplikasi ini🫵🥰🥰🥰🥰🥰🥰🥰🥰🥰🥰🥰🥰🥰🥰🥰🥰🥰🫶,5
oke bagus² .............. ... ................. ...................... ................................,5
spotify mantap!,5
tks.,5
Musiknya nyaman didengar saat memutarnya,5
"gak kayak dulu,iklan nya 5 lagu 1 kali kalo sekarang 1 lagu 2 iklan🤬",1
"mls bgt iklannya skrg ada 3, 2 aja gw males apalagi 3 huh 😒",1
sangat memuaskan,5
bagus,5
so far so good,5
"bagus, fitur premium juga bagus",5
kebanyakan iklan,1
Spotify : musik dan podcast ini sangat bagus aku suka sekalii. makasih Spotify,5
plis iklanya di apuz aja,5
lagi mencoba...,5
uninstal ah support genosida,1
Bagus,5
burik gak menarik,1
suka banget kalau jalan selalu dengar lagu 🥹🥹🥹,5
"rumah gwe bnyk lagu"" yg gw suka🖤",5
"mendengarkan lagu jadi ga maksimal karna dibatasin, kalo mau lebih maksimal harus premium dulu, ribet saya kasih bintang 1",1
enak banget jadi bisa denger lagu tapi aku gk pernah premium,5
bguss bngett,2
mantap,5
Maacih 😊,5
bagus minus iklan truss.,5
keren...berbagai jenis musik 🪉 naik lokal maupun global,5
"kalau kurangin iklan pasti bintang 5 kok,lagi dengerin tenxi berubah malah iklan",4
mantepppp,5
makin lama makin kikir aja ni aplikasi 🥰🥰 dari dulu yg iklannya 15 detik sampek sekarang yg 3menit🥰🥰😍😘,1
"sekarang apa apa harus premium,milih lagu di batesin aneh",1
asik asik lagu nya,5
enakeun #w,5
"Teruntuk Admin Spotify tercinta, saya tau kalo saya memang ga premium buat dengerin lagunya, tapi tolong dong.. jangan ngasih iklan bejibun gitu, biasanya saya dapet iklan 1 doang.. ini sekarang bisa 2 sampe 4 iklan.. ini mah saya kayak denger iklan doang, denger lagu 1-3 abis itu 3 iklan langsung. Maaf kalo kesannya kayak buruk, tapi nanti saya coba premium buat Spotify. Terimakasih.",4
simpel,4
"lagunya lengkap banget aku suka, terus ada liriknya juga.",5
terlalu banyak iklann,1
shuffle pintar nya ga nyambung sm lagu yg sering di denger,3
pendukung genosida,1
oke mntp,5
"sangat menyenangkan, mudah dan cepat dalam search lagu dan artisnya, juga tersedia liriknya. aplikasi recommended",5
bagus banget suara nya,5
saya kasi bintang 1 karna lu spotify udh bikinn nangiss seseorangg butut hamaa apk tbtb akun orng login di hp orng apaan sih cuh,1
enak banget,5
"Minimal kalo ga mau pengguna yang pake bajakan, jangan hapus juga yang paket premium seminggu lah bodoo. dikira bayar paket 56k/bulan enteng apa? paket pelajar/mahasiswa, dikira semua orang pada kuliah gitu? mikir lahhh udah bener bener dulu ada paket premium 9k/minggu malah dihapus lawak bener ni developer",1
mantap,5
lagu buanyak bet,5
keren tapi iklan nya perlu di kurangi jadi 1 iklan aja 😁,5
"makin lama makin ngelunjak ni iklan, males lah uninstal aja apk nya",1
bagus buat di dengar,5
good,5
paling bisa bikin mood balik lagii,5
Kenapa lagu diputar random ?,4
gilaaa bagusss banget,4
enak banget lagu lagu nya udah ga pernah muncul iklan lagi soalnya udah pake mode premium,5
sangat cocok untuk aku di mana saja😃,3
gut lah,5
bagus banget banyak lagu,5
"BAGUS BANGETT AKU SUKAAA, INDAH BANGET, AKU BISA DENGAR LAGU SIAPA PUN",5
bagus,5
bagus,5
banyak iklann satt,1
"bcot iklannya, gw tau duit lu buat isriwil",1
sangat Bagus saya suka karena tetap bisa dengar lagu di luar aplikasi,5
paling bagus dan bagus sekali,5
teman d saat galau,5
sangking bagus nya bingung mau komen ap,5
bagus banget! tapi tolong banget buat bikin Spotify nya gak premium semua 😔,5
lumayan bagus,4
Banyak iklan,3
bisa dengerin lagu galau,5
"saran ya, setiap satu lagu kasih iklan aja minimal 5 iklan per lagu. walaupun udh premium juga kasih iklan, biar user makin kecewa... Kwon t0l",1
bagus,1
so perfect untuk dengerin musikk luvv🤍,5
luar biasa,5
bagus gak terlalu banyak iklan sayangnya gk ada lirik lagu nyaa🥲🥲,3
mantap dan keren spotify 🤩🤩🤩🤩,5
tenang bngt jadi nya,5
keren,5
Anti genosida,1
"Dikit dikit iklan. Mau mencet lagu aja harus premium dulu. Dulu lebih fleksibel sekarang gk, mana mau batalin langganan di bikin susah, harga dinaikin mending software / aplikasi lain.",1
sangat bermanfaat,5
mantap,5
semenjak gw make nih apk gw jadi tw apa selera lagu sejati gw wkwk. gw sbenernya suka spotipe tapi kenapa y gw bru denger 2-3 lagu pasti tuh mncul iklan bikin gw g mood padahal lagi ngevibes bgt gw dengerny bisa kali y dikurangin tuh iklanny dan ini cm pendapat gw ya soalny gw agk risih. lov spotipe,5
aplikasi nya bagus banyak lagu yang enak banget kalo di dengar cuma ada beberapa lagu yang gak ada,4
oke,5
this is my best friend⭐⭐⭐⭐⭐,5
kok makin lama makin maksa sekali ini spotify mintak premiun ya. sekarang gw gak bisa bebas gak seperti yang dulu ya,2
-mines banyak iklan🗿,5
mantaaapss,5
aku menyukai lagu makanya aku mendownload nya karna disini ada jutaan lagu,5
keren,5
bikin belajar tambah nyaman,5
"walaupun hp mati lagunya tetep jalan, jadi hemat batre hp",5
komplit banget koleksinya...👍👍👍❤️🧡💚🩵,5
makin makin iklan nya,2
really good,5
lagu ya sesuwai harapan dan ciri has lagu sama dengan ku,5
suka ga bisa puter lagu karena di paksa beli premium 24 jam,2
asyik. dan keren lagunya,5
good,5
"iklannya makin gila, udah di spam 4x , baru 2 lagu udah iklan lagi 4x bangke",1
bagus,5
cocok buat di jalan enak lagu²nya the best top,5
bagus mungkin bisa di tingkat kan lagi seperti dari lagu dan yang lain,4
"makasih selalu nemenin gua kalo mikirin ortu di malem hari smbil musikan, prem nya juga ada yang student jadi lebih hemat",5
aplikasinya bagus tidak ada iklan,5
nice,5
"Krna ccok untuk di saat ingin tidur,ingin beres², dan yang lain²",1
sangat bagusss,5
di puas dengan applikasi ini,1
apk ini sangat bagus sekali,5
saya suka tidak ada iklan tapi cuma bisa dengerin musik offline boleh,5
👍baguss,4
iklan makin cepat muncul mana banyak banget lagi akhir' ini terus lama juga,2
"mantap semua lagu yang saya cari ada di sini, terutama lagu-lagu nostalgia.",4
anying iklan Mulu Kon*ol. mana iklan nya lama biadab. bagi lu yg belum donlot mening kaga usah Ngab.anying iklan nya kaga ngotak!!!!!,1
sangat bagus,5
mantap,5
Mantap banget nih aplikasi,5
aplikasi kek tv banyak iklanya,4
"1 lagu,3 iklan njirr.",1
Mantap aplikasinya mendukung pakai dolby atmos,5
👍,5
terima kasih Spotify selalu menemani perjalanan,5
"sangat bagus,untuk mendengarkan lagu lagu/ musik yang sedang hitss dan viral",5
sangat menyenangkan menggunakan aplikasi ini,5
sangat bagus,5
"Jagan banyak iklan nya, karena kita sudah pake kuota bila ingin putar Spotify",5
"Bagus, mudah di akses.",5
aplikasi ya bagus,5
kurangi iklan iklan yg ada di Spotify,4
ok,5
"Bagus,..satu lagu satu iklan,..iklan dilarang sering²,...,😀☕ lagi kumat nih 1 lagu 2 iklan,..",4
memuaskan,5
"mentang² ga premium iklannya 4x, parah bngt, duit emng segalanya tapi ini kbangetan",1
mantap,5
mantap,5
mantap,5
keren spotify,4
sangat bagus dalam penyusunan,5
serius ini sekarang iklannya Ampe 3 tiap ganti lagu? lama2 kek tv wkwkwk,5
kebanyakan ikln,1
ok,5
🤩🥰😍😘,5
bagus...,5
apalah skrg malah kebanyakan iklan anjir,2
kebanyakan iklan gabisa di skip,2
saya suka..iklannya dikit,5
bagus sekali apk ini bisa dengerin musik sambil main game,5
bagus menemani waktu kerja dan keseharian,5
aplikasi yg bagus .. kembangkan terus,5
Sangat menghiburrrr,5
Terus berbenah bossku...!!!,4
mantap,5
banya dpe lagu,5
bagus. cuma satu lagu bisa 3 iklan jadi ribet,2
👌❤️,5
sangat cocok untuk menjadi penyemangat hidup,5
sangat bagus untuk yang senang suka dengerin musik lebih baik donwlod sporty karna pengguanaan ya lebih mudah dan sangat membantu lebih mudah lagi semua lagu ada..,5
keren,5
aplikasi kikir kali kali wakk iklan sampek 4x,1
kerenn,5
Wahh Spotify sii udah ga bisaa diragukan lagi cakep beuhh,5
iklannya asuu😡,4
Spotify App Musik Kekinian Terbaik Menurut Saya Pribadi... 🎉➡️🌃➡️🍻➡️🎶 🔚 🔜🔄,4
terbaik,5
Terdebestlah pokoknya,5
premium hapuss,5
bagus aku menyukai aplikasi ini dengan dilengkapi lirik dan ada podke nya seru bgt tapi sayang nya banyak iklan,5
keren,5
bisa sambil belajar dan gratis,5
bagus banget,5
"lama kelamaaan makin banyak iklannya,, mending cari app lain aj.. bye",2
so disappointed 😞,1
good,5
👍,5
enak buat santai sambil dengerin musik,5
free p,1
Bgus,3
kocak,1
aplikasi nya bagus lengkap tapi iklan dk ngotak... 💔💔💔💔💔 ini mau dengar musik bukannya mau dengar iklan oke lah iklannya kalo muncul 2-4 kali itu lebih dari itu aaaa 9oblok... masa ikalmnya disuruh pake shopee pay later kita disuruh mirip pinjol aashaaua,4
bagus tapi kalo bisa kasih gw premium gratis hehe,5
jujur bagus sih lengkap cuman gitu dah terbatas banget ya lebih tepat nya kikir sih,3
"masa milih lagu aja, harus premium astaga, cuma sebatas milih lagu aja di premiumin..., tolong dong balikin kaya dulu lagi jangan sampe sebatas lagu aja di premiumin kesel",1
mantao,5
"baru dengerin 3 lagu, ga lama jeda pas mau dengerin lagi malah gabisa dengerin lagu yg kita pilih, apaan bgt sih Spotify sekarang",1
Mantaaap,5
mantap..sangat membantu...,5
bagus,5
mantap,5
bagus bangt'mudah di cari lagu2nya....,5
terlalu sering iklan untuk yang reguler setiap 2 lagu iklan,1
KL bisa di tambah,5
bisa gak sih lagu yang di luar playlist gak usah di putar,1
bagus tapi memoku penuh🗿,5
Dear ceo spotify Saya kecewa dengan anda karena anda sudah menyuruh pihak pencipta untuk menghapuskan alquran Saya sangat kecewa....,1
ok,5
booster harian karna harus selalu denger musik setiap hari thanks spotify premium wort it wlw berbayar tapi semua lagu ada di sini lokal dan internasional lengkap,5
ok good,5
Cukup enjoy asik.,5
Baguuss pake bgaett,5
baguuuss banggeeettt pliiss,5
nice,5
banyak banget pilihan musik ya,5
harus premium,1
"gw bisa denger lagu drake,the weeknd,partynextdoor,daniel Caesar,Radiohead,plaiboy carti,don toliver,john lenon,chase Atlantic,Bruno mars,coldplay dan lain lah thankyou spotify",5
mantap,5
"sumpahhh ni apk bagus bgtt, gak bohong demi!",5
iklannya banyak,5
lirik lagunya pada bagus bagus,5
Sukses selalu my Spotify,4
cocokk bgtt klo lagi aktivitas gtu tapi kadang iklaanya ganggu pas lagi asik asiknya 👍,4
sya suka lagu,5
sangat cocok untuk mendengarkan musik atau lagu yang kita sukai,5
iklannya makin banyak dan lama 😞,3
Bagus skl,5
BAGUS BGT,5
baik sekali,3
bagus benget aplikasi bisa ngelagu Jaba bisa pakai main game kalo hp nya dimatiin bisa ngelagu lagi tapi iklannya 2-3 iklan,5
aplikasi nya bagus gak ngelek bagus deh pokok nyahh 👍,5
not bad,1
Bikin nenangin hati yang sepi ini,5
"bagus tapi kok pas masuk kedalam aplikasinya lamaa ya? jaringan bagus,memo oke,adaaa masalah ya?kalau bagus baru nanti aku kasi bintang 5,nahan sabarr kalau mau masuk kedalam ini apk..",3
bagus sumpah sampek kejang🗿,5
setiap nyetel lagu di Spotify bikin galau trs. Kita bisa mencari lagu sesuai yang diinginkan. aplikasinya bagus 🙃,5
banyak lagu kesukaan saya jadi enak dicari dan juga enak denger lagu pas lagi main game,5
bagusss,5
kikir,1
seruu,5
aplikasinya bagus banget ✨👍,5
"Saya sangat suka dengan Spotify karena saya bisa mendengarkan musik apapun, dan juga spotify tidak juga memerlukan pembayaran untuk lagu yang kita dengar",5
Bagus,4
"bagi pengguna biasa, iklannya makin gacor. Hanya itu saja 👆 yang saya kecewa.....fitur fiturnya bagus.",2
aplikasi sangat bagus selalu ada rekomendasi lagu-lagu yang sedang populer,5
"ini sihh lagu nya asik"" semuaa sukaa dehh",5
"menemani kesepian,seru",4
SERUUUU!???,5
iklan mulu hadeh baru 2-3 musik iklan lagi,3
Baik,5
banyak bet iklannya KONTOLLL,1
"aplikasi nya bagus, udah gitu aja",5
iklan mulai agak banyak tapi ok si,5
baguss bgt lopyuu,5
"kenapa di aku tiba tiba lagunya ngga ada liriknya udh 2 hari, padahal sebelumnya ada liriknya",5
sangat bagus,5
bagusss bgtt,5
"Terlalu maksa utk premium + setiap pause lagu ditengah-tengah, pasti kembali ke menit awal lagi",1
kasih bintang 3 karena banyak iklan dan mau premium itu mahal,3
"nilai 8,, ada satu yg kurang kalo cari lg pd album tertentu kadang tidak ada",5
"aplikasi nggak jelas mau nyetel lagu, malah dipaksa premium gimana kalau ngk ada duit",1
bagus sangat membantu,5
"tolong itu lirik yg ilang tb tb dibenerin njir, gue mau nyanyi malah kagak jadi gr gr lirik nya ilang. Itu juga dikit-dikit iklan mulu, gapapa sih ada iklan tapi jangan langsung tiga kali berturut-turut lah njir, mana durasi iklannya lama amat, itu iklan apa movie, gausah nyaranin pake premium, gue cuma minta kurangin karna itu udah berlebihan, mikir kids.",1
Los...gak da iklan,5
iklan nya numpuk,1
ada beberapa lqgu yang tidak keluar liriknya,4
josjiss,5
best music 🤩,5
bagus,5
bagus lagu nya,5
Iya aplikasi lagu yng sangat baik menurut saya,5
Hahhh!,4
"jangan dikit2 premium, aneh",2
iklan nya banyak ngentod,4
joss gandos,5
"lumayan,agak lemot",4
kaga bisa muter podcast bjirrrr tai ylahh,2
"yang bener aja sekarang iklan nya langsung 3, 30 detik lagi.",1
bagus,5
aplikasi ini bagus untuk orang yang suka mendengar musik setiap hari,5
banyak iklan nya,2
sdh saya uninstall.. karena mendukung Genosida.,1
Spotify sangat bagus banyak lagu² yang sedang trending,5
sangat bagussssd,5
ok,5
💥🌸🐹,1
bagus apk paling ku suka,5
aplikasi ini sangat bagus,5
saya menyukai lagu kimika,5
cukup memuaskan,4
lagu yg diinginkan mudah dicari.....lalu tingga play..oke banget..recomended buat music nya,5
I am deeply disappointed to learn that your party participated in the genocide movement.,1
tidak perlu kata kata,5
"okay... iklan nya makin banyak ya, gak kerasa.. kita dengar lagunya atau iklannya? minimal sponsor itu sedikit aja, ini dibanyak banyakin iklan nya, muak! tolong di kurangin ya, gak bagus tau. ini aplikasi akan dianggap sebagai aplikasi berbayar suatu saat kalau ini makin banyak 😂",1
"semuanya bagus,tapi tolong untuk download lagunya bisa gratisan tanpa harus premium",3
yang di puter apa yang dimainkan beda emang tolol,1
"bgs bgt lagu nya bisa di keluarin bisa denger musik ke sukaan main game, chat, gambar dll kerja bagus 😁",5
kenapa selalu lelet tiap mau sesrch lagu? padahal kkneksi jaringanku bagus.,2
spotity terbaik,5
bagus bgt app nya musik musik nya enak,4
lagu nya ada semua,5
bagus cuma kurang nya kadang gak bisa di atur jadi susah deh tapi overall bagus kok,5
sangat hebatt,5
BAGUS SIH CUMAN KURANGI IKLAN YG GAK PENTING NYA TRUS HARGA PREMIUM NYA DI KASIH KURANG LAH,1
"gw baru beli peremium tanggal 13 ya napa, tiba tiba abis premimnya, gajelas banget",1
wow,5
"iklannya so asik jir, kesannya maksa banget nyuruh premium",4
udah 3 kali aja iklan kalian muncul ya bodat,2
feature berubah-ubah,5
"kenapa kebanyakan iklan sih. baru 2-3 lagu udh iklan lagi. iklannya pun 3x. kalau bisa, dikurangi ya iklannya. padahal aplikasi nya bagus loh.",4
lumayan keren dan mantap,5
oke lah,4
"so far so good ,teman di moment apa aja 👍🏻",5
"kenapa ya akun gua ilang cuman karena pengen tambah akun,udah itu masih ada premiumnya lagi terus gua pengen masuk malah ga bisa masuk, tolong dong ini gimana masa akun gua ilang begitu aja rugi gua sumpah kalo bisa balikin aja uang gua.",3
lancar jaya pokoknya enak lagunya,5
time drift time drift race drift race race mainan 🤮🤮🤮🤮🤮🤮🤮🤮🤮🤮🤮🤮😗😙😗🥰🥰😗😙😗🥰🫠😇🫠🥰🙃🥰🙃🙃🥰🙃🥰🥰🥰🥰🥰🫢🫢🤢🤢🤢🤮🤢💩💩💩💩💩💩💩💩💩💩💩😺💩😺😺😺😺😺😺😺😺😺😺😾😾💩😺💩💩💩💩💩💩💩💩💩💩💩💩💩💩💩💩💩💩,1
bagus untuk mendengarkan lagu,5
keren,5
tenang.,5
sangat suka dan sangat membantu dalam mencari lagu favorit,5
kok di aku ga bisa cepetin lagunya,3
"Spotify sekarang putar 1 lagu, iklannya 5 y 🤣🤣🤣",1
aplikasii ini baguss tapi dii akuu gak bisaa liat lirik laguu nyaa,4
bikin galau,5
iklannya dikurangin dikit yaa,4
teman bekerja,5
"kok sy mw update premium bulanan ga bisa yah ?? sy sdh hapus dan download kembali,, tetap ga bisa ,,",2
sangattttttttttttt bagussssss....,5
menghibur,4
terbaik,5
sangat cocok untuk saya,5
gidog,4
"tolong dong, kok iklan nya semangkin sering ya, mana sekaligus tiga kali iklan berturut-turut dan lama lagi iklan nya, padahal baru putar satu lagu tapi udh iklan aja",2
"banyak iklan setiap sekali pemutaran lagu iklan 2-5 kali, dengerin lagu atau iklan aplikasinya nih..bingung banget😮‍💨",1
"Bagus, tapi buset, iklannya ga kurang banyak tuh??? Premium juga lumayan dengan harga segitu perbulan, tpi okelah not bad walaupun agak pricey. ada barang/kualitas juga ada harga. Tpi klo disuruh premium dengan harga segitu, mnding dengerin iklan seabrek jir, tpi paling ya abis ini pindah apk merah klo sebanyak dan selama itu iklannya",4
lumayan,5
mantap,5
aplikasi nya bagus,5
good job,5
gok,5
"kikir, banyak iklan, ga jelas, KIKIRRR",1
awaaaawaaaAwaaaaaaa😃😃D. . nn nnv,5
"niat hati mau update tp ga bisa ,udah gitu ga bisa pencarian lagu nih sekarang,ada yang sama ga?",3
kebanyakan iklan 🤦🏼🤦🏼🤦🏼🥱,1
"iklannya ngelunjak,awalnya 1 jadi 2, sekarang jadi 3,",1
sangat bagus,5
LG sangat bagus,5
mantap,5
so far so good,5
sesuai yang aku mauu sukses terus ya,5
keren,5
"apk nya kerenn, banyak iklan seakan memaksa para pengguna untuk berlangganan premium, trs klo muter lagu tbtb selanjutnya keputar lagu yg ga sesuai sama vibe lagu yg sebelumnya didengarkan. tolong ya developer, ngasih iklan jumlahnya yg masuk akal lah.",5
pertahankan prestasimu,5
☺️,5
"bintang 1 untuk iklan nya yang sekarang terlalu banyak sampe 3 iklan ga kaya dulu,kayak terlalu maksa buat premium",1
bagus kok,5
enak banget,5
good luck,5
reduce ads!,3
terlalu banyak iklan,2
𝚋𝚊𝚐𝚞𝚜,5
"apk nya bagus tapi tolong IKLAN NYA DI KURANGAIN,sebelum puter lagu iklan,bares denger 2 lagu iklan,lama² jadi males pake apk ini,mending cari yg mod aja klo gini terus,tolong lah buat siapapun pengembang apk ini🙏",3
bagus,5
👍👍👍,5
yang bener aja iklannya 3/3 su biasanya di aplikasi lain aja 2/2 atau 1 mana setiap iklan 20 detik lebih,1
"kenapa di saya lagu yang sudah saya playlist setiap di dengar itu tidak lanjut yang bawah, tetapi beda lagi",3
aplikasi ini bagus bgt iklannya juga ngasih saran² yang bagus dan menghibur. terimakasih spotify selalu ad menemani,5
😘,3
Spotify sangat bagus,5
bnyk banget iklan si anj,1
iklannya ada 3 💀,1
gratissss,5
keren tapi banyak banget iklannya,4
sangat bagus aplikasi,5
baguss bngtt jdii akuu bisaa dengerr laguu sembarii mainn permainnann apaa punn 👏🏻,5
welll pokonamah,5
ngk seru tiba-tiba d suruh bayar,1
aplikasinya bagus banget tapi banyak iklan jadi mohon kurangi iklannya,5
too many ads🤮👎🏻,1
apk gacorrr minus iklan nya bejibun,5
kebanyakan iklan yang suaranya mengganggu,1
g worth it bgt anjj tiap muter 1 lagu iklannya ampe 3 kali anjir lahhh,1
"ngasih iklan ngotak dikit kontol, 1 lagu 2 iklan woilah",1
ya aplikasinya bagus..tapi semuanya banyak premium banyak iklan.. entah hp Saya yang bermasalah atau bagaimana setiap mendengar lagu tiba tiba mati sendiri lagu nya..lalu kita harus kembali lagi ke aplikasi..lagu nya ulang dari awal juga gimana sih.. atau harus berbayar juga? aplikasi udah bagus Saya suka.. terima kasih ya udah buat aplikasi ini,4
"yah Allah tolong kembali kan dana saya tiba2 ketarik otomatiss sebesar:305.250rb itu seperti nya TDK sengaja kepencet fitur langganan nya saya mohon kembalikan uang saya,saya sangat butuh",1
iklan nya jgn trllu bnyk...yg lain nya ok,5
"iklan menggila belakangan ini, main 1 lagu iklan 3 biji 30 detikan, parah.",1
mantap,5
Spotify bagus bngat,5
"hei bagaimana kau masa baru bentar nyetel lagu yang ku pencet malah pake premium,dasar gua mana ada duit,gini aja pake premiumnya kalo offline atau tanpa iklan,jangan bikin sengsara lah😭",1
Buaaagus bgt ok dadah,5
Bagus aku sukaaa banget,5
"heh. gue mau premium bayar pake google play di tolak di suruh make telkomsel, pas udah pake telkomsel di tolak lagi suruh make dana, pas udah make dana jaringan eror, heh bgst gue make wifi 2, kartu gua 5G dua duanya, mau lo apasi",1
mantap,5
"suka bgt kalo denger pas lagi baca atau di perjalnan, cuman, kadang iklan nya bisa 4 sekaligus, itu bikin ga nyaman",5
bye bye spotify....,1
bagus,5
gk ada niatan bikin vocal off biar bisa versi karaoke?,5
bagus suka karna ada lagu idol K-pop bts,5
too many ads,1
kualitas jernih,5
sangat menghibur saat waktu senja,5
sekarang dah bisa,5
Gak bisa offline,4
sangat seru banget,5
aplikasi pemutar iklan,2
good,5
"apliksi yng sngat menghibur bngett klo lgi kspian / mlkukan hall lain lain ,intnyaa good jobbbbb👍🏻👍🏻👍🏻👍🏻👍🏻👍🏻",5
sangattt bagussss dan ini menemani kuuu sepanjanggg hariii,5
bagus,5
"ga pernah loading, banyak lagu lagu terbaru.",5
tolong lagu vokalis: Edi Silitonga judul : Tangis dan Cinta,5
baik aja sih emang kenapa kalau bagus emang gue harus bilang waw gitu wk wk wk wk wk wk wk wk wk wk wk wk ha ha gabut wk wk wk wk abc ah bacot ha ha ha ha ha ha 😆 gue gabot aja bagus sekali,5
iklan nya banyak bgttt bisa 4 iklan sekaligus 💔💔💔😞,2
seru dan bisa belajar nyanyi 🥰🥰😍😍,5
"aplikasinya bagus.mau cari lagu, mau buat playlist sendiri mudah gak ribet.putar lagu kuota habis pun masih bisa.",5
mantap mancing,5
sangat bermanfaat 🙏🤗,5
sangat bagus,5
apk nya mantap buat dengarin lagu kesukaan kita ..lagunya pun lengkap,5
gak suka ada iklan nya,2
bagus,5
Bagus 😊,5
bagus.,5
kok lama banget sih ke instal nya ?,1
kali ini update nya jangan sampai lemot iya,5
sangat baik,5
sangat memuaskan,5
ok,5
mantap,5
kenapa premium semua padahal saya ingin mendengar lagu😭😭,1
karna lagu nya enak semua,4
bagus banget Spotify mantap lah,5
bagus,5
mantep,5
suka,5
"Min,sumpa bisa lebih di permudah gak pembelian preniumnya,kek mau daftar kerja aja😔",3
"kebanyakan iklan, msih bagusan sc sih soalnya ga bnyk iklan, trus kalo mau putar sesuai urutan ga hrs premium, semua lgu ada di sc ... ekhem... Is that too much duh",1
minimal bisa di pilih lah lagunya yg ada di playlist jangan ada batasannya,2
lbih kebnyakan iklan,1
seneng walau bnyk iklan,5
spotify memberi hiburan musik yang mengesankan,5
Bagus selalu uptodate lagu terbaru terutama khusus untuk K-Pop,5
sangat Terbantu mendengarkan apa aja musik atau lagu yang saya suka. sehat dan sukses selalu spotify terima kasih,5
ok banget,5
"tambahin fitur ""blokir artis"" dong bre. ms ngedenger musik dr 1 artis, seluruh musik rekomendasi ny jd dr dy trs. contohnya, gua cmn ngedenger musik ""Karma"" dari C!nah/Vivinos, trs seluruh musik rekomendasi gua langsung Jd playlist Alien stage. gua gtw apa' soal itu. tp intinya tambahin fiturnya memeg.",3
mantap,5
"mantap, bisa dengar lagu kesukaan sambil buka yg lain",5
enakkk,5
bagus 👍sangan membantu buat hiburan musik😊,5
biar bintang yg berbicara 😁,5
lagu nya baru baru,5
lagu minang,5
goog,5
bagus banget tapi pas denger lagi sad malah ada iklan,5
koleksi lagi lengkap,5
bagus😎,5
"over all udah bagus kali yaak, suara lagunya jernih, lagu yang dicari selalu ada, tapi kurang itu satu, KENAPA IKLANNYA BANYAK BGT ANJIRRR!!?? ok i know itu karena aku ga premium, tp aku ga premium jg karna harganya mahal bos, tak sesuai dengan duit yg ada di dompet q, pls yh spotify, kasi diskon bwat premium, gapapa deh prem nya sebulan doank asal harga nya emang murah, tbh ak pengen prem tp cm sebulan ..",5
Developer nggak ada tulisan lagu di bawah,2
Bagus,5
sangat memuaskan,5
mau haji berapa kali lagi?,1
best,5
ajg bat lagi sad malah banyak iklan tlol iklan nya juga ngiklanin premium sendiri lah beli premium cuman buat ilangin iklan yg ngajak nyuruh beli premium lo kikir apa gimana bangst,1
mantap,5
aplikasi ini membantu ku untuk semangat main game dan membuat ku tertidurebih cepat,5
deezer still besss .,5
"males bgt, udh premium slalu di play lagu andmesh, pencet shuffle dapet lagu andmesh, play di playlist hits dapet lagu andmesh, apalah algoritma nya padahal gak pernah suka andmesh. dah muak gua setaun gini trs",1
dah bagus bisa login lagi makasih udah mau dengar ya Spotify,5
best aplikasi Cok suka sih,5
mantafff topppp,5
👍,5
kadang² putar lagu pas gambar sama baca webtoon wkwkwkwk ini rekomen banget sihh,5
baru nyetel lagu sekali aja iklannya udh berkali²,2
senang sekali,5
mkasih udh sangat membantu,5
iklan,3
My Life Now 🧬,5
mantap apotify no 1 lah,5
"aku dulu berlangganan & sekarang sudah tidak , tapi kenapa tidak bisa masuk ke apk ?",3
bagus banget 👍👍👍,5
bagus tapi sering kembali sendiri,4
sangat bagus tapi salah nya suka iklan,5
sangat baguss,5
sangat bagus tapi sayang iklan ya mengganggu,5
saya sangat suka,5
untuk Spotify udah bagus mantap lh pokok nya cuma minta tolong hilang kan iklan horor nya d ganti iklan yg lain jangan horor masalah nya sering dengerin lagu d Spotify pulang kerja lewat hutan ya d pikir lah lagi asik asik jadi merinding ke bawa suasana tolong d ubah iklan nya yg lain,5
enak,5
sangat bagus lagu yang aku mau semua ada👊😜,5
mantab polll,5
semua lagu yang ada di Spotify music ini sangat lah banyak,5
aplikasi nya kayak babi burik jelek mending di hapus dari pelaistore,1
sangat bagus,5
🤍🤍🤍🤍🤍,5
mantap,5
Bagus,4
josss,5
👍👍👍,3
ok,5
fiturnya pada ga jelas dan banyak iklan,1
banyak lagu sangking banyaknya sampe bingung,5
sangat menyenangkan dan bikin tenang,5
bagus👍👍,5
aplikasi keren,5
"Bgus,,great klo bisa kurangin durasi iklan nya.mksh",5
"aplikasi inii baguss, tidak perlu bayar,",5
apalah dikit dikit premium premium gila duit bener,1
"bagus, klo lg gabutt",4
seru banget kalo lagi nugas sambil dengerin Spotify,5
lagu lagu nya asik semua,4
playlist lagu beat hip hop yg di nyalain galau2 semua 🤬,1
tolong beberapa lirik ditampilkan,5
sya sngt² puas dengan aplikasi ini sngt bgus skli sya sngat menyukai'y,5
good,5
tida bisa dibuka loo,1
suara menyenang kan bisa masih hidup saat tidak menggunakan aplikasi rekomend,5
ga bisa dibuka pas udah didownload percuma,1
bagus,5
ok,5
lagu nya enak2 semua dan bagus,5
lagu ya bagus,5
sangat membantu,4
"lagu sudah sesuai ,suara jernih dan bass ok.",5
mantap,4
bagus,5
baguss,5
tidak bisa memilah dan tidak bisa di racing/ cepat putaran lagunya paet,1
"sangat senang,, dan seruu",5
baguss bangett cuman suka ada iklan 🗿 jadi sering betmutt tapi baguss bengettt,5
ok bgt,5
sangat menghibur,5
sangat bagus,5
BUGIS SIDRAP,5
"kikir dikit"" bayar kebelet haji",1
bagus sekali,5
aplikasi nya bagus banget 😝😝,5
bagusss bngttt,5
"apk ini bagussss bangettt tapii IKLANNYA bikin kesell, setiap 2 lagu pasti ada iklannya, iklannya juga bukan 1/2 tapi bisa lebih dari 2 jadi bikin apk ini muncul nilai negatif nya",3
sangat menyenangkan dan enak di dengar,5
mantap,5
🍉🍉🍉🍉🍉🍉🍉,1
bagus,5
kerennn,5
buat login 10 menit lebih,4
sangat cocok,5
sangat memuaskan,5
seru banget pake Spotify,5
5 deh,5
"lagu nya bagus,nge trend,tidak patah patah pokoknya bagus",5
bagus sihh tapi kenapa kalo udah dengerin musik tuh kenapa harus ada iklan nya?😇,5
aplikasi ini sangat bagus dan menar ik bagi saya,5
teruskan abangkuhhh,5
oke .. banged,5
mantap,5
lagu2nya enak di dengar,5
bagus bisa dibuat Sabil nain,5
lagu nya banyak yg aku sukaa,5
aplikasi nya bagus tapi waktu aku lagi mainin playlist ku kadang lagunya nyasar ke lagu lain katanya cuma rekomendasi lagu yang sama kaya di playlist tapi aku gak suka lagunya dan ini muncul Mulu bikin bete udah tanya chat gpt cara ilangi nya tetep gak bisa,3
keren,5
klo lagi riding asik banget,5
aplikasi sangat membantu menemani saya dalam beraktivitas sehari hari,5
best,5
bagus,5
kebanyakan iklan nya,1
aku suka apk ini musik bagus² ada musik india jga paporit Aku iklan nya jga ngga bangak klw ada iklan sebentar,5
"Saya sudah berhenti berlangganan premium, tetapi saldo dana saya tetap ketarik 60 ribu untuk premium, saya mohon refund dana saya",1
iklan nya maksa banget buat premium,1
"saya sangat terbantu oleh aplikasi ini sebabnya tidak perlu pakai memori lagi untuk di simpan di HP cukup klik Spotify lansung bisa dengerin musik tanpa ada gangguan sinyal , pokok nya mantap..,😄😃",5
"sempurna,tinggal karaoke nya tidak ada",5
"udah muak banget sih, iklannya udah tiap 2-3 lagu,ini yg mau didengerin lagunya apa iklannya cobak",3
"banyak bug, contohnya gak bisa mutar lagu sesuai urutan, padahal udah beli premium, tapi diminta buat beli premium dulu, kan aneh",2
Sudah bagus. Cuma tambahin liriknya.,3
"bagus, lagunya update",5
"kebanyakan iklan , masih belum komplit lagu2 nya 👎👎",1
aplikasinya bagus tapi masih ada iklan jadi sy kasih bintang 4,4
sangat bagus dan juga gak terlalu makan jaringan bagus,5
lumayan lah,4
mudah digunakan dan asikk memputar lagu dengan mengerjakan tugas,5
harus ada mv nya lo,5
mantap,5
keren lagu lagunya,5
Please kurangin iklannya dong 😁,5
musik yg lengkap dan mantab,5
bagus sekali aku suka lagu lagu pas dgn yg kuinginkan,5
ini apk buat dengerin musik apa buat dengerin iklan ya? makin sini malah kaya dengerin iklan trs makin sini makin mengecewakan terimakasih kikir,3
sangat bagus untuk dijadikan sebagai sebagai penghilangan gabut,5
kereen..,5
"bagus aplikasinya,banyak pilihan musik dan good job",5
mantap pisan euy .,5
musik terlengkap,5
banyak bangett iklan nya,3
aplikasi ya bagus dan hebat ya saya jarang dapet iklan wah mantap ini 🗿,5
mantap,5
Sangat Bagus dan menghibur,5
apk yg sangat berguna untuk pecinta musik seperti saya ..,5
ok,4
"sangat sangat bagus banget, aku sukkyaa",5
"tiba2 akun saya disuspend, saya tidak melakukan apa2, dan di browser saya tidak bisa menghubungi 'contact us' tolong dibantu. saya sudah mengklik kirim pesan tapi malah ke halaman masuk Spotify, tolong dibantu",1
"sy ksih empat aja,knp saat2 mesti ada di klan yng muncul",4
sangat membantu buat naikan mood di setiap hari. thanks spotify🙌,5
the best,5
gampang cri lagu,5
"sangatt baguss , bebass carii lagu/swolawat",5
kerennn byk lagu Islami..,5
aplikasi sangat bagus,5
ok,5
"aplikasi nya gak rekomen karena iklan nya maksa bet buat langganan biar bisa premium, dan nyusahin banget kalo belom premium, gak percaya?? cobain aja sendiri",1
mantap,5
aku kasih bintang 5 Karena aplikasi spotify ini itu bisa dengerin lagu secara gratis cuman kita harus premium dulu kalau kita nggak premium kita nggak bisa dengar lagu ini secara gratis kalau udah premium kita bisa ngunduh lagunya untuk kita masuk ke playlist musik kita sendiri. ya walaupun kita belum premium juga kita juga bisa mendengarkan musik tapi kita harus ada resiko mendengarkan iklan di setiap musik yang akan kita putar... tapi menurut aku ini spotify nya bagus sih keren musiknya,5
mantap,5
bagus,5
banyak banget iklannya,4
iklannya tolong dikondisikan bikin earworming banyak banget ga abis-abis,3
bagus tapi kok aku waktu mau main gem suaranya tiba tiba ilang,5
sangat baik,5
enak lirik nya juga lengkap lagu nya juga lengkap kalau ngak ada wifi terus gabut bisa untuk donlownd ini😊,5
bagus banget,5
apk yahudi dikit dikit premium,1
sangat bagus,5
bagus tapi jelek,5
apk apaan sih nggak jelas gw mencet lagu mana malah keluar lagu yang lain nggak jelas,1
musik nya keren,3
suka banget soalnya aku suka denger musik dan nyayi + ada lirik nya minus nya cuma ada iklan nya,4
good,5
keren. mantab sportify,5
"aplikasi kikir.iklan 1 menit sama ,ga bisa milih lagu",2
aplikasi nya bagus 🥰🥰,3
lagu nya enakk enakk,5
"bagus,lagunya lengkap tetapi tolong kurangi iklannya karena iklannya sedikit mengganggu🙏,itu saja dari saya,saya kasih bintang 5🙌👁️👄👁️🙌",4
ok sip banget,5
bagus,5
bagus,5
"ada bug, musik yang saya setel masa kadang-kadang nggak bersuara padahal saat saya buka YouTube, saya bisa denger dengan lancar tanpa hambatan",3
baguss,5
keren,5
sangat bagus,5
enak buat dengerin lagi tapi tolong jangan sering sering banyak iklan buat yang ga premium soalnya aga mengganggu terimakasih,5
enak buat dengerin lagu JKT48,5
musik suka tiba tiba mati,1
"great, soung is clear",5
"kenapa ya spotify aku pas mutar lagu lagu pertama ada suaranya, lagu kedua hilang suaranya. tapi pas iklan gak hilang tu suaranya",4
aplikasi kikir,1
hapus aja udah,2
Stres maruk masa pencet lagu lain harus Premium sih Astaga,1
aplikasi bagus,5
good,5
absolut cinema,5
bagusssssss,5
gatau enak aja ❤️,5
👍👍👍👍👍,5
BAGUS SIH CUMAN PAS MAU KE LAGU YG LAIN SELALU DI REKOMEN PADAHAL AKU GK MAU DIREKOMEN TOLONG DI PERBAIKI LAGI YAA🥹🙏,4
"aku seneng,kalo nggak punya kouta tapi tetep bisa ndengerin musikk dehh jadinyaa😊😊😆",5
buagus suka banget dengerin lagu di Spotify kalau lagi disuruh mama lipetin baju😻😻😻,5
mantap.,5
sangat bagusss ❤❤❤,5
MENGURANGI STRESS,5
"Sangat Cocok Untuk Teman dalam Perjalanan, Makasih Banyak Sportify 👍👏",5
sekarang di suru premium mulu trus pas mau dengerin lagu ada batas nya jadi males bgt pake spotify maaf bgt ya harus aku unstal jadi kurang suka,1
di pake buat nge gamon,1
bagus pokoknya,5
banyak iklan y tolong iklan dihapus,5
sangat bagusss,5
"aku suka aplikasi ini namun untuk akhir akhir ini ada sedikit gangguan, yaitu lagu yg suka tiba tiba hilang entahlah bisakah kamu memperbaiki nya",4
anak asu banyak iklan,1
bagus,5
bagus banya lagu nya,5
"sangat bagus untuk saya ku kasih bintang lima, makasih yang udah buat sportyf",5
bagus dan pleksibel,5
sangat bagusss,5
bagus banget bisa menemani kesepian dengan lagu,5
"terlalu susah (ruwet) mengakses lirik lagu di mobile, kenapa harus scroll dulu ke bawah terus tap, padahal dulu tinggal tap di bawah tombol play/pause untuk mengakses lirik. versi lama jauh lebih baik. tolong diperbaiki.",1
the Best ⭐⭐⭐⭐⭐,5
bgtt bgtt suka suka,5
"aku menikmati banget dengan aplikasi ini walaupun tidak premium namun ada sesuatu yang ganjil dengan iklan yang berdialognya kok pada alay semua, mean character lah, di notice artis paporit lah, kok kesanya kayak mengajak untuk menjadi alay lebay, tapi mungkin aku doang yang memiliki perasaan gitu soalnya slera laguku bukan tergolong fomo!",2
"apalah milih lagu buat di dengerin aja perlu up ke premium, mending dengerin lagu di youtube",1
terlalu banyak iklannya,1
"Spotify sekarang makin gak jelas sumpahh banyak iklan,terus iklannya juga gak jelas jirr😭🙏😔",1
"lumayan lah, cuman terlalu banyak iklan, banyak kali juga premium nya, takut nya kayak capcut, apa apa premium, emm, mau nya kasih reward request gitu tanya, kamu mau nya premium atau engga, kalo ga mau premium, yaudah jangan tawarin fitur premium, iklannya juga hapus, kalo yang mau premium, yaudah kalo di kabulin gapapa jugah yaa 😁",4
app yang keren,5
"Applikasinya sangat bagus,simple dan mengagumkan. saya sangat menyukainya.👍⭐⭐⭐⭐⭐👍",5
bagus bangett tapi banyak iklan nya,5
bangus,5
"tolong ya di perbaiki bug nya karena di saya itu banyak bug nya saat mendengar musik, jadi tolong di benarkan",4
puas banget,5
rada ngelag dikit sama suka FC aja,4
bagusss,5
aplikasi macam apa ini kita putar lagu eh malah lain yg keputar tidak sesuai keinginan,1
"TOLONG IKLANNYA KURANGIN INI IKLAN MULUU,MALAH KALO IKLAN LAMA BAMGAT. LAGUNYA SO OKEYY",3
Oke lagunya lumayan bagus 👍👍,4
bagus,4
good,5
aku suka spotify karena bisa dengerin lagu,5
kami sangat puas dengan semua lagu ini,4
mantap,5
"mantap,kekurangannya tidak ada download nya",5
lagunya asik banget,5
lagunya banyak sesuai expetasi tapi minus gk bisa setel lagu lagi harus premium 😔,1
bagus,5
baguss,5
memuaskan,5
👍🫶🫰❤️,5
👍👍👍,5
kenapa di aku tidak ada lirik lagu nya? padahal udah beberapa kali update dan iklan nya juga sering muncul,2
mantap,5
Posisi handphon tidak terpakai masih nyala musiknya dan itu sangat memuaskan,5
aplikasi ini sangat bagus,5
banyak banget premium nya jadi susah aku denger lagunya mana iklannya banyak banget lagi,1
"uda didownload padahal lagunya tp pas dibuka offline malah apknya gabisa, gimana sih, sia-sia dong didownload kalo mau dipakai secara off apknya malah loading gabisa dibuka",1
sangat bagus dan lagu lagu nya lengkap,5
"kadang kadang gaada suaranya, padahal udah di gedein volume nya",4
bagus,5
bagaimana cara berhenti berlaganan,1
mantab dan bagus,5
"aku seneng dengerin Bimo&Danu,palagi humor2 nya,ngakak beud 😅",5
semua nya udah bagus dan iklan nya gak seberapa sering atau mengganggu cuma pas saya coba liat lagu yang ada lirik nya tapi pas saya pencet tampilan lirik malah gak ada tulisannya atau liriknya.. saya tau kalau cuma beberapa lagu saja yang memiliki lirik tapi saat saya pencet lagu yang memiliki lirik dan pencet tampilan lirik nya tapi malah gak ada tulisannya atau liriknya...,4
hanya berguna untuk lagu,1
bagus,5
musiknya komplit tapi aku mau es cekek yang serebu rasa taro,3
"IKLANNYA KURANG KENCENG, LGI DENGER MUSIK IKLAN KENCENG BIKIN SAKIT TELINGA GBLK",1
kurangi ikan nya,4
sangat bagus,5
"baguss , apk ini sangat cocok bagi saya karena saya orangnya suka mendengarkan musik 🩷",5
sangat amat bagus,5
bagus banget lagu nya,5
bagus,5
jika gratis maka akan lebih bagus lagi,5
suka musik,5
bagus banget memang di rekomendasikan buat download aplikasi ini,5
sangat memuaskan,5
seru,5
"Aplikasinya bagus gak ada kendala, saya puas banget sama aplikasinya jadu saya kasih bintang lima",5
"bagus banget sukaaa,",5
"lagu nyaa perfect, bagus bagus komplit jugaaa, suka ama spotify ailopp",5
"bagus,saya suka dengar lagu di sini",5
bagus,4
gila!!!!! bagus banget cuuuuuuyyyyy recommended sih ini,5
Karena lagu banyak banget karena ak pilih itu ak Spotify,5
media hiburan dalam segala kondisi 24 jam full. perlu dicoba lantas dimilikki apk ini.,5
enak banget,5
"bagus banget apk nyaa ,tpi kebanyakan iklann ,jadi tolong kurangi ya iklan nya",5
banyak iklan nyaaa👎🏻,3
mantaaap,5
lagu lagunya enak semua,5
aku sukaaaa 😍😍😍,5
aplikasi nya bagus,4
bagus,5
keren,5
"mantaap Spotify ada lagu"" dangdut lawas 👍",5
koleksi lagu2 nya lengkap dn update,5
aplikasi kikir,1
cute,5
baik &menjadi solusi saat bekerja,5
apik,5
enak jir bisa dengerin metal slipknot,5
"suaranya jernih bagus banget,tampilannya juga keren",5
Spotify sekarang gudang iklan banget satu musik 2 iklan gak kek Spotify dlu iklan nya dikit Tolong lah min iklan nya kurangin biasa nya saya suka degar musik Spotify sekarang udah mulai kurang,3
Enak.,5
sangat seru dan beragam lagu nya,5
aplikasi bagus tp kadang agak eror di hp saya,3
"lengkap banget lagunya, tinggal klik !!!",5
Selalu suka sama Spotify selalu memberikan banyak fitur baru untuk memudahkan pengguna mendengarkan lagi favorit mereka,5
"aplikasi kikir makin hari makin tidak nyaman mendengarkan musik, shuffle pintar nya kagak jelas dan justru terulang ulang masih lebih mending platform sebelah.",1
enak lagunya bisa simpen lagu pokoknya enak nilai nya 100/10👍🏻👍🏻👍🏻👍🏻👍🏻👍🏻🥰,5
bagussss bangettt,5
"aplikasinya hemat kuota,simpel dan tidak ribet, hanya saja lagunya kurang lengkap",4
seru,5
bagus aplikasinya cuman sekarang banyak iklanya :(,3
jempol,5
"Aplikasi lu maksa biar orang-orang premium,dikit² iklan saatttt",1
bagus,5
aplikasi ini membuat aku senang dan aku bisa belajar bernyanyi,5
sangat membantu dalam hal mendengarkan musik,5
mantap,4
yapss download gaiss baguss inii,4
mantap semakin mantaf,5
bintang 🌟 5 aj,5
GOOOD,5
enak lagu ya terus mantep laguya bagus,5
iklannya makin gila,1
ok,5
"seriusan nih sekarang gabisa muter lagu sesuai hati dan harus premium?? fyi, saya pelajar dan masih ada kebutuhan lain daripada beli premium walau ada paket pemula dan paket pelajar. kalau kayak gini bisa-bisa saya juga ninggalin Spotify. padahal ini aplikasi paling bagus menurut saya sebelumnya, walau saya free dan harus dengerin iklan. itu udah oke kok, tapi kenapa ya sekarang malah gini? halo halo dev, bisa lihat ga ulasan saya?",2
👍,5
bagus,5
Bisa dengerin musik kapan aja & dimana aja dengan kualitas yang bagus!,5
apalah baru dengerin musik sekitar 11 kali udah gak bisa lagi jir aplikasi kikir premium terus,1
suka dengerin music dr spotify,5
bagus,5
bagus kok tpi emng ribet klo kmu gk premium,4
nice good,5
"hm, byk ikln ka, cb kurngin iklanny",2
apk kikir banyak iklan gk kayak awal awal,5
seru aja buat nyantai,5
rorrrrrrr,5
"sumpah ni aplikasi baguz banget kalian wajib download ,tapi kita semua (pengguna Spotify) berharap untuk gausah bayar untuk menghilangkan iklan sbnernya gapapa bayar tapi pas aku pencet gratis premium selama beberapa hari tuh GATAU KENAPA MALAH BAYAR OY tolong pihak spotify untuk benarkan atau kasi petunjuk caranya yaa mohon jangan diambil hati kalo aku kaya ngegas aku emang kek gitu🥰🙏🏻🙏🏻",5
-iklan aja,3
kebanyakan iklan,3
terlalu banyak iklan dan premium nya mahal bangt,1
boooo,1
bagus,5
lagu bagus,5
bagus,5
sangat bagus,5
"SEKARANG SPOTFY GAK GRATIS LAGI SEMUA NYA, GAK COCOK DI SAYA, PAS SAYA PENCET MAU LAGU ITU, HARUS PREMIUM",1
sngt menyenngkan,5
"udh puluhan kali mau beli spo student tapi pembayaran gagal trs, suruh ganti metode lainnya cmn ada shopee tapi ga bisa. pembayaran yg lama² juga masih ijo ga gagal² dari sistem",1
bagusssss aku suka sekarang aku bisa dengerin musik sambil tidur tapi ditingkatkan lagi ya supaya tidak ada iklannya,3
bagusssssssss banget,4
"saya suka sekali dengan Spotify,, dari Spotify yang tadinya saya badmood trus mendengar kan lagu,saya jadi tenang sangat tenang THANK YOU SO MUCH 🩷",5
so perfectly and often lags,5
banyak iklan ganggu apa apa premium,1
ok,5
lungunya lengkap,5
"kayak anjingg kntll ini knp sih gw pengen nyari lagu tapi pas di pencet malah lagu aneh yang di putar, tlolll bgtt",3
ko disini bisa dengerin lagu yah,5
seru sekali mendengarkan musik di Spotify,5
Fitur terbaru makin oke,5
Karena spotify itu senang mendengarkan lagu yg apa kita suka,5
karena bagus lagunya,4
mantul,5
bagus,5
good apk,5
musik sering tersendat-sendat,3
harus bayar pilih musuk,1
lagu nya enak,5
ini sangat bagus buat main game dan juga untuk santai,5
sangat membantu saat ingin mendengarkan lagu dan banyak farian musik yang bisa kita nikmati.,5
ga keren hrs byr,1
enak buat didegenrin,5
alasan karna aku bisa dengerin lagu sepuasnya,5
bagus,5
hebat,5
ini kenapa Spotify aku gak bisa diputer musiknya,2
banyak iklan,1
mantap,5
bagus,5
bagus,5
love,5
biasa aja sihh,3
jangan ada peremium asu,1
bagus,5
jngn bgs love you,5
bagua,5
bagus bangett❥❥,5
gk seru banya iklan fan kalo udh lewati 6 perjam harus bayar gk seru,1
tung tung tung sahur tatatat sahur udindin din dun madindidin liriri larila orcaleo orcala yanto dak balerina ahh,3
bagus aku bisa mendengar lagu favorit ku,4
kerab,5
Aplikasinya kikir cuma mau dengerin lagi aja disuruh ke premium,1
mantap,5
👍,5
Aplikasinya bagus cuma perlu pengurangan iklan aja soalnya bikin ganggu,4
bagus banget recommended,5
sangat mudah d gunakan,5
"terlalu banyak iklan, setiap kali lagu selalu iklan,",1
"sebenarnya udah ok tapi dibatasin kalo mau pilih lagu,masa mau pilih lagu malah harus premium, sama iklan ya banyak banget",2
gg tapi banyak iklan semoga engga iklan lagi,5
keren musik-musik nya,5
ini bagus tapi sayang kalau misalkan kita nyari lagu pasti ada yang kurang bisa harus coba lagi,4
kenapa harus nunggu besok,1
iklam grabb ganggu banget bngst,4
"saran saya spotify harus menambahkam fitur yang dimana orang orang/kita sendiri bisa melihat seberapalama kita mendengarkan lagu,tahun kita memakai spotify dan jumlah hari,PLS SPOTIFY",5
"banyak banget iklan double2 terus setiap denger musik pasti iklan Jangan pake, kalo mau ada apk lain yang ga berisi iklan, tentu kalian pasti risih sama iklan kan kalo lagi enak2 dengerin musik, jadi jangan Download apk ini Banyak banget iklan 🙏 #AingKesel_Loba_Iklan",1
harus banget premium taa??,5
Luar biasa.... makasiiiiii SPOTIFY...👍👍👍,5
"dulu sih sengaja ga langganan, biar tetep ada iklan tipis2 biar ga boring lagu terus. tapi makin kesini kok iklannya makin ngeselin ya, banyak iklan di luar spotify yg masuk. lebih parah dari youtube karena gabisa di skip",2
"Spotify sekarang pelit ya, apa apa premium. dulu masih bisa liat lirik ga ada batas, untuk skip lagu juga. terus sekarang juga dikit dikit iklan itu memang resiko pengguna gratis tapi engga setiap 2 lagu iklan juga kaliii, dengerin 2 lagu iklannya 3 hadehh.",1
aplikasi musik paling kikir yang pernah saya install,2
ini sangat bagus,5
aplikasi nya bagus dan lengkap 👍,5
H-2 sudah main potong saldo aja.,1
"semakin hari semakin kikir,sampah",1
bagus,5
enakk bangett Darii semuaa laguu dari Spotify,5
kehibur guasss,4
apk musik top no 1 ini mah,5
asik,5
Bagus sekali.....aplikasi music yg lengkap dan bs menghibur...terutama untuk yg sering luar kota👍,5
bagus lah tapi coba premium nya gratisin dong mls denger iklan 😁😹,4
Bisa Dengar musik funk nih😁🇹🇷,5
Kek jembt mau masang musik gak bisa bisa pilih,1
"iklannya dikurangin,masa baru 2 lgu langsung iklan, gtu aj trs",2
suara nya merdu sekali lago favorit ku ada semua di sini spotify memang bagus bangetttttttttttttttt,5
mantap,5
saya suka dengar lagu bagus saya suka banget,5
aplikasi nya bagus... 🙂,5
lagu nya seruuuuuu bgtt,5
Aku kasik bintang 5 karna bisa denger pas kita lagi OFFLINE,5
ʙᴀɢᴜs ʙɢᴛ ʙᴜᴀᴛ ᴍᴀɪɴ ʀᴏʙʟᴏx sᴀᴍʙɪʟ ᴅᴇɴɢᴇʀɪɴ ʟᴀɢᴜ nya💙💙,5
Bagus bgt tpi tidak bisa sambil main game,5
mantap,5
menarik,5
bagus banget,5
iklannya kurang banyak,1
aplikasi nya bagus terus ga banyak iklan gitu,5
𝚋𝚊𝚐𝚞𝚜 𝚋𝚊𝚗𝚐𝚎𝚝 𝚜𝚎𝚖𝚞𝚊 𝚕𝚊𝚐𝚞 𝚋𝚊𝚑𝚔𝚊𝚗 𝚊𝚍𝚊 𝚒 𝚕𝚒𝚔𝚎 𝚒𝚝 😘☺ 𝚒𝚔𝚕𝚊𝚗 𝚗𝚢𝚊 𝚓𝚊𝚛𝚊𝚗𝚐 𝚓𝚊𝚛𝚊𝚗𝚐 𝚓𝚞𝚐𝚊 𝚋𝚊𝚐𝚞𝚜 𝚕𝚊𝚑 𝚙𝚘𝚔𝚘𝚔 𝚗𝚢𝚊 𝚠𝚊𝚓𝚒𝚋 𝚍𝚒 𝚞𝚗𝚍𝚞𝚑 𝚌𝚘𝚌𝚘𝚔 𝚔𝚊𝚕𝚘 𝚕𝚊𝚐𝚒 𝚝𝚎𝚗𝚊𝚗𝚐 𝚖𝚊𝚞 𝚐𝚊𝚖𝚋𝚊𝚛 𝚜𝚎𝚓𝚊𝚞𝚑 𝚒𝚗𝚒 𝚓𝚞𝚐𝚊 𝚋𝚎𝚕𝚘𝚖 𝚍𝚒 𝚜𝚞𝚛𝚞𝚑 𝚋𝚎𝚕𝚒 𝚙𝚊𝚔𝚎𝚝 𝚙𝚛𝚎𝚖𝚒𝚞𝚖 𝚕𝚊𝚐𝚞 𝚗𝚢𝚊 𝚙𝚊𝚜 𝚜𝚎𝚜𝚞𝚊𝚒 𝚓𝚞𝚐𝚊 𝚜𝚞𝚍𝚊𝚑 𝚒𝚝𝚞 𝚊𝚓𝚊 𝚜𝚒𝚑 ❤,5
🇪🇸🇪🇸🇪🇸 good,5
bgus bngt aku sukaa bngt denger lagu di spotify,1
bgus,4
😎👍,5
"boikot, ceo nya zionis.",1
bagus,4
apk kikir,1
bagus kualitas suaranya 👍👍,5
"ok lah ada promo 3 bulan, semoga terus ada promonya",5
"bagus gk ngelag,buat maen game juga lancar 🧢",4
bagus,5
sekarang udah gaenak sporty sekarang ada batas milih lagu hadeh mentang mentang ga premium dulu gada sekarang gada klo cuma iklan bole lah ini di batasi hdeh gimna ini tlong dong di rubah lagi kyk dulu,1
terlalu berat,3
"lagunya kadang rusak kalau import lagu dari tiktok, IG dll, di awal enak dipertengahan kyk kusut iramanya, kira² kyk kaset rusak🗿",4
bagus untuk mendengar lagu favorit ku,5
sangat bagus untuk perkembangan,5
seru banget dengernya(+~+),5
no comen,5
kebayakan iklan,1
mau daftar premium belum bisa Terus... sudah saya coba berkali kali.. untuk bagian pembayaran nya..,5
bagusss,5
iklan mulu,3
Mantab,5
update sing viral,4
"aplikasi pelit, minimal iklan ny dikurangin. iklan bikin turun mood. najisss najis. mampus ku rating 1 star 💩",1
mantap Terima kasih😘💕,5
baguss bangettt,5
mantap,5
menemani pagiku 🫰🫰,5
aplikasi ini bagus banget bisa buat santai santai,5
bagus dan penyejuk suasana,5
baik,5
"bagus, tpi jadikan premium",5
baguss bangett,5
sangat bagus sekali,5
ok musicnya,5
mantap semua jenis musik tersedia,5
makin kapitalis tod,1
bagus,4
"aplikasi in bagus buat dengerin waktu luang , tp sayang klok mau download harus ke pre mium",5
saya suka,4
bagus ga ada iklan,5
bagus,5
Ingin Spotify yang dulu sekarang apa-apa berbayar,1
"jelek banget sekarang , lagi enak² denger musik malah mati sendiri , apa coba. bukan sekali dua kali tapi keseringan , kadang lagu yg mau di putar nga ke putar",1
seru dan bisa denger lagu tampa harus dateng ke acara,5
karna terlalu banyak iklannya,5
sangat puas,5
sangat suka,5
"najisss.. 1 lagu iklan nya 3 kali. bangkeee emg neh aplikasi,pantas di kasih bintang 1.",1
"maksa premium, udh premium berbulan-bulan ga dikasih lirik",1
kenapa pada ga ada lirik nya ya,1
terlalu bnyak iklan,1
wawww,5
aplikasi nya bagus bisa main game sambil musik musik nya seru,5
sangat bagus,5
enaken,5
sangat baikkkkk,5
cara menikmati musik yg lebih asik dan menyenangkan,5
bagus buat main game apalagi game attack overall semua nya bagus cmn iklan nya di kurangi ya•~• terimakasih itu saja ulasan sayaa,5
bagus TPI setiap 1 lagu pasti ad iklan lagi,4
aplikasi yg sangat bagus 😁👍👍,5
baru coba,5
memuaskan..,5
lagu nca pada candu,5
"apaan mutar music ada batasan nya gw juga meskipun free ,tapi gw nonton iklan lu juga dapat penghasilan dari situ kan terus kenapa pakai batasi pengguna segala seolah olah lu tuhan kha ?",1
membantu,5
update banget,5
tidak ada,5
"aplikasi ini sy rekomendasi bangeet, pencarian semua lagu jdi gampang.",5
apk musik terbaik,5
bagus banget aplikasi,5
👍,5
APLIKASI RUSAK kenapa sih setiap mencet tombol x saat lagu diputar malah tidak bisa di pencet lagi diplaylist NYEBELIN,2
gue senang soal nya disini lengkap banget,5
yuck ZEMANGAD yach,5
mainanya hebat,5
"iklannya kebanyakan plisss, masa iya satu lagu 3 iklan😭😭",4
aplikasi nya bagus,5
mantap gk ada iklan cocok untuk anak muda yg mau nyari musik😋,5
Sip bingits dah,4
bagus,5
gabisa masuk ke akun goggle bikin kesel😡,1
"Spotify sekarang bagus, bisa putar musik sepuasnya tanpa iklan😁😁",5
"Dikit dikit iklan, tapi bagus wlee",5
bagus,5
sangat bagus untuk didengar,5
tidak support untuk samsung a31 pencarian dan putar musik lama sekali,1
bagus banget lagu yang ku suka ada semua,4
bagus banget dan ada band papih aku delwish,5
"mending jangan download, soalnya lagu lagunya bisa hilang kalau sudah lama pemakaian, spotify agak eror soalnya banyak yg ngalami juga",1
Bagus,5
Sangat bagus,5
"bagus, tapi setiap 1× putar lagu, mesti ada iklan 2-3 kali",4
apk bagus tapi iklannya lamaaa bangett,4
kikir,2
bagus sekali,5
kerennn👍🏻👍🏻,5
"baguss, tpi udh bnyk iklannyaa",4
petani muda,5
Mau di donlod gak bisa premium padahal dulu gak tolong kasih gak premium lagi dong,5
"makasi ya Spotify, aku jadi terhibur dengan lagu, aku selalu buka dan dengerin lagu di Spotify biar beraktivitas nya enak",5
agak enak lagu nya bisa di cari lagi,3
"Aplikasinya sudah bagus. Tidak ada pengalaman buruk selama menggunakan aplikasi ini. Aku senang bisa mendengar musik favorit, dan lagu yang aku cari (baik lagu lama maupun lagu baru) selalu ada di pencarian. Ada sedikit kritik, tolong setiap lagu di kasih liriknya dan juga kalau bisa di terjemahkan semuanya. Untuk iklan nggak terlalu mengganggu.",4
lagu nya enak,5
"aplikasi nya bagus ,mempermudah nyari dan dengar podcast atau lagu",5
keren,5
mantap banget👍,5
sukaa banget samaa spotfy,5
bagus banyak pilihan cocok buat ngedengerin lagu tapi sambil chatan 👌🙌🤩😘💖⭐🌟,5
gak tau,5
baguss bangetttt lagu nyaa enakk enakkk dan ga ngeleg jarang ada iklan,5
"spotify bagus sekali, sekarang saya bisa dengar phonk,montagem,dan funk YAYY",5
suka banget sama aplikasi nyaa🤩🤩🤩 lain kali premium nya harga nya diturunin dikit ya,5
kocak,1
"apk ini sangat bagus dan mudah di gunakan tetapai terlalu banyak iklan dan sering kali terganggu saat menyetel musik, tolong kurangi iklan yang harus sedikit-sedikit harus premium",5
terlalu banyak iklan,3
baguss,4
candu jir,5
senang bisa menikmati lagu favorit dr aplikasi spotify ini perjalanan berkendara pun jd menyenangkan,5
mutar music aja harus premium tolol emang 🤬🤬💢,5
i lovee,5
bagus kali cok,5
bagus,5
bagus banget,5
"good aplikasi musikk,,",5
"scammm, beli premium harga 60rban katanya buat 3 bulan, pas dicek bagian akun ternyata cuma buat 1 bulan😭 balikin duit gue itu lumayan buat beli yg paket siswa karena biasanya gue beli yg paket itu (gara"" tergiur harga 60 buat 3 bulan ya gini😭)",1
Semakin asyikk dgn Spotify,5
banyak gangguan dan bug,1
bagus',5
kacau,5
"sekarang dikit dikit iklan ni apk, baru muter 1/2 lagu iklan lagi dan lagi",1
bagusssss,5
bagus sekali,5
enak buat ngegame dan ngerjain tugas😋,5
ok,5
mantap dn bagus...,4
Laguuu bagus2 full albumm,5
ini adalah aplikasi terbagus di play store bisa menghibur saya dan bisa mambuat saya manjadi kembali aktif saya bisa mendengar kan semua lagu dari mulai sedih atau seru semua nya ada saya benar benar suka saya beri bintang 5 😍🤩,5
sangat baik dalam menemani di setiap tugas ku,5
asik bgt & bagus bgt aplikasinya,5
bagus . mudah untuk mencari lagu yg aku suka,5
good,5
bagus,5
enak bisa ngedenger lagu Sabil main game juga bisa👍👍⭐,5
"sangat suka dan tidak lemot,dan pilihan nya sangat banyak,iklan juga jarang muncul",5
aku yang suka nyayi bagus banget buat aku karena bikin suara bagussss jadi aku kasih bintang 5,5
"selalu di pakai untuk olahraga,belajar,sebelum tidur 🤩",5
buruan download,5
"males premium, saya miskin. iklannya kurangin",1
bagus,4
boleh lah,4
bagusss banget,5
saya dapat belajar bernyanyi dan karna aplikasi ini saya dapat ke panggung basar yaitu mctv,5
bagus dan bisa di dengar ketika tidak ada wf,5
sangat membantu dan menghibur pada waktu bekerja sehingga kita bekerja dengan rileks dan tenang,5
bagus banget tapi mines nya lelet,5
saya tak pandai memuji..... but...for me... Spotify is the best,5
mantap & menyenangkan,5
mantap,5
Aplikasi yang saaaangat bangusssss,5
nicee,5
"aplikasi kikir anj, buat milih lagu aja ada batasnya, terus udh gitu banyak bgt iklan",1
mantap,5
"masih kurang sedikit lagi,klwjRingan hp4G agak ngelage dan macet2an, di perbaiki lagi yach ka biar penggunanya semakin jatuh cinta sama sporty",5
gatau ah pusing,5
sya sering memutar spotify,5
ini sangat bagus dan mudah dalam penggunanya.,5
ini aplikasi sangat berguna banget buat pencinta musik,5
bgus bngt di danger bisa smapai main geme,5
Senja,5
Visca Barca,5
Goodtone,4
sangat bagus,5
bayak lagu,5
sini udh gk langganan premium masa tiap lagu ada iklan 1 menit 3 biji ibarat 2 lagu itu mah kaya dipaksa premium,1
jangan ada iklan ini aja gehhhh ih komo anu rafi aku gak suka lagu,1
mata duitan,1
semoga ke depannya ga ada iklannya,5
apk yg sangat bagus,5
gangguan,1
gua lagi sad malah iklan njir😠,1
sangat bagus,5
bagus tapi k,5
sangat bagus dan sangat membantu untuk menenangkan pikiran yang kacau dengan memutar lagu di spertify,5
Bagus dan sangat membantu terima kasih,5
oyiii,5
p bunuh,1
kebanyakan iklan,1
Oke,1
kebanyakan iklan,1
omg keewn,5
sangat suka,5
semua lagu lengkap 👍🏻,5
ini kenapa abis update jadi ga bisa ngapa ngapain gua ? asli dah dulu bae bae aja aneh ni skrng,2
👍👍,5
applications that support warfare,1
mantul,5
"bagus...... tapi kadang iklanya gangu. its okay sihh buat aku. cuma yg paling gangu itu satu, kenapa tombol skip nya harus di batasi banget..... jujur itu gangu banget buat aku plus satu lagi, liriknya loh..... kok bisa ada yg engak ada yg iya.",2
karena iklannya banyak banget,4
ini knapa lirik kga muncul jir,1
🫰🫰🫰,5
aku puas !!!!,4
apik,5
mantapppppp suka,5
sangat bagus tetapi lagu where we are (one direction) tidak masuk dalam aplikasi ini padahal lagu nya sangat bagus,4
ok,5
bagus,5
"iloveyu spotify, seru bgt slalu bisa bkin playlist sndiri 😚😚",5
makin lama makin banyak bug lagu yang ada di playlist ada yang hilang dan ada yang tidak,1
aku tidak suka iklan,1
"bagus sekali membantu saya lebih tenang saat mengerjakan tugas,saat saya lagi sibuk bersih² rumah",5
baguss,5
sangat bagus 🤩,5
Najis mati mati sendiri mulu musiknya,1
goob,5
"bagus, saran sih supaya bisa tambahkan favorit dengan mudah lewat notifikasi. makasih",5
bagus walopun gak premium masi bisa dengerin musik dengan khidmat,5
mantap,5
ok,5
gampang ngebug kaga jelas baru masuk tiba tiba harus coba lagi padahal sinyal lancar,1
Mantap,5
"SPOTIFY ANYINGGG,GUE LG LIPET BAJU SAMBIL DENGERIN LAGU MALAH DISURUH PREMIUM BANGS*T😡😡😡🤬🤬🤬",1
jadi ada kawan tidur rasanya,5
saya agak kecewa yah karena saya adalah pengguna gratisan jadi mau download lagu aja harus premium dulu jadi saya kehilangan akses untuk mendownload lagu lagi itu saja sekian terimakasih,1
bagusss sekali,5
mau 10 rb,5
ni apalikas susa bet buat akun ya males banget gua yang kayak begini,2
bagusss bwangetttt,5
"bagus dan enak di dengar lagu nya,Tidak berisi iklan Tidak Berisi iklan🤭🤓",5
wenak pol josjis,5
"banyak iklannya klo gak yg premium,.😂😂",5
"seru aja soal nya banyak lagu jepang, jawa, sama galau",5
"Bagus aplikasinya cuma sering muncul bug gitu, sehingga saya harus menghapus dan mendownload ulang lagi, seperti ketika saya memencet lagu yang saya simpan di playtis, lagu itu tiba-tiba hilang. mohon ada perbaikan selanjutnya🙏",3
bagus aja aplikasinya,5
bagus,5
bagussssss bangetttttt,4
bagus,5
mantap,5
"aplikasinya udah bagus, tapi pas mau ganti lagu lagunya tuh beda sama playlistnya jadinya risih.",2
bisa menenangkan ketika kita depresi dan mengobati pikiran,5
bagus,5
sip,5
lagunya keren keren,5
saran aja untuk lagu bhs korea jepang bisa pake alfabet,5
aplikasi yang sangat bagus untuk mendengarkan musik,5
"Spotify Keren bgt si kalo misal video nya ga cuma se potong, kalo full video asli keren si apalagi udh ada lirik juga kan, semoga kedepan nya bisa dbkin full video klip setiap setel lagu nya 💟😊🥳🥰",5
"bgs,, semua lagu ada lengkap poko ny klo Download g mungkin nysel",5
bagus,5
pokoknya suka banget sama Spotify,5
I'm happy❤️,5
banyak pilihan,5
buat dengerin musik,5
sangat rekomendet tuk di dengar,5
ok,5
seru selalu cpt,5
Iklan tolong dikurangi,5
assalamualaikum maaf kasih bintang 🌟 soalnya GK bisa di download ini nya tolong bnerin lagi terimakasih,1
mantap,5
"thanks for blocking my account just because i using import Playlist, now i can say goodbye to this greedy app with peace and never comeback again 👍",1
"bagus, tapi ini kenapa yahhh, login di web masukin kode, malah gabisa di masukin pengen konekin ke discrod, malah pas dapet pengen di isi, malah kaga ke isi, udah di coba berkali-kali, di refres tetep aje",4
its ok banget kami suja,5
mantap,5
enak,5
bagus,5
sangat bangus sekali,5
good job bro,5
bagus kali gila Enak bisa main sambil dengerin musik,5
lagu nya enak tapi iklan nya kurang harusnya musik juga iklan nya,5
😍😍😍😍,5
kebanyakan iklan. biarpun gak premium seharusnya iklanya itu gak ad. cukup di bedakan dari shufelnya saja. tanks,3
terbaik,5
mantap,5
"apk ini bagus bgt buat nemenin perjalanan santai, galau, dll. untuk spotify free nya agak di perlama sedikit yah. THEE BESTT lah pokoknya",5
bagus bintang,5
whatta. best app music that ive ever downloaded,5
"aplikasi yg sangat bagus, bisa mendengarkan lagu2 pilihan yg kita sukai",5
tolong di update lagi karena suka lag,5
tolong di buat akun pelajaran biar siswa / siswi setiap belajar bisa nambah enak pas stel musik ga ada iklan nya biar makin seru,4
sangat bagus,5
baguss,5
"Recently liatening cant updated. Tidak bisa dihapus, dan recently listening pun tidak sesuai fakta yang didengar.",1
iklan 3x anying,1
top music mantap,5
Topbgt,5
Bagus banget n aqu suka sekali aplikasi ini 😊,5
terimakasih atas kajian buku lewat spotify,5
sangat mantap sekali,5
good 👍,5
bagusss bgt,5
mantul abis brooo...,5
aplikasi ini bagus untuk saat yang santai,4
", Khmer💍",5
mantap👍,5
biaya bulanan kalau bisa lebih murah dan bisa di download,5
"iklannya gak bermutu,,,aneh",3
bagus san baik,5
free,5
favorit song,5
"jujur aja sih gw kecewa, kek apaan bet tiba² dikasih limit buat muterin lgu untuk perhari apalgi ada iklan yah lumayanlah soalnya sekarang udah ga separah 2024 klo g slh soalnya sejak tahun it Spotify ngsih limit dengerin lgu+bnyk iklan, klo Thun ini udah membaik kok cuma klo g slh dlu ada kek pas lgi muterin lgu itukan liat kebawah ada rekomendasi yang mirip Ama genre lgu itu+mirip lgu nya kumohon itu di adakan soalnya lebih enak gituu menurut ku, itu aja sih makasih yaa",4
"kebanyakan iklan sat, mana lama lg",1
"APLIKASI BOROKK NGENTOTT,BANYAK BUG KEK ASUU",1
enakk bgt laguunyaaa,5
ok,5
Mantap,5
top,5
bagus,5
"aplikasi nya sangat mendukung buat hari hari aku, tapi kurangi yah iklannya pokoknya the bestt",5
Iklan sedikit= kepuasan konsumen 😋,5
aplikasi cukup baik tapi sayang lagu yang habis didownload dalam beberapa hari tdk bisa terputar,5
bagus,5
"seru,banyak lagu kesukaanku",5
tak muscul di tampilan hp,5
sangat baik dan bagus,5
lagu di aplikasi nya sangat memuaskan,5
sistem pembayaran langganan ribet,1
aplikasi yang berhuana untuk yang suka lagu,5
bagus,5
"aku GK tau apa ini keajaiban atau bukan tetapi mereka sangat tau lagu lagu yang ku suka. This is really good, I like this song",5
"udah banyak iklan, mau puter beberapa lagu aja ada maksimalnya perhari, makin lama makin hancur spotify saran: kalo bisa gapapa ada iklan tapii jangan dibatasi denger musiknya",1
sangat bagus,5
apa semua harus premium dulu baru bisa carik lagu yang kita mau,5
sangat bagus dan aku suka banget sama aplikasinya,5
"njs, mkin sni mkn pelit. gw ykin di dunia ini yg milih buat premium dh bnyk, ko lu maksa bgt si co, smw ny aj dibtesin. gw dh ikhlas pas prtm kli wktu dlu fitur offline tb' di premiumin, mkin ksini nglunjk lu pd, muak gw. gw msh pljr, kbtuhn gw bnyk, 40k buat premium bisa buat yg lain yg lebih gw btuhin, ksh klonggrn lh cok.",1
"positif: semuanya bagus, dan gratiis",4
bagus,5
help,5
"ngeselin banget pas ada ""coba lagi besok"" tapi aku ttp suka dikit",3
👍,5
"aplikasinya bagus,tapi suka ada iklan",5
Terbaek,5
lagu nya bagus,5
baguss aja sih,5
bagus,5
"ini sangat luar biasa untuk ini, jadi ini bisa bikin lagu menyenangkan bagi kita",5
keren,5
bisa menjadi sad lagu nya bagus👍🤩 bgt,5
"males ah, pelit, maksa bngt",2
bagus,3
lagu ini terlalu hd saya suka,5
mantap pokoknya,5
sangat menyamakan 👍,5
"sangat seru, tapi aku tak bisa untuk mendengarkan lagu secara online",3
sangat bagus,5
"HARUS MYA GAUSA ADA IKLAN, NAJIS BGT,DIKIT² PREM",5
Bagus anda sangat pintar!,5
wow,5
"aplikasi nya bagus, cuma tolong kurangi iklan. Sekian terimakasih 🙏🏻",5
𝚋𝚊𝚐𝚞𝚜 👍,5
cakep sekali ini Spotify bintang 5 lagu nya bagus banget,5
"jir lah cuman buat lagu apa yg mau di putar doang harus premium, pemerasan mah ini namanya, masih belum cukup buat lu uang dari orang yg pakai premium sama iklan? sampai-sampai buat mutar lagu doang harus premium mending download sendiri lagu nya dari pada pakai ni aplikasi, ujung ujungnya cuman di peras jir lah😹",1
ko ga bisa offline,1
baguss bgtt woikkk,5
bagusss,5
aplikasi nya sungguh berguna,5
aplikasi ini enk buat dengerin lagu,5
Music and podcast is the best,5
"Aplikasi ini bagus banget, Sangat memuaskan saya kasih bintang 5 , Tapi tolong banget kurangin untuk iklan nya ya makasih oke itu aja",5
ganjah kau,2
"Ini aplikasi paling besss bisa dengar lagu bisa Lihat podcast ahh pokok nya aplikasi,Baguss...",5
w ewewew urrr eeettttee eeeee yt eeeee 2w weeeeeeeeeeeeeeeeee eee,2
bagus lagu semua nya ada,5
terimakasih untuk kesempurnaan aplikasi ini,5
Sangat puassss☺👍👍,5
musiknya lumayan,3
aku suka mendengarkan musik di sini,5
"kikir bnget njirr, masa gw nonton drama di melolo banyak bnget iklan spotify kikir ini",1
best,5
bagus,5
sangat menghibur diwaktu santai lagu2nya,5
semua lagunya lengkap mantap,5
sangat seru dan nyaman didengar,5
suara nya merdu banget dan juga lagu nya bagus² semua,5
"enk dan gak ada iklan, 🥰",5
semuanya bagus tapi iklan nya tolong di kurangi,3
bagus banget,5
aku suka suka,5
spotifay nya gk bisa di buka,2
cepetan rilis Lossless dan fitur Mix nya di Indonesia!!!,3
Bagus sekali,5
"Bagus,tapi mohon dikurangi iklannya ya",4
"saya kasih bintang 5 karna aplikasinya bagus,,saran saya si kalau bisa durasi iklan dikurangi untk yg lainnya udh oke sukses selalu 👍👍👍",5
keren banget,5
karna sangat menyenangkan,5
kebanyakan iklan asw baru satu lagu iklas bisa 3/4 x Gedeg amat dngernya,1
bagus,5
bagus,5
sound capaule saya ga bisa keliatan jumlah lagu yang diputar. ini gimana yah?,1
semua lagu ada di sini jadi seruu🫶🏻,5
mengecewakan,1
bagus,5
apknya baguss,5
ini adalah appelikasi yang bagus,4
bagus tapi kadang iklannya lama. ke premium? nanti aja deh blm perlu banget,5
sukaaa,5
"good banyak banget lagu² bagus lamq atau baru,recommded lah",5
Amat Sangat Menghibur,5
sangat baguss,5
puas,5
kebanyakan iklan elek apl ne,1
kerrreen,4
bagus,5
sumpah keren bgt,5
ok Joss,5
"bagus, tingkatkan terus",5
min tolong hilangkan iklan dll,1
"dear developer, apk nya bagus sih fiturnya juga canggih. tapi banyak iklannya jadi menurunkan kualitas dan pengalaman pengguna. ""tolonglah jangan arogant dengan menyiksa pengguna pakai iklan-iklan yang justru menyiksa pengguna sekaligus pendengar! yang padahal dengan banyaknya pengguna anda mendapatkan omset yang lumayan tapi kenapa anda merasa arogant? ingat ya anda cuma manusia yang kapan pun bisa mati, banyak pengguna yang mendoakan jelek-jelek kepada anda!""",2
selalu mantap👍👍,5
mantappppp....,5
semua lagunya menarik dan membuat rilex,5
parah si iklan nya sering muncul,1
"banyakin lagi iklannya 5-10 iklan cukup tiap putar 2 lagu, saya lebih suka iklan ketimbang aplikasi",1
Spotify ini sangat bagus untuk mendengar lagu yang enak Kokok nya ku kasih bintang 5,5
mantap,5
👍👍👍👍👍🗿🗿🗿🗿🗿.,5
kereeenn,5
suka banget,5
sanagat bagus,5
"gjls bgt lagu diplaylist hilang semua, padahal sinyal bagus, kuota bnyak, pake wifi pun sama, malah ada akun yg kaya kena blacklist gitu gabisa buka Spotify, mohon di perbaiki ya t41",1
bagus bangett,5
cukup bagus,5
baguss banget gue sarani yang suka dengerin musik .,4
bsgus,5
mantap,5
aplikasi sangat bagus😻,5
oke,5
bnyak iklannyaa!!,1
"Complete with a tone control, sound control, recorder, and storage for recorded songs. Only then will I give it 5 stars.",4
Saya jadi tdk kesulitan lagi untuk cari lagu,5
Mantap,5
bagus banget aku bisa rasain apa itu tenang,5
mantap,5
mantap,5
bagus,5
ok,5
"gak tau mau bilang apa,intinya spotify jossgandoss",5
ok,5
Bagus bgt...,5
banyak pilihan lagu aku suka banget,5
seru bisa dengar lagu sepuase,5
iklan iklan iklan woi iklan,1
mantap pokoknya,5
tolong developer bisa download lagu gratis tapi kasih waktu seminggu misal nya disuruh download lagi,5
kikir banget anj ni apk,1
SPOTIFY KEREN!!!!!! SEKARANG BERLANGGANAN PAKET PREMIUM SPOTIFY BISA LEWAT GOOGLE PLAY STORE👍🏻👍🏻👍🏻👍🏻👍🏻👍🏻👍🏻👍🏻👍🏻👍🏻👍🏻,5
bagus,5
Semoga Lebih dikembangkan lagi karena saya suka mendengarkan musik dengan aplikasi ini,5
makin lama makin banyak iklannya,2
sangat bagus untuk di dengarkan walau lagunya kadang tidak sesuai dan ngebasnya kurang tapi tidak papa saran= di perbaiki lagi laguyang tidak sesuai dan basnya di banyakin lagi agar tambah bagus,5
sangat bagus dan menyenangkan,5
mantap,5
karena keren,5
bagus,5
good,5
keren semoga makin exist,5
Mantap,5
"iklannya kurangin woi, males iklan 30 detiknya sampe 3 kali🤬😡😡",3
"masa sehari di batasi lagu yg bisa di pilih, dan harus premium😒",1
bagus,5
terkadang kebanyakan iklan + gak ada lirik nya. (cuman di beberapa lagu),4
sngat bagus,5
"bagus, tapi ada iklan",5
Benar benar sangat membantu apalagi saat mengerjakan tugas atau main game. Mantaplah,5
bagus♥️♥️♥️♥️♥️♥️♥️♥️♥️♥️♥️♥️♥️♥️♥️♥️♥️♥️♥️♥️♥️♥️♥️♥️♥️♥️♥️♥️♥️♥️♥️♥️♥️♥️♥️♥️♥️♥️♥️♥️👍👍👍👍👍👍🏿👍👍👍👍👍👍👍👍👍👍👍👍👍👍👍👍👍👍👍👍👍👍🏵️🏵️🏵️🏵️🏵️🏵️🏵️🏵️🏵️🏵️🏵️🏵️🏵️🏵️🏣🏅🏅🏅🏅🏅🏅🏅🏅🏅🏅🏅🏅🏅🏅🏅🏅🏅🏅🏅🏅🏅🏅🏅🏅🏅,5
mantap,5
bikin naik darah aja anjg,1
iklan 1 abad jembudt,1
I like this app but I'm still struggling with some of the lyrics features that are still not available on some of the songs I want to hear.,4
bagus untuk mendengarkan lagu sad jika langit turun nya hujan maka dia akan berubah karna ada masa lalu nya # lavora semoga di notis sama admin,5
oke banget buat nemenin di kost. tapi minta dong yang premium 1 Minggu di adain lagi..,5
"bagus, kalau bisa kwalitas musiknya lebih bagus lagi",4
Kenapa ya bayar berlangganan menggunakan pulsa selalu di tolak? Padahal pulsa juga ada isinya & cukup untuk byr premium bulanan (include pajak) . Jadi syg bgt kalo harus top up saldo ke e-wallet.,3
bagus bagus lagu nyah bg,5
bagus coo,5
"asik buat dengerin lagu kalo lagi galau dan klo lg mau masak atau ngapa²in suka dengerin lagu di spotify, cuma iklannya dikurangi ya spotify maaf banget.... sekian terimakasih",5
very good,5
seru cokkkk,5
spotify memang keren,5
mantap and the best,5
MINUS ADA IKLAN DOANG HARUS PREMIUM,4
𝐛𝐚𝐠𝐮𝐬𝐬 𝐬𝐤𝐥𝐥𝐥,5
"bagus,bisa dengerin musik sepuasnya tapi,sering banget ada iklan jadi pas mau masuk Spotify langsung ada iklan nah iklan nya itu bukan video tapi kayak tulisan gitu,nah aku kesel nya sama iklan tulisan soalnya kan ada tulisan ""tutup""tapi di hp ku gak bisa di pencet",3
tidak baik . sangat buruk,5
Oke,5
lebih banyak lagi lagunya,4
good aplikasi,5
lengkap lagunya,5
aku kasih bintang lima karena lagunya enak banget buat di dengar ❤❤❤,5
ini kenapa banyak lagu yang tidak tersedia di aplikasi ini.dan kenapa banyak artis yang tidak ada di dalam aplikasi ini.juga kenapa tidak ada cara untuk memposting sebuah lagu di aplikasi ini. ini kenapa banyak kurang nya develop?,1
oke,5
apik,5
lagu nya lengkap dan bikin asik,5
bagus untuk orang galau,5
bagus amat,5
abis update lagu nya gak bisa nyala,1
"Spotify adalah aplikasi menurut kuh bagus , dan banyak lagu lagu nya .",5
bagus,5
ini bagus bisa pakek sound,5
sangat sangat bagusss,5
Saskia Regina Putri,5
Bagus banget,5
aplikasinya sangat bagus tapi tolong jangan update terus,5
sangat memuaskan,5
dengar musik tanpa mengganggu aplikasi lainnya,5
bagus tapi iklannya tolong di kurangi.,5
ini sangat bagus untuk di pakai di jalan,5
seru dan mudah untuk di gunakan,5
ko baru putar musik langsung ke skip skip,1
"bgs bngt lagu lagu nya saya sangat suka sama Spotify karna semua lagu favorit saya ada di situ , trmhksh udh menemani hari hari saya 😊🙏🏻",5
setiap hari dengerin musik di sportify...asik dan urutan lagu mantap,5
best,5
terimakasih atas aplikasi ini karena bisa menemani ku dan membantu untuk semakin ngesad,5
"Bagus sii aku suka,tapi jangan kebanyakan iklannya..",5
knp sih apa2 premium kek kekurangan duit aja,1
Bagus,5
44ee,3
Karena ad yg harus bayar,4
Aplikasi scam,1
mantap tpii belum premium🤭,5
ini enak di dengar,5
bagus,5
apalah dikit dikit premium,1
turunkan harga premium,5
ok bgt,5
So far so good 👍🏻,5
ok,5
bagus sekali,5
gk tau,5
mntap,4
Bagus,5
bagus,5
top no 1,5
cukup bagus,5
iklan ganggu. kurang kurangi iklan,1
"Tolong dong jangan berbayar, padahal cakep banget lohh aplikasinya.",4
Download nya cepet terus bisa dengerin lagu yang kamu suka rating 5 buat Spotify,5
bagus sekali,5
"baguss,ga ngelag,berguna juga, tpi minesnya cuma di iklan si kata aku",5
baguss,5
"udh bagus sih ya cuman yang pas mencet lagu pasti lagu nya langsung beda jadi kenapa gitu loh rasanya jadi pengen tak hapus 😢😢,, jadi tolong benerin dong plsss jadi kesel terus setiap mau dengerin lagu 🙃🙃",2
👍,5
terlalu banyak iklan,1
"banyak iklan, tau ni apk karena iklan, pas udah download iklan lagi, mending iklannya sekali ini sampe 4 kali, iya gw tau beli premium solusinya, tapi kan ga semua orang mampu beli anjir, kurangin lah kocak maksimal 2 kek anj",1
mantap suara keren....,5
Tolong iklannya jangan terlalu sering.... dengerin musik baru dapet 2-3 udah iklan lagi...,3
lebih asik lagu lengkap,5
Mantap beud ah,5
Bintang 2 dulu soalnya kok setelah update ke wear os 5 jadi nggak bisa muter lagu lewat jam ini di TWS,2
aplikasi musik sejuta umat,5
menyenangkan,5
Mantap,5
"udah gak nyaman pakai spotify, aplikasi kikir ditambah sekarang ngebug gak bisa play musik, lirik juga kadang gak ada, padahal yang di play lagu dari band besar masa gak ada liriknya kan konyol. parah!!! mending beralih ke apk lainnya aja",1
"Aplikasi musik bagus, lengkap dan sinyal nya jg bagus, tdk lemot.",5
APLIKASI KEBANYAKAN IKLAN,1
keren,5
"Bintang 3 dulu,karena sistem sering masukin lagu ga jelas dari mana ke playlist yang udah di buat",3
top mantap is the best,5
"sudah bagus untuk saat ini, cuman iklan nya di kurangin, makin banyak iklan sekarang, terimakasih",3
bagus,4
"aplikasinya sangat buruk, untuk pelajar seperti kita disuruh premium jajan aja hanya 10rb dasar kikir, lagunya juga di batasi, ga bebas buat dngr lagu, kami para pelajar minta keadilan dari pihak spotify 😏😏",1
"keren memutar music kapan saja& dimana saja, hanya saja untuk ofline berbayar, slainya ok lah..",5
keren banget,5
komplit pkoknya,5
bagus banget,5
bagus cuman banyak iklan nya,5
iklan ajasih,1
"tak ada gunanya spotify ni.. pas iklannya dibilang bahwa Apk musik yang gratis tnpa iklan pas sudah di download ehh malah diminta untuk jadi Premium dan itu pun pakai waktu tertentu.. Taikkk lah apk ini. apa bedanya sama YouTube, mending YouTube lagi jelas.. taikk lah apk Spotify ni",1
jarang ada iklan aku suka!!!,5
baik tapi banyak sekali iklannya,5
sangat bagus,5
bagus keren,5
ok bagus,5
kebanyakan iklan,1
cara ngilangin notif paket dijeda gimana sih? ganggu banget aseliii dah,2
aplikasi musik yang menarik. bagus,5
Jelek,1
"habis update malah stak di layar hitam, sia sia gw beli premium tapi apk nya gak bisa di pake",3
mantap bisa menghibur diri diksla sepi,5
trimakasih,5
3 dulu klo bagus kasih 2 lagii,3
sangat bagus,5
spotify i like it lah..klo kekurangan pasti ada..manusia hanya bisa membangun bukan menciptakan..kekurangannya pasti ada..terus berkarya dalam pengembangannya..keep going bro..,5
josd,5
mantap,5
"cuih najis, masa ga bisa milih lagu yg diinginkan, harus bayar dulu, idih Sudi najis",1
mantap,5
sangat bagus,5
sukaaa...,5
lagu ya enak dan cara mencari ya juga mudah,5
suka aplikasinya,5
baguss,5
"tolong dong spotify masa sekarang kena limit dh, ga gila gila duit juga",1
"aplikasinya sangat bagus, enak buat temen tidurr",4
mana audio lossless untuk Indonesia?,5
dalam rangka tidak menyetujui peran CEO Spotify yang mendorong negara pelopor perang. wokwok,1
enak banget kalo lagi main ff sambil galau pake spotify,5
sangat membantu,5
saya sangat menyukai aplikasi ini,5
good,5
top,4
setiap satu lagu selalu muncul iklan developer nya Maruk kali bjir,1
"untuk skrg gw kecewa, singkatnya susah banget nyari lagu yg bagus atau sesuai dengan yg di cari, kebanyakan ntah lagu apa apa yg di lampirkan di pencarian, biasanya ada yg bagus bagus",1
"Bagussss, Terimakasih",5
very good chicken,5
paten kali tapi iklan nya jangn banyak kali,5
"peterpan, noah dan pasha ungu, kembali bertahan",1
stop genoside,1
sangat menghibur,5
Spotify nya error,1
kebanyakan iklan nya,1
bagus banget tapi GK auk pas lagi dengerin lagu Boboiboy tiba tiba iklan lagu,4
jelek banget sumpah Jang di download ni aplikasi jek jelek,1
sangat enak di dengar banyak lagu yg kami suka,5
"sukaaaaa,,tapi sekarang premium nya mahal""kenapa ga di kurangin kaya misal bisa 1 bulan,1 Minggu,atau perhari🥲",5
easy to use and fun,5
suara nya bagus dan bisa di dengar kan kapan saja,5
sangat bagus,5
agus tau,5
mantap,5
Spotify musiknya ok banget terimakasih,5
bagus bagus banget,5
mantap,5
spotify,5
"ini lumayan klo lagi sibuk atau lagi bosan mau dengerin lagu apa. apa lagi waktu ngerjain tugas, pokoknya worth-it deh🥰🥰🥰",5
terlalu sulit iklan nya. tidak jalan di pemutaran pertama. mohon di perbaiki.,1
baguss bangett,5
lagu2nya banyak,4
behh keren sih,5
masterpiece wok,5
aplikasi yang sangat bagus sangat wajib di download,5
lagunya beragam,5
I have no coment but this is app is crazy,4
aplikasi ini sangat baguss!!,5
wow,5
suka bgttt,5
"enak di denger dan lain lain nya pokoknya aku suka banget sama Spotify banget banget, makasih ya ku Jadi setiap hari dengerin lagu yang enak di Spotify 💗💗💗💗",5
thanks Spotify yang selalu nemenin di setiap waktu luang,3
sangat bagusss👍🏻,5
". ?? , sampe?..",1
apk nya bagus tidak ada kesalahan cuma iklan aja tapi bagus,5
untuk musimg emak di denger yabikin bosan sekian dan terimakasih,5
"suaranya pas dan ada lirik nya , tapi kadang GK ada lirik nya, tolong semua vidio ada lirik nya yaa, maaf terlalu pengen",5
Sip mantap joss ❤️‍🔥🔥🔥🔥🥳,5
bagus sekali,5
hiburan,5
iklan banyak sekali. jangan pakai pagi Krn mendukung zionis.,1
Mantap,5
"kecewa, padahal jaringan bagus tapi tetap tidak bisa memuat aplikasi. selalu bertulis ""Periksa Koneksi internet anda"".",1
Masa fast forward lagu aja premium 💔💔,2
sudah nggak bisa ofline secara gratis lgi padahal dulu bisa ofline tanpa bayar,3
Lagunya Bagus 👍🤩,5
susah banget cuman mau beli premium,1
kalo aku sih gapapa ada iklan karna kan ini bukan yang premium jadi wajar kalo ada iklan,5
Bagus Jirr,5
saya suka sekali bisa mendengar kan lagu di spotify,5
bagus,4
Mantap,5
sangat bagus walau free menggunakan,5
", y,4f",1
👍👍👍👍👍👍,5
sangatenghibur,5
"cocok dengerin lagu, thank you spotify 😍",5
kikir,3
"Kalau mau memutar lagu loading nya lama banget, apalagi mau membuka playlist nya loading nya gak tamat tamat terus loading mulu",2
seruu Dann bagus bagusss laguu nyaa,5
iklan nya makin banyak & lama taikk 👎👎👎,1
nasiha wilona,5
"aplikasi nya si udah bagus tapi klo buat pengguna gratis jadi kurang worth lah karena harus premium dlu supaya lebih puas, udah si segitu aja terimakasih",5
bagus banget,5
untuk aplikasi ny sii bagus aku suka bangett tapi yg aku gak suka nya itu lirik nya gak ada jadi tolong untuk adakan lirik lagu nya😡😡🙏🙏,1
bagus,5
cool,5
bagus,5
cocok main game sambil dengerin lagu,5
"saya senang bisa mendengar lagu"" yang saya suka i",5
👍,5
sangat praktis ndbbisa d putar dblatar belang jga.. tmuntuk skg sangat baiktpi mungkin harus abdetudeny harus yg seprti d YouTube yg terbaru iklan2 yg d tampil kn.. untuk penyiaran iklan ny harus aptudeat..,5
keren,5
bagus lengkap aman dan terpercaya,5
mantul musik gratisan,5
terlalu banyak iklan baru puter satu lagu dh iklan,1
Good interest,5
lagu nya bagus²,5
ok,5
makin kesini makin kikir,1
menarik sekali dan menyenangkan,5
spotify sangat bagus aplikasinys,5
"enakkk bagtt buat di denger lagu"" nyaa sama mudahh bagtt buat nyari lagu yang kitaa mauu",5
mantafff,5
bagus,5
mending dengerin musik di yt aja dari pada di spotify masa milih lagu doang harus premium,1
"bagus, mantap",5
"iklan lu freak, gajelas semua. giliran mau beli premium di persulit. konyol juga ni apk",1
tadinya iphone 64gb trus upgrade Samsung 256GB berharap dpt premium murah pas mau pembayaran eh ternyata trik marketing palsu 59900/3bulan klik pembayaran ternyata untuk 1bulan emang konoha semua nya gk bisa konsisten dan jujur,5
Ok,5
mau lagu apa aja yg kita mau semua ada .tinggal ketik nama penyanyi atw judul lagu .segampang ituh 😍,5
sangat bagus dan sangat Mudah untuk memutar lagu favorit kalian,5
lagunya komplit,5
legitimasi enjoy world of music,5
bagus,5
oke banget,5
"makin kesini makin banyak iklan, apk buat dengerin musik malah seperti apk buat dengerin iklan, satu lagu selesai dilanjut iklannya sampe 2/3kali, gila!!!",1
"sangat puas, baik sekali",5
mantap bagus,5
bagus,5
good application,5
luar biasa,5
Suka sekali mendengarkan musik dari spotify ini.selalu teruptudate,5
Trhibur dg lagu² ny yg komplit,5
aplikasinya memuaskan tp iklannya lumayan agak lama,5
zionis,1
bagusss bgtt gaa adaa yg Vip sumpahh,5
menjijikkan,1
bagus banget aplikasi nya debes,5
bagus karena bisa nenangin tidur,5
👍👍,5
Coleeeeee.....,5
zionis,1
TOP PROMO MAHSISWA MURAHIN LAGI MAHASISWA BANYAK YANG BELI YAKIN GUA,5
apk paling jlk njirr,1
ribet,1
"assalamualaikum selamat MLM Spotify saya sngat menyukai nya smga sukses sllu untuk Spotify saya kasih bintang 5 krna lagu"" nya bagus"" cocok bwat kerja dan waktu santai 🙏🏻🙏🏻🙂🙂",5
op,5
Terhibur,5
bagus lagunya tapi iklanya bisa di hapus ga,5
besttt,5
kurangi iklan nya bang,5
rekomended utk para pencinta lagu2 indonesia dan lagu2 manca negara,5
josstk,5
bagus sekali,5
top,5
😘,5
tolong dikurangi batas mendengar lagunya yaa💗,5
bagus cuma sedikit lag,4
bagus...,5
suka banget sama Spotify,5
sangat sangat bagus tidak diragukan lagi,5
"kikir. masa skip lagu aj di batasin. udahlah iklan banyak batasan pula, kikir kikir.",1
jangan ada iklan dong,2
apa apa harus premium kayak di negara aja apa apa di potong pajak,1
Gak bisa offline jirr,2
seru sih walaupun kadang ada iklan,5
bagus aku suka!!,5
kikir,1
bantu saya untuk bisa mendengarkan lagu yang saya sukai,5
terimakasih apk nya sangat berguna,5
kirim 5 bintang,5
aplikasi nya sangat bagus aku suka gak ada yang harus di ubah lagi ini mah,5
sangat puas,5
biarkn bintang yg bicara🙏👍👍👍,5
"aku suka dengerin musik, dan apk ini satu satunya yg menuhin hobi aku",5
"pelit bet jir , rakus",1
sangatlah bagusss,5
baguuuuuuuuuus,4
mohon selalu berikan lirik lagunya. terima kasih,5
bagus no debat..!!,5
ga tau ko tanya saya,5
belum coba😁,5
asik banget si ini,5
ok sip👍,5
recommended,5
sekarang banyak lagu yang gaada liriknya👎,1
🤘,5
bagus sebagai referensi mendengarkan musik tanpa batas😊,5
lagu nya sangat bagus dan aplikasi ny juga bagus seneng deh pokoknya aku seneng,5
Skip lagu ada batas nya juga ya?🙏,2
"aplikasi nya bagus, fitur nya lengkap bgt",5
"sangat membantu saat keluar rumah,bisa mendengarkan lagu setiap saat",5
tolong di perbaiki soalnya di gua gak keluar lirik,4
bagus sekali dan aku bisa buat konten,5
sangat berguna,5
sangat bagus,5
: >,5
bagus dan seru,5
banyak iklan nyaa,2
readikj,5
bagus banget 😍,5
kikir,1
jembut,4
i love 🤍,5
lagu lagu nya bagus tapi apa tidak bisa mendengar lagu pas offline 🗿,3
bagus sangat memuaskan,5
👍,5
keren tapi premium tolong dimurahi harganya,5
mending spotify yang dulu ngga usah premium + bisa dengerin lagu secara offline,1
saya suka sama lagu ny hanya saja iklan nyh bnyk,5
bagus,4
sangat 👍,5
ngga tau,5
mantap 👍,5
"gtauu sukaa bgt samaa Spotify,kdg klau galau tu enak dngerinn musik di sini anti iklan'segalaaa 😌",5
Malah mau perang bela 1srq3l pula gak respek banget udahlah uninstal aja,1
bintang satu aja soal nya dosa,1
"bisa sebagai hiburan ketika sedang membuat gambar,mengedit video,dan belajar 👍👍💯",5
BAGUSSSS! enakk bgt buat dengerin laguu,5
good job,5
sangat bagus sekali,5
mantap,5
bagus bisa nyala tanpa internet,5
seru dengerin spotifay,5
"ga bisa pencet lagu yg gw suka, padahal udah premium",1
bagus,5
bgus bngt bisa dengerin musik🎤🎼🎹🎶,5
good,5
aplikasi ini sangat bagus sekali bisa mendengar kan lagu sesuai dengan kemauan kita,5
sangat bagus aplikasi ini 😁⭐,5
😇,5
aplikasi nya bagus jadi kalo mood lagi hancur solusinya pake Spotify,5
aplikasi kasihnya bagus tapi tolong iklannya di kurangi,5
bagus,5
apk nya seru,5
rada gedek sama iklan. dah itu aja,4
Performa aplikasi: sangat bagus sekali,5
ntah apalah Spotify nya dari tadi berhenti pas aku lagi denger lagu nya sekalian maen hp berenti pula,1
banyak iklan,4
bagus,4
coba dulu,5
yehhehee,5
bagus trus aplikasinya lebih cenderung memiliki desain yg sesuai expetasi expetasi para pengguna,5
"spotify anj### setiap gua pakai spotify dengan menggunakan fitur latar belakang dan aku mau gambar di ibispaint x belum brp detik lalu hilang lagu nya, kan jadi gak mood gambar ahh kalau gini mending uninstal aja ni apk",1
iklannya lama bnget jmbt,4
"aplikasinya bagus banget,tapi data harus tetep nyala kalau di matiin pasti loding melulu",5
"music nya selalu gabisa diputar, tolong diperbaiki bug nya",1
Iya,5
lama bgt,1
ok,5
sangat keren,5
"bagus banget tapi iklanya tolong kurangi ya,",5
"pengalaman pertama saya menggunakan aplikasi ini setalah saya coba fitur nya komplite bagus segi suara mantep, hemat rekomend buat yang suka musik",5
good job,5
Jos,4
seru banget lagu nyaa,5
bagus tdk ad iklan,5
DJ nya bagi mereka,5
bintang 4 dulu ya,4
good,5
saya dendam kepada teman saya dia bernama Muhammad radhian abbass atau di panggil abbass,5
"good,good",5
nice,5
bagus cuma gk bisa di download,4
aplikasi nya agak eror aku cari mana adanya yg lain,4
Bikin puas dengan fiturnya tapi tolong di bikin pemakaian baterainya di kurangi,3
lebih mudah di gunakan,5
lengkap,5
"baguss, danjuga klo lagi beres² rumah bisa nyetel lagu di Spotify.",5
two thumbs up,5
bagus tapi saat mau masuk keluar kembali itu kenapa ya?,3
"spotyfy tak seperti dulu, daftar lagu yg di sukai tak bisa langsung di putar.",1
bagusss bgtt,5
good,5
"tolong kasih lirik di semua lagunya, sangat sedikit lagu yang ada liriknya, terutama lagu yang menggunakan bahasa Inggris",3
"dulu seneng pakai aplikasi ini karna musik lengkap, cuma sekarang sdah terlalu bannyak iklan mengganggu",1
tidak bagus tidak bisa diputar latar belakang,1
walaupun dalam mode gratis Spotify tetap memberikan pelayanan terbaik untuk konsumen,5
tolong perbaikan bug ini saya ingin dengar lagu sambil main game tapi pas. masuk game lagu nya mati trus !! mohon di perbaiki,5
sebaiknya gausah pake wafi lebih bagus sii,4
"shuffle nya ganggu,padahal udah di susun lagu2nya buat diputar sesuai urutan🥀💔",2
ini aplikasi nya seru....... dan saya sedikit,4
bermanfaat,5
sangat bagus sekali lagunya dan sangat enak didengar saat lagi belajar atau berpergian❤️‍🔥❤️‍🔥,5
Wwwwwww2wwwwwawwwwwwwww wwwwwwwwwwwww dan juga dapat membantu www download tema hello ww w download to ww wwwwwwwwww,5
"sangat rekom gak sepeerti platfrom yang lainn,, puas dechh",5
selalu asik dengan spotify,5
"banyak iklan, terus MAKSA BANGET lagi PREMIUM",1
ok,5
Joss gandoz,5
"bgs lagu ny enak²🫰, i like it",5
💩,1
makin TOLOL TIDAK BISA PILIH LAGU YG MAU D PUTAR DAN LAGU D PLAYLIST CM BS SEKALI PUTAR MAU ULANG HARUS PREMIUM SUNGGUH BURUK MATA DUITAN SKLI MENDING DI YOU TUBE,1
waw,5
bagus bgt aplikasi nya,5
iklannya banyak banget,1
kok gak bisa di putar padahal wifinya bagus,1
suara nya bagus keren,5
sumpah dari lagunya sama semua sangat bagus !!!!,5
karena lagu yang sya inginkan ada,5
bagus buat dengerin musik,5
"BAGUS, CUMANYA IKLAN BEZIR😮‍💨😮‍💨",5
luar biasa,5
bagussssss,5
sangat di sarankan untuk yang mencari lagu yang bagus dan juga masih banyak lagi aku selaku pengguna Spotify sangat beruntung karena sya pecinta lagu,5
buat main voli dan sunset,5
aplikasi ini sangat bagus tapi kurangi iklannya,5
maksa banget disuruh daftar premium,1
"semua lagu sih tinggal pilih lagu apa saja ada hnya GK bisa off Line ,slalu pakai data deh....asiknya bisa download lagu trus bisa di putar off line,jadi bintang tiga aja deh ..",3
ppolh,5
"𝙖𝙥𝙠 𝙣𝙮𝙖 𝙨𝙖𝙣𝙜𝙖𝙩 𝙗𝙖𝙜𝙪𝙨 𝙨𝙚𝙠𝙖𝙡𝙞,𝙗𝙞𝙨𝙖 𝙢𝙚𝙣𝙙𝙚𝙣𝙜𝙖𝙧𝙠𝙖𝙣 𝙢𝙪𝙨𝙞𝙠 𝙮𝙖𝙣𝙜 𝙠𝙞𝙩𝙖 𝙢𝙖𝙪, 𝙥𝙤𝙠𝙤𝙠𝙣𝙮𝙖 𝙖𝙠𝙪 𝙠𝙖𝙨𝙞𝙝 5 𝙗𝙞𝙣𝙩𝙖𝙣𝙜",5
lumayan untuk dengar music,5
baik,5
sngat yman ktika dinger,5
ok udah di uns,1
enak ketika dibuat main game sambil dengerin lagu,5
keren,5
🇰🇼🇰🇼🇰🇼🇰🇼🇰🇼,1
"aplikasi musik yang lengkap banget, cuma kalau ga premium yah banyak iklan",5
udah yapping nya!?,2
"recommended banget untuk gen z yang sering galau hahaa😭,bercanda yaa pokoknya aplikasinya bagus banget semua lagu ada,dan gak perlu ganti lagu dengan susah payah karena udah bisa tergantikan secara otomatis dan kalo boleh untuk pengguna aplikasi yang masih baruu di kasih voucher tanpa iklan secara gratis 3hari/seminggu,untuk uji coba kalo bisaa yahh🙂‍↕️",5
"TERBAIK PUTAR MUSIK,TAPI JIKA PUNYA DATA 😁",5
Spotify memang oke berbagai gendre musik sedia top markotop.,5
mantap,5
Berguna banget buat musik seharj hari,5
terlalu banyak iklan padahal baru muter 1 lagu iklan nya 2-3 kali hadeh gak kayak dulu 1 kali juga cukup kali🙄,3
nyamann banget,5
saya mau nyimpan lagu tapi gak bisah,2
Terimakasi yA,5
mantap lahh,5
Music player terbaik,5
"sekalian aja login harus premium, yang blm premium di kekang iklan banyak+ lama, ga bisa ganti lagu setiap 1 jam harus 6x, 😒",2
nyaman no,5
Spotify the best,5
knpa lgu ny g bs milih sesuka hti kt mlh suruh langganan? pdhl bgs bngt klau grts. npa hrs update si,1
"bagus banget sih,tapi tolong iklan nya kurangin yaaa",4
bagus,5
iklan untuk pengguna biasa mohon dikurangi,5
🔥,1
blm di install,5
minanh,5
"Saldo terpotong otomatis tapi pembayaran gagal,namun saldonya ga kembali.. Gila sih",1
bagus banget,5
bagus sih tapi emang harus premium dulu ya,5
this,5
opinion,5
bagus aja sih b aja,5
bagus bgt aplikasi nya,5
mantep,5
bagus,5
bagus,5
SANGAT SUKAA,5
sangat bagus,5
keren,5
aneh pas masuk login keluar,1
top markotop mantul 4 Jempol naik semua,5
"aplikasi mantap, sound mantap, the best pokoknya",5
bagus,5
"bagus tapi disayangkan aplikasi udah mulai banyak iklan-iklan nya biasa nya putar lagu sampai 2-3 bahkan lebih ,baru ada iklan dan lagu yang saya ingin putar malah lagu nya nggak sesuai malah lagu lain yg keputar,padahal dulu bagus banget ini aplikasi buat pendengar gratisan seperti saya,tapi saran saya kalian coba premium pemula aja kan udah disediakan di jamin nggak kecewa cuy tapi kok gw mau premium yg ke 2 malah langsung premium",5
Sangat cocok bisa main game dan mendengar lagu,4
apk bagus,5
milih lagu aja harus premium apa apaan coba jadi males denger musik pake spotify,1
bisa buat mendengar lagi tampa macet,5
yang jernih suaranya cuma iklan giliran lagunya suaranya ga jelas pepek,1
karena spotify ini gua bebas dengerin lagu sambil mainin aplikasi lainnya,5
good,5
"udh ga bisa download lagu, banyak iklannya, dukung zionis lagi",1
TDK bisa di download kecuali bayar baru bisa download,1
haha,1
Eh Simbah Yang Mulia,5
mantap,5
bagus,5
"enak banget, alunan musik nya juga jernih tapi jangan ada iklan pas musik lagi enak""nya",5
"lagunya lengkap, ada liriknya, pokoknya seruu dehh",5
bagus,5
seru bet dengerin lagu di Spotify,5
"spotify sekarang makin banyak banget iklan, baru juga 2 lagu udah ada 3 iklan yang durasinya 14-25 detik. Iklan si gapapa ya karena aku juga pakai yang gratis, tapi ga sebanyak itu juga. Iklannya juga ga enak didenger, bikin males denger lagu di spotify.",2
Bagus,5
"aplikasi ini sangat bagus karena lengkap dan banyak lagu, dan app ini menyediakan berjuta juta lagu untuk didengar",5
"BAGUS BANGET,udah gratis ada podcast, bisa denger cerita horor pokoknya ini aplikasi THE BEST",5
gua kasih bintang 3 karena katanya gk anda bebas iklan tp ada ko memang penipu,3
iklan mlu mmg,1
"tentang aplikasi ini aku sangat-sangat kasih bintang 5 di karena kan terbantu banget dalam mencari lagu, mendengarkan bahkan aku bisa mengikuti lomba nyanyi di internasional, dan aplikasi ini sangat bagus sekali 😘",5
kerennnn,5
top markotop,5
"mantap,the best👍",5
bagus lagu nya lengkap jelas,4
suka,5
sangat Bagus,5
bagus dan bisa buat aktifitas sehari hari,5
"bagus,bisa denger lagu yang banyakkkkk",5
keren,5
sangat cocok untuk mendengarkan musik,5
baguss,5
aplikasi nya sangat bagus cumaperlu di bagus kan dikit bagian lagu nya karena harus on dulu baru ke putar gak bisa ke putar kalo of,5
"kenapa spotify sekarang setiap dengar music suka tiba"" terkeluar sendiri gitu trus kalo buka spotify notif dari apk lain kgk muncul keyak telat gitu pas di matiin spotify baru bermuncul notif apk lain 😭😭😭",3
"Aku mau Rating , Tolong kalo mau login , Kalo bisa loginnya Lebih cepat dan gak ribett, kalo di perbaiki ku kasih bintang 5",3
enak aja,5
bagus tau bisa untuk lagi gk mood jadi senang lgi..,5
I like,5
boikot,1
mantap lebih gampang,5
bagus,5
👍,5
bagus lagu y,5
ok banget,5
bagus,5
"pokonya bgus bgt, lagu favorit aku iklan Spotify 😌",5
aku suka denger lagu jadi aku download Spotify di situ banyak lagu-lagu yang bisa aku cari,5
asikkkk🥰,5
bagus,4
"cuman disini saya mendengar musik , tetapi banyak iklan nya , premium juga mahal",4
bagus,5
love bangettt spotify.... teman kerja paling setia,5
jelek,1
bagus banget👌🏻👌🏻,4
suka banget sama spotify 🥰🥰🥰😘😘😘,5
bagus bisa dengerin lagu yang ku suka tanpa iklan😍😍😍,5
Seru,5
🗿,4
TERBAIK,5
bagus,5
bagus,5
"ada sedikit bug pas mau mengedit urutan lagu di playlist, pas di save urutan lagu nya gk ter edit, mohon di perbaiki",4
lagu nya keren',5
✔️Terbaik dah 👍🏻,5
good apk,5
bagus sih cuma sekarang semua nya harus premium,3
welll welllll welllll,5
luar biasa suara jernih,5
no debat,4
sangat membantu,5
"apaansi, mau top up premium gabisa, tidak dapat terhubung, gjls",1
josjis,5
"demi apapunnn kesel liriknya gak muncul, padahal udah premium premium pertama gak muncul selama 3 bulan sampe habis, ini yang sekarang kedua tetap gak muncul liriknya 😩 masaaa buka google lagi buat liat lirik",3
saya kasih bintang 5 Soal nya ada lagu favorite ku sailor song,5
Terlalu banyak iklan menganggu,1
bagus bisa sambil main game,1
bagus sieh tapi kalo masuk pinterest gabisa stel music perbaiki ya 💗💗🙏🙏,4
love itt!,5
hifi sounddss,5
mudah mendengarkan murotal Al Qur'an,5
sangat berguna untuk mendengarkan musik,5
bagus buat kita santai santai dan sambil dengerin lagu,5
keren poll,5
mantap,5
bagus,5
ok gan,5
apk yg gokil karna bisa mendengarkan lagu selain lagu juga bisa dengar podcast,5
bagus lagunya,5
"always force close, I use pocophone F1 please fix it 🙏🏻🙏🏻🙏🏻",1
waw,5
"moodboster bgt ,disaat sepi jadi teman.",5
good tanpa jeda tanpa iklan,5
bnyk ikln,3
𝘬𝘢𝘳𝘯𝘢 𝘴𝘦𝘳𝘶,5
lopeee,5
kadang eror,3
apk bagus,5
keren,5
𝕓𝕒𝕟𝕪𝕒𝕜 𝕚𝕜𝕝𝕒𝕟 𝕟𝕪𝕒 𝕓𝕠𝕤 𝕥𝕠𝕝𝕠𝕟𝕘 𝕕𝕚 𝕣𝕖𝕡𝕚𝕧𝕤𝕚 𝕤𝕦𝕡𝕒𝕪𝕒 𝕚𝕜𝕝𝕒𝕟 𝕟𝕪𝕙 𝕕𝕚𝕜𝕚𝕥,3
Aplikasi bagus untuk mendengarkan musik josjis,5
bagus👍🏻,4
Alhamdulillah mudah2 han bermanfaat,5
mantap....master bass yg seimbang dan sangat merdu ditelinga bg yg mendengarkan musik apa saja... spotify emang ok...joss tenan,5
bagus👍💝,5
"lumayan bagus dan fleksibel, tetapi lagu nya kurang beragam dan banyak, misalnya ada lagu si Udin datang kepadaku, tapi dj remix nya ga ada",4
kalau bisa tambahin lagi lagu apa saja,5
sangat bagus sekali aplikasi nya,5
Lagu yaaaa bagussss ama bisa rikwess 😁😁😁,5
5 bintang sudah cukup utk menilai 👌,5
mantap Spotify untuk pengguna gratis cocok untuk instal ini aplikasi walaupun iklan nya jarang tapi okelah tingkat kan lagi performa dan koleksi lagu nya 🤫👍,5
bisa pilih playlist,5
kurangi iklan,5
saya sudah sangat puas sejauh ini. 🎵🎶🙌💗,5
terlalu banyak memakan memori,3
menghibur,5
bagus,5
semakin kesini semakin mengecewakan loding lama. susah,1
mantap,5
seru bgt bisa dengerin lagu sampai akhir bagus bgt🤗🤗,5
mantap,5
"ooooii susah susah banget jir pengen klaim paket premium student,padahal udh berkali kali+nunggu tetep aja kek ga bisa bisa,padahal kartu mahasiswa-univ juga terakreditasi lah,tetep ae ga bisa bisa,kek cuma gimik elah... ini gimana dong pihak Spotify,plis jawab gua",1
kereen,5
good,5
musiknya enak ditelinga,5
terlalu banyak iklan,3
cara mudah utk menikmati lagu2 kesayangan,5
skrg mulai gk enk krna ada iklanya dan lagu yg gk bsa dipercepat. mohon agar spotify kembali sprti dlu yg enk,5
lumayan buat dengerin lagu tapi banyak iklannya,4
mantap,5
bagus buat VIP kalo gratisan jngn harap apa apa di aplikasi ini😂,5
gw setuju sama ulasan paling atas,5
"pas udah download,kan mau nyetel lagu kan, tapi malah ngebug, ngebug nya kek , pas nyetel keluar sendiri terus lagu nya tiba² mati, dan juga ni iklan nya bnyk banget ga ngira², ga ngotak anjir yg buat ni aplikasi masa mau nyetel lagu harus bayar?",1
bisa dengerin lagu sambil chat kekasih pokoknya asik deh Spotify keren.,5
boikot apk sampah cuih,1
bagus banget applikasi nya,5
resuffle pintar 👎,1
udah setel lagu di dalem playlist tapi seterusnya yang ke puter lagu yang di luar playlist semua,3
baguss,5
jelek,1
di geboy bgt min!!,5
Saya ingin komplain kenapa ini harus bayar ya cuman lagu aja bayar dasar mata duitan malah mahal lagi idupin lagu aja harus bayar kamu kira semua orang kaya gitu,1
kenapa pembayaran saya via google play pulsa indosat gagal ya? padahal pulsa isi 70.000,3
buat fitur yang di free gak banyak dan ada lagu-lagu yang slowed👍👍👍,5
aplikasinya sudah bagus karena tidak ada banyak iklan yang mengganggu lagi,5
"menurutku udah bagus, karena gak ada iklan selain iklan Spotify premium. tapi sayangnya yang biasa gak bisa offline. good job deh buat developer",4
Enak,5
"Geram gw pas lagi belajar sambil dengerin lofi sama synthwave selalu konsentrasi pecah gara gara iklan ""Spotify di TV, Spotify Gemini"". Bintang 3 kalau iklannya ""Spotify Premium"" dan bintang 5 kalau iklan tidak setiap 1 lagu atau 2 lagu.",4
pelit banget mau setel musik aja harus peremium,1
baguss,5
karena banyak lagu,5
bisaa mendengar kan lagu kesukaan,5
k***ol,1
kurangi iklan,5
"halo, saya senang ada aplikasi music seperti spotify saya hargai karya anda dan aplikasi anda tapi saya ada keluahan tentang spotifty keluahan nya adalah. Kenapa saat ingin klik foto profil saya tidak bisa terlalu dekat saya ingin coba SS profil saya karena itu foto profil kenangan. mohon saya ingin anda menambahkan fitur nya saya hargai aplikasi anda terima kasih",2
mantab gak ribet....bisa di putar saat layar of,5
bagussss banget banyak fitur-fitur keren tapi kenapa gak semua HP memiliki fitur yang sama,5
bagusss,5
sangat bagus,5
bagus,5
zionis,1
aplikasi nya bagus lagunya juga hampir lengkap tapi tolong perbaiki lagi ya soalnya ada beberapa bug yg meresahkan,4
bagus,5
kadang Susa buat di pencet,4
way f,5
apa apa harus premium. males jadinya,1
👍,5
dimana saja kita bisa dengerin spotify..,5
pukkababa,5
untuk iklan dapat dikurangi sedikit karena sekalinya ikaln itu munculnya langasung 3 aku harap dapat lebih di pertimbangkan karena masih banyak pengguna lain yang belum sanggup membeli spotify premium harap lebih gercep dalam permasalahan iklan ini!!!!,4
gampang cari lagu,5
"Gilak bat kapitalisnya, sampe sampe mau milih lagu sendiri pun harus premium, kebangetan lu, cuihh",1
kecewa akun saya yg lama ga bisa login lagi. buat akun baru deh. dan ada kekurangan buat apl ini. hasil pencarian lagi yg keluar tidak tepat.. penyanyi ada. judul lagu ada. tapi lagu yg dihasilkan dari penelusuran di apl. ini tidak sesuai.,3
ok,4
its good,5
sebelumnya saya nyaman nyaman aja pake ini tapi kenapa waktu saya dengarkan musiknya tiba tiba ilang sendiri 😮‍💨,3
glowing aura is the best healing musics,5
"Sejauh ini cukup puas dengan spotify mau dengarkan lagu Indonesia atau pun luar negeri ada, genre nya juga lumayan banyak",4
Ini sangat bagus sih bayak lagu dan surah yang saya suka kalian harus download ini sangat bagus makannya saya beri bintang lima,5
nice,5
sangat berguna,5
keren,5
apk jelek harus premium biar bisa pilih lagu,1
cukup bagus menemani perjalanan kami 👍,5
mantap kali,5
"Suka, soalnya bisa dengerin sambil buka & scroll yang lain. Lumayan komplit meski ada beberapa yang nemu lengkapnya di YouTube. Seperti Ngaji Filsafatnya Pak Faiz Fachrudin.",5
"Alhamdulillah sukses slalu dan gak macet""",5
kece,5
s23 fe,5
banyak iklan,1
apalh lagu di batesin kalo cuma iklan gapapa,3
mantap kali,5
bagus,5
sangat bagus,5
sangat bagus,5
musik nya bagus semua🎶🎶🎶,5
aplikasi kikir,1
krna ada iklan,4
kapitalis,1
mohon maaf jangan banyak iklan dong kak,5
favorit bngettt,5
Sangat bagus tanpa iklan,5
jernih suaranya bagus lagunya,5
"bagus, tapi mins liriknya yang ilang",4
terbaik,5
keren,5
Liriknya kemana? hah.... kapan dengerjn lagunya 3 menit cuma buat iklan. per 2 lagu. langsung iklan. harus banget ya beli premium,1
lagu nya enak semua jadi saya kasih bintang lima,5
bagus banget pokok ya rekomen banget,5
mantap,5
pilih lagu harus premium apalhh,1
office tab ini,5
colouring my life,5
bagus banget aku kasih bintang unlimited 😭😭sumpah berguana bgt kalok mau denger lagu,5
bisa untuk main game,5
saya sangat menikmati musik yang ada di dalam aplikasi ini👍🏻,5
🍉🍉🍉🍉,1
simple tak mudah stres,5
kebanyakan lagu minim lirik,1
boikot,1
bagusss,5
aku suka dengerin sambil tidur atau nggak aku dengerin kalo lagi di perjalan enak banget dan lengkap banget,5
🫰🏻♥️,5
bagus untuk putar lagu lagi oflan moga bisa gratis terus,5
"bagus banget, untung iklan nya cuman spotify doang dan gak keluar aplikasinya. iklan nya gak banyak kok",5
semuaa laguu enak enak di dengernya jadii sukaaaa 🤩🤩🤭,5
bagus,5
"lagunya sering jeda sendiri njir, udah kek yt....mending yt sekalian",1
bagus,5
lama lama kurang nyaman sama aplikasi ini karena terlalu banyak iklannya bisa 4 iklan. terus kalau mau berlangganan premium suka berlangganan secara otomatis,1
OMG bro,5
ok,5
mantap buat orang gabut,5
kurangi iklan,5
terimakasih👑,5
Oke,5
Saya kecewa karena langganan 3 bulan tapi belum 1 bulan sudah habis,2
keren,5
bagus,5
suara jernih,5
sangat enjoy,5
gak jelas,1
𝚊𝚔𝚞 𝚜𝚞𝚔𝚊 𝚕𝚊𝚐𝚞 𝚔𝚊𝚖𝚒𝚗𝚎,5
oke,5
bagus ada sholawat dan lain lain aku yang gasuka itu lagu sepongsor nya gasuka bgt tapi menurut aku itu bagus kokkk👍,5
"maksa bngt premium anj,mana iklanya banyak bngt lagi bngst....pelit fitur ngntd",1
bagus banget nih aplikasi nya aku bisa buka lagu yg aku suka❤️❤️,5
gampang dan mudah menggunakan aplikasi ini,5
zionis,1
terlalu banyak iklan . iklan ny bukan cuman 1 tapi sampe 4 iklan sekaligus. kadang mutar 1 lagu udh iklan lg.,1
Sangat bagus untuk mendengarkan musik yang kita suka 👍👍❤️❤️,5
kalo bebas iklan si enak,4
menyenangkan skli,5
musik teman hr an kulbh mudah,3
"suka walaupun blm premium tpi msih bisa denger musiknya hehe,terima kasih",5
Pas banget buat dengerin lagu2 yg lagi hits,5
apk nya jelek,1
baguas,5
Bguss bnget,5
bagus,5
"Suara y kecil walau volume udh mksimal.spotipy,pleeeeeeeeeeease",5
sangat menyenangkan kan,5
makasi telah menciptakan aplikasi ini,5
recomended,4
pembodohan publik. promo 3 bulan harga 119 RB. tetapi belum genap sebulan udh hanguss.,1
"pernah pake premium ehh giliran udah habis dan pake free stiap satu lagu iklan 3 trs""an kaya gitu🤣",2
"Just a suggestion, the price can be reduced, because the price is too expensive in Indonesia",5
Wasaf,5
jos jis sangat menghibur,5
mantapp,5
bagus aplikasinya,5
Bagus,2
jelek banget ngak ada fitur karoke nya 😹🤪🧢,5
"aplikasi bagus cuma kikir dikit, tolong kurangi dikit"" premium ya dek",1
pemaksaan bayar premium,1
bagus' bgtttt sukses selalu admin,5
"kebanyakan iklan, gk kaya dulu, kalo milih lagu di balesin juga. apakah pay to win banget",2
keren abis nih aplikasinya 🤗,5
woy lah apa2 premium mau pilih lagu sendiri premium niat gk sh buat apk,1
faforit ku,4
Spotify emang oke. suaranya jelas,5
fitur nya bagus sama semua lagu ada tapi saat putar lagu pasti ada iklan yang promosi Spotify premium dan kita bisa mendengar lagu 10 kali bikin aku sedikit gk senang karna aku mau dengerin lagu ku suka malah GK bisa tapi syukurnya besok bisa dengerin lagu lagi tapi ada keselahan di playsift lagu saat putar seharus nya lagu pertama yang paling atas eh malah acak ketika lagu nya selesai malah acak lagi apakah ini bug atau emang?,4
cocok buat tidur,5
suka banget!,5
mantap,5
bagus,5
great,5
pengen tau dulu,4
good,5
Kesel mau langganan premium yg seminggu kg bisa-bisa..suruh coba lagi coba lagi ngeselin,5
why doesn't mine have lyrics?,5
coba iklan di hapus,5
aku suka lagu,5
bagusss buatt nemeniinnn ngerjainnn tugassd,5
setiap kali dengerin musik pas malem tuh pasti aja ada tulisan jika ingin memutar lagu kapan saja ayo jelajahi premium padahal aku kan masih kelas 5 sd kalo mau premium kan mesti bayar,3
"suka suka sama lagu2nya kecuali pop, KPop, dan lagu percintaan, aku lebih suka musik sebagai perlawanan",5
"enak woiii spotify tapi banyak iklan pliss😃😃, jadi males denger musik selanjutnya menurutku bagusan iklannya setiap 10 lagu sekali atau 5 atau 7 biar enak and enjoy jadinya tolong ya spotify soalnya tiap 2 lagu sekali aku pasti dapet iklan bosen juga soalnya iklannya itu mulu and jangan lupa SHIBAL ANYONG🤭🤭...... AIGO AIGO JINJAAA??? 😻😻😻😻...... MIHU MIHU NYA TEMAN TEMANNNNN😝😝😝😝",5
"Kebanyakan iklan,serba premium",1
top,5
baguss saya suka mendengarkan lagu di sini tapi jangan ada iklan pliss soalnya saya bokek 🥰 tapi jujur ini bagus apk nya sumpahhh tapi karna ada iklan jadi saya reting birnrng 5 😍😍😚😜,1
"Komplit pol,mantap",5
baguusssssz Suak bangerrtrr,5
bagus aj.,5
karena asik lagu ny,5
"awalnya gampang dipakai, kita bisa pilih lagu yang mau diplay sesuai sama yang kita mau, misalnya kita nge search sebuah lagu di spotifynya, itu langsung kepasang sesuai lagunya. sekarang kenapa malah kalo nge search satu lagu, terus di play, yang keplay lagu lain? terus ada tulisan ""pasang lagu untuk besok"", jadi harus premium, padahal saya maunya denger lagu yang saya search bukan malah denger lagu lain ketika nge play lagu itu.",1
"kecewa semenjak update dikit-dikit harus premium,🌟 1",1
Spotipay sangat berguna bila saya sedang bosa,5
enak untuk mendengarkan musik apalagi musik koplo,5
aplikasi ini sangat bagus,5
sayah suka,5
saya sangat suka mendengarkan musik atau DJ dari spotify,5
sangat bagus,5
spotify selalu memaksa saya untuk premium,4
aku suka baget sama lagu nya,1
apakah benar mendukung genosida ?,1
banyak iklanya,3
aplikasinya rusak malah suruh coba lagi terus padahal masih ada kuota banyak dan sinyalnya lancar.,1
"bagiku spotify tu enak banget buat dengerin lagu, buat kerja atau pun blajar jadi lebih enjoy aja, cuman aga sedih soalnya kadang di batasi kalo mau dengerin musik.",5
lagu nya lengkap,5
kebanyakan iklan,3
untuk developer aplikasi ini sangat bagus tolong ya jangan dikit² premium,5
aplikasi nya bagus lagu lengkap tapi tolong iklan nya kurang setiap pindah lagu itu iklan bisa 2 kali muncul durasinya lama banget lagi satu iklan durasinya 28-31 detik setiap pindah lagu selalu lama jadi tolong kurangngi,4
berguna banget 🫰🏻🤓,5
best app for music,5
"habis putar lagu langsung iklan , mau dengerin lagu mana gak jelas lagi munculnya padahal saya gak langganan premium , udah jelek ,mahal , repotin orang saja , spam , pokoknya hapus iklan premium secepatnya supaya saya gak mood 🙏🏻😡😡😡🙏🏻 + saya doakan semoga yang ciptain iklan spotify mengalami bangkrut total",1
pake yang mod aja yang ini banyak iklan trus penggunaan harian juga di Bates... premium nya mahal banget ga woritlah....,1
bisa jadi teman buat galau,5
baguss polll,5
bro lu coba dulu ni Spotify bagus anjir,5
sangat bagus,5
Cocok untuk solo squa di game free fire👾,5
Banyak iklan nya jangan di download jelek ngabisin kuota doang,1
bagus,5
"sekarang kalo enggak premium kita enggak bisa mendengarkan musik yang kita mauu,rusak banget rasanya",1
ada banyak sekali iklan,2
sangat bagus👍👍👍👍👍👍👍👍,5
mines iklan aja sii,3
",,,😚, l",1
bagus banget,5
"baguss bngtt ga ad iklann nyaa di akuu, walaupun udh dipke bulanan, pdhl ga pke spotify premium",5
baguss,5
"lagu lagunya konsisten bisa dicari via nama artidya, bisa dari juful laguny",5
bagus banget,5
"ok banget dech pokoknya ,,,,,josss tenan👍",5
spotify oke,5
bagus,5
Saya sangat menyukai lagu sporty lagu kenangan sangat banyak sekali di aplikasi ini Saya sangat senang mendengarkan,5
ok,5
gabisa masuk ke game. setiap mau. main game music nya mati terus,1
"udah download lagu favorit tapi tetep aja kena iklan, suka tipu2 nih",1
lagu dan lirik nya jelas aku pake yg premium tambah semangat ngerjain tugas,5
bisa mendengar kan lagu gratis,4
keren,5
oke banget,5
asik pokoknya lagu lagu nya,5
oke senang bisa mendengar musik dengan baik,4
🤩,5
"aplikasi bagus temen buat tidur tpi yang ngeselin itu ada iklan nya klo tanpa iklan hari premium, tpi tetep bagus kok aplikasi nya",5
bagus,5
saya suka sama lagunya dan candu banget,5
mantap,5
"kalo aplikasi Iko masiah dukung zionis,ambo kasiah 2 Bintang.",2
very good,5
menurut saya sangat bagus,4
Good,5
aplikasi lagu favorit aku ya spotify kalau lagi sedih aku sering dengerin lagu-lagunya pokoknya aplikasi favorit aku ya spotify☺,5
top,5
kebanyakan iklan + di suruh premium mulu,2
bagus banget sih,5
bagus,4
banyakkk iklan,5
mantap,5
"gajelas, premium 3 bulan tiba tiba habis",2
mantullll,5
suka bgt aplikasinya bgss,5
menarik,5
lagu nya mengimspirasi membuat hati senang,5
nice,5
Kurangi harga premium,5
sayang tidak ada menu equalizer....,4
Antek Zionis,1
"App paling top bisa bikin aku heppan selalu, thanks guy",5
sangattt sangatttt bagusss kerennn pertahankan,5
aplikasi maruk rakus kapitalis kikir kebelet naik haji,1
skip apk pro isriwil mending soundCloud,1
bagus bangtt luv luv deh buat spotify,5
bagus tapi recomennya ga jelas semua,4
"terhibur , musiknya jernih komplit album²nya semua ada disini 👍🙏",5
bagus mantap,4
dengan Spotify mendengarkan musik jadi lebih seru,5
Memaksakan premium,3
aplikasi musik yg mudah digunakan dan banyak varian musiknya,5
sangat bagus tapi saya tidak tau cara spotify premium bagaimana cara nya,5
bagus,5
bagus sekali,5
mantap 👌,5
saya sangat puas,4
mantappp,5
Bgus,5
"...iklan nya sangat mengganggu . Memutar / mengulang lagu yg sama padahal lagu diplay list banyak , Durasi memilih pun sangat dibatasi ( mohon jangan dibatasi ) Namun dari aplikasi sejenis Spotify lah yang best of the best .",5
aplikasinya sangat berguna,5
"Aplikasi kapitalis, burik. semua dibatasi.",1
dan bila esok kamu ga mempertahankan kualitasmu pastinya kamu akan di tinggalkan.,5
sangat bagus untuk mendengarkan musik,5
💙🩵🤍,5
Bagus cuma kikir aja,3
bagus,5
menurut saya spotify adalah aplikasi lagu terbaik yg aku temui,5
udah bagus kok... yang mengeluh banyak iklan.? sadarlah kawan. tidak ada kenyamanan geratis. mau nyaman. ¿? bayarlah,5
saya suka banget pakai aplikasi ini,5
tahi loh,1
"OK siih, tapi coba dulu y",5
keren,5
iklan nya terlalu banyak mas,1
bagus banget deh,5
lagu nyah enak enak dan bagus bagus,5
aku suka aplikasi ini,5
lagu yang banyak dan potkes yang beragam,5
"iklan yang nuntut pendengar untuk primium, tidak lagi untuk mendengarkan musik, tpi hanya ajang nyari cuan, kecuali soal podcast, disini bisa diurut",1
lagu lagunya sangat sangat baik,5
love it,5
"mau dengerin apa aja lengkap di spotify, mau lagi belajar, beres beres rumah, dll, walaupun tidak premium tapi saya tetap puas akan layanan aplikasi ini, terimakasi spotify uda nemenin di berbagai emosional saya, sukses terus spotify!",5
lebih mudah untuk dengerin musik,5
👎..,1
madeppp,5
bagus tanpa bayar lagi,5
Apalah mau masuk lewat no wa pake no wa ku TPI suruh pake no wa yang lain Emang Buriq dahh,1
sangat baik gokil☠️☠️☠️☠️👌👌👌👌👍👍👍👍💯💯💯💯🚨🚨🚨🚨,5
karna suka barsalona,5
Nice music,5
puas dengan,5
iklannya aduhai...kalo perlu tiap 2 lagu iklan 30 menit,5
kok spotify gk kayag dulu lagi,3
good,5
suka banget ihhh :3 rekomendasi banget ada banyak lagu dari penyanyi favorit termasuk penyanyi luar i like it apalagi buat dengerin music pas tdr,4
tapi selalu ada iklan iklan nya di hilangin dong,5
jelek banget anjir dah bikin playlist malah mainin lagu lain gaje bet yang dimainin lagu jelek lagi apalah coba gaje bet lebih mending yutub music,1
makin gila diuit aja ni spotify masak dengerin lagu doang bayar nya 59k ini gara² efek korupsi🤭😹😹,1
boikot boikot boikot byeeeeee,1
"keren bngt pokoknya, tpi setiap ganti musik iklannya di hilangin ya",5
Keren,5
merdu,5
apk ini sangat bagus,5
busettt dah lama lama berbayar,5
"bagus si bagus, tapi makin lama makin banyak bug nya, dari yang gabisa muter lagu, beranda kosongan, tiba² playlist kosong gada musik yang sudah saya favoritkan, kadang juga lagu yang dicari ga ada, cuma ada playlist saja, mohon diperbaiki developer supaya nyaman saat mau mendengarkan musik, saat mau mendengarkan musik ada aja bug nya, jadi males dengerin di Spotify. Tolong ya developer untuk diperbaiki, untuk aplikasi nya sudah bagus kok, cuma bug² nya aja itu yang bikin kesel.",3
bagus,1
premium premium,1
lumayan🗿,5
bagus,5
kenapa akhir2 ini sering forced close aplikasinya?! lagi enak2 dengerin lagu langsung mati! 😡😡,1
sangat bagus,5
aplikasi musik terbaik,5
mood,5
asik banget lagu lagu nyaa,5
mau Musikan malah iklannnnn perasaan dulu pas masih sepi gada iklan udah rame banyak iklan kikir,1
Kenapa tidak tersedia paket 1 mingguan lagi,2
Spotify dengerin musik jadi simple dan mudah,5
boikot gais ini apk gda rasa kemanusiaannya,1
the best 👍,5
ada lagu yang mengingatkan saya di tahun 2019😆,5
Lagu nya sangat nyaman di dengar 🎧,5
good,5
sangat bagus,5
play music luar biasa GK ada yg GK ada pokonya semuanya ada,5
suka banget sama aplikasi ini,5
"jujur apk nya bagus , aku bisa denger lagu dengan layar mati , tetapi masa ada batasan nya sih buat milih lagu sendiri , kita harus berlangganan premium dulu gitu?",3
lagu di sini lengkap banget deh pokoknya,5
lagu nya bagus bangus and gak banyak iklan,5
💗💗💗🤓🤓🤓,5
"eung, makasii yh diskon nya❤️ nanti kasih ak diskon lagi yh lopyu spotify💋",5
bagus banget. keren. bikin hidup santai dan adem beneran,5
"Kecewa, sekarang lagu dibatasin perhari!",1
mantapp semua lagu ada di sini😄 🙏🏻,5
tinggal kurangin kekikiran nya aja,5
"ini ud bgs bgt aplg bsa bwt plylst jg bwt bs dngrin lgu, rkmnd bgt si, trs kt bs jg cri lgu kskaan kt, smua lgu ad, pkokny cck dh, bwt dngrn lgu",5
bagus banget apa lagi lagu nanti kita seperti ini,5
lagu nya mantap mantap👎,5
good,5
bagus bgt sii gak salah siii pake apk ini,5
"saya sangat terganggu oleh iklan premium andaa, saya tidak tertarik dengan Spotify premium anda jadi mohon Jangan menampilkannya lagii",2
bagus,4
"untuk saat ini suka sama pelayanannya, walupun aku gak premium, fiturnya memuaskan",5
i love,5
sesuai,5
bagus,5
bagus dan enak lagu nya a,5
bagus dan seru karna bisa temenin aku di saat lagi bosen' nya😊👍,4
muantap,5
mantap mennnn,5
ini sangat bagus,5
"sebenernya Spotify sudah sangat bagus, ada iklan gapapa karena ya gratis juga. tapi tolong untuk iklannya yang ngeselin itu diganti atau disesuaikan dengan genre yang diputar",4
👍👍👍👍👍,5
sangat menyenangkan,5
singkat saja!! PAHAM,5
mantap,5
"aplikasi apaan ini, banyak mau nya mana maksa bgt lagii",1
bisa dengar lagu dimanapun kapanpun,5
lagunya bagus dan nyaman tapi gak ada lagu where are were,5
keren,5
mantap..👍👍👍,5
Terbaik,5
sangat menghibur aplikasinya luar biasa maksih 🙏🙏🙏,5
"enak didengar dlm waktu santai, kerja, tiduran, good luck",5
lagu3 kere dan banyak cari apa ajah ada,5
"Enak dan suka banget dengerin musik lewat Spotify. Meski belum premium setidaknya bisa have fun dengerin musik lewat Spotify. Hampir tiap hari aku suka dengerin musik lewat Spotify. Mudah banget cari lagu yang disukai. So, sukses terus Spotify ada di playlistku🙏 Tolong dong jangan berhenti seenak sendiri. Ada koutanya lho. Caranya begini di tinggal pengguna Spotify. Dan beralih ke aplikasi lain. Tlg dong Spofity lirikny biar jln kyk biasany",5
ok,5
sngt membantu dlm menbelola stress,5
"anda pikir enak di kasih iklan trus? ,kalau ga iklas buat apk mnding jangan di buat sekalian dari pada di kasih iklan terus bikin kesel, bikin ga asik, apa mau ngatain ga modal?, anda saja yg seperti tidak iklas bikin apk!",1
👍oke,5
sangat enak buat nemenin kerjain tugas apapun,5
lagu lagunya asyik,5
thank you Spotify udh selalu nemenin aku,5
mantap,5
bagus baget,4
mantap nih aplikasi,5
kenapa ya suaranya jadi jelek kaya rusak gitu kaya telponan pake pulsa tapi susah jaringan,2
aplikasi nya bgus,5
Mantap,5
maksa banget suruh premium kon,1
kenapa sekarang bnyak sekali iklan Spotify,3
ok,5
Sangat bagus,5
mantap kale,5
mntap,5
mantap pokok.e sangat menghibur,4
good,5
👋,5
kenapa tiba2 lagunya berhenti padahal jaringan lancar HP ga panas dan normal2 aja buat scroll tiktok yg berat aja bisa tapi pas nyalain spotify 1 lagu belum beres tiba2 mati ditengah,3
The best,4
bagus,5
okee,4
mise,5
sportyfy ok,5
oke,5
yaa bgus la,5
mantap sekali aplikasi ini tapi sayang nya ada iklan,5
spotify bagus sinyalnya oke,5
tiba tiba gak ada suara nya padahal udah putar musik tapi musik nya ga bunyi,2
mau batalin premium aja ribet bet,1
lagu di Spotify enak semua ga ada yang ada,5
bagusss,4
bagus tapi banyak iklan,4
bagus untuk mendengarkan lagu atau musik karena suaranya bagus,4
"bagus ,tapi banyak iklan nya GK enak",3
good banget aplikasi yaa cuma mines di iklan,4
ngemis premium bangt clek,1
ok,5
Iklan sih iklan.. bisa banget semua iklan dibuat kaget diawal biar pada berlangganan,1
nicee,5
gabisa buka atau login spotifynya lewat smartwatch,1
aplikasi hama mendengarkan lagu yang kita pilih sendiri harus pakai spotify premium hama hama hama,1
beast,5
sangat bagus,5
w apl,5
"aplikasinya bagus sangat bagus, tapi tolong banget deh kalo di playlist munculin lagu yang di playlist aja ataupun kalau mau munculin lagu rekomendasi beberapa kali aja deh dan tolong ada jedanya kalau mau munculin lagu rekomendasi. aku muterin playlist cuma beberapa lagu yang dari playlist dan lebih banyak yang rekomendasi, aku tahu aku ga premium tapi tolong deh munculnya beberapa kali aja, aku juga pengen dengerin yang dari playlist ku sendiri",3
good apk,5
sangat bagus saya menyukai nya,5
bagus benget semua lengkap tinggal donlod musik tolong gak usah pake bayar hehe,5
suka aja 🖐️👋🤘🤞⊂_ヽ 　 ＼＼ 　　 ＼( ͡° ͜ʖ ͡°) 　　　 >　⌒ヽ 　　　/　 へ＼ 　　 /　　/　＼＼ 　　 ﾚ　ノ　　 ヽ_つ 　　/　/ 　 /　/| 　(　(ヽ 　|　|、＼ 　| 丿 ＼ ⌒) 　| |　　) / ノ )　　Lﾉ (_／♡ ∩_∩ （„• ֊ •„)♡ ┏ • UU • - • - • - • - • - • - • ღ❦ღ┓ 　Find Cute Art & Emoji in 　Facemoji Keyboard App! 　link ┗ღ❦ღ • - • - • - • - • - • - • - •- • ┛ 　　　　　　 ヽ(‧ω‧`)ﾉ 　　　　　　　 |　| 　　　　　　　 UU,5
"bagus banget untuk dengarin lagu, tapi iklan nya tolong dikurangin. punya saya itu setiap dua lagu pasti ada iklan, dah the best kok ^_^",4
bagusss,5
"burik sekali🤬 harusnya playlist gw itu diputar semuanya bukan malah putar lagu random, gelisah tau🤬🤬",1
bagus,5
bagus,5
apk pelipur lara,5
mantap,5
bagus sekali,5
bagus,5
bagus,5
bagus dan lengkap lagu lagunya,5
"bagusss bangetttsss, terimakasih telah menemani hari²ku (bagus klo premium, kro free mah....)",4
bagus sekali,5
banyak banget lagunya dan bisa didengerin sambil main 😋👌,5
bagus,5
bagus buat denger musik,5
gua pingin spotify ngirim beberapa lagu baru makasih,5
sangat bagus,4
Bagus banget cocok buat galauin sahabat aku 🙁😔,5
"Lagunya lengkap, terlalu banyak iklan. tapi nggk minat pake premium",4
aplikasi nya bagus tapi tolong kurangi iklan nya yang tentang Spotify premium..sekian ulasan saya<3,5
seru,5
sukaakk bangetttt ama ni aplikasi 💋,5
bisa menenangkan hati dan otak saat mendengar kan musik musik nya,5
bagusss,5
lagi funk nya sangat bagus🔥🔥🔥🔥,5
keren,5
ini jujur keren banget aku bisa ngerjain skripsi ku sambil dengerin lagu sama main game pun bisa dengar lagu,5
menarik dan bagus buat dipakai nge game atau buat belajar,5
GK bisa gua pencet lagu ap ap,1
developer tolong benerin bug lyrics nya lah,2
lagu ini bagus tingkatkan,5
coba geratis terus,5
mantab,5
bagus sih yah bagus🥲,5
gacor min,5
mntap,5
"ga suka bgt sm spotify yg skarang karena BANYAK BGT IKLANNYA. yg tadinya cmn 1 jd 2 IKLANNYA, mls bgt klo dikit' iklan, keluar dri aplikasi nya trs nanti klo mau putar lagu lg IKLAN LAGI!!! tlong dong kurangi iklan nya... jgn dikit-dikit iklan lah. malah kita disuruh pake yg premium aja, LAH?!!",1
bagus bet🤭,5
JELEK,1
Keren Dan Bagus Lagunya,5
bagus,5
good apk music,5
"aplikasi music favorit , tolong sediakan lirik juga di semua lagu Jawa😭🙏",5
aplikasi ini sangat berguna terimakasih🫰🏽🫰🏽,5
ssg),5
good job,4
okeh,5
rekomendasi internasional,5
"di update bukannya tambah bagus tapi malah ga jelas, musik berhenti ketika buka aplikasi lain dan suara musiknya seperti suara robot lalu perlahan kemudian baru normal, lebih baik balikin ke versi dl aja sudah bagus, normal dan lancar.",1
apk mntap,5
"aplikasi sangat bagus,, silahkan kalian download aplikasi ini, sangat rekomendasi sekali",5
kalau main game ml ff atau game apa itu jangan pakai aplikasi ini soalnya nyedot kuota apalagi main game sambil dengerin lagu spotify nyedot kuota tiba-tiba ngelag terbaik,3
so enjoyed,5
bagus banget buat dengerin laguu,5
yuck ZEMANGAD yach,5
enak di denger,5
bagus banget,5
bagus,5
luar biasa,5
sangat di rekomendasikan,5
spotify keren buangettt,5
memuaskaaaaannnn ☺️☺️,5
mantap,5
siiipppp,5
"duh gimana ni update nya, sebelum update bisa melihat berapa banyak lagu diputar di capsule, tapi setelah update malah gaada, malah adanya hanya berapa sekian teratas",1
bagus aja,5
lagu nya bagus,5
bagus,5
enak didengar khan tapi sering iklan yg membuat kagak enak,5
Good app,5
jadi mantab suara speakernya .. jadi suara speaker mahal ternyata hanya krn efek EQ aja .. 👍😁,5
"dengerin lagu kecil, pas iklan keceng bgt. mana iklan petir pake earbuds kaget bgt. 💩",1
I love music and this app makes me comfortable,5
joss pokoke,5
Very good🤗,5
"sistem njs, ga adil buat pencipta lagu dan artis nya. boikot Spotify",2
"dikit dikit berbayar, dikit dikit berbayar, ga kaya dlu.. aplikasi pelitt",2
enak banget lagunya,5
hokeh,5
good,5
jad2 ikp u . BG buk,4
"dengerin musik biar ga sepi, malah iklan horor apk tol*l",2
bagus cuman kurangin lah dikit itunya,5
app bagus,5
nice apps to find All Song,5
"mantap, suka",5
ok,5
baik,5
fitur lossless tersedia??,4
sangat bagus,5
aplikasi lagu yg sangat bagus,5
terbaik,5
"Spotify sekarang udah kaya radio.sama persis gak ada bedanya.malah kadang bagusan radio, Spotify satu lagu 3 iklan,radio malah sebaliknya.uninstal ganti provider.",2
tolong ya jangan setiap tiga lagu langsung iklan malah sama lagi iklan nya,5
very good and very well🤤🤤😏😏😜😜,5
"Bagus, semoga saja ada khusus fitur offline di playlist,..kalo GK ada jaringan ttp bisa denger music",5
kerennn gratis aku suka,5
seneng Spotify sedih spotify OMG semua nya lagu bisa sesuai mood/perasaan,5
bagus bangettt👍,5
"suka banget tiba-tiba berhenti sendiri, kenapa sih?",1
gila si bagus bangettt best pokoknya bisa sambil main game juga terus music ny g lelet',5
"bagus banngett walau aku belum premium sih,kaya aku suka banget dari iklan nya yang ga sering banget ngga kaya aplikasi lain yang sering ada iklan dan lagu² dari banyak musisi yang aku suka ada, intinya untuk Spotify loveee bangett dehh",5
sanag baik,5
lagu nya di batasi,4
keren,5
bisa denger lagu yang bisa keluar dari aplikasi nya,5
bagusssss,5
mantap lengkap,5
terhibur dan mengisi mncairkan di sela sela jam kerja. cakep,5
"good, tapi iklannya jangan terlalu sering ya dan harga premium nya tolong di murahin dikit dong hhheee",5
"gedek banget mau milih lagu aja dibatasi jir,masa gw nyari lagu ini,malah nyetel lagu lain kocak banget😡,mana iklannya gak ngotak",1
bagusss apk nya baru nulis lirik udh muncul judulll komplit tapi banyak iklan but wajar karna i tidak premium,5
terbaik dgr musik,5
kebanyakan iklan......,1
gk tau males pengen beli truk,5
saran saya harga spotify premium tolong diturunkan😁,4
bagus dh gitu aja ya,5
gampang di gunakan aplikasi nya,5
Lama loading ke playlist nya udah gaush instal aplikSi ini lagi,1
iklan gak ngotak. 4 menit iklan sendiri,1
seru,5
ok,5
buatin premium sebulan dong,3
Ipang tentang cinta,5
The besttt👍🏽👏🏽🎧,5
efikasi yg bagus Alhamdulillah,5
Bagus,5
BAGUSSSS ☺️,5
bagus,5
bagus sih tapi .......,5
Kerennnnnn bangetttttttttt,5
best,4
wow,5
spotify nya sangat menghibur dan bagus sekali aplikasinya,5
menghilangkan rasa galu,5
goood job,5
Bagussss bangetttttt akuuu sukaaa samaa lagu nyaaa,5
bagus,4
emm kurangi iklan nya ya,4
sangat lahhh bagusss dan juga bisaa di download lagunya jadi bisaa dengarkan bekali kali,5
eeee r di udara eeee rorro krde rdrordeddddrl fff rrrrrdre rrdr ;dddo ko r,2
enak banget lagu nya,5
"Dengerin musik saja disini tempatnya, iklannya sedikit",5
sangat cocok untuk mendengarkan musik,5
Terlalu banyak iklan,3
mantap,5
bgs bngt . suara y lncr💃,5
"Memang bukan pengguna premium, iklan banyak oke lah, cuma sekarang pilih lagu untuk di putar di batasi, mau ga mau terus klik next lagu, itu pun kena batasan juga. Mendengarkan lagu jadi tidak menyenangkan lagi..",4
Sangat baguss untuk menghafal lagu disini,4
good,5
mendengarkan musik dgn baik sekali,5
saya menyukai release radar,5
tidak dapat menemukan aplikasi pengturan,5
lagunya lengkap semua tapi banyak iklan jadinya lagunya kepotong²tapi gapapa tetep bagus dan semoga makin viral spotify:>,4
b yang jelas dan mudah untuk menjaga,5
pengen premium tapi gak ada duitt 😬,4
bagus damai,5
good music always,5
sangat bgs,5
top mantab is the best,5
lumayan,1
Aplikasi nya sangat bagus,5
mantap KLO GK ada iklannya,5
ajaa,5
bagus,5
jelek,1
mantappp,5
"kebanyakan iklan + menyuruh saya beli premium terus menerus, MENURUT SAYA ITU SANGAT MENGGANGGU, musik tidak sesuai urutan yang kita mau, TIDAK SEMUA LAGU ADA LIRIKNYA gimana ini",1
makin hari makin banyak iklan nya gajelas,1
aplikasi Sampah .. jangan download guys...,1
👎👎👎,1
lagu paling lengkap,5
bagus banyak bgt lagu ny 😘,5
Bagus,5
sangat bagus,5
rekomen,5
bagus aplikasinya... mudah di akses,5
setiap saat pakai aplikasi ini,5
bagus banget,5
yah kecewa berat fitur buat play lagu berkali kali diilangin,1
banyak iklan,1
ini bagus banget aplikasinya bisa membantu mencarikan lagu lagu yang lagi trend aplikasi ini juga lumayan lengkap lagunya,4
banyak iklan,1
mantap,5
sangat bagus dan menghilangkan galau,5
Mantap,5
0perasionalnya sangat mudah dam lagu-lagunya menghibur (playlist).,5
Alus,5
Lah gj lu mau duit gak sih? Mau beli premium kok gak bisa?,1
jelek,1
"Suffle pintar apaan, maksa bener gue harus dengerin lagu yang gak gue mau😭",1
"Sangat bagus, dan banyak lagu yang bisa membuat saya tenang dan nyaman",5
"mau langganan tapi ngk bisa ,jadi nya moode free😄",5
senang acaranya,3
so good,5
semua lagu ada,5
sangat berguna dan menghibur,5
apk jelek ga guna,1
aku suka banget nyanyi aku kasih bintang lima titik seru bagt dengar lagu nya,5
Gak Baguss!!!,1
Suaranya kereeen paraaaaah,5
so far so good,5
Sangat baik 😄,5
ok,5
Zionis,1
jelek maksa banget iklannya rayap duit 👎,1
banyak iklan bikin ganggu masalahnya iklan ga satu tapi tiga sekaligus,1
❤️❤️❤️,5
"ada salah satu iklan yg ada bunyi suara Kalson kendaraan, jika kita mendengarkan Spotify di dalam kendaraan itu jelas mengganggu konsentrasi dalam berkendara, smg kedepannya lebih memperhatikan lagi keselamatan berkendara pengguna nya, Terima kasih.",1
"Bagian iklan kadang suka gak keluar jadinya loading lama, kalau bisa premium adain lagi yang harian dong..",4
Bagus sangat menikmati bahkan bisa keluar apk tapi musik terus berlanjut,5
Bagus buat temanin tidur,4
aplikasi jelek,1
Karna suara nya bagus dan tidak ada iklan,5
"lengkap, thanks sportify",5
apk jelek,1
tolol,1
berlangganan premium aja susah bener webnya diakses,1
luar bias,5
kenapa suka mati sendiri ya? padahal saya langganan premium,3
maaf aku uninstall dan pindah. karena ternyata Spotify dukung isriwil dan genosida.,3
luar biasa,5
lumayan,4
iklan berkali kali,4
no respect,1
bagus,5
"Apaan orang mau denger tapi ngeleg banget, udah gitu loading terus. tolong di perbaiki!",2
kecewa,1
aplikasi gak jelas iklan pemaksaan top up,1
Keren deh..,5
I don't like,1
tidak berperikemanusiaan,1
mantap,5
maksa bet iklan ny,1
"apk nya jelek banget, hok cuh",1
"Aplkasi yang bagus dan cocok buat dengerin lagu saat apapun, trus tingkatkan ...",5
Aplikasi sampah,1
"kebanyakan iklan + dikit harus premium,nih lama"" mirip apk cap***",2
keren,5
"lambat banget putar lagu nya padahal premium, apalagi pas buka aplikasi lama bgt muncul musik nya. sudah uninstall ulang, keluar dari akun juga sudah.",1
"App terbaik untuk mendengarkan musik, semoga nanti ada acara event agar harga berlangganannya lebih terjangkau😁👍",2
ok matap,5
"sudah bagus, hanya saja iklannya terletak sering, dan sangat terbatas untuk memutar lagu dalam beberapa menit",1
lumayan buat dengerin lagu sore sore apalagi lagu duka thasks,5
"aplkasi jelek butut, mending pake apple music. uninstall aja guyyyssss pindah ke apple music",1
karena sesuatu yang tidak nyaman,1
"awalnya suka sm apk ini, tp ternyata pendukung srewel😑",1
"lagi nyetel lagu di playlist apa, malah ke yg lain, gj emg",1
aplikasi jelekk,1
aplikasi apa ini cihhh,1
banyak iklan,1
"minimal benerin iklan, ngebet amat nyuruh premium",1
bagus sekali,5
"harganya naik terus,dari dibawah 55.000 sekarang jadi 59.000",2
"apknya sangat bagus, tapi iklannya yang bikin ganggu...semoga next iklannya di ilangin ajaa....",4
bagus untuk menenangkan hati untuk mendengar musik,4
dikit dikit premium dikit dikit premium dasar kikir,1
Mau masuk tipi,4
kecewa bangett sih sama spotify pdhl udah make apk in lama bangett 😔💔,1
😡😡😡😡,1
muantap,5
baguss di dengarr,5
ga tau malu jir,1
banyak iklan males,1
"Baguss, Alhamdulillahnya di aku ga sering muncul iklannya mau dengerin lagu/ podcast. Mungkin iya sekali muncul 2-3 tapi jarak antar iklan dan lagu panjangg bisa 8-10 lagu baru muncul iklan, pdhl tiap hari juga selalu pake spotify. Fyi Spotify ku free ya, tp belakangan ini sering muncul disuruh langganan premium yg 40k (ga begitu butuh premium apalagi masih pelajar jdi mending buat yg lain :D). Kekurangannya cuma dibagian lirik sih dibatesin, kadang ga muncul lah, kadang kurang tepat.",5
"maunya gimana sih anjirrr, payment kewat gopay gagal mulu..nyoba di berbagai akun kaga bisa, mau nya apa? mana kalau ga premium iklan lama, gajelas, 1 lagu 3 iklan, kadang juga ga bisa dipake dengerin lagu. kalau emang niat morotin duit customer yang niat, perbaikin tuh fitur payment gajelas lo itu, customer udah royal ngasih duit ke lo itu malah dipersulit. GAJELASSSSSSSSS",1
good so good,5
bagus,5
aplikasi nya bagus dengar lagu dengan nyaman dan nikmati💚🖤😄🤙🏻🎧⭐⭐⭐⭐⭐❤️❤️❤️✨,5
"terlalu gila iklannya, denger 1 lagu iklannya bisa 3 sekaligus, mana 1 iklannya bisa 28 detik keatas trus ada 3 iklan lagi, hadeuh",2
bagus dan juga asik lagunya tapi ada iklan trs jadi kasih bintang 4 aja yaa,4
Mantap,5
bagus,5
good,5
💯,5
goodddddddd,5
bener bener tiap hari denger laguu Darii Spotify iniiehhh,5
aplikasi pembunuh,1
"sengaja saya kasih bintang 5 karna supaya ulasan ini diatas , uninstall nih apk pendukung isriwil nih pembuatnya",5
koleksi lagunya top,5
banyak iklan jir,1
Mantap lah pokoknya,5
👎,1
jelek aplikasinya,1
mau hapus,1
"apl jlek bnyk bug,kikir,rakus iklan",1
bisa denger lagu dan gratis,5
tidak ramah bintang 1,1
sangat bagus dan enjoyyy,5
aplikasi favorit<33,5
APLIKASI JELEK,1
Buruk,1
manta ini hiburan ku sebenar nya,5
menurutku bagus,5
gk suka aja,1
bagus dan tidak ada iklan,5
👎🏻,1
keren,5
Keren,5
W app,5
kecewa,1
bagusss. tapii kenapa harus beli? hehe🤭🤭,4
bad,1
"spotify sangat baguss aku sangat suka walaupun kita sudah keluar dari aplikasi spotify kita tetap bisa mendengar lagu"" nyaa yg sangat enak di dengar",4
sangat bagus,5
iam feel bad in this app,1
not good,1
Bagus...kreen...,4
gacor 🤙🤙🤙,5
mantap,5
banyak iklannya,1
keren aplikasi nya lagu nya full,5
lagu nya lumayan lengkap tapi tolong kalo lagu yang untuk direkomendasikan nya diputar setelah playlist nya kelar tolong ya sportify di perbaiki,5
sangat bagus buat dengerin lagu tanpa ribet,5
jelek,1
i like this,5
bagus sekali,5
kebelet premium,1
bagus semua ada,5
bad👎,1
bnyk iklan.,1
seneng bisa denger lagu sambil hp di matikan,5
jelek,1
jozzx,5
bagus banget 😎,5
mantap,5
aplikasi kikir apa apa harus premium kikir emang ni aplikasi,1
muantap rek😹,5
jelek,1
mostly ads and forcing to go to premium,1
sangat sangat bagus😉,5
"knp hrs byr klo mw download, kecewa brt pls.",2
"Instead of making it comfortable, it becomes uncomfortable. Sorry, uninstalling.",1
jelek banyak iklan,1
hapus iklan nya bang,5
terima kasih Spotify music dan,5
"Bagus Baru nyoba, Jd, bintangnya 1 dulu ya... saya tambahin 4lagi jd 5 bintang karena benar"" realgood..",5
"MAKSA PREMIUM, KEABISAN DANA?",1
bgs apk ny,5
kecewa banget pokoknya mahh,1
lumayan susah untuk login tapi okeyy baguss,4
Kebanyakan iklan,1
fitur spotify bagus banget apalagi lagu lagu nya keren keren habis,5
👎,1
ngebet kali nyuruh premium,1
GOOD JOOB,4
knp mau bli premium promo ngak bs yg hrga 29900 selama 3bln 🤦‍♂️,3
Emang bagus tapi kok setiap aku mau dengerin lagu dia selalu ke lagi lain,5
jelek,1
banyak iklan,1
😠😠,1
pilih lagu sendiri harus langganan tambah lagi iklannya ada 3 TOLONG DIKURANGI. mau secara urutan juga harus langganan. kemungkinan agak sedikit kecewa ya??🥹,3
bagus,5
bagus banget aku sangar suka semua lagu ada di sini,5
nice aplikasi,5
aplikasi yang sangat sangat berguna dan bermanfaat,5
aplikasi harammmm.,1
no more,1
aplikasi gak jelas,1
apk gajelas,1
jelek,1
ogah iklan mulu disini,1
jelek,1
kebanyakan iklannya wuuuu,1
saya suka banyak lagi di sini apa lagi lagu lama,5
premium premium kammprreeetttt lahh,1
iklanya ga ngotak,1
mantul pokoknya,5
semuanya lengkap suka banget dehh,5
sangat tidak bagus 🐷,1
babi ngana,1
jelek,1
Anjir seru banget coyyy,5
jelek bgt,1
terlalu bnyk iklan,1
mantap,5
ga bagus,1
bagus banget si bisa dengar sambil main game,5
"Aplikasi Jelek, udah aplikasi gak jelas.... apa apa premium gak jelas, hehhh sekarang malah jadi pendukung ono",1
very baddd!!,1
"hilangin fitur shuffel pintar pls, ga enak pas dengerin lagunya nyampur.",2
jelek iklan mulu,1
mantap👍👍👍,5
banyak iklan nyaa,4
jelek,1
aplikasi bagus bisa denger banyak lagu👍👍,5
"Saat ini yg terbaik untuk dengerin music,",5
tidak semua lagu ada liriknya padahal di sponsor bilang bisa dengirin lagu sambil ngapalin liriknya.,1
jelek jiga caduk,1
jangan donlod apk ini!!!!,1
bad,1
jernih suara nya,5
harus bgt bikin iklan yang menjengkelkan kh?,1
HEYY!? MENGAPA SEMUA NYA HARUS MEMAKAI PREMIUM HAH?!,1
"lagu bukan hanya alunan nada tapi bisa jadi ungkapan kebebasan, perdamaian dan ketenangan 🍉",1
mau liat lirik aja harus premium,1
"pelit bgt dikit"" premium, baru aja stel 1 lagu terus iklan di suruh premium apalah",1
not recommended,1
sukakkk sihh tapii iklan nyaa di kuranginnn atuhhh biar makin enjoyy dengerin musiknyaa,4
saya sering menggunakan apk ini utk menemani kegiatan saya dan saya merasa tenang dgn lagu²nya,5
apk tidak bermanusiawi,1
banyak iklan,1
buruk,1
bacod,1
bagus,5
bagus bgt,5
Cool🔥,5
oke,5
apk nya jelek,1
bagus...,5
ok,5
😁,1
pokonya gasuka,1
jujur bagus banget dan lagu nya enak semua lengkap banget,5
apk sampah,1
enak bari gawe dengerin music d sportify,4
kebanyakan iklan,1
enak aja uda itu gua kasi ⭐5,5
jelek,1
bagus!,5
"lagunya oke2, suka",5
asu,5
gw langsung hapus karena Spotify mendukung zionis gw kasih bintang 5 biar bisa muncul di ulasan teratas,5
banyak iklan,1
💩💩💩,1
lama lama malah kaya capcut nih apk jir dikit dikit iklan😮‍💨,1
lagunya enak dan banyak lagu,5
"iklan mulu jir, baru juga 2-3 lagu shibal",3
sya tdk mau aplikasi ini muncul lgi di perangkat sya tolong hilang kan dri perangkat sya agar tdk memenuhi perangkat sya,5
bagus,5
banyak iklan nya... males banget,1
buruk,1
jelek,1
iklan Mulu gak jelass apa apa harus premium kocakk,1
apk jelek,1
"saya suka spotify karena semua lagu kesukaan saya ada disiniii,dan sering update",5
keren mantap free,5
sangat buruk,1
lagunya ok,5
bagus,5
bagus,5
MAKAN NOH PREMIUM LU👎👎👎👎👎👎👎👎👎👎👎👎👎👎👎👎👎👎👎👎,1
aplikasi yang cukup rekomend,4
👍,5
sangat menghibur,5
Bagus banget pokonya,5
bagus bisa keluar dari apk lgi dan kita bisa wa ataupun buka shopee,5
jelek,1
Tak akan aku download lagi aplikasi setan ini,1
aplikasi pemutar musik yang sangat jelek,1
goodd,5
great mood,5
"aplikasi musik yg rekomendasi,,👍👍👍",5
Spotify burik,1
"gaksuka, jelek",1
kalian harus download karna ini bisa mencara lagu yang kalian mau bagus banget ini,5
sangat baik,5
"rekomendasi lagunya gak cocok, masa direkom lagu india trs pdahal gak pernah denger lagu-lagu india",3
semoga kami terhibur,4
luar biasa,5
bad app,1
aplikasi terburuk,1
suara detail,5
Lagu nya waoww banggtt sape ada suara gigaa suka bangettt,4
"Aplikasi ini bagus banget!!.. cocok buat kalian yang suka nangis sendiri di kamar, aplikasi ini bisa nemenin kalian di waktu luang. Ini aplikasi pokoknya bagus banget kalian wajib donlot. Cuman kadang lagu nya suka di ulang2 jadi agak bosen tapi itu ga terlalu masalah sih. Pokoknya kalian wajib donlot. SEKIAN TERIMAKASIH",5
sangat bagus,5
iklan banyak,1
mantap,5
aplikasinya mudah di pakai,5
sangat memuaskan nyetel lagu disini meskipun gratis,5
mantap,5
bosok,1
goog apk,4
terlalu banyak ngambil uang,5
"Harga premium makin mahal, tapi kwalitas malah buruk. Playlist yang di putar di hp suka tiba-tiba mati. Dengerin playlist di laptop malah tiba-tiba keluar dari aplikasi.",2
kadang lagunya berhenti,4
sangat buruk,1
awalnya aku coba coba aja tapi lama lama makin lama aku suka spotify buat main ff biar sangat 😁,5
keren.... 🙏🙏🙏,5
love it..,5
banyak iklan,1
mendengar lagu saat tidur dan menemani seluruh aktivitas ku dimana pun cocok banget pokok nya,5
good,5
aplikasi music sangat baik,5
Tolong error jaringan katanya harus online padahal sudah online,1
"aplikasi spotify ini asik banget, banyak musik"" yang aku suka",5
lain kali jangan ada iklan deh qq,5
bagus banget,5
nice,5
"saya gabisa buka sama sekali, dan disuruh coba lagi berkali kali dan tidak bisa memutar lagu, tolong ya",1
aku suka Spotify oleh saya susah tidur kalau gak dengan lagu Untung ada aplikasi ini,5
timur kebarat selatan ke Utara berjejer pulau pulau kutuliskan kenangan tentang cara ku menemukan dirimu tetap cantik rambut panjang mu meskipun tak hitam lagi bila habis sudah waktu ini tak lagi berpijak untuk dunia karena telah ku habiskan sisah cinta untuk mu,5
not rekomen,1
suuuuka sekali,5
"aplikasi ini bagus bgt suara nya jernih, tapi ada 1 kekurangan yaitu banyak iklannya jadi tolong di kurangi ya iklannya 🙏🏻🙏🏻",5
lagunya sedikit,1
"aplikasi ini bagus cocok untuk mendengarkan musik,tapi sering iklan👍🏻",5
MANTAP 💥,5
walaupun aku blom berlangganan tapi bagus deh gak terlalu banyak juga iklan nya,5
kebanyakan iklan! masak setiap 3 kali lagi diputar muncul iklan. mana iklannya lebih dari satu!,1
mantap,5
-ga ada liriknya😭,5
iklan berlebihan,3
shuffle pintar nya ganggu. terus pas aku nyetel musik sambil masuk ke aplikasi setelah musik nya selesai langsung ilang gitu aja? ngeselin banget pls... bisa ga di hapus aja... masa baru dengerin 1 lagu harus balik lagi ke apk spotify buat nyetel lagu yang lain. pls. Tanggapin jangan diem aja.,3
mantap,5
tidak bisa premium,1
spotify mantap,5
"ngk nyaman sekarang, lagi lagu nya pada keluar",1
"pokonyaa dhe bestt, bisa main roblox sambil dengerin lagu di spotify (gratis)",5
jangan harus prem lah we🗿,5
enak bisa dengerin lagunya sambil main epeppp,5
bagus banget apalagi pas ada fitur bisa buka spotify walaupun ga ada internet,5
spotity....goods,5
mantul,5
kecewa,1
👍🏻,5
Mantap,5
sahabat yang setia gak ada Spotify music sangat kesepian,5
"Mantab koleksinya banyak banget, dan bisa dimainkan dalam kondisi screen-off...",1
sangat bagus dan sangat berguna di saat ingin mendengarkan lagu,5
ʙɢᴜs ᴀᴘʟɪᴋᴀsɪɴʏᴀ,5
ngenahen,5
maaf sebelumnya ini kenapa ya saya kan baru aja download langsung update nahh udh daftar juga pas mutar lagu pas liriknya mau di klik tampilkan tulisanya ilang jdi ga bisa liat lirik padahal liriknya ada😞,3
Moonlight - xxxtentacion,5
ini bagus banget aku suka banyak musik semua di situ lagu titok viral ❤️❤️❤️❤️❤️❤️❤️❤️❤️❤️,5
spotify sangat cocok untuk kalian yang suka nonton lagu tapi tidak tau judul,5
seruh aj sih bisa main Roblox sambil dengerin lagu,5
bingung mau ketik ap🤷🏻‍♀️🤷🏻‍♀️ pokoknya bagus dh,4
gatau malas pengen beli truk,5
musiknya enakk!!,5
ok,5
tapi tolong hilangkan iklan nyaa,5
"APLIKASI INI BUAAGUSS POLLL, APALGI LGU JAWA LAVORA, BEUUHHHH",5
Aku suka mainan ini,5
mantap,5
mantap,5
"Tolonglah Admin. fix dong bug di bagian edit playlist, disitu ada bug waktu saya pengen mengatur playlist, malah ada lagu yang sudah saya hapus di bgian tanda (bulet tengah). tapi masih ada' di hapus pun malah tetep di situ. tolong FIX bug tersebut secepatnya",3
best!,5
seru bisa dengerin musik salh satunya lagunya Justin Bieber,4
lagunya enak buat didengar sama sesuai yang pernah aku denger,5
bagus sih cuma yaa .... aku gada opini aja,5
ferfeks,5
mantap👍,5
kikir masa harus bayar mau nyetel lagu aja kikir mending iklan mah ini malah suruh bayar kikir gak niat bikin aplikasi jangan bikin mas pelit amat,2
bagus,5
saya sangat suka🙌🏻,5
mantap maknyus panggilkan developer nya,5
dikit dikit update. baru sehari donload besoknya gabisa muter lagi!,1
sangat bagus.banyak pilihan lagu nya,5
bisa dengar lagu favorite,5
💪,5
mantep lawan banyak iklan nyaa tapi bagus kok,5
best bangett tpi premium ny kemahalan dikit,5
bagus untuk galauu,5
"bisa denger langsung sesuai urutan album, gak perlu nunggu disc nya sampai rumah. gak perlu mikir discard disc/ lecet disc kalau breakup atau sudah di dengarkan berulang kali di mobil. perlu kuota internet untuk dengerin lagu.",5
👎,1
aplikasi kasi ini sangat bagus karna semua lagu ada dan lagu yg susah di temukan pun juga ada pokok nya di sini itu lengkap dah,5
"mantap sekali,joz gandos.makin matap lagi klo bisa offline juga.😀",5
bagus banget kalo mau deger lagu di sini aja,5
bagus bgt,5
"okey,",5
tiada tanding tiada banding,5
Sagat mem bantu,5
"sangat baikk dann fitur' sangat baguss, tetapi iklann nyaa terlalu lamaaa",5
good apk,5
🤍🤍🤍,5
"pelit amat ini yg punya aplikasi, mau ganti lagu yang kita mau aja udah ga bisa, musti premium biar bisa ganti lagu",1
"jd ,hti nSelamat datang di papan klip Gboard, teks apa pun yang Anda salin akan disimpan di sini.",5
Terima kasih banyak 🙏👍👍👍,5
"kok di aku mah gk bisa ada lirik ya sih tolong dong , tapi apk ya bagussss bgtttt 💓💓💓💓🎉🎉🎉🎉🎀🎀🎀🎀🙌🏻🙌🏻🙌🏻🙌🏻🙌🏻‼️‼️‼️‼️‼️‼️",4
sangat banyak lagu nya,5
"sngt bagusss sekali,apalagi kalo musik koleksinya bisa didengar secara offline terus,pasti tambah mantapp",5
very good i like it but why do i have to pay? i just want it free this is not what i expected i am disappointed.,3
baik,5
"apk pemutar lagu paling bagus menurut ku,, tinggal klik di pencarian dan langsung putar,,bisa juga dipakai dilatar belakang JD bisa sambil buka apk yg lain,,ada iklan,tp masih wajar saja",5
Tnks spotify musik sudah memberi yang terbaik bagi para pendengar musik tanah air semoga kedepan nya makin bagus lagi.... Salam pendengar musik..,5
sungguh bagus buat klian yg suka dengar musik di sportify,5
bagus,5
sangat bagus,5
iklan sia loba loba teuing atuh kehed,1
sangat jelek ada iklan nya,1
ok,5
bagus,5
rhtrhy jrjgorrht rumah,5
gatau ini cuma aku yg pernah ngalamin ato yg lain pernah juga tapi ad kyk bug gitu yg bikin musiknya ganti ganti terus dan ga ada suaranya tapi overall semuanya udah bagus dan lagunya juga lengkap sekian dan mohon diperbaikan:v,4
keren,5
kikir ih kebanyakan iklan,4
good,5
top,5
bagus kak,5
bagus,5
mantap,4
1 nya harus premium mls,4
lumayan,4
perfect apk,5
"lu maunya apa dah gw dah cape cape nyari lagu trus pas satu lagu dah kelar malah nyepam rekomendasi,ok lah kalo 1x setiap 3 lagu lah ini lu spam terus lagu yang gw taro di playlist sampe gk keputar,semiskin itu kalian sampe maksa beli premium",1
JUARA..,5
"Gudang lagu yang sangat lengkap, dan mudah untuk dicari. Mantap.",5
iklan nya kurangin please,4
BANYAK SAMPAH,1
sangat bagus dan berguna untuk menghibur hari,5
"lagu nya seru,aplikasinya juga bagussss",5
mantap sob di tunggu ya,5
the best,5
aplikasi keren.,5
"orang pake spotify download dr play store kok sering muncul ""ada yang salah""",1
ok,5
"Bagus, keren banget, iklan jangan terlalu banyak",4
sepotovav sanggat bagus,5
Suara & data serta info music yg bagus..,5
"woi ada bug, plyalist gw ilang gabisa diputer",2
mantap mantap saya suka apk ini 👍👍,5
lagu yang saya dengar sangat bagus sehingga hati saya tenang dan terasa sangat nyaman di dengar😍😄,3
bagus apknya,5
great app music,5
bagus,5
jelek sekaliii,5
whyyyyy spoti whyyyyyyy,1
KEREEEEEEENNNNNNNN 👍,5
nyaman,5
aplikasi Spotify music nya lengkap banget saya kasih bintang 5 yaa enak buat ngemusic galauu,5
sangat asik musiknya,5
bagus,5
bagus suaranya jernih tapi iklan nya kebanyakan,4
good,5
bagus,5
spotify memberikan kenyamanan bagi yg mendengarnya,5
ok,5
keren,5
the real the best nih apk tapi tolong yah jangan iklan mulu hhe kali-kali di turunin min harga Spotify premium nya jadi dua rebu wkwk becanda.. tapi Spotify the real the best sih,5
baik,5
"Kenapa sihh pas update terbaru ini playlist lagu saya suka hilang mulu??? Saya harap ada update terbaru, jangan update terus tapi masih ada bug!!. saya jadinya gak bisa dengerin musik gara-gara playlist lagu kesukaan saya hilang semua!!",2
"Spotify sekarang kemahalan sumpah, dulu aja enak loh waktu ada bonus Rp.800 tapi sekarang dihilangin ya sama yang premium semingguan sama hariannya",4
banyak lagu yang enak didengar biasanya buat nemenin aku saat mengerjakan pr sekolah,5
"lagu yang saya sukai, dan saya ikuti tidak bisa di putar padahal jaringan bagus",1
saya menyukai,3
raja mantap,5
bgs bgttt weh,5
bagus,5
kecewa gua😂,1
"bagus tapi jangan ada iklan biar penggunanya tidak terganggu lagi, kaya yang lagi kerja lembur kalo banyak iklan tambah geganggu atau stres trima kasih",5
sangat baek,5
bagus banget aku nyari semua lagu old ada di sini bisa nostalgia lagu lagu terdahulu,5
❤️‍🔥👌🫶🫦🤙,5
keren jg mudah di aplikasikan,4
bagus ..,5
bagus banget tapi kalau mau liat lirik itu hanya terbatas jadi bagi yang mau lihat jadi gabisa deh soalnya terbatss,4
habis di-update jelek banget babi. tampilan jumlah lagu yg diputar ga dimunculkan.,1
"beli premium duo,ngurusin addresnya trouble mulu gaje bgt...udah bayar masi kaya gini,hadehh",1
suara nya jelas Poko nya Spotify bagus banget buat denger lagu,5
sru aja si kata aku,3
Saya paling suka dari dulu aplikasi ini iklan nya pun tak bayak,5
ok,5
gapapa jelek aja,1
mantap,5
SAMPAHHHHHHHH,1
I LOVE U SPOTIFY aku gk bisa hidup tanpa muu❤️❤️❤️,5
"banyak sekali iklan, lirik sudah banyak yang ilang juga. jadi gak bisa nyanyi lagi, terus terlalu diskriminasi dengan pengguna gratisan. seandainya kalau ada uang aku juga akan beli tau gak!!!!. intinya aku kecewa",1
ga tau,1
apk ini bagus banget,5
👍,5
"suka error kalau ga update, aneh tolong diperbaikin, tau update buat lebih bagus, tapi masa harus error segala lagian update juga ga ada update gede²an cuma update biasa tiap minggu",1
top & terbaik👍,5
enak tapi terkadang harus premium dulu terus ditunggu beberapa hari baru deh seperti biasa,4
Kamu mau gak jadi pacar aku,5
"terima kasih admin sarah m yang sudah membantu saya refund. awalnya saya berlangganan paket 59.900 untuk 3 bulan, yang ternyata hanya untuk satu bulan. ketika chat admin, baru uang dapat dikembalikan",5
bagus banget,5
di aku banyak iklan nya tapi gapapa tetep bagus lengkap andd pokok nya baguss sipp👍🏻👍🏻,4
aku udah tau kisah gelap nya,1
Mantappp,5
TOP,5
cakep,5
josjis,5
bgus bet,5
iklannya nambah jadi 3 ☹️,3
"bug, suddenly stop playing",1
bagus,5
ok Bagus untuk.semua musik,5
"Good application but there is a small bug, sometimes when I want to open the application it takes a long time and then suddenly it goes straight in, please fix the bug",3
bagus banget,5
bagus buat denger musik,5
sangat bagus👍🏻👍🏻👍🏻👍🏻👍🏻👍🏻👍🏻💀,5
bagus,5
bagus banget bisa dengerin lagu apa aja,5
enak banget,5
bagus,4
terlalu bagus ah,5
APLIKASINYA BAGUS DAN KEREN BGT,5
bagus bngt,5
mantap,5
bla bla bla ble ble ble blu blu blu,5
subrek welino,5
bgus tpi sering ada iklan jdii biasa aja kalau ga ada iklan bakalan enakkk di denger tnpa gangguan,3
keren,5
b aja,5
saya sangat senang denger lagu kesaan saya disini,5
keren dan mantep,5
males karena ada iklannya,4
bagus banget lengkap lagi lagu nya,5
"the application is really good It's really good, you guys should download this application, it's really better than TikTok",5
isk,5
bagus,5
spotify iniiii sangatt seruuuu sya sangat sukaaa sekaliii kalo sy lagi apa sya pasti cariii lagi di spotify,5
ok banget,5
Niceee,5
"kok mode shuffle nya ngaco, kalau pilih lagu harusnya yg next nya beda, lah ini malah tetep sama",3
menyenang kan,5
aplikasi nya bagus sangat cocok di gunakan berbagai kalangan,5
good,5
bagus sekali,5
lagu nya banyak banget,5
kebanyakan iklan,1
mantap,5
apk ini sangat bagus,5
ga bisa login,1
sangat menhibur,5
⭐⭐⭐⭐⭐,5
ini membuat saya menjadi tenang saat bemain gema,5
kebanyakan iklan,1
SCAM PREM STUDENTS,4
"enak untuk mendengarkan musik,suara tidak putus putus",5
bagus,5
bagus,4
okeh mantap laguya pada enak,5
bisa nih buat galau🤡,4
Aku belum bisa sekarang aku kasi bintang tiga aja dulu ya kalo udah bisa aku kasi bintang lima ya okay bay bay,3
bagus banget dan apa saja yang aku mau pasti ada,5
BINTANG LIMA POKOKNYA SPOTify,5
"spotify banyakan iklan, orang ga mau premium di suruh premium, kebelet haji ya 😏",1
bagus,5
sangat bagus tapi ada sedikit gejala saat lagu sudah di putar seperti iklan iklan dan iklan,4
"ok,,,",5
lengkap banget,5
bagusss sekali 👌👌😍,5
baru coba,5
enak di dgr walaupun lg kdg gk sesuai yg kita mauh tp bgs gk prlu byr mksh☺😊,5
jadi enk pas dengerin lagu nya😌 tpi aku gk suka sama iklannya ngeganggu aja 😗,5
bagus,5
yok coll mantab bgt,5
bagusssssss,5
saya suka sekali,5
semoga masih bisa terus di dengerkan,5
aaaa aku suka bgt sama Spotify cinta bgt deh sama app yg satu ini🤭,5
cocok untuk galau🤭🤭,5
mantap,5
menarik,5
No disk,5
bagus untuk nyetel music,5
sangat membantu,5
5 bintang kerana sangat amatt bagus tau gaa kerana bagus nya apa aku bisa ngesadd🤫,5
"aplikasi nya bagus, layanan premium nya juga berfungsi sesuai. tapi kapan bisa seperti apple music, yg bisa menampilkan lyric saat terhubung android auto?",3
bagussss...,5
ini aku cuman mau bilang bagusih tapi pas aku hapus Spotify nya aku masuk kan lewat email jadi di suruh masukin password jadi ku masukin passwordnya tapi katanya pasword salah itu membuat aku jadi bingung kumasukkan sandi Email segala macam tapi tetap ngak bisa jadi tolong di perbaiki itu ngebuat aku ngak nyaman sekian terima kasih jangan lupa di perbaikin ya🙏,4
rusak ni apk gak biasa buat akun selalu terjadi masalah,1
terrr....,5
sangat bagussss,5
mantap...dan teruslah berkarya serta berinovasi,5
gw masuk spotify malah bacaan seperti nya ada yang salah coba lagi padahal jaringan gw gk lemot atau pun lag ah kecewa berat apa spotify,1
terlalu banyak iklan baru buka udah iklan baru mutar 1 lagu tapi dah iklan lagi... apa lagi iklanya 2 langsung benar benar buruk mau dengerin lagu dengan santai malah kebanyakan iklan 💩,1
aplikasinya bagus tapi banyak iklannya kalo bisa iklannya di hapus,5
gak suka,1
👍,5
"jujur ini aplikasi buat play musik terbagus sih, gratis lgi. tpi tolong hilangkan iklan nya.",5
bagus bangeeeeeeeeeeet,5
terlalu banyak syarat dalam menggunakan aplikasi apa2 harus bayar dan mau ganti lagu pun di batas cman 3 kli dan harus nunggu 6 jam,1
ok,5
mantap,5
baguss bangett 🫶🥰,5
bagus,5
the best pokoknya,5
bagus sekali komplit,5
bagus,5
"nng iklan saking ngemis e kpencet iklan e wae lngsung otomatis download apk sporty ne , jan blas gak ndue isin tnn",1
iklanya kebanyakan bagi yang ga premium,1
Memberikan fasilitas mendengarkan music dengan nyaman,5
Iklannya jelek bgt. Apaan tingklutek takting takletek *sfx gelas dibuat perkusi. Jelek dan mengganggu. Iklannya tambah ga jelas lg. Gua orang indo dikasih iklan bahasa eropa. Susah cari lagu dipencarian karena tidak bisa langsung dimainkan dan harus diputar acak dulu,1
lagu nya banyak dan enak didenger,5
good👍,5
good,5
nice aplikasi,5
bagus banget,5
bagus,5
update melulu,3
goodd,5
bagus,4
"aplikasi aneh, lagu sering terhenti sendiri....tolong segera di fix.",1
bagus,5
"iklannya kelamaan kebanyakan, isi premium juga ga besar keuntungannya.",1
ok,4
"bagus sih,, iklan nya juga g ganggu",5
keren,5
sangat cocok,5
"untuk sejauh ini dan selama ini oke"" aja,cukup puas juga,enak buat temen tidur,enak juga kalo lagi bosen,intinya i like spotify 😍😍💗🤸🏻‍♀️🏃🏻‍♀️",4
KURANG BANYAK IKLANNYA,5
bagus,5
SPOTIFY SELALU jadi aplikasi yang setiap hari pasti aku buka untuk semangat beraktifivitas dan mbalikin mood akuuu😘😘😘,5
keren MasyaAllah,5
"aplikasi nya baguss bngttt,gakk ngelag lagii enak bngt buat di pake pas lgi tdr ataupun lagii galauu",4
ga manusiawi lu bg. kecewa gw,1
Sepp,4
aku sangat senang aplikasi ini ada karna dia bukan cuman aplikasi dia juga teman bagi saya karna dia selalu ada di hidupku,5
iklannya 4 klo mao dengerin lagu setiap 2 lagu iklan 4,3
aplikasi luar biasa,5
"jangan hivi mulu plish, udah muak gw",1
bagus,5
"bagus, lengkap bngt",5
"serba harus premium,",1
musik nya enak dan lengkap,5
bagus gratis walaupun ada gangguan,5
suaranya bagus,5
Saya menyukai spotify karna banyak musik faforit saya,5
burik😹,1
mantap banget,5
bagus,5
"lama kelamaan di paksa harus pake premium,jadi terbatas denger musik nya,tapi bagus sih 3 bintang",3
seru sambil belajar,5
seru,5
aplikasih spotify enak banget dan seruu iklan ny gak banyk cmn dikitt doang durasinya palingan gak nyampe 20 detik. aplikasih ini mudah untuk di pahami dan mudah di gunakan.,5
aplikasi favorite,5
Disi gampang menemukan musik yang ku ingin hanya menulis lagu saja kalau tidak ingat judul Langsung dapet jadi gua saranin donglod,5
bagus sekali aplikasi nya,5
can listen to songs even though there is no wifi/quota fun poll,5
"pokoknya spotify is the best,pencarian lagunya sesuai dgn expectassy,,,",5
Spotify is good but there are a lot of ads please don't give ads but still use wifi,4
bagus banget lagunya sesuai yg kita mau dan bisa keluar dari aplikasi juga pokoknya bagus banget deh aku kasih nilai bintang 5,5
saya sangat suka banyak lagu bagus dan populer,5
sangat bagus,5
aplikasinya sangat membantu saat main game,5
aplikasi keren,5
spotify musik yg bagus untuk di download bagi pencinta musik.,5
lagu nya memperoleh bayak lagi ya seper ti tabola bale,5
bgus,5
suka bgttt😍,5
min tolong akunku udah bayar premium tapi di apk masih ada notif pembayaran anda sebelumnya gagal gimana ini min masa bayar lagi ?? bukti saya ada,3
"saat pertama kali masuk semuanya gelap tidak ada text dan tidak ada saran lagu, membuat muak dan emosi apalagi banyak bug seperti tidak bisa memutar lagu, tidak bisa login, tidak bisa mencari lagu, hadehh",1
berbagai jenis lagu nya bisa di pakai saat saya bermaim sesuatu imi sangatlah bagus untuk saya yang harus fokus saat bermain,5
okey..muantap,5
malas lah kalo ada Iklannya,3
👍🏻👍🏻👍🏻👍🏻👍🏻👍🏻,5
mati Matian melulu solusi...,2
mantap,5
iklan mulu anjrr,1
sangat bagus,5
lagu enak banget KLO ada sih VIP gratis aja gitu,5
bagus untuk mendengarkan lagu 🎶,5
wahhh bagus nih aplikasi buat ngedengerin musik,5
"Manteb, apa lagi saya suka denger musik kalo lagi bljr,tapi tolong dong, kasi diskon buat pelajar untuk premium nya",5
ini sangat cocok bagi saya😁,5
"aplikasi yg paling simpel menurut aku, tpi kalau boleh saran mungkin bisa di aktifkan lagi premium yg satu hari & 7 hari..",5
aneh bgt gua lagi setel musik terus mati sendiri. it's been one year dan masalahnya tetep sama. hmzzz,4
LOVE U😝😝😝😝,5
bagus.. tapi ada yang dikurangi seperti IKLAN tolong hilang itu aja plis. aku mau muter lagu bukan muter iklan,5
berguna baget,5
apps nya bagus dan semua lagu ada pokok nya kalian semua harus donlod appsini okeee 😻😻,5
saya sangat suka,5
baik,5
sangat bagus,5
lumayan lah buat dengerin lagu,4
Bagus,5
e s seeeeee r,4
bagus skli,5
bagus,5
sangat bagus 💝🥰🫵,5
"semua di batasi, minimal di suruh beli premium",1
"aplikasi kikir, apa apa bayar",1
apakah aplikasi ini iklan yang penu,3
"mudah untuk di akses, dan ori",5
mantap,5
bagusss...lagunya enak²hampir semua lagu kesukaan ku ada disini🤭🌷,5
okay,5
terlalu bnyak iklan jadi kurang suka lebih baik cari musik yang lain,1
matnep banget spotify,5
sangatt bagusss,5
bagus,4
"mantap memberikan sensasi dan fower, setiap dnger lagu di Spotify,",5
mantap,5
mantapppppppppp,5
Mantap,5
bagus lah,5
good enough,5
"bagus,spotify sering nemenin aku pas lagi sedih' nya lagu ngk juga bagus dn lengkap,pokok nya sesuka itu sama Spotify",4
malah ngedukung perang,1
pas gua nyari lagu tabola bale kan udah selesai pas gua mau ganti lagu buat mainff sebelum nya kan selesai setel lagu kan kalo udah kan ganti lagu pas gua mau bilangin lagu nya kok gabisa? jadikan gua bingung pas gua mau nyetel lagu ff nya kok gabisa ya? pliss kasih tau caranya:⁠-⁠),4
Bagus sekali apk ini saya sangat suka,5
muatap,5
bagus banget,5
bguss,5
"berbayar... kurang bagus... sudah paket di pakai, bayar lagi",2
bagus,5
tidak ada mini paket,1
iklan nya terlalu buanyak :(,3
baguss,5
sangat asikk,5
Enak banget Dengar lagunya 🥰🥰🥰,5
padhl jaringan ku bagus tapi gak bisa pencarian nya,1
menurut ku aplikasi Spotify itu bagus tapi kebanyakan premium nya masa 59.000? bisa di kurangi? soalnya mahal bagi saya.makasi,4
enak musik nyaa,5
baru 2 lagu udah iklan kalok mau di premium kan ngasi harga yang ngotak lah,2
"enak bgt kalo ngedenger lagi disinieeee omagaaa,kalo ga hafal tinggal liat ajaaa",5
pokoknya mah udah bagus bangettttttttt💓💓💓💓💯💯💯,5
best music app,5
good,5
aku pakai ke premium bukannya kualitas suaranya kencang jelas ini malah kecil banget padahal volume udah mentok maksimal pake speaker bluetooth jg masih kecil suaranya. dulu pake yg gk premium suaranya malah kenceng hmmmmm,3
good,5
ok lumayan bagus,5
"bagus bangett, aku suka sama apk ini. enak buat dengerin musik, bisa sambil apa aja. dan Alhamdulillah nya, aku ga pernah kalo lagi dengerin musik ada iklan nya. jadi suka dehh. memang sih, kalo buka apk nya baru banyak iklan nya, tapi cuman iklan gambar aja, kaya promosi, tapi iklan suara nya ga ada.",5
cuma ko lgu utk didgerin gk bisa lgsg urutan y...,5
Great,5
Nice app,5
2% dengarin musik 8% dengarin iklan,2
oke zone,5
mntap,5
lumayan tp iklan berderet,5
"makin lama nih aplikasi makin menjadi-jadi iklannya dulu 1 iklan terus 2 iklan sekarang 3 iklan, 1 iklannya memakan waktu 1 menit, lama lama juga 4 iklan",1
zionis,1
mantap,5
"kebanyakan iklan, gw pindah ke aplikasi sebelah aja",1
"tiap hari saya buka aplikasi ini,sangat bagus😘",5
keren,5
saya slalu dengar musik terbaru lwt Spotify apalagi sambil olah raga jalan pagi,5
kenapa pas login keluar,1
terlalu banyak iklan,1
bagus si,5
banyak iklannya,1
banyak iklan banget sekarang anjirt,2
"sangat bguss, jadi bisa mendengarkan musik tanpa speaker yg mahal",5
mantap pokonya,5
jos,5
Di coba dulu,4
nice,5
alasan Spotify makin banyak iklan karena untuk mendapat kan uang lebih banyak karena ceo Spotify berinvestasi ke Jerman buat dron untuk perang dan membunbun rakyat p4lestina,1
top,5
fine af,5
apk kikir dikit dikit iklan berlangganan perbulan mahal banget cuman untuk dengerin musik gajelas gw hapus aja lah ini apk,1
aplikasi nya sangat bagus untuk iklan juga ok gk bikin kaget tapi ada kekurangan nya tidak bisa maju mundur lagu nya selain itu udah ok semua untuk masalah algoritma joss dah saya dengerin lagu dj playlist nya dj semua terus saya dengerin lagu umamusume playlist nya umusume juga,5
awas😂,1
"enak bangett, lagi galau, lagi butterfly era, lagi kangen atau yg lainnya ttp enak bangett, lagunyaa full 👍🏻",5
jooss,5
mantap,5
mode offline sering bug,1
mantab,5
mantap.....tapi kalo ngasih iklan 1 aja lah gw mau make premium gak ada duit....tapi gacor,5
"Error tidak bisa beli premium, kecewa",1
gak bisa login Facebook tolol emang,1
lebih dari sekedar cukup semoga lebih sukses lagi!!,5
masa putar secara berurutan harus langganan? plislah awalnya pengen dengerin album favorit lagu berikutnya malah lagu yang lain malah jadi gaa mood pengennya dengeren di spotify buat naikin mood malh di buat gaa mood dengan adanya putar ber-urutan di jadikan langganan👎👎. maaf aku kasih bintang satu,1
mantap,5
"over all baguss sii, cuma saran aku si iklannya jangan terlalu banyak. itu aja si",5
"dengar lagu sesuai apa yg kita inginkan, tapi sayang susah terbuka free jika habis masa premium",5
Aplikasi ini sungguh2 saya sukai karena kamu sangat baik,5
taeh taeh,5
tolong dimurahin dikit,2
"aplikasi kikir, dikit dikit nyuruh premium",1
"tolong paket harian munculin masa udah ngeplaylist, paket udah habis mulai nya ngacak",4
😠😠😠😠😠😠😠,1
"bagus bgt,lengkap lagi,love you🤗",5
gk ke dlu lgi !!!,1
good,5
ya membuat saya tenang jika ingin galau sangat luar biasa,5
KEBANYAKAN IKLAN NIH AH ELAH,5
terlalu banyakniklam,5
"bagus sih,tapi banyak banget iklannya untuk yang free jadi tolong dikurangi iklannya ,hanya saran kalo banyak iklan jadi saat dengar lagu jadi tidak nyaman jadi moohonn sekali untuk kurangi iklan🙏",4
ok semuanya,5
good,5
aplikasi bodo,1
bagusss,5
bagus aplikasi nya,5
ngelag yg di stel lagu apa yg muncul lagu pica-pica huuuu,3
"apk nya bagus lagu nya juga lengkap dan saya gak mempermasalahkan iklan nya karena saya juga make yg free tapi yang bikin bete tuh pas lagi muter lagu dan buka apk lain lagunya malah ke pouse sendiri padahal sudah di update, jadi tolong diperbaiki atmin🙏",2
"apa apa di premiumin kek sekarang mau ganti lagu aja harus prem, sumpah ini aplikasi musik terkikir ogah dah gw pake lagi",2
bagus,1
"saya sadar pakai yg free pasti ada iklan tapi ini tiap ganti lagu (1 kali) itu iklan, iklannya berlebihan jadinya gabsia menikmati lagu",3
WENAKK WENAKSS,5
banyak iklan setelah itu iklan nya maksa lagi agar kita dapat beli Spotify premium,1
God jabb😙,5
"hampir semua musik, mantap",5
bagaimana cara aku mengulang lagu di versi sekarang,1
jelek aku gak akan mau instal lagi setres kerjain skripsi + lagi datang bulan malah lagunya terbatas dan harus bayar premium,1
aku sukaaaaaa,5
bagus,5
"musik yang bagus ,tapi tambahkan juga lirik nya ,rata rata lirik nya ga ada",5
awesome,5
gasss poll,5
bagus,5
𝗯𝗮𝗴𝘂𝘀𝘀𝘀 𝗯𝗻𝗴𝘁 𝗿𝗲𝗰𝗼𝗺𝗲𝗻𝗱𝗲𝗱,5
enak,5
sebenernya aplikasi ini bagus tapi semua orang yang berlangganan pasti merasa di khianati karena uang langganannya di gunakan untuk senjata pembunuhan. MIRIS,1
join spotify skarang ya. di jamin gx kan nyesel🥰🥰,5
teman setia dikala sendiri,5
bagusss,5
makin update makin ga jelas,1
perlu penambaham fitur equalizer untuk mengatur bass & treble,3
sangat bagus untuk menderngarkan musik,5
Lagunya Lengkap Dan Asik Banget,5
bagus teman di kala sendiri,5
I like the k-pop songs and it's complete I hope there will be more k-pop albums,5
katanya gak ada iklan tapi didalamnya ada iklan,1
"kalau dr segi apa"" udh bagus banget, bikin playlist ga susah, nyari lagu dari lirik dll, tapi sbg pengguna gratisan (free) itu ada beberapa hal yg mnurutku ngeselin gt. 1. iklan tiap kali mau gnti lagu, tapi iklannya itu bnrn muncul pas mw ganti lagu, maksudku kita hbis selesai ngedengerin lagu kepncet lagu ini padhal mau lagu yg lain, trs pas mw klik lagu yg baru malah iklan lagi, ga dijadwalkan sesuai waktu. 2. APA APAAN BATASAN PEMUTARAN LAGU ITU?? PERASAAN DULU GA DIBATASIN.. APA APA PREMIUM",3
"apa apa premium, iklan 2 gabisa di skip, milih lagu aja harus premium pake batasan segala, ni aplikasi nyiksa bgt sih buat yang gratisan",1
jos,5
"burik, ga bisa diskip sekalinya bisa skip malah langsung ke skip 2 musik ajg",1
bagus,1
good,5
sangat menghibur banget dah pokoknya.mantap,5
woww,5
spotify luar biasa,4
bagus semua lagu ada,5
keren buat menemani di semua kegiatan,5
kenapa kalau email atau sandi saya sudah benar tapi Tidak dapat masuk?? kenapa ya,2
tolong inimah online kenapa harus premium dulu,4
Bagus Banget Apk Nya Aku Reting 4 bintang,4
aplikasi nya sangat bagus untuk mendengarkan musik untuk ngesad,5
apk nya bagus,5
asyik bsa musikan sambil chatingan tanpa keganggu,5
mantap wak,5
"bagus buat nyalain lagu mala,Scott and zelda,dll buat main pollybuz..itu combi apk yang seru sih no debat,,ytta😹😹",5
makasih sudah buat kan aplikasi ini🥺🥺🥺,5
good,5
memang anjj ini apk 😊😊 byk iklan dan lagi acak dan GK enak didenger memang anjj mending GK udah pake premium mending free aja bgst tolol spotrify anjj😊😊👊👊,1
mntp sekali,5
keren,5
bgus mksi,5
top,5
100 persen suka karena kalo lagi kesepian atau galau pasti dengerin lagu lagu,5
bagus,5
bagus,5
wow,5
mantap,5
suka bangett tapi kadang ada iklan yaa tapi gapapa,5
dasar pembela teroris,1
tolong jangan baja apikasa ini,2
lebih good,5
Gapa,5
sporty ini Sangat seru dan banyak lagu vira dan lagu lainnya saya suka sama spotify ini tapi spotify ini online andai saja spotify ini offline jadi saya kasih lima bintang tapi saya suka karna ada lagu favorit saya meski pun ini online saya tetep suka sama spotify ini terimakasih karna udaahhh bikin buat lagu apa saja,4
mantap bisa main ml sambil sad,5
"karena kesalahan kecil untuk menggeser audio, malah otomatis aktif Smart Shuffle yang membuat ada musik lain yang diputar dalam playlist. untuk menonaktifkan nya pulak harus premium bjir bad mod ada iklan maruk lebih kikir dari Gaji**.",2
CEO ny gblok,1
kalau mau mutar lagu fav berkali² harus preium dulu,2
joozzz,5
lagunya sangat cantik dan menarik bagi saya,5
keren...,5
bagus banget,5
bagus cocok buat lagi main game,5
best apk for music,5
enak terhibur selalu dengan adanya Spotify hebat mantap,5
makin kesini lebih banyak dengerin iklannya dibanding denger musik. baru play 1 musik langsung dikasih 3 iklan,1
sumpah aplikasi ini sangat bagus untuk di gunakan dengar lagu sumpah woi sangat bagus nda rugi silahkan download aplikasi ini,5
baguss enak tapi susah nyari love nya sekarang di hilangin kayak nya,5
bagus,5
bagus kok,4
top markotop,5
top markotop,5
bagus banget untuk pake tidur,5
lagu nya asik banget,5
"aplikasi nya bagus, walaupun lagi nya kurang lengkap",5
"Ini kenapa ya? Padahal dulu pas dipakai dengerin lagu pakai bluetooth bisa-bisa aja, apa bukan karna bluetooth nya ya? Aku baru nyetel lagu pakai earphone, lagunya langsung berhenti dan hilang?? Itu bug sementara atau apa? aku lihat-lihat di ratingnya gak ada masalah kaya aku, apa cuman aku doang? Ini Spotify nya yang bermasalah atau aku ya Ini ngganggu banget sumpah, aku jadi gak mood lagi dengerin lagu. Kalau ini bug, tolong secepatnya diperbaiki, ini bisa ngeganggu kenyamanan penggunanya.",3
aplikasi yang bagus untuk ngesad,5
bagus tpi minusnya cuman iklannya banyak aja sih,4
bagus,5
aplikasi nya sangat bagus,5
ok,5
keren,5
sangat bagus. hanya tidak selengkap youtube music,5
momen yg sangat pas saat saya bersama cewe saya terputar lagu sempurna,5
asik music gratis kualitas good,5
bagus,5
oke di debgerin sambil leyeh,5
astaghfiruwloh ini emang yah yang buat ini mantap banget deh ini mah lebih dari kata bagus aku kasi bintang 5,5
keren 😍👍👍,5
ini bagus,5
Bagus banget bisanya itu kalo music bisa nya itu cuma di aplikasi nya tapi ini ngk bagus banget,5
pandang pertama kenal sportify langsung jatuh cinta luvv,5
Luar biasa...Spotify pilihan terbaik 💥💥💥,5
"dulu emang bgus tapi kesini""ga bisa milih lgu yg pngen diputar dsar apk gaje",1
tolong ada fitur yang bisa buat offline,1
sangat menyenangkan sekali karena aplikasi ini dapat menemani saya di berbagai aktivitas😊,5
kalau sudah bisa pembelian premium pakai akun dana saya kasih bintang lima,2
ok,5
"mau bayar premium yg promo (59k selama 3 bulan) tapi ga bisa ""tidak dapat terhubung"" TOLONG PERBAIKI JIKA NIAT NGASIH PROMO",1
seru denger nya kaya gimana gitu,5
seru,5
sangat bagus² lagunya jadi pengen denger selama -lama nya,5
"seru banget, semenjak kenal Spotify jadi ke tagihan denger musik di Spotify",5
bagus,5
Alhamdulillah wasyukurillah bisa menikmati musik klasik dan religi gratis dan mudah. Terimakasih kasih dan love buat Spotify,5
keren,5
sangat baik mendengar lagu lagu di waktu santai,5
Terbaik,5
membuat hati tenang dan bernostalgia dengan lagu2 terbaik,5
keren,5
saya mau berlangganan premium 3 bulan via gopay tapi kok gabisa ya? saldo saya cukup dan selalu terjadi eror saat udah mau bayar,1
bagus lagi lengkap..free kurangin iklan..hehehe,5
wow,5
😊👍🏻,4
king Farhan,5
bagus,5
þ³ruźure2 45r6rźeŕ7ezrrrrrrrew7rrrruurz,3
"TT d dr rumah , tddszzs ada RSsse SE wsa wa ss rasa Ra d",4
"semoga aja bisa free downld, rate kasi 3 bintang aja dlu",3
Mantap musiknya,5
apk paling the best,5
"sekarang lagu yang sering disetel giliran dipencet malah lagu lain yang disetel, harus banget premium",1
sangat bagus,3
iklannyaa terlalu banyak kalo bole sih dikuranginn dkit😁,3
sesuai namanya sportitif,5
"pt 1. Gw beli paket premium 3 bulan, tapi kenapa di pemakaian 1 bulan malah sudah habis? scam kah? gw jelas merasa terugikan, karena gw yakin di awal gw beli premium 3 bulan, bukan premium individual 1 bulan, kalau sampai ini ngga selesai, bakal gw rating 1 terus. pt 2. Gw dah coba hubungi cs, ada yang bilang duid bakal di refund, BOHONG BANGET, ga balik duid gw, palingan itu yang rating juga orang²an spotify. Menghubungi cs juga ga membuahkan hasil, gw sebagai pengguna kecewa kalo begini",1
suka vqgus sekali,5
"susah login pake akun yang sudah ada, kode sms nya gak masuk masuk menggunakan nomor tsell",1
Enak di dengar,5
menyenangkan,5
ok sip,5
top,5
ok mantap,5
aplikasi kntl dng0,1
bagus,5
yahh ane kira kalo udh di download bisa dengerin offline trnyta ga bsa😢,4
STOP WARR!!!!,1
3 Lagu 3 Iklan 3 Bintang,3
tidak bisa di unduh dan tibak bisa di putar pas lagi offline,3
banyak teing iklan eh asli,4
plis nama pengguna bikin bisa di edit biar login gampang,4
"sering stuck waktu mau putar lagu, tulisannya kamu bisa menikmati lagu ini setelah iklan, tappi iklannya gamau muncul, udah dicoba berkali kali ditunggu berkali kali sama aja padahal jaringan ga ada masalah, udah coba uninstall sempet bisa akhirnya gitu lagi",1
mantap aku kasih rating 49/51,5
lagu nyaa asik asikk semuaa cuyyy,5
bagus,5
ini bagus dan lumayan tapi kurangin donk iklan nya tolong ya semoga di jawab,5
"spotify saya rusak tidak bisa mengunakan wifi sudah mencoba berbagai hal, hanya bisa menggunakan data seluler",1
Mantap,5
"makin pelit, 2 lagu iklan. bosen dengerin iklan yg itu"" terus. mana iklannya garing.",1
bagus,5
ok,5
"WOI SPOTYFY MAKIN KESINI MAKIN PELIT, 1 HARI BATAS LAGU NYA SKRG DI GW BS SAMPE 5LAGU DOANG. YOU BEGGING ME SO MUCH TO GET PREMIUM. IKLAN NYA BANYAK BGT DI GW AMPE SEKALI 3/5 IKLAN. SARAN AKU GANTI IKLAN NYA PAKE IKLAN LAGU ORANG LAJN DARIPADA ISI IKLAN NYA YANG BIKIN KESEL TERIAK TERIAK GAKJELAS.",2
bagus banget apa lagi lagu ujung jalan,5
Aplikasi ini sangat bagus sekali...,5
bagus apalagi saat Waktu luang dan paket datanya nggak boros,5
enak kalauau main jadi asik,5
Bug,3
"mode souffle yang hanya merepotkan pendengar saja, mau dengerin lagu fun malah tambah bad mood.",1
"aplikasi yang paling berguna,apalagi kalo dipake waktu belajar",5
good luck ya,5
MANTAPPP KAKA,5
good job,5
mantap,5
bagus,5
gk bisa login pke facebook,1
lagu nya bayak dan seru didengar,5
"lumayan membuat saya terhibur, apalagi saat latihan fisik",5
"BANYAK IKLAN WOI, perasaan dulu ga se-rajin itu dah muncul iklannya",1
good,5
Makin sering dengerin semakin sering iklan nya .....jd pngn uninstall aja ni aplikasi,1
Sportify semakin didepan 🤣👍,5
aplikasi yg menyenangkan,5
saya suka namun banyak iklan hanya karena belum premium,4
👍😁,5
aplikasi nya bagus tp kok di aku lirik nya ga keluar ya??,5
bagus banget demi ungker 😭,5
bagusss sangat bagus,5
saya sangat suka,5
Masih banyak bug saat update ke premium terutama kalau dari google play store,1
Tanpa Basa Basi..........,5
lagu yang baru jarang ada ya,5
ok..lah,5
bagus,5
perfek,5
mantab..koleksi makin banyak..,5
seru aja sihh,5
ckp tau.,1
ini banyak iklan nya,1
gacorrr,5
aplikasi anj,1
aplikasi ini sangatt baguss sekali,5
ahgajelas ga bisa masuk😡👎,1
"jelek, bnyak iklan, maksa bgt, apk eek, pro isriwil",1
pemakaiannya mudah. buat pilihan premium juga banyak. cuma untuk lahu baru belum ada subtitlenya. Semoga pembuatan subtitlenya dipercepat,5
bagus soptify buat dengerin lagu good job♥️,5
saya suka lagu2 kenanga,1
asyikkkk,5
kenapa saya kasih bintang 4 karna pas saya ngedit playlist saya malah GK ke simpen aneh banget padahal apk nya gda update tolong banget nih trus udh coba tutup buka apk pun masih sama g kesimpen tolong di benerin sih itu aja trs tambahin fitur buat ngedit playlist misal nih lagu favorit ada di paling bawah suka mls nyari nya jadi tinggal di ketik trs tinggal taruh di paling atas sekian dari saya semoga di bales sama developer nya,4
jelek banget malah jadi kek gitu spotify nya,1
"memberikan banyak lagu menyenangkan,aku duka itu!!",5
mengapa di beberapa lagu tidak ada lirik nya?,3
tambahkan lagu daerahnya terutama lagu melayu deli,5
btull,5
ini nya jelek masa guamau ambil nyanyi jujur kurasakan pura laalasan malah nyanyi Du bawah nya yang bunyi😞🤮🤮🤮🤮👿👿👿👿👿👿👿👿👿,2
beruntung Banget saya mendownload aplikasi ini,5
Mantap,5
bgusssss skliiii💗😚,5
bagus enak di dengar,4
app in angkat bangus murahh lagii,5
ini sangat mantap,5
Zionis,1
Sudah waktunya untuk uninstall selamanya atau sekalian hapus akun.,1
sangat baikk,5
bagus dan sopan2 tp sayang wkt buat tlp hny 10 mnit doang,5
"from app: rupiyo,,, but not reward",1
bagus bisa di download jadi walau GK ada kuota bisa dengerin lagu kesukaan deh,5
"suka sekali,,,tidak banyak iklan",5
cuih najis,1
bagus banget,5
bagus poll,5
"semakin buruk, setiap kali saya mendengarkan lagu pasti batasannya 3 jam, saya sudah melakukan hal yg sudah di sarankan dan tetap saja bahkan menjadi lebih sebentar barusan saya mencoba mendengarkan lagu baru sampai pertengahan lagu, lagunya sudah langsung stuck jika ingin lancar mendengarkan lagu saya perlu membuka semua playlist yh saya sukai.. itu cukup merepotkan apalagi untuk orang yg memiliki banyak aktivitas, mohon di perbaiki.. saya suka apk ini tapi dengan Bug ini saya jadi tak puas..",1
cocok sama saya aplikasinya,5
"aplikasi paling sampah apa apa harus bayar, yang punya presiden pungli",1
mantap,5
jujur aplikasi ini mantep bet,5
ADA LAGU FAVORIT SAYA DI APLIKASI INI,5
bagus dan,5
asik,4
pro,5
"bagussssssss bgttttttt, cocokkkk buatttttt kaliannnn yang sukaaaa galauuuu🤙🏻👍🏻",5
jelek,1
bagus lagu nya,5
saya kurang suka iklan ny manggagu banget tapi saya suka banget lagu yang ada di spotify enak banget di dengar,4
aplikasinya emang bagus sih tapi yang bikin ngeselin pas ada iklan tapi wajar kalo ada iklan masalahnya kan emang gratis daripada suruh bayar mendingan ada iklan daripada suruh bayar,5
ini bagus bagi saya,4
Sangat menghibur.. suka,5
sumpah! cocokk bgtt di akuu!!!😍😍,5
lagu nya lengkapp,5
akuu sangat sukaa aplikasi laguu inii lopyuu deh🥳,5
musiknya bagus bagus aku suka Spotify,5
coba aka bisa untuk nonton bokeb,5
"Aplikasi nya sudah bagus tetapi masih banyak iklan yang mengganggu,dan kalo di putar musik ny tidak bisa di ulangin saat keluar aplikasi, separuh juga bayar...",5
"sejauh ini, belum ada kendala dalam menggunakan aplikasi nya ..",5
bagus,5
aplikasi yang sangat bagusss,5
"keren seruuu. Saya biasanya gak menulis ulasan. kalau saya menulis, antara aplikasinya jelek/mengecewakan atau bagus banget dan sangat useful.",5
semua genre lagu ada all may favorite song a complet in here,5
bagus,5
mantab,5
good😁,5
top bgt,5
vamos,5
cukup bagus untuk mendengarkan musik sambil santai di waktu luang,4
"bagus bangt kak, TPI saya saranin bisa mode offline nya biar makin the best",5
komplit lagunya dan pilihannya cuma iklannya agak bnyk,5
kurang banyak min IKLANNYA!! ditambah aja 20 iklan setiap 2/3 lagu biar makin menyala.,1
mantab dan lengkap,5
buka aplikasi lain tetap bisa,5
bagusss,5
gak bisa masuk,2
bagus,5
bagus,5
"Spotify udh bagus banget, tapi saya mohon bgt bgt bgt untuk update versi bagian pembayaran, saya mau beli premium tapi mau pake cara paling mudah, waktu itu saya tawarin ke KK saya dia gk punya dan gk ngerti sama metode pembayaran lainya, jadi untuk mempermudah coba tambahkan sistem pembayaran mengunakan Kode Barcode, tolong yaaa, ah klo ada aku bakal beli dengan mudah dan aku akan tawarin ke org2 di kampuang halamanku biar mereka merasakan aplikasi ini begitu bagus. kloudh, aku perbaiki rating",3
bagus,5
pertahankan performanya,5
okey bagus,5
keren,5
mantap ok banget,4
good music aplication,5
lagu nya bagus bagus bgt,5
ok,5
yang mau sportify nya premium follow,5
bagus sekali💐,5
lagunya bagus dan mantap,5
Saya suka aplikasinya,4
well,5
musik nya sangat enak di denger terus kalo kita lupa nama judul tinggal lirik aja beres gampang kan,5
"udah naik malah bnyak iklan,, harusnya bintang 0 sih",1
bisa menghibur dan piturnya mudah sulses untuk spotify,5
mantap,5
banyak pilihan musik,5
"kamu pendukung negara pembunuh, bintang satu untuk anda, maaf saya harus hapus aplikasi sampah",1
ok bgt,5
sangat baguss pokoknya aku seneng pakek spotify music😍,5
ga bisa download,1
very niceee 😍,5
Bagus..Bagus Lagi Jikalau Gratis. .;! 🤣🤣🤣,5
Bagus sekali,5
"siapa yg buat apk ini plis? ILOVE U BGT DEMI UNGKER🤍🤍🤍 gua cinta bgt ama spotify ini. krna gua kan suka denger lagu klo lagi ngerjain sesuatu gtu kan, intinya cinta spotify🤍🤍😝👈🤟",5
aplikasi tidak bisa di install,1
kumpulan lagunya sungguh banyak dan puas,5
kok sekarang iklan nya semakin banyak? tolong kembalikan seperti dahulu,2
bagus banget aku jadi bisa dengerin lagu sambil masak 🗿🗿,5
mbois bngttt,5
IKLAN MU ITU COK,1
aplikasi udah mulai susah,1
mantabb,5
Ok,3
merupakan apk yang bagus tapi sayangnya tidak hampir semua lagu ada,4
"sering ganti"" lagu sendiri",3
memuaskan,5
"gada lagu ""ginga no uta"" , pdhl itu lagu kesukaan ku",1
kenapa tidak ada laguu ginga no uta pantekk emangg,1
Plis buatin jadi ada automix nya dong plissssssss,5
baik,5
mantap jiwa,5
jangan banyak iklan nya ya,5
rekomendasi aplikasi musik paling bagus dan paling lengkap,5
selalu banyak iklan bagi pelajar yg tidak punya uang,4
🤘🏻🔥,5
knpa lagunya ngak ada lirik,1
ok,5
gajelas,1
bagus bangett,5
anjay lengkap 😆🥳😆😆😆😆,5
aplikasi the best kalau soal lagu,5
GK bisa masuk ke spotifi nya,1
Lop lop buat Spotify✨✨✨✨✨🥇🥇,5
bagus 🌟🌟,5
bagus sih cuman kadang sebal seringan iklan,4
kurang bGus kenapa harus premium baru tidak ada iklan nya.kalau unutk bernyanyi atau pun dengar musik enak shi tapi sering terganggu karna iklan,4
"ribet banyak yg premium,download musik premium,mutar lagu juga gak bebas harus premium,mau ngulang lagu ke depan atau belakang juga harus premium🤗🙄 Tapi iklan nya oke gak terlalu banyak/sering muncul. lagunya banyak mulai dari yg populer/sering diputar sampai yg gak/kurang populer juga ada 👍 ada liriknya meskipun gak semua lagu ada.🥲 informasi sang band/penyangi juga ada🤗 rekomendasi lagu juga ada😌🤩 intinya apk ini tuh 😐🙄🥲👎 😌😄🥰👍 gitu..",4
karena menghilangkan rasa stress dan beban beban fikiran,5
karena setiap buka atau putar lagu di spotify akan ada uang yang masuk ke rekening barcelona,5
Spotify ini bagus bet dah gw aja enak dengerin lagu nya sumpah enak bet walaupun kadang gw GK tau nama lagu yg pengen gw dengerin sih🗿,5
bagus untuk dengar musik,5
seru tidak ada iklan,5
"sukakk bangedddd,lucuu ,jadi bisa dengerin musik sambil maen Roblox",5
"okyy lah, iklan juga engg sering muncul walau aku belum prem sih, ini oky sih buat dengerin lagu trs juga ini lagu dlam spotify bisa buat di alarm jugaa! jadi kalian bisa bangun sambil dengerin musik yg kalian suka!! INI SARAN AKU BANGETT TAUUU, DOWLOAD YA!! -SALAM GOYENG DAN GOYENG SELALU SPOTIFY- 👾🤭",5
👍🏻👍🏻👍🏻👍🏻,5
Spotify kerenn,5
mantap buat dengerin semua musik ada,5
sangat bagus tapi saya tidak suka dengan iklan yg terus menerus di tunjukan saya ingin iklan itu dihilangkan jangan seperti capcut,4
bagus,5
aku suka aplikasi ini.... lagi galau sangat cocok untuk ku🙂,5
👌,5
"sangat cocok jika sedang belajar, olahraga, dll",5
"sangat membantu,",5
baguss,5
karena masih berbayar saya nilai bintang 2,2
tidak berguna kyk sampah,1
gimana ya apk bagus tp trllu byk iklan dan iklannya lama sementara kita dengar musik mau mnenangkan suasana hati..jgn apa² hrs premium,3
bagus sih cuma kalo mau daftar akun agak ribet...tapi bagus kok👍🏻,4
"halo spotify aku membuat keluhan ini kenapa pas aku mau login akun malah katanya terjadi kesalahan coba lagi, mohon di jawab",1
aku suka banget sama Spotify tapi males nya harus ada iklan nya,5
"""lagu dirilis ini tidak tersedia"" gak bisa diputar musiknya..",1
bug suara,3
udah terkenal langsung kikir,1
bagus,5
bagus sekali apl ini juga banyak music disini,5
"saya sudah lama menggunakan aplikasi ini,dan bagus aplikasi.saran saya: tolong dikembalikan seperti dulu aplikasi ini untuk mendengarkan musik tanpa batas dan tanpa bayaran,tapi sekarang dengar musik nya terbatas dan harus bayar agar bisa melanjutkan mendengarkan musiknya.terimakasih",5
bagus,5
the best,5
sangat bagus untuk diriku yg suka dengerin lagu,5
nambah mahal 🥲,2
mudah digunakan dan musik-musiknya berkualitas,5
"bagus, cuma ada iklan😑",4
hm bagus,5
baguss,5
bagus bgt iklan nya sering muncul yang aku suka walaupun agak lemot tapi aku suka banget 💖,5
like👌,5
semua musik nya bagus 👍👍👍👍👍,5
Fauzan,5
"Bayar pake dana ribetnya minta ampun dah, mending apple music ga ruwet kaya ini",2
👍👍👍,5
bagus ajasih,5
full lagunya dong jadi seru,5
kadang ada lagu tabola bale aku suka,5
Bagus.,5
spotify ini sangat bagus yang saya cari cari semua ada di sini,5
bagus tapi sedikit mengagu ada iklan,4
karna sangat enak,5
bagus banget,5
kebanyakan iklan,4
wooooooow,5
"Apk nya aku suka tapi banyak bug, udah bbrp kali ganti akun masih aja nge lag. Lagunya gaada lirik, sering ganti sendiri, dan yang paling parah gak bisa muter lagu sedikitpun di akun yang sekarang, kalo lagunya gak berhenti ya keganti terus. Padahal aku suka banget sm musik, tolong di perbaiki apk nya",2
bagus,5
"bagus, meski ga harus update terus, masi bisa di pake kapan pun, meski banyak iklan, ya gapapa lahh",5
"sayang nya g bsa d pke klo pas lg offline skrg, jd ni bsa nya d pke cuman pas online ja.. jd g seru deh",3
terlalu banyak iklan jadi saya kasih empat bintang aja,4
"free free plstine, stop the investment in defense startup Helsing",1
sangat bagus sekali,4
baguss,5
aplikasi ini sangat bagus 👏👏👏,5
lagu nya enak di dengar,5
awesome,5
mantap,5
gak ada yang bagus,4
banyak pilihan musik yang menarik,5
good,5
iklan yg sengat mengganggu apalagi iklan sering muncul 2x dalam 2-3 lagu!!,3
boikot,1
bagus sekali apik kasi ini cocok bagi yg mau cari lagu,4
Bugtify,3
lagu nya indah dan bagus aku harap bisa berkembang lebih banyak lagi karya² lagunya,5
luar biasa,5
cukup tau,1
enak banget music nya poko nya kalo mau dj atau lagu pake apk ini aja,5
😍😍,5
"SUMPAHH BAGUS BAGUSS BANGETTT PLAYLIST - PLAYLIST LAGUU NYAA , APL NYAA GA TERLALUU BANYAKK IKLAANN , JADI SEMUA WAJIB PUNYA SIII GAYCC",5
Can't even pick the selected song as it has limit per day without premium.,1
bagus banget dan jelas banget suarany,5
spotify aplikasi yg keren 👍👍👍👍👍👍,5
bagus sih isinya lagu2 up date kesukaan saya. cuma kalo boleh usul hilangkan sajalah program premium biarkan kami para pelanggan ini benar2 free dalam mendengarkan lagu kalian. dan toh kalo dibilang gratis juga gak karena kepotong kuota,5
asikk bgtt,5
bagus untuk mendengar musik,5
terlalu banyak iklan,1
kualitasnya musiknya jos,5
keren bangett,5
ok,5
lirik tdk bisa ditampilkan,4
"semenjak update, sistem smart shuffle sama sekali tidak memuaskan, karena untuk apa saya membuat playlist lagu yang saya mau dengar tetapi smart shuffle malah memutar lagu2 yang diluar playlist terus? bahkan saya kesulitan untuk dapat mendengarkan lagu dari playlist yang saya sudah buat",1
Aplikasinya mantap bangat,5
"aplikasi gembel banyak iklannya, !!!",1
bagus,5
bagus tapi banyak iklannya,5
good,5
"Bagus sih, cuman kalau pakenya spotify free yg gk berbayar tuh banyak iklannya, trus kadang suka loding juga padahal data gw juga masih banyak, jadi pliss untuk spotify tolong kurangin iklannya karna kita pengguna juga kadang suka kesal, gk semua harus serba bayar gk sih? : \",5
Suka,5
harga paket premium semakin naik tapi suara malah cempreng 👎🏻,1
jelek,1
"PAYAH , MAU BAYAR BUAT TAGIHAN AJA SUSAH BENER , ENTAH EROR LAH , ENTAH NUNGGU LAMA LAH !!!",1
oke,5
tidak dapat di upgrade,1
keren,5
"aplikasi yg keren, sangat membantu mendengarkan musik berkualitas",5
mantap lagunya lengkap banget👍👍👍👍👍,5
good,5
"Spotify sangat seru buat dipake saat belajar atau galau hehehehe, tapi iklannya mulu",5
tanpa iklan sangat menyenangkan,5
perfect lah pokonya,5
keren!,5
aplikasi bosok,1
like,5
"Sampai saat ini cukup puas dg acara² yg disajikan baik itu berupa lagu² atau lainnya, sering adakan promosi pada event² tertentu agar lebih semangat mengikuti spotify, semoga lebih maju & sukses kedepannya🙏❤️",5
bad,1
"lumayan, butt.. kurang suka ajaa gitu iklannya itu itu terus yang di puter + playlist nyaa aneh gaa nyimpen lagu ke playlist malah ke puter sendiri. . . tapi ttp bagus kokk 🤭🤭",4
god job,5
bagus sih tapi gak ada lagu burung merpati,5
mantap joos,5
good,5
ok,5
bagus,5
asiik,5
aplikasi nya bagus sekali 👍👍,5
aplikasi nya cukup bagus tapi ada iklan iklan nya yang sangat mengganggu,4
"aplikasi nya bagus namun saya ingin meminta kepada sang pembuat APK INI AGAR IKLAN NYA DI PERISINGKAT karena terkadang ketika iklan bisa memakan 5 menit dan itu sangat menggangu dan biasa nya bakal muncul kembali setelah 6 lagu, dan itu bisa sangat merusak mood seseorang, dan bila kalian bertanya kenapa tidak membeli ""Spotify premium"" karena saya miskin dan saya tidak punya uang untuk membeli premium, mungkin kalian berpikir 20.000 itu sedikit namun di tempat kamu 20.000 sangat berharga,",1
lengkap komplit,5
butut jangan bikinn aplikasi lagi,1
Spotify ini bisa membantu saya dengar mendengarkan musik bisa juga secara ofline,5
bagus,5
"MINNN, MASA PREMIUM STUDENT BUAT MAHASISWA DOANGG, KAMI ANAK S2 (SMP, SMA) JUGAA MAUU😔(adain yg budget pelajar lahh minn)",5
terbaik,5
"Pelit, lagu koq 1/2 , aplikasi mcm apa ini......!!!!! gak seru, dikit2 iklan, dikit2 iklan...",1
baguss,5
where is the humanity?,1
"kebanyakan iklan padahal pake mode online,kt bayar bos pake data g usah kebanyakan iklan nanti byak orang Laen lari ke aplikasi Laen kapok",3
"gamau protes apa"", cuma pengen adain fitur dm sekarang juga 😞😞 aku galau banget, kangen orang gabisa ngechat dari mana"", adanya cuma akun dia di spotify tpi gabisa di chat juga sama aja buat apa akunnya dia 😞😞😞",4
"aplikasi nya jelek, banyak virus, pas di buka pun banyak iklan,",5
ok,5
sangat keren dan juga lagunya bikin ketagihan 😎😃😃😃,5
mantap,5
bagi sya aplikasi ini sangat. membantu bisa enjoy dengan mendengarkan lgu kesukaan,5
suka,3
sering nge bug.. makin kesini makin jelek..,2
Sangat bagus,5
enak nemenin galau euyy..... abis putus jirt,5
baru kenal Spotify,5
idih iklan nya,1
"saya sangat suka, tapi mohon dikurangi ya iklan dan premiumnya🙏",5
"yang saya himbau kepada SPOTIFY, kalau sudah tenar jangan jadi sok, karena dulunya tidak ada iklan sekarang sudah ada. dulu saya penggemar RESSO",5
bagus,5
Sangat bagus. Karena membuat saya menjadi lebih mudah mendengar kan lagu dan podcast disaat lagi kerja tugas👍🏻,5
maksa bet,1
keren,5
"Good job. Aplikasi nya bagus banget, lagunya juga lumayan lengkap, tapi tolong ya iklan nya di KURANGIN. Barusan selesai iklan trus dengerin 2 lagu iklan lagi, mana langsung 3 iklan nya 🥲💔. Walau memang wajar ada iklan karena bukan pengguna premium, tapi tolonggggggg iklan nya di kurangin. Oiya jangan dikit2 premium. Banyak banget fitur fitur yang harus premium🥲😭🙏🏻. Semoga untk kedepannya semakin bagus.",4
aplikasi ini sangat bagus untuk mendengarkan lagu,5
Muantap kali rek🤑🤑🤑,5
"makin malas pakai, sekarang limit pilih lagunya sedikit sekali emang user gratisan wkwkwk auto pindah yt musik lagi",1
bagus banget,5
aplikasi nya jujur udah bagus walaupun ga langganan premium cuman gatau kenapa kok Spotify gw lirik nya ga bisa di liat ya kaya ada tampilan buat liat liriknya cuman pas di pencet kaga ada liriknya gitu loh. developer tolong kasih tau kenapa dong nanti gw kasih bintang 5.,2
"sangat memuaskan, semua fiturmya mempermudah pengguna",5
"sumpah iklan Spotify annoying bgt, gaada yg enak didenger anjir. Paling beda sama apk apk lain, gedeg bgt denger semua iklan Spotify, mana tiap beres 1-3 lagu lgsg iklan. Mau premium gada duit, in this economy bro?!😀😀😀🙏🏻",2
lagunya mantap²,5
iklan nya ganggu tau gak lagi serius juga bikin gak mood dah ni aplikasi,1
bagus,5
bagus banget sumpah,1
"error internet udah nyala, sering di bilang tidak ada internet",3
"ini nih aplikasi yang bikin aku tenang dengan musik2 nya aku suka aplikasi ini, setiap aku sedang sedih lagu favorit ku bakal ku putar biar aku senang dan merasa tenang Terima kasih spotify 🙂",5
pendukung negara isriwil aplikasi ini tidak direkomendasikan ceo nya pendukung zionis,1
gk bisa terbang,1
sangat bagus,5
enak banget huhhhuuuuuuuuuuuuuuuuu,5
lagu yg lengkap,5
baik,4
andaikan digratisin trus kan stay disini sih,3
baru 1-2 kali putar lagu udah iklan gimana sih? jadinya orang tidak akan tenang mendengarkan lagu jika sering iklan tolong kurangi iklan iklan yang ada walaupun cuma pake free tau taulah. Dijarak² kah 3-5 kali putar nah baru iklan,2
"dikit dikit premium, milih lagu aja harus premium terus dengerin lagunya kaya gimana.",1
sekarang banyak iklannya 1 lagu 3x iklan. mau premium lagu juga gak komplit... payah,1
bagus,5
sering ada iklan nya,1
tolong bolehin donwload musiknya 🤗,4
terimakasih aplikasi yang bermanfaat,5
di sarankan untuk bisa menghapus lagu yang telah didengarkan,4
it's good but what's the meaning of an app to play a song but u cannot play the song u want bc u already play it for the day.,1
baguss bngett,4
"mau beli premium pake pulsa Telkomsel gak bisa, padahal sebelum ini bisa, tlg dong jangan ribet utk pembayaran",3
Mending beralih aja deh,1
males banget kalo dikit dikit premium.,1
nice banget banyak lagu yg populer,5
sangat keren,5
knp gk bisa login punya ku,1
bagus,5
aplikasi ini seru untuk sambil main game jadi gk gabut biar sambil denger lagu,5
bagus banget Tuhan ni aplikasi ada sad nya ada happy nya 👏👏👏,5
😹,1
Lagu buat tenang,5
gila asik. bener yuhu,5
"tujuan saya mengasih bintang lima karena saya suka lagu di spotify seperti lagi tabola bale,pica pica 2,sa jauh sa tanam,dan lainnya semoga berjalan lancar",5
bagus banget aku suka,5
ᴋᴜʀᴀɴɢɪɴ ɪᴋʟᴀɴɴʏᴀ,4
Sangat bagus sekali,5
mantap,5
bagus,5
musik nya bagus banget suaranya indah🤗🤗,5
kelas,5
sangat bagus,5
aplikasi ini sangat bagus.aplg disaat kita keluar dr aplikasi ttp bisa mendengarkan musik .juga iklan nya g sering dan gak lama .pokoknya sesuai buat semangat aktifitas kita,5
mantap mau cari lagu apapun tinggal ketik .... succes buat spotify,5
saya rasa aplikasi inibsangat lah bagus dan membuat saya sangat menguaskan,5
keren semua musik ada di sini,5
apalah udah langganan tetep aja iklan,2
sumpah enak banget dari lagu yang cuman di denger di tiktok kadang bisa muncul juga pokoknya enak banget,5
bagusss bangeett👐,5
good,5
. . . .,5
boikot,1
bagus banget,5
keren,5
"singkat saja, malas aja",1
banyak lagu yg bagus aku suka,5
Ok,5
aku menyukai aplikasi ini soalnya bisa ilangin stress gitu gua kasi bintang 5,5
memang ok,5
Karena gk bisa di instal😤😡,1
banyak music yg akuu sukaaa,5
bagus,5
sangat baik untuk mendengar lagu,5
spotify emang recommended banget nga nyesel download apk ini kawan,5
bagus bangetttt ♡❥ᥫ᭡ᥫ᭡ᥫ᭡,1
ok,5
bagus banget pas denger musik nya,5
buat nemenin,5
ngebug,2
musik keren komplit dan enak di dengar,5
maaf yah lagu yang saya kurang suka tidak bisa di skip,4
sangat bagus,5
seru banget,5
CEO Daniel Ek Out,1
mantap mudah suara jernih,5
bagus,5
𝖘𝖆𝖓𝖌𝖆𝖙 𝖘𝖚𝖐𝖆 𝖉𝖆𝖓 𝖒𝖊𝖒𝖚𝖆𝖘𝖐𝖆𝖓,5
thiss good,5
membantu saya tidur nyenyak dengerin lagu nya,5
ini tentang kemanusiaan,1
bagus,5
sangat suka,5
gatau,5
"seru,cocok banget kalo lagi galau pas banget nih aku baru download pas waktu di coba aku langsung kaget karena lagu lagunya bagus dan merdu asli banget nih buat kalian semua cukup download aplikasi ini soalnya seruuuuu banget kalo mau ngelagunya pake headset oke di download ok ya terima kasih ini karena aku kasih bintang 5",5
bagus banget👍,5
"bug ny tolong di perbaiki, setiap masuk atau pencet lagu di daftar favorit lagu, pasti error alias pas di pencet lagunya ga ke play sampe beberapa kali akhirnya bisa, nyebelin sih walaupun udh update",2
bagus,5
bagus,5
"lagu nya enak di dengar, apalagi buat ngesad 🗿",5
👍🤙🤟,5
"bagus buat dengerin musik juga oke,tapi iklannya jangan terlalu banyak walaupun harus premium baru gaada iklan tapi buat yang belum premium iklannya dikurangin ya",4
"banyak lagu enak, fav atau yang lain"". Apalagi buat read komik"" , main game, nyantai,enak bgt apalagi kalo udah premium no iklan, jadi bisa terus lanjut playlist nya",5
enak banget denger lagunya apalagi pas main game atau lagi sedih,5
kalau di buka dia keluar lagi,1
keren sekali,5
seru,5
semoga developer selalu memberikan pengalaman yang terbaik untuk pendengar nya,5
"sebenernya apk ini bagus tapi klo fre banyak ikln trus ada batasan masa iya sehari cuma 3-5 kali di aku klo kecapean belajar / eskul selalu dengar m usic fav tapi ada batas jdi aku lebih sering dengerim music di y0ut*ub3e karena ini padahal ini dulu apk fav ku buat dengerin music,aku udh saran in ke tmn tmn ku",3
nice,5
bagus,5
iklannya memuakkan!!,1
musik nyaa bagusss,5
"jujur aja, sebenarnya aku suka banget sama apl spotify. masalahnya, akhir-akhir ini aku di kasi hasil shuffle/rekomendasi lagu yang SAMPAH dan JELEK banget!!! padahal lagu/musik yang aku putar itu musik yang melodis dan harmonis bangetttt... tapi spotify malah kasi rekomendasi lagu kekinian yang beat nya tu cepat dan ga nyambung banget sama lagu yang awalnya aku putar!!! pls banget deh buat spotify, seharus itu kah aku beli spotify premium dulu baru aku bisa dapetin musik/lagu yang nyambung???",1
mantap,5
enakk bangetttttt aplikasinya,5
wow aplikasi ini sangat keren,5
aplikasi ini bagus tapi terlalu banyak iklan yang mengganggu saat sedang mendengarkan musik dan mohon kepada developer untuk mengurangi iklan.,4
"seru , apalagi kl lgi mndi atau di kamar sendirian lagi bosen pokoknya best dehh",5
mantap,5
bagus tapi harus premium dulu biar tidak ada iklan tidak sedikit juga lagunya tidak menampilkan lirik tapi aplikasi sangat membantu,4
"Bagus,bisa dengerin lagu,pokonya ini sudah mantap",2
"tambahin fitur incognito dong, semenjak ada spotify wrapped jadi kurang bebas dengerin lagunya. lagu yg kita gak mau ada di spotify wrapped keluar",4
"music nya enak"",dan di jadikan teman setia di saat santai maupun kerja makasih Sportify🙏🙏🙏🙏🙏",5
mantap,5
puas,5
minimal iklanya 1 kali lahh ajg,1
keren tp kebanyakan iklan,4
mantap,5
"Aplikasi musik yg sangat bagus, semua lagu ada lagu apapun ga ribet malahan ga ada iklan ny. Spotify sukses selalu 💪🙏🏻🙏🏻",5
"HATI HATI JEBAKAN BATMAN SPOTIFY, BACA DETAIL SYARAT DAN KETENTUANNYA... TOLONG SEBELUM JOIN 17 X lg dibaca2 dengan seksama, krn Customer service nya memaksa beli paket berikutnya, walau janjinya "" BISA BERHENTI KAPAN SAJA"" PERUSAHAAN ASAL SWEDIA tp melakukan MAFIA... WASALAM SPOTIFY",1
Gk tau,5
good,5
"sangat membantu, tanpa iklan sama sekali",5
asiik,5
"ampas, sampah",1
bagus banget,5
lagu2nya oke juga TPI banyak iklan,4
sangat bagus semua lagu ada,5
bagus,5
aplikasiini saya suka gak banyak iklan nya,5
sangat bagus aplikasi Spotify,5
"asyik, menyenangkan, dan menjadikan hari yang kulalui lebih penuh warna.",5
Lengkap dan menyenangkan,5
"dulu kalo liat lirik itu gk usah premium deh, sekarang knp ada batasannya? lagian juga gk semua lagu yg ada liriknya itu ada, biasanya juga error ""lirik tidak bisa dimuat"", dan knp sih tiba² lagunya itu mati sendiri, dan pas di cek itu malah ngulang dari awal padahal udh mau abis atau di pertengahan gitu, perbaiki lagi dong, yg make ini aplikasi gk dikit",3
baguss minus nya bnyk iklan,4
yg bilang banyak iklan psti gapunya duit buat beli premium🥴,5
mantap,4
kereenn,5
inn sya allah bagus...,5
"𝙿𝚘𝚔𝚘𝚔𝚗𝚢𝚊 𝗦𝗽𝗼𝘁𝗶𝗳𝘆 𝚖𝚊𝚔𝚒𝚗 𝕜𝕖𝕣𝕖𝕖𝕖𝕖𝕟𝕟,,,,,",5
Spotify ini seru banget,5
ok,5
Karena sangat menghibur,5
"aplikasi ini sangat bagus! semua lagu favoritku bisa aku simpan disini! apalagi lagu nadin amizah, lengkap semua!",5
ini seruuuuu bgt dan bermanfaat buat yg suka lagu lagu hits atau viral no wifi no kuota internet hahahahhaha,5
lumayan bagus. sayangnya klo data off lagu juga ikut off,4
masuk apk loadingnya lama,3
keren,5
mantul,4
👍👍,5
bagus cuma masih dikit dikit iklan..,5
kini terlalu sering keluarin iklan,5
gereja tua,5
tidak bagus,1
bagus,5
Kerenn,5
kami harap selalu di beri yang terbaik,5
sangat membantu saat kita sepi,5
bagus tpi tolong kurangi iklanya bagi para kismin ini,4
"KEBANYAKAN IKLAN PROMO SUARA,FOTO CAPE NGESKIP",1
sangat banguss platform musiknya,5
bgus,5
😘😘,5
mantap,5
cukup mantap aplikasinya,5
saga berguna raking kang,5
cuihh,1
karna tidak bisa idupin gk pakekpaket,4
𝗮𝗽𝗹𝗶𝗸𝗮𝘀𝗶 𝗶𝗻𝗶 𝘀𝗮𝗻𝗴𝗮𝘁 𝗺𝗲𝗻𝗴𝗵𝗶𝗯𝘂𝗿 𝗯𝗮𝗻𝗴𝗲𝘁,5
apknya bagus gaada iklam kaya apk sebelah,5
bnyk promosi ny tp gpp yg penting bisa dengerin lagunya bng Rex,5
😘,5
"banyak lagu yang aku suka, ada gratisan",5
yang aku suka lagu 👍,5
Ok juga tapi terkadang iklan ganggu banget,5
ingin jaringan wifi,4
{henikurniawati}-:+2®™℅π}{ebilsyamudori}®™÷π}{zildansab'haq}®™÷π} {Quenstar},5
"nyebelin, mau puter lagu kesukaan malah lagu lain yang diputer. maksa pula harus bgt premium?",1
sangat cocok,5
baru nyoba klo ga ada kndl nnti q tmbh lg..,3
terlalu sering iklan,1
aplikasi paling berguna,5
bagus,5
good and the best music in Spotify,5
lagu ga bisa di download padahal temen bisa temen juga ga premium tapi lagu download bisa di putar tapi saya tidak bisa,1
tolong jangan banyakin iklannya yaaa,5
enak banget loh dengerin lagu di spotify,5
saya sangat suka aplikasi ini karena bisa membuat hati adem,5
"spotify yg terbaik, mau lagu apa pun ada. dan yg paling bagus nya bisa di dengar sambil main game",5
bagus banget kalo mau tidur terus nyalain lagu,5
bagus sekalih,5
bagusss,1
bisa mendengarkan musik dengan mudah,5
Bagus banget,5
Apk ini sangat menyenangkan dan asik,5
Agus,5
"awalnya spotify saya biasa saja setelah 1 bln terpakai, saya tidak bisa memutar lagu secara kemauan saya sendiri(aplikasi memilih lagu secara acak)",3
seru lagu nya enak²,3
lagunya bagus bagus,5
karna sy gak premium jadi sehari cmn boleh dengerin 3 lagu dan bnyk bgttt iklannya,2
aplikasi nya bagus untuk aku menggambar sampai dengarin lagu cocok sih jadi aku kasih bintang lima 💯💯💯,5
siapa yang menciptakan sistem spotify premium ini dawg🥀🥀,3
"do you know ""bontok"" in Kutai language? just try to translate it yourself.",1
wah bagus banget,1
oke sx aplikasi Spotify,5
ok,5
bagus banget,5
APLIKASI YANG SANGAT BAGUS ⭐⭐⭐⭐⭐⭐⭐⭐⭐⭐,5
Bagus,5
"Iklannya aduh. Saya mengerti iklan dibutuhkan tapi ini terlalu mengganggu. Satu lagu yang saya putar, saya mendapat dua iklan. Itu cukup mengganggu dan memyebalkan karena tidak bisa benar benar menikmati musik yang saya dengar.☹️😣",1
Bagus .tapi sayang lagu yg sudah kita unduh pemutaran musik tidak bisa of data ga suka ada nya iklan ..,4
mantaaap 👍,5
enak di denger semua lagu nya,5
enak banget pas lagi bepergian sambil putar lagu di spotify👍,5
tempat dimana saya dapat menemukan hal yang menarik dan seru dalam mendengarkan lagu² keren,5
"Kebanyakan iklan buat biayain bangkrutlona 🤣🤣🤣,iklan Sekarang 3 Jing Jing kenapa gak 10 sekalian biar makin stress aku tod ngen",2
kurangn iklan nya,5
bagus dan asik di denger kan naya,5
bagus banget apk nya,5
"develop kikir anjg, di baik baikin kaya booried",2
menemani setiap saat,5
saya suka sekali aplikasi ini semua lagu di sini lengkap semuanya,5
😎😎😎😎😎😎😎,5
bagus banget,5
"kurangin bintang, skrg dh kikir spotify, masa mau dengar lgu aja gk smuanya bsa hrus premium, pemaksaan sue🗿",3
Bagus Banget,5
bagus bnagett klo dengerin ini hati aku tenang,5
seru emak klo nyari lagu tapi ada minesnya dikit terlalu banyak iklan premium maupun tidak lebih sedikit kan iklannya,5
"saya sangat suka karna banyak lagu² yg bagus dan keren btw saya itu berasal dari Papua jadi kalau mau dengar lagu² saya suka pakai spotify, dan saya juga sering mendengar nya sambil menggambar 😇🙏",5
bagus wak,5
mengapa saat saya tidak premium iklannya banyak baru iklan malah iklan lagi. terus setiap lagi enak dengar lagu yang disimpan malah nyetel lagu lain!!!!!!!. ini saya udah update apknya😓😓😓😓😓😓,1
saya suka sekali 👌👆,4
"apk tolol kebanyakan promosi mendingan berbayar langsung waktu download, bikin lelet aja",1
lumayan bagus,5
nge bagggg,1
bagus banget aplikasi nya,5
Oke,5
lengkap lagu nya seru terus bisa sambil main geam terimkasih udh riliskan spotifay,5
ini aplikasi bagus bngt pokoknya buat dengerin lagu tuh juga cocok bngt,5
good,5
ini bagus bangettt,5
iklan mulu,3
apk jelek,1
bagus,5
aplikasi musik paling keren sini,5
bisa sambil main ff,5
ngga enak,1
saya tidak suka aplikasi ini 🐷,1
"aplikasi ini bagus,no iklan dan semua lagu ada di aplikasi ini sekian terima kasih",5
sampah,1
Aku suka ndengerin lagu.makany ak donwloat aplikasi ini,5
ok banget,5
lagu yang mantap,5
Foto baru sebanyak-banyaknya agar yang mendengar suara hamba-Nya yg selalu ada untuk kita semua sudah tidak ada yang bisa dibantu seputar produk dan layanan Telkomsel silakan mention kembali apabila,4
b.a.g.u.s,5
Bisa mendengarkan musik Gratis tanpabiaya pun,5
LAGUNYAAA BAGUSSSS POLLLL,5
sangat bagus,5
KEREN APLIKASI MUSIK KUALITAS HIFI ENAK DI DENGAR JERNIH KUALITAS AUDIONYA ORIGINAL .👍👍👍👍👍☺️,5
"bagus bgt aplikasi nya, enak buat nemenin saat belajar",5
"bagus, tapi sering keluar iklan",4
sangat bagus,5
di HP aku gk ada pelangi nya,1
Perfect👍👍👍bisa download dan bisa dengar lagu kapan saja😄,5
mantap sekali bosssku,5
"saya suka sebenarnya dengan aplikasi ini, karena tampilannya yang simpel dan mudah. Namun disisi lain saya juga merasa harga langganan untuk yang perbulan masih relative mahal, mungkin bisa diturunkan sedikit. :)",4
Bagus,5
"Bagus, enak di dengar 😍🤩",5
banyak ìklan,5
ok mantap,5
banyak iklannya,5
cukup bagus.,5
iklan terlalu sering,4
&joy happiness kalo udah premium tapi hihihi,5
aplikasinya bagus,5
"hapuss aja guys banyak bug sama iklan, dan dia juga dukung israhell, hapus guyssss huuuuuuuuu kontolllll 🤭🤭",1
bagus,5
ga ada liriknya sekarang,3
ok,5
terlalu banyak iklan,2
mudah mencari musik kualitas suara jernih bisa nyanyi sambil baca lirik juga,5
Bagus,5
Pemilik terafiliasi dengan ....... 🍉,1
bagus,5
"Bring bacj weekly premium mini! Pembayaran premium selalu tersendat, klaim hadiah selalu coba lagi dan selalu gak bisa lanjut ke pembayaran. Pas buka aplikasinya super lelet.",1
"𝗍іძᥲk 𝗍ᥱrkіrіm k᥆ძᥱ ᥙᥒ𝗍ᥙk mᥲsᥙk kᥱ ᥲkᥙᥒ sᥲᥡᥲ, sᥲᥡᥲ іᥒgіᥒ mᥲsᥙk ძі ᥲkᥙᥒ sᥲᥡᥲ 𝗍ᥱrsᥱᥒძіrі 𝗍ᥲ⍴і ᥲ⍴ᥲ?!! 𝗍іძᥲk ᥲძᥲ k᥆ძᥱ sᥲ𝗍ᥙ⍴ᥙᥒ ᥡᥲᥒg mᥲsᥙk, sᥲᥡᥲ sᥲᥒgᥲ𝗍 kᥱᥴᥱᥕᥲ!!",3
ok,1
bagus banget dan keren,5
Sangat bagus,5
Nica apps.. 👍,5
bguslah yaaa...,5
Lagu nya enk asik semua kita bisa cari semua lagu di spotify ayok di dounlod,5
𝑙𝑎𝑔𝑢 𝑛𝑦𝑎 𝑒𝑛𝑎𝑘 𝑏𝑎𝑛𝑔𝑒𝑡,5
MANA PREMIUM GRATIS YANG KAU JANJIKAN WOK,5
Good aplikasi musik,5
kenapa saya tidak bisa berlangganan premium???,5
"Banyak iklan baru denger 1 lagu udah iklan lepas iklan denger 1 lagu lagi iklan lagi, ya gw tau harus premium biar gak ada iklan tapi berhotak juga iklannya",1
"suka banget sih jujur, bener-bener pav banget. apalagi nemu banyak lagu-lagu yang aku tahu tapi lupa judul",5
keren musik nya,5
bagus,5
"BAGUSSS BANGETT SUMPAH, GILAAA",5
Mantap,5
bagus banget bisa ngedenger lagu yang kita syuka🤫🤫🤫,4
"makin hari makin jelek, iklan sampai 3 kali berjejerrrrr, mau dengar lagu apa dengar iklan aje 👎",1
kenapa gak ada bintang seratuss baguss banget,5
bagus semua nya ada,5
jeleeek,1
"Sangat bagus..tidak hanya musik saja, komplit..edukasi dan berbagai info ada, menu sangat mudah di gunakan..",5
suka bngtt aplikasii ini🤍🤍,5
seru,5
spotfy sangat lah menyenangkan dg ini saya bisa mendengar lagu setia pada saat,5
bagus,5
bagus,5
"Bagus Banget Aplikasinya Bisa Dengerin Lagunya Mas ""Ade Gelan Sahputra"" 🥹 Bela""in Paketa Bulanan 🫠",5
good,5
oke,5
iklan teros,1
aplikasi ini sangat tadi baik untuk bayi umuran satu bulan yah 😊,5
cukup memuaskan,4
najis,1
mantapppop,4
kebanyakan iklan,1
👍👍👍,5
sangat mudah dalam menggunakannys,5
makin kikir bjir,5
oke,4
pro Isriwil lu tai,1
mantap minus nya harus premium,5
iklanta kebanyakan,2
aplikasi ini bagus dan keren.,5
nice,5
plis jgn bnyak banyak iklanya,5
kenapa Spotify saya tidak bisa muncul liriknya Padahal sudah berlangganan premium??,2
aplikasi nya sangat bagus👍,5
bagus,5
all we need is enough love to hold us where we are where we are x akhirnya ku menyela merelakan mu dengannya dan rayakan lah hari hari indah mu disana jakarta hari x beritahu aku cara melupakan mu seperti kau ajarkan ku dewasa beritahu aku cara merelakan mu seperti kau ajarkan ku bahagia,5
bagus2 lagu nya,5
"bagus, bikin saya tidur nyenyak",5
lagu lagunya bagus,5
dikit² premium ;(,1
Excellent,5
pokonyamah well,5
"Enak banget di dengernya, tapi minesnya ada iklan.",5
error saat login,1
Bagus,5
"keren dah, gk boros Kouta bagus dahh👍👍👍",5
karna aku dapat mendengarkan musik dengan enak,5
gw sengaja kasi bintang 5 solnya gak bisa logi setiap mau login pasti iklan mulu,5
"aku suka aja sih cuman iklannya bisa 1 aja gak? soalnya bisanya bisa sampe 3 bikin ganggu gitu apalagi kalo lagi asik mau mutar lagi malah muncul iklan, tapi aku tetep suka sama spotify ,tapi semoga di kurangi ya iklannya kasian yang gratis",4
selalu menemani ku saat waktu senggang😹,5
good !,5
lagu2 lama bisa kita dengar kan disini..mantap...,5
bagus aja,5
great songs,5
Spotify ini sangat bagus untuk mendengar lagu atau sholawat dan berguna banget bagi yg suka mendengar lagu atau apapun,5
good quality,5
bagus,5
saya tidak bisa mendapatkan link masuk 2 kali,1
"Saya ingin aplikasi ini bisa digunakan offline, agar terlihat memuaskan dan juga hemat internet (kuota).",4
JANGAN MAKSA WOUUII,4
gasuka aja,1
bagusss poll,5
boikot,1
Saran saya fitur shuffle nya bisa di matiin tanpa premium,5
bagus,5
aplikasi ini sangat bagus!!!,5
andaikan ga usah prem,5
amazing sound much better then the other,5
mantap,5
oke sekali untuk di perjalanan,5
"aplikasinya bagus banget menurut aku, tapi tolong kurang-kurangin iklannya please.. T_T aku pengen ngerasain nggak ada iklan sehari aja sebagai user non premium..",5
mantap,5
"ni aplikasii keren bangett sih,gantiin ytb yang banyak iklan.makasih ya spotifyy",5
"dulu bagus, sekarang udah kagak bener",1
kikir banget ya spotify,1
happy,4
udah tulis nomor WhatsApp tapi malah disuruh coba lagi,1
promonya dong,5
akhirnya bisa juga ngerasain Spotify free setelah 4 tahun pake gotube,4
"konyol,udah langganan masih aja nge bug 0/10.",5
"sangat baik koneksi bagus,kadang juga agak leg sihh semangat terusss authorr💅🏼",5
suaranya jernih,5
Sangat bagus,5
sayaaaa menyukainyaaaa ini aplikasi favorit kuuuu,5
"Hi., Spotify.! untuk versi premiumnya tolong jangan terlalu mahal dong harganya ya 😔😔🙏 please..",4
mantap banget bisa denger musik apa saja,5
Bagus,4
bagus sekalih,5
sangat baik dan mantap,5
bagus aku kasih bintang 5,5
bagus banget,5
keren kali bisa musikan,5
andalanku bgt,5
suka baget,5
asyik bamget lagu lagunya 🥰🥰,5
bokepp,5
mantap,5
bagus lah bisa santai owe,5
broh,1
mudah digunakan dalam situasi apapun,5
memang terbaikkkk,5
"spotify ini aplikasi yang sangat bagus, - nya di iklan karna aku ga premium",4
keren bngt🥰😍😘,5
iklan nya kurangin,4
bagus,4
burik pnypong isriwil,1
mantap,5
"lumayanlah, tapi aku kasih bintang 4 aja krna kadang agak males sih krna dikit dikit harus premium.",4
ini adalah aplikasi untuk mendengarkan lagu yang sangat saya sukai tapi ada yang kurang yaitu gratis,5
Tapi sayang nya bayar nya mahal,5
Pro Genosida,1
bagus dan kita bisa denger lagu lagu yang dibawakan oleh para artis 🥰😇,5
mantap,5
AKU SANGAT SUKA DENGAN APLIKASI INI TAPI APAKAH BISA DIBUAT UNTUK MENJADI OFFLINE KARENA MUNGKIN COCOK KALO JADI OFFLINE,5
Saya lumayan suka kaerna suka di paksa ubah jadi premium,3
GOOD LUCK 😎,5
bagus banget suaranya,5
"klarifikasi: jujur y gw suka sama spotify ini tapi gw baru denger 2 lagu aja langsng iklan dan iklan nya bukan 1,2 neh tapi 3 Masya allah",4
kecewa saya,1
bisa dipakai untuk main game dan bagus banget Saya suka banget sambil dengerin lagu sambil ngedit-ngedit video,5
"gw dengerin lagu kok,yang keluar iklan",1
bagus,5
musiknya bgus smua🗿🤟🏻,5
semua musik ada di sini,5
"mengapa saat aku memutar podcast dengan video pada ponsel tidak bisa auto play next episode, tapi jika dicoba di desktop normal-normal saja",2
iklan mulu,1
bagus,4
sangat menyenangkan bisa dengerin musik,5
butut,1
seruuuu,5
sangat bagus jika kita mendengar kan lagu lagu nya enak nya tidurrrr apa lagi pas lagi sad enak tuh dengar dengarin lagu lagu di dalam spotify,5
mantap 👍🏻,5
terlalu banyak iklan selalu off lagu kalau pindah layar,1
lemot,1
seru dan menarik,5
"mudah peng aplikasiannya, lagunya enak semua",5
bagus bagus lagunya,5
najis,1
iklan sejembun,1
good,5
"busuk, dengerin musik❌ dengerin iklan ✅",1
Joss kuota lebih irit,5
apalah pilih lagu aja harus premium dulu😾,3
keren,5
musiknya sering mati²,2
absen yg udh hapus spoty,1
sangat sukaaa,5
cukup menghibur dikala suntuk,5
apk yg paling aku suka.,5
udah bayar premium 59900 saldo kepotong tapi premium batal.... aplikasi penipu,1
"teruntuk developer pliss lahh, untuk masalah iklan oke lah fine fine aja ,cuman masalahnya buat apa ada fitur search kalo misalkan pilih lagu aja dibatesin, boleh lah ada fitur premium cuman ya jangan sampe dibates Bates juga masalah pilih lagu nya, percuma dong kita pengen dengerin lagu apa tapi malah harus ngikut Spotify, sok sok an bikin iklan dengerin musik gratis, milih lagu aja gabisa 👎🏻👎🏻(premium ok, tapi jangan jual mahal lah blkkk, ada apps baru pada pindah baru kerasa efeknya)",3
"terimakasih apknya, sangat menikmati musiknya. semoga semakin sukses lagi.",5
bagus 👍,5
Spotify aplikasi terkeren,5
sangat membantu saat aktifitas joging,5
good,5
bagus..ga kayak apk j**x dikit² beli,5
sangat bikin menghibur,5
mantap,5
bgus,5
"b aja,,",2
JELEK GA ADA SUARANYA BISU,1
"puas dengan penyajian dan tampilannya.. thanks, pertahankan yg sdh baik and lebih diperbaiki yg kurang sempurna..",5
sangat menghibur,5
bagus lah top,5
laguny bayak dan bisa disetel sambil tidur,5
lagu nya bagus bagus,4
kata aku sihh seru bangett yah..lagu lagu nya ASIK tapi klo ofline itu klan nya itu Terlalu banyakkk ada 5 dan 10 tolong kurangin iklan nya ya😗😊,3
great choices of music!,5
tidak semua audio bisa diterima,3
terlalu banyak iklan... pantas bisa membiayai israhell... let's buycut,1
ok,5
gajelas,1
pendukung zionis uninstall aja udah,1
spotify mantap 👍👍👍,5
"aplikasinya udah bagus saran tambahin fitur terjemah agar kalo ada lagu"" asing gitu kita bisa tau terjemahannya apa",5
bagus 👍🏻🫡,5
bagus,5
mantapp,5
"baguss untuk anak"" muda sekarang",5
Santai dalam mendengar musik,5
iklan nya banyak amat,1
terlalu banyak pro,1
aplikasi nya bagus tapi banyak iklan saat mau dengerin lagu tolong jangan di premiumin ya,5
"sangat memuaskan, apalagi premium ya",5
apk bagus untuk mudik,5
puassss,5
"banyak iklan, 2 lagu 3 iklan, gila ya",1
susah co buat akun disini spotify,5
mantap,5
bgus bnget plis,5
bangus,4
kalo bisa tanpa data malah makin josss si menurut saya,4
"Good job ,,App Kren ,,Majukan trus Appnya ,.tp kurangi lg iklannya klO bisa egk ada iklan heheee",4
seruh bikin nagih,5
1.KEBANYAKAN IKLAN 2.harus bayar 3.banyak iklan 4. kebanyakan iklan 5. balik ke no 1 6. balik ke no 3 7. tapi suka sama Spotify soalnya gratis,2
"MAKIN KESINI KOK MAKIN KIKIR, APA-APA HARUS PREMIUM, KEBELET HAJI KAH??!! 😮‍💨😮‍💨😮‍💨",2
nice,5
aplikasi Gj gua mo daftar kaga bisa Mulu,1
bagus,5
hasil dari pencarian album ataupun musik berikutnya yang akan diputar sangat akurat dengan lagu sebelumnya baik genre dan liriknya,5
mantap,5
Aplikasinya bagus musicnya juga bagus 👍🏻,5
oke terimakasih sarannya dan bisa di buka lagi,5
ok sip,4
bagus dan jelas suara,5
mantap,5
gratiskan lirik,5
sangat baiik,5
"spotifynya seru , asyik dan bisa dimainkan secara offline lagi",5
good,5
yaudah bagus,5
suka mati-mati gak jelas,1
suara nya enak,5
"Dikit² premium, kalo pake Spotify free milih lagu aja dibatasi dan harus urut sesuai urutannya! iklannya ngelunjak juga yang tadinya 1 kali malah jadi 2 kali.",1
"enak mendengarkan lagu , karna bisa membuat relaxx",5
bisa nemenin buat semua kegiatan,5
"saya beli premium, transaksi gagal tapi tidak dapat pengembalian dana",1
bagus si bagus tapi kenapa ya kalo gw make lagu yang lain kaga bisa tolong dong di perbaiki lagi ...?,4
The Best Good Musik.nya Bagus Bagus,5
bagusss,4
Bye Spotify! it's getting worst day by day,1
sangat bagus,4
sangat bagus saya suka!!,5
update sekarang pengguna gratis udah bisa liat lirik. tapi iklannya jadi agak panjang sekarang :(,4
it is such an exciting app,4
"lagu lagunya sangat lengkap ,seru bgt kalo pake spotify!!!",5
sponsor tlol,1
asik semua lagu nya suka saya dengar lagu nya,5
"suka dengerin lagu di Spotify walau kadang ada lagu yg ga ada lirik nya,tpi gpp,ttp suka Spotify ttp setia sama Spotify 🫰🫰",4
baguss bangett dehh,5
bagus banget,5
lagu2 nya update sangat bagus,5
bagus lagu nya banyak banget,5
w apk,5
kalau bisa kasi bintang sndiri mau kasih bintang seribu,5
BAGUS BGT SUMPAHHH :DDDD,5
keren pas ada lirik nya,5
terbaik,5
jelek,1
there are too many ads,1
enak banget kalo pake ini karna kalo pake ini aku bisa dengerin lagu tanpa harus di aplikasi,5
bagus,5
yes banget tau engga sech...,5
bagusss,5
mantap banget aplikasi ini,5
"mantap. bisa minimize, lagu apa aka biza, rekomen bgt",5
kalau bisa premium nya kasih 5.000 1 bulan pasti banyak yang beli,5
menghibur,5
harus bgt premium buat milih lagu👎👎👎,1
baguss buat dengerin lagu kesukaan ˃͈◡˂͈,5
cocok buat kerjaa,5
mantap!,5
👍👍👍👍👍🤙🏻,5
gokil🤘🫵🤘,5
"ini mau pilih lagu malah di suruh premium agar bisa pilih lagu se sukanya?,terus malah di alihkan ke lagu lain,tiap mau milih lagu pasti ke ganti ke lagu lain dan di suruh premium dulu biar bebas pilih lagu🗿",3
baguss,5
aku sangat sangat menyukai aplikasi ini😆,5
jahattt,1
bisa dengerin lagu sepuasnya dan jarang iklan banyak lagu lagu yg terkenal di sini,5
toloI,1
mantaf,5
pendana perang wuu,1
"gk bisa dengerin lagu di playlist sendiri,kalo udah dengerin 1 malah ke lagu yang bukan di playlist sendiri. kalo mau dapet uang jangan segitunya,mana banyak iklannya lagi",1
👌👌👌,5
bagus ya walau agak kikir tapi tetep lah bagus banyak lagu nya,4
bagus tapi tolong jangan sok²an inisiatif ngasih lagu (disarankan untuk anda) pas lagi dengerin playlist😭,5
phy dk terus i kg fw arr dgn cn Fu,4
"bagus,bisa buat main game,atau gk lass galau",5
menarik.🆒,5
ga bgus ngdananin perang,1
bagus banget,5
cukup bagus buat denger lagu semuanya ada rekomendasi banget buat yg suka lagi di sini semua ada,4
tambahkan lagu where we are soalnya lagu tersebut enak sekali di dengar dan nyaman saat lagi sendirian di kamar,3
error ga bisa dengerin lagu padahal baru install,1
enak sekali lagu nya,5
pemutaran musik lengkap suara jernih,5
Bagus,5
💯💯,5
Mantap sih ini😍!,5
mantap,5
good,5
matap bisa main ff lagunya asik asik,5
siiip mantap,5
good Spotify,5
mantap signal minim lancar musik,5
"iklannya sering menganggu pengguna baru, dikit² iklan menjebak yg kalimatnya ""premium, makin enak kan, cobain skrg?"" (kata ""enak"" itu lebih cocok buat makanan minuman). tlg deh pakai bahasa indonesia yg bnr kak. thx.",3
bagus sihh cuman banyak iklannya kaya YouTube ajh😤,2
bagus,5
enak dengerin lagu nya saat lagi sedih atau lagi apa gutu banyak pilihan lagu nya dan sebenarnya masih ada yang mau di sampaikan tapi nanti banyqk banget jqdi sampai sini dulu ya bye bye semangat lagi ya buat lagu yang baru nya,5
iklan mulu anj bosen,2
"iklan terlalu banyak, setelah 2-4 lagu iklan masuk dan juga lebih dari satu kali bisa sampai 2/3 kali",3
judul sama lagunya tak sesuai,1
bagus sekali bisa dengarin lagi tpi hp nya ke mati tpi masih hidup suaranya tpi klo iklan itu panjang bgt gk bisa di lewatin jadi lama jadi minta kurangin iklan yaa,5
tampilan oks,5
pencet lagu A yg diputar lagu B. pencet lagu C yg diputar lagu D. gimana ada kepuasan klo layanan musiknya model begini. gedegg banget gww,1
good,5
"Babi, playlist gw dihapus!!!",1
mantap mw hheheheh,5
mantap 👍,5
mantaappppp,5
"bagus, bisa dengar musik sambil maen game tapi saat gada data ga bisa on. . .",5
ok,5
puas banget buat putar music,5
keren,5
bagus banget,5
not bad,4
"aplikasi ini memaksa saya untuk mendengarkan lagu yang bukan pilihan saya, dengan alasan harus dalam mode premium agar dapat memilih lagu.",1
tidak menarik,1
Jernih dan Bagus,5
"ini kok kalo muterin lagu suka tbtb mati sendiri ya lagunya, walaupun di apk Spotify tetep mati sendiri lagunya.",4
"Sangat bagus, lagu nya lengkap saya suka",5
love it ♥️,5
"iklan nya terlalu sering, membuat kita kurang nyaman dan kurang puas,,,",1
"sudah bagus pengisi wkt luang,healing yg efektif dengerin lagu.. kurangi iklan biar gk ad jeda..",5
love it,5
pokoknya sportv gak ada lawan,5
bagus kali,5
kebanyakan iklan,1
bagus membantu saya untuk cepat dpt info,5
iklan nya hampir 5 tuh .. banyak bangt wkwkwkkwk,3
mantap,5
aku suka lagu molong,5
mantap,5
"hati hati aja buat yang berlangganan otomatis, giliran di batalkan uang tidak bisa kembali",1
yang pasti SIIP,5
sangat puas,5
gabisa buat langganan eror trus,1
apk zionis,1
harga bulannya murahkan lagi dong,5
Good,5
"seru ,aku suka lagulagunya juman aku gak apal semua judul nya , seru tapi banyak iklan nya dan harus bayar kalo mau ofline",5
trimakasih mudah untuk mendengarkan musik,5
"untuk pengguna gratis saya memaklumi adanya iklan, namun saya rasa sekarang iklan nya nambah para bahkan baru mau muter musik lngsng disambut iklan, setidaknya dibatas setelah memutar 7 lagu baru ada iklan",1
lagu nya lengkap,5
Terbaik,5
aplikasi terbaik yang pernah ada,5
Sudah bagus aplikasinya hanya iklan saja yg kadang membuat jd agak terganggu tapi ya namanya gratisan gpp lah,4
I Really Like 💜,5
"tolong donk, aplikasinya ngga usah berbayar 🙄",1
siipp,4
semua musiknya sangat enak untuk di dengar,5
aplikasi ini itu bagus sekali hampir semua lagu yang ada di sini,5
"min, tolong iklan premium dikurangi yah, saya setiap mau nyari lagu yg enak atau yg udh di simpan iklan premium nya banyak banget jdi tolong dikurangi 🙏🏻🙏🏻",1
sangat keren,5
free palistina,1
freee falestine,1
apk yg bagus,5
untuk aplikasi lagu sudah cukup bagus dan cukup lengkap namun saat ingin melakukan pembatalan paket premium terjadi gangguan terus menerus seakan sengaja dipersulit dan dipaksa terus melakukan paket premium,1
luar biasa mantal,5
👍,2
spotify mantappp👍👍,5
mantap,5
gooood,5
memuaskan,5
Spotify Music dan,5
good,5
aplikasi kikir,1
aplikasi yang rekomendasi untuk mendengarkan musik,5
"Mendengarkan musik gratisnya hanya sedikit, masa baru putar 5 lagu tanpa harus urut langsung suruh berlangganan premium. Terus iklan langsung berurutan 3 iklan, padahal masih putar 2 lagu harus suruh dengerin 3 iklan, gimana ini?? Mohon di perbaiki lagi, spotify dulu beda dengan sekarang. Terimakasih",2
"terimakasih Spotify, sudah menemaniku di hari' suramki",5
aplikasi ini cocok digunakan untuk mendengar musik kan,5
Thanks im use MOD apk . Work full life .. i donwload on google MOD no BUY this apllication 😀😂,5
saya menyukai Spotify nyaah 😃,5
mantap,5
music is part of my life tho❤‍🩹❤‍🩹,5
"aplikasi ini terkesan KAPITALIS MONOPOLISTIK, MEMAKSA PENGGUNAANNYA UNTUK BERALIH KE PREMIUM. Karena di versi standarnya, (setelah lewat masa promosi) sangat dibatasi, baik itu tak bisa MEMAINKAN LAGU SECARA BERURUTAN, tak ada tombol BACK, tombol NEXT sangat DIBATASI, DAN YANG PALING MENYEBALKAN ADALAH SERING X MEMAINKAN LAGU YANG KITA SENDIRI TAK MEMASUKKAN LAGU TSB KE DALAM PLAYLIST KITA. 3 THUMB DOWN 👎👎👎",1
cukup menghibur kalau lagi kesepian,5
sangat memuaskan,5
"iklan spotify lama bgt anj, lama lama ngelunjak",1
ok mantap,5
bolehlh,5
mantap pokoknya,5
gak tertarik dengan lagu ini tanpa lagu saya suka yg buat aplikasi ini merugikan 😠😠😠😠😠,1
free plastine,1
good,5
sangat bagud,5
Ok,5
mantap,5
bagus dan seru bisa dengerin lagu yang unik atau dari kartun semacam pun jadi saya juga makanya saya kasih bintang 5 karna bagusss😁,5
gratis,5
"bangke, setiap klik lagu yang pengen gw dengerin, misal, gw klik lagu bintang kecil, yang diputer malah balonku, hadeh",2
too many premium features do you really need the money?! terlalu banyak fitur premium ini spotify butuh uang kah?!,1
good,5
Baik sekali,5
Mantap 👍,5
walaupun kita free tapi iklannya baru 2 kali lagu udah ada iklan 💔,4
"Awalnya sy kecewa karena langganan 3 bulan tapi hanya dapat 1 bulan. sy mencari2 layanan cust service spotify, akhirnya dapat. Caranya: 1.buka aplikasi spotify 2. klik profil 3. pengaturan dan privasi 4. tentang dan dukungan 5. dukungan. Awalnya sy chat dengan mesin, tapi karena masalah tidak terpecahkan, akhirnya sy terhubung dengan cs dan masalah terpecahkan, uang sy direfund full tidak sampai 1/2 jam,terima kasih. NB: harga premium apakah bisa diturunkan?, Rp 59900+ppn terlalu mahal untuk sy",5
iklan nya ga bisa di skip,1
bagus,5
udah baguss tapi sekarang nggak semua lagu bisa liat liriknya jadi kurang aja tolong di kasih liriknya lagi biar bisa di baca trs jadi lebih gampang tolong di kasih liriknya di setiap lagu karena saya selalu musikan setiap hari trs kadang mencoba lagu baru jadi tolong di kasih liriknya yaa terimakasih,4
ini sangat bagus,5
bagus dan enak di dengar terus bisa setel lagu sepuasnya dan kapan pun di sinj ada banyak jenis lagu jadi bisa gonta ganti dan memilih lagu apa sajaaa terima kasih spotifyyy,5
bagus banget ini aplikasinya saya kasih bintang 5 dehh,5
bagus,5
Apl Ini Bagus. Jadi kalo sambil belajar Trs Ke back lagu nya masih ada,5
isinya iklan semua,1
"banyak pilihan musiknya, the best",5
bagus,4
ok sipp,4
bagus aplikasinya,5
bagus cuma lumayan ngeselin sama iklan tapi baguss,5
sangat bagus dan sedikit kan iklan,4
Mantap Pokoknya dahhhh,5
banyak pilihan lagu,5
"Mantap,",5
bintang 2!!! apa ini iklannya lama amat masa kalo gamau ada iklan harus premium jelekkkkkkk iklan nyebelin kalo bisa diilangin tuh iklan kalo gaada iklan ini bisa bintang 5 lo,2
"bagus karena kalau saya galau,senang bisa buka di spotify dan tdk perlu buka diaplikasi lain",5
iklan nya tolong di kurangi,2
wahh sangat bagus tpi banyak iklannya,5
semenjak infonya kalo aplikasi musik ini mendanai persenjataan di dalam perusahaan di Amerika Serikat langsung saya uninstall,1
lagu nya keren dan bagus,5
"mantap,gabisa di puter ngntt",5
bagussss,5
tapi banyak iklan,5
bagus banget pokok nya semua lagunya ada semua,5
sangat bagus,5
mantap,5
ok,5
Annissa putri pribadi Asiyah silam cahaya Mutiara Adinda rizkyana Kauthar,5
bagus😎 bgt tapi kalo akun nya belum premium belum bisa untuk denger offline,5
bagus sekali saya bisa mendengar kan sambil membuka aplikasi lain,5
bagus karena disa menbahkan lagu yg delum dada dengan cepat sehinga lagu yg delum ada ajdi apa,5
Ini sangat membantu dalam mencari lagu,5
mantep,5
terbaik,5
baguss bangett aplikasi nyaa,5
bad,5
saya sangat suka dengan alikasi ini,5
apk kikir upd baru maksa orang beli premium,1
Bagus,5
aplikasi kikir,1
UNTUK PIHAK SPOTIFY TERIMA KASIH TELAH MEMBERIKAN PENGALAMAN YANG BAIK SAAT SAYA MENDENGAR KAN MUSIK/LAGU DI SPOTIFY😉🙏,5
aplikasi ini sangat bagus,5
Buagusss buanget 👍🏻😋,5
"sangat bagus,enak buat di dgr di malam hari 🗿☺️",5
aplikasinya bagus bager aku suka jadi aku memberi 5 bintang terima kasihh...,5
the best ...🤗,5
🤝🏻.,4
aplikasinya asik,5
Bad,1
"suka banget pas padahal udah tutup aplikasi tapi lagu nya tiba-tiba suka kebuka sendiri. jadi aku hapus karena aku gaada buka aplikasi nya, tolong diperbaiki ya🙏",3
jujur suka pas iklan aku pose pose kayak di endorse,5
ra iso di download😏🤭,2
bagussss sekaliii bikinnn oranggg tenangg,5
yayaya,5
walau playlist ke acak tapi lagunya enak enakk,4
ini pengalaman yang bagus dan juga mendengar kan musik,2
"aplikasi paling cocok kalo mau denger lagu"" yg enak dan bisa bikin tenang",5
aplikasi nya bagus buat ngegem enak,5
suka,5
"ini spotify lagi knp si, masa dari tadi ga bisa masuk ke akun mana baru bayar yg premium 😒",1
Bagus,5
no comment,5
muatap,5
sukaa bangett,5
"sumpahhh bagusss bgttt ada semuaaa lagu yang aku suka, kualitas suara nya bagusss bangettt top dehh.walaupun aku belum premium:(",5
bagus,5
lago ini seru,5
"gajelas padahal udh selesai instal,tapi di suruh instal ulang kan ga jelas,kalo semisal nya penyimpanan ku penuh harusnya kan di beritahu dari awal,ini ga ada pemberitahuan nya kan gajelas",1
banyak iklannya musik nya mati mati lagi kalau ke apk lain,1
kaga jelas,1
musik nya ada semua suaranya bagus dll,5
ok,5
terhibur dgn banyak pilihan lagunya,5
seru...,5
NAJIS,1
"kebanyakan premium,gak semua orang bisa premium brooo",3
"Bagus banget, untuk lagi yang nyari song fav ya, pokoknya ni apk bintang 5",5
volume iklan lebih kencang dari musiknya!!!!!!,1
Menghibur banget aplikasi nya,5
free paletistine,1
dahlah gratis behhhh,5
hampir semua lagu ada mantab lah,5
"jujur saya suka sekali dengan Spotify, tetapi mengapa akun saya sekarang jadi tidak premium? padahal saya sudah membayar.",3
Bagus selalu menghibur,5
KEMANUSIAAN BRO,1
"apk jelek,udah jelas2 gw gapernah keluar negri malah disangkanya gw diluar negri,alhasil spotify gw gabisa dipake,sia2 premium gw jadinya",1
bguss,5
mantap lanjutkan perbaikan,5
aplikasinya bagus banyak lagu mudah untuk ditemukan aplikasinya lengkap bagus deh pokoknya,5
ok,5
bagus,4
knp ga bs instal,2
semua lagu ada disini,5
ok bangget,5
ajai,5
sukaaaaa,5
mantap,5
mantap,5
makin ga masuk akal ciii,3
"hati hati kalau berlangganan premium, saya langganan premium individual menggunakan gopay, setelah perpanjang gopay saya tidak ada saldo, jadi tidak di perpanjang. lewat dari sebulan saya topup gopay saya, lalu ada potongan 60rban keterangan installmen, dan spotify saya premium lagi, yg jadi masalah besoknya saya di charge lagi dengan nominal yg sama dan keterangan installment 2, hari ke 3 ada notif kalau langganan premium gagal bayar, padahal sudah di charge 2 kali. langsung saya batalkan.",1
bagus,4
Saran saja min coba tambahkan kolom komen dong. jadi orang bisa berkomentar pas mendengarkan lagu kesukaanya.,5
great advertising app!,3
biar bintang yang bicara,5
enak di denger,5
"kalo sekarang udah pindah lagu gak bisa harus premium, makin gak seru.",3
kerenn😍🫶😍,5
lagu ya bagus banget soalnya,5
gamenya sangat bagus bisa dengerin lagu walaupun offline itinya Spotify premium paling bagus semua lagu pasti ada dan kalau keluar dari Spotify premium lagu nya masih lanjut gak berhenti pokoknya game ini paling mantap🙏🙏🙏👍👍,5
sangat memuaskan,5
Daniel ek - helsing - drone,1
mantab...,5
keren bgt,5
Apk yang bagus musiknya lengkap,5
"parah banget anj anjjjj, kalo iklan okelah gpp namanya juga pakey gratis, tapi sekarang semenjak update terbaru udah di limit anj mutar lagunya",1
ok,5
seru banget dengar musik yang kita suka,5
mau beli premium kok ribet amat,1
😍😍😍😘😘😘,5
boleh,5
iklan nya ganggu,2
mantap,5
mantap,5
terbaik baguss,5
mantapp,5
aplikasi kikir banyak iklan,1
Bagus banget tapi sayang bayar,5
bagus,5
sangat jelek,2
ok,5
Developer maruk dikit2 premium,1
oke banget spotifpo musiknya segudang..,4
aplikasikan bagus tapi banyak iklan dan terus jangan paksa pengguna lain untuk beralih ke Spotify premium melulu kalau begitu banyak orang yang bosan kalau selalu ada paksaan untuk beralih ke Spotify premium.,4
ada batasan hidupin lagu,3
baguss polll,5
ok la sayang pake uang banyak iklam,5
good,5
lebih enak dan tenang,5
Ok,5
yeayyyyyyyyyy 🐱,5
perfect,5
muahh cinta aku,5
sampah,1
udh gw kasi bintang lima gara gara aplikasi terbagus buat aplikasi laguu semangat ya tim Spotify buat kembangin aplikasi nya lagi mungkin,5
Bagus! Saya suka mendengarkan,5
mantap banget apa lagi headset,5
as,5
ngeselin enak enak nge sad langsung iklan njir😭 tapi apk nya bagus,4
seru banget gakuat lebih gampang karena ada lirik nya,5
ini cara lihat lirik gimana sih? sekarang kok susah ya?,2
bagus walaupun pun agak ngeselin,4
"knpa skrng bnyk bug nya, mau dengerin musik iklannya tiba tiba gak bisa di putar",3
banyak bug ya tapi bohong,1
sangat menarik,5
no coment,5
lumayan lah,5
menghibur,5
nice,5
"iklannya hmm, makanya beli premium",2
lirik tidak muncul padahal ada tampilan liriknya,1
bagus,5
lagu nya komplit iklannya juga ga ada,5
minus satu bintang karna banyak prem terus iklan melulu😭,4
"aplikasi nya bagus bngt sii tpi klo blh tambahkan lirik min biar bisa nyanyi sama sama juga hehe, klo udh di kasi lirik janji bintang 5 min",4
mantapp,5
aplikasinya bagus tapi ketikaa aku masuk di lagu yyang ku sukai lagunya tinggal dikit kaya kalo kita masuk lagu yang kita sukai menghilang sedikit demi sedikit tapi tetap bagus koooooooooooooooooooook,2
asik,5
di pakenya enak bngt.nggak ribet cm terlalu bnyk iklan...,5
sangat bagus,5
aplikasi ini sangat bagus sekali,5
BAGUSSSS,5
semuga bagus,5
suka bgt sama aplikasi ini cuman suka ada iklan nya,4
pengalaman yang menyenangkan,5
keren,5
Aplikasi apaan ga bisa dibatalin langganan,1
mantapp,5
"Wah ini enak bgt sii apk nyaa saya sukaa,karna bisa keluar apk,masih ada lagunya! mines nya itu ada batas laguuuuuu😭😭😭😭😭😭😭",4
"Aplikasi paling cocok buat dengerin musik sih, mau dimana pun kalian berada pasti muter lagunya di spotify",5
maksa banget beli premium sampe pilih lagi aja ga bisa,1
mantap,5
saya sangat menyukai apk ini karna tidak sulit di paki,5
"sudah saya download lagunya, malah tidak bisa di putar saat offline.",1
karenaaa GRATIS 👍🏻👍🏻👍🏻👍🏻,5
Spotify.Musc.dan.,5
Mantappp,5
bagus banget pokoknya gak bisa berkata kata♡♡♡♡♡♡♡♡♡♡♡♡♡♡♡♡♡♡♡,5
bagus banget,5
enakin lagu nya,5
gasukaa,1
bagus,5
bagus banget,5
bagus,5
bintang 2 karna aq mau yg paket perminggu bahkan harian ada lagi ah elah aq ga sebulan full dengerin musik bejir,2
suka,5
semua lagu di spotify sangat enak di dengarkan ok sekian terima kasih,5
njs aplikasi smph cuih,1
Saya sangat suka sekali spotify,5
semua lagu lengkap tapi banyak iklanya,5
👍,5
sangat Bagus,4
apk nya emng bagus tapi aneh nya g bisa masuk Mulu stresss,1
lumayan bisa di pake sambil main ml puter lagu sedih karena pacar udah sama yang lain,5
Good apk,5
ok....musik y.....cuma hrus on ajh g nisa oflen.....,5
Doti,5
bagus,5
Karena aku suka Spotify ini,5
bagus,5
Spotify lagu lagunya selalu oke...,5
- headset bluetooth,5
bagus,5
gacor,5
ini kata ku lengkap banget bisa juga dipake ngesad🤓👍 edit:gw donlod lagi ada lagu baru yg seru(cinta disekolah),5
pqgu3 rohani,4
Wiiii SZ di y,1
Baguss bgtt bisaa ngilangin rasa ga mood,5
"promo-promo 3 bulan 59000 tapi pas mau dibayar harus pakai go-pay, terima kasih lah saya jijik pakai aplikasi go-pay",1
good,5
ikut campur padahal mau nyetel youtube,1
musik nya bagus bagus,5
bagusssss,5
sangat bagus,5
keren,5
Yang Ytta aja,5
"A very good application for listening to music,what I don't like is that I can't hear music in a free mode, it would be better to hear music in all modes, both premium and free,That's the only complaint from me, hopefully it can be better.👍⭐⭐⭐⭐⭐",5
b aja,4
bagus,5
app sangat membantu buat denger musik,5
bagusss,5
sangat bagus,5
great app of all time!!!!,5
sangat membantu,5
bagus kok,5
karena bagus kurang nya ada iklan nya dan pakai data,3
lagu nya bgs tpi harus beli premium untuk download,5
makin banyak iklan,1
sangat bagus,5
jyujyur bagus,5
"bagus banget,apalagi kualitas nya juga",5
nice,5
best music app ever,5
lagi enak enak nya nyetel lagu garam madu malah pindah ke monolog,5
sop,5
yg blm premium jgn terlalu bnyk jg iklannya wkwk,5
"Bagus, tp knp saya tiba-tiba tidak bisa play musik ya?",4
bagus banget apknya,5
suka karena tidak diganggu iklan,5
bagus,5
banyakin lagi promo nya,5
bery good,5
terllu bnyak iklaan tlong kurangi iklaan nya,3
good job,5
bgs tapi klw tak premium iklan nya banyak banget bukan cuman satu tapi 3/4 kan ribet jadinya mau dengar lagu aja iklan segudang,3
jelek.,1
i'ts pretty good,4
KEBANYAKAN IKLAN ANJENGG,1
"kebanyakan iklan, ikannya kepanjangan",2
"makin sering dipake malah makin sering munculin iklan. oke kalau gitu, streaming musik engga cuma disini, luas.",1
"No war, please",1
amazing,5
aku suka karna Ada aidol kopp,5
spotify jelek masa udh di nyalain lagi pas keluar langsung mati lagi lagunya,2
"seru,lagunya pun menarik",5
kurangi iklannya dong,5
josssss,5
zionist cihhh,1
too much adv,5
kikir bet ni aplikasi 11 12 sama capcut ntar di kuburnya di tutup tanah setengah aja,1
ini yang dibutuhkan,5
lumayan keren☺🙌,5
good soud & many beautiful music,5
"spotify ni makin lama makin ngelunjak ya, aku tau juga aku gak pakai yang premium tapi iklannya ngotak dikit lah kemaren baru download iklan nya gak banyak kali tapi kok sekarang putar 1 lagu iklannya 3 gila kali, iklan pun random kali,",2
spotify bagus bngt tapi ada yg sayang kan kebanyakan iklan dan ga bisa mode offline,5
mantab,5
temen di motor,5
"suara bening, gampang ga ribet dan keren pokoknya bintang 5🤩",5
mantap lagunya,4
bagus,5
wow,4
"Bagus bgt apknya,tpi kadang klo ke pencarian suka lemot,jdi bintang 4 aja",4
juaraaa,5
mantaapu,5
bagus untuk dengarij music,4
hadeuh,1
Sgnt bgsskli,5
sangat memuaskan,5
sangat bgus,5
aku senang,5
sangat baik,5
belum lama pke aplikasi nya kalo udah lama baru bintang lama,4
bagus sekali,5
muter 1 lagu iklan gtu trus hahaha gak jls,1
bagussssssss,4
"Semakin menjadi jadi ini aplikasi, mau cari lagu aja premium .kenapa saya kasih bintang lima, karena agar dibaca!!",5
kebanyakan ngiklan lu,1
tahi,1
boleh ga riquest lagu lagu lama gtu contohnya ada cinta lagunya acha butuh banget di spotify,5
baik sekali,5
Liriknya pada ga ada..sayang,1
love you more,5
"Jujur ya gue sedikit kesal sama ini aplikasi, kenapa tiap log out bentar aja dari account, pas mau login kembali malah gak bisa!? dialasan kan dengan KATA SANDI SALAH! apanya yang salah? memang kau yang buat kata sandi?! Aplikasi aneh.",3
"Aplikasi sangat bagus, koleksi lagu dan podcast lengkap. Kualitas suara jernih, fitur playlist dan rekomendasinya juga membantu banget. Cocok dipakai sehari-hari.",5
banyak iklan.lagu sesuai urutan aja harus premium,3
asik bangett cocok saat kita main game atau mau tidurr pokoknya seruuu,5
keren👍,5
kosong,1
mantap,5
"This application is really good, it has lots of features.",5
sangat bagus bisa mendengarkan lagu walau pun hp mati dan keluar dari aplikasi dan juga bisa di jadi kan alarm,5
dulu banyak fitur mudah meskipun ada iklan bisa di maklum lah gak premium tapi sekarang lagu yang disukai aja gak bebas milih nya trus skip nya juga ada batasan nya gak disaranin pake apk ini . aplikasi ini pelit,3
mantap,5
IKLANYA ALAY,1
👍🏻,5
sangat baik,5
bagus bgtt ak sukakkk🤭,5
perbanyak diskonnya haha,5
i like spotify🥰,5
lagu sanggat gamon teringat mantan,5
bagus,5
spotify membuat hidup lebih hidup,5
👍,5
semoga gratis trs,5
playlist ga bisa di buka kenapa ya?,2
suara yang bersih,5
enak,5
bagus banget semua lagu ada aku suka nya putar lagu tabola bale,5
"Aplikasi Spotify sangat boros kuota. Saya beli kuota 1GB, dan mendengar beberapa lagu di aplikasi ini, dan itu pun tidak semuanya saya dengar sampai selesai. Dan kuota langsung habis. Jadi kalau yang pakai kuota di aplikasi itu juga boros duit, karena buat beli kuotanya. Apakah cuma saya yang merasakan Spotify boros kuota? Tapi Spotify itu menurut saya aplikasi yang paling bagus kalau mau dengar lagu. Dan untuk iklan saya tidak terlalu bermasalah.",3
aplikasi ini sangat bagus,4
"Bagiku sangat membantu pada saat mendengarkan musik Baik secara online Maupun offline, Hanya saja harus memakai premium jika ingin memdownload suatu lagu tersebut,agar bisa dipergunakan di' kemudian hari secara offline, terimakasih.",5
sangat mudah dalam mencari lagu yg kita inginkan,5
kok gak ada liriknya lagi lagu di sportify tolong kasih lagi liriknya,1
mantap lah,5
enak sekali,5
bagus baget tapi tolong iklannya jangan lama2,5
"mantap sekali, ini aplikasi paling bagus untuk mendengarkan musik sih menurut gua👍",5
"banyakan nge bugs nih payah, iklan tapi ga jalan aplikasi nya",1
nice,5
spotify enak banget ini aplikasi yang bagus tapi tolong saat ingin menggunakan premium tolong buat kan metode pembayaran dengan pulsa telkomsel terimakasih,5
"kenapa spotify ku sering terpause sendiri dah, setiap 5detikan kepause sendiri bikin ga mood lagi",3
Suka,5
sangat bagus,5
wahai Spotify tolong di setiap lagu di kasih kolom komentar,5
gokil mantep dah walaupun banyak bayar🤭,5
👍🏻,5
saya sangat suka dengan aplikasi ini,5
bagusss,5
"najis apa' harus premium g semua orng punya uang, dengerin lagu buat nenangin diri ini mlh disuruh bayar masa dengerin lagu tanpa batas harus premium? aneh lu kebelet haji atau gimana? sengaja gua kasih bintang 5 biar komen ny paling atas.",5
streaming musik terbaik,5
"saya sangat suka, tapi saya akan sangat sangat sangat suka lagi kalo saya bisa dengar musik tanpa iklan dan premium",5
⭐️⭐️⭐️⭐️⭐️,5
baguss,5
Llagudangdut,5
hilangkan iklan pasti gak ada bintang 1,1
bagus,5
terimakasih telah memberikan lagu2 yang enak kepada kami,5
bagus sekali,5
sangat bagus,5
apk bagus menghadirkan lagu baru setiap hadir tapi ada masalah saya gak bisa putar lagu ke menit yang saya mau itu di perbaiki makasih,4
seru tp knpa hrs ada premium nya si..,4
👌,5
seru banget,5
iklan ga masalah tapi lagi yang dibatasi sih no,1
mantap,5
"Dikit dikit premium uang hsil premium jga di sumbangin ke isriwil, aplah app ini, zionis, BOIKOTT!!!!!!!!!,",1
"udh bagus, saran aja si lebih ditingkatkan lagi untuk lagu berikutnya yng akan diputar soalnya kadang gk sama gitu genrenya sama lagu sebelumnya. oh ya tolong adakan fitur lirik yang romanized nya, soalnya pengen sambil nyanyi karena gak tau baca tulisan hangeul, hiragana atau bhasa bahasa lain",5
mantab,5
Bagus banget sih banyak banget musiknya ✨yg meskipun ada beberapa yg apa hehe.........😅 tapi me buat playlist tapi ada kesalahan dikit gak gpp Makasih 🙏,5
sipp ngab,5
menurut ku ini udah bagus dan lagu luar negari ada pun 😘,5
yang terbaik,5
good,5
knp susah di buka kdng,5
bagussss bangetttt oyyyy,5
"maksa banget sih harus beli premium, bahkan untuk dengerin lagu aja udah ga bisa pilih sendiri",1
lagunya bagus banget,4
epic,5
keren,5
Iklan ga ngotak banyak bet mau muter 1 lagu aja kemakan iklan hampir 3 menit hilih,1
Karena bisa di scan dan enak untuk dipakai,5
wkwk mau iklan sampe 10 pun ga bakal up ke premium gw wkwk😂,4
AAAWWWWW LOVEE U,5
lengkap,5
"mantap,trimakasih!",5
beda dari yang lain dan bagus berkualitas 👍,5
mantap,5
kurang bgus pada saat iklan bnyk bgt,5
mantapkan,5
tolong dong buat premium gratis nya tambah hari nya sebulan kek hehe🙏🙏,5
byebye!,1
no words can describe this app. excellent,5
baguss,4
lagi nya bagus bagus dan cakepp,5
"iklan nya Makin banyak ga jelas,Gara2 ga premium",3
mantap,5
Mantap lancar,5
bagus,5
overall udah baguss tapi untuk liriknya kenapa tidak ada yaa di Spotify saya❓,3
musik ok suara mantep,5
Sangant menarik,5
kita coba dulu klo bagus baru aku tambh lagi bintang y,3
sangat baik kualitas lagunya juga bagus dan semua lagu ada tapi mohon di pertimbangkan untuk menghapus iklan kami tidak mempunyai uang untuk membeli Spotify premium,4
"lagunya banyak yang gada lirik itu kenapa ya?, padahal udah di update terus",5
disini banyak artis dan lagu lagu yg enak di dengar,5
mendukund israhell,1
"iklan Mulu.. awal aj gratis UUD juga, ujungnya duit lah",2
bagus.,5
very good app,5
aplikasinya bagus . sangat suka. saya bisa mendengar lagu yg saya suka setiap hari. dan bisa di simpan. ga repot nyari nyari lagi,5
",👍👍",5
seruuuu,5
apk jelk mending hapus aj dri playstore,1
"ini lu biat buat aplikasi ga si? baru juga aja main satu puteran udah iklan 3 kali, kalo gini trs bakal gue uninstall lama²!!!",1
waw lagu nya enak banget,5
Aplikasi Musik yang Paling Update,5
gitu deh,5
Iklannya kebanyakan,1
bagus q,5
katanya gak bayar gak iklan tapi aku selalu bayar terus ikaln mulu bayaran lagi jadi gak bisa dener lagu lagi🤢🤮🤢🤮🤢🤮🤢🤮🤢🤮🤢🤮🤢🤮🤢🤮🤢 pembohong,1
baik,4
bintang 4 karna premium🗿,4
gampang cari lagu,5
"Aplikasinya sih gak masalah, tp CEOnya pendukung zionis. Selemah²nya perlawanan dgn boikot apapun yg terafiliasi dgn zionis. Ini bukan tentang agama, ini tentang kemanusiaan.",1
"untuk ui nya sangat simple dan mudah digunakan,ada milliaran lagu, terimakasih",5
spot musiknya bagus2 semua musik ada. like pkok nya,5
paki plastori hampir 130k terlalu mahal hanya untukutar musik perbulan hampir 50ribu,1
jooss,5
saya suka spotify 👍👍👍,5
bisa jadi teman mengemudi ketika sendiri,5
good experience,5
uninstall kebanyakan iklan pemutaran di batasi,1
Tolong perbaiki kadang suka eror tidak bisa masuk lagi,1
senang punya sporty bisa pilih lagu 2 yg disukai. puas pokoknya ada aplikasi ini Bagus❤❤❤,5
bagus tapi tolong perbaiki aplikasi ini pas saya nyetel lagu gak bisa di ke belakangin maksud nya kan saya pas nyetel lagu terus lagunya udahan saya mau puter lagi yang pencet < itu tiba tiba gak bisa gatau kenapa tolong di perbaiki aplikasi nya,5
"sebenarnya aplikasinya bagus, tapi kenapa setiap saya ingin memutar, ada iklan tapi iklannya gak jalan, dan ini sudah berjalan beberapa minggu lalu",3
kadang suka lemot,4
so far good,5
suka sekali,5
pokoknya mantep banget lah,5
"parah. iklan nya makin sini makin banyak banget.. baru putar 1 lagu, iklan nyampe 3x. parah emang sekarang spotify.",1
sangat menghibur... bisa menemani dalam segala situasi,5
aplikasi kikir,1
josjis,5
hasil dari aplikasi ini digunakan tidak moralitas terhadap manusia,1
Raja kikir😜,3
bagusss 👍👍👍,5
i love this one,5
sangatt bagusss,4
good,5
UDAH DI TEMENIN DARI 0 EH MALAH NGELUNJAK,1
oke,5
lagu nya banyak yang saya suka banget,5
ok,5
mantap,5
spotify anj ceo ngedanain perang kalo bisa di kasih bintang minus jg gw bakal kasih bngst!!!!,1
𝐬𝐚𝐧𝐠𝐚𝐭 𝐛𝐚𝐠𝐮𝐬𝐬,4
mantap,5
Top,5
Percobaan,3
seru,5
iklan alay,1
kerja,5
wenakk,5
Asyik dengerin lagunya kerenlah 👍👍👍,5
bagus buat dengerin lagu,5
"makin kikir wowww, di akun ku setiap 2 lagu sekali iklan nya 4 kali.. perasaan ku doang apa gmn ya? dulu sebelum beli premium lebih sedikit iklannya, setelah premium nya habis kok iklannya tambah kencengg",1
lengkap,5
"terimakasih atas segala fitur nya dan rekomendasi musik nya aplikasi ini membuat saya bersemangat untuk menemui hari esok, membuat saya tidur 8 jam stabil,dan juga menjadi alasan kenapa saya gak melakukan bunuh diri",5
bebayar,4
kren,5
bagus,5
"singkat padat,sangat bagus",5
dana kok buat perang cik,1
mantapp pisann laguna kuduu rada di madodetken weded,5
sumpah dah gw agak bingung smaa nyaman sih dengerin lagu di aplikasi ini di gw ga ada iklannya padahal ga premium ya makasih ya buat developer nya jangan otak Atik lagi aplikasi nya juga ga ada yang kurang gw juga mau pake yang premium soalnya biar hemat paket langsung download lagu nya di situ,5
PRO ISREWEL JIRR,1
iklan nya banyak banget 1 lagu 3kali iklan,1
iya mas Miscall,5
mantapp eyyy,5
"jujur,saya sangat suka",5
bagus 👍🏻👍🏻,5
mantap,5
enak di denger,5
bagus-bagus lagunya saya kasih bintang ⭐5,5
👍,5
masyaallaH,5
"Buruk! bnyak iklan nya coba bayangin lu harus dengerin orang yaping 3 iklan cuma buat 2 lagu itu juga random 😑 gua mau dengerin musik masa harus nunggu iklan 30 detik males bet🗿 gerak dikit iklan gerak dikit iklan, apa coba apk kek gini coba kalo gua nemuin pengantinlu Spotify gua ngak akan gunain apk lu lagi dan tidak akan pernah! kalau lu mau tetap banyak orang yang pakai Spotify lu buat iklan lebih dikit minimal 1-2 iklan untuk 2-3 lagu dan jangan ada iklan lain selain untuk muter musiknya",2
good,5
bagus tapi bisa gk aplikasinya gk bayar,3
BAGUS BANGET UNTUK YG INGIN MENDENGARKAN LAGU,5
"bagus kok, tapi tolong jangan apa-apa premium",4
saya tidak suka aplikasi zionis,2
saya sangat menikmati lagu²nya!!,5
"kepala bapak kau lah, nyuruh premium maksa amat dah monyet",1
keren sekali,5
mantapp,5
zionist,1
bagus buat denger musik,5
Kawan ketika sendiri.,5
"sangat "" bagus untuk saat tidur dan jarang sama sekali ada iklannya",5
canggihhh mantapppp,5
apa apa harus premium komtol,2
woy apaan setiap mau dengerin lagu yang ada dipencarian selalu ngebut dengan tulisan iklan dan layar menjadi hitam👎🏿👎🏿,1
bagos,5
kalau bisa lagu yang di sukai saat di putar bisa urut ya🙏🙏,5
tidak semua lagu mempunyai lirik,5
bagus dan banyak lagu,5
baguss,5
asik :p,5
denger lagu aja di suru bayar,1
lagu nya enak seru bikin mood banget,5
mending donwload di apk gratis,3
"Mantap.....tanpa iklan, Sportify Music the best.",5
Mantep aplikasi ini contoh misal kita main game FF bisa nyalahin lagu apa pun di aplikasi ini penting gacor king,5
terlalu banyak iklan,2
sangat bagus aplikasi ini bisa langsung tau lagu yang mau saya cari. sekali lagi saya ucapkan kan aplikasi spotify adalah aplikasi yang sangat bagus!!,5
jelek jir ni apk malah dukung isronyoll,1
komplit mantul pokokke jos gandos leb godek,5
enak buat dengerin sambil aktivitas 👍,5
kerennn 14.09.2025,4
"suka tiba-tiba da ada lagunya, iklan ya stop buat ga bisa dengar musik",3
premium semua,1
"Banyak iklan, selebihnya bagus banget.",4
"aku kasih 5 bintang, tapi ada yang kurang, coba lihat tetangga puter musik offlin",5
lirik nya sekarang kok gk ada,5
apa ini makin lama makin taik updatenya masa pilih lagu yang mau didenger harus top up. kalo hanya putar acak gk masalah ini orang mau denger lagu yang satu malah harus premium,1
sangat bagus,5
top,5
semoga gak iklan,5
enak buat main game,5
seru,1
keren,5
bagus,5
suka banget pliss🫰🏻,5
"sejujurnya sudah nyaman, TAPI KENAPA AKUN KU TIBA-TIBA HILANG TANPA ALASAN!? BUG APA INI! KEMBALI KOLEKSI LAGU KU!",4
saya sdah bayar langganan premiun iklan masih terus ada kak,4
baik,5
"kenapa sekarang sprtfy malah jadi lama banget yah,loadingnya lama,ngelek,juga udah coba isi kuota kan takut nya karna kuotanya apa ya, sama aja",1
bagus,5
kurang bagus,4
mantap,5
bad ceo Spotify,1
gabut,5
0itu saja,5
baguss,5
ini kenapa susah di download ya,2
best song,5
akusi bintang 4 dulu karena tiap mau ngidupin musik ada iklanya,4
baguss bgt pokokny,5
bagus,5
"Redmi Pad SE Gaada fitur lirik lagu saat landscape, hanya portrait. so bad",1
ganti apk musik gk nih,1
sangat bagus dan di rekomendasikan untuk mendapatkan lagu lagu yg anda mau cari,5
aplikasi ini terlalu banyak iklannya,4
bagus aja sih bisa denger lagu kesukaan gitu tapi minus nyaa aku tadi pas mau nyetel ada tulisan kamu ada fitur premium aku udah coba tapi gak bisa jadi mohon buat di perbaiki lagi ya 🙏,3
worst,1
sangat bagus 👍😎,5
"spotify, jadiin premium gratis pls",5
awesome music player,5
asu,1
mantap,5
m. sayyldulabrar,5
bagus says suka,5
ikhlas banyak dan terlalu lama,2
"Halooo, kami mau masuk ke paket family tapi kenapa tidak bisa terus ya? Link undangan sudah kami terima, sudah juga mengisi alamat sesuai dengan akun pengelola paket. Dan sudah muncul juga di pencarian dan terkonfirmasi. Tapi begitu klik ""konfirmasi"" malah di alihkan ke halaman promosi paket premium. Mohon bantuannya... Terima kasih #sudah tanya cs akan tetapi jawabannya tidak membantu 🙏🏻",2
"Ten Out Of Ten, Tapi untuk paket premium pelajar itu sekolah nya belum lengkap (Saya sekolah di SMK 1 Ajibarang) atau kalau bisa mengisi sendiri nama sekolahnya dan data data nya. Tolong di lengkap kan sekolah sekolah nya agar pelajar bisa mengakses paket premium pelajar... Kalau bisa ya di turunin lagi harga paket premium pelajar nya 🤭. Oh ya sama kenapa kalo di shuffle pintar lagu nya sama samaaaa Mulu, Kan bosen lama lama, Tolong di usahakan Shuffle pintar nya bener bener pintar, Bosen dong",5
"Saya suka!,karena di saat kesepian saya senang memutar nya setiap hari!,tapi kurangin iklan nya saja!",5
jangan lama,5
"aplikasi yang pembayaran langganan premium nya tiba-tiba di sedot dari saldo dan tidak ada notif atau persetujuan dari pihak kita, emang aplikasi jmbt",1
bagus,5
good!!! aplikasi lagu ini dipake sekeluarga sama aku,5
ok,4
sumpah enak banget ya.... 🙄 walaupun aku gak premium jadi aku blom tau banyak tentang Spotify tapi seru kok bisa karaokean berbayar,4
ok baguss,5
klo bisa aku bakal jdi salah satu di lagu Spotify ini😊,5
bagus sih cuma bikin kesel setiap kalau mau denger lagu lagi asik²nya malah mati lagunya gara² jaringannya ilang terus kalau mau denger lagu secara offline gak bisa harus premium terus kadang lagi asik pas lagunya abis seharusnya keganti yang ada di playlist punyaku malah keganti kelagu yang gak ada di playlist ku bikin kesel banget!,3
seruuuu dan candu,5
aplikasi yg sangat berfaeda smua ada di sini yg tentunya isinya daging semua,5
bagus,4
mantaf,5
aplikasi lol gblk apa² premium,1
nice,4
bagus dan menarik,5
bagus,4
Bagus banget sumpah enak banget lagi lagu lagu nya kalian wajib si menurut aku Dowload ini,5
"jujur si aplikasi ini bagus banget, tapi kekurangan ya itu di iklan nya, setiap iklan selalu bosen kalau menurut ku",5
aplikasinya mantap saya hidupkan saat saya ml sama pacar supaya desahnya tidak kedengaran,5
spotify sangat bagus,5
bagus,4
asik dan gratis trimakasih,5
lagunya update dan terkini,5
bagus,5
"lagunya bagus""",5
apk sampah,1
Jujur ya spotify ini ga bgus,1
bags,5
bagus,5
suka banget denger musik di aplikasi in,5
mantap👍,5
apk nya bagus cuma terlalu banyak menampilkan iklan,4
apk lagu Ter the best,5
makin semangat ngerjain tugas,5
suka banget sama aplikasi Spotify,5
lagu lagunya sangat bagus bos.,5
bagus bgt jadi semngat olhrga,5
suka banget dengerin lagu di spotify,5
👍👍,5
bagus prefek banget,5
😹,1
aplikasi nya mah lumayan tapi iklannya noh lama banyak + lama sama fitur fitur lainnya semuanya kebanyakan premium,2
bagus,5
ok banget,5
Saya menggunakan aplikasi ini sangat bagus sangat keren tapi banyak iklannya tolong yang punya aplikasi ini kurangi iklannya jangan banyak-banyak terus,1
"gajelas, akun gw ga kenapa2 tapi bermasalah mulu",1
spotify gua ngebug njir jadi download lagi ga mau ngeputar musik,3
aplikasi ini bagus,5
Awesome the best Spotify,5
kren,5
"aku suka lagu lagu, ketika AQ kerja suka putar lagu. keren luar biasa❤️🥰🥰😘",5
bagusssssss,5
lagunya oke banyak,5
"apk nya bagus² aja tapi saya minta tolong di tambahin dana dong buat pembayaran premium, ini saya mau premium tapi engga ada apk dana",4
bagus sih cuma..KLO blm premium ko lagu' ke di batesin gitu nunggu 24jam dlu baru bisa lagi..TPI not bad lah..nice boyyh,5
aku suka..bagus.. terus nyambung dengan lagu sebelumnya,5
Saya suka aplikasi ini,5
sy baru mendownload nya. semoga memuaskan aflikasi nya dan tidak banyak iklan nya.,4
"serba premium, lama2 kayak resso apk mati",1
aplikasi yang sempurna kalo udh premium,5
iklan nya agar di kurang in pasti mantap,1
enak untuk di pakai,5
aplikasi yang sangat baguss,5
Keren Abis 👍,5
mix sesuai mood tau tau aja mna lagu yg cocok,5
gacor,5
TUMON,5
Bagus,5
malem malem sunyi denger suara iklan kuntilanak su,1
ok,5
🥰🥰🥰🥰🥰,5
saya suka aplikasi ini saya jadi suka dengar musik lebih enak,5
oke,5
baguss apknya,5
"sangat bagus juga enak suaranya,tapi lain kali kalo bisa semua lagu ada liriknya apalagi yang inggris",4
"Aplikasi Bagus user experience pribadi juga oke, Tolong Spotify dengerin keluhan pengguna juga Yaa",5
bagus,5
bagus bangetttt,5
sangat baik,5
menyenangkan,5
bagus walaupun ada iklan,5
spotify bisa offline ga?,5
"maaf, ini tentang kemanusiaan",1
sekarangg jauhh lebih kerenn dri yg dulu,5
Plisssasssss Kasih Fitur Offline dong Pemutaran Offline Misale udah Download Bisa Diplay tanpa Kouta jadi enggak bolak balik muluh plisssasssss Nanti Rame pasti!!!!!,5
oke,5
okey abis,5
dia kaya babi,5
amazing! ini yang papa cari..,5
memang aplikasi ini memang bagus tapi masa aku harus bayar sih baru bisa download musik nya makan cuma 3 bulan doang bayar nya 52 ribu kan di luar nulur makanya aku kasih reding bintang 4 aja tolong ya yang buat aplikasi nya ini admin nya ini banyak juga orang yang suka degan aplikasi nya cuma karena bayar buat download musik jadi ga bagus banyak yang pegen download tapi ga punya uang buat bayar nya tolong di perbaiki ya min☺️☺️,4
walk in the summer gue ilang woooyyyy spotify,1
in this economy banyak yg spotify prem?? ckck,5
bagus semua lagu ada keren,5
MANTAP,5
sound good,5
saya suka Spotify jadi tidak jenuh klw kita LG di perjalanan,5
Aplikasi yg sangat bagus dan menghibur........( Bintang 5 ),5
Beri tahu kami selengkapnya opsio Aris Budi Sulistyo wimbo di dunia yang tidak bisa ngomong Indonesia mkosa yang yang tidak dapat dipisahkan dengan tidak adanya di wa bayar mas iya exp rate this video tidak bisa nulis apa mau dikata di wa bayar mas kawin gaes JK di PKB di yang tidak dapat melihat dengan yang lainnya di sini dulu ya kata yang tepat untuk membeli produk ini adalah hasil dari mkl aku yang dulu bseaop ia tidak ini paling guankop hiasannya yang telah ditetapkan dalam KLUB giving you,5
sangat cocok untuk mendengarkan musik,4
mantap kalo premium wkwkwk,5
enak klo gd iklann tpp the best sihh,4
menghibur bangett,5
"makin tahun makin proper, nice",5
kualitas suara bagus .... cuma klu bisa iklan di delete,5
bagus tapi kok punya ku gabia di maju mundurin ya lagu nya?,4
👍,4
sangatt sukaa!!,5
jujur Spotify bagus cuma kadang kadang di pilihin sendiri kalok gak mau harus premium jadi gak suka aja aku kasih bintang 1 aja,1
Spotify sagat baik,5
banyak lagu seru nya,5
"apknya baguss bangett,suka sama Spotify ❤️",5
Terbaik,4
"sebenarnya aku suka banget sama aplikasi Spotify tapi semnjak ada iklan jadi kaya ke ganggu gitu kalo lagi dengerin musik,, dan sekarang harus bayar,, jadi gak kaya dulu,, dulu mah bebas buat dengerin lagu apa aja tapi sekarang gabisa bebas gegara harus bayar dulu,, maaff ya harus kasih bintang 1 karna kecewa sekarang mau denger musik gak bebas harus bayar apalagi dikit dikit iklan,, sangat terganggu,, maafff................",1
GK tau mau nulis ap,5
Bratuha.,5
bagus banget,4
jos,3
"Bagus suka bangett, gak nyesel download ini, perfect dah pokoknya",5
Macet macet mulu,1
sahabat di kala galau,5
sangat bagus🤩 sya suka meski pun rada rada ngeleg tapi bagus banget,5
bagus coyy,5
"ada batasan mendengar music, tidak rekomen untuk mendengar music saat perjalanan",1
banyak kli iklan nya 😠😠😠 palagi gila suruh beli premium lu kira gw punya uang,1
muantap,5
bagus,5
aplikasi yg kyk babi KLO di premium mlh nbh kgk jls mnding gotube,5
bagus bgt🤩,5
memudah kan,5
bagus banget bisa dengan lagu favorit,5
karna saya bisa mendengarkan lagu tanpa iklan,5
woi kenapa spotifyku diblokir,1
saya jadi suka musik dari aplikasi ini worth it anget di coba bang,5
ok,5
"saya sudah merasa cukup dengan fitur yang dimiliki spotify, tetapi saya masih menunggu munculnya fitur audio lossless, yang bisa memutar lagu hi res seperti platform sebelah",4
bagus lagu nya lengkap tapi harus pake kota terus banyak iklan nya,3
bagus banget sumpah,5
the best apk,5
aplikasi nya bagus buat nge dengerin musik,4
baguss bangett sumpahhh kadangg ga di cari langsung tiba² lagu kesukaan muter,5
Seru denger lagu sambil main game dan gratis juga,5
sangat lah Bagus banget aplikasi nya denger lagu nya bagus,5
GOODDDDD,5
bagus tapi sering ada iklan terus,4
yaudah,5
ini sangat bagus,5
sehr entertain,5
"bener""harus disuruh premium,terus juga klo premium udh abis malah dikluarin akunnya kocak bgt,mau masuk lgi susah bgt kodenya kga dikirim""ke email hadeuhhh wkwkwkwkwkwkwkwkwk",1
"aplikasi jelek, apa2 harus bayar",1
oke,2
"Bored? This application exists, I often listen to a lot of music from this application, moreover this application has many music playlists that are fun to listen to.😍",5
bintanggg 5 buatt Spotify💖,5
"Lumayann..,tapi sekali dengar lagu,iklan nya sampe berkali kali 🤗 Stop yh,nga sigma tau ngga? masa dikit dikit harus premium? mines banget auranya.. 3/5.",3
"aplikasinya bagus, tapi yg free selain iklannya banyak banget, mutar lagunya bisa keluar playlist yg di sebutnya dgn suffle pintar. hmmmm",3
seru bisa sambil bermain,5
keren,5
𝚋𝚊𝚐𝚞𝚜 𝟸 𝚕𝚊𝚐𝚞𝚗𝚢𝚊,5
nggak jelas banget nih aplikasi dulu nya aman aman aja tapi pas mau pilih lagu malah iklan tapi iklannya gak jalan durasinya warna hitam doang gak jls bgt,3
suka bangett,5
good,5
sangat bagus,5
disuruh sama spotify,5
banyak iklan anjim,1
bagus dan lengkap,5
banyak lagu yg saya suka,5
saya suka medengar dan nyanyi lagu lagu,5
lagu favorit semua ada topp,5
"apaan anjir lagu gua gabisa di play perkara premium habis,mau gamau bkin akun baru,pdhl udh cape gua kumpulin playlist itu anjir anjir. parahnya lgi mau play lagu pun ttp gabisa",1
"Terlalu banyak iklan, play 1lagu doang bisa lgsg kena iklan 2 play 1 lagu lagi kena iklan lagi huft",3
sangat bagus untuk di gunakan,5
bagus,5
bagus,5
"bagus,",5
"saya kurangin bintang nya.. jelek saat ngeplay suka mati sndiri, pdahal wifi kenceng, memory hp juga lega tapi tetep mati..",2
sangat bagus tapi sayang nya gak bisa di setel musik nya pas lagi make aplikasi permainan ya,4
iklan mulu gk ngotak bgt msa bru putar 2 lagu udh iklan pdahal dulu gk gini kecewa bgt si,1
𝑠𝑛𝑔𝑡 𝑏𝑔𝑢𝑠 𝑘𝑒𝑟𝑒𝑛 𝑠𝑎𝑛𝑔𝑎𝑡 𝑒𝑛𝑘 𝑑𝑖 𝑑𝑒𝑛𝑔𝑔𝑎,5
Aplikasi yang tidak,5
"keren, mantap",5
lagu barat banyak yg nggak ada lyric,3
Banyak iklan kalo iklan di kurangin auto bintan 5,1
makin lama makin kikir jadi ga bisa nikmatin dengan bebas,2
mantap,5
"sangat bagus,saya bisa mendengarkan lagu yg sangat suka",5
bagussssas,5
BOIKOT SPOTIFY APLIKASI KIKIR BANGSAT,3
"Meskipun aku ngga ambil premium, tolong kalau iklan suaranya jangan terlalu keras dong, kadang suka kaget kalau habis dengerin lagu suara iklannya kebesaran padahal suara lagunya ngga sebesar itu 😔",2
"sangat aktual dan dinamis, mendengar lagu di sporry",5
jangan premium,1
ok,5
keren,5
kalo bisa free premium,5
aku suka,5
bagus banget sama kejar paket lengkap dengan aku sedikit terkejut dengan apa yang,5
ok.........,5
"saya ingin beli promo namun selalu ada pemberitahuan tidak dapat terhubung, tolong kalau buat promo itu yg betul ya mudahkanlah pengguna dalam akses. jadi gajadi langganan deh hehe",2
bagusss banget aplikasi nyaaa 🤍🤍🤍,5
banyak iklan nyA,2
bagus,5
ada premi mlh lemot,1
sangat berguna,5
bagus,5
sesuai ekspektasi,4
sangat cocok untuk di dengar tapi semua music nya tidak lengkap,3
"saya suka aplikasi ini,, bagus 👍",5
baik,5
keren untuk aku,5
jujur ni aplikasi bagus Bang walaupun HP nya di matiin musik nya masih nyala pokoknya good job deh buat spotify 👍💪,5
apk nya bagus,4
"gila iklannya bnyk bgt, mana lama bgt udh gitu setelah beberapa pemutaran gak bisa pilih musik malah ngerandom",1
kecewa sama spotify,1
cocok untuk menemani hari hari saya,5
ok banget,5
Musik & Audio Terbaik 😇,5
Apk ini sngat bagus,5
"APLIKASI,,,SANGAT BAGUS SANGAT KEREN,,SEMOGA SUKSES KEDEPANNYA",5
enak buat nememin galau,4
bagus sih tapi itu dulu sekarang mah aneh ni aplikasi pantes orang banyak pake yang mod,3
keren,5
sangat cocok untuk mendengarkan. musik,5
gak peduli,1
saya suka,5
"anj , gpp si cuman lagi kesel doang",2
👍,5
good,5
bagus,5
boikot zionis!!!!,1
bagus bangett sumpahh,5
gabisa didengerin musiknya,1
spotpy kamu keren banget tapi jangan kikir lah,3
Mantap,5
njay penyuplay perang,1
mantap,5
saya kasi bintang 4 karna ada beberapa lagu yang gak bisa di putar/mainkan seperti RSP yasashiiuta padahal ada di list,4
terimakasih saya sudah mengerti,5
"masa request lagu juga harus premium, kalo request harus iklan gapapa deh ini masa harus premium sih",1
lengkap setiap lagu,5
bagus,5
Sangat membantu dan terhibur. Terima kasih.,5
pas dulu kalo mau ganti lagu engga harus premium kok sekarang bisa makin lama makin pelit,1
便利です。,5
sangat bagusss👍🏻👍🏻👍🏻,5
aplikasi Spotify bagus bngt semua lagunya ada dan bagus² bngt pokoknya the best dehh Spotify,5
makin diupdete makin ngak jelas banyak bug apalikasi tolol mutar musik apa yang didenger musik apa,1
josgandos,5
sangat bagus saat mendengar musik tapi tolong jangan banyak iklanya y,5
𝑔𝑜𝑜𝑑,5
sangat enak,5
enak banget KL udh ada spotify,5
kenapa erorrr sihh trss tiba tiba ganti ganti lagu dan lagu yang udah di sampan pada ilang padahal sinyal baguss,1
aplikasi gak jelas aneh harus premium dulu baru bisa musikan,1
top ini sih KLO lagi galau pasti pke ini.😜👈🤭👊,5
terlalu banyak priminium,1
"tambahkan fitur lirik onscreen saat kluar aplikasi, seperti di resso",5
Why do family package prices keep going up?,5
"i love spotify, sumpah bagus banget, kalo menurut ku sih gaada kekurangan ya, kecuali iklan ditengah musik, atau biasanya hbs musik itu iklan, tp okelah, ofc harus premium dulu kann, but i like, lov uu spotifyy",5
sangat sangat bagus,5
bagus,5
seru tp lebih seru kl premium kynya,5
bagus banget apalagi lagunya semuanya lengkap:],5
Saya ga akan mngunakn apliksi ini lagi.. ajing iklan trus,1
5 dong aku bisa setel lagu galau,5
bagus banget tapi buat jangan besar mb ny,5
seruu,5
bagusss,4
"aplikasi nya sangat bagus, bisa dipakai untuk beraktivitas, lagunya juga banyak banget",5
good,5
bagus,5
Berinteraksi sederhana namun menggembirakan suasana .,5
"musik yang di cari sesuai, tapi kadang suka ngacak kalo setelah musik pertama udah selesai",5
baru pertama x nyoba dan rasa ny hidup jd ber warna,5
mantap galau jadi makin enk,5
"keren banget, banyak lagu yang seru",4
Mantulll Pertahankan yaa,5
menghibur,5
menurutku untuk yang free ini iklannya tolong kasih 7-10 lagi perbatasan nya,3
aplikasi gajelas mau daftar stuck di loading Mulu pake akun google nga bisa masuk pake no wa lama masuk nya😹,1
seru banget,5
bagus mbanget,5
buagusss!!! gak premium aja enak apa lagi premium lebih enak lagi,5
Lumayan,4
pilihan paling yahood buat dengerin musik..,5
aplikasi ini cocok digunakan untuk mengurangi stress,5
kecewa,1
aplikasi sportify ini sangat bagus tetapi menurut saya ada yang harus di perhatikan tentang iklan tidak terlalu lama atau banyak 🙏,5
MANTAPPP♡,5
sangat bagus buat dengerin musik sed di malam hari yang sunyi,5
"sebenarnya apk nya bagus dan bisa dengerin lagu secara gratis, tapi tolong lahh hilangin iklan, gw kasih bintang 3 aja semoga Spotify nya nggak ada iklan samsek",3
"mantap, hidup jd lbh bermakna",5
Lagu di Spotify banyak banget dan bagus bagus saya sukaaaaaaaaaaaaaa,5
bagus walau kbnyakan iklan,5
acara podcast nya bagus2,5
bagus dan menyentuh hati dgn lagu2 kenangannya,5
mantap,5
banyak bug gabisa play lagu,1
good,5
saya suka sportify music,5
memang ok ini apk,5
ini sangat lah bagus sekali,5
ok,5
asik bisa dengerin musik yang saya suka,5
"pokoknya Spotify,ok bnget sukses selalu buat owner nya",5
banyak iklan,5
bagusss,5
Bagus,5
😐,1
👍👍👍👍,4
keren,5
baguss apa lagii banyak pilihannya,5
aku ke aplikasi sini asik asik sajah bila selama aku gunakan ada macam semacam sketika sering muncul ketidak nyamanan layanan kami akan memutuskan seketika,5
terbaik 🤩,5
bagus,5
mantap,5
lagu nya ada yang lama juga suara nya bagusss,5
harus premium terus,1
bagus sekali,5
good jobs,5
bagus banget apa lagi banyak banget lagu yang aku suka,5
"Mantap, lagu band rock bali ditambah lagi biar makin lengkap 🤘",5
BAGUS,5
"menurutku ini oke kok... cuma minus nya di iklan dan batas pemutaran lagu untuk pengguna free, iklan kebanyakan, terus juga ada batas pemutaran lagu nya dikit dan itu yang buat kita kurang suka, semua lagu ada disana tapi tolong batas waktu nya di banyakin dikit minimal 10 atau 20 lagu untuk pengguna free, tapi ini udah oke sih buat yang pengguna free.",3
bagus banget,5
ok,5
𝙖𝙥𝙡𝙞𝙠𝙖𝙨𝙞 𝙣𝙮𝙖𝙖 𝙨𝙖𝙣𝙜𝙩𝙩𝙩 𝙗𝙜𝙪𝙨𝙨𝙨 𝙖𝙠𝙪𝙪 𝙨𝙪𝙠𝙖𝙖𝙖𝙖,5
foto profilnya suka jadi burem,3
"aplikasi musik paling kikir, pelitnya ngelebihin firaun",3
bagus tapi biasanya ngelag,4
"dari awal pertama kali muncul di Samsung , Sportify sdh keren",5
bagus,5
"ini adalah aplikasi barbar karna memiliki banyak musik seperti karoke,Islam,phonk,dll, ini bisa bikin saya kalau main games seperti FREE FIRE, ROBLOX, MOBILE LEGENDS",5
lagu nya bagus bagus mantap lah pokonya,5
woow,5
cakep,5
"saran kalau misal album pop atau dangdut ataupun yg lainya ketika di putar, jgn bercampur, kalu album dangdut ya dangdut jgn tiba2 ke pop atu rock",5
asik buat dengerin laguu,5
emang ok bgt sih,5
aplikasi bosok mosok kudu premium,1
Bagus.,5
bagus sekali,5
sangat mudah diakses,5
"iklan nya dari 1x, 2x sekarang sampe 3x, udah gtu kalau yang free di batesin milih lagu, dan di batesin ngelewatin lagu, padahal yang dengerin pake kouta juga, tapi sok jual malah developer, nanti kalau pada pindah aplikasi baru tau deh..",1
Aku tuh sebenernya suka sama appnya tp don't being greedy okay?,3
"Spotify sekarang apa-apa premium, bahkan buat nyetel lagu di pencarian sama di playlist sendiri aja harus bayar. Padahal dulu nggak, jadi kalo mau nyetel harus yang random",1
reset ulang,5
bagus,5
dll i,5
good lah,5
bermanfaat,5
bagus banget kalok putar lagu galau,4
mantap,4
Puassssss,5
sangat membantu,5
aplikasi ini memudahkanku untuk belajar dari bahasa dan arti setiap music aku terkesan dengan aplikasi ini karena sudah menemaniku sepanjang waktu ya walaupun jarang langganan hehehe tapi jujur aku jadi lebih berwarna karena platform ini terimakasih untuk yang punya platform hehe,5
layar hitam terus anehhh,3
senang,4
SURYA 19-45 UTOMO,5
sangat bagus,5
ini bagus buaanget,5
Opsional,5
bagus,5
keren,5
mantap,5
Senang mendengar kan nya,5
sekarang spotify ribet kalo mau denger lagu sepuas nya harus premium kalo gak premium di batesin kalo mau denger lagu lama-lama spotify ribet terus banyak peraturan bikin kesel,1
dulu murah banget deh skrng kok mahall bngett siii mau premium tapii ilove Spotify,5
"menurut saya, sebenarnya spotify itu bagus, cuman tolong IKLANNYA DIKURANGI. Yang dulu cuman 1 iklan sekarang udah 3 iklan? Itu gimana ceritanya? Atau tidak minimal setiap 7-10 lagu baru muncul iklan, jangan setiap 2 lagu sudah muncul iklan, mana iklannya 3 kali lagi. Tolong ya spotify, demi kenyamanan pengguna free ini, mohon banget nih biar iklannya itu dikurangi dikit soalnya sangat mengganggu kenyamanan saya",3
Sangat bagus untuk selalu mendengarkan musik setiap hari,5
"mau milih lagu sendiri mlh dijadikan premium, sekalian semuanya aj dijadikan premium 😥",1
knp yah kalau pake headset agak berhenti dan berhenti terus sampe harus dinyalain manual,1
ok,5
aplikasi paling berat yang pernah ada. ga bisa puter lagu karna muter-muter terus padahal sinyal lancar,1
kerennn good,5
Bagus nantap jaya,5
bgs aj,5
blablabal,1
lagu apa saja ada disini top bgt lah,5
nih apk enak bet buat relax 😌,5
bintang 3 dulu baru gabung soalnya,3
harus premium kalo udah lama,1
mantap,5
apaan tiap baru 3 lagu iklannya 4?? gile aja lo. mana iklannya yg gebrak meja itu bikin kaget klo pake headset apalagi. tolonglah ilangin aja tuh iklan yg gebrak meja,4
semua lagu ada enak lagu galau:(,5
best aplikasi,5
"Saya biasa pake aplikasi ini untuk mendengar saat belajar atau saat santai, aplikasi ini bagus buat santai-santai, masalahnya, kalau tidak ada premium, kita tidak bisa download lagu. Kalo bisa, pengguna free diperbolehkan download lagu apapun, sebab tanpa internet, aplikasi ini hampir tidak berguna bagi pengguna free.",4
bagus si tapi masa di hp gw lirik nya ngbag GK bisa di lihat hilang Mulu,1
sportify makin mantap serasa bertualang bersama,5
top,5
lovv u Spotify 🤍🤍✨🌷🎧🎶,5
aneh banget kenapa gak bisa di download sih???,1
ok,5
"yaampunn, sekarang apa-apa emg harus premium yaa, dulu iklan spotifiy nggak sebanyak itu, sekarang makin ke update baru putar 2/3 lagu doang iklannya 3 kali hmm bikin mlzzz, padahal sebelumnya pw bgt make spotifiy walau nggak premium",1
kok gak bisa diputar lagu hasil remixing padahal bisa Berjam jam setinggnya apakah karena sinyal atau apk murahan,2
sangat lah bagus cocok didengarkan saat lagi bersantai atau lagi perjalanan,5
Good goodd,5
Nice but the sound lacks bass,5
mantap musik nya keren..🙂,5
sangat bagus🥹❤️,5
bagus sekali,5
kreen,5
aplikasi ini sangat bagus untuk saya jadi terimakasih banyak untuk aplikasi ini 😀,5
bagus bngtt lgu lgu nyh,5
spotify sangat bagus dan dia bisa di matiin hpnya pun lagu nya masih ada masih nyala,5
ini app yg sangat baik,5
mantap sekali aplikasi ini bisa mendengarkan musik tanpa iklan,5
bagus,5
sangat baguss,5
baguss😁,5
lagu'nya bagus,5
"dikit² premium, tailahh, ya minimal iklan nya ckup 1 lah, udh 4 thn pke Spotify mkin update mkin rusakkk. mau gnti aja di batesin sehari 6× apaan coba?? iklannya musik gratis, udh bnyk yg download malah ky gini. lgsg ku uninstall, ya kalo udah ada iklan bejibun, gabisa di urutin lagunya minimal bisa milih lagu sendiri kocakk.",1
okee banget,5
Bagus baget Terimakasih telah menciptakan aplikasi ini Iklan dikit udah bisa degerin lagu banyak Saya sangat berterimakasih Spotify no 1,5
tapi Ga di hour,5
"Spotify kok makin baru makin gak menyenangkan ya? Pasti banyak banget promosi promosi spotify premium, lagi enak enak denger lagu yang disukai eh tapi malah ke lagu lain terus ada tulisan ""hanya ingin dengar lagu yang disukai? Unduh spotify premium sekarang!"". Ada lagi waktu saya masuk tiba tiba udah dikasih kejutan ""ayo unduh spotify premium sekarang"" dan ada lagi saat saya ingin masuk ke playlist saya tiba tiba ada promosi spotify premium lagi. Tolong diperbaiki ya jangan kasih promosi banyak²",2
aplikasi nya sangat menarik dan aku juga suka lagu nya rekomen dasi buat yang suka dengerin lagu galau dan segitu dari saran saya cukup sekian terimakasih,5
enak buat bersihin rumah,5
kebanyakan iklan. katanya gratis tapi kok harus bayar biar iklanya hilang,1
ribet ah gk bisa muter lagu malah suruh berbayar terus iklan terlalu banyak sedih sih kecewa yg tadi nya bisa putar online sekarang harus berbayar,1
"aplikasi iklan dgn sedikit lagu ini mah iklan banyak betul sumpah mohon dikurangi seperti dlu lah ini iklan nya udah banyak sampai hampir hafal sya dengernya ada yang nyanyi gaje ada yg curhat dll. udah, kalo mbales g usah nyaranin beli paket paket premium kgk ada duit gw anj 🗿",1
alusss mantapp,5
sangat,5
musik nya pada bagus monolog,5
"Spotify sangat bagus,aku yang suka nyanyi aja nyanyi hampir tiap hari dong",5
ya cukup bagus karna saat banyak pikiran aku mendengar lagi di sini cukup menghibur😌😇,3
nice,5
mantap,5
nice aplikasi,5
parah banget semua harus premium aku gak bisa denger lagu yang aku suka,1
kalo sad nyalain musik aja,5
"musik nya lengkap dari yang nostalgia sampai yang tranding sekarang,dan juga tidak ada gangguan sama sekali,mantap spotify kinerja nya sangat bagus dan mantap",5
mantab,5
no iklan min,5
Aplikasi nya bagus dan keren,5
asyiiik,5
harus bayar kalau mau pilih lagu sendiri parah banget,1
"TOP Markotop,, kereeen abis dakh Spotify music",5
Applikasi music no1,5
"Tolonglah Spotify,jangan play musik di luar playlist,semua orang belum tentu suka sama lagu yang tiba-tiba keputar dari luar playlist,risih banget asli lagu dari playlist malah ke campur sama lagu dari luar playlist",4
seru banget,5
pokoknya mantaplah,5
aplikasinya kurang bagus GK kayak YouTube musik aplikasi ini ganti lagu aja terbatas kyk bego aja yang buat aplikasinya udah make internet Masi aja terbatas mau korup ya?,1
🤍.,5
bagus,5
sangat membantu,5
pro zionis,1
"Bagus sekali, tapi tolong developer , iklannya di kurangin",4
lagu banyak enggak enak sama knp harus premium,4
"Bagus"" aja",5
🇧 🇴 🇮 🇰 🇴 🇹 !,1
"Ok, juga.❤️",5
pengalaman bermusik dan menyanyi semakin baik bgs di dengarkan kapan saja dan dimna saja,5
Sangat manfaat buat hiburan,5
top,1
bagus sekali jernih dan lengkap semua lagu,5
bagus,5
apk haram,1
jos...jis...bisa nostalgia memutar lagu jadul.,5
sangat bagus sekali sayang tidak ada harga pengangguran cm harga pelajar,5
bagus bangey,5
mantap,5
🎶👌,5
Tampilan aplikasi keren dan performa nya juga bagus,5
sangat Bagus,5
Top banget dah...cocok buat santai dan ngilangin stres karena lelah nya pekerjaan,5
ok,5
cakep pisan pokonya mh recomemded,5
asekk,5
kenapa udah gabisa bayar premium student lewat pulsa? tolong adain lagi karena aku mau beli spotify premium tapi pakai pulsa,4
nice ..i like .. pertahankan ya,4
"musik lumayan enak""",2
Where to? 1 week 10k premium..,3
Bisa menikmati musik kapan saja dimana saja tanpa henti sangat menyenangkan untuk teman bepergian jauh,5
asyiiik dengerin lagu lagi jaman JD penyiar...thn 85 SD 90...,5
good,5
"bagus,cari lagu2 juga mudah. pokoknya sukses terus buat spotify. tanpa jeda iklan.",5
nice,5
ada iklan,3
lagunya enak enak,5
"gitu dong penanganannya cepat, kan gitu aku jadi senang, sangat puas dengan pelayanannya",5
"aplikasi ini sangat bagus, akan tetapi kita tidak bisa mengulang lagu yang sama terus menerus, jadi saran ku sih tambahin fitur itu aja yg Laen udh bagus lah",5
"good,bailk,perfect.",5
tolong murah kan lagi untuk premium nya wkwk,5
seru sekali,3
apk nya baik,4
luar biasa dalam menyediakan lagu,5
banyak musik yang bisa kita steal dan banyak musik yang menenangkan hati dan menyenangkan hati! pokonya spotify selalu menjadi yang terbaik jika ingin mendengar lagu favorit kita!,5
bagus,5
Minimal hapus vitur premiumnya,1
iklan klau bsa di hilangkan sja krna setiap putar musik iklan muncul setiap 1 lagu habis,3
yaaaa,5
bagus,5
saya sudah berlangganan tepi kok tidak bisa uang e juga sudah ditransfer,1
sampah ribet banget mau premium enggak seperti dulu lagi,1
lumayan,3
milih lagu pun harus premium 🥀💔,1
cukup menarik,5
niceeeee,5
Sebenarnya si bagus tapi klo gk premium ..jadi ada iklannya jadi gk enak di dengerin tiba² iklan 😁Juga ini lagu dilengkapin lagi ya ada yang kurang soalnya ya mimin di update lah.aku kasih 🌟🌟🌟🌟 ya,4
bagus minus nya iklan kebanyakan,5
nyari lagu dari NAIF -BUTA HATI- kok gaada 👎,1
b aj,3
bagus,5
bagus si hanya suaranya masih kurang bersih,5
laguu nyo bagus² galo download lhh,5
Aplikasi ini mengingat saya sesuatu yang indah,5
"mantaaaaaap..sayangnya kalo ngga langganan ada iklannya dan lama iklannya,jadi kalo lagi bareng kumpul teman² lagi enak² dengerin lagu ada iklannya...hehehehe...",4
good,5
bagus banget kalo lagi galau beh,5
bagus,5
"skarang makim banyak aja iklan nya, play 2 music langsung iklan, mana iklan nya 4 lagi dududududuhhhh jdi malessinn",2
anjay,5
👍❤,5
bagus,5
"akhirnya engkau bermurah hati wahai developer, versi gratisan iklannya udah sangat sedikit + fiturnya udah banyak gak kaya versi sebelum sebelumnya. semoga semakin banyak lagi fitur di verai gratisan",5
apk inii bwaguss bangettt pass dengan kita yang suka mendengarkan musik 🥰🫰,5
neevia sanduhu,1
"bagusssss,cmn mines nya banyak iklan",5
"stupid payment method. was unable to pay with my cards, dana, and gopay. hire more professional people to fix this",1
Spotify saya tidak ada suaranya,2
nice,5
keren,4
sukaaaa,5
saya harap sukses di masa depan...,4
aplikasi ini seru untuk mendengar kan lagu,5
app nya bagus aku sukaa,5
bikin mood naik!,5
karena seru banget banyak lagu yg enak,5
bagus,5
keren,5
TWMBAH LAGU YOMAN NYA DAN JANGAN ADA IKLANNYA,5
bagus dan ada lagu Favorit⭐⭐⭐⭐⭐,5
sngt memuaskan,5
mudah untuk digunakan,5
sgt membantu ketika sdg santai,5
"apaan si anjg, nih aplikasi banyak bug terus. Gua gak bisa hapus akun Spotify gua, eh malah ada pemberitahuan kalau akun Google gua gak tertaut sama akun Spotify gua. Padahal jelas-jelas akun Google gua udah tertaut",1
sangat bagus dan banyak lagu lagu nya,5
kurang lengkap aja liriknya the lyrics are incomplete,3
sangat nyaman untuk di dengarkan dan mengubah mood kita,5
Pliss kasih offline lah biar kalo gak ada data bisa dengerin lagu favorit saya plissssssss☺️☺️☺️☺️☺️☺️☺️☺️☺️☺️,5
bagus,5
kenapa karena lirik buat yg gak premium dann emgg beberapa lagu tuh no lirik buat kita yang mau senang2 pake lirik tuhh gak nyaman karena gak ada liriknya tapi gak tau kl premium ada apa engga,2
the best,5
appl sangat bagus bisa pilih lagu terfavorit di masa nya,5
bagus tapi 🗿,4
bagus,5
mantap,5
bagus,5
apk apa ini musik gak bisa didengerin,1
"iklan gak masalah , so far good",5
baik,4
keren,5
ojik,4
gk jlk lah,4
mantap,5
semua lagu nya bagus bagus😊😊,5
oke,4
"bgus bangertttt lagu"" nya sesuaiii lirik",5
kumplit👍,5
kurang enak,1
"REKOMENDASIIN SEKALII YAAHH, buat yg gamau kalau lg seru serunya dengerin lagu ada iklan, aku saranin prem yhh hehehek luvyu",5
bagus yg buat Spotify tapi tolong kalo bisa ditambahkan bisa putar maju mundur,5
"gimana sih, mau dengerin lagu malah ditengah tengah berhenti sendiri, gajelas banget",2
apk nya bagus cuma kurangi iklan nya ya,4
nyaman 🥺🥺😴,5
👍,5
baguss sekalii sya suka,5
mantap,1
bagus bgt pokoknya,5
asikkkk,5
sangat baik,5
lg afgn dkt,4
"menurut saya bagus tapi makin kesini makin banyak iklan nya 🗿 banyangin lagi asik² dengar lagu tiba-tiba ada iklan, mana iklan nya ada 2 lagi terus nggak bisa skip, dan sekarang Spotify kayak maksa kita untuk premium",4
makasih,5
kok saya tidak dapat memutar lagu remix sendiri apakah karena dibanned atau adakah alasan lainnya?,1
Gacor,5
semangat,5
👍,5
that's good,5
bagusss bgt apk nya seru bgt kalo denger musik sambil baca buku😃😃,5
keren,5
udah bnyk berubah,4
suka sekali,5
aplikasi nya bagus sih Mayan lahh meskipun banyak iklan not bad lah,5
"keren², banyak pilihan lagu yang keren.",4
iklan yg mengganggu,1
gajelaskocak iklan muluu,1
bagus n gampang,5
good,5
KK mm ok mm j,5
good 👍,4
ku beri bintang lima karena ada lagu marshmellow alone cuyyy!,5
apk sangat Bagus,5
keren,5
emang wajib banget apa ke mode premium kaya maksa banget ke premium,3
mantap,5
bagus,5
aplikasi ini enak untuk aku tidur kalo malam,5
masukan teke,5
mantap.. coba aja ndiri,5
👍👍👍👍👍,5
Baguss,5
keren,5
aplikasi mantap,5
semua lagu yang di cari ada di sini,5
"aplikasinya baguss, bisa buat playlist juga. Playlist nya bagus2. Walaupun free tp tetep bisa denger lagu yg kita mau",5
"kebanyakan iklan, sangat mengganggu!!!",1
ok,5
mendengar musik dari aplikasi yang efisiensi tinggi tanpa ribet.thanks sportyf y,5
ok,5
sukaakkk,5
makin bertmbah hari makin bnyak iklannyaaaa,1
sangat memuaskan,5
Apakah tidak bisa memutar musik secara offline?,4
aplikasi yang wajib dapat bintang 5 🌟🌟🌟🌟🌟,5
"sangat bagus,ga banyak iklan,, pilihan lagu juga banyak 😃👍👍👍",5
lagunya bikin hati adem,5
top,5
Modenya menyusahkan,5
bagus,5
sangat bagus dan enak untuk di dengarkan,5
perfect,5
"keren, cuman sering iklan",4
Lancar,5
sangat bgus suarax,5
keren,5
enjoy to play Spotify keren abiszzz,5
bagus,5
keren keren musiknya,5
apa an dah gua berlangganan baru juga diperpanjang beberapa hari sudah hampir habis masa berlangganan nya aneh banget,1
bagus,5
bagus,5
bagus banget aplikasi ini semua lagu ada komplit banget gue suka banget,5
keren,5
aku mencintaimu,5
oke banget,5
iklan woy di pikirin... !!!! denger 1 lagu langsung iklan apk lawak . bayak tuh yang komplain terkait iklan.. sampah!,1
Lumayan memuaskan,1
"kapitalis final boss. perusahaan bayar iklan ke spotify, kalau pengguna mau ilangin iklan harus bayar ke spotify. jujur kecewa dan gw jadi milih download lagu di google dan ngoleksi nya di apk musik sendiri. bye bye iklan seabrek ngga jelas, ngga ada lirik? bisa kita bikin lah.",1
aplikasi yang sangat bagus,5
no coment pokoknya bagussss,5
good,3
"iklan skali muncul 3 iklan, kira² lah kalian munculin iklannya, mana ngagetin...Gila gw lg tidur mlm harus pake sound yg nenangin otak malah langsung kbangun krna kaget suara iklan dan gak bisa tidur lg... gak nyaman sumpah sama iklan2 kalian, kalo emg aplikasi nya harus berbayar ya bilang aja dari awal, gk usah sok dibikin gratis yg endingnya cm bisa ngeganggu.",3
aplikasi ini bagus buat di denger,5
apk nya bgus,5
kyak tai,1
di update malah makin busuk,1
selalu menghibur di perjalanan,5
ok,5
good,4
mantap,5
Naha NU aing mah hese asup,5
jgn premium,4
gk bisa buat akun anjir aneh,1
Mantap! Teruslah berkembang!,5
bagus tingkatkan trs produkmu,3
lama masuk nya,1
very good,5
Kalau Spotify berwujud manusia mungkin sudah saya nikahi. 😍,5
"apk dengerin lagu gajelas makin aneh buka album apa yang keputer selanjutnya malah nyasar ke lagu lain, mana jadi harus bayar semua.",1
udah dibilang gak suka sama iklan podcast horror masih aja di kasih😒,2
mantp polll,5
"saya suka dengar musik berbagai genre , terutama akustik, popdangdut, ..... gaskeunnnnnn",5
enak di pakenya,5
Bagus sih bagus apk nya.jenis musik nya banyak berbagai macam musik dari berbagai negara.tapi kedepannya semoga pemutaran musik berjan dilatar belakang(widget hp) seharusnya lebih dioptimalkan udah itu aja sih.,4
kerja bagus,5
asikkkkkk,5
"please let us have personal settings to changed lyrics background, sometimes i got this bright lyrics background and it's hurting my eyes",4
apk tolol masa di suruh bayar denger music pea kali stress ketauan bner nyari duit nya parah nyesel download gua sumpah,1
banyak iklan+di Batasin sampai besok,1
sangat mempermudah pengguna. nge_List juga mudah,5
lumayan bagus ya,4
kasi.4 dulu,4
"sudah 5 Harian aplikasinya error, layar hanya hitam seakan menunggu koneksi internet, sudah saya cek via wifi dan data selular hasilnya sama saja. sudah di install ulang juga hanya normal sesaat setelah itu kembali seperti sebelumnya ngebug.",1
nicee apk,5
"Pertahankan, bagus banyakin lagu baru Minang ya...",5
sangat enak didengar lagunya asli semua,5
asik,5
aku bisa denger lagu,5
mantap,5
The best,5
aku suka banget sama spotify soalnya semua lagu fav ku ad disitu,5
saya sangat menyukai aplikasi ini,5
Mantap bisa temani perjalanan agar lebih rileks,5
mantap dan trimakasih,5
bagus kali spotyfy kalian wajib download,5
cool,5
Apa nih bru padahal udah kesambung sama internet tapi kok gk bisa mutar lagu,1
"bagus ,,good,,",5
eakk,5
masih mencoba,3
"tambahin fitur favorit di luar aplikasi, kurangi iklannya juga, makasih",5
PLEASE WHY ARE ALL MY PLAYLISTS GONE??? PLEASE EXPLAIN.,5
ini sefer banget bener ya kata orang,4
kerennn,5
banyak varian musik,4
Terimakasih sudah membuat aplikasi ini,5
lagu lengkap bagus dan gratis,5
good job,5
Sangat bagus,5
saya sangat suka lagu lagu yang di sajikan,5
musiknya jernih cuma banyak iklan saya rasa lebih baik kurangkan iklannya tanpa haruss banyak premium,4
ada deh pkok ny bagussss bgtttt dehhhhh,5
suka banget ngedengerin HINDIA AND FEAST di sini🤩🤩,5
mantap,5
jembot mo,1
ok mantep,5
bagus,5
"ga tau kenapa, ga bisa digunain, ga bisa masuk, tombol ga ada yang fungsi. crash semua. mbuh",1
bagus banget cocok klo lagu galau atau heppy,5
bagus sekali,5
Hilma?,5
y bagus tapi jgn pelit pelit amat lah Spotify ☺️,4
bagus,5
mantap,5
masa apa apa bayar🗿,1
sangat buruk tidak bisa memilih lagu sesuka hati!!,1
"bagus tapi agak ngeleg, sma bnyk iklan",4
apk aneh banyak bug nyusahin orang aja!!!!,1
perpustakaan musik lengkap,5
enak di denger,5
warna 17+,5
saya suka Spotify. aplikasi ini bisa membantu melampiaskan setres saya,5
لكن هذا هو باي,1
"najis cok iklannya banyak banget keganggu, berharap hilangkan iklannya dong",1
aplikasi ini sangat bagus dan bisa mendengarkan musik apa saja,5
good,5
andin,5
asyiiiik,5
Iya,5
bagus tapi sering iklan terus badan udah bayar,4
pasti kalau udah rame premium udah bener gratis aja😞,2
halo guyss,1
Alhamdulillah,5
paket bulanan naik goceng Cok kalah bea cukai wkwkwkkwkw....,3
selalu menemani dlm perjalanan dlm berkendara,5
lagunya enak banget,5
kereeeennn bngttt adaa laguuu justin bieber 🍒🍒🍒🍒🍒🍒❤️‍🔥❤️‍🔥❤️‍🔥❤️‍🔥❤️‍🔥❤️‍🔥💞💞💞💞💞💞💞😁😁😁😘😘🥰🥰😍😍🤩🤩,5
"bagus banget buat kalau lagi nge sad😹 apalagi saat main game😹, tapi tolong ya Spotify premium nya di gratisin lah🤭🤓😹",5
jika saya tidur saya suka mendengarkan musik di sini🫰🏻😽😽😽,5
mantulll,5
makasih ya udah nyediain lagu buat tidur😁,5
aplikasi nya bagus,5
Bgss bngget ak sukaa💖,5
Music,1
SAyah di seotify sangat seru dan lagunya juga eank eank pokonyamah sepotify paling debes lah sayah sangat cocok mengdengarkan sepotify dan saya jika kehabisan suota sayah tetap bisa mendengarkan music sepotify,5
paling Oke dah,5
"Apk nya bagus, mohon iklannya dikurangi agar tidak mengganggu",5
saya senang mutar Spotify,5
ok,4
"Aplikasi sampah terlalu banyak update, kenapa bagian edit playlist suka patah2 mulu kocak, kembalikan fitur edit playlist sebelumnya woy update sekarang suka patah2",1
suka dan lagunya enak untuk di dengar,5
pengalaman yang menyenangkan mendengar lagu dari Spotify,5
Terbaik dengan daftar musik terbanyak tanpa batas,5
kok saya pas main geme ml dan di sambung pakai Spotify Spotify nya ga tersambung,2
ok,5
banyak iklan,5
"aku suka banget aplikasi ini,apalagi pada saat waktu santai dengerin lagu nikmat banget",5
keren,5
menghibur,5
sangat mudah menggunakan aplikasi ini,5
"Terafiliasi sama Israhell, hoek cuih",1
"pemutar lagunya jelek, lagunya itu lagi itu lagi",1
banyak iklan nya malas,1
wow,5
terbaik,5
keren..sangat bagus,5
terimakasih semuanya aku suka dengan aplikasi ini,5
"apa woi, dikit dikit prem, dikit dikit prem, bosen gw klo dikit-dikit prem",1
bagus,5
baik,5
nice,5
Sangat bagus,5
sangat baik,5
Terlalu banyak iklan,3
good,5
bagus aplikasinya bikin happy,5
apk ini sangat bagus dan bisa di stel kpn saja,1
bagus siiiiiii TAPI LEBIH BESAR SUARA IKLANNYA DARI PADA MUSIC NYAAAAAAAAAAAA,5
"Mendengar lagu dari berbagai jenis genre musik, seperti mengulas masa lalu. aplikasi ini sangat bagus dan menghibur Rasakan sendiri keseruan dari aplikasi ini.",5
ok baik,4
mantap,5
mantap,5
Equalizernya masih belum maximal kejernihannya untuk penyesuaikan sendiri di pengaturan & Volume masih rendah di banding Aplikasi yang laennya . Untuk pilihan lagu sudah lumayan OK . Terimakasih,3
"Halo, saya mau nanya, sebelumnya saya belum pernah beli premium spotify. Cuman waktu 1 minggu kemarin, saya berniat untuk beli karena ada promo 29.900 buat 3 bulan(yang individual). Saya baru menabung. Dan sekarang tiba2 harganya berubah. Padahal penawaranya sampai akhir bulan ini",3
saya menikmati tapi setelah pindah ke indonesia sy tidak bisa mendengar lagu lagi,4
Sudah lama Uninstall kenapa dikirimi E-mail?,1
kebanyakan iklan blokk,1
kereeen,5
ga ngoyak iklannya banyak banget tiap 2 lagu,1
kreen,5
bagus tapi online bukan offline,4
3 aja dulu lah kalo bagus w tambahin bintang nya,3
Baik,1
good,5
biasa aja,1
kerennnnnn,5
bagus bagus aja.,5
Bagus tapi ada iklannya kadang kadang,4
bagus,5
bagus,5
kurang bagus,5
sangat bagus,5
keren✌️👍,5
walaupun ada iklannya tetapi lagunya tetap enak' didengar dan GK ngelek' pas buat main game,5
"mantap n bagus . melepas lelah,.",5
good,5
"yeah, kayak sebelumnya aja si. tpi iklannya mikir dong kids. masa per 3 lagu iklannya ada 3 juga. mana lama banget iklannya. playlist sebagua itu, malah yg di setel banyak banyak iklannya. iya dah iya gua bakal beli premiumnya anjr.",2
gua kecewa ama ni apk,1
Aku suka sama spotify karena ini aku bisa mendengar lagu baru,5
good apk,5
iklannya gak ngotak!!!!!,1
apaan jir milih lagu doang harus pake premium,1
"Saya suka sekali dengan aplikasinya, musiknya juga banyak dan beragam, cocok banget buat aku yang suka dengerin lagu",5
sangat puas pakai apk ini,5
gpllek aku,1
saya sangar suka lagu di spotify terimakash,3
sangat seru untuk dipake,5
bintang 5 kalo ada preminum harian lagi,4
top markotop,5
👍👍👍,5
"kebangetannnn, baru satu dua lagu dah iklan..",1
sangat baik,5
"hai maaf aku kasih bintang3 karna makin ksini makin pusing skrng spotify gmna,trus aku punya playlist smpe 102 lagu yg aku sering denger, trs skrng hilang dan cmn ada39 lagu yg ga aku putar,tolong balikin lagi spotify kaya dulu lagii, plisss aku mohon",3
"sebelum memutar musik muncul info menonton video akan gratis 30 menit, tapi videonya gak muncul muncul, dan akhirnya harus force stop.. pilih lagu lagi muncul info tapi video gak pernah ada... dan akhirnya begini setiap saat selalu di force stop..",3
█▀▄ ▄▀▄ ▄▀▀░ █░█ ▄▀▀ █▀█ █▀█ █░▀▌ █░█ ░▀▄ ▀▀░ ▀░▀ ▀▀▀░ ▀▀▀ ▀▀░,5
Ga ada bokep nya,1
aplikasi ini sudah sangat bagus maka nya saya kasih bintang 4.,4
bagus,5
bagus bgt👍☺️☺️,5
bgus buat main game,4
"THANKS SPOTIFY SUDAH MENEMANI AKU SAAT MENGERJAKAN TUGAS, TAPI.. MINTA TOLONG DONG IKLANNYA KURANGINNNNNNN, MAU BERLANGGANAN BIAR GA ADA IKLAN, TAPI PELAJAR GA SELALU ADA DUIT Y. TOLONGGG.......... bintang 4 dulu ah",4
sngattt bagusss besttt👍👍,5
"tolong ya knp kok sekarang di Batasin lagunya? Masa harus dengerin lagu yg kita gak mau,Tolong jangan di Batasin,Saya mau denger malah GK bisa karena ada batasan",1
keren semua lagu ada👍👍👍👍,5
"dengan Spotify kita bisa dengerin lagu apa saja yg kita suka tanpa hambatan apapun,,cobalah untuk memulai nya",5
"bgus sih, tpi mohon yak mohon, KOK PUNYA GW GAADA LIRIKNYA?",5
good,5
"lagu nya enak enak semua bisa sambil main game bisa dengerin buat belajar jg pokonya enak deh,buruan download Spotify",5
sangat bagus,5
"knp hrs pindah ke premium, kasihan dongg yang g puny uang gbisa ndengerin musikk",1
"aplikasi nya bagus,ngak terlalu banyak iklan di dalamnya",5
Oke,5
bagus,5
ok,5
lagunya asik asik ges,5
lagu nya enak banget dan semua lagu ada jangan lupa download Spotify gak bayar,5
sangat menarik,5
L Nl Google,5
bagus semua kurangnya ga ada lirik di beberapa lagu,4
Musik untuk santai,4
"tolonglah buat developer yg terhormat untuk user non premium jgn batasi lagu pilihan sendiri kalau soal dengerin 2-3 iklan ga masalah gw tapi jangan batasi lagu pilihan sendiri gw selalu dengarin musik di Spotify hitung"" buat bantu Barcelona beli pemain baru",2
Bagus,3
ha bagus kok,5
"Gajelas, suka iklan tapi iklan nya gajalan",1
mantap,5
keren.. tidak selalu harus online,5
"lagu nya bagus"" dan menyenangkan",5
sisok,1
apk paling keren..,5
apk ny bagus sekali!!,5
mantaaaaf,5
bagus......,5
aplikasinya bagus kok g ad kendalaa😍👏🏻,5
mantap,5
bagus,5
"aplikasi ini gak bagus, banyak iklannya, kalo mau nyetel lagu sesuai kita mau harus premium, GK kayak dulu,",1
"bagus banget , suka aku ❤❤",5
apk GK jelas login aj susah dahlah by Spotify,1
"Tolofng developer ini gimana saya mau nyalain lagu kok harus premium sih, semuanya di premium in, sampe temen2 saya kecewa pake spotify dan langsing uninstal,tolong min kita mau cari ketenangan dengan dengerin lagu dari spotify dengan gratis🥀",1
suka Bgt Pake Spotify pokonya Bintang 5 cus Um,5
bagus men,5
recommended,5
aplikasi banyak ilklanyaaaa putar lagu 1 kali iklanya nyampe 5 kali kebanyakan iklan ga guna baged anyingggggggggggggggg,1
sebenarnya spotify ini sudah bagus tapi banyak sekali iklan nya,5
hebat,5
"kurang baik,,,,bnyak iklan",5
ok,5
bagus aplikasi nya untuk mengisi waktu gabut,5
apk konglomerat harus bayar denger lagu aja,1
seru banget,5
mantap,5
Lagunya enak enak,5
gak bisa sambil nonton video 😭😭padahal seru nonton donghua pakai musik India,2
"bagus banget,tapi kalau udh dikeluarin dari apk nya lagunya ttp gaada diaku ini gimana sih?aku kasi bintang empat kenapa?karena hrs ada yg berbayar gasuka plz😭 yaudah semoga bisa diperbaharui atau diperbaiki lagi y",4
berikan akun gratis untuk mahasiswa UIN SUKA,5
durasi iklan nya terlalu panjang,3
banyak bacot,1
kerenlah,5
"baguss, gabisa berkata' lgi sma apk ini",5
seru dan aku menyukai ini,5
mantep,5
app ini sangat bagusss,5
lumayan bgus,4
cocok buat olahraga yang biasa nya mendengarkan di youtube kalo spotify bisa di matikan atau di keluarkan dari aplikasi nya (pokok mantap lah yang suka jogging gym atau olahraga dll),5
oke,5
"ketika dalam pencarian, saat lagi mau diputar iklannya kaga ilang² walau ditunggu 100 jam sekalipun",1
rada ngeleg hese muka lagu,4
plisss spotify lagunya kalo gratis jgn di batas dongggg akuuu baruuu ajaaaa bukaaaa 4 laguuu udaaaa gk bisaaaa puterrr yg lain lagiiii,3
bagus,5
keren,5
keren pokoknya sportify,5
"bgus, tpi iklan keseringan",4
mohon jngn ada iklan klo lg play,4
ok,5
sangat menghibur..aku suka banget..,5
bagus Krn sangat membantu dan menghibur,4
joss top bgt,5
aplikasi kalian sangat bagus ketika saya bosan saya sering mendengar lagu disini kembangkan lagi aplikasi kalian semangat!!!,5
"sangat bagus, gak akan nyesel kalo di instal",4
bagus banget sih cuma kurang baik aja,5
"makasii udah nemenin butterfly era kuu dengan lagu"" muu😍",5
ok,4
good,5
"sangat worted sekali, sekali2 mendengarkan di sporty pasti mengesankan",5
cukup baik dan penambahan pembaharuan yang cukup normal lebih praktis,5
. mantap,5
"dengerin podcast buat penghantar tidur, malah auto play ga jalan. eps 1 kelar, ga langsung lanjut eps selanjutnya, loading doang, harus buka dan ganti manual. cacat",3
Memuaskan,5
mantap,5
gini dong gd iklan jdi gw donlot lgi,5
"after this update, i cant use search feature. loading and then ""something went wrong, try again"". youtube is fine, my wifi also. but this app.... my device is samsung a05s",2
bagus bet,5
yobaa,5
cocok buat saya mendengar kan lagu,5
terlalu kebanyakan iklan . . .,1
lumayan,5
kikir parah,3
bagus banget,5
mantullll . . .,5
bagus banget sih enk,5
wis enakan,1
mantap boss,5
Ini kenapa sih kok setiap kita ingin mendengarkan lagu selalu putar acak tolong diperbaiki,2
iklan terlalu banyak,4
bisa dengar lagu sambil buka aplikasi lain seperti game dan lagu nya lengkap,5
aplikasinya bagus,5
bags,3
sangat jelek,5
"iklan panjang kurang panjang, sering pula, sekali iklan muncul sampek 3🤓, gini amat gratisan, jadi males pake apk ini🤪🤯",3
kebanyakan iklan babi,1
aku mau jadi,2
bagusssss,5
APAAN ANJG 1 LAGU 3-4 IKLAN OTAK LU DI MANA ANJIRR,2
"sangat bermanfaat sekali untuk referensi saya, trimakasih loh Spotify",5
bagus,3
bagus bangett,5
iklan sok asik,1
bagus,5
musik yang keren,5
keren,5
apk yg bagus.. Sangat memuaskan,5
aku rasa sekarang spotify lebih maksa kita untuk beli premium sekarang ada batas buat kita pilih lagu yg kita ingin kan terus mau lewati lagu pun ada batasan nya aku lebih suka yg lama sih lebih mau di peras kalo ada bintang nol gue bakal kasih udh hilang gitu rasa nyaman nya,1
tidak bisa di harapkan,1
gi mana inih aku masuk ke Spotify lasung ke luar sendiri,2
gacor apik,5
sangat bagus dan banyak lagunya,5
"Masalah udah beres, mantap. Tks",5
"suka bgt, cocok buat yg suka denger lagu",5
bisa ga sih iklannya di kurangin sampe 3 kali makin ga mood,4
bagus banget sumpah,5
good,5
mantap,5
bagus,4
I have no enemies tanpa mu aku susah untuk mencari lagu dan instrumen semoga apk ini berlanjut sampai aku tua dan pada donload pertama bolehkah gratis selama 1 bulan maaf aku berkata se mauku.,5
MANTAB MAKAN ATAB,5
aplikasi nya bagus bisa dengerin lagu favorit ku,5
enak lagi lagu nya,5
Bagus,5
"kasih bintang 4 dulu soalnya banyak iklan baru 1 lagu udah iklan mana lama lagi, mohon kurangin durasi iklan nya 10-15 detik kek ini mah smpe 30 detik mana sekaligus langsung 2 iklan",4
"menurut saya aplikasi ini sudah sangat bagus dengan fitur mencari, dan musik² yg lengkap, saya suka mendengarkan musik welcome and goodbye, memory reboot, interlingked, i love you so, night changes, dan lainya tapi ada satu yg kurang liriknya selalu menghilang ketika saya ingin menampilkan lirik, tolong perbaiki, jika diperbaiki aplikasi ini akan sangat menarik dan pastinya akan lebih bagus lagi",4
"bagus banget buat dengerin lagu,tapi iklan nya muncul mulu,gapapa sih yang penting enak buat dengerin lagu😁😁😊",5
ok,5
"makin lama makin banyak iklan nya, tolong dong iklan nya biasa aja jangan sampai banyak gitu baru muter 1 lagu tapi iklan nya bisa sampai 3, emang gak pakai yg premium tapi ya harga dong yg gak beli itu..",1
aplikasi yang mantap saran saya adain mode offline,5
ok aku suka,5
bagus baget gak bkin memo full,5
gw sambil tidur dengar lagu,5
aku di paksa kasih bintang lima,5
terlalu banyak iklan,1
aplikasi ini sangat sangat seru karna saya suka memutar lagu ayo kembangkan spotify💯💯💯💯💯💯💯💯💯💯,5
good,5
sportify emang paling komplit lagu2nya...jadi bisa nostalgia music2 waktu masih remaja...waktu masa sama2 indah2nya..❤️❤️,4
mantap,5
"lumayan sesuai fungsinya, tapi kadang banyak iklan",5
tidak bisa donwload lagu.,2
love it,5
bagus sih tapi semua harus pakai premium,3
sayaa sangatt suka mendengar lagu di Spotify,5
it's okey aplikasinya good developer 🎉🤩,5
keren lah,3
mantap,5
dilan 1990,5
tolong iklan di kurangin lagi,1
gak bisa daftar cuihhh,1
bagus👍,5
😎😎😎😎😎😎,5
bisa untuk lagu alaram,5
"aku bisa dengerin lagu,musik, dan irama juga sholawat",5
hilangkan iklan bang bikin ganggu aja,4
Bagus apk nya 🔥🔥 Kekurangan nya hanya terlalu banyak iklan buat penggunaa gratis (free),5
"tolong di perbaikin lagi aplikasi spotify nya, paling benci yg nama nya banyak iklan, lu kira buka lagu klo lebih banyak iklan nya gk bayar, bayar cok ngabis kan kuota cuman karna bnyk iklan,",3
Okkkkk,5
iklan mulu ih,1
saya sangat suka sekali lagunya komplit sekali.,5
"sebagai pengguna gratis, pas aku mencet lagu yang aku pilih, malah ke ganti sama yang lain, setiap kali kayak gitu bikin kesel, kebanyakan yang premium. dan banyak iklan, sebenarnya gapapa sih kalo yang ini, tapi tolong iklan nya dikurangi agar pengguna yang lain cukup nyaman.",4
"iklan banyak, pas Putar lagu malah ke lagu lain, iklan ngelunjak, semua terbatas, tidak direkomendasikan",1
keren,5
ok,5
👍☺️,4
mantap,5
ini membuat saya tenang lagunya terimakasih sudah menghibur saya.,5
jelek,1
hama! semua premium sono mendingan yt music tolol,1
bagud,4
"weirdo memainkan lagu sesuai urutan termasuk premium?! weirdo don't you see in other apps that playing songs in order is free and that's already a common thing for music apps??! Aku bukan menjelekkan kalian, tapi tolong kedepannya jangan hampir semua hal harus premium, aku masih bisa menikmati musik dari kalian dengan senang hati :p",4
buat admin tolong ganti playlist yang bisa di sematkan jadi 6 playlist. cuma playlist 4 kurang ini,5
"kenapa harus banget premium? putar lagu tidak bisa,, skip lagu juga tidak bisa harus premium dulu kalo gini caranya mending uninstal nggak mau lagi pakai spotify kalo premium terus keuangan menipis ekonomi lagi sulit mikir bos🗿🗿",1
Sangat bagus,5
good,5
"kalo free, bolehlah iklan masuk. tpi masa milih lagu aja dibatesin. mending uninstall ajalah ngapain juga dengerin lagu random",1
banyak banget lagunyaa! aku sangat sukaa,5
bagus,5
bagus bet jir,5
bgus,5
bagus,5
Terima kasih,5
"berlangganan mahal tpi duitnya bukan ke musisi,mending yt music",1
bagus banget jirrrrrr,5
Spotify SGT bgus,5
"This application is very exciting, you can sing while dancing the pokonya is very crowded, you can also review it from me, just bye bye bye",5
suka banget demi ungkerr,5
"lagu nya lengkap enak semua, serta ada yang versi remix semuanya saya sangat suka",5
baguss min,5
Nice...,4
Siiiif keren,5
sangat baguss😍,5
"tolonggg dong Spotify all sihh udh keren baguss yaa, tapii capsule ny tolong update perhari atau e hari sekali jangan perbulan",5
baik,5
good,5
Sennang medendengarka oagu di spotify,5
aku suka lagu sad,5
cocok bagi yang suka mendengarkan musik,4
sangat suka😊😊,5
lup lup spotify,5
🥰,5
"dikit-dikit premium, mau ngedengerin musik aja malah di batasin, udh mah lirik lagunya jadi ngga ada, ini mah udah kelewatan batas aja sih, udh kikir banget mentang-mentang apk nya udh terkenal banget, tpi ini jauh lebih keterlaluan",1
bikin mood bagus🙌👌,4
istimewa👍,5
bagus tapi ada iklan nyaa kalok pengen ngga ada iklan beli prem,5
"aplikasi ini sangat bagus,seru untuk mendengarkan lagu",5
"bagus cuy apk nya, jadi aku kasih 5 bintang",5
bgus,5
seru si tapi menuhi penyimpanan (menurut ku),4
TOP,5
waktu pertamakali dowload Spotify jujur saya betul betul terhibur semoga selalu lancar👍,5
mantab,5
ok,5
keren musik nya,5
👍👍👍,5
bagus,5
"GILA SI NI APLIKASI, MAU NGAPAIN AJA BISA DENGERIN LAGU COKK, harus download sii",5
apk nya sangat bagus,5
ujung ujungnya duit juga,1
aplikasi yang sangat di rekomendasikan,5
"v. video v Eko , oleh B , o l",5
Penilaian Jujur Untuk Aplikasi Spotify : Music & Podcast Sangat Bagus. Tingkatkan Terus Untuk Update & Fitur Di Dalam Aplikasinya 😊. Terimakasih..,5
goood,5
bagus..,5
"Aku sangat menyukai aplikasi ini, apa lagi ketika belajar/menulis sambil mendengar lagu, tetapi aku kasih bintang 4, dikarenakan tidak ada fitur berdurasi 1 jam, hanya bermenitan saja, saya membutuhkan lagu yang bahkan bisa berdurasi 1 jam++, agar tidak bolak balik mutar ulang lagu yang ingin didengarkan, sekian terima kasih👍🙏🙏 edit: Ternyata sudah disediakan, terima kasih. Minggu 7-9-2025",5
Kerja bagus. Musuh terlihat,5
"waaaaaa😭😭😭,teman setia emang cuman lagu ,,,,songs make me feel alive again,,,,",5
aplikasi sangat bguss buka lagu yg di inginkan langsung ada top,5
Puas,5
kikir,5
asikkk,5
baguss bingiitsss plisccc,5
mantap aja deh pokoknya,5
mengapa tidak bisa di install apk spotify nya ini mohon pertolongan nya 🙂‍↕️,2
sangat menikmati dan mendengarkan musik favorit saya,5
"aku sebagai pecinta permusican ini jadi apk favorittt aku bgt, tapi sayang always kejeda iklan teruss😔 but is okei la krna aku ga mke prem si ehehe",4
top,5
suka banget,5
aplikasi nya bagus,5
eek,1
makin lama makin pelit,2
kikir banget ni apk,3
"setiap mau dengerin musik mlh di suruh premium , jd mls bgt",2
"Saya butuh Spotify untuk pengetahuan musik saya, tapi tolong, berikan royalti yang terbaik untuk pencipta & musisi. Ingat tanpa mereka Spotify bukan siapa2",5
aku mau spotify aku gak ada iklann apk ini sngattt baguss sayaa sngattt sukaaaa🤍🤍,5
"WOII APAAN SEKARANG MILIH LAGU AJA PREMIUM NJIRRR, KIKIR KEK MOONTON",1
baguss,5
dikitdikit premium. dikitdikit premium.,1
bagus buat dengerin lagu yg kita mau.mantap spotify,5
buruk jelek gak guna dongo,1
udahh debesttt,5
lu mayan bagus,5
"untuk aplikasinya bagus, saya suka aplikasi ini.",5
"bagus juga sih, tapi kalo setiap mau mutar lagu pasti ada iklan premium premium muku kocak bet dah",3
aku suka baget karna kita bisa milih lagu yang kita sukai🥳,5
"makin lama makin serakah, apa apa premium",1
bagus,4
"sangatttt baguss,saya puasss untuk semua inii",5
iklan boleh tapi pemilihan lagu jangan di batasi,5
"mau langganan premium tp tdk tersedia pembayaran melalui dana atau tf dr bank. itu pun jg bukan karna ingin fitur lengkap, hanya kesal krn terlalu sering iklan dan iklan jg durasinya kepanjangan, udah gitu yg di iklanin gk ada yg lain, spotify ngiklanin spotify, aneh bgt.",3
"saya kasih bintang 1 karna ,kalo udah ada iklan lagu yang saya suka tidak bisa di putar lagi / disuruh premium dulu. sudah itu saja sekian terimakasih atas pembolehan ulasan saya.",1
aplikasinya bagus,5
"lama lama nih aplikasi kok nge lag ya? gabisa dibuka, pas dibuka ga ada musicnya cuma hitam aja. padahal udah update dan jaringannya aman aman aja",1
cukup baik,5
sangat bagus,5
jujur aplikasi nya bagus ca pas putar lagu di outmedia gak ada gelombang musik jadi tolong tambahkan pas dengerin musik,5
pas mati musik yang masih nyala sama kalo kita bingung cari lagu ada rekomendasi nya,5
tak sesuai,1
Good Music App,5
kereeen,5
bagus,5
Good tapi untuk yang ga premium jangan di kasih batasan untuk mendengarkan lagu,5
menurut saya ini lebih banyak iklan saya bisa dapat 3 kali iklan dalam sekali dengan musik favorit ku,1
yalumayan,4
selalu siap saat aku butuh lagu apa pun,5
mayan lah😎,5
"saya ga permasalahkan iklan, yang saya permasalahkan itu batasan lagu di setiap harinya, bagi saya yang sering lembur dengar musik penting, tapi kalo dibatas begini jadi tidak enak",1
pelit bgt gila,2
suka bgt sm Spotify,5
mantap,5
Great,5
"Sangat membantu sekali untuk mendengarkan lagu lagu kesukaan, thankss🥰",5
bagus,4
sangat baguss,5
"Saran gw jangann terlalu banyak iklan, masa baru dengerin satu lagu setelah itu di suguhin 4-5 iklan, yang bener aja, udah gitu iklan nya basi itu itu mulu, apalagi batas nyetel lagu nya tuh cuma 10 doang abis itu gak bisa dengerin lagu lagi,",1
keren,5
gw kasih bintang 1 soal nya maksa banget buat beli yg premium klo gk premium udh gw kasih bintang 5,1
bagus bgt aplikasi nya lagunya gratis lagi dan bisa nyetel semua laguuu yg aku sukaa,5
"Banyak bug, mau nambah playlist malah muter terus. Sedangkan sinyal lagi bagus!",1
kerennyaaaaaaaaaaaa,5
keren banget👍,5
bagus,5
sangat enak untuk dengarkan lagu,5
lagunyaa sampe ke semua organ 🗿🗿,5
bagus,5
bagus,4
bagus,5
bagus,5
"aplikasi kebanyakan iklann,aplikasi taii",1
sayangnya harus dibayar,5
lagunya bagus,5
Bagus.,5
tolong kurangin lah iklannya iya tahu harus premium dlu,3
bagus keren,5
lagunya lengkap bgt tapi kekurangan ada premium,5
aplikasi yang keren,4
"terlalu banyak iklan, durasi iklan nya lebih panjang dari durasi lagu",1
"aneh mau beli premium loading nya lama bener, udah di coba berkali-kali tetap aja",1
fa,3
pretty 😍,5
bisa dengerin lagu pilihan non stop...👍,5
😍😍,5
Terimakasih! berkat aplikasi ini saya bisa melampiaskan sedih saya lewat lagu😄,5
Mantap,5
banyak lagu yg bikin enak,5
mantap,5
wholesome.,5
aku suka bnyk pilihan ny 😁,5
sangat memuaskan walaupun tidak premium,5
"memutar lagu harus premium sangat tidak nyaman, sungguh kikir sekali",1
mantabbbb,5
jelek,1
🎼,5
good,5
apk nya bagusss dan untuk pitur premium nya juga cukup murah,5
sangat bagus,5
mantap,5
"baguss bangett omg, suka deh 💕",5
mantap,5
bisa mendengarkan musik sepuasny,5
bgus,5
Spotify ini musiknya beragam dan bahkan ada musik yang di buat iseng tapi bagus hanya saja iklannya bayak dan kadang membuat kaget saat di mendengar musik. tapi saya paham bahwa jika pengguna tidak membeli premium maka penghasilan juga berkurang,4
"wah seru si ini gila banget padahal saya cuma coba² trus, lah kok enak semua lagunya, cuma pas lagi enak² dengerin musik tiba² iklan tolong ya iklannya jangan terlalu banyak, yang penting lagunya enak semua deh",5
tambahkan mode offline,5
good,4
baguss banayan laguu yang aku suka tapii... setiap aku mau memudar lagu yang ke dua dia selalu iklan itu saja yang akh tidak sudah kalo make spotify ini,4
bagus ditambah ada fitur premium pokoknya debes lah,5
sangat memudahkan,4
the best,5
Bagus banget lagunya ❤️❤️,5
bagus minus banyak iklan aja,5
apk kikir.,1
bagus banget,5
tolong saran saya dihilangkan iklan nya,5
uang yg otomatis ke potong gabisa di refund. JELEKKKK BANGEETTT!!!!!!!!!!,1
best apk musik dll,5
"masa sekarang mau muter lagu yang dipengen ada limit nya, kikir bgt",1
mantaaaaaab👍👍👍,5
"habis diupdate iklannya ngebug loading terus gamau muncul, bener2 ngeselin tolong diperbaiki",1
Best,5
Makin bagus spotify. Dan tolong untuk yang vidio music nya bisa di putar saat offline saat sudah di download agar bisa menikmati vidio music dari spotify setiap saat di semua tempat untuk para pelanggan premium.,5
gratis ngapa dadak ana premium karo iklane ramikir,2
nbaguss,5
"iklan ga bsa di puter, gw gabisa search lagu gara"" stuck di iklan yg gamau muter",1
Saya suka Spotify,5
Ok,5
aneh dapet gangguan padahal udah premium nge bug ke sinyal hp,1
"lagunya bagus"" dan lengkap , cuma iklan nya ajabuat mals nunggu",5
"kok sporty sekarang mahal banget ya 60.000 per bulan sementara gue dengerin lagu masih bisa dihitung jari, terus sekarang maksa banget lagi contohnya kemarin-kemarin masih bisa untuk gonta-ganti lagu tanpa bayar gitu tapi sekarang ganti lagu aja dibatasi 6 kali sehari",3
ok,5
I love Spotify easy to used,5
HAPUSKAN PREMIUM😡KEBELET HAJI APA GIMANE LO?,1
good,5
enak gitu loh sebelum tidur dengerin lagu bagus iklanna dikit ok gitu aja ya,5
Bagus,5
"suka bangett, but.... kurangin iklan nya",4
"main algoritma, jual data pengguna ke perusahaan iklan dengan pelajari kebiasaan pengguna. shame on you, spotify. apalagi kalian membiayai fasilitas perang. kecewa.",1
seru,5
👍,5
baikand bagus untuk dengerin di setiap hari,5
boikot,1
lumayan bisa denger musik tanpa iklan,5
"kalau pake wifi kenapa layarnya item?, bagus sih tapi",5
"Bagus , asalkan jangan adakan iklan",5
good aplikasi me fav you apk,5
ap² disuruh premium 🗿,3
aplikasi ini sangat membantu banget buat Pelajar jadi saya sangat senang kalo mendengar kan lagu dari Spotify,5
fav banget si ini apk musik,5
apk bagus bet njirrr musik nya fulll semua,5
jujur semua lagu ada di sini,5
"Sybau, Kikir.",1
sekarang iklannya ngeselin lebih dari 1 menit terlalu over,1
soulmate,5
"aku suka apk ini karna setiap aku beraktivitas aku selalu manyetel lagu kesukaan ku kalo kalinya gk ingin ad iklannya kalian bisa berlangganan,pokoknya apk ini wajib kalinya download.",5
kikir anjig,1
bagus,5
Bagus sekali musiknya bisa di dengar dengan baik😃,5
manteppp bangettt spotify,5
sangat menyenangkan untuk mengisi waktu luang,5
suka denger lagu galau🥹,5
"aplikasi apaan mau dengerin musik aja iklan ga jalan"" udh hampir satu jam, tulisan iklan tpi suara engga ada, jelek d perbaikin lgi dah apa cuma gua doang ga tau dah intinya perbaikin aplikasi lu biar bener",1
bagus,5
semua musik di aplikas spositf asik,5
keren,5
perbaiki mode free nya lagunya terputar 2 iklannya 3 iklan boleh saja jedanya minimal 5 lagu kek kesannya kaya maksa banget untuk premium mutar lagu harus bayar dulu,1
Noanana noman,5
enak banget kalau lagi gabut😁😁,5
sangat bagus,5
enak dan nyamam,5
"bagus, keren, kece, bebas mau putar lagu apa intinya ini no 1 🔥🔥🔥🔥",5
bagus sekali saya suka memakai Spotify sehari,5
baguss sekali.. nyaman banget dan favorit sukakk bangett,5
buagusssssss bgt😘😘😘😘,5
baguss,5
"gimana si? semuanya harus premium, lagunya uda di unduh smwa malah harus premium lagi, trus muter lagu yang kita mau harus premium juga, banyak iklanya lagi, apaan bgt, plis lah gausa gitu ngapaa jadi males buka spotify tau ga.",1
Luman sih,3
sangat keren,5
terbaik🔥,5
enak bet anjai bisa bawa enjoy,5
sangat seru saat mendengar kan lagu lagunya juga pada enak enak jadi aku suka spotify sejak aku kecil aku suka dengarkan lagu di spotify terimakasih spotify,4
bagus banget deh pokok nyo,5
매우 좋은,5
bagus,4
spotify sangat baik👍👍👍👍👍👍👍👍👍👍👍👍👍👍👍👍👍👍👍👍👍👍👍👍👍👍👍👍👍👍👍👍👍👍👍👍👍👍👍👍👍👍👍👍👍👍👍👍👍👍👍👍👍,5
sudah seperti versi lite...hanya tersedia 6 kali next.dalam 1 jam...,1
sangat enak sekali didengar yaa wkwkwkkwkw saya sangat suka untuk mendengar kan lagu dari sportif tetapi hp saya tidak bisa mendownloadnya terimakasih,5
apk nya bagus cuman iklannya yg mengganggu jadi mohon dikurangi ya iklannya,4
hoho,1
"ga bisa pilih lagu sendiri,harus premium",1
good,5
sukaakk pokoknyaa,5
mantap,5
dikit dikit premium komtol,1
"sangat bagus dan nyaman untuk digunakan setiap hari apalagi pas menemani waktu belajar + komplit juga lagunya. Tpi kenapa sekarang spotify gak bisa lancar suka ngelag dan kadang gak bisa memutar lagu padahal sinyal nya bagus, cba ke apk lain bagus ttp bisa dibuka",3
keren,5
aplikasinya sudah pakai premium tolong perbaiki,1
ok,5
luar biasa sportify,5
bisa gk sih bikin jadi gratis aja? kami yg miskin gk mampu buat beli cuman mau dengerin lagu doang harus bayar elahhh,5
bagus,5
"makin ke sini fitur fiturnya jadi banyak yang membutuhkan premium, bahkan pengen ganti musik saja harus premium, kecewa sih",1
ok,5
SUKA SEMUA LAGUU DI SPOTIFY 🤍,5
bagus,5
"sebenarnya udah bagus, tapi gak bisa lihat lirik jir tolong lah min update kan lagi",4
bagus,5
good!!,5
bagusss bangett,5
idk,5
iklannya jembud,2
"aplikasi sangat bagus ,lengkap lagu lagunya,dan original,mantabbb👍👍",5
@nirmaya A. sudirman:terima kasih bebkuu@nirmaya A. sudirman:terima kasih bebkuu@Butterscotch,5
Dengan mendengarkan lagu/musik membuatmu lebih hidup lebih bersemangat menjalani hidup,5
mantap bg,5
banyak lagu favorit ku disini,5
"bagus sih offline tpi kalau bener bener ga punya kuota pliss di offline in bener bener jadi bisa denger lagunya tanpa kuota soalny kalau udh ga kepake berapa hari gitu, trus mau denger lagu harus punya kuota dulu buat buka lagunya , plis kan udh didownload ,jadi tolong buat jdi bener bener offline dan apa bisa Download lagu kpop atau astro,bts,babymonster,blackpink kaya gitu ,kalau bisa like ya nanti kalau bisa kutambah bintang nya + dah bisa offline okk mohon kebijakannyaa yaaa, trimakasijhh",4
"spotify kikir! sudah iklan sering, lagu dibatasi perhari, dan tidak bisa melewati lagu sebanyak 6 kali perhari!!!!!",1
aplikasi ini bisa setel lagu kalian juga bisa kalau menggunakan aplikasi ini untuk main,5
bagus dan enak lagunya minus nya gk ada lagu yg gw cari,5
DONATUR SIREWEL ...,1
bagus banget enak di dengar,5
baguss bangett,5
mantap,5
kebanyakan premium,1
👍👍,5
bguss,5
"gw tau punya gw blm premium, tapi senggaknya iklanya jgn lebay, masa ampe 3 iklanya. So far enak enak aja pake spotify.",4
kurangin iklannya ngapasi ampe 3 lo skrg,4
top,5
suka banget,5
"sering bgt lgi asik dengerin lagu, eh lagunya mati sendiri.",3
saya suka karena banyak lagunya,5
keren,5
sangat nyaman,5
dapet musik pas mantap,5
"sudah lumayan lama pakai apk spotify,jujur dengan adanya apk spotify saya jadi tidak jenuh lagu apa aja tersedia lengkap,mantap spotify its the best",5
bagus hampir semua lagi baru dimasukkan👍,5
mantapsssss,5
Ga suka adanya iklan ..,5
good,5
Temen dalam segala apapun ya spotify,5
bagus saya suja,5
bayaar,1
"suka banget samaa apk nyaa, tiap mau tidur pasti dengerin lagu disini",5
kenapa di tab suka ilang tiba-tiba lagunya tolong jelaskan,4
aplikasi ini bagus untuk saya,5
selama ini baik-baik saja.,5
enaknya Spotify kalau di kembali tetap bisa menikmati lagunya,4
"Lagu nya Enak,Dan Banyak Lagu Favoritku",5
mantap,5
cocok,5
bagus hapal deh lgu nya,5
Tolong hapus iklan nya,5
"terlalu bnyk iklan terus iklannya panjang2 bgt sampe kesel dgrnya,bisa sih iklan tp singkat aja dan cukup satu iklan saja ini sekali ikan sampe 3,4 kali jdi mau yg di dgr kebanyakan iklan dr pada music",3
bagus banget,5
senang dengan musiknya,4
sangat bagus,5
"bagusss banget bisa dengerin musik sambil bermain gamee, BINTANG LIMAAA BUAT SPOTIFY",5
bagu tapi kalau offline gak bisa,2
the best pokkny,5
anjai bagus bet buat galaw🤭👍🏻 mantap,5
iklannya maksa bet padahal dari segala aspek bagus niatnya bintang 5 tapi ganggu banget iklannya (kasih kesempatan juga dong buat player free),1
"bagus,suka udah itu aja",5
loouuuuppppyuuuu spotifyyyy aku seneng lagu butterfly eraa,5
"cukup baik saya juga suka nyanyi gitu, dan saya suka aplikasi ini,",5
kebanyakan iklan,1
iklanya keroyokan....,1
dengerin iklan gratis lagu,3
mantap,5
oke,5
tidak yakin,1
"bagus kirain cuman ada lagu lagu doang, ternyata ada podcast dan video nya juga",5
"ini aplikasi music ter the bestt menurut aku sii, karena iklan nya tuh muncul nya waktu beres muterin satu dua lagu atau bahkan lebih dan ngga tiba tiba muncul gitu",5
war war war hahaha,1
I really like this app for listening to the music I like.,5
Bagus sekali cocok buat denger santai enak aku nyari lagu phonk ketemu cuma lebih enak jangan lihat durasi lagu soalnya kalau lihat itu selesai nya gk di durasi selesai,5
bagus banget,5
the best,5
sangat' bagussss,5
askikkkk,5
👍🏼,5
sangat bsgus,5
Kebanyakan iklan ahh..tiap dua lagu iklan sering muncul. Tolong lebih diperbaiki lagi lahhh..iklah mulu,4
"aku pakai yg free,, knp belakangan ini pas iklannya suaranya hilang y?? jd kayak lg denger bbrp lagu tiba2 hening, ternyata iklan . rasa aneh padahal udh update .",4
semoga Bermanfaat untuk kita semua 🙏,5
"aplikasi gak jelas, lagu²nya gk lengkap! jauh lebih mantap aplikasi sebelah.",1
bug Mulu kbmbtl,1
pokoknya the bestt,5
bagus,5
semua lagu yg aku cari tersedia disini🥰🩷,5
lagunya ga kena di pajak jadi aman yang mau Musikan,5
kurangin iklannya.,1
KEBANYAKAN IKLAN ANJENG,3
Sedikit bagus,1
sangat baik dan berguna untuk kondisi apapun 🤟👌🤟👌🤟👌🤟👌🤟👌,5
banya iklan,4
mantap pokoknya,5
sangat menyenangkan dengarkan musik di sporify..,5
iklan ny error,1
sangat bagusss,5
keren,5
oke,5
bagus banget aku bisa cari laku yang ku suka 👍,5
"bagus bgtt,bisa dengerin musik sambil nge game🤩",5
aku suka sama layanan nya apa lagi lagu galau yang di saranin karena aku suka lagu galau,5
iiii seruu bangeet bisaa dengeriiin musiik sambil maaiin Robloox hehehe,5
mantap,5
mantap pokoke,5
enak buat tidur,5
"aplikasi nya praktis, enak dipakai. kekurangannya cuman tidak bisa mendengarkan lagu tidak terbatas",4
fitur pelit,1
"DALAM NAMA YESUS KRISTUS,TERJADILAH!.",5
bagus bangett💗💗,5
bagus banget Spotify tolong sapa saja,5
buat dengerin lagu,5
Asyik,5
otiy,5
sangat oke,5
bagus,5
aplikasi ini sangat baik sekali karena bisa mendengar lagu tanpa batas,5
"Sangat membuat hati senang, karena pilihan lagu yang diberikan pas saat menggunakan fitur shuffle pintar di playlist yang kita punya, saat digunakan aplikasi seperti bisa membaca perasaan yang sedang dirasakan dan memutar lagu yang pas untuk didengarkan👍🏿",5
apa² premium jir,1
gacor pokok nya,5
"aplikasi musik favorit saya, kekurangannya selalu ada iklan yang mengganggu(ak marah)🫠😠",5
suka bangett sama aplikasi satu ini tapi kadang ada lirik yang tidak tersedia,4
aplikasi sering nge bug kalo kita tambahin lagu ke playlist ga bisa di dengar sedangkan yang ga di masukin ke playlist baru bisa di dengar,1
"aplikasi penenang hati,lagu-lagu yg ku suka ada di sana,tapi minus nya banyak iklan klo ga pake premiun,tapi gapapa seru kok hehee😁",5
nice music,5
aplikasi kikir,1
bagus banget buat sad atau bersenang senang 🙏👻,5
sejauh ini berjalan dengan baik tapi ada lagu lagu yang gak bisa di temukan di sini . kalo bisa mungkin kedepannya spotify bisa saya kasih bintang 5,4
kalau mau dengar musik harus premium,1
On the east side of the beach there is ga a steep and rocky cliff. This cliff is filled with lush greenery while below there is a dark and mysterious cave with the sound of waves crashing.,5
baguss,5
"mode shuffle nya tolong di upgrade lagi kayak nya deh, masa udah pake shuffle mode next nya masih lagu yang sama, overall udah bagus sih 🙏🏻",5
"aplikasi nya si oke, karena ini saya install yg ke 2 sebelum nya sempat uninstall setelah pemakaian yang cukup lama.secara keseluruhan nya bagus hanya untuk metode pembayaran nya kalau bisa menggunakan Qris,.",5
Good,4
MANTULLL MANTAP BETUL APP SPOTIFY NYA. 😀😀😀😀 🇮🇩 - 🇮🇩 - 🇮🇩 🇹🇷 - 🇹🇷 - 🇹🇷,5
bagus⭐⭐⭐⭐⭐⭐⭐⭐⭐⭐⭐⭐⭐⭐⭐⭐⭐⭐⭐⭐⭐⭐⭐⭐⭐⭐⭐⭐⭐⭐⭐⭐⭐⭐⭐⭐⭐⭐⭐⭐⭐⭐⭐⭐⭐⭐⭐⭐⭐⭐⭐⭐⭐⭐⭐⭐⭐⭐⭐⭐⭐⭐⭐⭐⭐⭐,5
aplikasi nya bagus banget !!! rekomen deh buat kalian,5
Musik Is My Life,5
terbaik,5
saya sangat suka dengan musik dan saya pun anak musik dan aplikasi ini sangat berguna di saya makasih sudah menciptakan aplikasi ini,5
jelek,1
sangat bagus,5
tambah update tambah kikir,2
apk ini sangat menarik jadi coba lah sekarang,5
👍,5
bgus,5
"lawak, gw dh req refund prem. cuman balik ke Spotify gratis, dana gk dibalikin",1
gabisa beli premium😡,5
aku suk,5
no comment.,5
n u bff,1
"semua lagu ada mau cari lagu happy sad pokoknya ada,Spotify paling best🎉",5
sangat bagus dan musiknya berbagai macam tapi sayang coba dikasih premium buat yang pakai spotify ini di coba sebulan aja premium nya developer,5
spotify sangat bagus,5
gudang music,5
goddd,5
BAGUSS BANGET SAYANGNYA BANYA IKLANNN TAPI GAPAPA SEMUA LAGI ADA DISITU CEPETT DONLWOD GUSYYY,5
lagunya memang cocok untuk di dengarkan saat mau tidur,5
bagus sekali,5
"risih banget klo lagi denger lagu di genre yg berbeda, next nya tiba tiba ke artis yg lain... gua lagi dengerin mainin musik edm tiba tiba ke blackpink/twice mentang² pas kemaren gua denger musik² mereka, dan anehnya pas gua lagi denger rock country aja masih belok ke nih lagu njirr,, jomplang banget cok, risih rekomendasi lagunya jelek²",3
sejujur nya sudah bagus. tapi saya kasih bintang 4 karena banyak iklan,4
pas buat mengisi lagu saat nyuci baju,5
SOOO GOOOD🥰,5
👎👎👎👎👎,1
Enak lagu nya,5
sangat membantu,5
koq bayar,1
ok,5
"asik dengar lagu tanpa iklan, bisa save, murah meriah untuk permium",5
enak banget untuk main gem apa lagi malam hari kalo main ml harus pake apikasi di jamin menang kalo kalah. anda.nobb,5
nice,5
"Baik, untuk menyertai kegiatan kita",5
spotify sangat bagus untuk para mahasiswa atau pelajar mendengar kan lagu yang di sukainya,5
karna seru buat dengerin musik,5
lagu OK..mau pilih penyanyi jg ada..lengkap...mau pilih tahun jg ada,5
bagus,5
kalo mau muter musik selalu eror,1
"min kenapa masih ada iklan padahal sudah pakai yg premium,aneh banget",4
top,5
kren gampang cari lagu disini,5
mantap,5
banyakin konten eksklusif di spotify,1
overall bagus sih cuman kurangin iklan lah dikit dikit dan jangan terlalu makan ram hp udah tau hp 🥔,4
Bikin Rileks,5
makin bayak gratis...okay,5
tenang asik,5
please ini aplikasi bagus banget penyanyi penyanyinya keren keren semua udah gitu ada liriknya lagi suka bangeet pokonya bgi nyesal donwload gini,5
aplikasi yg bagus walaupun iklannya agak lama,5
ah...iklannya gila...banyak bgt...kuranginlah iklannya...menganggu sekali.,1
hemat data,5
kerennn ini apk apa lagi kalo,1
sangat bagus,5
baiknya jangan ada iklan walaupun tak premium,5
IKLAN NYA UDAH NGGA NGOTAK ANJIR. BISA 3-5 IKLAN SEKALI IKLAN. AUTO UNINSTALL!!!,1
mantap,5
bagus lagu-lagunya,5
sangat. bagussss,5
nice,5
Sangat bagus dan luar biasa,5
"Aplikasi yang keren dan bagus bgt, selalu update musik terbaru internasional maupun nasional 👍👍👍",5
Top Lah Pokoknya,5
iklannya banyak,3
topmarkotop,5
"serius, lagu acak yang kepilih jelek2 banget, jadi harus ganti2 manual, mana iklannya panjang banget",1
aplikasinya mantap,5
sangat berguna,5
baik bagus,5
mantap dan keren aplikasinya,5
mantul,5
sportify nya bagus tapi tolong sponsor nyadi hilangkan ya dengan gratis 😊,5
gg Spotify saya bisa sad,5
"anjinng iklan banyakkkm banget. nanti kalo ada aplikasi baru. Baru kalian tau rasa ngemis lagi, bangggsatt iklan mulu. BAJINGANNN KAMU, ANJNGGGG",1
bgus,5
bgs aja,5
UPTADE TERUSSS,5
bagus tpi tdk spuasya putar musik ad batasya 👍👍👍,4
Baguss,5
baguss,5
oh,4
tolol aosnwnwjj,1
lagunya enak buat galau,5
bagus,5
menemani tidur malamku,5
terbaik,5
kurangin iklan pls demi ak😅😉🫠🙃🙂,4
"mantab...aku kasih bintang 4 dulu karena lagunya di acak untuk yg free coba kalo ngga pasti aku bintang 5,tapi secara keseluruhan oke",4
"bagus tapi saat main ml gak bisa diputer lagunya,tetapi ini tetap keren dan aku aslinya mau ngasih bintang 9 ke app ini",5
mantap apklisi ini 👍👍👍,5
uuu nice syuka,5
"ini spotify kenapa sih mau nambahin lagu yg kita suka kagak bisa, mau hapus lagu dari ""lagu yg disukai"" juga ga bisa, udah di update tetep aja kek gitu gue jadi ga bisa denger lagu baru njir jadinya. Tolong dong gue muak banget denger lagu itu"" aja jadi kalo gue mau denger lagu lain gue harus cari lagunya dulu, padahal biasanya ga gini",1
bagussss,5
I came here because of SAD,5
sangat bagus,5
nice,5
aplikasinya notebad cuman iklannya suka muncul,4
Suka bgtt,5
iklan-nya tolong di kurangin yaa!! 😭🤗,5
bagus,5
Sangat dagus mendengar,5
bagus banget,5
suka bgt denger in lagu dr apl ini . mau lagu apaPun pasti ada lengkap beserta lirik nya .,5
bagus,4
Baguss bgt aku bisa bljar smbil denger music,5
Beri tahu kami selengkapnya (opsional),5
"SUKAAA BANGETT, buat nge galau wkwk",5
oke,4
sekarang di batesin lagu nya ngga asik,1
bagus,5
"sekarang malah ngelunjak pemutaran premium nya, setiap mau ganti musik pasti disuruh premium dulu",3
bagus,5
Mungkin,1
👌👌,5
bagus,5
"iklannya woii,ya Allah bnyk bngtt hrs premium dulu gitu,biar ga bnyk iklannya 😭😭",3
TERLALU BANYAK + SERING MUNCUL IKLAN MEMBANGSATKAN,1
bagus dan menyenangkan,5
bukak musik biasa aj harus premium wkkw,1
like,5
ok,1
this app is very good,5
hawhjsgs,5
mantap,5
karna bisa buat nge game sambil dengerin musik,5
bagus tapi kurangin iklannya,4
suka aja dengernya pake spotify,5
mantap bagus,5
"Apk spotify emang the best nih buat nyetel lagu dan lagu/musik nya banyak dari mulai musik dulu sampai sekarang ada di apk ini jadi tinggal cari aja lagu favorit terus bisa bikin playlist sendiri, tapi sayangnya gak bisa di dengarkan offline karena harus premium tapi ITS okey yang penting apk ini udah mempunyai fitur fitur yang bagus juga dan kekurangan nih apk setiap lagu tuh kadang gak ada liriknya gitu jadi orang yang tahu lagu nya tapi liriknya gak tau harus search dlu di google kan ribet",5
"sekalang aplikasi ini sangat tidak bersahabat dengan pengguna karena di batasi dalam pemilihan lagu apakah tidak cukup dengan memberikan iklan, pengguna aplikasi ini bukan yang premium aja. trimakasih.",1
Best music App👍👍,5
aplikasi musik yang sangat cocok untuk menemani kesibukan yang tidak bikin sibuk 👍,5
seruuuuuuu bgttttttttttttt,5
"di hp saya semenjak update keluar sendiri terus aplikasinya, udah coba install ulang terus klo udah login tiba tiba force close. padahal kalo masih dimenu login isi email ga force closee. tolong ini gimana",1
🙏,5
enak aj buat di denger,5
untuk mendengar dan menyanyikan lagu sangat mantap,5
"Aplikasi nya udah lumayan bagus. Saran saya tambahkan audio kualitas lossless (tanpa kehilangan data). Jangan hanya penantian doang. (Penantiannya sampai 4 tahun loh). Jika sudah ada tolong yang pengguna free bisa menikmati juga. Jika audio lossless diharuskan premium, tolong harga nya JANGAN DINAIKKAN mengingat KONDISI PEREKONOMIAN DI INDONESIA SEDANG TIDAK BAIK-BAIK SAJA. Terimakasih 🙏",5
spotify saya tidak bisa memutar lagu karena error tidak ada internet,4
"enak cuy, apalagi kalo gratis offline (bisa download) ☺😊😇",5
aplikasi ini sangat baguss,5
"Kurang banyak iklannya min🙏🙏kalau bisa tiap detik dikasih iklan 100 detik biar kabur semua penguna mu🥰🙏🙏lagian kok kayak maksa banget ke kita buat langganan jadi premium,gasemua orang berkecukupan ya darling,iklan dibuat untuk mempromosikan,bukan pemerasam😘. terus pas gua mutar lagu selalu ga sesuai playlist/keluar dari jalur playlist/(Keputar lagu asing🙄)pls dah pihak Spotify harus berbenah soal ini🙄",1
bagusss bangettt apk music fav🫶🫶,5
sangat bagus dan gaada iklannya buruan download,5
kikir malah suruh premium padahal lagi asyik nyetel lagu😒,1
good,5
"bagus si,TPI KLO gua sih mending nonton di apk musik bawan sih",5
jelk,2
semua musik ada di sini,5
❤❤ ok mantaap 👍👍!!!!,5
"aplikasinya bagus banget, cocok banget buat saya yang suka dengerin musik sambil buka app lain",5
"Jujur, sebenarnya aplikasi Spotify itu bagus tapi, kalau dipakai saat mode free (gratis) itu ada dua kekurangan. seperti: - Iklan, iklan boleh. karena kita juga pakai Spotify free, tapi kalau bisa ubah iklannya jadi 7 - 10 lagu -Batasan lagu/hari, ini cukup membuat pengguna sedikit kesal, apalagi kalau kerja lagi lembur, dan lainnya. kita butuh yang namanya ""lagu kesukaan"", semoga sih batasan ini sampai, ya... minimal 27 lebih lagunya. Ayo Spotify... jadilah aplikasi penyedia lagu terbaik👍👍👍",5
"baguslah, cuma liriknya di lengkapi lagi",5
gak ada iklan bagus😀🖒 gak ada iklan gak terganggu memutar musiknya😇😮🖒,5
sangat baguss aplikasi ini saya suka🤍🤍,5
sangat suka sma ini,5
kenapa tiba2 semua daftar lagu yang disukai hilang semua? dan ketika kita mencari lagi lagu2 tersebut d pencarian tapi tidak bisa untuk ditambahkan. apakah ini cm berlaku d spotify punyaku atau yg lain jg sama,1
ok lah,5
bagus sekaliii,5
sangat menghibur kesepianku,5
👍👍,5
sangat bagus,5
"kenapa ya kalo lagi puter lagu terus kan matiin hp, nah kenapa lagunya ikutan mati, terus kalo hp di nyalain ikutan nyala lagu nya",4
"masih kikir, buat play lagu aja masih dibatesin.",1
bagus kok sesuai dengan lagu yg ku suka,5
Applikasinya bagus kalo yang belum premium iklan juga gak banyak,4
"pelis admin, perbaiki playlist blending ku, kenapa ga bisa di acak😡😡😡",3
sangat bagus,5
Pokoknya puas,5
yang aku paling suka si lagu lagu galau,1
bagus sekali,5
sangat bagus sekali,5
𝒃𝒈𝒔,5
kenapa sekarang semua lagunya mode Premium ??? Harus berlangganan dulu 🤦🏻‍♀️ padahal sudah pake kuota jg... jadi makin malas dengar lagunya di Aplikasi Spotify.,2
banyak iklan. harus upgrade premium. dan di batasi milih lagu kilik kalu malah ke lagu yang lain sedikit di paksa untuk ke premium..,1
"anak untuk mendengarkan musik,",5
pokoknya ini seru banget aku jadi bisa hapal semua lagu fiks si kalian semua harus di download sekarang juga yawww🥳ini aku juga lagi STEL lagu manggu seru banget 😝🥳🤞🏻,5
Padahal sudah langganan.. Tetap saja ada iklan.. Langganan lewat leptop padahal.. Mana yg katanya bebas iklan.. Pantesan sudah tidak ada paketan mingguan atau harian.. karena paketan mingguan lebih murah dari paketan bulanan.. adain lagi dong paket mingguan..,3
"dikit² iklan baru pitar dua lagu udah iklan lagi, mana iklannya 3 lagi huuuu",1
ini spotify kenapa dah masa setiap mutar lagu2 tiba2 suara volumenya hilang tolong diperbaiki,3
sangat bagus,5
seru,5
bgus,5
biasa aj,3
"aplikasi nya sangat bagus ,dan sangat enak mutar lagu saat bermain game",5
keren suara musik nya bagus,5
cukup baik terus tingkatkan kualitas nya ya,4
𝐚𝐤𝐮 𝐦𝐚𝐮 𝐦𝐮𝐬𝐢𝐤 𝐬𝐞𝐦𝐮𝐚𝐧𝐲𝐚 𝐲𝐠 𝐦𝐮𝐬𝐢𝐤 𝐝𝐞𝐧𝐠𝐚𝐧𝐤𝐮 𝐬𝐚𝐦𝐚 𝐬𝐚𝐥𝐚𝐡 𝐬𝐚𝐭𝐮 𝐥𝐚𝐢𝐧,5
mantabs,5
the application is really getting more complicated as it gets updated,1
ur algorhythm is the worse,2
bagus bgt,5
kenapa lagu yang udah di download harus online sih..dan lagu di acak otomatis lagii saat di putar..ayolah..doverloper lagu yang udah di download jangan harus online..yang udah di download tetapkan untuk offline saat di putar..saya tunggu updatenya.. setelah di update semoga lebih baik dari yang ini..,3
bagussss,5
mantap,5
aplikasi nya bagus ada banyak lagu yang seru. tapi kok di hp gue harus banget untuk spotifu premium. kalau gak spotify premium gak bisa cari lagu sendiri cuman bisa lagu rekomendasi doang mohon di perbaiki agar bisa pilih lagu sendiri,2
lengkapi lagi lagu-lagu yang belum ada dari rekomendasi searching pengguna 😁👍,5
🆙🔝👍,5
bagus,5
bagus,5
bagus banget lohh tapi kenapa lirik nya gak bisa dibuka sih!,4
keren,5
bagus,5
"bagus sih, tapi iklannya kadang kalau tema horor, bikin jantungan",4
bagus,5
kapitalis banget iklannya mending pindah yt aja ga selama Spotify iklannya,1
cant life a single day without it,5
asik,5
mantap,5
banyak pilihan lagunya,5
aplikasi bagus bt dengerin musik,5
Bagus,5
"iklan bacot sampe 3x , segitu nya",1
ga suru kenapa harus bayar buat download musik atau tidak setidaknya musik yg di masukin ke playlist nya berurutan dan aneh nya suka ada musik yg ga di masukin playlist nya muter sendiri lagu nya,2
Amazing. BOB. Good Job.,5
kereenzzz bingitsss,5
eh aplikasi sportify: music gw mau dengerin lagu musik bukan dengerin koar2 ilkan bejibun nyet. 1.lagu selesai langsung 4x iklan nya tolol . Lo semua kaga becus apa hah.,1
baguss,5
"bagus tapi sering ga bisa milih lagu sendiri, harus nunggu besoknya",4
bagus banget,5
yaa okelah,4
oke bos,5
nice,5
aplikasi aplikasi lainnya,1
good apl,4
males banyak iklan,2
"Saya kasihhh Bintang 4dlu, soal nya ga ada langganan uji coba gratis",4
nyaman,5
good bettt,5
musik nya sangat mantap👍👍👍 pas banget ....,5
qqqqqqqqqq uu yy q q q q q q qq q qqqq q q q q q,4
pesan lagu sesuai keinginan ada,5
menyenangkan dan menghibur mood yang kadang berubah-ubah!♪,5
sangat enakk saat mendengarkan laguu lagii nyaa jugaa lengkap,5
"bagus aplikasi disini ada podcast dan banyak lagu yang bisa didengar mulai dari lagu barat,pop,solawat bahkan lagu Bollywood ada jawaban juga tapi kalau bisa lagu yang ada videonya gitu ga diulang-ulang jadi biar ga bosan aja selebihnya udah bagus de",4
sangat mudah untuk digunakan,5
ok gue cinta lu spotify,5
kebanyakan iklan 1 lagu 3 iklan,1
keren,5
Persib Bandung 1933,1
Ok,5
baguus,5
Bagus buat hiburan,5
Bagus Banget👍,5
"So beatiful, Emm papa mau 3",5
enak banget buat dengerin lagu pas lagi ada kerjaan!!!!,5
enak buat nyantai sambil minum juss 😍,5
lagunya bagus pilihan lagunya banyak tapi saya memberi bintang 4 karena banyak iklan dan ada yg tidak ada yg kurang lagu,4
bagus keren tetaplah menjadi keren,5
puas,5
"bagus banget sih aplikasi nya buat dengerin lagu nya enak banget terus juga banyak lagu' yang terbaru, tapi iklanya banyak",5
oke,5
hampir aja males bgt update ih kirain apanya yg bermasalah pas lagi putar tiba' berhenti.,4
sangat bagus saya bisa mendengar lagu yang saya suka 🙆🏻‍♀️💗✌,5
aplikasi ini keren bisa main game sambil denger lagu,5
terbaikkkkkkk,5
Baik utk sound musik,5
membantu saya mendengarkan musik',4
aplikasi nya bagus tapi tolong kurangi iklan nya agar llebih enak make aplikasi nya 🙏,4
perfect,4
Bagus banget,5
sangat bangus,5
😇😘🥶💝💓💗💜🩷🫶🎅🧙‍♂️🧑‍🎄🎅🧑‍🎄🧑‍🎄👼,5
kebanyakan iklan min🙏 kalo premium lewat dana agak mahal🙏,3
bagus dan banyak berbagai macam musik,5
semua semau harus premium taii,1
jgn download!! BOIKOT!!!!,1
lagu baik menyenangkan dan banyak seni²,5
bagusss bangett🤭,5
Tolong lagu china ada in lirik pinyin nya🙏,4
bagus ok,5
"bagus bangettt banyak lagu yang menarik!! jika kalian ingin mendengarkan lagu tapi bingung buruan download aplikasi Spotify sekarang juga karena kamu bisa menikmati musik nonstop dengan Spotify premium dan kamu bisa bebas mendengarkan lagu secara gratis, kalian juga bisa bikin playlist sendiri lohh bisa juga menambahkan podcast di koleksi kamu, kalian juga bisa mencari lagi favorit kalian sepuasnya dan disimpan di lagu yang kalian sukai Segera Download Spotify ya!!!",5
bagus sekali,5
sangat cocok untuk di dengar,5
𝚋𝚊𝚐𝚞𝚜 𝚔𝚊𝚛𝚎𝚗𝚊 𝚓𝚒𝚔𝚊 𝚔𝚒𝚝𝚊 𝚕𝚊𝚐𝚒 𝚗𝚐𝚎 𝚕𝚊𝚐𝚞 𝚔𝚒𝚝𝚊 𝚋𝚒𝚜𝚊 𝚜𝚊𝚖𝚋𝚒𝚕 𝚖𝚊𝚒𝚗 game👌😊,5
bagus,5
i love you spotify,5
sungguh enak untuk didengarkan tanpa hp harus menyala,5
gateli,1
BAGUS! cocok untuk galau ataupun yg lain,5
sangat baik,5
so good,5
sangat bagus,5
terlalu banyak iklan di mode free ganti lagu ke 1 lagu lainnya dikit² iklan tidak seperti yang dulu,3
sangat bagus,4
hilangin iklan nya napa iklan nya lama pula hapus aja nih aplikasi,1
baguss bangett musik nyaaa,5
"playlistnya sesuai isi hati sih, pinter lu spotify hehe",5
"kenapa saat saya menggunakan earphone, langsung on otomatis. tolonglah itu sangat mengganggu",2
bagus,5
"kenapa harus pake premium coba?!! waktu itu bisa² aja, mau naik haji lu?!! apa² harus pake premium, gjls bgt?!!",1
aplikasi ini tidak berguna ya saya dengar bukan musik ya terdengar iklan premium Mulu ya muncul orang kek gak punya otak apa coba aplikasi ini minta duit orang Mulu kek orang koruptor yang suka' ambil uang rakyat apa lagi ini minta paksa uang kita kita gak ada uang masih aja ketemu iklan premium minta uang saya udah muak dengan aplikasi minta uang bukan lagi aplikasi musik,1
suaranya mendem ga sepeti YouTube music.,2
bagus sekali cocok untuk galau hehehe,5
b aja,5
karna gk hisa login atau susah login nya,5
assalamualaikum ☺️👍,4
memang oke sporify nya tanggal pilih aja lagunya,5
bagus sekali,5
aku suka dengerin lagu di spotifay gada iklan horo,5
aplikasi bagus tidak banyak iklanya,5
bagus,5
kikir,3
🤩,5
nambah kesini nambah bnyak iklan,1
nice best,5
Mantab jiwa,5
lagu nya sanagat mantap dan super lengkap good the apk,5
lagu bagus,5
seru banget,5
"udah 1 minggu spotify saya ga bisa putar lagu, udah coba uninstal dan hapus change juga ttp tidak bs. plss bantuuu",1
mantap banget sangat membantu jika sedang kita membuka apk lain tetap terhibur oleh Spotify music tak mati,5
basam,5
terlalu banyak iklan,2
lagi lagi yg ada tanpa batas kecuali lagu bom cikadap,5
banyak iklan,2
"harus berbayar,",3
sangat mudah digunakan dan sangat membuat kita relax,5
good,5
bagussss pakek banget,5
"Sportify bagus bisa diputar di latar belakang aplikasi, dan koneksi lagunya lengkap.",5
"saya kemaren kan ngebatalin langganan karena saya sebelumnya memang pernah dengan sengaja berlangganan premium, tetapi kemarin saldo saya terpotong otomatis , trus saya batalkan langganan tapi saldo ga kembali",4
aplikasi kikir bet sumpah masa cuma nonton lagu gk sampe sejam suruh beli premium kalo gk beli premium stiap dengar lagu banyak bet iklan dah kaya tunjangan dpr mending duitnya buat beli netflix dah daripada spotify,2
sound jelek dan iklannya terlalu banyak !!,1
"aplikasi nya bagus, pokoknya ini cocok buat kalian yang mood nya lagi enggak baik",5
seru banget apa lagi pas main mobile legends auto mode sad 😅😅,5
"Apalah premium2, artis nya aja cuma dapet 35 perak 🥱. pantes di boikot musisi2",2
pokoknya Siip!,5
asik banget dengerin lagu,1
Spotify aplikasi nya bagus dan lagu lagu di Spotify asik di dengerin,5
"aplikasinya kren, lagu apa aja bisa d cari di sini. tapi tolong donk kurangin iklannya buat yg mode free 🥺. jadi kaya kbanyakn dngerin iklan mulu",4
enak,5
enjoy,5
PERASAAN DULU 1 IKLAN BISA DENGER BEBERAPA LAGU LAH INI 1 LAGU AJA ADA IKLAN HERAN,1
good,5
alus ey ngan kudu prem anyy,5
"kenapa log out sendiri sih? pas mau log in katanya ""kamu tidak bisa menggunakan spotify di luar negeri"", ndasmu",1
"lagi enak"" dengerin musik mlh ganti"" sendiri musiknya sama iklannya terlalu banyak",2
Spotify Mode kikir jir hampir semuanya di premium in...mending Spotify di PC yang notaben nya masih bisa pilih lagu + atur detik pemutaran nya,2
saya dapat mendengar musik dan menenangkan sekali,5
Mantap,5
baguss bnget,5
sangat bagus dan mudah mencari lagu nya,5
"saya cuman pengen denger musik,plis buat Spotify yang lebih ringan selain Spotify lite soalnya disana aku ga bisa masukk sama sekali tapi disini bisa tolong diperbaiki yang litenya biar saya pindah kesana",4
banyak iklan jelek,1
keren sukaa bisaa fitur gratissss,5
aplikasi el iklan,1
tidak sengaja ingin mengembalikan dana yang otomatis berlangganan dan tidak zengaja terbatalkan.sangat membutuhkan uang itu,1
bagus banget pokok nya,5
agak nambah ya iklannya? 😅,1
SANGAT TIDAK REKOMEND....⁉️⁉️,1
bagus,5
ini kenapa ya saat aku mau ganti lagu gak bisa harus premium ini apk nya yang rusak atau gimana yak ini juga pernah kejadian ama aku dulu setahun yang lalu dan aku hapus lalu aku instal lagi dan kembali normal ini gak tau kenapa kejadian lagi mohon untk devolopernya di perbaik ya (klo ada kesalahan dalam pengetikan mohon di maafkan)🙏🙏🙏🙏,1
bagus lagu nyaa,5
bagussss no coment!,5
bagus,4
"padahal bagus, tapi mau denger lagu harus premium mulu kata nya gratis kecewa banget sih.",3
banyak iklan,1
iklan mu bangsat anjing,1
sangat cocok untuk di dengar,5
sangat bagus untuk pencinta musik tapi kadang lirik lagu gak ad,5
terima kasih,5
lanjutkan,5
mantap,5
bagus banget woikk,5
Spotify keren,5
bagus tuk mendengar nya,5
klo bisaaa gausah bayar bayarr yaaa🫰🏻😘,5
JUARA...SUKSES SELALU DG PLATFORM INI N BUAT HAPPY SEMUA ORANG DIMUKA BUMI.KERJA DITEMANI SPOTIFY ADALAH KESEHATIANKU.,5
bagus,5
"maksa banget buat premium,udh denger iklan pun ttep ga bisa pilih lagu hadeuh",1
seru bisa mendengar kan musik favorit berjam-jam,5
Mantappp,5
apk konyol banyakan iklan. mana iklan gk bisa di skip. satu iklan 30 detik sampe 3X. semua fitur gak ngotak. KONT*L,1
belum memuaskan,3
aplikasi udah bagus tapi setiap mau ganti lagu tidak bisa malah muncul iklan spotify premium tapi bukan iklan video tapi lebih seperti ke gambar mohon segera diperbaiki ya,3
"seru juga dengerin Spotify jadi kaya denger radio,, ada iklan nya, tapi buat catatan developer, tolong jangan setiap 2 lagu iklan, minimal 5 6 lagu baru iklan, biar lebih puas denger lagu nya. so far ok.",5
Don't advertise too much because it's not fun,2
lagu nya bagus jernih dan enak didengar,5
aplikasinya bagus untuk mendengarkan musik,5
"apk nya bagus sih, tpi sayang bnget, iklannya kdg kelewat over (kebanyakan bnget), klo bs sih iklannya sedikit dikurangin",4
sangat bagus tapi ada sedikit yg agak buat kesel karena iklan nya yg terlalu banyak tapi untuk aplikasi nya udah bagus banget ko ☺️,5
good Spotify,5
ok,5
bagusss good job,5
sangat bagus dan saat di putar musik apa pun bangus tapi minesnya ada iklan nya tolong kurangi ikelan nya kasihan yang belum premium,5
"sebagai pengguna non-premium, banyak peningkatan di Spotify dari iklan yang mulai bervariasi dan ga ngebosenin, ga masalah di jeda dulu sama iklan karna kalo gamau ada iklan ya silahkan beli premium ya gess jangan nge hate komen sama kasih bintang rendah. thank u Spotify!",5
bagus,5
sangat seru mendengarkan musik di aplikasi ini,5
banyak iklan,1
"sering bat ke pause anjg, gaje banget ni apk",1
good,5
"🎀baguss woee tapi ada banyak iklan aku sih gamasalah karna itu free,aku cari lagu yang aku mau semua adaa💯🎀",4
"seperti yg lain saya rasa Spotify sangat bagus, bermanfaat juga menghibur. ga susah juga nyari lagu ataupun artis nya. cuma dsni saya kasih bintang 4 karena tiap kali saya mendengar lagu apapun entah kpop, english, band Indonesia lagu yg keputar selanjutnya selalu dangdut jawa. lagi enak dengerin musik tetiba kesetel dangdut🙄",4
sangat memuaskan,5
Bagus,5
bagus,5
banyak iklan nya,1
babi lagi dengerin 1 lagu malah langsung pindah ke lagu lain maksudnya ini apa njing,1
"Aplikasi Keren Ini Yang Selama Ini gw Cari-cari Sukses Selalu Developer, beneran Gratis Mantap Om",5
"apk asu, makin kesini makin banyak iklan su asu, cuma ganti lagu aja nunggu iklan 3 menit ngentod",1
Sat bermain game sering mati dan ikon spotify tidak muncul,5
ikan aja setiap detik,1
bgus,5
bagus,5
ok keren banget,5
aplikasi nya pas dibuka gak bisa-bisa loding teruss 😡,2
"terlalu banyak iklan ,baru putar satu lagu iklannya sampe 3×",2
sangat seru untuk di dengar👍🏻,5
"mudah di pakai, pilihan lagu nya juga bnyak dan bisa di mainkan di latar belakang.. mantap...",5
kenpa tidak bisa dibuka dan distel lagu nya,5
cihuy,5
mantap👍,3
Aplikasi kikir😂😂😂😂 dulu bayar premium 35 rb lama² naik 54 rb sekarang 59 rb? Ngotak Donggg Emang aplikasi YAHUDI,1
Good,5
sangat senang dg fitur yg gratis,5
karna ga ada liriknya di hp aku,2
"iklannya kebanyakan banget dengar lagu 1mnt,iklannya 1 mnt lebih 😵‍💫😵‍💫",2
suka dengan aplikasi ini bisa mendengarkan musik bagus.,5
apk musik paling mantapp,5
🫰🫰🫰🫰🫰🫰,5
oke,5
Bagus,5
ok,5
"iklannya makin banyak parah. sekitar 2 menit kurang cuman dengerin iklan. gw mau denger lagu, bukan dengerin iklan",3
"aplikasi kikir, setel lagu sesuai urutan aja harus prem, kikir kikir",2
cari lagu apa saja ada,5
"kenapa bulan ini langganan ku terjeda, padahal biasanya bisa langsung kepotong dari pulsa dan waktu mau berlangganan lagi dah ndak ada metode pembayaran Pake pulsa sedihnya",1
pakek Spotify itu seru pokok ny asik banget,5
bagus tp ushakn semua lagu ad lirikny,3
kikir,1
MantaaaaaaBek🤙🏼,5
"pokok nya good banget apk nya trus kayaknya kalo terlalu pakai lama' gak bisa pilih lagu why, lebih bagus kalo pakai iklan aja good luck 🫰",5
"masa ada limit, iklan banyak bete gua jink",3
𝐚𝐝𝐚 𝐢𝐤𝐥𝐚𝐧 𝐣𝐚𝐝𝐢 𝐤𝐮𝐫𝐚𝐧𝐠,4
maksa premium,5
apa lah baru mutar 2 lagu langsung gak bisa dengerin lagu harus ambil paket premium apah gak udah lah pkek batas degar harain plisss😭😭😭🗿😭,1
baguss bangettt🤩,5
sangat baik,5
sangat bagus,5
aplikasi bagus saya suka👍👍. tapi gatu yang lain bakalan ngasih bintang berapa,5
"dengerin musik sekarang di batasi, harus premium kalo mau putar musik sepuas nya, gw langsung uninstall",1
mantap keren ini,5
enak sihhh~ buat ngapa² dengarin di spotify,5
soal nya ada mba Taylor Swift bweee,5
mulai aneh,1
"bagusss bngttt,sukakkkk lope you,asik🤭",5
apa laginyang harus diandalkan selain spotify?,5
"saya menghapus aplikasi ini tapi masih ada dan seperti virus, padahal saya menginstal ini di PlayStore",1
bintang 4 bagus sih tpi klo akun nya udh keseringan putar lagu banyak bener iklan nya,4
good,5
aplikasi ini sangat bagus menurut saya dan cocok untuk saya yg suka beres beres dan pengen nyetel lagu🤭🤭,5
mantap apknya,5
"terlalu banyak iklan, setiap selesai 1 lagu setelah itu muncul 3 iklan sekaligus. Plis lah ini aplikasi kok lama² makin kikir",1
ngapain harus iklan ege mending ga usah biar lebih bnyak peminat,1
Aplikasi nya bagus bisa dengerin lagu lagu gitu tapi yaa gitu masih ada sponsor sponsor nyaa 😍😍🎉,5
jujur bagus cuma kadang ga ada translate nya,3
bguss,5
bisa di pake sambil main geme dan tidur,5
"Thank you for creating Spotify,",5
Lumayanlah..,5
"login gk bisa jir, daftar katanya udah terdaftar pas coba login tanpa password dibilang akun tidak ada. gmn cara memperbaikinya",1
aplikasi sangat menghinur,5
Ingkittttu,1
bagus,5
kerja bagus,5
keren,5
"nyaman,mudah dan asik",5
bagusssssss ajaaa banyak lagunyaaaaa,4
kebanyakan premium jing,1
good,5
"Overall aplikasi spotify udah bagus, mungkin untuk tampilan UI nya bisa diubah jadi lebih menarik dan lebih bagus lagi dan kalo ada bug bisa segera diperbaiki, terima kasih!",5
sangat bagus,5
bagusss,5
seru bgus,5
assalamualaikum saya mau menyampaikan dari aplikasi Spotify aplikasi nya bagus banget cepetan kalian download takut ketinggalan lagu yg enak dan merdu yaudah ya maaf simple wassalamu'alaikum 🙏🙏,5
bagus banget pas buat dengerin lagu sambil main Roblox,5
sangat bagus tapi tolong dong kurangin iklan nya,5
Semoga dapat diperbaiki lagi menjadi yang terbaik,5
KALO ADA BINTANG INFINITY GW AMBIL DAH BAGUS POL DAN GW SUKAA,5
maksa banget iklannya wkwk kapitalis kapitalis,1
mantap lur,5
koleksi lagu banyakin lagiii 🫰,5
"aplikasi musik yang asik,pitur lengkap",5
"aplikasi aneh jaringan dah bagus lancar masih aja ngelag , iklan yang katanya bisa mendengarkan tanpa gangguan selama 30 menit malah gak bisa pindah² playlist juga gak bisa",1
ok,4
aplikasi ANJINGGG lagu yang sad masuk ke hati semua NJENGG,5
banyak iklan ganti lagu 1x iklan 1x iklan malas bgt jdinya,2
mantul,5
rame,5
"bagus tapi yang premium mahal co, lagi gaada uang tapi aku bisa denger lagu bad desire ENHYPENN",4
live hilang👎,1
ok,5
bagus,5
good app,5
terlalu berbayar.. padahal ada nya sepongsir GK Maslah,3
top,5
"musik nya bagus"" mantap",5
baguse,5
saya puas dengan aplikasi ini sangat membantu,5
good,5
bagus👍,5
keren,5
keren,5
user friendly,5
apk musik yg paling gokil kerennya,5
Spotify realistic😃👍,5
gak jelas banget spotify masa apa apa harus premium aneh aku kan udh lama pake spotify trus pas aku lagi milih lagu gak bisa harus premium dulu apaan coba terlalu maksaain sekali lagi TERLALU MAKSAAIN mendingan pake youtube music,1
bagus,5
"bgss, enak di dengerr ada jga musikk fav aku.. bgss👍🏻",5
aplks ini baguss,5
"aplikasi bikin boros balikin duit gua, gua mau coba premium sekali aja nnti kalau udah habis malah di paksa beli premium,itupun langsung di tarik uang gua di dana, habiskan jadinya",1
mengapa di saya nga ada lirik,5
bayar cuk,1
"kenapa kalau sudah lama pakai aplikasinya tuh gabisa nambahin lagu ke favorit ya atau buat album gituu, dengan buka album atau artisnya pun ada tulisan koneksi tidak stabil, kaya ngebug gitu harus instal uninstal, padahal lainnya udah bagus kok sejujurnya",1
baguss lebih baguss lagi kalo offline,5
no comment,5
ok,5
apk kikir bgt mau ganti lagi gk bisa,1
APLIKASIH KIKIR GTW DIRI IKLAN KAYAK MAU NAIK HAJI JANNGAN DI DOWNLOAD GUYS,5
Sedikit kecewa no premium ga bisa bebas milih lagu karena dibatasin,3
bangsu lahu yang 👍,3
the Best,5
Bagus. Bisa gratisan,5
ok lah,5
"apk gajelas, suka gabisa puter lagu",1
bagus lagu nya enakan,5
baguss seneng jadinyaa,5
nice,5
mudah untuk digunakan dan banyak lagu pilihan,5
terlalu banyak iklan daripada lagu,1
terlalu gede memorinya,2
"Bagus deh, cocok buat santay",5
apk nya bagus. 👍,5
ini sangat bagus,5
bagus dan lagunya enak enak,5
baguss bangttt,5
aplikasi buat musikan paling bagus,5
iklan nya terlalu banyak cooo,1
bagus,5
musik cukup enak di dengar dan tekstur suara nya indah dan suara yang cukup jernih,5
knp harus dukung zionis si,1
keren,5
banyakan lagu bagus,5
mantappppp,5
bgus bgus aj si.,4
enak nina,5
sangat bagus,5
bagus banget,5
mantap enakeun,5
"fitur fitur spotify sangat bagus dan membantu saya dalam mendengarkan musik, tapi terganggu jika terlalu banyak iklan....",5
bagus,5
senang karena masih bisa ada yang free,5
sangat baik,2
ubah jadi Spotify biasa,5
well pokonamah,5
sangat bermanfaat,4
nice,5
"parahh punya gua iklan sampe 3, ganti lagu iklan trus ganti lagu lain iklan juga parah bgt kesenjangan premium 😭",1
kebanyakan iklan,1
speechless,5
"kalau menurut aku sih, Spotify Udah bagus tapi kendala batas pemutaran lagunya, yang ganggu lagi enak² denger lagu malah mati karena batas, lagu kalau bisa batas lagunya tolong 10 atau 15 kalau terkait iklan masih bisa dimaklumin",3
candu banget sama Spotify semuanya lengkap i.love.you. Spotify cinta banget,5
mantap,5
"terlalu banyak iklan bilang nya gak ada iklan, kalo menyalakan musik pasti keluar iklan",3
wow bgs bgt ? bagus banget,5
mantep banget,5
🤩🤩,5
busuk!,1
terbaikkkkkkkkkk,5
diskripsi mantep musik nya pun oke,5
boikot zionist,1
bagus,5
very good,5
Sangat sangat keren sebagai fans babymetal sangat sangat berterimakasih,5
"anjayy, mmg di haruskan berlangganan, skrg skip lagu maksimal 6 kali, makan ni bintang 1 nya dekk",1
ok,5
"good, banyak banget iklan di mode free, pake premium mantep banget worth it banget, kalo bisa, di mode free kurangin iklannya kalo bisa 10 lagu baru iklan, iklannya satu aja terus lanjut 10 lagu lagi baru iklan lagi satu dan seterusnya begitu, itu sih saran dari saya, semoga aja saran saya didenger dan dipake pasti banyak user yang puas sama aplikasi Spotify.",5
iklan semakin banyak.,1
tidak bisa menambahkan antrean,3
sangat bagus di pakai untuk mendengarkan musik,5
satu musik satu iklan,1
spotify gak bisa untuk karoke ya? cek di google kok bsa ya??,4
good 👍🏻,5
keren,5
semua lagu ada,5
"BAGUSS BANGETTT!!🤩 AKUU SUKAA SOALNYA BANYAK LAGU LAGU YANG SAD, BAHAGIA, SENENG POKOKNYA SEMUA NYA ADA DEHH, DAN JUGA BISA MENGHIBUR DIRI",5
sangat baikk,5
lagu nya sangat bagus dan full,5
Pakai Narasi🇮🇩🍎👣❤️✌️🌐🌎👁️⭐🍰☕💻🌕🌖🌗☔🖐️🕊️seger,2
Best pokoknya 👍🏻,5
makasih ya music ini sangat membuat ku sedikit senang,5
🤙,5
Aplikasi ini bagus mendengarkan musik sambil tiduran,5
MANTAP!!,5
suka aja tpi paling gk suka sama iklan nya gk bisa dilewatin hrs pke premium klo mau gk ada iklan,3
dia selalu iklan walaupun saya udah download,1
gabisa pindah lagu kalo ga langganan tolong lah,4
sangat smoth,5
"1 lagu 3 iklan, emang ngak beres spotify",2
vitur baru nya bagus dan suka dengar lagu pakai sportify,5
bagus untuk cari lagu nyaman,5
aku sangat senang karna bisa buat solawat an,5
Udah di apdet tapi lagu nya tetap gak bisa di putar otomatis lagi 🔁 dan banyak iklan 😞,2
user yang bukan premium terlalu dibatasi fiturnya,1
"sekelas spotify, banyak lagu yg liriknya ga tersedia, even lagu perfect ed sheeren. why?? hrs premium dlu kah? kalah lu sama aplikasi musik underated yg pernah gw install. kek nya emang hrs balik lagi dengerin musik di apk merah (lirik lengkap, cuma kalah di tampilan–sedikit jadul)",1
Bagus,5
ga bisa milih lagu mending download,1
bgus bang,5
asyik,5
bagus banget pas saya nggak tau cara daftar nya di arah in banget sama Spotify pokok nya yang cari aplikasi buat dengerin musik semua ada loh download sekarang!!!!!!!,5
bagus buat dngerin lagu,5
singkat saja (BAGUS😵),5
aku suka karena bisa main champion Hidupin lagu,5
bagus sekali tapi banyak iklan,5
donasi isriwil dont likee,1
"jelek bgt suka nge leg 30 menit klo dengar lagu yg kita putar, jgn dowlond deh",1
good.......,5
mungkin apk nya ok tapi tolong iklan nya di kurangin bisa bisa nanti pengguna apk ini bisa uninstall satu persatu.,2
banyak iklan,4
bagus suka aja,5
bagus,4
aplikasi yang sangat bagus saya sangat menikmati lagunya tapi kenapa lagu where we are -one direction. belum di tambahkan padahal lagunya enak dan bagus saya minta tolong lagu ini ditambahkan di Spotify 🙏🙏,5
"dikit dikit iklan, mana iklannya bisa sampe 3 kali. jelek ga kaya dulu",1
ini saya suka sekali dan saya sudah terbiasa dengan iklan iklan yang ada tapi masalahnya saat memilih lagu yang ingin di dengar malah iklan langsung dan tidak dapat hilang sama sekali biar di tunggu 30 menit tetap tidak hilang iklannya,4
KENAPA HARUS INI APK SIH YANG GANTIIN RESSO... UDAH MUSIK GA LENGKAP DAN JELEK2 PULA LAGU NYA.,1
sayangnya ber iklan,5
bagus,5
"I'm a Real Madrid fan but I subscribe to this, hahaha",5
bagus,4
aku sangat suka aplikasi ini dan aku juga suka mendengarkan musik,5
ok,5
keren banget aplikasi Spotify,5
buset 1 lagu 1 iklan,1
I like this app but why are there so many ads?,4
keren membantu di saat sinyal ga da,5
good 👍 👍,5
saya suka sama aplikasi ini menurit saya ini seru bisa mencari lagu lagu yg bagus sebelum nya saya udh dowload di hp saya yg satu terus nambah di sini karna bagus aja,5
"iklannya bangak banget jir gnti lagu satu aja iklannya 5, tolong dong min kurangin iklannya",2
intinya bagus.,4
"bagus, sayangnya pendukung zionism",1
pengalaman terburuk,1
"musiknya komplit,,,keren",5
aplikasi ini sangat bermanfaat bagi saya lagu pada asik s asik semua pokoknya bagus banget,5
hidup gw kalo GK ada nih aplikasi hampa bet keknya. pokoknya Spotify apk fav gw.,5
tolong iklanya di hilangin ngab,5
bayak iklan,2
burik,1
👍,5
gpp pengen aja,1
aku ga bisa denger lagu Indonesia,3
"MAKSA BGT BIAR PAKE PREMIUM!! baru 1 lagu yg diputer, iklannya sampe 5x dgn durasi 30detik. udah hampir 1 lagu itu, malah ngalahin durasi lagunya itu sendiri!! msh mending iklan di apk yt music dll inimah iklannya. auto uninstall aja lah",1
ngga dikasih orang buat komentar ya min,3
masih setia d Spotify. meski d gempur aplikasi baru yg kata nya lebih menarik.,4
ada bug apa gimana ya setiap kali mau masuk layar nya hitam dan gak bisa mencet apa apa developer tolong benerin wifi ku lancar sinyal full tapi kenapa buat buka sportfy doang kaya jelek kota nya 🎖️.,2
sangat baik,5
Bagus.,5
mantap,5
bagus dan keren,5
mantab,5
"bagus ,bisa dengar musik apa aja🗿",5
👌👌👌,5
enak di dengar ny trus bisa dengerin lagu smbil galau,5
Mantap,5
bagus banget,5
oke..musik tanpa henti dan lengkap,5
lagunya keren² banget,5
luar biasa,5
bagus enak musik nya,5
iklannya kadang ngagetin mana serem lagi,4
serba premium sekarang anjj mending pake apk bajakan,1
bagus lagunya lengkap,5
gausah terlalu banyak iklan!! org lgi sedih pgn denger lagu malah iklan sampe 2 atau 3 kali !!!!,1
bagus bgt,5
ok gas,5
katanya 3 bulan Rp. 59.900 kenapa saya bayar Rp. 132.000? Tolong berikan penjelasan,5
"entahlah, kenapa sekarang setiap memutar satu lagu pasti ada iklannnya",3
aku sering mendapat kan iklan terus setiap saya mau ganti musik masih mending youtube dari pada Spotify bagi kasih gotube,1
𝒕𝒉𝒆 𝒃𝒆𝒔𝒕 𝒃𝒂𝒏𝒈𝒆𝒕 𝒂𝒑𝒍𝒊𝒌𝒂𝒔𝒊 𝒊𝒏𝒊 𝒎𝒆𝒎𝒃𝒖𝒂𝒕 𝒔𝒂𝒚𝒂 𝒍𝒆𝒃𝒊𝒉 𝒕𝒆𝒏𝒂𝒏𝒈 𝒎𝒆𝒏𝒅𝒆𝒏𝒈𝒂𝒓 𝒌𝒂𝒏 𝒍𝒂𝒈𝒖,5
"Saya kasih rate 1 karna gabisa daftar premium lewat gopay di web padahal udh cape nabung buat premium, tapi pas mau belinya malah gabisa2 padahal udh masukin nomornya tapi gabisa bayar premium. mohon diperbaiki pembayaran lewat gopaynya",1
t a Ki api tttttyjata yaa as TT y a yaa a yaaa a ss yaa TT a TT Yyy a yg a TT,3
Okok bagus,5
apk burikkkkk,1
iklan nya tolong di hapuss,3
"enak sih pakai ni aplikasi,tapi kok saya ga bisa liat lirik musik ya🗿?",3
bagus,5
Perunggu forever,5
anjirr kecewa,1
sangatttt bagusss,5
sangat sangat bagus,5
bagus music,4
banyak bngt iklannya,1
"Ngotak lah, masa 1 lagu 1 iklan jig, gk gtu juga kali kalo yg free",1
bagus,5
mantap bagus enak abiesss,5
"lengkap lavu2,album yv kami sukai",5
bagus baget apalagi nge sad:),5
aplikasi bagus,5
bagus,5
banyak lagu yg bagus jerni ketika memakai premium dan ketika memakai premium tidak ada lagi iklan,5
ya pasti seru sama enak banget dengerin musik lewat Spotify.I really like it😊,4
bagusss,5
jos gandos lanjutkan,5
BAGUSS,5
sangat bagus lagunya seru seru,5
sangat menyenangkan,5
"mau putar lagu aja harus premium, kecewa",1
enak buat dengerin lagu lagu kesukaan saya dari mahalini,5
karna lagu lagunya asik dan tidak banyaak iklan 🙏,5
Bagus bnget tpi syg nya g bsa ngiduppin scra mati data,5
ada lagu yang kucintai ❤️,5
Pokok nya no coment bagus banget,5
"males ah sama lu, ngedanain perang ogah deh mana update mulu lagi nanti ketemu ya di padang mahsyar",1
sangat ok,5
Sangat mudah digunakan dan banyak pilihan lagunya,5
kwalitas oke,5
mantap,5
ini bagus,4
jangan gunakan aplikasi ini kalau uang kalian tidak mau hilang sia2.,1
ᥴ᥆ᥴ᥆k ᑲᥙᥲ𝗍 sᥲіᥡᥲ,5
kelass 🔥🔥🔥🔥🔥,5
Sangat baik.,3
bgus,5
"apk ny bgs cocok bgt buat ak yg mw dengerin lagu, and juga kalo mau cr lagu lagu ny jg BS mlhn bnyk LG aku SK cmn kalo LG dngerin PS on psti bnyk iklan aplgi nih ya KLO aku mw cr Lagu mlh g BS pdhl wifi/Kouta aku bgs aja mlhn lncr LG,walauu gmn pun apk ny bgus ko aku Sukak jdii kalo ada yg mau dengerin musik wajib download ini bagus bgt apk nyaa,btw min tolong di perbaiki yaa masalah yang tdii see youu bye🫶🏻💐 🫶🏻🫶🏻💞💞💐",5
nice,5
membela zionisme,1
terlalu banyak kali iklan nya. biasanya 1 iklan. sekarang 3 iklan berturut-turut. parah. hapus aja lagi,1
ini iklan kok jadi 3x njir tadi cuman 1 atau 2x terus iklan nya motong di tengah lagu pulak,1
Ok,3
mantap lah,5
"ANEH YG NGELUH BANYAK IKLAN BANYAK INI BANYAK ITU WKWK DIKIT2 SUFFLE DIKIT SUFFLE,MAKANNYAKAN DISURUH PREMIUM BIAR GAK KEGANGGU SAMA IKLAN APA ACAK LAGU WKWK UDAH GRATIS BANYAK MAUNYA LAGI ANEH.",5
mantuul,5
iklan semakin membagongkan.,1
okey bagus buanget,5
bagus lah karena bisa denger lagu yg bagus bagus👍🏿,5
sangat tidak bagus,1
mantab,5
josssssss gandos,5
semenjak update jadi GK bisa play music yang di mau tolong balikin lagi pihak spotify,1
"pro isriwil,ga lepel",1
WOI KIKIR BANGET DI BATESIN PEMILIHAN LAGU NYA 6 PER HARI😂,2
bagus banget suara nya bening,5
lagunya sangat enak sekali banyak artis artis yang terkenal,5
ok banget,5
suka banget sih jujurrr..,5
"It's good, even when we play a song and turn off the cellphone, the song is still playing, all the songs are here, and there are free ones, there are also premium ones that are paid, but the free ones are already good, let alone the premium ones, and even if there are ads, they are only for a short time.",5
enak jir,5
"tolong di hilangkan iklan nya ya min ,aplikasinya udah bagus tolong iklan nya di hilangkan 🙏🏻",5
good,5
bagus,5
bagus dan berkualitas,5
hufttt apk nya bagus tapi tolong lah admin jangan banyakin iklan oke lah kalo udah lama ada iklan inimah baru 2-3 langaung iklan apk haromm trus gw nyari lagu yang muncul ga sesuai ekspetasi banget tolong di benerin asww🙏🙏,1
"Setelah beli Xiaomi earbuds, langsung dapet promo free premium 3 bulan.... mantap!!!",5
mantap,5
pengguna baru aku harap ini gada iklan kayak apk lain,5
baik sekali dan enak di dengar musik nya,5
sangat bagus tapi ada iklan,4
bagus,5
cukup menghibur,5
"walaupun ada iklan,gapapa lah",5
"bagus, tpi agak ajg kebanyakan ikln",2
i like it,5
"Banyak banget lagu yang aku suka,bisa dengerin lagu ofline lagi aku suka banget makasih ya udah buat aplikasi sebagus ini",5
"Iklan nya bnyk bgt, trus maksa saya buat beli premium pdhl sy gamau benci bgt sm spotify yg sekarang jdi meres duit orng, perbaiki sebaiknya kasian orng2 mau dengerin lagu malah ketakutan sm iklan horor hadeh gmn sih😮‍💨",3
ini sangat bagus bagi kami dan tidak ada iklan negatif,4
bisa nyari banyak lagu yang kita mau seru banget 💅🥰🥰🥰,5
"aplikasi bagus tapi iklannya kurangin, masa 1 lagu langsung iklan lagi segitu aja",4
bagus,4
👍👍👍👍,5
enak biso sambil main tapi lebih enak kalo bisa denger lagi kalo gak ada kuota,5
mantap,5
bagus banget bahkan bisa sambil main game sama layar hp mati masih bisa nyala tapi ini aku kasih bintang 4 soalnya aku di spam premium setiap hari 😭 1 kali setiap hari aku udah pencet saya akan tetap di free tapi muncul terus tolong dong😭,4
Lagu ya keren keren aku kasih bintang lima semoga sehat selalu nah rezeki ya berlimpah,5
bagus sih cocok,5
bagus,5
seru,5
bagus,4
baik,5
"udah ku bilang jangan tampilkan iklan!!! 🤬, udah berapa kali aku bilang!!!!, mampus kau!, kena hujat kau!,",1
dulu spotify tidak banyak iklannya sekarang du tiga iklan mulu,2
"menurut gw makasih udah jadi pembantu telinga gw, terus gw pengen gw dapet trial premium lagi, soalnya aku keinget sama kenangan prem trial ku :'(",5
Like,5
bagus sih tapi ada iklan terus kek dipaksa pake peremium,4
lumayan sih tpi iklan ny di kurangin aj ckup si,4
"saya tidak bisa mendownload apk ini, sudah 2 jam saya tunggu, masih ngestak di 98%",1
mantap oke lah pokoknya,5
makin kikir aja nih😹😹😹🥵🥀🥀🥀🥀💔💔💔,1
tolong yah Spotify harus masuk pake nomor lagi mana mau masuk,5
lumayan,5
cari.jodoyang.memerima apaadanya,5
bagus bangat,5
eaaaaaaaaak,5
it's good,5
best of the best,5
keren🫠🫠,5
"aku kasih bintang empat karena kebanyakan iklan,, aku suka denger lagu di spotify tapi yg mengganggu iklan saja, sekian terimakasih dari aku☺🙏",4
"sangat bagus,namun menurut ku terlalu banyak iklan, kalo iklannya muncul pas abis denger 1 smpai 6 lagu mah normal,lah ini saya baru denger 1 lagu iklan,trs kadang malah kalo 1 lagu selesai iklan trs 1 lagu selesai iklan gitu terus,jadi susah kalo mau cari lagu yg kita cari,karna kan klo kita gatau nama lagunya jadi susah nyari nya karna di cek satu satu ,trs jdi lama gara gara nunggu iklan,mana setengah menit lagi,tolong Spotify di kurangi iklan durasinya 🙏🏻",3
cukup lumayan,5
BEST...,5
"bagus sih, cuman iklannya gak kondusif, apalagi pas setelah iklan itu lagunya jadi ganti ke genre lain",5
kenapa ini eror udah di bayar premium pas buka lagu gak bisa muncul hitam aja layarnya,1
gatau,5
sangat bagus bagi saya,5
enakeun pas lagi muncak,5
manteFf bNgat jUr,5
bagus enggak ada iklan walaupun enggak premium,5
aplikasi terkikir se bumi sesudah capcut,1
Baik,5
"Langganan premiumnya Gak jelas, gak punya ketetapan, ga asik😏",1
Spotify bagus bngett jdii sayaa kasih bintang 🌟🌟🌟🌟🌟,5
banyak lagu asik dan bisa gratis,5
Ayolah kenapa semakin buruk gua mau denger lagu masa lagu yg gua simpan ilang semua dan terkadang lagi nyetel lagu tiba-tiba berhenti log out dari akun tanpa tahu permasalahannya,1
lagu nya seru seru loh ayo langsung donlouad,5
baguss kak,5
BUAGUSSSSS POLLLLL,5
Baguss klo lagi galau/sad,5
"aplikasi nya bagus, tapi terkadang tidak bisa memutar atau mendengarkan musik padahal sudah update",3
good app,5
karena ya bagus ajah sihhh.... 😀,5
saya sangat senang,5
saya sangat suka....,5
jelek,1
aplikasi kikir 2 lagu dan 4 iklan,1
nice tapi kadang kadang GK ketemu lagi nya,5
hmm bagus sih,5
sangat asik lagunya bisa buat main gem sambil dengerin lagu,5
udah bagus sema sih cuma tolong kurangin iklannya sama munculin lagi tombol yang buat mutar ulang satu lagi🙏,4
😍😍,5
"aku menghabiskan waktuku hanya untuk mendengarkan iklan☝️🤓, kebanyakan iklan, mending YouTube music, setiap video ada iklan itupun 30 detik, kalo YouTube kan cuma 15 detik kalo gak 5 detik dan itu bisa di skip 😏😏😏, minimal kalo gak langganan itu ringankan😹😹😹",1
sangat berguna,5
"bagus, aku sangat menyukai aplikasi ini, semua lagu yang aku suka bisa diputar di sini walaupun kadang suka ngebug tapi gapapaa 💗✨",5
Banyak iklan dikit dikit iklan emng wajib pake Spotify Premium? Aku Hanya ingin mendengarkan lagu tapi malah datang iklan,1
luar biasa banget,5
bernilai,5
jklkog.joho.=⁠-⁠O:⁠-⁠[ :⁠-⁠$ Lo MK mam.. 🌹😚:⁠-⁠\:⁠-⁠\:⁠-⁠\:⁠-⁠[:⁠-⁠$:⁠-:⁠-⁠[:⁠-⁠\:⁠‑⁠Xo⁠:⁠-⁠)(⁠^⁠^⁠):⁠-⁠$(,5
good!,5
"spotiy sebener nya bagus tapi harus pake kuota,🙏🏻🙏",2
kagak jelas kadang kaga ada liriknya,1
kenapa pas offline gabisa dibuka sih aplikasi nya wahai yang mulia developer padahal udah di download dan udah premium juga. sebelumnya bisa mutar musik tampa hidupin wifi tapi kok skarang udah gabisa?,3
bisa mendengar musik ke sukaan saya dengan baik,5
bsgus,5
lengkap pilihan musiknya mines banyak iklan,5
bagus.,5
harga premium jngan mahal mahal lah KLO buat iklan doang mah,3
bagus,5
pengalaman yang seru dengan aplikasi spotify,5
"menurut saya Spotify adalah aplikasi terbaik buat muter musik, jenis musiknya beragam dan bagus juga, saya mungkin akan mencoba kedepannya Spotify premium kalo emang butuh dan ingin rasain suasananya, pokoknya the best lah",5
bagaimana tidak perlu doping ya Allah tiba2 yang nyebarin yang nyebarin tak pernah minum yang nyebarin tak pernah liat ngerjain orang siapa pun yang mau sunat di sekolah ini no 36 mih bisa'y cuma d bawa plang nama dan alamat yang nyebarin yang nyebarin tak pernah ada yg mau sunat pada main game wa jadi'y ya gan d pake apa yang nyebarin,4
kereeeennnnn euy.......,5
ga ada bosen2nya dengerin musik dsni,5
keren,5
aplikasi nya enak dan bagus lagu nya juga banyak dan bisa mendengarkan lagu tidak usah pakai tik tok aku kasih bintang lima,5
bagus dah itu aja,5
apcb 😹 dikit² bayar dikit² bayar udah kayak warung jir 😹,3
aku suka alfikasi ini,5
mantapp,5
anjay,5
zionist.,1
kebanyakan iklan,1
gacor,5
"iklannya perbanyak lagi, masa satu lagu 1 iklan, mana main, 1 lagu 5 iklan lah📈.",5
mnus nya premuium itu aja sisanya mah notbet aja,5
suka sound nya,5
memuaskan banget,5
keren,5
tidak 12% noooo 😭😭😭😭😭😭😭😭😭😭😭😭😭😭,5
bagus,4
"aplikasi nya itu udah bagus bgt tapi, pas lihat lirik itu kosong gak ada lirik nya, tolong di perbaiki ya unt7k bug nya tapi aplikasi nya itu bagus udah bisa buat nyanyi,karaoke,dll pokonya udah bagus tapi pas login juga kayak ada bugnya gitu lama gak cepet soalnya pas dulu aku download itu gak lama sekarang malah lama jadi tolong di perbaiki semua bugnya ya agar bisa memainkan aplikasinya dengan tenang",5
enak buat mau denger lagu / musik,5
"harus bayar terus, dikit dikit bayar",1
🗿👍,4
gak baya iklannya,5
mantap,5
lagu2 nya bagus sekali,5
walau GK premium bisa dengar kan musik juga bukan seperti dulu GK bisa harus langganan,5
Jgn ketinggalan dgn Spotify Terhibur🫰🏼🫰🏼🫰🏼🫰🏼🥰🥰🥰🥰,5
jueeeeleeeekkkkk,1
the best lah pokok nya🤩🤩,5
bintang 1 karena mendanai drone perang untuk isiriwil! boikot!!,1
bagus,5
👍🏻👍🏻👍🏻👍🏻👍🏻👍🏻👍🏻👍🏻👍🏻,5
"bagus sih, semua lagu lengkap dan cocok semua. tapi yang di putar musiknya yang di tandai ke list sukai, tapi saat di putar terlalu lama musiknya keluar jalur dari list musik yang di tandai.",3
good,5
"maaf kalo aku cuma ngasih bintang 2. Karena setiap aku ingin mendengar kan musik , pasti layar nya hitam.. dan harus nunggu sekitar 10-20 menit, baru bisa mendengar kan musik.. ""mohon untuk di perbaiki lagi"" 🙏🏻😑",2
lagu lagu yg ada di sini sangat lah bagus,5
apl bagus,5
"KENAPA JADI GA ADA LIRIKAN PLS, beberapa ada, TAPI KEBANYAKAN NGGAA T____T PLS TOLONKK SPOTIFY AKU NGGAPUNYA UANK BUAT BELI PREMIUM KAMU",1
bagus,5
apk nya sih bagus tapi iklan nya ga ngotak lama bangett plokkk,3
apk nya bagus saya suka,5
pendana perang,1
banyak lagu yg aku seneng gmn caranya untuk menyimpannya,5
engga support floating windows😡😡,1
iklan nya agak di kurangin,2
keren,5
"jelek,tdk manusiawi.",1
iklannya cukup 2 aja kek ganggu bgt udh 3 maksa bgt premium² org ga mampu gini anjay🫤,3
Terlalu Banyak Iklan,1
cuma nyetel lagu doang harus premium nunggu besok apalah,3
"Jadi Kangen Sama Paket Mingguan Di Spotify, Tetapi Sekarang Hanya Bisa Berharap Paket Mingguan Di Adakan Lagi, Dan Untuk Pembayaran Nya Bisa Pakai Nomor Hape, Soalnya Tadi Aku Mau Beli Paket Promo Premium 3 Bulan, Tetapi Tidak Bisa Membayar Pakai Nomor Hape, Alhasil Mendingan Buat Beli Paket Internet Bulanan Smartfren 🤗🤗🤗🤗",3
",s eeee sss2 yg zzz h😙:⁠-⁠|🙄😫😌😩",3
bagus,5
sangat bagus dan puas,5
kueren,4
🍉🍉🍉,1
aplikasi nya bagus tapi bisa gak jangan update karna memori nya kebanyakan 🙏🏻,5
bagu banget,5
banyak iklan,5
"GAK KEBANYAKAN IKLAN MASA 1 LAGU 2 IKLAN,TOLONG DONG SPOTIFY",1
kebanyakan iklan,3
karna musik yang bagus,4
sedikit eror iya,3
cool.,5
baik sekali,5
"saya senang karena bisa dengar lagu yang saya mau seperti saya lagi sedih,senang,marah,dll rasa... seperti tenang banget jadinya😀",5
lagunya sedap semua,5
tolong hapus iklan nya sangat ganggu,5
bagus...,5
baguss suka sama aplikasi nya☺,5
APLIKASI HARAM,1
Bagus,4
jelek sumua nasheed gak bisa di setel,1
ok musiknya banyak pilihannya,5
yayaya☺😇,5
😋,5
semua lagu ada,5
"intinya jangan download aplikasi ini, banyakkk banget iklan nya SUMPAH MUAK BANGET MENTANG MENTANG GAK BELI PREMIUM MALAH DISEBGAJAIN IKLAN TERUS",1
mantappp,5
sanggar enak didengar,3
mantap sekali,5
mantap,5
Wow aplikasinya bagus banget tapi tolong bisa mode offline,5
love it,5
Bagus,5
kebanyakan iklan,3
⭐⭐⭐⭐⭐⭐⭐⭐⭐⭐⭐⭐⭐⭐⭐⭐⭐⭐⭐⭐⭐⭐⭐⭐⭐⭐⭐⭐⭐⭐,5
兔 辣姐姐,1
buagus buangett☕🗿👍👍,5
sange,5
MANTAPPP,5
seruuu,5
suka banget lengkap,5
makin kikir apa apa premium,3
sebenarnya suka sangat suka sama apknya tapi kenapa Ceo nya ikut investasi buat negara itu?,1
"apk nya bagus,cuman kadang ada iklan di sela² lagu....jadi saran untuk kedepannya iklan nya di hilangin aja.... karna iklan itu kan untuk orang yang belum tau/belum pakai Spotify,klw iklan dalam apk untuk apa karna kan kita sudah pakai apk nya... ini juga untuk kepuasan pengguna.... saya harap saran saya bisa di pertimbangkan lagi... saya tunggu update terbaru nya. sekian dari sya,,, terimakasih atas perhatiannya🙏🙏",4
sangat baik,5
aplikasi ini sangat bagus,5
no caption,5
cool 7 siuuuuuuuuuuuu7,5
lagunya asik asik,5
terbaik,5
bagus buat menggalau 🙂💔,5
keren sih,5
kurangi ilkan nya.,1
"ga espek sepotipai dukung isriwil, kecewa berat cikk💔",1
sangat bavus,5
always listening everyday,5
tidak terganggu dengan iklan,5
bagus bangettt,5
jangan banyak iklan,5
Bagus bisa mendengar lagu,1
aplikasi Spotify yg bgus,5
"sejauh ini aplikasinya sudah bagus, saya suda premium aplikasi ini selama 6 bulan tpi kurangnya biasanya saya pembayaran menggunakan dana ttapi dialihkan ke mbanking alhasil pembayaran terjadi 2x dalam sebulan sedangkan bulan selanjutnya tetap ditagih, mohon tindakan dan diperbaiki pihak spotify supaya tidak terulang sperti ini",3
terlalu banyak iklan,1
saya lebih suka memakai spotify karena tidak bajakan,5
pilihan lagunya banyak dan ada text nya juga...,5
Sangat menarik,5
apk sebenarnya bagus tapi sayang iklannya banyak banget dan lama banget kalo bisa di perbaiki ya,1
mantap,5
mantan kali 😁,5
gska iklan.,2
Simple dan lengkap buat nyari musik n lagu.,5
TOO MUCH ADS!,1
"apakah benar apk nya mendukung perang?, jika iya saya tidak akan menggunakannya lagi",2
"yg suka music atau ga ,yg suka dengerin lagu sambil belajar worth it sih 👍",5
saya sangat senang karena bisa mendengar musik yang bagus,5
ga banget,1
"buruk, buat nyumbang isriwil najis",1
fiturnya dlu bagus makin kesini berbayar ini berbayar itu berbayar,2
Jangan download,1
burukk,1
spotify sekarang iklannya banyak banget ampunn,3
mantab,5
bagus,5
pas update lalu login langganan premium tiba tiba hilang,1
semua lagu favorit ku ada di spotify i like spotify 😍🫶🫶🫶,5
sangat bagus ini spotify nya kerenn🥳🥳🥳,5
tolong di kasih lebih keren ya 😄😄☺️☺️☺️😊😊😊😊 💯💯 untuk Spotify,5
"Saya sangat suka aplikasi ini 😀, tapi tampilan liriknya tidak sinkron dengan lagu. Mohon liriknya disinkronkan dengan lagu!",4
"mengapa saat saya matikan lagunya dan matikan hp saya mengapa lagunya sering hidup sendiri tanpa saya sadari, mohon di update lagi, karna bukan cuma saya yang merasaknnya tapi teman saya juga",1
"mau langganan pilihan bayar cuma gopay dan kartu kredit,selama bank atau pulsa GK bisa pake bayar selama itu Spotify nob",1
good,4
asik,5
sanget seru dan bisa main sesuatu tanpa memberhentikan lagu🫨🫨🫨,5
"sangat terhibur , disaat kesendirian q dengerin lagu di Spotify , AQ suka",5
sangat memuaskan,5
"lagunya suka mati mati sendiri padahal internet udah lancarr, mohon diperbaiki lagi🙏🏻🙏🏻🙏🏻🙏🏻",2
mengapa punya saya kalo mau muter lagu terus ada iklan terus stuck di iklan doang gabisa muter iklan nya kecewa banget,5
good,5
saya suka Spotify karena mudah untuk mendengarkan lagu,1
"Iya tau harus premium klo gamau iklan, tpi ya makin byk aja iklan spotify skrg, dulu msh masuk akal, skrg mau ganti lagu aja kadang 2x iklan yg lbh dari 15 detik, blm lg kalo 3x muter lagu iklan lagi smpe 3x yg durasi nya 30 detikan 1 iklannya",3
Bagus sekali,5
ok overall,5
cabut invest lu,1
bagus sih tapi iklan nyaa horor mulu,5
selalu jadi pilihan utama di mobil,5
"awal"" download bagus suka banget,tapi kok pas udah lama di download, susah milih lagu yaa malah ke lagu lain yang direkomendasikan apknya please spotify nya kenapaaa harus banget premiumm😭😭bener"" greget karna harus dengerin lagu yang direkomendasikan😭😭😭mok nangiss sangking gregetnya gak bisa denger lagu yang dipilih sendiriii😭😭benerin dongg😭😭",2
mantap,5
"bagus ya bagus cuman banyak iklan nya mana sering banget lgi,emg harus bgt ke premium?",2
keren,5
Banyak iklan banget sekarang per lagu ada iklanya,1
suwe suwe tambah jos jis 🧑🏻‍🎤,5
iklan Nye makinan aje,4
"sangat tidak bagus, mending Vietmate",5
"Cocok untuk orang kaya saya tidak suka download lagu, kapan pengen putar tinggal buka apk spotify simple dan selalu update lagu terbaru",5
mantap,5
good,5
mantap gan,5
baguss,5
makan tuh dana perang,1
"najis ceo nya GK punya empati, udh itu iklan Mulu, GK lengkap LG artis lagunya",1
good,5
Bagus,5
boikot,1
berhenti berlangganan,1
nice,5
mantap banget deh,5
"bisa lebih bagus klo iklannya random, bukan setiap pengguna memutar lagu iklan lagi-lagi muncul",4
enak buat bobo,5
Tolong lirik dan lagunya diperlengkap terutama di Spotify premium,3
Vagus,5
IKLAN MULUU,1
aplikasi ini sangat membantu,5
asik Buat Denger Dijalan Biar Gak Bt Dan Gabut haha,5
bagus,5
harus premium kah?,2
Rahmad nst,5
Very Good,5
kbnyakan iklannya tolol,1
"lengkap semua lagu,enak,asik the best",5
Ngawuor cik 😹,5
josht,5
asu banyak bet iklan nya,1
"untuk apk ini sudah bagus mau gratis atau premium, hanya saja saya mengalami bug yaitu ketika play lagu otomatis keluar paksa dari apk, udah cari tutorial tetap tidak teratasi sampai sekarang",5
aplikasi kikir,1
bukan aplikasi musik tp aplikasi iklan,1
"Spotify makin banyak iklan nya nih, masa baru mutar 1-2 lagu sehabis itu langsung iklan, mana iklan nya 3x lagi",1
ok,5
sorry kalau gua kasih bintang 3 karena kalau main game mati sendiri lagu kayak inga gitu loh makanya gua kasih bintang3,3
sangat menghibur,5
fitur ulang lagu nya udah g ada lagi harus bayar hadeh,1
"bagus bgtt plss,apalagi dengerin lagu² nya aduu demage nya.. SEMANGAT TRS SPOTIFYY",5
menghibur,5
hebat,5
aplikasi musik favorit si 🔥🔥,5
bagus,5
Sangst bagus,3
"baguss banget sukaaa, cuman yaa iklan² terus tapi suka tapi iklan tapi bagus koo love u 🤍",4
Banyak iklan!!!!,1
mantap men,5
"dikit"" iklan dikit"" iklan",1
iklan yg sangat mengganggu.. pake ada iklan menjijikan segala.. ada domba dombannya segala..,2
bagus sekali,5
mudah memilih lagu,5
Berusaha yg terbaik..buatku mencitai musik ind. sportify pas.,5
mantap,5
seru lagunya enak² walaupun ada iklannya lama,5
bagus pol pol pol pol poknya harusssss download ini sih kata aku bisa buat tidur jugaa,5
"BAGUS BGTT !! ak sukaaa. pilihan lagu nya banyak, klo hp mati msih ada suara nya, harga premium nya masih termasuk murah klo kata akuuu. mantep bgt dehh pokok nyaa !! 🤭🤭",5
semua lagu ada yg kita suka,5
bgsss klian harus kirim titik!! gratis lagiiii 🙃🙃,5
nyaman banget,5
sanggar bagus dan bisa di andalkan sebagai music propesional karna menampilkan berbagai macam lagu,5
sangat berguna dan banyak kumpulan lagu old dan sad 👍,5
KENAPA LAGUNYA TIDAK MEMPUNYAI LIRIK???,2
saya dapat mendengarkan musik yang enak untuk di dengar,5
ok dan mantab,5
Lumayan lah,5
ngenyot iklan terus,1
bagus banget semua lagu ada,5
kebanyakan iklan. jelek,1
"bagussssssss bgt,,q suka pollll..",5
"Banyak iklan, setiap 30 detik di ak, iklan nya lama bgt. tapi gpp :)",5
"lebih susah mau putar lagu yg di suka gak kek dulu tinggal pencet lagu yg mau di putar selesai(ada batas nya juga si),sekarang malah cuma kek cuplikan nya doang harus pakai skip itu pun random dan ad batas nya",3
lagune josss semua gw kasi bintang ⭐⭐⭐⭐⭐,5
ini gimana udah stop langganan premium masih aja di potong.. dari saldo DANA. tolong penjelasan nya dong.,1
Aplikasi danain perang izin pamit uninstal,1
bagus bnget buat dengerin dan apalagi sedang tidurr hahah.,5
keren banget spotify,5
bagus udh itu aj,5
mantap,5
update terbaru ini suara lagunya tidak kedengaran di TWS bluetooth saya. Padahal di aplikasinya sudah jalan.,4
bagus bgtt sumpah gw bisa dengerin lgu kesukaan gw walaupun ada iklannya tpi gw suka sumpah aplikasinya bagus👍,5
aplikasi Spotify sangat berguna bagi pencinta musik seperti saya,5
gudd,5
aplikasi nya udah bagus plus di tambah lirik tapi terlalu banyak yang harus pakai premium contoh mutar lagu banyak harus premium skip lagu pakai premium juga jadi kedepan nya tolong di kurangi.,4
oke,5
keren,5
aplikasi berjuta lagu... tanpa harus ribet cari yang baru...😁... mantap,5
",😍Bagus",5
sangat bagus saya suka,5
suka banget bisa ngedengerin lagu² kesukaan🤍🤍😊☹️,5
bisa dengerin lagu apa aja,5
mantap,4
"g bsa dengerin lgi fav, malah premium, pngn nya g premium, gpp ada iklan ganggu, tpi jangan lgunya di kasih premium..",1
mantap,5
bagus banget iih ni ret aku,5
ini sih cocok bngt yg sambil tidur (karena bisa sambil dimatiin) dan semua lagu ada👍,5
"saya sangat suka dengan aplikasi Spotify biar bisa buat galau🙂,sekian",5
no komen,5
bagus,5
sangat bgs,5
mantab bagus ok banget lengkap lagu2nya,5
terlalu banyak iklan masa 1 lagu satu iklan emng apk t*i,1
good,5
"pembayaran selalu gagal, sudah mengadu ke cs tapi penanganannya tidak maksimal",1
kenapa Sporty sekarang aneh? masa bisa iklan 4x berturut-turut trus jaringan bagus tapi di spotify offline,3
Bagus memuaskan lagunya banyak the best,5
"iklan Mulu apk yahudi, KEBANYAKAN IKLAN NYA DARI LAGU NY",1
♡♡♡♡♡♡♡,4
"sangat bagus aplikasi nya tida ada kendala, dan lagu asik"" semua mudah di cari",5
bagus,5
Halo admin saya mau tanya di aplikasi engga ada paket untuk jangka waktu satu tahun kah?,5
"Awal - awal masih bagus tapi pas update ko semua lagu malah ngacak, tolong di perbaiki",1
ok,5
mantap,5
"Limited song can be play for free user, Duh.",1
spotify oke bangettt,5
aplikasi yang sangat bagus,5
sangat bagus,5
just make no premium,5
"spotify ok, mudah digunakan dan sangat nyaman saat mau dengarkan lagu, semua ada the best lah👍",5
ok baik,5
sangat baik 🥰,5
walau ada iklan gk apa apa.yg pengting musik tetap putar...,5
bagus,5
harus premium banget? kok kebanyakan iklan ni,1
apk nya sering ngebug lagu gak bisa di putar. mohon di perbaiki bug nya.,2
i love music,5
bagusss,5
isriwil kan,1
"apk gjls anj, minta kode malah nelpon bngst",1
musik yang ada di playlist gua ilang semua percuma beli premium kalo gt mahh rugi gua,1
like it,5
🤙🤙🤙🤙,5
kerenn bgtt ini apk,5
jembutt makin lama makin banyak iklan nya,2
banyak iklan dari pada musik nya,1
banyak kali iklanya,1
"aplikasi komunis jir, tiap nyetel pindah lagu iklan nya gk ngotak, makanya gw nyari apk mod nya di chrome dan banyak bgt",1
bagus,5
kurang maximal volumenya dibanding ytb,5
mantaap,5
karena enak,5
(✖﹏✖),5
menemani hidup ku yang kesepian HAHAHA,5
bagus,5
seru bisa dengerin semua lagu yg aku suka,5
cukup puas,4
kebnyakan iklan,1
bagus banget,5
"bagus kok, tapi masa iya memaksakan untuk premium satu lagu satu iklan, 👏👏👏bukan sering sering pun dengar musik, masa iya buang buang uang untuk harus premium? minimal 30k, mending beli nasi goreng spesial dua bungkus 😬",3
bagus,5
bagus,5
"ngotak dikit lah min,eror terus waktu mutar lagu, Iklan muncul, lagunya kagak,lucu amat apknya",1
"pliss ini harus ke premium dulu kah??,,lagu yg masuk daftar favorit ilang semua",2
"Gak tau lagi mau kata apa,iklan banyak banget setiap ganti lagu pasti 90% iklan.padahal baru di dengerin bentar . kurangi2 tu iklan",2
apk muter lagu yang paling yahud top markotop,5
bagus dan mudah mengoprasikannya,5
Enak mendengarkan lagu dari Spotify praktis,5
terkadang musik nya GK bisa di putar ulang dan GK bisa disentuh musiknya tolong diperbaiki lagi🤗,3
kebanyakan iklannya,3
bagus bgt,5
"Good,enak buat dengerin musik sehari hari:)",5
👍👍,5
👍,5
bikin saya merasa lebih baik,5
"Dikit dikit iklan banyak kali.. ""GAK ADA IKLAN"" banyak kali ngomong 😤😤 di buat iklan sendiri gak apa-apa tiba-tiba iklan kan bikin ngeselin dan bikin gak asik pengen kali di bayar pake "" premium"" aku suka Spotify tapi muak lah dikit2 iklan",2
jelek bner,5
da bes,5
"Bagus sih, tapi makin kesini makin mahal premiumnya. Kalo bisa sering sering dikasih diskon kayak 60k 3 bulan gitu",5
Bagus,5
bagus banget walau pun sebenarnya bayar tapi tidak apa apa dan ini seruu banget Makai nya apalagi kayak misalnya ngerjain pr ngebersihin rumah itu enak banget pakai spotify asli,5
jadi lebih semangat dengar lagu sambil main Games,5
makin kesini gratisan banyak iklan 😭😭😭😭,4
musiknya banyak,5
bagus pollll,5
mantap,5
semua udah bayar pilih lagu pun bayar tolong jangan bayar semuanya lama lama aku hapus Spotify ya semoga di liat tuan nya ☹️,1
apk nya Cocok bgtt untuk yg mau dengar musik apalagi yg lagi ngegalau dengan musik di sini aja,5
mantap lagi nya banyak,5
banyak lagu kesukaan aku,5
aplikasi ini bagus sekali,5
"aplikasi nya sudah bagus dan mudah di gunakan, tapi sayang sekali sekarang anda perlu membeli premium untuk memutar lagu apa saja setiap saat, dasar kikir",1
bagus,5
iklan sampe 6x dalam 1 klik🥲,1
musik yang lengkap dan banyak playlist lain nya juga,5
Buat hiburan cocok dah....,5
tanpa Spotify hidup ku karam dilaut sepi,5
Suka bangett dan baguss,5
baik,4
bagus lagunya bisa di download,5
gak macet macet lagu nya lovvv 🙆🏻‍♀️😵,5
cocok buat nemenin waktu luang dan bisa dengerin lagu lagu favorit dengan liriknya intinya bagus deh . . lope lope buat spotify,5
baguss banget apa lagi sambil makan lipet baju,5
banyak lagu menarik dan yang aku cari-cari!!,5
maaf ya ini saya kasih bintang satu dulu soalnya masa musik doang harus ada nomor telepon Email nya🙏🏻🙏🏻🙏🏻🙏🏻,1
mantap ni aplikasi tapi minus nya banyak iklan,5
"enak lagunya lengkap, irit memori,gak perlu koneksi yg cepat, lacar dengerin music tanpa lag",5
good,5
"bagus, cuma banyak iklan aja",3
baguss tapi harusnya gratis semua😭😭,5
👍,5
kebanyakan iklan nonot,2
hp gua patah patah kaya dj tabola bale wkkwkwwkwk,1
"sebagai pengguna gratisan aku agak gimana gituu, iklannya nambah banyak bangett. setiap ganti lagu pasti langsung iklan, padahal dulu beberapa lagu dulu baru iklan. jujur ini ngeganggu bangettt, engga semua orang bisa beli premium. apalagi yang masih anak sekolah, jadi tolong di perbaiki lagi ya",2
musik nya bagus semua,5
"awal awal enak buat musikan, makin sini makin ngaco, ngeplay musiknya tidak sesuai keinginan, parahhhhh kecewa berat",1
enak banget lagu galau nya,5
bagus untuk orang yg suka music,5
bagus banget,5
mantap,5
kok gak bisa masuk ke list lagu ya? padahal uda di update,1
mantep,5
kumplit sekali lagunya,5
B-h3roni. 🐝🌈🔥👾🌵👀💤💦🌷💖💖💓💋,5
sangat menghibur,5
lagu bagus,5
loveee banget dehhhh,5
mantap,5
bagus,5
"sukaa bangett, spotify selalu nemenin kegiatan aku sehari hari luvv luvv bangett💕💕",5
"aplikasi ini bagus banget,sering saya memakai nya ketika lagi bosen dan lagi mau main game rasanya nikmat banget",5
aplikasi yang bagus. dan apik dalam request lagu. terima kasih,5
Mantap lagu2nya lengkap,5
Bagus 😎😎,5
👍👍,5
kok aplikasinya jadi ngelag ya sekarang..?,1
"spotify asu, gw ganti lagu sekali langsung diksih iklan, mentang' gw ada paket 3 bulan premium🫵🏻",1
aku suka dengar semua lagu yang ada di spotify...,5
tiap beres 1 lagu iklan. mutar lagu baru hasil pencarian iklan lagi. gitu aja terus cik 🗿,2
Wow,5
Sanga bagus,5
"Mantap, bisa dengerin musik kapan saja dan dimana saja",5
n y o co t,5
aplikasi sampah isinya iklan doang minimal mikir lah developer mending ke yt sekalian iklah cuma durasi 5-15 detik. Lu pake 30 detik iklan selagu 2 lagu 30 detik iklan mikir lah udah mana iklannya cuma tentang Spotify mikir evaluasi bikin iklan durasi singkat kalo bahasannya Spotify bair ga kabur user lu,2
sekarang kikir,1
keren abis..,5
"bagus, tapi kalo bisa lagunya jangan di batas putarin ya, kasian yang gak ada uang buat beli premium",5
ok,5
kebanyakan iklan,4
baik sekali,5
bagus,5
terlalu banyak iklan bikin jengkel mana gabisa di skip lagi iklannya,2
VAMOSSSS!!!!,5
BS denger musik dg nyaman,5
investor genosida,1
"sangat bagus bisa membatu,sip pokoknya",5
"laguuu"" nyaaa enakk didengarrr saattt sedanggg beresss"" rumahhh,tugasss sekolahhh dannn kegiatannn lainnyaaa",5
"teman kerja, teman nongkrong, teman saat sendiri",5
aplikasi nya banyak iklan tapi bisa setel lagu yang kita mau,5
like 💗,5
bagus banget,5
fun,5
sangat menikmati musik² nya ..,5
"bolee lah ,tapi dia itu iklanya itu lohh tapi gpp meski ga premium tapi ttp bagus lah",4
"banyak iklan nya, dikit² iklan",3
pokoknya top,5
great,5
"spotify cocok buat segala suasana,,,, apapun ada",5
bagus sekali,5
🤍,5
"iklan sangat mengganggu fokus , menjengkelkan sekali",1
iklan kacau,1
"untuk yang pakai sporty gratis tolong dong di kurangin iklannya minimal 3 lagu terus iklan, lah ini setiap ganti lagu Iklan mulu, iklan mulu, tolong dong di kurangin,",1
sudah daftar akunya saya baru mu daftar akun malah harus tunggu ber jam jam dan muncul titik 3 yang tambah makin lama lagi jadi malas pake spotiyf tolong di perbaiki lah malah ngebak ngebak mulu ah malas.,1
Sangat okee,5
baik,5
Bagus lagu lengkap,5
bagus,5
Bagus,5
good,5
"Sering force close, sering ganti musik sendiri. udah premium juga 😑",3
klo lagi di luar apk spotify kenapa suka tiba² bunyi sih ganggu banget😏,1
banyak iklan cuk,3
"jing makin kesini makin bejibun aja iklannya, tiap milih 1 lagu muncul iklan apcb ganggu bet mana iklannya 20-30 dtk-an lagi",3
pengen spotify dulu..,2
sekarang makin aneh dengar 1 lagu langsung iklan kadang saya sekali baru hidup lagi itu pun belum habis lalu mau yang lain tiba langsung iklan jangan ke premium trus lah kita juga mau dengar lagu sesekali 2 atau 3 kali hidup lagu baru tiba iklan gitu ini ga 1 lagi aja iklan,1
"byk iklan, semua apa² premium",2
top apk music player✨,5
gk bisa download lagu gratis,5
"apa apaan ini play musik dari Jam 19.00 sampai 22.30 mau lanjut play musik lagi ada notif ""harus berlangganan dulu jika mau play musik setiap saat"" perasaan tahun lalu nggak gini deh",1
"saya suka karena bisa mendengarkan lagu"" favorit saya",5
pokoke mantap,5
bagus,5
"bagussss banggettt plisss,semuaa laguu adaa",5
Love the generousity of the app to let us hear the real song ... ❤️,5
saya sudah beli pake berlangganan 6 bulan masa baru 2 bulan di stop sepihak,1
malah dukung isriwil kocak lo,1
aplikasi sangat bagus,5
"apalah makin kesini makin banyak banget iklannya sekali ganti lagu iklan sekali ganti lagu iklan,makin kesini makin kapitalis",1
bagus banget,5
sangat bagus,5
IKLANNYA MENGGANGGU WHOIII....!!!,4
aku suka tp iklan trs,5
bagus,5
Bagus,5
ga ada lirik nyaaaa,5
suara bagus,5
keren,5
bagus,5
"beberapa kali tiba tiba lagu nya mati, padahal awal nya normal lama kelamaan malah mati dan harus balik ke apk nya buat nyalain lagi lagunya",2
kecewa😞,1
bagus banget💖💖,5
top,5
sangat bagus👍,5
"Saya kasih bintang 1 karena susah untuk memutar lagu skrng, tolong kembalikan seperti sebelum di update, dulu sebelum update memutar lagunya mudah tapi sekarang susah karena mode acak",5
kalo bosen bisa dengerin pocdcest,5
Bagus sekali,5
Lagi dengerin lagu playlist kenapa malah ke lagu random lain lah ini pihak sportify mohon lah jangan kayak gini jadi males dengerin mending apk sebelah ini ulasan pertama ku yg kasih bintang satu tapi ini bener pliss lah jangan kek gini Lagi ok 👍,1
bagus banget,5
bagus lagunya seru²,5
"Lagu"" nya sangat bagus dan cocok untuk di dengar",4
sangat bagus sekali,5
sangat keren,5
bagus,5
amazing,5
serba premium najis,1
"bagus banget,dan ada lirik nya",5
Ok mantap,5
iklannya jgn sampe 2-3 lah siallll,1
lagu nya cocok buat galau,5
aplikasi tersimpe,5
bagus banget lagu nya juga yang aku suka suka,5
saya sangat suka aplikasi ini 🤩 tapi tolong yang bagian download nya itu gratis lah jangan bayar bayar terusss plis. kasi 5 atau 2 lah yang boleh download lagu itu beberapa gitu gak bayar ya pliss jangan banyak bayar nyaaa.,4
kikir bet ni apk,1
cukup bagus,5
Iwak,5
"Lebih nyaman Spotify versi dulu, makin kesini fiturnya satu persatu jadi berbayar, bahkan sekarang pilih salah satu musik yang di playlist aja ga bisa langsung milih harus diacak dulu, lanjutannya juga acak kadang musik yang di playlist ga semuanya diplay malah musik lain, dikit"" iklan sampe 1 menitan...",1
baguss banget enak di denger😻😻,5
ya karena suka aja,5
perusahaan,5
"ChatGPT Masuk Anda bilang: ￼ Ceritakan tentang ini ChatGPT bilang: Gambar yang kamu unggah tampaknya merupakan ilustrasi seorang tokoh pria berpakaian tradisional dengan latar belakang kuning. Ia mengenakan pakaian berwarna merah dan topi tinggi khas yang sering diasosiasikan dengan tokoh sejarah atau legenda dari Indonesia. Dari ciri-cirinya, gambar ini sangat mirip dengan Kapitan Pattimura, atau Thomas Matulessy, seorang pahlawan nasional Indonesia dari Maluku. Ia terkenal karena memimp",5
"enak bisa mendengarkan music2 kesukaan saya,🙏",4
lagunya ada semua bagus banget rating bintang 5,5
lagu nya seru banget 🤩🤩,5
"Kadang sulit di Buka, kadang ERROR",1
asik buat temen Klo lagi sendirian,5
menghibur,4
sangat cocok untuk pemusik,5
sangat bagus!!!,5
"enak karna bisa keluar dari aplikasi tapi masih ada lagunya,tapi cuman ada iklannya doang yang ganggu kalau nggak premium",4
bagus sangat bagus 👉👈bisa untuk mengem balikan muud,3
bagus,5
bagus,5
kebanyakan iklan,1
bestt donggg,5
kebanyakan iklan nya jadi malas kayak mau ku hapus,3
bagus,5
Aplikasi bagus sangat rekomendasi,5
"suara diterima baik, ga putus putus.",5
enak tp banyak aturannya klo yg gratis,4
sangat bagus,5
tidak bisa dibuka,5
sangat bagus dan sangat mendukung sekali dan nyaman untuk mendengarkan lagu/musik☺️☺️☺️,5
Lagu nya jelek jelek banget dan spotify Macet banget katanya bisa lorik tapi Di aku gak bisa uuuu[uuu,1
🔥🔥🔥🔥,5
thx for all song....make my imagine come true,5
"bagus lagunya berputar sesuai mood,",5
udah terlalu banyak iklan,1
good,5
"gw saranin pake premium, yg ga premium kebanyakn iklan ngntd!",1
katanya nggak ada iklannya aplikasi aneh ngomong tok,4
baguss bisa liat lagu sepuasnya😚,5
aplikasi ny bego,5
oke banget,5
so far so goog,5
APK KEBELET HAJI,1
terbaik,5
"mantap musiknya, tapi jangan dikit"" premium",5
"kecewa banget ini, boykot yaa guuuyysss!!!",1
bagus,5
kenapa Spotify saya tidak bisa play lagu ya padahal android sudah 12,3
"iklan makin brutal dan frekuen, ngotak dikit anj",1
lagu nya super lengkap... dari genre apa aja ada disini.... semoga lebih berkembang dan maju lagi ya Spotify....😘😘😘,1
terlalu banyak iklan,1
is the best,5
good experience,5
"nantap,sukses",5
sangat menarik..dan enjoy,5
bagus,5
nice,5
ternaya ada iklanya dan gak bisa replay otomatis.,2
aplikasi sangat bagus,5
bagus,5
shuffle nya bego ajg,1
apk nya keren,5
kualitasnya bagus suaranya enak didenger,5
lagu yg enak d dengar,5
mantap,5
"mau beli paket individual 1 bulan. stelah klik metode pembayaran saya pilih Spotify. dan stelah klik lanjutkan keluar metode pembayaran. wktu mau pilih keluar notifikasi ""tidak terhubung"" atau coba kembali. sudah dicoba berulang2 tetapi masih sama. tolong diperbaiki",1
bagus,5
bagus,5
just love it,5
BANYAK OMONG BACOT BALASAN GA BERGUNA,1
banyak iklan lebih baik uninstall beralih aplikasi lain,1
bagus,5
mantap bisa dengerin sambil kerja,5
"saya tidak sengaja berlangganan Spotify, apakah dana saya bisa kembali lagi?",1
gacor,5
tolong iklan nya ya,5
"Setelah update malah tidak bisa dibuka saat posisi flight mode dan muncul layar hitam saja, padahal sebelumnya aman saja selama playlist sudah di download",1
iklan terlalu banyak dan panjang dan memaksa untuk membeli premium,1
kenak iklan pas reff train wrack,1
aplikasi keren... tolong ya iklan nya di kurangi..pokok nya mantap...,5
bgus,4
mantap,5
"apalah 1 lagu iklannya 3,asu",1
"Salah satu tempat terbaik untuk mendengar lagu dan podcast, fiturnya menurut ku lengkap semua walaupun ada beberapa yang membutuhkan premium, tapi udh bagus. tapi menurut ku ada beberapa kekurangan seperti saat tidak memiliki premium, maka daftar lagu yang diputar selalu itu itu aja dan shuffle-pintarnya tidak berfungsi dengan baik sepertinya. sekian 🙏",4
buat akun drivers ku jadi anyep,1
"boikot, applications that support war",1
iklan nya memuakan,1
"skrg iklan aj Ampe 3 mn kadang suka diputar lagu yg bukan dri playlist dg tulisan ""direkomendasikan"" trs kadang ad lagu yg ga keputar habis tiba tiba udh ganti lagu yg lain jujur ganggu banget",3
aplikasi apa ini kebanyakan iklan nya baru putar lagi 1 iklan suda 10 aplikasi kok cuma cari untung sendiri APLIKASI SAMPAH,1
sayang sekali sporting genocide,1
apk nya keren,5
mines ada iklanya doang tapi enak lagunya mah,5
Bagus,5
iklan Mulu kurangin² iklannnya ya,3
"Lagu yang diberi udah banyak, tetapi saya membenci iklannya(terlalu banyak). Jadi saran saya kurangi aja iklannya TERIMA KASIHHHH",4
Jelek nasibmu akan seperti OLX,1
Mantap dukungannya dalam menggunakan aplikasi ini,5
bagus sih fiturnya juga,4
apk kikir,5
dapat mendengarkan lagu dengan tenang tapi kadang iklan tapi gapapa aku masih suka sama Spotify 🎧,4
sangat bagus,5
bagus bagus,5
ini bagus banget gua dengerin nya sambil tidur atau lagi sad dan galau,5
Spotify selain koneksi dengan Tiktok juga koneksi dengan Instagram .🙏,4
bagussssssss,5
okla,5
bagus dan saran nya masih ada ngelag jadi di petbaiki lagi ya,5
bagus sekali Spotify,5
Myaman musicnya dari pada Spotrtify Lite,5
ga recomemd apps ini bqru 4 hari pake ga premium lagi....yg 2 bln 59rb...rugi saya....ga ada khabar atau apa di suruh beli paket lagi mana recomend....ga jelas bad lah...,1
eror dalam pengenditan urutan lagu,3
"ini spotify ngeselin kali, mau ganti lagu ato ulang lagu ga bisa anjir dikit² iklan kek IKLAN MULU ANJIR MUAK GW KURANG KURANGIN IKLANNNYA PLS😭😭😭 spotify dlu ga seserakah ini pls,,,,au ah muak",1
dapat menghibur d kala bete,5
bagus bangett,5
kadang2 banyak iklan hehehehe,4
mantap,5
aplikasinya bagus,5
baguss bangett kalau mau mendengarkan lagu manapun ituu intinyaa ini kalau di rate bisa 100000/10 sihh tapi tetap ada kekurangannya sih menurutku lama banget yaa kalau mau masuk ke apk nya mungkin karena gaada sinyal atauu hpku aja yang bermasalah tapi selebihnyaa baguss kok,5
"ini kenapa ya Spotify jadi banyak iklan parah, soalnya setiap kali gua putar lagu, pasti aja ada iklan tolong lah untuk pihak Spotify iklannya jangan terlalu banyak, minimal bikin iklannya kayak waktu dulu aja gak terlalu banyak iklan",2
lagunya enak enak,5
"sangan bagus,dan spotify dapat menenangkan",5
apk nya keren tapi banyak iklan,5
oc banget lumayan 👍,3
"semua musik lengkap ada, pokoknya asyiiiiik",5
keren,5
enak banget lagu pas langsung keluar ketika di cari,5
mantap,5
setiap ganti lagu iklan Melulu parah ga asik minimal ada jeda la,1
iklan plisss kurangin,3
"lagu-lagunya lengkap, mudah menggunakannya, tolong dong untuk pengguna premium yang kedua dan seterusnya setiap bulan biayanya jangan mahal.",5
laguya enak di dengar wkwkwkwkwkwkwk,5
"sngat bnyak iklan, iklan ny tu kya mksa yg pke spotify free buat join premium bgiku.",1
"puter lagu belum apa-apa baru 3 list udah di ajak ke premium kalau ga ,putar lagi besok. mana dari tadi muter juga iklan tiap saat. kok Spotify udah gini amat ya??",5
terkadang ada lagu yang liriknya nggk ada,4
iklan nya mohon dikurangi.,4
seru juga lagu di Spotify,5
"ak beri bintank 5, tapi pls balikin prem mini😔😔 ak tipe orang yang kl denger lagu sebulan cmn beberapa kali aja jadi dengen adanya prem mini tuh jadi tertolong karna menghemat duit",5
aplikasi musik paling oke!!!,5
keren,4
"kebanyakan iklan,jadi ke ganggu",1
nice,5
bagus cuma gak bisa pas gak ada internet mungkin lain waktu kalo update itu jadiin bisa di download ya.Ternyata bisa tapi pake premium mungkin lain kali ada tapi yang premium ada fitur apa gitu di download nya kalo enggak premium mungkin gak ada gitu kan,4
Spotify kikir,1
mantap,5
Mantapp,5
saya sangat suka,5
aplikasi yang sangat bagus untuk kita kalau lagi sad atau kesepian bisa dengar lagu,5
serba komplit 😍,5
good,1
Bagus banget,5
"ni aplikasi gg sih buat main game horor biar agak Tenang, ngerjain tugas lagi naik kendaraan juga bisa",5
Keren,5
on ol,5
makin banyak iklan,1
di paksa harus member premium wkwkwk kocakkkk,1
"buat main game ga enak banget,contohnya game epep, lagu nya bagus malah ada suara nembak nembak ga jelas gitu",1
"sebel spotify mau alih ke premium via pulsa gabisa terus, pake ovo juga sama. masalah sama koneksi mulu gajelas",5
lebih seru pakai spotify,5
bagus buat dengerin laguu,5
good👍👍 apk,5
karena mendukung barcelona😹,1
kania diandra prameswari kania diandra pramewari andi ika nendra😉💗🫶💐🥛🕌🕋🎠🌁🌉🧸♥️♥️♥️🎮♥️♥️♥️♥️♥️♥️♥️♥️♥️♥️♥️♥️♠️♥️♥️♥️♥️♥️♥️♥️♥️✨️✨️✨️✨️✨️✨️✨️✨️✨️🎈🎈🎈🎈🎈🎈🎈🎈🎈🎈🎈🎈🎊🎊🎊🎊🎊🎊🎉🎉🎉🎉🎊🎉🎋⚾️⚾️⚾️⚾️⚾️⚾️⚾️⚾️⚾️⚾️⚾️⚾️⚾️⚾️⚾️⚾️⚾️⚾️⚾️⚾️⛺️⛺️⛺️⛺️⛺️⛺️⛺️⛺️⛺️⛺️⛺️⛺️⛲️⛲️⛲️⛲️⛲️⛲️⛲️🛝🛝🛝🛝🛝🛝🛝🛝🛝🎡🎡🎡🎡🎡🎡🎡🎡🛝🎡🎡🎡🎡🎡🎡🎢🎢🎢🎢🎢🎢🎢🎢🎢🎪🎪🎪🎪🎪🎪🎪🎪🎪🎪🎪🎠🎠🎠🎠🎠🎠🎠🎠🎠🎠🎠🎠🎠🎠🎠🎠🎠🎠🎠🎠🎠🛴🛴🛴🚥🛴🛴🛴🛹🛹🛹🛹🛹🛹🛹🛹🛹🛹🛹🛹🛹🛼🛼🛼🛼🛼🛼🛼🛼🛷🛷🛷🛷🛷🛷🎿🎿🎿🎀🎀🎀🎀🎀🎀🎀,5
terlalu banyak iklan,3
lagu Naya asik asik apalagi ada tulisan buat ngapalin,5
iklannnya ngeselin coo,1
bagus,4
Mantappp tuk nemenin aktivitas sehari-hari...,5
mantap,5
boleh,4
"Tolong hilangkan shuffle pintarnya, sangat menggangu pas mau dengerin nonstop di perjalanan. Pdhl kita udah nentuin playlist ato milih penyanyi. Tp buyar karna ada shuffle pintar ngaco. Bentar lagi mau unisntall kalo masih ngaco shuffle pintarnya.",1
Bagusss,5
Spitfy: Music,5
good apk,5
iklannya jadi buanyak bgttt🥲,2
mantap,5
bagus,4
"musik nya bagus,n pokok asyik utk di putar n aplikasinya bagus banget",5
Bagus,5
sangat rekomended banget. hp ga on tp musik masih jalan.,5
dunia musik masa depan 🔥,5
lumayan tapi di perbaikan lagi beberapa fiturnya 👍,5
"terafiliasi zionis. plis bgt lah, sorry ya I’m going to unsubscribe and delete the app. I want to make Spotify regret choosing the wrong side",1
sangat puas,5
Good,5
klu bs paket mingguan juga ada,5
easy to find music,5
bagus banget,5
mantap👍👍👍,5
"bagus tapi gabisa setel lagu dari aplikasi lain, ga kaya dulu",4
"aplikasinya bagus,dan untuk mencari musik yg kita cari juga ga susah ⭐⭐⭐⭐⭐",5
app kikir,1
boikot Spotify,1
Good,5
bagus banget. tp lebih bagus klo iklan nya jngan sering sering ☺😁,5
"lagu daerah belum ter update,tapi secara keseluruhan mantap",4
bagus stabil,5
i love it,5
sangat membantu untuk mendengarkan lagu favorit,5
"asikkkkkk, dah gitu aja",5
Music keren semua,5
bagus! tapi....gak bisa offline:(,4
the best one,5
sangat lengkap lagunya,5
"saldo dana saya kesedot, padahal ga beli apa apa",1
sangat menarik sekali 👍,5
"sangat membantu buat dengerin musik,",5
musik yang ada di spotify itu dia enak didengar dan spotify itu dia lagu nya bisa di keluarin dari aplikasih nya jadi kita bisa matiin hp kita dan tidak usah lagii pakek hedshed lagii,5
serba premium hp aj masih kenttang 🗿😭,4
terlalu bnyk iklan,3
minus berbayar di aplikasi tersebut,5
"banyak iklan, tapi lancar pas dipake, yahh standar lahh",4
"bagus sii cuma iklan nya ga ngotak buat yg ga premium dengerin tiga lagu tiga iklan kikir banget pdhl dlu ga se kikir, ini kebelet haji ya?",1
langsung tertidur,5
lagunya bagus 🥰🥰,5
sangat bermanfaat sekali,5
bagus tapi kikir,3
sangat bagus spotify,5
"kebanyakan ngemis premium,jadi eneg dengernya",1
apdet harus lebih baik Spotify aku udh download tiga kali -_-,4
"Spotify kasih promo Rp29.900/3 bulan di aplikasi, mumpung ada promo mau ku ambil dh, karena baru pertama kali ini mau premium! tapi pas klik mau bayar malah error. Di website malah Rp59.900. Konsumen jadi bingung & kesannya cuma mancing. Tolong perbaiki sistem promo biar transparan!🥲🙄",2
bagus,5
jozz mantap,5
iklannya jadi banyak ginii g kaya sebelumnya,3
"kebanyakan iklan, padahal sebelum nya ga sebanyak ini maksa bngt premium njir, kebelet umroh ap gmn?",1
"aplikasi busuk, baru ga berlangganan sekali aja iklan nya sampe 5 coy gada otak emg mending apple music kemana mana",1
disinilah tempat ku melepas penat,5
"Aplikasi ini sangat membantu menemani perjalanan saya di kendaraan dengan lagu lagu yang sesuai dengan selera saya, terima kasih telah mewarnai hidup ini dengan karya yang menginspirasi",5
mantap!,5
bagus,5
bisa menikmati musik setiap saat,5
mantap lagunya,5
seru banget ihh 🤭,5
guuud,5
Ga seru cuk infes nya parah ini tentang etika bro,1
aneh sekarang masak yang di stel playlist eh malah lagu lain yang engga masuk ke playlist yang ke putar,3
gratis dan banyak lagi lagu yg lain,5
mls banget kalo setiap video ada iklannya kenapa harus banyak si iklannya mendingan aplikasi sebelah,3
"Sebellll bangett sama updatean terbaru yang bikin kalau ngedit playlist mau mindahin lagu ke paling atas jadi gak seresponsif dulu, akhirnya jadi lama terus bikin gak mood.",1
baguss,4
aplikasi ini sangat bagus,5
ilangin iklannya masa harus premium,4
Bagus,5
Good,5
sangat menghibur,5
"maksa premium jir, stiap 1 Kali puter lagu, iklannya ga ngotak kadang sampe 4 kali setiap 1 kali lagu",1
kerenn euyy,5
spotify bisa membawaku ke masa muda,5
"KEBANYAKAN IKLAN, shuffle nya ga variatif, mau ngeskip lagu juga ada batasannya, kadang ada lagu yang bener bener dibuat overplayed bgt sm aplikasinya",2
"iklan terusssssss, baru lamaaaa😏😏 nyuruhhh kep premiummmm dikit² uklannnnn.aplikasi macam apa ini",1
😍,5
🥰,5
aplikasi penipuan dan pemerasan saya tidak menerima langganan paket dan untuk menghapus nya Sulit sekali d kunci ini aplikasi merugikan setiap setengah bulan sekali saya selalu kehilangan saldo rekening saya mohon di perhatikan dan d perbaiki saya rugi dan saya tidak pernah memakai aplikasi ini selalu d Potong terus saldo rekening saya,1
ga ada lagu bogat toigunya ga asik,1
jangan download maksa banget suruh beli yg premium kalo g beli lagunya ngacak gw pilih yg mana eh di kasihnya yg mana aneh,1
asyik,4
banyak iklan,3
KEREN,5
Cocok untuk orang sad,5
i love Spotify,5
boleh boleh,4
Aplikasi yang sangat bagus,5
"mempunyai lagu""yang bgus",5
"bagus bgtt, bisa streaming dibelakang layar, terus banyak playlist yang seruu poll",5
"semua lagu ada disini, gratis pula",5
"sebenarnya sih bagus, cuma kebanyakan iklannn. belum ada satu lagu keputar tiba-tiba iklan",4
"👍, mantap, bgs bgt",5
iklan 99% musik1% kocak nih apk,1
Bisa mendengarka banyak lagu,5
bgusss,5
iklan trs anj,1
"pilihan musiknya secara random, milih lagunya ngga enak terus itu itu aja lagunya yang di puter",1
siapa yang ga tau spotify,5
menyenangkan bisa di headphone dan bisa buat main game,5
enak enak lagunya,5
mending langganan YouTube bisa dengar lagu video dan bisa di matiin lagu ttp nyala terus murah juga Spotify mahal bangke,1
"parah, baru klik lngsng iklan habis 1 lagu iklan dan seterusnya",1
Najiss dikit² harus premium apaan coba mending aplikasi sebelah sih kata gw mah😹,2
bagus banget untuk bermain game dan lagi di jalan banyak lagu keren aku suka,5
"apaan, aplikasi isinya iklan, suruh langganan premium, mw skip harus premium, iklan segunung, mau putar musik jg harus premium, apaan cba, saya kasih bintang 5 biar kalian lihat, bukannya apa ya, tp berlebihan bgt, skip lagu aj hrus premium, kritik yg jujur, yg bener, ini opini saya ya, berlebihan ini itu d suruh premium.",5
memuaskan,5
Sangat sangat bagus,5
"apasih mau beli premium tapi tiap transaksi gagal, tolong perbaiki!!!!",2
"makin pelit ga bisa liat lyric dan klik lagu harus premium dulu, iklannya panjang banget",2
satu kali lagu iklan satu kali lagu iklan lg jadi males apus aja udah,1
apik iki aku wae ketagihan dengeri lgu WENAK POLL😜👈,5
Udah enak semua cuma masa cuma pengen dengerin lagu sesuai urutan harus bayar harus nya yang gratis yang sesuai urutan + terlalu menekankan premium mau nyetel lagu malah di suruh langganan premium buat dengerin lagu kapan saja dimana saja aku cuma pengen dengerin lagu doang woi😭😭😭,2
nice,5
bisa dengar lagu,5
bagus juga tapi saran saya kurangi iklan nya ya,4
sangat bagus,5
😍,5
bagus tapi emang ga bisa offline ya,5
aplikasi ini jelek jadi saya kasi bintang 5,5
bagus bangeeeeeeeettttt,5
kebanyakan iklan bangkw,2
"Terlalu banyak iklan, baru mutar satu lagu langsung iklan lagi, malahan iklan bisa sampai 5 kali kalau mau dengerin musik",3
minimal meminalisir iklan yang bukan non premium lah kasian amat yg non premium dikasih 3 iklan padahal baru puter 1 lagu,1
"banyak banget iklan nya, lambat pokoknya ini aplikasi terburuk yang saya pernah jumpai. burik 👎🏻👎🏻👎🏻",1
"tolong dong adain liriknya, stiap putar lagu selalu gada liriknya",3
ok goood,5
pokoknya aplikasi ini baguss bgt 😁😁👌,5
senang hiburan joget bahagia,5
best music 👍👍👍👍👍,5
sangat seru,5
iklan nya makin banyak ada ga masuk ke artis berapa persen...wkkwkwkw,5
top 👍,5
bagus,5
"iklannya ngebug, setiap ganti lagu pasti ada iklan, dan iklannya ngestuck gk jalan jalan. Tidak bisa ganti lagu sama sekali",2
IKLAN MULU KOTNOL,1
"padahal menurut aku rekomended si but sekarang gedeg bangett gila, iya tau akunya gratisan tpi kan jangan berbatas juga laah",1
sangat puassssssss,5
😁😁,4
sukaaaa,5
kerennn,5
aplikasinya bagus apalagi kalo lagi joging bisa sambil dengerin lagu walaupun hp mati,5
bagus😍😍😍😍😍😍😍😍😍😍😍😍😍😍😍😍😍😍😍😍😍😍😍😍😍😍,5
"teman kerja, lumayan lengkap",5
pas dengerin lagu untuk kerja,5
terlalu sering iklan,3
The Best,5
mantap,5
woi bisa nggak dihilangin iklannya soalnya lebih banyak iklannya daripada lagunya,2
bguss,5
sangat bagus untuk menyantai,5
"gᥙᥲᥲ 𝗍ᥲᥒᥡᥲᥲ, sіᥲ⍴ᥲᥲ ᥡᥲᥒgg ⍴ᥱr𝗍ᥲmᥲ kᥲᥣі ᥒgіძᥱ ᑲᥙᥲ𝗍𝗍 іkᥣᥲᥒ!? ᥲһkk, gᥱrᥲm ᥒᥡᥲᥲ 🤬🤬",4
ok,5
kalau putar lagu di aplikasi ini kena royalty nggak sih ?,5
apl no 1 ..gas..lah terus tingkat Kan👍👍👍,5
Cocok buat santai Top banget,4
iklanya kurang panjang tood. mending apk sebelah,1
Sipp bgttt apk nyaa buat dengerin laguuu,5
taraaaapeeiiiii oke bangat,5
Terima kasih telah mengembalikan uang ku sukses selalu,5
"lagu² yang ada di apk nya bagus tpi knpa blkngan keluar aplikasi masuk aplikasi lain lagu nya mati ya, padahal sebelumnya ga ada masalah² kyak gini",3
"lengkap, anjay lengkap",5
"seruu bgt buat orang galauu cocokk buat download apk ini siehh, tapi katanya juga bisa mainin ular"" di spotify tapi pas aku cek gaadaa , kenapa ya? tolong dijawab yaa",4
mantap👍,5
Okelahh broo...,5
bagus,5
bagus buat musikan pas dan lengkap juga di Spotify ini,5
mantap dan luar biasa,5
"bagus,tapi tolong dong kalo muter playlist berurutan sama lagunya lah,Jan acak",4
bagus,5
sfotify ini sangat bgus bisa mendengarkan lagu sambil bermain game aku kasih five /5,5
"bagus,banyak musik yg bisa kita dengar.",5
bagus sekali,5
𝗯𝗴𝘀 𝗯𝗻𝗴𝘁 𝗲𝗻𝗮𝗸 𝗱𝗶 𝗱𝗲𝗻𝗴𝗲𝗿𝗶𝗻 𝗹𝗮𝗴𝘂²𝗻𝘆𝗮 𝗺𝗲𝗻𝘂𝗿𝘂𝘁 𝗸𝘂 𝗺𝗶𝗻𝗲𝘀𝗻𝘆𝗮 𝗰𝘂𝗺𝗮𝗻 𝗱𝗶 𝗶𝗸𝗹𝗮𝗻𝘆𝗮 𝗮𝗷𝗮 𝘆𝗻𝗴 𝗹𝗮𝗶𝗻𝘆𝗮 𝗴𝗸,5
keren banget deh,5
"iklanya makin hari ,semakin ngga ngotak",1
Mantap,5
aplikasi yg bgus,5
lagunya enak enak semua,5
maksa dowload padahal mau buka capcut apus aja tuh,1
keren,5
"layanan bagus, audio musik mulus",5
bagus,5
Keren banget bisa dengerin musik sambil ngegame musiks nya juga banyak bangett pokonya the best lahh,5
saya sangat suka dengan aplikasi ini karena itu saya beri bintang lima,5
Asik¹ Musik nya,5
bagus,5
keren,5
"aku gak tau mau komentar apa soalnya emang bagus aplikasi ini, gak ada minus nya, palingan minus nya cuma 1 yaitu premium tapi.. walaupun gak premium juga gak di paksa beli premium kaya aplikasi lain, i love youuu ^o^",5
mantap,1
ya saya sangat suka musik spotify,5
iklanya lebih dari 1,1
apaan si music nya di batas mana sedikit lagi,1
bagus bangett kalau hp mati ttp bisa denger lagunya dan juga bisa sambil buka aplikasi lain kecuali YouTube bisa denger lagunya!!,5
"terlalu banyak iklan, coba kurangi iklanya🙏",4
bagus,5
kebanyakan iklan,1
plis banyak bgt iklan nya,5
senang dan sangat baik,5
kadang mutar musik sendiri,2
bisa sih tapi selalu kehalang iklan dan agak buruk jugaa,4
"baik ,saya suka aplikasi ini , saya bisa tidur dengan nyenyak sambil dengerin lagu",5
bagus,5
wah ternyata ini bagus ya saya kasih 5 bintang soalnya bisa bantu saya tidur,5
"Kenapa sebagian dari lagu tidak ada liriknya? , kan jadi nya ga bisa melihat lirik yg mau dinyanyikan itu😠",3
mantab,5
spotify nya bagus bangett,5
bagus,5
Mantap,5
sukaaa sekali,5
"jujur udah bagus sih, bisa dengerin musik wlaupun kluar dari aplikasi. hanya saja fitur download offline nya kenapa berbayar ya? tolong fitur itu jangan berbayar dong🙏",4
tolong di hilangkan iklan nya,5
"perasaan mau dengerin music dah ,bukan mau dengerin iklan !",1
banyak ikan nyaa,1
teman setia mendengarkan musik komplit,5
mantap,5
bisa digunakan untuk teman saya dimana dan kpn saja,5
hanya iklan nyebelin selebihnya gk ada,5
sangat suka,5
"sangat bagus tapi iklan nya lama,🤭",5
apk yang bagus untuk mendengarkan music,5
aplikasi suka ngebug,1
app yang sangat membantu saat sepi di perjalanan tapi semenjak premium mini di hapus jadi bingung untuk berlangganan 1 bulan terlalu lama jadi saya harap bisa aktifkan lagi premium mini,3
pelit sekarang mah uekkk,1
bagus banget,5
aplikasi music yang sangat keren menurut saya,5
good,4
bgus tpi bnyak iklan,4
bagus sekali,5
ganggu banyak iklan,2
"Mantab, seru, asikkk",5
aplikasi ini cukup baik,5
mantap,5
"ini emg kebanyakan iklan apa gmn?,1 lagu iklan terus anjerr,jd ga nyaman lo",1
"mutar musik secara online di pilih, harus peremium lawak, kebelet haji",1
bagus banget lagunya aku suka sekali 😍😍🥰😍😍😍😏😏😏😍😍🥰😍🥰😍🥰🥰🥰🥰😍🥰😍🥰😍🥰😍🥰😍🥰🌈🌈🌈🌈🌈🌈🌈🌈🌈💰💰💰💰💰💸💸💸💸❤️❤️❤️❤️❤️❤️❤️,5
"sebenarnya ini app bagus, hanya saja saya yang sudah lama memakai Spotify merasa cukup resah dengan iklan, iklan nya terkesan memaksa saya untuk membeli fitur premium, setiap 3-4 lagu pasti ada iklan dan iklan tersebut ada dua, jika di bandingkan dengan yang masih baru beberapa bulan membuat akun spotify, mereka hanya ada satu iklan",2
dikit dikit premium,1
tes dulu,5
spotify sangat bagus banyak pilihan lagu nya debes lah,5
lagunya semua enakeun,5
bagus banget ya Makasih,4
keren,5
enak bisa dengerin lagu gak usah dari youtube dengerin lagunya,5
lebih hemat,5
"bagus banget, jadi bisa masak and yang lain' nya sambil dengerin Spotify",5
"ga jelas lagu tiba² suka mati sendiri berkali², berulang², iklan numpuk, dengerin musiknya cuman 2-3 menit doang sisanya iklan ama bug mati sendiri lagunya",1
lagu apa yang di pencet apa yng kluar di suru hpremium kalok gk mau kayak gtu,1
nice brohhh,5
sampah terlalu banyak iklan buat user gratis,1
"coba dulu, klo bisa offline muter musiknya yang disimpan di favorit baru ku tambah bintangnya lagi.",4
"plis ini gue harus ngeluh banget sama Spotify ya, gue akhir akhir ini sering denger lagu ya, terus pas gue ngidupin lagunya setelahnya pas gue mau ganti lagu iklan kayak setiap ganti lagu padahal dulu ga kayak gitu contohnya gue ngidupin lagu wayv setelah lagunya selesai gue setelahnya pengen denger lagu wayv yang lain kan tapi pas gue ganti iklan begitu seterusnya, tapi gue juga karena ga beli Spotify premium , tapi dulu ga kek gini sekali putar langsung iklan lagi😭😭",3
sangat bagus,5
selalu stay tone,5
Spotify music sangat menyenangkan dan mudah mencari lagu2 yg kita inginkan.,5
"udh 2 tahunan pake Spotify tapi baru sekarang rasanya kesel bngt, aku mau beli premium individual tanpa pajak selalu error, dikit2 harus periksa jaringan lah, pengaturan lah, terpaksa harus beli yang mahal, perbaiki dikit lah astaga.",2
aplikasinya bagus bngtt,5
nice,5
apk yang sangat bagus,5
asik dan menarik,5
bagus aku suka cuman boleh nda kurangi iklan nya,5
anu spotify maap🗿🙏🏻hp ku ngelag bgt jadi ku unistal mulu tapi tolong yah munculin lagi daftar pake no telpon🗿🙏🏻soalnya aku gabisa pake no telpon gara gara unistal mulu🙏🏻🗿tolong yah pihak spotify🗿🙏🏻,5
apk nya udh bgus sih tapi kurangin dikit dong iklan nya..,3
bagus banget aplikasi nya TPI kenapa setiap mau pilih lagu ad iklan nya,5
bagus aja sihh,5
langsung aja kasi 4,4
iklan terus,3
bagus,4
baguss lengkap juga,5
bagus,5
kembalikan premium mingguan woe,4
"shuffle nya bukan kaya shuffle, maksudku dia gak bener bener random, kadang lagunya itu itu aja yang di putar berkali kali, dan lagu yang lama terus yang keputar di playlist",3
bagus,5
"tiap ganti musik wajib iklan 1 menit,kurang ajar emang 😂",2
maaf ya tapi iklan nya kebanyakan. Iklannya bisa 3 sampe 4 kali berturut-turut dan itu sering banget😮‍💨,3
"kalau bisa setiap 1 menit kasih iklan jadi lagu belum abis kasih iklan dulu baru lanjut lagu 1 menit iklan lagi, klo bisa gitu aja... tolol emang iklan terus",1
ada iklan nya padahal katanya gak ada iklan tapi ap? ko ad iklan? lwck terus juga kadang-kadang gak bisa di putar lagu apa yang kita mau,1
keren musiknya lengkap semua,5
"makin kesini,spotify makin kikir jirr. ya kali mau milih lagu yang mau diputer doang harus premium?mending gwe pake resso ajah. ayo guys,boikot spotify",2
"aku suka musik, tapi terlalu banyak iklan",5
"Terlalu banyak untungnya ni aplikasi, kira kira bayar pajak ga, pertama bayar waktu downlot, ada premium lagi, lagu yg pertama di putar gratis, klu kita putar sampai ber ulang, tuh lagu jadi premium,,, Pihak sporty sama saja telah menjual hak cipta lagu, apa kah pihak sporty bayar royalty perlagu itu???? Sporty tlah mengambil keuntungan sepihak apa bilah tidak bayar royalti , pencipta lagu dan penyayinya,,, tolong jelaskan kepada pijak pihak yg menggunakan sporty, legal kah????",1
keren 👍🏻deh jadi bisa temenin✨ belajar 🙇🏻‍♀️📒,5
bagus,5
"aplikasi rusak dikit"" langganan",1
bagus,4
bagusss bangett,5
👍,5
mantap banget,5
"spotify 2025 udh kurang wort it buat pengguna free, setiap 1 lagu 2-3 iklan, siklusnya= lagu-iklan-lagu WKWK baru play 1 lagu langsung di serbu 3 iklan dst.",1
bagus banget wok😹🤭,5
selalu ada iklan yang stuck jadi gak bisa dengerin musik,1
"Apk nya bagus sihh, cuma masih banyak lagu yang saya cari GK ada di aplikasi ini, nambah hari nambah banyak iklan",1
mantap,5
bagus banget aseli inimah no fek fek,5
bagus,5
aplikasi music terbaikkk,5
Bagus banget jadinya aku kalo mau dengerin musik sambil main game jadinya jadi bisa,5
nice,5
manttaaaapp,5
bagus,5
iklan mulu,1
bagus,5
Terlalu banyak iklan/iklan yang lebih sering,1
Like,5
bagus sih recommended aku suka aplikasi nyaa,5
bgus,5
sampah... berharap orang2 pada beli premium make cara numpuk iklan banyak2,1
bagus,5
mau denger lagu aja iklan nya 7x,5
"seru,galau,sedih,senang pun ada lagu nya bagus🫵👍",5
mantap,5
sangatt cocok untuk di perjalanan jauh,5
kerenn,5
musik ini asik sekali sumpah macem macem lagu ada dispotify semua CTH:kalian mau dengerin lagu kesukaan kalian ada disiini semuanya,5
saya suka dengan Spotify karena semua musik ada di situ kalo saya mau mendagarkan musik dingal cari di pencarian,5
baguss bgttt,5
waktu aku mau muter lagu yang aku mau malah ada tulisan harus premium kalau mau muter lagu kapan aja💔 apa² premium mau denger lagu doang gih,4
👍,5
keren,5
lagunya enak banget di dengarkan,5
aplikasi nya bagus sekali,5
jelek lagunya banyak yg gak ada di pencarian👎,1
👌,5
banyak iklan,1
udah bagus tapi cuman banyak iklan aja dan harus masuk ke premium biar gk ada iklannya,4
"iklannya berlebihan, aku tau ini free tp masa tiap lagu langsung iklan kan ga nyambung. kita muter lagu biar relax malah nambah stres",1
tapi banyak iklan ajaa,5
bagus abiss enaken lagu nya,5
bagus tapi kadang gak ada liriknya,4
sangat bagus ☺️😊,5
kebanyakan iklan!!!,1
bagus sekai kalo nilai saya 999+/10,5
bagus banget aku suka,5
bagus👌,5
mantap,5
intinya kalo mau dengar lagu disini juga bisa,5
nice app,5
iklannya menggila gess,1
"akun ku gk bisa di bikin dan kata sandinya selalu salah,aku bikin akunnya seharian dan hasilnya gk ada.",1
sangat memvantu,5
keren,5
great music app,5
Mantap,5
spotify sngat lah bgus,5
sangat bagusss,5
lopyuuu spotify🫰🏻🫰🏻🫰🏻🤍🤍🤍🤍🤗,5
bagus dan sangat membantu,5
nice,5
"di sini lagu nya bagus"" dah lengkap aku suka banget👍",5
ini lagu lagunya baguss banget,5
mantap,5
knp skrng ga ada paketan mingguan 😭,3
sangat bagus tali terlalu mahal premiumnya,5
like,5
"spotify aplikasi buat dengar musik yang baik. namun yang buat kesal kadang kadang bau dengar musik 1,iklan nya langsung 2. tapi Spotify tetap the best lahh 🫶🫶",5
terlalu banyak iklan.,1
iklan nya eoi,1
"kebanyakan iklan, dikit dikit iklan,👎👎",5
sangat memuaskan,5
dengerin lagu di sini enak banget bisa sambil buka aplikasi yang lain jadi lebih gampang kalau mau buka aplikasi yang lain sambil ngedengerin lagu aku rekomen banget spotify ini soalnya bagus banget👍👍,5
saya suka banget spotify bisa dnger lagu yg kita ingatkan ada semua.,5
suka bangatt kalo dengar lagu lewat apk ini semua lagu ada deh🥰😅🫣,5
bagus,5
musik nya banyak,4
musik bisa merubah Susana ku terima kasih buat orang yang membuat apk ini,4
"tiap mau pembatalan premium selalu di buat bermasalah, padahal jaringan lancar dan tidak terkendala tapi selalu fi buat tidak dapat terhubung. sangat menyebalkan",3
bagus sekali,5
aplikasi ini sngat berguna,5
good,5
mantap,5
lumayan buat gaya gayaan pas main game,5
"saya dengerin lagu tanpa iklan walaupun ga premium, apakah ini bug?",5
baguss,5
bagus,5
saya bisa memutar Spotify saat saya bermain game atau menyalakannya saat tidur,5
ok,5
bagus,5
bagus,5
beri aku free premium,5
Sempoi,5
good,5
TERBAIK,5
"""mantap"" dh itu doang",5
bintang 5,5
My sanctuary of melodies!!,5
"lagunya jernih, dan mantap. enak dah pokoknya.",5
Boleh... cuman iklannya terlalu panjang/lama,3
nyaman bgt pokoknya pakai aplikasi inj,5
bisa offline atau tidak,2
"apk rusak, kebanyakan iklan",1
"kenapa setiap mau nyetel musik harus ada iklan terus mana iklannya lama mau nedengerin musik malah keburu emosi,poko'nya buat kalian yang gasabaran + pengen cepet gak rekomen buat download apk ini, kecuali lu sultan jadi bisa beli premium,klo gw mah kaum mendang mending drpd buat belli premium spotepek 🙄🙄🙄🙄🙄🙄🙄😒😒😒",1
okee,5
info tanpa premium,5
"kebanyakan iklan, putar lagu 1x iklannya sampai 4x mana 30 detikan lagi",1
bagus,5
bagus,5
menyenangkan dan memuaskan,5
kebanyakan iklan,1
"seru banget bisa dengerin lagu lagu favoritkuu, aku kasih 5 bintang yaaaaa bagus bangettttt banget banget,",5
lagu bagus buat aku yang suka sama lagu tahun 2020,5
baguss,5
lumayanlah,5
sangat baguss👍🏻👍🏻,5
spotify adalah aplikasi yang dimana aku suka banget,5
minus iklan aja sih,5
sangat bagus aja aja sihhh,5
enk lagu² nya tolong dong ilangin iklan nya,4
𝘣𝘢𝘨𝘶𝘴 𝘣𝘶𝘢𝘯𝘨𝘦𝘵𝘵𝘵 𝘭𝘰𝘱𝘦𝘬 deh🌹,5
"sudah tidak free user friendly,biasanya bisa mengklik lagu apa saja tanpa ada limit cuma iklan saja,sekarang di limit lagunya acak..",1
goodd,5
aku tidak tahu kenapa sekarang muter sptfy di hp aku lemot banget.. suka ma apk ini tapi g tau kenapa jd lemot.. pdhal hpku storage nya besar.. hny buka apk ini yg lemot.. g tau knapa.. pdahal sukak bgt ma sptfy,4
banyak iklan terus sama harus bayar lagi,2
"iklan saya sudah maklum, tapi masa satu lagu di putar lebih dari 1 kali dalam sehari gabole",1
sodap lagu nya,5
tq 4 u'r songs,5
bisa cari lagu di Spotify dan bagus lagunyaa jadi aku kasih bintang 5 soalnya bagus,5
bagus banget lagunya,5
bagus👍,5
terlalu banyak iklan,1
"bagus untuk beristirahat saat mendengarkan lagu, walaupun hp nya mati lagu nya masih nyala 🥰🥰",5
musik musik nya pada lengkap bagus juga dan seru banget klo di setell👍👍,3
𝑠𝑒𝑟𝑢𝑢𝑢 𝑏𝑛𝑔𝑡𝑡𝑡𝑡 𝑙𝑎𝑔𝑢 𝑛𝑦𝑎,5
bagus,5
kembalikan paket mini di sporify !!!!!,1
"Spotify sangat cocok dengan saya, saya bisa merasakan sensasi musik yang saya inginkan",5
bikin rileks,5
ok bgt,5
kumplit musik nya mantap,5
saran saya untuk menambah lagu dari yotoube karena saya selalu suka musik slowed yotoube dari pada spotify,3
bagus,5
iklan terlalu lama,5
"aplikasinya si bagus, tapi kenapa ya pas aku login pakai nomer wa tuh gabisa?? terus muncul tulisan ""nomer wa anda mungkin salah, coba lagi, atau pakai nomer yang lain"" padahal nomer wa aku udah bener dan kualitas internet ku juga bagus. tolong benerin ya Spotify! soalnya isi akun ku yang lama banyak lagu kesukaan ku! tolong bngt ya buat pihak Spotify!!",5
coba dulu klo banyak iklan aq apus,5
iklan nya lebay bgt uda makin banyak,1
"kenapa sihh setiapppp setelah Update Selalu Aja Ada bug??? playlist gw ilang, lagu kaga bisa d putar?? bisa di jelaskan gak Dev? yang becus kalo ngurus aplikasi, kalo lo gak bisa ngurus pelanggan pada kabur dn gk mau langganan",1
sangat menikmati dgn baik,5
mantap,4
omak my fav apk kikir 10/10 play 1 lagu iklannya sampe 5😀😃😃,2
"apk ini cocok bngt, buat cari lagu saat nyantai, sambil kerja, galau, dan juga mau tidur",5
Bagus banget,5
kurangi iklan nya,5
keren bgt,5
ok,5
lagunya² bisa bkin galau /bagus di dengar,5
musik suka tiba-tiba berhenti padahal tidak aku mute,4
sering lemot dan pas mau beli paket premium susah karena Suka error,4
kenapa kagak bisa langganan yg diskon woii,1
bagus,5
apk nya bagus cuma kalo main game tiba-tiba mati sendiri tapi enak kok,4
bagus banget,5
"menurut Saya, sudah bagus. Tetapi, iklan di sini malah nge lunjak. Yang tdi nya 1, malah 2. Itu pun menjadi sering banget iklannya. Terus pemutarannya juga dibatasi. Apa lagi yang bikin kesel itu nawarin spotify berbayarnya kayak maksa banget. Setiap situs, pasti ada iklan spotify berbayar agar tidak ada iklan dan menggunakan kuota lagi. Saran Saya kurangi iklannya dan pembatasannya jangan terlalu dekat. sekarang lagi bikin masalah mulu. dikit dikit suffle, padahal Saya punya pilihan SENDIRI.",1
"I really like this music application, congratulations to the developer",5
"Iklan mulu, malah suara iklan lebih besar dari pada suara musik, 1 x putar musik pasti iklan, udah gitu klo lama stel musik pasti gk bisa di nex",3
omagaaa,5
sukaa bangett i lop spotifyyyyy lopp lopp♥︎♥︎♥︎,5
banyak pilihan lagu yg kita sukai,5
mudah dlm memilih lg &byk albumnya,5
asu iklan terus,1
banyak bgt iklannya 3 biji anjirrrr gileeeee,1
"Sekarang ad batasan tampilkan lirik, padahal liriknya bisa dibuat tugas sekolah",1
enk banget lagu nya tpi bayar hmmmmm,4
bagus banget🫰,5
enak di dengar tapi malas nya aku selalu promosi,5
bagus,5
lagunya di limit jadi gak bagus,1
its the best,5
be aja,4
keren lengkap koleksinya,5
"Suka apalagi kalau ada promo, auto beli++",4
"kenapa di Spotify saya tidak ada tombol repeat padahal dulu ada, saya juga sudah update dan hapus cache tapi tetap tidak ada",4
"Aplikasi udah mulai banyak iklan-iklan nya biasa nya putar lagu sampai 2-3 bahkan lebih, baru ada iklan dan lagu yang saya ingin putar malah lagu nya nggak sesuai malah lagu lain yang keputar. pada hal dulu bagus banget ini aplikasi buat pendengar gratisan seperti saya.tapi saran saya kalian coba premium pemula aja itu kan udah di sediakan di jamin nggak kecewa cuy tapi kok gw mau premium yang ke2 kali kok langsung premium sendiri ya padahal nggak ada di suruh masuk kan pin tahu² ada transaksi",5
iklannya kebanyakan kocak dasar apk kikir😡😡,1
sngt bgus bikin santai dan nyman,5
bagus tidak banyak iklanya,5
bagus semua lagu nya,5
"suruh denger lagu setelah iklan , tpi iklannya gbs play .",1
iklan nya mengganggu bgt kalo mw ganti lagu iklan pas ganti lagu otomatis iklan nya bnyk bgt 3 sampe 4 iklan percuma pake Kouta tapi lebih bnyk iklan nya dri pada lagunya org rugi lah kita dengar lagu cuma buat santai bukan buat nonton iklan atau minta minta beli premium,1
"applikasi nya bagus, lagunya lengkap juga, tapi minusnya kalau mau lgu yang diulang² harus premium😢. bad mood deh😔",4
bagus...biar bintang yg mnilainya,5
Spotify tetap yg terbaik... yg lain minggir...,5
sangat Membantu ketika tiba² mau dengerin music,5
apk bnyk iklan na mau denger lgu aj ribet,1
"iklannya terlalu sedikit,kurang banyak bro,biar orang jadi males pake,belom lagi ada limit milih lagu segala",1
"apk nya dah bagus, namun kalau gak niat beri aku promo jangan kasih kerna pas ane di tawarin paket premium di tanggal 22 agutus gak bisa di bayar saat menggunakan apk gopay dan malah error dianya.,namun pas di pake ke paket premium lain bisa",3
aplikasi ini sangat bagus,5
bagus bangt tapi sayang engga bisa saat offline,4
bagus sangat memambu,5
setiap satu ato dua lagu dapat 3 iklan dan masing-masing iklan durasi 15 hingga 30 detik mana sehari batas memutar lagu hanya 12x saja setelah nya random males banget dah makai spotify sekarang,1
aplikasi ini sangat dagus,5
tolong untuk pihak spotify saat saya memencet lagu yang saya inginkan di playlist saya tiba tiba aplikasi nya keluar sendri sebelum nya tidak pernah saya sudah mencoba berbagai hal tapi masih sama tolong diperbaiki🙏,5
Bagus sih bisa offline juga tapi tapi tapi tapi tapi tapi,5
Oke keren,5
Enjoy The Music!,5
kebanykan iklan,1
makin kapitalis makin banyak iklan,1
mantap👍👍👍,5
sangat seru,5
mantap,5
Pemutaran musik tidak tersendat.,5
bagus,5
even indie artist from unknkwn playlist exist in this app,5
good,5
"Aplikasi ini rempong, bnyakan iklan nggak jelas",1
"IKLANNYA KACAU BGT SKRG, SETIAP PLAY MUSIC AD IKLAN BGSFD",1
lagu nya keren-keren banget👍,5
bagus!,5
bagus semuaa musik ada Good,5
lagunya bagus,5
Bagus tapi untuk podcast horror tolong dikurangin kak :),4
ngelag,3
iklan terus,1
bagus,5
bagus bangat coo🔥🔥🔥🔥🔥,5
bagus,5
"terlalu banyak iklan,satu lagu 2×iklan",1
sejauh ini ok..,4
makin lama makin banyak iklannya. maksa banget beli premium. dulu maklumin lah ada iklan cuma sekali lewat. sekarang lagu kelar langsung dihantam 3 iklan yg g bisa di skip.,2
bagus Banget...Paket Murmer But Hasil Juara,5
good,5
tambah pembayaran melalui via dana minn,4
"Udah pewe beud sbnernya pake spotify, hmm.. kok 70% lagu dari listku hilang yaaa 😏 Apa skrg ada maksimumnya utk lagu didalam list lagu? Ato cuma ngebug, sayang banget lagu²nya dah ku kumpulin malah hilang, udah sampe logout trus login lg 🙄 Tolong bnerin lg dong ckckckk",3
mau memperpanjang premium malah gbs bayar lewat gopay itu knp ya?,1
bagus sekali,5
ggod,5
bagus,5
enak buat santai dan menikmati tanpa kuota besar,5
keren,4
ga bisa beli premium aneh,1
baik,5
aplikasi yg keren,5
"sangat menyenangkan dan membuat hari2 ku lebih Adem menemani kerja ,dan juga sangat mudah untuk mendapatkan lagu musik yang kita inginkan walaupun handphone nya kita simpan di tas dll",5
👍,5
benar-benar menghibur,5
bagus banget tapi tidak ada lagu upin ipin (cita-cita ku),5
tingkat kan lagi udah bagus,4
mantap,5
mantab membantu sekali,5
lagu nya semua ada dan ada jedag jedugnya,5
baguss bgtt,5
bagus sekali saya suka banget,5
mantap,5
sukak bngttt,5
"iklan aja terus mengganggu banget,",1
bagus lagu nya enak,5
ga bisa di pake,1
app musik terbaik,5
spotify sekarang gk sama yang dulu ☹️,1
👍👍👍,5
Sesuai dengan yang di inginkan,5
1 lagu 1 iklan,1
Nice kalo lagi galau,5
seru,5
karena bagus dgn lagu dan apk ny,5
keren,5
Bagus dan memuaskan.,5
menghibur dan mendidik,5
Bagus,5
fitur download nya kadang gk ke download terus kalo langganan abis harus download ulang semua sampe 10gb karna aku punya daftar lagu disukai banyak,1
Iklan yg terlalu banyak,1
mantap,5
😊,5
"bagus aja,fitur kebanyakan premium,iklan nya ga ada yang lain asik premium mulu,milih lagu aja premium jirr,iklan buanyak bgt jir muak bet lagi sad muncul iklan horor,yahhh intinya bagus,asal jangan kikir kikir amatlah spotify 😡😡😡💔",4
mantap asik bngt,5
bagus kali sihhhh seruh intinya,5
ok,5
spotify keren,5
¿Serius nih penggunaan free dikasih kuota terbatas kalo mau ngeplay lagu?,1
mantap,5
"bikin kita bisa liat siapa aja yng nyimpen playlist kita,premiumnya dibikin mahal juga gapapa, tetep gua beli hehe",5
applikasi nya jelek pas mau masuk gk bisa bisa kesel banget😡 aku sempet banting hp karna gk bisa bisa tolong dong gimana,1
sangat sempurna,5
aplikasi gk jelas,1
"harus premium, ga bisa milih lagu🤧",4
"Spotify sangat baguss,tetapi banyak iklannn",5
tiada dua,5
bagus banget 😘😘😘😘😁😁😁😁😁😁😁,5
lagunya pada bagus-bagus lagii.,5
"aplikasinya keren tapi, sekarang semua harus premium bruh",3
"ehh, bagus sih bagus. tapi ini iklan nya banyak banget woii, muak bgt💔 aku ketika denger iklan di Spotify: sybauu💔💔",1
"jangan download ini apk ngelag uda gitu keluar""ran",1
bagus banget tapi iklan nya bisa sampe 1 menit,4
Bagus sekali,5
"bagus,GK ngelag di hp yang ram 2 kyk aku padahal banyak game juga.intinya cocok banget di hp yang ram 2 keatas dan ada lirik lagunya,apalagi podcast nya.cocok banget sam aku yang suka nonton podcast",5
sangat bagus,5
apalah gua mau stel musik masa harus premium dulu kon,1
"Terlalu banyak iklan nya,iklan ny smpek 4 jdi kurang suka",1
bagus banget,5
"enak di denger,lagunya lengkap dan asik banget",5
"biasany meskipun ada iklan ttp bisa nyetel beberapa lagu sebelum iklan itu, tapi skarang 1 lagu 1 iklan😭",3
good,5
aplikasi apa ini!!!!!! kok baguss bangettttt......,5
enak enak lagunya apalagi buat sad pas maen game mlbb,5
"BAGUS BANGET GILA,bisa banget buat kalian yang kalau belajar harus dengerin musik soalnya ini aplikasi bagus bangett buat belajar atau kalian yang lagi GALAU ygyg",5
musik di acak pun harus premium amjirlah,1
bagus dan jelas,5
lagunya enak bgt cocok buat santai main game tidur juga enak walaupun ad iklan sebentar tapi dibayar dengan kualitas lagu yang sangat enak di dengar,5
"Spotify sangat bagus, kita dpt memilih music apa saja yg kita mw",5
enak buat di dengar,5
lagu enak,5
"koleksi lagunya lengkap banget, Best!!",5
kerennn,5
ini sangat aman dan ter awasi sekali terima kasih 🤸🤸🤸🤸🤸🤸🤸🤸🤸🤸🤸🤸🤸🤸🤸🤸🤸💏👩‍❤️‍💋‍👨👩‍❤️‍💋‍👨💏👨‍❤️‍💋‍👨👨‍❤️‍💋‍👨💏👩‍❤️‍💋‍👨👨‍❤️‍💋‍👨💏👨‍❤️‍💋‍👨💏👩‍❤️‍💋‍👨👨‍❤️‍💋‍👨👩‍❤️‍💋‍👨👩‍❤️‍💋‍👨💏👨‍❤️‍💋‍👨👩‍❤️‍💋‍👨💏👨‍❤️‍💋‍👨💏,5
mantab aplikasi fitur dan menu nya,5
waktu mau dengar lagu be your Idol masa ngelag malah ke golden padahal kan saya pencet yang be your Idol 😒,3
setiap mau nyetel musik langsung muncul iklan . poke poke,2
bagus karena bisa buat main game,5
suka ada BUG ga terkonek dgn internet jadi lagu2 nya ga bisa di play.,1
dikit dikit iklan,3
good apk👍,5
iklan teros anjing😡,1
"OMG ini aplikasi musik paling THE BESSTTT kalo stress tinggal nyetel lagu, lagunya juga lengkap buangett💃",5
kbnyakan iklan...tiap gnti lagu pasti iklan,3
bagus,5
lu mau jual lagu apa jual iklan,1
sangat mantap kualitas sportify,5
sangat menarik,5
mantap,5
sangat puas ♡♡♡,5
aplikasi yg asik,5
sangat cocok untuk mendengar kan musik,5
sangat bagus tapi knp harus premium,5
top,5
good,5
apalah gak bisa milih lagu,1
untuk sekarang 4 aja soalnya macet macet +ngeleg ditunggu pembaruannya ya,4
mantap banget Apk ini,5
setiap mau pilih lagu atau beralih lagu detik detik ada iklan tolong di perbaiki sebab ini meresahkan 🙏,4
gk bagus aplikasinya 🤮🤮🤮🤮,1
sangat membanttu🥰,5
oke banget lah!,5
memudahkan seseorang mendengar kan berbagai musik,5
"suka sekali sama spotify,tapi iklan nya dikurangi ya jadi 1 iklan aja, iklan nya kadang sampe 3🙂",4
terlalu banyak iklan dan setiap ganti lagu pasti iklan,1
mantap,5
"harusnya menampilkan semua lirik di setiap lagu min, tapi udah cukup banget dengan ini, terimakasih spotify udah mewarnai hari hari yang tanpa warna ini.",5
aku menyukainya,5
iklan horor di buang aja g jelas bgt,3
apk musik yg Sangat bagus tuk menemani waktu waktu anda,5
terima kasih,5
"enak banget dengernyaa,aplikasi ini bagus pantas dikasih 5 bintang",5
bagus bet lagu² nya,5
keren,5
kbnykan dengerin iklan,1
lebih mudah mencari musik kesukaan,5
Bagudd,5
Bagus banget aku suka pokonyaa bagus lahh,5
Music player that I used often until today,5
rekomen bangettt,5
suka ngebug,1
"makasih ya spotify, aku pilih genre a, yang diputar genre yg lain trus, mantap aplikasi pelatih kesabaran",1
good,5
menghibur bgt,5
oke banget,5
good,4
aplikasi ini sangat bagus saat lagii sad atau lagi joging,5
Tolong kembalikan fitur buat masukin lagu yg sama ke playlist lewat hp seperti sebelumnya karena ga semua punya PC or laptop.,3
ok banget,5
mantap. tapi banyak iklan 😌,5
🩷🩷🩷,5
denger lagunya enak,4
aplikasi nya bagus lagunya enak enak lagi,5
bagus,5
aplikasi musik yg sangat keren dan luar biasa.... mantul mantap betul,5
ngak asik banget ta1k 1 musik satu iklan juga sekarang 🤬,1
Mantap,5
iklan🤮,1
apk kikir jir,2
mantap,5
mohon pihak Spotify iklan nya tolong di cepetin terus suara music nya pun gaa besar dan sernih,3
kbnyakan iklan,1
mantap cari lagu semudah yg di inginkan,5
"aplikasinya bagus tapi karena aku kasih bintang 4 ini tuh karena banyak iklan nya jadi tolong banget dikurangin iklan ny ""udh sih itu doang terina kasih",4
apa coba pencet music keluar iklan pencet music keluar iklan mending kek dulu 3/4 lagu baru iklan,1
iklan nya kurang banyak anjengg,1
saya suka kualitas audionya..👍👍👍,5
kebanyakan iklan,5
lumayan buat dengerin musik,4
bintang 5 karna saya penikmat music,5
"kenapa tiap masuk apk layar semuanya gelap? mau masuk ke pengaturan juga sulit ngefreez..pdhl jaringan oke² aja, buka apk lainnya lancar² aja malah..ini mode offline dan posisi jaringan masih aktif pdhl, dan emang biasanya gak biasa aja gak sampai layar item tiba²",3
kalian harus coba dengerin lagu slank sama oasis bro,5
Tolong bisa offled gk usah bayar pasti bantak ta suka,4
sangat bagus,5
tidak bagus bayar lagi 🤣🤣,1
dulu gaada yang namanya premium,1
mudah digunakan kerenn,5
karna enakk di dengerin dah bikin oranggg tidorrr,5
Sejauh ini bisa menikmati musik² di spotify👍,5
Premium lebih oke,5
bagus banget,3
aplikasi sangat bagus tapi mohon iklan nya di kurangi,5
bagus bangetttt,5
"terlalu memaksa untuk mengunakan Spotify yang premium,dan kalau malam ada batas untuk dengarkan lagu,jika ingin mendengarkan lagu harus tunggu besok hari",1
ini kok mau di premiumkan kok selalu ga bisa selalu eror,5
👍🏻,5
setiap mau ganti lagu tapi nggak sampe selesai pasti selalu iklan bikin kesel dan Spotify mohon di hilangkan lah iklannya,1
"lagu nya patah """,1
"iklan Nya Ngebrutal Banget.. lebih kikir dari yt, 1 lagu 1 iklan, kadang iklan nya ampe double.. ngak guna asli, tamak kuota",1
mines nya iklan tapi nggak banya sihh,4
karena spotify enak di dengarkan,5
lagunya lengkap dan juga ada bas nya,5
kebanyakan iklan,1
mines banget mau premium tapi gak bisa bayar pakai e-Walet haduhh,1
aku suka spotify karena ada banyak lagu yang ada dan bebas pilih yang mana namun aku kurang suka kalo ada iklan yang agak mengangu tapi yah gak papa sih yang penting tidak terlalu mengangu sih,5
mantap,5
makin lama makin kikir.masak milih lagu doabg harus premium,1
harus premium,1
"aplikasi buat dengerin musik atau dengerin iklan? (ga tau heran aj iklannya makin banyak, pernah Ampe 6 kali berturut-turut, trs musik, trs iklan lgi, maksudnya kan tdi iklannya aj udh 6 kali bjir🥀 jdi makin tak mood la)",2
"bagusss bangett,sukaa😍",5
sangat baik,5
Bagus sekali! tapi sayangnya harus bayar premium untuk mendengar lagunya,3
👎,1
bagusss lagunya banyakkkkkkkkkkk🤍🫶🏻🫶🏻,5
enak buat nge galau,5
sangat tidak rekomen masa 1 lagu 1 iklan ga ngotakkk gua kasih bintang 5 biar yang lain bisa liat,5
keren,5
oke,5
sangat br guna di saat santai,5
mudah untuk mencari musik,5
bagus sih tapi kok ada iklan nya itu loh bikin ganggu aja semoga kedepannya ga ada yaa,4
bagus,5
bagus tapi ada yang tidak bagus,3
"apk nya bagus,tapi iklanya di kurangin jangan sebelum lagu iklan setelah lagu iklan ganti lagu iklan",4
aplikasi ini cocok untuk mendengarkan musik ketika tidur dan belajar,5
Keren..,5
good,5
makin hari makin kikir spam iklan terus,1
ily Spotify,5
banyak banget iklan nya ga suka mohon di kurangi iklan nya itu sangat mengganggu,2
"Tolong Dev, edit playlist dipermudah ibu jari serasa mau patah setiap ngedit lagu playlist. terimakasih",5
kbnyakan iklan bgt dh skrg,4
"buat spotify,tolong ijinin sekolah sy yaitu smpn 33 jakarta selatan,biar saya bisa beli paket student",5
banyak iklan,1
iklannya merusak suasana,2
banyak iklan,4
bagus banget,4
BAGUSSS BANGETTTTTTT,5
aku kasih rating 5 karena Spotify aku mood jelek hilang,5
lagunya g bisa diputar diulang terus kalo mau harus beli premium sama ada iklan terus,3
banyak iklan,2
i don't like,1
bagus banget suara nya jernih buat nyetel lagu japan kesukaan 🫶🏻,5
Aplikasinya pelit banget,1
mantap bagus sekali,5
kita bisa cari lagu yg kita suka di spotify,5
kenapa di Spotify gak ada lagu ada aku jkt48,4
"enakk bgtt buat dengerin musik tapi sayang ada iklan nya, jangan adaa iklan dong walau bukan premium(saran)tapi untuk aplikasi bestt untuk dengerin musik....",4
sangat bagus,5
sangat kecewa iklan terus baru putar 1 lagu udah iklan lagi gitu terus selang seling,1
"kenapa aku kasih bintang 1 karna kebanyakan iklan ya tau sih aku ga masang premium ya tapi jangan kurang ajar lah masa iklan ada yang ampe 5 kali dan ada yang 3 kali, kalo di tinggal makan juga kelar",1
BAGUSSSSSSSSSS,5
mantap,5
"bagus sih cuman sering agak lelet kadang juga sering terputar sendiri padahal gak mencet, kadang gak sesuai urutan,kalau boleh iklannya dikasih ilang aja biar gk nggu dgr musik, klau blh up versi terbaru yg bisa memutar sesuai urutan, bisa mengulang kembali lagu dan bisa mencari lagu yang sesuai sama liriknya kadang aku cri lg gk sesuai sma liriknya jdi gk ktmu jdulny apa terakhir tlg jgn ngebug srg ngebug ps Putar lgu",4
bagus,5
mantap,5
emang harus ya? ada di kasih batas gitu pakai anda sudah memutar musik ini sudah 1 jam saya padahal baru seberapa menit memutar musik kenapa Anda harus saya membeli premium!? pls gratis itunya ku mohon yng premium nya iklan sama nge download musik dan yang ada di fitur premium itu aja jangan pakai batas dan harus bayar baru sepuasnya nonton musim nya kumohon pls..........,1
"kebanyaka ikan mau denger 1 lagu aja ada 3 iklan, tapi yaudah namanya juga engga premium",3
"aplikasi PAOK, orang putar musik yang ini malah di putar yang laen gerot memang ini paok",1
"BAGUSS BANGET LAGUNYA BANYAK DAN GRATIS,MAKANYA AKU KASIH BINTANG 5❤️❤️❤️😚😚",5
iklanya terlalu banyak.,1
seru,5
mantap,5
ok gais kira2 ada gk ya lagu kusakiti martis mau lock satunya lagi lagu age age argus,5
sangatt baik,5
bagus,5
bgus,5
b aja,5
ga jelas mau nyari lgi tapi terjadi kesalahan Mulu,1
bagus sudah 3 tahun saya menggunakan ini tidak ada problem sama sekali. terimakasih utk spotify,5
g bisa cari lagu setiap kali aku cara lagu tulisannya coba lagi padahal jaringan kenceng,2
balikin premium mingguan nya dongg,3
It's nice to be able to appear above other applications.,5
ini knpa sih selesai dengerin podcast atau lagu knpa gk bisa next lagu atau podcast jika apps di pengambang. masak harus berlangganan dulu baru bisa next lagu atau podcast jika di minimise,5
baik dapat musik,5
👍🏻👍🏻👍🏻👍🏻,5
Daftar nya susa njir,1
sampah,1
apk nya bagus,5
bagus,4
good,5
ok,5
"Overall.. Ini cukup bagus rek, iklan nya udah ga terlalu banyak bagus untuk yang tak punya premium, tapi ya tolongg banget jangan ada iklan serem, lagi denger lagu malem malem eh iklannya bikin takut;-; tapii dah bagus kok, dah segitu aja, dadahhh, This is The Best App for Listen a Music(ू•ᴗ•ू❁)",5
"matul mantap betul lagu"" nya",5
nice,5
"kereennnnn, banyakin free hariannya minnn terimakasih",5
mantap,5
good,5
pengibur yang sangat baik,5
good,5
semenjak ada royalti jadi takut muter musik..,2
sangattt bagusss,5
"joss, promo nya ditunggu",5
tolong turunin lagi harga paket student agar dapat lebih terjangkau untuk mahasiswa,3
bagus sih,3
sering sering promo donggg,5
"iklannya lebih banyak daripada YouTube baru 2 kali play musik ,ada iklan lagi mending satu iklan ini sampai 3 dengan durasi 28 detik yang hampir 1 ½ menit setiap 2 lagu perbaiki lagi ya de... sebelum orang pindah platform",2
lambat susah untuk di gunakan. setiap untuk memutar lagu butuh waktu hampir 5 menit untuk di play,1
"enak pas jadi agit nyetel lagu ""temanku semua pada jahat tante""",5
bagus!!,5
aplikasi sampah yang isinya 90% iklan,1
mantap 🗿👍👍👍👍,5
mantapp,5
banyak kali iklannya,1
"semuaa lagu fav ku ada disinii😩, senengg bgtt bisa dengerin sambil ngegamee",5
kenapa ya akhir akhir ini sering stuck di iklan minta tolong perbaiki,2
ok pisan,5
good,4
musik yang ada di sportify ini membantu ku menanggani kegalauan yang sangat mendalam dan membuat mood saya sangat bagus,5
lebih baik dari sebelumnya,5
asyik banget,5
is the best,5
bagus banget,5
kalau masuk gak bisa masuk lagi,3
aplikasi ini sangat'bguss🥰,5
"lumayan lah ,lagu. semua ada apalagi pas lagi nyantai dengerin lagu",4
enak buat kt y sk musik,5
Puas,5
bikin nostal gia cuyyy,5
bagus,5
1 lagu 3 iklan.sudah di instal ulang tapi masih seperti itu.,2
very guud,5
kebanyakan iklan lebih copot,1
manttapp ini sangat mantap,5
bagus,5
terlalu banyak iklan,1
MANTAP BUAT GALAU,5
mantul,5
tolong perbaiki bug di chromebook,2
Makin kesini makin susah payment e-wallet gagal terus,1
ok banget,5
bagus sihh,3
lagunya sungguh bagus dan saya sangat menyukainya. terima kasih. tetap pertahankan Kualitas dan kuantitas lagu2nya.,5
"aku setia sama Spotify sekalih dan aquh syinta samwa Spotify ❤️,tapi..tlonh kalo bikin iklan jangan terlalu banyak la terus lama gabisa di skip lagie,tapi gitu"" juga aku tetep setia sama Spotify yh... pesanku mau pemakai premium atau gratisan,hapus aja iklannya biar enak🤗",4
sangat bagus saya bisa dengar kan lagi vaforit saya,5
mantul,5
bagus sesuai expectasi,5
sangattt baik,5
suara yang bagus,5
ok,5
keren,5
bagus,5
bagus banget semua lagu ada di Spotify,5
mantaaappp,5
ap penasaran ya wkwkwkw rating ku bintang 5 karena bagus mantap 👍👏👏👍👍👏👌💯,5
"bagus cuman Spotify di hp ku agak lain ,yang punya orang bisa liat lirik dan tetap bisa dengar lagu walaupun buka aplikasi lain tapi di saya tidak bisa",3
"lagunya sudah lengkap tapi tolong, iklannya diperdikit setiap saya mau nyetel musik selalu ada iklan saya padahal sudah tolak pakai premium, tolong sekalian perdikit iklannya",1
enak banget mana gak ada iklan,5
gacor baik GG suara mulus,5
suka bangett tapi kalo mau ganti lagi pasti iklan Mulu,3
sangat luar biasa🤩🤩🤩,5
sangat menghibur,5
sangat menyenangkan mendengarkan musik dengan kualitas tinggi,5
kebanyakan/keseringan iklan,3
gak jelas kagak bisa masuk suruh isi tanggal lahir pas udah malah gak bisa,1
kenapa saya sudah membeli paket premium 2 hari yg lalu dan skrg notifnya masa nya udh habis?,2
terlalu banyak iklan nya,5
bagus 👍👏,5
"Spotify ini sangat bagus. buat kalian yang suka berpergian, biar ga bosen di jalan, cobalah pakai Spotify ini, kalian mencari lagu sesuka kalian, lagu yang kalian cari semuanya ada disini. tunggu apalagi? download Spotify",5
"bagus banget,lagu nya lengkap,dan simpel bangett.",5
"sangat rekomendasi klo mau dengerin music tapi kurang nya itu iklan nya doang si orng lagi nyetel lagu galau tiba-tiba iklan, vibes nya kek aneh ajh🗿",4
bagus,5
apk bego delay nya parah banget,5
"percaya aplikasi ini sangat canggih dan cocok untuk ku, aplikasi ini juga sangat bagus lagu lagu yang saya cari juga pas untuk di dengar👌",5
tolong dong kalo mau dengerin musik ya jangan pakek paket,3
apik,5
sukaaaa,5
oke,5
mau nyoba ahhh,5
terlalu banyak iklan,1
"GUYS DOWNLOAD INI PLEASE, REKOMENN BGT JIRR🥺🥺 ak sbagai engene, kbantu bgt buat dngerin lagu enha smbil nugas 🌹🤗 hp mati lagu ttp kputer, kluar apk ttp kputer pkonya best.. lovyu spotify😘",5
bagus,4
oky my darling,5
"cool, great music",5
banyak iklan hapus aja,1
bagus banget,5
👍👍👍,5
😭,5
"Spotify ,mendengarkan Musik bisa santai .",5
app nya bagus banget sesuai ekpektasi,5
saya sangat suka dengan aplikasi ini,5
bagus,5
nice,5
saya kasih bintang 5 tapi jangan ada iklan sampe 2bulan kalo masih ada iklan lagi saya bakal hapus spotify,5
"bagus bget buat dengerin lgu k-kpop,dan lain' pkonya bgus deh tpi iklan nya di krangin yA",5
HINDIA JUGA A?,5
lagu 1x iklan 10x muak,1
kereeen,5
"aplikasi nya sudah bagus ,tapi tolong kenapa saat saya membuka koleksi atau memutar musik loading nya sangat lama padahal sinyal saya bagus",5
aplikasi nya bagus banget tapi kalo belum premium bakalan iklan terus jadi aku kasih bintang 4 aja dulu hehehe,4
LOVW BGT,5
keren,5
Bagus,5
👍👍👍👍👍,5
"iklan terlalu over, masa 1 lagu 3 iklan parah, sama playlist tidak sesuai, sangat jelek tidak relavan",1
suka banget,5
best best best 🫵,5
gg spotify,5
iklan nya muncul terus,1
good luck Spotify,5
makin ke sini makin bagus,5
enak banget banget 100%!!!,5
kereeeen,5
lagu yang sangat indah bagus,5
bagus,5
bagus banget tapi banyak iklan,4
bagus,5
aplikasi terbaik,1
gk bisa pake nomor yang sama setelah mengulang nya,1
mantap,5
iklan terooos.,1
gud,5
sangat baik,5
"sangat mudah bagus, lagu/musik lengkap",5
"kadang ada lagu yg kita gak tau malah ada sendiri padahal gk di favorit in malah ada sendiri muncul sendiri, ngerti gak sih, dan lagu yg kita favorit in kadang ilang sendiri kesel bgt kek gitu udah cape cape cari lagu malah hilang sendiri kesel bgt",1
"Iklannya busett, ampe 5 biji🤦🏻‍♂️",2
terlalu sering mendapatkan iklan. dh gitu iklan nya lama lg,1
mantab lagu2 nya keren habis,5
bagus,5
sangat bagus,5
Aplikasinya dan suara lagu2 nya enak didenger nya,5
sangat bagus.,5
keren,5
luar biasa bgus,5
apa apa di premium in,1
bagus 💯,5
"kasih bintang 1 dulu karena byk lagu yg blm ada liriknya, masa lagu baru ga langsung update liriknya, sedangkan aplikasi lain langsung ada dan lagu² yg ga terkenalpun ada liriknya",1
gak bisa download offline harus premiun gak cocok karena aq miskin,1
apk bnyak iklan kata mama ku ini pelit,1
keren,5
"udh milih lagu perhari di batesin, skrng tiap kelar 1 lagu bakal ada iklan:v",1
bagus koleksi lengkap,4
boikot,1
"aplikasi terkikir, pncet lagu dikit lngsung iklan tidak untuk direkomendasikan",1
aplikasi bagus. mudah di gunakan,5
cocok buat hidup gue,5
sangat bagus,5
"bintang 1 lah, apaan iklan smpai 3 wkwkw lawak",1
Menyenangkan khusus musik,5
"spotify sy tidak ada iklan karna sy sudah membeli premium, tapi kalau mau mengakses fitur lain tetap disuruh bayar premium lagi.",1
terlalu banyak iklan,1
keren,5
senang sekali,5
nice beut,5
pelit bet njir iklannya ampe kena 5 dalam 1 lagu 🫩🫩,1
mantapp top top markotobbb,5
spotify sangat bagus,5
1 lagu 5 iklan 😹,1
Iklan terlalu sering muncul,3
sangat bgus,5
good jobb,5
aplikasi yang kren buat dengar musik 👍👍,5
terlalu banyak iklan,1
mantap,5
sangat bagus,5
"Makin lama digunain, aplikasi nya makin banyak iklan, setiap 2 kali lagu ganti iklan, iklan ga ngotak mendinv kalk sekali ini 2-3 kali, abis 2 menit buat iklan doang . Banyak juga lirik yg ga bisa dimuat, kacaw",1
"Overall bagus, cuma lama kelamaan bikin iklan ga ngotak, lagi dengar lagu slow tiba2 iklan ada suara petir bikin orang kaget aja, iklannya juga malah tambah dibanyakin lagi, biasanya cuma 1 (30 detik) sekarang jadi 2 (60 detik)",4
kok mode offline nnya harus prime gak asik lahh gw bakal ketindihan pula nii tolong laaaa,3
Suara bagus jernih..,5
setidaknya spotify tampil dalam bentuk discography album yang beraturan.,5
"saya suka sama aplikasi musik ini, dia kalau keluar aplikasi, musiknya gak berhenti,dan msih mutar mantap ni aplikasi",5
baik dan bgs apk nya....,5
tolong di perbaiki ya soalnya saya mau ganti lagu harus premium dulu mohon di perbaiki ya 🙏🙏,4
bagus,5
Mantap...,5
ok,5
sukaa bgtt samaa ap inii,5
sagat bagus dengrin musik nya,5
udah kuupdate liriknya ga keluar kenapa,4
seru banget sih ini,5
ga bagus,5
semuaaa fiturrrr nyaaa bagusss loveee youuu sptifyyyy 🤍🤍🤍,5
gacor,5
Tolong untuk widget nya di perbaiki soalnya widget si saya eror tidak mau menampilkan gambar,5
"Aplikasi bagus banget tapi... Makin kemari makin rame iklannya, 3 lagu 4iklan... kadamg baru 2 lagu udah iklan ampe 3. next bakal 1 lagu 10 iklan? iklan sih wajar utk free tp ga sebanyak itu juga",3
Sangat kikir ada limit mengganti lagu 👎,1
"Belakangan ini ketika musik yang sedang di putar sudah selesai, dan berpindah ke musik lain itu kan ada jeda iklan, tetapi iklan nya kenapa tidak terputar? kayak ngestuck gitu, jadi harus keluar terus masuk lagi ke aplikasi nya. Tolong segera di perbaiki.",3
"bagus sihh tapi beberapa lagu pop yang gaada teks lirik nya,kurang itu aja",5
sangat seru dan menarik,5
bagus,5
lirik nya kadang belum sempurna,4
mantap pokok nya,5
"mendengar lagu disini sangat enak untuk waktu yang tenang itu membuat nyaman saya ,dan mungkin orang yang mendengar lagu karena lagu bisa meringankan beban sedikit",5
mendukung dunia untuk hancur,1
baguss banget pokoknya😍😍,5
sangat baikk,5
"Spotify sy gbs di buka, gajelas bgt. padahal sering update memo ga penuh. Gmna sih.",3
"makin banyak iklan, bisa sampe 2 menit",2
fav🤍,5
aplikasi pembantu mood🔥,5
"Bagus, bahkan pada saat kita memutar lagu dan mematikan handphone lagu itu masih nyala, semua lagu ada disini, dan gratis ada juga yang premium bayar, tapi yang gratis aja udah bagus apalagi premium, dan walaupun jika ada iklan itu hanya sebentar.",5
👉😠👈,5
aplikasi sangat bagus,5
puass,5
karna ada ikelan nya,4
kurangin iklan nya,4
bagus sih tapi kalau dimatiin kata aku sih harus tetap ada lagunya,5
bagus,5
"GABISA TAMBAHIN LAGU KE PLAYLIST YG PAKE LINK, KLO PLAYLIST SENDIRI BISA, PADAHAL INI MAU BUAT TREND 🙄",1
apk kikir semuanya harus premium 🤬😒,1
sangat seru karna banyak lagu. tapi mohon bisa dikurangi harganya untuk 1 orang. Apakah bisa,5
Bagus aplikasi nya good Joob spotify thanks yaaaaaaaaaaa,5
bagusssss,5
sangat bagus loh,5
bagus,5
"bagus banget, saya kalau lagi ada waktu kosong atau galau biasanya dengerin lagu. nah disini tempatnya, udah lagunya lengkap bagus ok lagi!",5
ini aplikasi sangat cocok untuk mengisi waktu luang dan saat galau. musicnya beragam. cuma yang bikin aku agak malas itu ada iklan terus. semoga bisa di perbaiki LAGI. semangat developer spotify,5
"cukup menarik,",1
suka aplikasinya,5
"sering eror,kadang kalo buat muter lagu nggak mau dan di suruh beli Spotify premium",3
seruuu,5
iya,5
sumpah pas lagi sad tiba tiba muncul iklan premium haha tapi bagus kok,5
good,5
"Spotify itu sangat menyenangkan jika anda ingin memberi tahu saya,saya siap untuk mengetahui tentang (spotify)",4
good,5
"menurut saya aplikasi ini sangat membantu,dengan lagu yang banyak dan lagu yang favorit lagu-lagu bisa didownload",5
enakkkkkk,5
"saya sebagai pecinta music sangat suka dengan Spotify,karena mudah dan tidak ribet buat cari music dan play music favorit,tapi saya ada saran buat developer Spotify buat tambahin batasan buat play music pilihan kita",5
jangan banyak iklan nya meskipun ga premium juga😆😆😆,5
asik buat lagi galau,5
"skrg gbsa muter lagu kalo GK premium, Spotify peler",1
"huaaa padahal bagus, tapi kenapa ya sering banget pas lagi nyalain lagu nya ituu hampir setiap kali kalo ga didalem aplikasinya pasti tiba"" lagunya mati aja gituu, kalo mau nyalain lagi juga harus ngulang kan jatohnya kaya ngebug gitu kali ya?, tolong dong apa ini cuma di HP ku aja ya?",3
mantap,5
pokoe baguss pooolllll,5
bagus bgt ini bisa didengar musik,1
"sangat baguss, saya bisa dengar musik kesukaan saya, minus nya yang nga premium banyak iklan saja sih",5
iklan nya mengganggu banget,1
Poko nya debes ini aplikasi,5
ini aplikasi yang sangat saya sukai ⭐⭐⭐⭐⭐,5
UDAH BAGUS BANGETT cuman saranku tambahin fitur komen di setiap musicnya ka biar lebih keren lagi,5
mwantap banget rekk,5
"Lagi enak enak denger musik tiba tiba lagunya ganti sendiri/iklan, apk ga jelas",1
aplikasi nya bagus 👍,5
saran banget buat yg suka perjalanan jauh tapi mau dengerin musik sambil layan hp nya di matiin,5
Aneh banget tiba-tiba suka keluar sendiri dan mati sendiri harap di perbaiki BUG nya,1
mantap,5
Allahuakbar sekali iklan langsung 3😭,2
mudah d gunakan iklannya d kurangi,5
MANTAPPP,5
baguss bangett,5
"stuck iklan terus, tidak bisa memutar lagu. segera perbaiki bug ini!",1
"bgus sih, tpi kek bru aja putar lagu di playlist langsung ke putar lagu dri Shuffle pintar, itu ngeselin nya udh level max yal",4
enak sekali,5
cari lagunya gampang,5
bagus,5
sayang nya yg ga prem ga bisa liat lirik,4
kurang oke,1
udah bagus tapi maaf jadi gabisa milih² lagu sendiri ternyata di batasi dan kalau mau pilih² sendiri harus premium,4
bagusss sklii,5
untuk update selanjutnya tolong di tambahkan fitur untuk mempercepat lagu dan juga memperlambatnya.,5
Aplikasii nya bagus bgt sii,5
"Terlalu banyak iklan yang mengharuskan premium, boleh aja asal setelah 5 atau 4 lagu baru iklan lah ini baru satu dah iklan lagi, mana banyak banget premiumnya",4
"daftar lagu anisong-nya (seperti Precure, Pretty rythm, Pripara, Prichan dan lain2) masih belum lengkap.",3
bagusss bangett♥️,5
murahhhhhh lengkap... duka sama ai shufflenya,5
wow,5
BAGUSSS BANGETTT AKU BISA DENGERIN LAGUUU FAV AKUUUU!!!! 👌👌👌👍👍👍,5
"bagus aplikasinya tapi pliss beri lah kebebasan bagi kita yg gratisan, oke lah yg gratis dikasih iklan gpp tapi jangan lah kau batas2in lagunya, masa kita harus tunggu bsk buat dengerin lagu",3
terlalu banyak iklannnn!!!,1
"gatau, bagus aja",5
lagunya asik sekarang juga bisa liat lirik musik enk didengerinnya dan lagu nya complete semua kecuali pas playlistnya nyalain musik keganti musik lain yg gk ad di playlist kita,5
mantap,5
cocok untuk musikan,5
aplikasi ini sangat bagus,5
seruuu cuma banyak iklan tapi nggak pp tetep suka ❤️,4
"dikit dikit suruh premium,banyak iklan,lumayan cocok buat dengerin lagu",3
"I've been through countless music apps, and this one takes the biscuit. It's rock solid, doesn't guzzle battery, and the tunes are always fresh. Absolutely brilliant for keeping me going during the day.",5
keren banget,5
bagus untuk waktu suntuk,5
terbaik,5
bagus,5
sumpahh seruu banget banyak lagu nya tapi kadang kita cari lagu ini yang keluar ini tapi bagus banget sihh beneran😊😊😊,4
baguss sayangg ku yang bikinn thee bestt sihh mnurut akuuww💗💗💗💗,5
👍🏻👍🏻❤️,5
aku suka Spotify karena banyak lagu dan bisa milih milih lagu suaranya enak jernih bgt,5
mantap,5
baguss polll,5
bagus lah,5
mantap,5
ok bnyk iklan,4
mantap sukses trs spotify,5
akhirnya bisa liat lirik.. soalnya waktu sebelum di update gabisa liat lirik,5
Bagusbanget,5
bagus bisa keluar tapi lagu nya g berhenti,5
cocok buat ngsad,5
mantap,5
lebih mengerti kepada penikmat musik,5
mantep,5
mantap banget,5
saya suka..saya suka ..,5
kece bet dah,5
Mudah sekali,5
Spotify luar biasa aku suka dengan update musicnya terimakasih,5
baguss,4
aku suka,5
Bagus banget aku bisa dengerin lagu yang aku suka,5
aplikasi ini bagus,5
bagus,5
suka bgtt sama lagu lagu nyaa+lengkap lagi lagu laguu nyaa,5
kereen pokoknya..aku suka,5
👌😎,5
saru mines harus premium,5
sangat bagus,5
Baik,5
🎭,5
makin hari makin kikir,1
semoga bagus,5
mantap,5
"Gak bisa login (Error lokasi) Entah kenapa akun saya gak bisa masuk. saya masuk via FB, but ada notif akun kedetek di luar negeri. lah saya lokasi Indo, kenapa luar negeri? saya gak pernah ngatur"" lokasi atau pengaturan apapun sebelumnya di akun saya, tetiba kek gitu. mohon untuk segera di fix. udah di atas 5 tahun itu playlist"" saya, kenangan semua cok!",2
"apa apa harus premium, mahal banget lagi, udah pajak mahal,di tambah pas mau langganan premium juga mahal, hadeh apa apa dimahalin",1
menemukan Lagu baru dan Hal baru,5
👍👍,5
good,5
Wow ini bisa nyari lagu alan walker sama lagu Youtuber indonesia ada lagu sans juga keren dah harus di download,5
"Saat equalizer aplikasi di nyalakan, suara dapat tiba-tiba menjadi tinggi ketika memutar media lain. Hal ini kadang terjadi pada saat iklan hendak muncul sehingga memekakkan telinga. Hal ini tentunya dapat menggangu pendengaran terutama jika menggunakan headset / headphone.",1
tolong jangan kebanyakan iklan Spotify,5
"10/10, eh ngga, 100/100, ngga ngga, 10000/10. spotify i love you, q ngg bsa hdup tmpa spotipai 🥺🥺🥺🤧🤧",5
bagus,5
musik nya begitu inda tapi ada fitur bayar,5
Keamanan data kurang mempuni,5
mantap,5
enakk,5
bagus,5
Makana sana premium,1
Enak sooalnyh ad lagu baon cikdap welll,5
okee,5
"kalau gk niat buat aplikasi, lebih baik hapus sekalian boneka mainan nya",1
bagus,5
aplikasi yang bagus,5
kwalitas suara bagus.,5
kurangi iklan,4
ya lumayan baguss lahh.......,5
sangat menyenangkan karena semua genre lagi ada,5
ya biasa aja😡tapi bagus 🤩🤩🤩🤩🤩 hehe,2
denger musik bagus banget pokoknya 👍🏻👍🏻,4
it's super good i recomended it,5
Bagus banget nyesel kalo gk download,5
aplikasi ini menginprisasikan ku,5
enakkk polllll,4
aplikasi ini sangat berguna untuk mendengarkan lagu/dj,5
seru,5
aku suka aplikasi ini,5
oke,5
iklan gk terlalu bnyk sii tpppp,4
gajelas harus bayar,5
"bagus,enak, walaupun layar di tutup ,masih kedengaran,lagunya banyak",5
"sering ada bug,nambahin lagu ke playlist tapi ga ada di playlist nya,di tambahin lagi ga bisa lagunya tekdeteksi udah ada di playlist, padahal mah ga ada, ga masuk playlist",4
bayak,5
bagus denger nya adem,5
enak semua lagu nya,5
aplikasi ini seru bisa nmenin aku kalo lagi galau,5
bagus bgt,5
makasih,5
i love you Sportify,5
"WOI SEKARANG SPOTIFY MAKIN KIKIR JIR, KADANG PLAY LAGU YANG KITA MAU AJA DISURUH PREMIUM, MENDING PINDAH PREMIUM YT 😜 #SPOTFYKIKIR COKKKK",1
bagus,5
Sangat bagus,5
bagus,5
makin amburadul skrg. download lagu agar bs di dengar ofline skrg hrus premium.payah percuma download apk ni .buat smkin malas saja,2
sangat puas,4
keren bgt,5
Lag,1
wow,5
bagus bisa jalan di latar belakang,4
lagunya lengkap,5
good,5
bagus dan aplikasi bagus bisa di dengarkan🤩🤩👍👍👍🇮🇩🇮🇩,5
m8. 9,1
Sangat bisa terhibur. Disaat sedih dan senang,5
bagus,5
"aplikasi musik yang paling worth(opiniku), walaupun kalo enggak premium ada iklannya, iklannya ga 1 lagu 1 iklan, kaya cuma 4/3 lagu 1 iklan. lagunya banyak yang adaa, tapi kadang ada lagu yang tadinya ada skrg gaada.",5
najis makin banyak iklannn,1
"suka dengerin lagu-lagunya, kualitas audionya bagus. banyak lagu yang bisa ditampilkan teksnya",5
"terlalu banyak iklan, padahal leguler juga pakai kuota gak gratis",1
aku sangat sukaa sekali dengan Spotify!,5
satu kata KIKIR,1
apk nya bagus,5
mantap,5
mantap pokoke maknyos,5
"baguss,tapi kebanyakan premium 🙂🙏",4
"INTINYA,BAGUS TERBANHET BANHET.",5
"Gajelas gajelas, mata duitan atau gmn iklan Ampe 2 - 5 menit, ganti lagu ada Bates, gabisa ubah durasi lagu semua nya aja di Batasin, yang ngotak dong kalo bikin aturan",1
bagus kalo premium,5
suka,4
Spotify nya sangat sangat bagus,5
jelek,1
aplikasinya bagus saya suka,5
musik nya bagus² tapi aura nya gak kerasa mintak tolong lagunya yang kerasa aura galaunya,4
banyak iklannya tapi lagunya seru seru nggak ngebosenin jadi aku beri 3 bintang,3
sangat bagus,5
cool,5
"Komersilnya terlalu sih, fitur shufflenya ga sesuai lagu yang di playlist. Dengerin lagu melo langsung acak ke DJ. ga nyambung",1
coba,4
"kalau bisa lagu yg di sukai bisa di dwonlod ,walaupun belum pindah ke premium",5
ini berguna loh buat dengerin lagu atau musik kesukaan,5
lagu lagunya selalu update,5
"bagus tpi plssss di kurangin iklan iklan spotify nyaaaaaa soalnya waktu itu aku ktmu iklan yg serem , abis itu aku lgi sendirian dirumah,jdi tolong ya dikurangin iklan iklan nya sama durasi iklanya",4
MANTAP!,5
mantap dah pokoknya,5
IKLANMU ELEK,1
mantap,5
APLIKASI NYA SNGAT BAGUS,5
sangat bagus banyak musik yang bisa di dengar,5
OK...,5
asik,5
bagus dan iklan nya jg ga terlalu banyak,5
yey,5
Menurutku aplikasi ini sangat bagus saya dapat mendengarkan lagu di manapun secara offline,5
membantu,5
aplikasi ini saget cocok buat yang suka galou,1
baguss,5
seruuu,5
selalu ada di saat momen paling berharga gw dan bisa nemenin,5
mantap,5
sangat bagus👍👍👍👍👍,5
"bisa denger semua lagu, tapi banyak banget iklanya",4
ganggu,1
saya sangat semangat,5
"gila, makin menjadi jadi iklan nya",1
sumpah bagus banget cok!!! pokok nya kalian harus mendownload nya kalo gak kalian pasti nyesal kalo gak download app ini.,5
👍🏼,5
"Aplikasi KIKIRR! makin lama makin ngelunjak, dulu ngeliat lirik harus ke premium sekarang milih lagu juga harus ke premium, mending kaya youtube yang ngeganggu cuma iklannya yang lainnya kayak fitur ngedowload offline bisa aja",1
bagus,5
"kebanyakan iklan, lagi asik asik ndengerin musik kesukaan, eh malah ada iklan. plus, kenapa sekarang gak bisa unduh musik buat didengerin offline? malah harus beli premium dulu buat dengerin offline, makin kikir sumpah spotify sekarang. padahal dulu gak kayak gini. mau nyocokin ke bagian lagu sekarang juga ga bisa. dahlah 😔",1
Ingin mendownload,5
keren banget 🥰,5
sekarang semua lagu tidak ada lirik tertulis?,1
𝕓𝕒𝕘𝕦𝕤,5
bagus sekali,5
bagus lah,5
bagus bagus lagunya,5
"ngelag bgt nunggu apk lancar dibuka lama bgt, sekarang spotify tambah jelek",1
GABISA BELI PREMIUM????? WHYYYYY I NEEED IT,1
mantap,5
👍,5
bagus,5
Kereeeennnn,5
sangat seru mendengar musik,5
ada beberapa lagu yang tidak ada😡,3
mantap,5
sangat bagus,4
mendengar lagu sangat baik,5
saya sangat menyukai aplikasi ini,5
membuat ku nyaman,5
lagunya bagus tapi ada yang kurang sedikit,5
berharap lebih byk gratisan dan tak berbayar 😁,5
lagu baru 1 iklan udah 3 aja..makin parah aja ini,1
bagus sekali,5
bagus ajah,5
"tolong diperbaiki lagi utk masalah hak cipta. masa ada orang cover lagu terus di lolosin up dispotify tanpa kasih credit penyanyi dan pencipta asli lagunya. si Yuwen orbit itu udah maling hak cipta orang, terus bukan 1x 2x ya spotify ngebiarin orang maling hak cipta upload di platform ini",1
aplikasi nya bagus 👍,5
Mantap,4
andalan di waktu boring,5
Aplikasi termantap untuk dengerin musik,5
pokok nya bagus banget,5
Okeh,5
bagus aplikasi nya dan daftar nya jga mudah,5
bagus skali,5
mantap🫶☺️,5
saatnya menghayal😈,5
pengalaman musik yg sangat baik,5
bisa buat tidur sambil dengerin musik spotify,5
good luck guys 👍🙏,5
lumayan buat hiburan gratis ..mksh,5
good,5
semoga berjaya sportify....,4
enak bgt,5
good pokoknya mah .,5
"sangat menarik,karena penyakitnya menyenangkan",5
sangat bagus,5
mantaf,5
sangat bagus,5
oke,3
kern dan bagus,5
mantap,5
very good,5
keren,5
kebanyakan iklan kalo ga premium babikkk,1
bagus,5
oke,5
spotify sangat bagus bagi saya yang suka menyanyi,5
keren,5
hadiah untuk loyalitas customer adalah menaikkan harga berlangganan. inovasi apa. selama ini kalian jarang inovasi yg terasa langsung ke customer. gak usah alasan kesana kemari. bilang saja kalian mau lebih profit,1
"yaa iklannya sering, ya tapi gak papa lah😁",5
kerenn bgtt,5
mantap,5
mantap pppppppppppp,5
Keren ter keren,5
"kenapa ini, tiba tiba banget error tidak ada suara yang keluar",1
mantaaaaaaap......,5
bagus😁,5
sangat cocok digunakan lagi untuk saat galau,5
gokil si,5
jelek banget,5
saya menyukai nyaa,5
Bagus bangett buat santai sambil denger laguu,5
Spotify Music Emang Bagus 👍,4
aplikasinya bagus dan bisa mendengarkan lagu ke sukaan ku aku kasih bintang lima good✨✨🌟🌟⭐,5
keren,5
mantap,5
sangat berguna karena bisa bikin tenang,5
cocok kalatlagi galau tapi tiba tiba ad iklan premium berapa yaaaaaa,5
ABSOLUTE CINEMA🙌🙌🙌🙌🙌,5
kualitas yang bagus dan lengkap berbagai lagu saya sangat suka,5
ganti lagu aja premium lawak,1
mantap brow,5
keren,5
like this apk,5
baguss bangett,5
bagus banget semua lagu ada di Spotify,5
mantap,5
bagus tapi tolong perbanyak lagu dengan lirik,5
enak buat nyantai musiknya banyak pilihan,5
cinta spotify.,5
lagi dengerin lagu indo tiba² lagu luar negri anj,1
saya menjadi suka karena musik musik yang enak di dengar jadi saya berterima kasih kepada yang membuat aplikasi sporty fife,5
bagus kok,5
mantap,5
gw suka,5
"suka dengerin lagu pake spo kalo misal lagi belajar, olahraga, main atau bikin karya apapun yang bikin kalian sibuk tuh dengerin pake spo aja. walaupun muak banyak iklan podcast karena ga premium, tapi utk kualitas suaranya lumayan hd, ga patah patah, cocok buat nge game sambil dengerin lagu, apalagi pas mode serius. banyak playlist lagu disini yang bikin nambah selera, intinya jangan lupa pake spotify guys! kalo gamau terganggu karena iklan, beli premium ya.",5
"bagus dan menarik,",5
Bagus,5
"masih bingung kenapa sekrang suka mati sendiri lagu nya ? pengaruh dari hp nya kah atau emang server nya ? padahal apl yg lain udah di apus , data on tapi tetep suka mati sendiri musik nya gak nyaman eyy 🥱",2
no coment tidak berkata apa² maaf. top markotop daah,5
bagus banget,5
enak bagi ku yg suka dengerin lagu,5
tenangg,5
"baguss buat tidur, kenapa enak buat tidur karena sebelum tidur mendengar kan lagu tuhh bikin tenang pikiran",5
"Aplikasi spotify bagus untuk mendengarkan lagu2 favorit berbagai genre, tetapi mengapa ketika lagu sedang di setel dan misal pengen di ulangi ke sebagian part itu nggk bisa cuma bisa setel ulang lagu. Cukup, terimakasih.",4
"Bagus banget, Lagu disini lengkap lengkap, Apalagi bisa diputar di berbagai Aplikasi, Jadinya bisa sambil heeling, Misal ya Aku main game kadang sambil setel lagu ini, Biar bisa relax.",5
aplikasi ini cocok untuk mendengarkan musik,5
"Banyak iklannya,tapi bagus sukakkk",5
mantap playlistnya,5
aplikasinya sangat rekomen bangetttt buat dengerin lagunya,5
wow lumayan,5
aplikasi baguss,5
sumua lagu itu enak di dengar nya habis itu lagu nya juga enak di denger walupun ada iklan,5
ok,5
"sangat cocok untuk saya yg suka mendengarkan musik,tapi saya tidak suka iklan",4
bagus,5
Very good,5
apk yang bagus 👍🏻👍🏻,4
aku lagi dengar Sonic anime opening,5
enakk dengerin sambil nge game sambil sadd 😭😭 enak bangettt lagunyaaa,5
enak ya pastinya terus dibuat pakai salon pun juga bisa pokok rekomend sih 🤗👍🏻👏👏🏻,5
lagunya lenkap dan bagus semua sangat bagus,5
sudah ok,5
unisntall ges,1
spotiy sangat membantu saya mendengarkan musik,5
TOP PLAY MUSIC ONLINE NO 1 DUNIA,5
GAPAPPAAA SERUU,5
too much ads!!!!!,1
untuk membuka musik nya sangat mudah,5
mantap sekali,5
lagu nya banyak banget dan asik,5
keren semangatt,5
"cocok didengerin buat makan,main game,joging, nongkrong,liat pemandangan indah,nginget masa old,dan dll sru pokoknya 😎😎😜",5
sangat bgss,5
good👍,5
"lagu 2 , iklannya 3 buset dah. gk mau rugi bgt.",1
mantab,5
ok,5
harus bayar kalo terjangkau mungkin bisa saya ke premium,3
Apk Favorit Iniii,5
bagus. tingkatkan lagi ya. biar makin keren. mantap,5
keren,5
Gilak aplikasi ini mantap banget ttt pokoknya gw kasih bintang lima dah,5
pelajaran lebih lanjut,5
bagus,5
"mantap, bisa diputar dibelakang layar, saran lagu2nya ditambahin lebih komplit lagi ya..",5
Banyak iklan mles bgt alay bgt apa-apa harus premium,1
untuk spotify lain update nanti tolong hilang kan harus menggunakan paket data,5
bagus bangat,2
enakeun dengerin noah apalagi yang judul nya mimpi yang sempurna the`best lah pokok nya,5
sangat suka,5
"akuu suka bangett Spotify tapi entah mengapa aku gak suka kalo ada iklan nya, iklan nya berlebihan,aku mohon kurangi iklan promosi nya 🙏🏻🙏🏻",5
kok ga bisa di download ya padahal sudah bersihin pemyimpanan,3
sangat berguna,4
mantap,5
bagus tapi sayangnya sudah nggak bisa dengarkan lagu sama main game,5
sangat puas dan nyaman mendengarkan lagu yang kita sukai sepanjang saat kita butuh... smga semakin bagus ke depannya...sukses sllu👌👌👌👍👍👍👍,5
"no music no live,",5
"gimana klo lagu""diperbaruhi",5
Musik nya lengkap terimakasih spotify,5
kebanyakan iklan seolah dipaksa beli premium yg kemahalan,3
bagus dan banyak lagu yang tersedia,5
mantep banget lah pokonya,5
good,4
aplikasi yg paling the best adalah Spotify.,5
saya suka banget dengerin musik setiap hari,5
bagus lancar dan nggak lelet,5
Mantaff nih,5
gajelas udh mau beli premium malah gabisa cuma iklan doang bisanya,1
"aplikasi ini sangat bagus, dari mendengarkan lagu semuanya top sekali, jadi jangan ragu untuk download Spotify yaaa",5
ok,5
b○ik○t,1
"kenapa setiap beli premium dengan pulsa selalu ditolak padahal saldonya mencukupi, mohon bantuannya min",3
mkasi bossku,5
"Sudah bannyak file music yang di download, tapi karena kartu sd nya di keluarkan sebentar, di masukin lagi, eh semua lagu yang habis di unduh malah di suruh unduh lagi",1
bagus tapi sering iklan,3
bagus,5
banyak iklan,1
nyaman,5
best eVer,5
Mantap,3
mantap bisa Musikan sepuas nya,5
aplikasi nya enak cuma hrs premium Mulu,5
mantab pkoknya Spotify bukan kaleng kaleng 🤩🤩,5
baguss,5
iklan terlalu lama,4
mantap Bang,5
good,5
suka,5
mantap lengkap,5
lagu nya bagus 2,5
banyak music gratis dan seru,5
"bisa didengarkan tanpa layar harus hidup terus menerus,👍🏻",5
boikot🔥🔥🔥,1
keren,5
mantap,5
Spotify sangat membuat buat hiburan kuning saya,5
bagus,5
males sekarang dengerin lagu..ribet,4
mantap,5
suara yg aku ingin dengar sangat bagus😅,4
"Iklannya terlalu sering muncul, tolong dikurangin, kalo sering muncul iklan gini, saya jadi males pake Spotify",3
ini aplikasi udah simple ga berat lagi buat hp,5
Paham dengan selera laguku..mantaplah AI nya,5
"kalau lama dengerin lagu nya, ga bisa milih lagu jir malah random 🗿",1
bagus,5
good,5
BAGUS,5
apk aneh,1
bagus,5
bisa denger lagu tanpa iklan,5
Apelikasi nya bagus pake hp kentang ta ngelek,5
godd,5
tlg d tambahkan premium gratis,5
bagus,5
💯%💝🇲🇨 love it asli jo fake cinta,5
bagussß,5
apanya bagus minesnya IKLAANNNN mulu lagi dengerin lagu serius tiba-tiba IKLAN,4
aplikasi nya bagus semua musik ada di sini,5
Bagus,5
bagus,1
i like it,5
bagus👍,5
bagus aja sih,5
bagus,5
"bagus banget aplikasinya,enak buat dengar lagu saat belajar atau mau tidur karena bisa ganti lagu sendiri.",4
aplikasinya menarik,4
dapat di terima,4
aplikasinya bagus dan seru,5
"aplikasi nya sangat bagus,apalagi bisa mendengar kan lagu gratis walaupun gk ada kouta👍",5
"bagus banget, lagu fav ku ad di situ",5
ok,4
sangat baik,5
keren,5
baguss bangettttttt,5
aplikasi ini sangat bagus untuk didengar setiap hari😁👍,5
I like this app,5
dikitin iklan yaa udh itu doang,4
karna ada iklan ny,3
masa cuma beberapa lgu doang yang bisa gila lama lama gua hapus juga ni spotify,1
kebanyakan iklan,1
"ini aplikasi nya bagus Spotify nya dan ada 2 yg bikin aku kesal dan tolong diperbaiki yah, nah saat aku install aplikasi Spotify ini aku awalnya senang senang dengar lagunya tapi saat 2 hari atau senja nya aku gk boleh dengerin lagunya lagi dan disuruh premium tapi aku jajanan ku aja sepuluh ribu perhari mana bisa dan aku kesal banget dan aku hapus dan install lagi tapi bisa akhirnya dan esoknya lagi gk bisa dan aku hapus install lagi deh baru bisa tolongg banget gk maksa kok",5
mantap,5
Bagus bisa cari semua lagu lengkap lagi tapi sayang agak mahal untuk ke Spotify premium,5
sangat bagus,5
bagus tapi terlalu banyak iklan gpp sih tetap worth it!,5
ok,5
aplikasi ini sangat cocok untuk saya yang senang mendengarkan musik,5
sangat sangat mantap,5
sangat bagus,5
Sukakk bangett,5
terlalu banyak iklan,1
Saya sangat suka dengan spotify. Awalnya saya kira spotify itu gk rame saat saya mihat kakak saya menyalakan lagu di spotifiy saya langsung syok dengar lagu nya jadi saya kasih bintang 2 alias 5 semoga saat di upload makin tambah seru ya eh audah dulu ya sampai sini saja komen saya asalam'mualaikum w.br. 😊😊🙏🙏🙏🙏,5
bagus bgtt buat denger lagu,5
bagus,5
enakk,5
lumayan.,5
suka iklan TPI baguslah buat denger lagu,4
sangat menarik,5
kenapa pas putar lagu gk ada suara nya folume nya juga udh ku gedein tolong ini gimana ya,1
Promonya menarik. Tersedia variasi metode pembayaran.,5
sangat bagussss,4
mantab,5
baguss ( ˘ ³˘)♥︎,5
"ok sekali,terima kasih",5
bagus premium nya kurang,5
🔥🔥🔥,5
gak muncul apelikasih,1
asiknya,5
INI. BAGUS. BANGER. AKU. KASIH. BINTANG. 5,5
good,5
sangatttt sukaaaaa,5
Keren,5
nice,5
"sekarang gratisan aja cuma di kasih beberapa lagu, dan harus premium, sebelumnya pernah buka lirik saja mesti premium. kikir sekali, apa belum cukup dengan ngasi iklan numpuk pas lagu selesai?",2
"anj sekarang ga nanggung2 iklannya, banyakan iklannya njeng 2 lagu iklannya 3 smpe 4 sndiri bangke2, maksa banget lu njeng buat beli premium ya kalo gua ad duit gtu gapapa ini kerja aja ngga masih sekolah njeng",1
aplikasi gachorr,5
mending di hapus drpd bayar royalty lagi nanti,1
mantaplah aplikasinya buat nonton musik.,5
saya pernah mengunakan yang di tampil kan lagu lagu jamet semua,1
pendengar musik pada sad di mintain royalti,1
fitur' terbaik hanya saja untuk sekarang setiap sudah putar 2 lagu ada saja iklan yang lama sekitar 30detik apalagi ada dua berturut turut itu sangat mengganggu padahal dulu iklan tidak sesering sekarang,1
"bagus,fitur cukup lengkap untuk saya",5
mantap...,5
mantep,5
sangat bagus,4
aplikasi yang sangat baik.,4
bagus sih tapi byk iklan🙏🏻,4
keren dan lengkap lagunya,5
bagus sekali spotify,5
emanggg terbaik sih,5
"iklannya stuck, udah bbrp hari... mau play lagu gak bisa suruh nunggu iklannya slese... lha iklannya aja stuck g jln² suruh nunggu smpe kpn??",1
banyak iklannya,4
Pengalaman Yang Sangat Indah dan Nyaman di Perjalanan sambil mendengarkan lagu- lagu Sholawat di Spotify... Semoga Semakin Sukses dan Lebih baik lagi di Masa Yang Datang..,5
bagus untuk mendengarkan lagu,5
Gila iklannya banyak bangat dan durasi ya panjang sekali,1
"Promonya kok ilang ajg, gw beli Ge belum!",4
bgusss bgtt buat denger laguuu😭,5
bgusss bngttt,5
bagus,5
saran kalau bisa iklan dihapus saja,5
bagusss,5
aplikasi music terbaik,5
bagus dah tapi kurang mahal lagi hehehe bercanda ya,5
nice,5
oke,4
trbaik,5
Bagus,5
mau beli premium unconnection mulu kocak,1
"bgus skli bung, suaranya bikin mood naik, apalagi pas mandi😈 spotify the best memang,tapi iklannya ampe 30 detik co,mana kadang iklannya ad dua lagi,terus juga durasinya 30 detik juga",5
"Susah masuknya padahal sandi sama emai udah bener trus ada opsi ""masuk tanpa sandi"" eh malah gak ada email masuk😴",5
musik nya lengkp,4
bagus bisa Musikan sambil maen,5
mantap,5
Tolong buat Spotify ini kenapa GK bis masuk,1
terbaik,5
sangat ramah untuk pemula yang mencari platform music dan podcast,5
asyik untuk mendengarkan musik,5
